#model_version:v2026.06.15,score_date:2026-07-14T12:03:54Z
cve,epss,percentile
CVE-2022-0001,0.00508,0.39856
CVE-2022-0002,0.00447,0.36018
CVE-2022-0004,0.00268,0.1848
CVE-2022-0005,0.00198,0.09715
CVE-2022-0010,0.00227,0.13376
CVE-2022-0011,0.00663,0.47417
CVE-2022-0012,0.00241,0.15204
CVE-2022-0013,0.0022,0.12427
CVE-2022-0014,0.0025,0.16312
CVE-2022-0015,0.00229,0.13661
CVE-2022-0016,0.00209,0.11098
CVE-2022-0017,0.00276,0.19481
CVE-2022-0018,0.00746,0.50531
CVE-2022-0019,0.00168,0.06361
CVE-2022-0020,0.01711,0.74702
CVE-2022-0021,0.00224,0.12963
CVE-2022-0022,0.00125,0.02603
CVE-2022-0023,0.00704,0.49024
CVE-2022-0024,0.01467,0.70677
CVE-2022-0025,0.00235,0.14339
CVE-2022-0026,0.00218,0.12201
CVE-2022-0027,0.00511,0.40014
CVE-2022-0028,0.02041,0.78912
CVE-2022-0029,0.00208,0.10917
CVE-2022-0030,0.0083,0.53288
CVE-2022-0031,0.0012,0.02179
CVE-2022-0070,0.00374,0.29556
CVE-2022-0071,0.00385,0.30607
CVE-2022-0072,0.00971,0.57829
CVE-2022-0073,0.08663,0.94497
CVE-2022-0074,0.01154,0.63291
CVE-2022-0079,0.00969,0.57776
CVE-2022-0080,0.0141,0.69523
CVE-2022-0083,0.00899,0.55461
CVE-2022-0084,0.01183,0.64145
CVE-2022-0085,0.00953,0.57221
CVE-2022-0086,0.01207,0.64755
CVE-2022-0087,0.02601,0.83553
CVE-2022-0088,0.01994,0.78364
CVE-2022-0090,0.01306,0.67214
CVE-2022-0093,0.00911,0.5585
CVE-2022-0096,0.01361,0.68511
CVE-2022-0097,0.00894,0.55292
CVE-2022-0098,0.00933,0.56571
CVE-2022-0099,0.01184,0.64152
CVE-2022-0100,0.015,0.71296
CVE-2022-0101,0.01413,0.69593
CVE-2022-0102,0.01312,0.67352
CVE-2022-0103,0.01208,0.64811
CVE-2022-0104,0.01344,0.68102
CVE-2022-0105,0.0129,0.66881
CVE-2022-0106,0.01305,0.67197
CVE-2022-0107,0.00941,0.56844
CVE-2022-0108,0.01169,0.63712
CVE-2022-0109,0.01334,0.67848
CVE-2022-0110,0.01082,0.61284
CVE-2022-0111,0.00793,0.52097
CVE-2022-0112,0.01114,0.62198
CVE-2022-0113,0.0086,0.54282
CVE-2022-0114,0.01306,0.67212
CVE-2022-0115,0.01496,0.71214
CVE-2022-0116,0.01168,0.63681
CVE-2022-0117,0.01481,0.70933
CVE-2022-0118,0.01137,0.62812
CVE-2022-0120,0.0075,0.50673
CVE-2022-0121,0.01199,0.6456
CVE-2022-0122,0.00832,0.53371
CVE-2022-0123,0.00421,0.34085
CVE-2022-0124,0.00974,0.57941
CVE-2022-0125,0.00949,0.571
CVE-2022-0128,0.01739,0.75077
CVE-2022-0129,0.0028,0.19924
CVE-2022-0130,0.01613,0.73167
CVE-2022-0131,0.00203,0.10324
CVE-2022-0132,0.00914,0.55947
CVE-2022-0133,0.01213,0.64958
CVE-2022-0134,0.00645,0.46672
CVE-2022-0135,0.0038,0.30135
CVE-2022-0136,0.00828,0.5324
CVE-2022-0137,0.00555,0.42454
CVE-2022-0138,0.00986,0.58313
CVE-2022-0139,0.01227,0.6535
CVE-2022-0140,0.0384,0.88901
CVE-2022-0141,0.00453,0.36433
CVE-2022-0142,0.0269,0.84139
CVE-2022-0143,0.00545,0.41902
CVE-2022-0144,0.00427,0.34548
CVE-2022-0145,0.00671,0.47745
CVE-2022-0147,0.01601,0.7298
CVE-2022-0148,0.01572,0.72541
CVE-2022-0149,0.02337,0.81622
CVE-2022-0150,0.01718,0.74798
CVE-2022-0151,0.01112,0.6216
CVE-2022-0152,0.01141,0.6292
CVE-2022-0153,0.01111,0.6212
CVE-2022-0154,0.00478,0.3799
CVE-2022-0155,0.02426,0.82308
CVE-2022-0156,0.01719,0.7481
CVE-2022-0157,0.01081,0.61238
CVE-2022-0158,0.01709,0.74676
CVE-2022-0159,0.00634,0.46198
CVE-2022-0161,0.00863,0.5435
CVE-2022-0162,0.0067,0.47712
CVE-2022-0163,0.00973,0.57925
CVE-2022-0164,0.00349,0.27064
CVE-2022-0165,0.0428,0.89967
CVE-2022-0166,0.02969,0.85657
CVE-2022-0167,0.00713,0.49382
CVE-2022-0168,0.00261,0.17537
CVE-2022-0169,0.74615,0.99442
CVE-2022-0170,0.00684,0.48273
CVE-2022-0171,0.00288,0.20758
CVE-2022-0172,0.00765,0.51153
CVE-2022-0173,0.01105,0.6198
CVE-2022-0174,0.00851,0.53942
CVE-2022-0175,0.00311,0.23062
CVE-2022-0176,0.00876,0.54796
CVE-2022-0178,0.00664,0.47451
CVE-2022-0179,0.00639,0.46399
CVE-2022-0180,0.00654,0.47032
CVE-2022-0181,0.01277,0.66583
CVE-2022-0182,0.00974,0.57953
CVE-2022-0183,0.00107,0.01365
CVE-2022-0184,0.00342,0.26301
CVE-2022-0185,0.25151,0.97683
CVE-2022-0186,0.00604,0.44785
CVE-2022-0188,0.02315,0.81432
CVE-2022-0189,0.02228,0.80687
CVE-2022-0190,0.01292,0.66915
CVE-2022-0191,0.00562,0.42833
CVE-2022-0192,0.00237,0.14633
CVE-2022-0193,0.00876,0.54797
CVE-2022-0194,0.04409,0.90216
CVE-2022-0196,0.00736,0.50187
CVE-2022-0197,0.0081,0.52654
CVE-2022-0198,0.00739,0.5028
CVE-2022-0199,0.00471,0.37601
CVE-2022-0200,0.006,0.44621
CVE-2022-0201,0.03368,0.87347
CVE-2022-0203,0.01213,0.64957
CVE-2022-0204,0.01808,0.76049
CVE-2022-0205,0.00595,0.44337
CVE-2022-0206,0.01458,0.70482
CVE-2022-0207,0.00186,0.08397
CVE-2022-0208,0.02038,0.7887
CVE-2022-0209,0.00578,0.43607
CVE-2022-0210,0.04362,0.9013
CVE-2022-0211,0.00598,0.44504
CVE-2022-0212,0.02291,0.81222
CVE-2022-0213,0.01242,0.65732
CVE-2022-0214,0.01589,0.72806
CVE-2022-0215,0.0082,0.52986
CVE-2022-0216,0.00405,0.32658
CVE-2022-0217,0.04563,0.90507
CVE-2022-0218,0.70511,0.99314
CVE-2022-0219,0.01059,0.60581
CVE-2022-0220,0.02329,0.81548
CVE-2022-0221,0.00941,0.56822
CVE-2022-0222,0.0057,0.43234
CVE-2022-0223,0.00776,0.51527
CVE-2022-0224,0.01995,0.78382
CVE-2022-0225,0.02731,0.84383
CVE-2022-0226,0.00434,0.35057
CVE-2022-0228,0.05887,0.92364
CVE-2022-0229,0.00543,0.41821
CVE-2022-0230,0.01496,0.71201
CVE-2022-0231,0.00512,0.40056
CVE-2022-0232,0.00856,0.54128
CVE-2022-0233,0.009,0.55487
CVE-2022-0234,0.01752,0.75277
CVE-2022-0235,0.01646,0.73724
CVE-2022-0236,0.04284,0.89974
CVE-2022-0237,0.00453,0.36457
CVE-2022-0238,0.00783,0.51767
CVE-2022-0239,0.01217,0.65063
CVE-2022-0240,0.00963,0.57524
CVE-2022-0242,0.01413,0.69595
CVE-2022-0243,0.00642,0.46544
CVE-2022-0244,0.01659,0.73931
CVE-2022-0245,0.00439,0.35455
CVE-2022-0246,0.03315,0.87148
CVE-2022-0247,0.00081,0.0024
CVE-2022-0248,0.01691,0.74418
CVE-2022-0249,0.0112,0.62396
CVE-2022-0250,0.01513,0.71544
CVE-2022-0251,0.00705,0.49055
CVE-2022-0252,0.00866,0.54485
CVE-2022-0253,0.00813,0.52739
CVE-2022-0254,0.01997,0.78395
CVE-2022-0255,0.01285,0.66783
CVE-2022-0256,0.00642,0.46554
CVE-2022-0257,0.01456,0.70428
CVE-2022-0258,0.01626,0.73394
CVE-2022-0260,0.00664,0.47482
CVE-2022-0261,0.01687,0.74376
CVE-2022-0262,0.0154,0.72004
CVE-2022-0263,0.01115,0.62249
CVE-2022-0264,0.00255,0.16837
CVE-2022-0265,0.02792,0.84773
CVE-2022-0266,0.01086,0.6139
CVE-2022-0267,0.01255,0.66049
CVE-2022-0268,0.01416,0.69655
CVE-2022-0269,0.00531,0.41138
CVE-2022-0270,0.0088,0.5489
CVE-2022-0271,0.02254,0.80902
CVE-2022-0272,0.01417,0.69667
CVE-2022-0273,0.0067,0.47722
CVE-2022-0274,0.00573,0.43368
CVE-2022-0277,0.01121,0.62408
CVE-2022-0278,0.00728,0.49901
CVE-2022-0279,0.00494,0.39003
CVE-2022-0280,0.00325,0.24559
CVE-2022-0281,0.1201,0.95652
CVE-2022-0282,0.01555,0.72285
CVE-2022-0283,0.00739,0.50291
CVE-2022-0284,0.00552,0.42288
CVE-2022-0285,0.01456,0.70428
CVE-2022-0286,0.00531,0.41169
CVE-2022-0287,0.00766,0.51215
CVE-2022-0288,0.02389,0.82028
CVE-2022-0289,0.28196,0.97886
CVE-2022-0290,0.02038,0.78864
CVE-2022-0291,0.00743,0.50433
CVE-2022-0292,0.00644,0.46636
CVE-2022-0293,0.0075,0.50666
CVE-2022-0294,0.00743,0.50433
CVE-2022-0295,0.0075,0.50666
CVE-2022-0296,0.0075,0.50665
CVE-2022-0297,0.0075,0.50667
CVE-2022-0298,0.0075,0.50666
CVE-2022-0300,0.0075,0.50668
CVE-2022-0301,0.00454,0.36479
CVE-2022-0302,0.00527,0.40942
CVE-2022-0304,0.0075,0.50668
CVE-2022-0305,0.00626,0.45828
CVE-2022-0306,0.85352,0.99692
CVE-2022-0307,0.0075,0.50667
CVE-2022-0308,0.0075,0.50665
CVE-2022-0309,0.00582,0.4381
CVE-2022-0310,0.00809,0.52638
CVE-2022-0311,0.00877,0.54815
CVE-2022-0313,0.00471,0.37601
CVE-2022-0314,0.00788,0.51949
CVE-2022-0315,0.00922,0.56188
CVE-2022-0316,0.02084,0.79379
CVE-2022-0317,0.00096,0.00869
CVE-2022-0318,0.02086,0.79395
CVE-2022-0319,0.0144,0.70096
CVE-2022-0320,0.01989,0.78313
CVE-2022-0321,0.00783,0.51764
CVE-2022-0322,0.00292,0.21091
CVE-2022-0323,0.00691,0.48549
CVE-2022-0324,0.01108,0.62053
CVE-2022-0326,0.0081,0.52646
CVE-2022-0327,0.00783,0.51764
CVE-2022-0328,0.00464,0.37149
CVE-2022-0330,0.00379,0.30058
CVE-2022-0331,0.01447,0.7025
CVE-2022-0332,0.44918,0.98634
CVE-2022-0333,0.00572,0.43351
CVE-2022-0334,0.00732,0.50084
CVE-2022-0335,0.00607,0.44928
CVE-2022-0336,0.01301,0.67129
CVE-2022-0337,0.01266,0.66344
CVE-2022-0338,0.00758,0.50919
CVE-2022-0339,0.00954,0.57253
CVE-2022-0341,0.00464,0.37135
CVE-2022-0342,0.84839,0.99684
CVE-2022-0343,0.00088,0.00492
CVE-2022-0344,0.01074,0.61042
CVE-2022-0345,0.00423,0.342
CVE-2022-0346,0.02205,0.80495
CVE-2022-0347,0.00788,0.5195
CVE-2022-0348,0.00619,0.45505
CVE-2022-0349,0.34359,0.98222
CVE-2022-0350,0.00538,0.41568
CVE-2022-0351,0.00609,0.45011
CVE-2022-0352,0.00853,0.54039
CVE-2022-0353,0.00205,0.10563
CVE-2022-0354,0.00237,0.14683
CVE-2022-0355,0.02024,0.78734
CVE-2022-0357,0.00188,0.08532
CVE-2022-0358,0.00332,0.25304
CVE-2022-0359,0.01339,0.67995
CVE-2022-0360,0.00637,0.46309
CVE-2022-0361,0.01566,0.72438
CVE-2022-0362,0.01439,0.70092
CVE-2022-0363,0.00339,0.25975
CVE-2022-0364,0.69552,0.99284
CVE-2022-0365,0.02182,0.8028
CVE-2022-0366,0.0099,0.58434
CVE-2022-0367,0.00432,0.34854
CVE-2022-0368,0.01521,0.71658
CVE-2022-0369,0.02298,0.81293
CVE-2022-0370,0.00766,0.51214
CVE-2022-0371,0.0079,0.52012
CVE-2022-0372,0.00613,0.45198
CVE-2022-0373,0.00933,0.566
CVE-2022-0374,0.00687,0.48422
CVE-2022-0375,0.007,0.48883
CVE-2022-0376,0.00565,0.43001
CVE-2022-0377,0.03205,0.86666
CVE-2022-0378,0.03866,0.88971
CVE-2022-0379,0.00856,0.54134
CVE-2022-0380,0.00866,0.54486
CVE-2022-0381,0.03865,0.88969
CVE-2022-0382,0.00385,0.30663
CVE-2022-0383,0.01445,0.70196
CVE-2022-0384,0.0099,0.58434
CVE-2022-0385,0.01374,0.68821
CVE-2022-0386,0.01154,0.6331
CVE-2022-0387,0.00634,0.46197
CVE-2022-0388,0.00588,0.44074
CVE-2022-0389,0.00588,0.44074
CVE-2022-0390,0.00899,0.55462
CVE-2022-0391,0.08325,0.94293
CVE-2022-0392,0.01514,0.71564
CVE-2022-0393,0.01393,0.69186
CVE-2022-0394,0.00547,0.42018
CVE-2022-0395,0.0064,0.46444
CVE-2022-0396,0.02617,0.83658
CVE-2022-0397,0.00591,0.44187
CVE-2022-0398,0.00309,0.22804
CVE-2022-0399,0.00863,0.54351
CVE-2022-0400,0.01222,0.65194
CVE-2022-0401,0.01623,0.73338
CVE-2022-0402,0.00313,0.23256
CVE-2022-0403,0.01231,0.65462
CVE-2022-0404,0.01036,0.59898
CVE-2022-0405,0.00747,0.50559
CVE-2022-0406,0.00653,0.47003
CVE-2022-0407,0.01161,0.63503
CVE-2022-0408,0.01505,0.71395
CVE-2022-0409,0.00942,0.56877
CVE-2022-0410,0.01297,0.67043
CVE-2022-0411,0.01493,0.71164
CVE-2022-0412,0.73998,0.99423
CVE-2022-0413,0.01395,0.6923
CVE-2022-0414,0.00914,0.55943
CVE-2022-0415,0.65237,0.99164
CVE-2022-0417,0.01541,0.7202
CVE-2022-0418,0.00577,0.43576
CVE-2022-0419,0.00935,0.56627
CVE-2022-0420,0.01461,0.70548
CVE-2022-0421,0.00528,0.40966
CVE-2022-0422,0.0812,0.94175
CVE-2022-0423,0.00591,0.44186
CVE-2022-0424,0.02869,0.85173
CVE-2022-0425,0.00585,0.4391
CVE-2022-0426,0.00742,0.50393
CVE-2022-0427,0.00815,0.52834
CVE-2022-0428,0.00897,0.55415
CVE-2022-0429,0.01378,0.68889
CVE-2022-0430,0.01272,0.66475
CVE-2022-0431,0.00863,0.5435
CVE-2022-0432,0.04465,0.90342
CVE-2022-0433,0.00287,0.20636
CVE-2022-0434,0.14783,0.96287
CVE-2022-0435,0.67994,0.99243
CVE-2022-0436,0.00571,0.43297
CVE-2022-0437,0.15174,0.96361
CVE-2022-0439,0.04184,0.8976
CVE-2022-0440,0.0142,0.69731
CVE-2022-0441,0.84943,0.99686
CVE-2022-0442,0.00644,0.46605
CVE-2022-0443,0.01395,0.69229
CVE-2022-0444,0.00283,0.20195
CVE-2022-0445,0.00523,0.40734
CVE-2022-0446,0.00444,0.35812
CVE-2022-0447,0.00632,0.46065
CVE-2022-0448,0.0632,0.92807
CVE-2022-0449,0.00788,0.51955
CVE-2022-0450,0.00595,0.44338
CVE-2022-0451,0.00998,0.58668
CVE-2022-0452,0.00745,0.5049
CVE-2022-0453,0.00745,0.50491
CVE-2022-0454,0.00869,0.54548
CVE-2022-0455,0.0063,0.45985
CVE-2022-0456,0.0073,0.49988
CVE-2022-0457,0.00745,0.50491
CVE-2022-0458,0.00719,0.49582
CVE-2022-0459,0.00761,0.51033
CVE-2022-0460,0.00745,0.50491
CVE-2022-0461,0.00836,0.53473
CVE-2022-0462,0.00839,0.53571
CVE-2022-0463,0.00685,0.48357
CVE-2022-0464,0.0081,0.52651
CVE-2022-0465,0.0073,0.49987
CVE-2022-0466,0.00577,0.43575
CVE-2022-0467,0.00952,0.57204
CVE-2022-0468,0.007,0.48859
CVE-2022-0469,0.007,0.48859
CVE-2022-0470,0.00953,0.57221
CVE-2022-0471,0.00863,0.54351
CVE-2022-0472,0.00792,0.52078
CVE-2022-0473,0.0051,0.39923
CVE-2022-0474,0.00642,0.46524
CVE-2022-0475,0.0043,0.34718
CVE-2022-0476,0.00989,0.58411
CVE-2022-0477,0.00909,0.55793
CVE-2022-0478,0.01511,0.71504
CVE-2022-0479,0.4408,0.98606
CVE-2022-0480,0.00272,0.19114
CVE-2022-0481,0.00918,0.56066
CVE-2022-0482,0.38133,0.98384
CVE-2022-0483,0.00197,0.0968
CVE-2022-0484,0.00997,0.5864
CVE-2022-0485,0.00788,0.51943
CVE-2022-0486,0.0038,0.30112
CVE-2022-0487,0.00424,0.34317
CVE-2022-0488,0.00682,0.48201
CVE-2022-0489,0.01464,0.70618
CVE-2022-0492,0.05528,0.91897
CVE-2022-0493,0.0136,0.68494
CVE-2022-0494,0.00416,0.33593
CVE-2022-0495,0.00638,0.46342
CVE-2022-0496,0.00441,0.35565
CVE-2022-0497,0.00411,0.33128
CVE-2022-0499,0.00618,0.45467
CVE-2022-0500,0.00346,0.2676
CVE-2022-0501,0.0087,0.54581
CVE-2022-0502,0.00607,0.44944
CVE-2022-0503,0.00788,0.51948
CVE-2022-0504,0.01151,0.63204
CVE-2022-0505,0.00679,0.48074
CVE-2022-0506,0.00631,0.46034
CVE-2022-0507,0.01216,0.65039
CVE-2022-0508,0.00893,0.55276
CVE-2022-0509,0.01438,0.70069
CVE-2022-0510,0.00718,0.49563
CVE-2022-0511,0.00521,0.4064
CVE-2022-0512,0.01782,0.75703
CVE-2022-0513,0.5346,0.98868
CVE-2022-0514,0.00942,0.5685
CVE-2022-0515,0.00422,0.34174
CVE-2022-0516,0.00335,0.25558
CVE-2022-0517,0.00185,0.08297
CVE-2022-0518,0.01005,0.58926
CVE-2022-0519,0.00954,0.57255
CVE-2022-0520,0.01097,0.61755
CVE-2022-0521,0.00958,0.57366
CVE-2022-0522,0.00958,0.57366
CVE-2022-0523,0.01097,0.61755
CVE-2022-0524,0.01567,0.72457
CVE-2022-0525,0.01153,0.63264
CVE-2022-0526,0.00856,0.54161
CVE-2022-0527,0.0085,0.53894
CVE-2022-0528,0.00963,0.57533
CVE-2022-0529,0.02421,0.82266
CVE-2022-0530,0.02108,0.79618
CVE-2022-0531,0.00788,0.51956
CVE-2022-0532,0.00768,0.51273
CVE-2022-0533,0.01857,0.7673
CVE-2022-0534,0.0094,0.56799
CVE-2022-0535,0.01262,0.66244
CVE-2022-0536,0.0126,0.66195
CVE-2022-0537,0.01484,0.70985
CVE-2022-0538,0.03901,0.89059
CVE-2022-0539,0.00635,0.46213
CVE-2022-0540,0.88057,0.99749
CVE-2022-0541,0.01677,0.74195
CVE-2022-0542,0.00788,0.51956
CVE-2022-0543,0.9967,0.99949
CVE-2022-0544,0.01135,0.62761
CVE-2022-0545,0.0112,0.62394
CVE-2022-0546,0.0113,0.62643
CVE-2022-0547,0.03519,0.87867
CVE-2022-0549,0.00906,0.55677
CVE-2022-0550,0.00868,0.54537
CVE-2022-0551,0.00868,0.54537
CVE-2022-0552,0.01131,0.62658
CVE-2022-0553,0.00282,0.20093
CVE-2022-0554,0.01607,0.73091
CVE-2022-0555,0.00283,0.20174
CVE-2022-0556,0.00343,0.26376
CVE-2022-0557,0.51193,0.98808
CVE-2022-0558,0.00903,0.55568
CVE-2022-0559,0.01262,0.66248
CVE-2022-0560,0.01036,0.59884
CVE-2022-0561,0.0125,0.65937
CVE-2022-0562,0.0125,0.65936
CVE-2022-0563,0.0043,0.34761
CVE-2022-0564,0.01378,0.68894
CVE-2022-0565,0.01102,0.61884
CVE-2022-0566,0.00701,0.48922
CVE-2022-0567,0.01001,0.58774
CVE-2022-0569,0.01041,0.60026
CVE-2022-0570,0.01243,0.65749
CVE-2022-0571,0.0132,0.67532
CVE-2022-0572,0.26583,0.97782
CVE-2022-0573,0.01937,0.77734
CVE-2022-0574,0.00804,0.52465
CVE-2022-0575,0.00847,0.5381
CVE-2022-0576,0.00998,0.58683
CVE-2022-0577,0.01243,0.65761
CVE-2022-0578,0.00855,0.54124
CVE-2022-0579,0.01033,0.59827
CVE-2022-0580,0.01167,0.63668
CVE-2022-0581,0.01839,0.76484
CVE-2022-0582,0.02047,0.78973
CVE-2022-0583,0.01839,0.76484
CVE-2022-0585,0.02411,0.82185
CVE-2022-0586,0.0202,0.78676
CVE-2022-0587,0.0102,0.59363
CVE-2022-0588,0.01071,0.60956
CVE-2022-0589,0.00847,0.5381
CVE-2022-0590,0.00588,0.44076
CVE-2022-0591,0.20249,0.97172
CVE-2022-0592,0.10279,0.95156
CVE-2022-0593,0.01419,0.69715
CVE-2022-0594,0.01633,0.73512
CVE-2022-0595,0.13575,0.9602
CVE-2022-0596,0.0062,0.45553
CVE-2022-0597,0.03019,0.85892
CVE-2022-0598,0.00579,0.43632
CVE-2022-0599,0.01713,0.74734
CVE-2022-0600,0.00788,0.51953
CVE-2022-0601,0.00863,0.5435
CVE-2022-0602,0.00708,0.49163
CVE-2022-0603,0.00833,0.53405
CVE-2022-0604,0.00655,0.47108
CVE-2022-0605,0.0058,0.43698
CVE-2022-0606,0.00833,0.53405
CVE-2022-0607,0.00833,0.53405
CVE-2022-0608,0.01118,0.62321
CVE-2022-0609,0.23546,0.97535
CVE-2022-0610,0.00782,0.51734
CVE-2022-0611,0.012,0.64581
CVE-2022-0612,0.00607,0.44943
CVE-2022-0613,0.0158,0.7267
CVE-2022-0614,0.00914,0.55977
CVE-2022-0615,0.00821,0.53004
CVE-2022-0616,0.00429,0.34639
CVE-2022-0617,0.00497,0.39195
CVE-2022-0618,0.01279,0.66635
CVE-2022-0619,0.00788,0.51951
CVE-2022-0620,0.00788,0.51951
CVE-2022-0621,0.00788,0.51951
CVE-2022-0622,0.00988,0.58361
CVE-2022-0623,0.01637,0.73593
CVE-2022-0624,0.00871,0.54613
CVE-2022-0625,0.00773,0.51461
CVE-2022-0626,0.00757,0.50884
CVE-2022-0627,0.00788,0.51955
CVE-2022-0628,0.00853,0.54014
CVE-2022-0629,0.01806,0.76033
CVE-2022-0630,0.00992,0.58476
CVE-2022-0631,0.00922,0.56192
CVE-2022-0632,0.00813,0.52735
CVE-2022-0633,0.0201,0.7858
CVE-2022-0634,0.00341,0.26223
CVE-2022-0635,0.01285,0.66768
CVE-2022-0636,0.00192,0.09073
CVE-2022-0637,0.00426,0.34418
CVE-2022-0638,0.00363,0.28434
CVE-2022-0639,0.01535,0.71925
CVE-2022-0640,0.00853,0.54014
CVE-2022-0641,0.00788,0.51955
CVE-2022-0642,0.00292,0.21051
CVE-2022-0643,0.00788,0.51948
CVE-2022-0645,0.00787,0.51888
CVE-2022-0646,0.00342,0.26329
CVE-2022-0647,0.00788,0.51955
CVE-2022-0648,0.00788,0.51952
CVE-2022-0649,0.00577,0.43578
CVE-2022-0650,0.00724,0.49759
CVE-2022-0651,0.3298,0.98165
CVE-2022-0652,0.00185,0.08317
CVE-2022-0653,0.02703,0.84214
CVE-2022-0654,0.01423,0.69796
CVE-2022-0656,0.07879,0.9403
CVE-2022-0657,0.01722,0.74848
CVE-2022-0658,0.08852,0.946
CVE-2022-0659,0.00588,0.44074
CVE-2022-0660,0.06923,0.93348
CVE-2022-0661,0.40237,0.98471
CVE-2022-0662,0.00577,0.43577
CVE-2022-0663,0.00565,0.43
CVE-2022-0664,0.01714,0.74747
CVE-2022-0665,0.01506,0.71403
CVE-2022-0666,0.44259,0.98613
CVE-2022-0667,0.01285,0.66767
CVE-2022-0668,0.00632,0.46065
CVE-2022-0669,0.00283,0.20264
CVE-2022-0670,0.00935,0.56651
CVE-2022-0671,0.01262,0.66225
CVE-2022-0672,0.00303,0.2221
CVE-2022-0673,0.01021,0.59387
CVE-2022-0674,0.00612,0.4519
CVE-2022-0675,0.00903,0.55589
CVE-2022-0676,0.01178,0.64002
CVE-2022-0677,0.01229,0.6541
CVE-2022-0678,0.02273,0.81048
CVE-2022-0679,0.4783,0.98714
CVE-2022-0680,0.00852,0.53995
CVE-2022-0681,0.00523,0.40734
CVE-2022-0683,0.03193,0.86623
CVE-2022-0684,0.0067,0.47723
CVE-2022-0685,0.01723,0.74855
CVE-2022-0686,0.01827,0.7633
CVE-2022-0687,0.01439,0.70086
CVE-2022-0688,0.00925,0.56294
CVE-2022-0689,0.01049,0.60254
CVE-2022-0690,0.01105,0.61954
CVE-2022-0691,0.0222,0.80621
CVE-2022-0692,0.03378,0.87379
CVE-2022-0693,0.07097,0.93492
CVE-2022-0694,0.01821,0.76243
CVE-2022-0695,0.00941,0.56839
CVE-2022-0696,0.01525,0.7175
CVE-2022-0697,0.00618,0.45464
CVE-2022-0698,0.00681,0.48149
CVE-2022-0699,0.01239,0.65629
CVE-2022-0700,0.00612,0.4519
CVE-2022-0701,0.00588,0.44075
CVE-2022-0702,0.00612,0.4519
CVE-2022-0703,0.00612,0.45189
CVE-2022-0704,0.01277,0.66586
CVE-2022-0705,0.00537,0.41482
CVE-2022-0706,0.0065,0.46913
CVE-2022-0707,0.00469,0.37452
CVE-2022-0708,0.00804,0.52487
CVE-2022-0709,0.01594,0.72875
CVE-2022-0710,0.02379,0.81938
CVE-2022-0711,0.16563,0.96638
CVE-2022-0712,0.00943,0.56895
CVE-2022-0713,0.00967,0.57627
CVE-2022-0714,0.12272,0.95713
CVE-2022-0715,0.05802,0.92257
CVE-2022-0717,0.00906,0.5569
CVE-2022-0718,0.01335,0.67901
CVE-2022-0719,0.009,0.55484
CVE-2022-0720,0.00609,0.4503
CVE-2022-0721,0.01376,0.68847
CVE-2022-0722,0.01112,0.62149
CVE-2022-0723,0.00888,0.55123
CVE-2022-0724,0.01327,0.67681
CVE-2022-0725,0.02413,0.8221
CVE-2022-0726,0.00667,0.47599
CVE-2022-0727,0.00667,0.47598
CVE-2022-0728,0.00588,0.44077
CVE-2022-0729,0.01622,0.73309
CVE-2022-0730,0.03445,0.87621
CVE-2022-0731,0.00996,0.58598
CVE-2022-0732,0.0247,0.82638
CVE-2022-0734,0.0836,0.94312
CVE-2022-0735,0.13227,0.95927
CVE-2022-0736,0.01551,0.72222
CVE-2022-0737,0.00802,0.5241
CVE-2022-0738,0.0083,0.533
CVE-2022-0739,0.37171,0.98342
CVE-2022-0740,0.00969,0.57755
CVE-2022-0741,0.01419,0.69715
CVE-2022-0742,0.04919,0.91108
CVE-2022-0743,0.01343,0.68065
CVE-2022-0745,0.0077,0.51334
CVE-2022-0746,0.00868,0.54536
CVE-2022-0747,0.15254,0.96381
CVE-2022-0748,0.01957,0.77958
CVE-2022-0749,0.01695,0.74473
CVE-2022-0750,0.04336,0.90075
CVE-2022-0751,0.01391,0.69157
CVE-2022-0752,0.00952,0.57214
CVE-2022-0753,0.00821,0.53009
CVE-2022-0754,0.00795,0.5217
CVE-2022-0755,0.0065,0.46908
CVE-2022-0756,0.00609,0.45023
CVE-2022-0757,0.01183,0.64143
CVE-2022-0758,0.0041,0.33099
CVE-2022-0759,0.00905,0.55648
CVE-2022-0760,0.10825,0.95334
CVE-2022-0762,0.00631,0.46054
CVE-2022-0763,0.00613,0.45201
CVE-2022-0764,0.00782,0.51722
CVE-2022-0765,0.03932,0.89167
CVE-2022-0766,0.01284,0.6676
CVE-2022-0767,0.00962,0.57493
CVE-2022-0768,0.01617,0.73229
CVE-2022-0769,0.0854,0.94427
CVE-2022-0770,0.00602,0.4471
CVE-2022-0771,0.01602,0.73001
CVE-2022-0772,0.00613,0.45202
CVE-2022-0773,0.42764,0.98563
CVE-2022-0775,0.00675,0.47907
CVE-2022-0776,0.03679,0.88388
CVE-2022-0777,0.01221,0.65182
CVE-2022-0778,0.70561,0.99315
CVE-2022-0779,0.02233,0.80724
CVE-2022-0780,0.00852,0.53994
CVE-2022-0781,0.12408,0.9574
CVE-2022-0782,0.01722,0.74848
CVE-2022-0783,0.07866,0.94014
CVE-2022-0784,0.10079,0.95093
CVE-2022-0785,0.09103,0.94709
CVE-2022-0786,0.12619,0.95787
CVE-2022-0787,0.08852,0.946
CVE-2022-0788,0.07879,0.94029
CVE-2022-0789,0.01153,0.63259
CVE-2022-0790,0.00918,0.56066
CVE-2022-0791,0.00924,0.56251
CVE-2022-0792,0.0098,0.58118
CVE-2022-0793,0.00737,0.50217
CVE-2022-0794,0.00954,0.5726
CVE-2022-0795,0.00982,0.58172
CVE-2022-0796,0.0101,0.59063
CVE-2022-0797,0.01677,0.742
CVE-2022-0798,0.00664,0.47463
CVE-2022-0799,0.00966,0.57619
CVE-2022-0800,0.00997,0.58634
CVE-2022-0801,0.00545,0.41903
CVE-2022-0802,0.00863,0.54358
CVE-2022-0803,0.0084,0.53598
CVE-2022-0804,0.00863,0.54358
CVE-2022-0805,0.00902,0.55542
CVE-2022-0806,0.00953,0.57227
CVE-2022-0807,0.00868,0.54538
CVE-2022-0808,0.00878,0.54845
CVE-2022-0809,0.01031,0.59734
CVE-2022-0811,0.18561,0.96919
CVE-2022-0812,0.01097,0.61747
CVE-2022-0813,0.01276,0.66563
CVE-2022-0814,0.09495,0.94875
CVE-2022-0815,0.00982,0.58196
CVE-2022-0817,0.11725,0.95584
CVE-2022-0818,0.00852,0.53994
CVE-2022-0819,0.43578,0.98591
CVE-2022-0820,0.00728,0.49912
CVE-2022-0821,0.00728,0.4992
CVE-2022-0822,0.00609,0.45032
CVE-2022-0823,0.00225,0.13171
CVE-2022-0824,0.96977,0.99883
CVE-2022-0825,0.00788,0.51942
CVE-2022-0826,0.09238,0.94766
CVE-2022-0827,0.09047,0.94685
CVE-2022-0828,0.0151,0.7148
CVE-2022-0829,0.01275,0.66557
CVE-2022-0830,0.00534,0.41344
CVE-2022-0831,0.01266,0.66336
CVE-2022-0832,0.6662,0.99203
CVE-2022-0833,0.00487,0.38568
CVE-2022-0834,0.00519,0.40462
CVE-2022-0835,0.00166,0.06125
CVE-2022-0836,0.01779,0.75667
CVE-2022-0837,0.00609,0.4503
CVE-2022-0838,0.01077,0.61118
CVE-2022-0839,0.02921,0.85434
CVE-2022-0840,0.00588,0.44073
CVE-2022-0841,0.02675,0.84043
CVE-2022-0842,0.00743,0.50412
CVE-2022-0843,0.0056,0.42693
CVE-2022-0845,0.00965,0.57582
CVE-2022-0846,0.08785,0.94567
CVE-2022-0847,0.89063,0.99765
CVE-2022-0848,0.35436,0.98264
CVE-2022-0849,0.0065,0.46893
CVE-2022-0850,0.00408,0.32937
CVE-2022-0851,0.00303,0.22223
CVE-2022-0852,0.00355,0.27649
CVE-2022-0853,0.01429,0.69906
CVE-2022-0854,0.00462,0.36992
CVE-2022-0855,0.00973,0.57874
CVE-2022-0856,0.02752,0.84509
CVE-2022-0857,0.00694,0.4868
CVE-2022-0858,0.00781,0.5168
CVE-2022-0859,0.00202,0.10175
CVE-2022-0860,0.02256,0.80916
CVE-2022-0861,0.00443,0.3574
CVE-2022-0862,0.00748,0.50585
CVE-2022-0863,0.22864,0.97469
CVE-2022-0864,0.07355,0.93687
CVE-2022-0865,0.01478,0.70874
CVE-2022-0866,0.00842,0.53651
CVE-2022-0867,0.13256,0.95933
CVE-2022-0868,0.00707,0.4916
CVE-2022-0869,0.0262,0.83679
CVE-2022-0870,0.03422,0.87523
CVE-2022-0871,0.01221,0.65173
CVE-2022-0873,0.00872,0.54667
CVE-2022-0874,0.00577,0.43579
CVE-2022-0875,0.00412,0.33229
CVE-2022-0876,0.00588,0.44076
CVE-2022-0877,0.0077,0.51337
CVE-2022-0878,0.00486,0.38528
CVE-2022-0879,0.01195,0.6446
CVE-2022-0880,0.00732,0.50052
CVE-2022-0881,0.01074,0.61059
CVE-2022-0882,0.00115,0.01854
CVE-2022-0883,0.00222,0.12808
CVE-2022-0884,0.00644,0.46624
CVE-2022-0885,0.09105,0.9471
CVE-2022-0887,0.01265,0.66326
CVE-2022-0888,0.39393,0.9844
CVE-2022-0889,0.00748,0.50604
CVE-2022-0890,0.00814,0.52779
CVE-2022-0891,0.01542,0.72051
CVE-2022-0892,0.00788,0.51949
CVE-2022-0893,0.0079,0.52011
CVE-2022-0894,0.00677,0.47992
CVE-2022-0895,0.01688,0.74382
CVE-2022-0896,0.01388,0.69082
CVE-2022-0897,0.01024,0.59489
CVE-2022-0898,0.00584,0.43863
CVE-2022-0899,0.01072,0.60998
CVE-2022-0900,0.00407,0.32825
CVE-2022-0901,0.03541,0.87932
CVE-2022-0902,0.16362,0.96597
CVE-2022-0903,0.00815,0.5279
CVE-2022-0904,0.00909,0.55815
CVE-2022-0905,0.00833,0.53413
CVE-2022-0906,0.00613,0.45201
CVE-2022-0907,0.0127,0.66436
CVE-2022-0908,0.0125,0.65937
CVE-2022-0909,0.0133,0.67744
CVE-2022-0910,0.00657,0.472
CVE-2022-0911,0.0079,0.52011
CVE-2022-0912,0.00528,0.40972
CVE-2022-0913,0.01401,0.69352
CVE-2022-0914,0.00635,0.46245
CVE-2022-0915,0.00168,0.06479
CVE-2022-0916,0.0042,0.33944
CVE-2022-0918,0.05914,0.92385
CVE-2022-0919,0.01146,0.63054
CVE-2022-0920,0.01431,0.69947
CVE-2022-0921,0.0207,0.79217
CVE-2022-0922,0.00381,0.3018
CVE-2022-0923,0.01004,0.5891
CVE-2022-0924,0.0133,0.67744
CVE-2022-0926,0.00773,0.51427
CVE-2022-0928,0.02389,0.82024
CVE-2022-0929,0.01062,0.60674
CVE-2022-0930,0.00895,0.55351
CVE-2022-0932,0.00994,0.58545
CVE-2022-0934,0.01499,0.71286
CVE-2022-0935,0.01319,0.67504
CVE-2022-0936,0.00646,0.46706
CVE-2022-0937,0.00538,0.41555
CVE-2022-0938,0.00631,0.46042
CVE-2022-0939,0.01042,0.60081
CVE-2022-0940,0.00538,0.41567
CVE-2022-0941,0.0061,0.45053
CVE-2022-0942,0.0074,0.50333
CVE-2022-0943,0.00698,0.48814
CVE-2022-0944,0.08669,0.94501
CVE-2022-0945,0.00797,0.52224
CVE-2022-0946,0.00807,0.52557
CVE-2022-0947,0.00819,0.52941
CVE-2022-0948,0.09999,0.95065
CVE-2022-0949,0.07867,0.94015
CVE-2022-0950,0.00625,0.45784
CVE-2022-0951,0.0087,0.54595
CVE-2022-0952,0.13329,0.95955
CVE-2022-0953,0.03013,0.85862
CVE-2022-0954,0.03197,0.86634
CVE-2022-0955,0.00573,0.43394
CVE-2022-0956,0.00725,0.49774
CVE-2022-0957,0.00754,0.50798
CVE-2022-0958,0.00644,0.46624
CVE-2022-0959,0.00931,0.56485
CVE-2022-0960,0.0084,0.53597
CVE-2022-0961,0.0099,0.58438
CVE-2022-0962,0.00888,0.55123
CVE-2022-0963,0.01877,0.76982
CVE-2022-0964,0.00825,0.53131
CVE-2022-0965,0.00888,0.55123
CVE-2022-0966,0.00533,0.41272
CVE-2022-0967,0.03274,0.86976
CVE-2022-0968,0.03731,0.88555
CVE-2022-0969,0.0073,0.49972
CVE-2022-0970,0.01771,0.75555
CVE-2022-0971,0.01089,0.61465
CVE-2022-0972,0.00674,0.47879
CVE-2022-0973,0.00744,0.5045
CVE-2022-0974,0.00733,0.5012
CVE-2022-0975,0.00733,0.5012
CVE-2022-0976,0.00864,0.54408
CVE-2022-0977,0.00764,0.51142
CVE-2022-0978,0.00735,0.50174
CVE-2022-0979,0.00716,0.49462
CVE-2022-0980,0.00479,0.381
CVE-2022-0981,0.0115,0.63168
CVE-2022-0982,0.01187,0.64236
CVE-2022-0983,0.00898,0.55423
CVE-2022-0984,0.0052,0.40538
CVE-2022-0985,0.0052,0.40537
CVE-2022-0986,0.00855,0.54102
CVE-2022-0987,0.00263,0.17747
CVE-2022-0988,0.00498,0.3923
CVE-2022-0989,0.01211,0.64897
CVE-2022-0990,0.01316,0.67439
CVE-2022-0991,0.00997,0.58631
CVE-2022-0992,0.02842,0.85045
CVE-2022-0993,0.07285,0.93643
CVE-2022-0994,0.0275,0.84498
CVE-2022-0995,0.06197,0.92685
CVE-2022-0996,0.01531,0.71836
CVE-2022-0997,0.00508,0.39817
CVE-2022-0998,0.00362,0.28318
CVE-2022-0999,0.01343,0.68068
CVE-2022-1000,0.01864,0.76822
CVE-2022-1001,0.04782,0.90888
CVE-2022-1002,0.00639,0.46415
CVE-2022-1003,0.00482,0.38291
CVE-2022-1004,0.00601,0.44646
CVE-2022-1005,0.00857,0.54202
CVE-2022-1006,0.01461,0.70548
CVE-2022-1007,0.01618,0.73257
CVE-2022-1008,0.01653,0.73824
CVE-2022-1009,0.00757,0.50881
CVE-2022-1010,0.0064,0.46445
CVE-2022-1011,0.01169,0.63718
CVE-2022-1012,0.02986,0.85741
CVE-2022-1013,0.0677,0.93217
CVE-2022-1014,0.01568,0.72479
CVE-2022-1015,0.01467,0.70678
CVE-2022-1016,0.00416,0.33617
CVE-2022-1018,0.02072,0.79236
CVE-2022-1019,0.00654,0.4706
CVE-2022-1020,0.26586,0.97782
CVE-2022-1021,0.00614,0.45296
CVE-2022-1022,0.0443,0.90261
CVE-2022-1023,0.01461,0.70548
CVE-2022-1025,0.01237,0.65585
CVE-2022-1026,0.15102,0.96342
CVE-2022-1027,0.00588,0.44077
CVE-2022-1028,0.00561,0.42794
CVE-2022-1029,0.00848,0.53843
CVE-2022-1030,0.01466,0.70655
CVE-2022-1031,0.00978,0.58071
CVE-2022-1032,0.01579,0.72656
CVE-2022-1033,0.0091,0.55836
CVE-2022-1034,0.01458,0.70483
CVE-2022-1035,0.00808,0.52596
CVE-2022-1036,0.01207,0.64776
CVE-2022-1037,0.01313,0.67379
CVE-2022-1038,0.00185,0.08249
CVE-2022-1039,0.01172,0.63807
CVE-2022-1040,0.99796,0.99956
CVE-2022-1041,0.00822,0.53058
CVE-2022-1042,0.00771,0.51375
CVE-2022-1043,0.03718,0.8851
CVE-2022-1044,0.00844,0.53709
CVE-2022-1045,0.01561,0.72373
CVE-2022-1046,0.00577,0.43578
CVE-2022-1047,0.00773,0.5146
CVE-2022-1048,0.00236,0.14564
CVE-2022-1049,0.01825,0.76306
CVE-2022-1050,0.00374,0.2958
CVE-2022-1051,0.01248,0.65857
CVE-2022-1052,0.00414,0.33452
CVE-2022-1053,0.01343,0.6807
CVE-2022-1054,0.03764,0.8866
CVE-2022-1055,0.005,0.39332
CVE-2022-1056,0.01093,0.61556
CVE-2022-1057,0.07942,0.94061
CVE-2022-1058,0.53177,0.98857
CVE-2022-1059,0.00567,0.43109
CVE-2022-1061,0.00944,0.56936
CVE-2022-1062,0.00577,0.43578
CVE-2022-1063,0.00588,0.44075
CVE-2022-1064,0.01134,0.62752
CVE-2022-1065,0.02841,0.85039
CVE-2022-1066,0.00651,0.46918
CVE-2022-1067,0.0085,0.53903
CVE-2022-1068,0.00949,0.57097
CVE-2022-1069,0.01324,0.67623
CVE-2022-1070,0.00657,0.47157
CVE-2022-1071,0.00906,0.55679
CVE-2022-1073,0.00775,0.51507
CVE-2022-1074,0.00424,0.3431
CVE-2022-1075,0.00444,0.35817
CVE-2022-1076,0.0054,0.41661
CVE-2022-1077,0.02471,0.82649
CVE-2022-1078,0.0077,0.51326
CVE-2022-1079,0.0054,0.4166
CVE-2022-1080,0.00657,0.47195
CVE-2022-1081,0.00675,0.47928
CVE-2022-1082,0.00912,0.55874
CVE-2022-1083,0.00912,0.55874
CVE-2022-1084,0.00922,0.562
CVE-2022-1085,0.0057,0.43256
CVE-2022-1086,0.00614,0.4529
CVE-2022-1087,0.00921,0.56149
CVE-2022-1088,0.00588,0.44077
CVE-2022-1089,0.00577,0.43579
CVE-2022-1090,0.00588,0.44073
CVE-2022-1091,0.01183,0.64138
CVE-2022-1092,0.00423,0.342
CVE-2022-1093,0.00646,0.46705
CVE-2022-1094,0.00702,0.48981
CVE-2022-1095,0.00565,0.43001
CVE-2022-1096,0.24237,0.97599
CVE-2022-1097,0.00917,0.56046
CVE-2022-1098,0.00235,0.14416
CVE-2022-1099,0.00861,0.54312
CVE-2022-1100,0.00886,0.55042
CVE-2022-1101,0.00995,0.58573
CVE-2022-1102,0.00657,0.47188
CVE-2022-1103,0.15929,0.96517
CVE-2022-1104,0.55784,0.98928
CVE-2022-1105,0.00729,0.49927
CVE-2022-1106,0.01031,0.59714
CVE-2022-1107,0.00253,0.16613
CVE-2022-1108,0.0024,0.15069
CVE-2022-1109,0.00343,0.26407
CVE-2022-1110,0.00196,0.09527
CVE-2022-1111,0.00609,0.45008
CVE-2022-1112,0.00304,0.22266
CVE-2022-1113,0.00565,0.43
CVE-2022-1114,0.01113,0.62192
CVE-2022-1115,0.00553,0.42333
CVE-2022-1116,0.00507,0.39745
CVE-2022-1117,0.00303,0.22173
CVE-2022-1118,0.11654,0.95561
CVE-2022-1119,0.19958,0.9713
CVE-2022-1120,0.00987,0.58356
CVE-2022-1121,0.0104,0.60003
CVE-2022-1122,0.01078,0.61152
CVE-2022-1123,0.01062,0.60679
CVE-2022-1124,0.00813,0.5274
CVE-2022-1125,0.00759,0.50935
CVE-2022-1127,0.0075,0.50649
CVE-2022-1128,0.0059,0.4414
CVE-2022-1129,0.00688,0.48445
CVE-2022-1130,0.00697,0.48761
CVE-2022-1131,0.00745,0.50477
CVE-2022-1132,0.00282,0.20137
CVE-2022-1133,0.00745,0.50477
CVE-2022-1134,0.01613,0.73165
CVE-2022-1135,0.0073,0.49968
CVE-2022-1136,0.0052,0.40578
CVE-2022-1137,0.0054,0.41626
CVE-2022-1138,0.00746,0.50523
CVE-2022-1139,0.00756,0.50863
CVE-2022-1141,0.00701,0.48924
CVE-2022-1142,0.00637,0.4632
CVE-2022-1143,0.00723,0.49716
CVE-2022-1144,0.00573,0.43367
CVE-2022-1145,0.00551,0.42243
CVE-2022-1146,0.00747,0.50576
CVE-2022-1148,0.01129,0.62631
CVE-2022-1152,0.00591,0.44188
CVE-2022-1153,0.02637,0.83794
CVE-2022-1154,0.01462,0.7056
CVE-2022-1155,0.00977,0.58033
CVE-2022-1156,0.00588,0.44076
CVE-2022-1157,0.0062,0.45546
CVE-2022-1158,0.00394,0.31494
CVE-2022-1159,0.03398,0.8745
CVE-2022-1160,0.01267,0.66359
CVE-2022-1161,0.05013,0.91251
CVE-2022-1162,0.76177,0.99479
CVE-2022-1163,0.03506,0.87825
CVE-2022-1164,0.00788,0.51949
CVE-2022-1165,0.01645,0.73707
CVE-2022-1166,0.01528,0.7179
CVE-2022-1167,0.01101,0.61854
CVE-2022-1168,0.01847,0.76596
CVE-2022-1169,0.00853,0.54014
CVE-2022-1170,0.01836,0.76447
CVE-2022-1171,0.00773,0.51462
CVE-2022-1172,0.00741,0.50348
CVE-2022-1173,0.01516,0.71578
CVE-2022-1174,0.01442,0.7014
CVE-2022-1175,0.82003,0.99614
CVE-2022-1176,0.01231,0.65445
CVE-2022-1177,0.00865,0.54411
CVE-2022-1178,0.51613,0.9882
CVE-2022-1179,0.769,0.99496
CVE-2022-1180,0.00592,0.44224
CVE-2022-1181,0.51472,0.98817
CVE-2022-1182,0.01341,0.68022
CVE-2022-1183,0.06394,0.92866
CVE-2022-1184,0.0028,0.19916
CVE-2022-1185,0.01277,0.66584
CVE-2022-1186,0.01103,0.61909
CVE-2022-1187,0.01289,0.66866
CVE-2022-1188,0.01187,0.64233
CVE-2022-1189,0.00693,0.48624
CVE-2022-1190,0.87369,0.99736
CVE-2022-1191,0.0094,0.56806
CVE-2022-1192,0.02953,0.85579
CVE-2022-1193,0.00931,0.56509
CVE-2022-1194,0.00977,0.58055
CVE-2022-1195,0.00229,0.13666
CVE-2022-1196,0.00718,0.49545
CVE-2022-1197,0.00373,0.29403
CVE-2022-1198,0.00413,0.33301
CVE-2022-1199,0.0155,0.72203
CVE-2022-1201,0.00363,0.28494
CVE-2022-1202,0.00988,0.58363
CVE-2022-1203,0.01052,0.60369
CVE-2022-1204,0.00385,0.30612
CVE-2022-1205,0.00355,0.27669
CVE-2022-1206,0.00966,0.57625
CVE-2022-1207,0.00907,0.55728
CVE-2022-1208,0.00872,0.54665
CVE-2022-1209,0.00707,0.49121
CVE-2022-1210,0.01851,0.76652
CVE-2022-1211,0.00891,0.55226
CVE-2022-1212,0.0168,0.74255
CVE-2022-1213,0.00571,0.43286
CVE-2022-1215,0.00364,0.28526
CVE-2022-1216,0.00773,0.5146
CVE-2022-1217,0.00773,0.5146
CVE-2022-1218,0.00757,0.50882
CVE-2022-1219,0.01415,0.69632
CVE-2022-1220,0.00739,0.50306
CVE-2022-1221,0.02002,0.78455
CVE-2022-1222,0.00821,0.53019
CVE-2022-1223,0.01162,0.63537
CVE-2022-1224,0.01015,0.59224
CVE-2022-1225,0.01015,0.59225
CVE-2022-1226,0.00398,0.31944
CVE-2022-1227,0.04238,0.89879
CVE-2022-1228,0.00588,0.44075
CVE-2022-1229,0.00927,0.56343
CVE-2022-1230,0.00356,0.27729
CVE-2022-1231,0.01832,0.76386
CVE-2022-1232,0.16488,0.96621
CVE-2022-1233,0.00787,0.51888
CVE-2022-1234,0.00715,0.49453
CVE-2022-1235,0.00547,0.42042
CVE-2022-1236,0.00535,0.41411
CVE-2022-1237,0.00827,0.53207
CVE-2022-1238,0.00827,0.53206
CVE-2022-1239,0.01413,0.69588
CVE-2022-1240,0.00725,0.49793
CVE-2022-1241,0.00757,0.50881
CVE-2022-1242,0.00228,0.13563
CVE-2022-1243,0.00663,0.47436
CVE-2022-1244,0.008,0.52316
CVE-2022-1245,0.01299,0.67066
CVE-2022-1247,0.00258,0.17197
CVE-2022-1248,0.01332,0.67811
CVE-2022-1249,0.00237,0.14698
CVE-2022-1250,0.00918,0.56078
CVE-2022-1251,0.00345,0.26629
CVE-2022-1252,0.00538,0.41571
CVE-2022-1253,0.0202,0.78679
CVE-2022-1254,0.00772,0.51403
CVE-2022-1255,0.00689,0.48506
CVE-2022-1256,0.0025,0.16233
CVE-2022-1257,0.00622,0.45665
CVE-2022-1258,0.00936,0.56676
CVE-2022-1259,0.01072,0.6098
CVE-2022-1261,0.00619,0.45523
CVE-2022-1262,0.02233,0.80729
CVE-2022-1263,0.00419,0.33918
CVE-2022-1264,0.00818,0.52927
CVE-2022-1265,0.00577,0.43577
CVE-2022-1266,0.00565,0.42998
CVE-2022-1267,0.00831,0.53332
CVE-2022-1268,0.00757,0.50881
CVE-2022-1269,0.00876,0.54789
CVE-2022-1270,0.00439,0.35416
CVE-2022-1271,0.04271,0.89948
CVE-2022-1273,0.01467,0.70684
CVE-2022-1274,0.00692,0.48614
CVE-2022-1275,0.00565,0.42999
CVE-2022-1276,0.01476,0.70831
CVE-2022-1277,0.00675,0.47922
CVE-2022-1278,0.00749,0.50629
CVE-2022-1279,0.00354,0.2755
CVE-2022-1280,0.00275,0.1933
CVE-2022-1281,0.23459,0.97527
CVE-2022-1282,0.00847,0.53809
CVE-2022-1283,0.00668,0.47628
CVE-2022-1284,0.00797,0.52234
CVE-2022-1285,0.01193,0.64405
CVE-2022-1286,0.01109,0.62076
CVE-2022-1287,0.00707,0.49145
CVE-2022-1288,0.00561,0.4274
CVE-2022-1289,0.01137,0.62814
CVE-2022-1290,0.01627,0.73409
CVE-2022-1291,0.00723,0.49707
CVE-2022-1292,0.83223,0.99642
CVE-2022-1293,0.00408,0.32934
CVE-2022-1294,0.00565,0.42998
CVE-2022-1295,0.01271,0.6644
CVE-2022-1296,0.00766,0.51196
CVE-2022-1297,0.00862,0.54314
CVE-2022-1298,0.00565,0.42996
CVE-2022-1299,0.00565,0.42999
CVE-2022-1300,0.01396,0.69231
CVE-2022-1301,0.00552,0.42294
CVE-2022-1302,0.01055,0.60442
CVE-2022-1303,0.00577,0.43576
CVE-2022-1304,0.01382,0.68963
CVE-2022-1305,0.00725,0.49784
CVE-2022-1306,0.00611,0.4511
CVE-2022-1307,0.00611,0.45109
CVE-2022-1308,0.00781,0.51688
CVE-2022-1309,0.00728,0.49911
CVE-2022-1310,0.00898,0.55421
CVE-2022-1311,0.00735,0.50174
CVE-2022-1312,0.0052,0.40558
CVE-2022-1313,0.00733,0.50106
CVE-2022-1314,0.00787,0.51909
CVE-2022-1316,0.00392,0.3136
CVE-2022-1318,0.00096,0.00875
CVE-2022-1319,0.01258,0.6613
CVE-2022-1320,0.00995,0.58577
CVE-2022-1321,0.00566,0.43057
CVE-2022-1322,0.00513,0.40148
CVE-2022-1323,0.00645,0.46668
CVE-2022-1324,0.00511,0.3999
CVE-2022-1325,0.00397,0.31883
CVE-2022-1326,0.00565,0.42995
CVE-2022-1327,0.00565,0.42998
CVE-2022-1328,0.01711,0.74695
CVE-2022-1329,0.92658,0.99815
CVE-2022-1330,0.00812,0.52723
CVE-2022-1331,0.00772,0.51419
CVE-2022-1332,0.00625,0.45784
CVE-2022-1333,0.00706,0.49107
CVE-2022-1334,0.00654,0.47049
CVE-2022-1335,0.00565,0.42997
CVE-2022-1336,0.00565,0.42995
CVE-2022-1337,0.00882,0.54941
CVE-2022-1338,0.00577,0.43577
CVE-2022-1339,0.05455,0.9181
CVE-2022-1340,0.00429,0.34672
CVE-2022-1341,0.01175,0.63878
CVE-2022-1342,0.00378,0.29914
CVE-2022-1343,0.01174,0.63853
CVE-2022-1344,0.01024,0.59497
CVE-2022-1345,0.00982,0.58183
CVE-2022-1346,0.01024,0.59497
CVE-2022-1347,0.01204,0.64679
CVE-2022-1348,0.0149,0.71112
CVE-2022-1349,0.00632,0.46073
CVE-2022-1350,0.00811,0.52685
CVE-2022-1351,0.0079,0.52011
CVE-2022-1352,0.01269,0.66392
CVE-2022-1353,0.00388,0.3101
CVE-2022-1354,0.00532,0.4121
CVE-2022-1355,0.00532,0.41209
CVE-2022-1356,0.00265,0.17958
CVE-2022-1357,0.01664,0.73993
CVE-2022-1358,0.00821,0.53035
CVE-2022-1359,0.00919,0.56109
CVE-2022-1360,0.01756,0.75333
CVE-2022-1361,0.00901,0.55506
CVE-2022-1362,0.00762,0.51058
CVE-2022-1364,0.1372,0.96065
CVE-2022-1365,0.01153,0.6328
CVE-2022-1366,0.19365,0.97033
CVE-2022-1367,0.19365,0.97032
CVE-2022-1368,0.00807,0.52569
CVE-2022-1369,0.01138,0.62853
CVE-2022-1370,0.01138,0.62853
CVE-2022-1371,0.01138,0.62854
CVE-2022-1372,0.01138,0.62852
CVE-2022-1373,0.10229,0.95138
CVE-2022-1374,0.01138,0.62852
CVE-2022-1375,0.01138,0.62852
CVE-2022-1376,0.01138,0.62853
CVE-2022-1377,0.01138,0.62854
CVE-2022-1378,0.19365,0.97032
CVE-2022-1379,0.01547,0.72126
CVE-2022-1380,0.00834,0.53416
CVE-2022-1381,0.03104,0.86249
CVE-2022-1382,0.00681,0.48176
CVE-2022-1383,0.00739,0.50297
CVE-2022-1384,0.00649,0.46851
CVE-2022-1385,0.0083,0.53286
CVE-2022-1386,0.71722,0.9935
CVE-2022-1387,0.00565,0.42995
CVE-2022-1388,0.99956,0.99974
CVE-2022-1389,0.00332,0.2526
CVE-2022-1390,0.21881,0.97365
CVE-2022-1391,0.13791,0.96079
CVE-2022-1392,0.1129,0.95471
CVE-2022-1393,0.0058,0.43683
CVE-2022-1394,0.00995,0.58576
CVE-2022-1395,0.00565,0.42998
CVE-2022-1396,0.00994,0.58544
CVE-2022-1397,0.01115,0.62237
CVE-2022-1398,0.02941,0.85525
CVE-2022-1399,0.00786,0.51872
CVE-2022-1400,0.00681,0.48153
CVE-2022-1401,0.18001,0.96848
CVE-2022-1402,0.00801,0.52347
CVE-2022-1403,0.00801,0.52348
CVE-2022-1404,0.00311,0.23024
CVE-2022-1405,0.0217,0.80175
CVE-2022-1406,0.01108,0.62056
CVE-2022-1407,0.00524,0.40783
CVE-2022-1408,0.00577,0.43576
CVE-2022-1409,0.01467,0.70685
CVE-2022-1410,0.01019,0.59333
CVE-2022-1411,0.00728,0.49898
CVE-2022-1412,0.01394,0.69199
CVE-2022-1413,0.00886,0.55043
CVE-2022-1414,0.00764,0.51122
CVE-2022-1415,0.01044,0.6013
CVE-2022-1416,0.00723,0.49725
CVE-2022-1417,0.00945,0.5695
CVE-2022-1418,0.00386,0.30703
CVE-2022-1419,0.00298,0.21647
CVE-2022-1420,0.01466,0.7066
CVE-2022-1421,0.01244,0.65787
CVE-2022-1422,0.00513,0.40124
CVE-2022-1423,0.01406,0.6946
CVE-2022-1424,0.00513,0.40123
CVE-2022-1425,0.00772,0.51422
CVE-2022-1426,0.00866,0.54468
CVE-2022-1427,0.00446,0.35985
CVE-2022-1428,0.00611,0.45137
CVE-2022-1429,0.63859,0.99128
CVE-2022-1430,0.01303,0.67162
CVE-2022-1431,0.01413,0.69587
CVE-2022-1432,0.01177,0.6394
CVE-2022-1433,0.00806,0.52551
CVE-2022-1434,0.01026,0.59576
CVE-2022-1435,0.00577,0.43577
CVE-2022-1436,0.00773,0.51461
CVE-2022-1437,0.00757,0.50886
CVE-2022-1438,0.0066,0.47306
CVE-2022-1439,0.0327,0.86962
CVE-2022-1440,0.03928,0.89151
CVE-2022-1441,0.00963,0.57532
CVE-2022-1442,0.09699,0.94954
CVE-2022-1444,0.00793,0.52112
CVE-2022-1445,0.00765,0.51188
CVE-2022-1451,0.008,0.52304
CVE-2022-1452,0.00793,0.52098
CVE-2022-1453,0.07053,0.93455
CVE-2022-1455,0.00773,0.51461
CVE-2022-1456,0.00565,0.42996
CVE-2022-1457,0.0074,0.50332
CVE-2022-1458,0.007,0.48876
CVE-2022-1459,0.01043,0.60106
CVE-2022-1460,0.01116,0.62256
CVE-2022-1461,0.00889,0.55131
CVE-2022-1462,0.00334,0.25519
CVE-2022-1463,0.0171,0.7469
CVE-2022-1464,0.00687,0.48436
CVE-2022-1465,0.00833,0.53403
CVE-2022-1466,0.01066,0.60824
CVE-2022-1467,0.00873,0.54701
CVE-2022-1468,0.00795,0.5215
CVE-2022-1469,0.00565,0.42996
CVE-2022-1470,0.00757,0.50882
CVE-2022-1471,0.99615,0.99946
CVE-2022-1472,0.01244,0.65769
CVE-2022-1473,0.02386,0.81993
CVE-2022-1474,0.00796,0.52205
CVE-2022-1475,0.0089,0.5519
CVE-2022-1476,0.47495,0.98705
CVE-2022-1477,0.00895,0.55327
CVE-2022-1478,0.00853,0.53999
CVE-2022-1479,0.00853,0.54
CVE-2022-1481,0.00908,0.55763
CVE-2022-1482,0.00775,0.51519
CVE-2022-1483,0.0105,0.60286
CVE-2022-1484,0.0091,0.55833
CVE-2022-1485,0.00765,0.51171
CVE-2022-1486,0.00786,0.51876
CVE-2022-1487,0.00947,0.57028
CVE-2022-1488,0.005,0.39331
CVE-2022-1489,0.00851,0.53953
CVE-2022-1490,0.00764,0.51145
CVE-2022-1491,0.00749,0.50625
CVE-2022-1492,0.00685,0.48348
CVE-2022-1493,0.0074,0.50325
CVE-2022-1494,0.00689,0.48507
CVE-2022-1495,0.00589,0.44102
CVE-2022-1496,0.0073,0.49996
CVE-2022-1497,0.00445,0.35839
CVE-2022-1498,0.00708,0.49168
CVE-2022-1499,0.00648,0.46809
CVE-2022-1500,0.00643,0.46572
CVE-2022-1501,0.00738,0.50252
CVE-2022-1502,0.00502,0.39447
CVE-2022-1503,0.00649,0.46843
CVE-2022-1504,0.00974,0.57959
CVE-2022-1505,0.01818,0.76206
CVE-2022-1506,0.00571,0.43301
CVE-2022-1507,0.00875,0.54747
CVE-2022-1508,0.00235,0.14398
CVE-2022-1509,0.04459,0.90332
CVE-2022-1510,0.01831,0.76378
CVE-2022-1511,0.00994,0.58544
CVE-2022-1512,0.00662,0.47406
CVE-2022-1513,0.0047,0.37469
CVE-2022-1514,0.00732,0.50082
CVE-2022-1515,0.00669,0.4766
CVE-2022-1516,0.00328,0.24782
CVE-2022-1517,0.01644,0.73705
CVE-2022-1518,0.01506,0.71407
CVE-2022-1519,0.01266,0.6634
CVE-2022-1520,0.00266,0.18047
CVE-2022-1521,0.01031,0.59734
CVE-2022-1522,0.00478,0.3803
CVE-2022-1523,0.00468,0.3739
CVE-2022-1524,0.00292,0.2109
CVE-2022-1525,0.00694,0.48677
CVE-2022-1526,0.00558,0.42607
CVE-2022-1527,0.00815,0.52836
CVE-2022-1528,0.00757,0.50882
CVE-2022-1529,0.17103,0.96722
CVE-2022-1530,0.00622,0.45678
CVE-2022-1531,0.03485,0.8776
CVE-2022-1532,0.00815,0.52835
CVE-2022-1533,0.00395,0.31687
CVE-2022-1534,0.00342,0.26289
CVE-2022-1536,0.00636,0.46281
CVE-2022-1537,0.00299,0.21755
CVE-2022-1538,0.012,0.64587
CVE-2022-1539,0.01213,0.6495
CVE-2022-1540,0.01042,0.60069
CVE-2022-1541,0.00565,0.43002
CVE-2022-1542,0.00565,0.43002
CVE-2022-1543,0.01065,0.60816
CVE-2022-1544,0.0234,0.81643
CVE-2022-1545,0.00765,0.51157
CVE-2022-1546,0.00739,0.50306
CVE-2022-1547,0.00757,0.50884
CVE-2022-1548,0.0056,0.42721
CVE-2022-1549,0.00571,0.43301
CVE-2022-1551,0.00807,0.52579
CVE-2022-1552,0.12403,0.95737
CVE-2022-1553,0.01192,0.64369
CVE-2022-1554,0.01296,0.67
CVE-2022-1555,0.0125,0.65942
CVE-2022-1556,0.2038,0.97186
CVE-2022-1557,0.01096,0.61706
CVE-2022-1558,0.00955,0.57273
CVE-2022-1559,0.00975,0.57994
CVE-2022-1560,0.02226,0.80666
CVE-2022-1561,0.00504,0.39619
CVE-2022-1562,0.00571,0.433
CVE-2022-1563,0.00724,0.49751
CVE-2022-1564,0.00995,0.58576
CVE-2022-1565,0.11344,0.95486
CVE-2022-1566,0.0064,0.46446
CVE-2022-1567,0.01141,0.629
CVE-2022-1568,0.00565,0.43003
CVE-2022-1569,0.00565,0.43002
CVE-2022-1570,0.00406,0.3269
CVE-2022-1571,0.00832,0.53358
CVE-2022-1572,0.00532,0.41226
CVE-2022-1573,0.00412,0.33229
CVE-2022-1574,0.11866,0.95616
CVE-2022-1575,0.02273,0.81049
CVE-2022-1576,0.00502,0.39489
CVE-2022-1577,0.00402,0.32378
CVE-2022-1578,0.00425,0.34363
CVE-2022-1579,0.00664,0.4748
CVE-2022-1580,0.01299,0.67075
CVE-2022-1581,0.0063,0.46017
CVE-2022-1582,0.00757,0.50883
CVE-2022-1583,0.01265,0.66314
CVE-2022-1584,0.00824,0.53109
CVE-2022-1585,0.00916,0.56034
CVE-2022-1586,0.03193,0.86621
CVE-2022-1587,0.02574,0.83378
CVE-2022-1589,0.00578,0.43599
CVE-2022-1590,0.00646,0.46709
CVE-2022-1591,0.00284,0.20314
CVE-2022-1592,0.01095,0.61668
CVE-2022-1593,0.00757,0.50883
CVE-2022-1594,0.00412,0.33233
CVE-2022-1595,0.02621,0.8368
CVE-2022-1596,0.00617,0.45417
CVE-2022-1597,0.0291,0.85378
CVE-2022-1598,0.05076,0.91349
CVE-2022-1599,0.00685,0.48313
CVE-2022-1600,0.00661,0.47358
CVE-2022-1601,0.00582,0.43803
CVE-2022-1602,0.00186,0.08392
CVE-2022-1603,0.00412,0.3323
CVE-2022-1604,0.00815,0.52836
CVE-2022-1605,0.00513,0.40124
CVE-2022-1606,0.00454,0.36533
CVE-2022-1607,0.00215,0.11837
CVE-2022-1608,0.00513,0.40125
CVE-2022-1609,0.64321,0.99141
CVE-2022-1610,0.00513,0.40124
CVE-2022-1611,0.00609,0.45032
CVE-2022-1612,0.00513,0.40122
CVE-2022-1613,0.00589,0.44105
CVE-2022-1614,0.01131,0.62669
CVE-2022-1615,0.00409,0.32949
CVE-2022-1616,0.02645,0.83839
CVE-2022-1617,0.00266,0.18108
CVE-2022-1618,0.00266,0.18108
CVE-2022-1619,0.02481,0.82712
CVE-2022-1620,0.01518,0.71622
CVE-2022-1621,0.02303,0.81328
CVE-2022-1622,0.01684,0.74316
CVE-2022-1623,0.0122,0.65131
CVE-2022-1624,0.00513,0.40122
CVE-2022-1625,0.00367,0.28849
CVE-2022-1626,0.00292,0.21054
CVE-2022-1627,0.00412,0.33232
CVE-2022-1628,0.00495,0.3906
CVE-2022-1629,0.01864,0.76821
CVE-2022-1630,0.00513,0.40122
CVE-2022-1631,0.08958,0.94651
CVE-2022-1632,0.00353,0.27497
CVE-2022-1633,0.00683,0.48241
CVE-2022-1634,0.00676,0.47971
CVE-2022-1635,0.00676,0.4797
CVE-2022-1636,0.00723,0.49711
CVE-2022-1637,0.007,0.48887
CVE-2022-1638,0.00619,0.45524
CVE-2022-1639,0.00735,0.50168
CVE-2022-1640,0.00735,0.50168
CVE-2022-1641,0.00776,0.51546
CVE-2022-1642,0.00608,0.4498
CVE-2022-1643,0.00565,0.42994
CVE-2022-1644,0.00565,0.42997
CVE-2022-1645,0.00565,0.43002
CVE-2022-1646,0.00565,0.42993
CVE-2022-1647,0.00565,0.43001
CVE-2022-1648,0.01067,0.60866
CVE-2022-1649,0.00681,0.48147
CVE-2022-1650,0.01799,0.75934
CVE-2022-1651,0.00251,0.16345
CVE-2022-1652,0.00537,0.415
CVE-2022-1653,0.00412,0.33233
CVE-2022-1654,0.01498,0.71263
CVE-2022-1655,0.00471,0.37537
CVE-2022-1656,0.00513,0.40143
CVE-2022-1657,0.01624,0.73348
CVE-2022-1658,0.00697,0.48762
CVE-2022-1659,0.00819,0.52963
CVE-2022-1660,0.15968,0.96522
CVE-2022-1661,0.1506,0.96335
CVE-2022-1662,0.0021,0.11253
CVE-2022-1663,0.00546,0.41971
CVE-2022-1664,0.02871,0.85181
CVE-2022-1665,0.00265,0.17998
CVE-2022-1666,0.00728,0.49911
CVE-2022-1667,0.01167,0.63654
CVE-2022-1668,0.02039,0.78874
CVE-2022-1669,0.00718,0.49561
CVE-2022-1670,0.00795,0.5216
CVE-2022-1671,0.00304,0.22275
CVE-2022-1672,0.00597,0.44472
CVE-2022-1673,0.00757,0.50883
CVE-2022-1674,0.01508,0.71435
CVE-2022-1677,0.00503,0.39538
CVE-2022-1678,0.02913,0.85395
CVE-2022-1679,0.00813,0.52744
CVE-2022-1680,0.15471,0.96417
CVE-2022-1681,0.01889,0.77134
CVE-2022-1682,0.00724,0.49772
CVE-2022-1683,0.0151,0.71491
CVE-2022-1684,0.00764,0.51125
CVE-2022-1685,0.00951,0.57173
CVE-2022-1686,0.00764,0.51124
CVE-2022-1687,0.00764,0.51124
CVE-2022-1688,0.00764,0.51123
CVE-2022-1689,0.00764,0.51124
CVE-2022-1690,0.00764,0.51124
CVE-2022-1691,0.00951,0.57173
CVE-2022-1692,0.1036,0.95191
CVE-2022-1694,0.00513,0.40122
CVE-2022-1695,0.00412,0.33234
CVE-2022-1697,0.00243,0.1538
CVE-2022-1698,0.01046,0.60195
CVE-2022-1699,0.01046,0.60195
CVE-2022-1700,0.00715,0.49442
CVE-2022-1701,0.04511,0.90414
CVE-2022-1702,0.0862,0.94472
CVE-2022-1703,0.1111,0.95428
CVE-2022-1704,0.00855,0.54109
CVE-2022-1705,0.01113,0.62197
CVE-2022-1706,0.01235,0.65562
CVE-2022-1707,0.90154,0.99783
CVE-2022-1708,0.02827,0.84966
CVE-2022-1709,0.00412,0.33232
CVE-2022-1710,0.00565,0.42994
CVE-2022-1711,0.05727,0.92164
CVE-2022-1712,0.00412,0.33234
CVE-2022-1713,0.09233,0.94763
CVE-2022-1714,0.00428,0.34567
CVE-2022-1715,0.01358,0.68448
CVE-2022-1716,0.00415,0.33567
CVE-2022-1717,0.00565,0.43
CVE-2022-1718,0.01007,0.58981
CVE-2022-1719,0.00703,0.49
CVE-2022-1720,0.02122,0.79744
CVE-2022-1721,0.02197,0.80427
CVE-2022-1722,0.00525,0.40842
CVE-2022-1723,0.01676,0.7418
CVE-2022-1724,0.01693,0.74447
CVE-2022-1725,0.00523,0.40691
CVE-2022-1726,0.00732,0.50087
CVE-2022-1727,0.01391,0.69144
CVE-2022-1728,0.00927,0.56354
CVE-2022-1729,0.0031,0.22966
CVE-2022-1730,0.00592,0.44231
CVE-2022-1731,0.01187,0.64254
CVE-2022-1732,0.00531,0.41136
CVE-2022-1733,0.00606,0.44896
CVE-2022-1734,0.00526,0.40879
CVE-2022-1735,0.01266,0.66348
CVE-2022-1736,0.00725,0.4979
CVE-2022-1737,0.01238,0.65615
CVE-2022-1738,0.00514,0.40206
CVE-2022-1739,0.00136,0.03439
CVE-2022-1740,0.00227,0.13418
CVE-2022-1741,0.00277,0.19613
CVE-2022-1742,0.00277,0.19613
CVE-2022-1743,0.00381,0.30181
CVE-2022-1744,0.00306,0.22455
CVE-2022-1745,0.00287,0.20595
CVE-2022-1746,0.00287,0.20595
CVE-2022-1747,0.00161,0.05655
CVE-2022-1748,0.00852,0.53998
CVE-2022-1749,0.00785,0.51826
CVE-2022-1750,0.00526,0.40867
CVE-2022-1751,0.00395,0.31652
CVE-2022-1752,0.02205,0.80492
CVE-2022-1753,0.00889,0.55139
CVE-2022-1754,0.00999,0.5869
CVE-2022-1755,0.00518,0.4045
CVE-2022-1756,0.01785,0.75747
CVE-2022-1757,0.00331,0.25069
CVE-2022-1758,0.00597,0.44472
CVE-2022-1759,0.00292,0.21054
CVE-2022-1760,0.00285,0.20425
CVE-2022-1761,0.00502,0.39489
CVE-2022-1762,0.01191,0.64354
CVE-2022-1763,0.00292,0.21052
CVE-2022-1764,0.00292,0.21053
CVE-2022-1765,0.00609,0.45032
CVE-2022-1766,0.00586,0.43943
CVE-2022-1767,0.01735,0.75023
CVE-2022-1768,0.12003,0.9565
CVE-2022-1769,0.00373,0.2947
CVE-2022-1770,0.02444,0.82444
CVE-2022-1771,0.01172,0.63798
CVE-2022-1772,0.0071,0.49247
CVE-2022-1773,0.00757,0.50882
CVE-2022-1774,0.01149,0.63149
CVE-2022-1775,0.0214,0.79918
CVE-2022-1776,0.00571,0.43301
CVE-2022-1777,0.01263,0.66251
CVE-2022-1778,0.00413,0.33297
CVE-2022-1779,0.00517,0.40374
CVE-2022-1780,0.00292,0.21052
CVE-2022-1781,0.00292,0.21052
CVE-2022-1782,0.00937,0.56719
CVE-2022-1783,0.00947,0.5703
CVE-2022-1784,0.01723,0.74857
CVE-2022-1785,0.00494,0.39004
CVE-2022-1786,0.01002,0.58842
CVE-2022-1787,0.00292,0.21053
CVE-2022-1788,0.00736,0.50198
CVE-2022-1789,0.00318,0.23815
CVE-2022-1790,0.00513,0.40123
CVE-2022-1791,0.00517,0.40374
CVE-2022-1792,0.00292,0.21053
CVE-2022-1793,0.00412,0.33232
CVE-2022-1794,0.00211,0.11319
CVE-2022-1795,0.00993,0.58532
CVE-2022-1796,0.0111,0.62099
CVE-2022-1797,0.01919,0.77516
CVE-2022-1798,0.00359,0.28064
CVE-2022-1799,0.00258,0.17224
CVE-2022-1800,0.01269,0.66409
CVE-2022-1801,0.01191,0.64353
CVE-2022-1802,0.26709,0.97792
CVE-2022-1803,0.01559,0.72341
CVE-2022-1804,0.00137,0.035
CVE-2022-1805,0.00531,0.41158
CVE-2022-1806,0.00747,0.50578
CVE-2022-1807,0.01003,0.58882
CVE-2022-1808,0.0336,0.87318
CVE-2022-1809,0.00855,0.54116
CVE-2022-1810,0.00786,0.51856
CVE-2022-1811,0.00715,0.49461
CVE-2022-1812,0.30778,0.98034
CVE-2022-1813,0.02664,0.83966
CVE-2022-1814,0.00565,0.43
CVE-2022-1815,0.05704,0.92115
CVE-2022-1816,0.00546,0.41974
CVE-2022-1817,0.00546,0.41973
CVE-2022-1818,0.00292,0.21053
CVE-2022-1819,0.00554,0.42386
CVE-2022-1820,0.01031,0.59727
CVE-2022-1821,0.00816,0.52843
CVE-2022-1822,0.01031,0.59726
CVE-2022-1823,0.00254,0.1675
CVE-2022-1824,0.00348,0.26918
CVE-2022-1825,0.00579,0.43658
CVE-2022-1826,0.00513,0.40123
CVE-2022-1827,0.00513,0.40126
CVE-2022-1828,0.00513,0.40125
CVE-2022-1829,0.00513,0.40125
CVE-2022-1830,0.00393,0.3149
CVE-2022-1831,0.00393,0.3149
CVE-2022-1832,0.00513,0.40124
CVE-2022-1833,0.00806,0.52541
CVE-2022-1834,0.0038,0.30142
CVE-2022-1837,0.01138,0.62858
CVE-2022-1838,0.00909,0.55788
CVE-2022-1839,0.00813,0.52738
CVE-2022-1840,0.00572,0.4335
CVE-2022-1841,0.00497,0.39168
CVE-2022-1842,0.00412,0.33231
CVE-2022-1843,0.00502,0.3949
CVE-2022-1844,0.00412,0.33231
CVE-2022-1845,0.00412,0.33232
CVE-2022-1846,0.00412,0.3323
CVE-2022-1847,0.00412,0.33231
CVE-2022-1848,0.0096,0.57397
CVE-2022-1849,0.00671,0.47758
CVE-2022-1850,0.00953,0.57231
CVE-2022-1851,0.0157,0.72499
CVE-2022-1852,0.00302,0.22037
CVE-2022-1853,0.0088,0.5489
CVE-2022-1854,0.00735,0.50168
CVE-2022-1855,0.0077,0.51325
CVE-2022-1856,0.00498,0.392
CVE-2022-1857,0.0071,0.49251
CVE-2022-1858,0.00676,0.47951
CVE-2022-1859,0.0069,0.48523
CVE-2022-1860,0.00676,0.4797
CVE-2022-1861,0.00676,0.47971
CVE-2022-1862,0.00485,0.38422
CVE-2022-1863,0.00475,0.3784
CVE-2022-1864,0.00475,0.3784
CVE-2022-1865,0.00475,0.37841
CVE-2022-1866,0.00708,0.49185
CVE-2022-1867,0.00719,0.49612
CVE-2022-1868,0.00493,0.38904
CVE-2022-1869,0.0078,0.5166
CVE-2022-1870,0.00506,0.39689
CVE-2022-1871,0.00472,0.37668
CVE-2022-1872,0.00472,0.37668
CVE-2022-1873,0.00763,0.51089
CVE-2022-1874,0.00765,0.51193
CVE-2022-1875,0.00668,0.47624
CVE-2022-1876,0.00603,0.44748
CVE-2022-1881,0.00523,0.4073
CVE-2022-1882,0.00347,0.26778
CVE-2022-1883,0.0642,0.92898
CVE-2022-1884,0.01774,0.75608
CVE-2022-1885,0.00412,0.3323
CVE-2022-1886,0.01315,0.67407
CVE-2022-1887,0.00581,0.4374
CVE-2022-1888,0.0025,0.16304
CVE-2022-1889,0.00565,0.42994
CVE-2022-1890,0.00342,0.26274
CVE-2022-1891,0.00342,0.26275
CVE-2022-1892,0.00342,0.26275
CVE-2022-1893,0.00788,0.51944
CVE-2022-1894,0.00552,0.4229
CVE-2022-1895,0.00412,0.3323
CVE-2022-1896,0.00565,0.42999
CVE-2022-1897,0.01474,0.70803
CVE-2022-1898,0.01406,0.69451
CVE-2022-1899,0.01383,0.6899
CVE-2022-1900,0.00573,0.43384
CVE-2022-1901,0.00455,0.36556
CVE-2022-1902,0.01154,0.63292
CVE-2022-1903,0.0852,0.94412
CVE-2022-1904,0.01421,0.69756
CVE-2022-1905,0.37369,0.98353
CVE-2022-1906,0.00955,0.57276
CVE-2022-1907,0.0066,0.47287
CVE-2022-1908,0.00668,0.4761
CVE-2022-1909,0.00653,0.46992
CVE-2022-1910,0.01347,0.68168
CVE-2022-1911,0.00581,0.43737
CVE-2022-1912,0.00503,0.39518
CVE-2022-1913,0.00412,0.33229
CVE-2022-1914,0.00412,0.33234
CVE-2022-1915,0.00565,0.43003
CVE-2022-1916,0.01872,0.76931
CVE-2022-1918,0.00815,0.5279
CVE-2022-1919,0.01112,0.62164
CVE-2022-1920,0.00465,0.3719
CVE-2022-1921,0.00465,0.3719
CVE-2022-1922,0.00435,0.35139
CVE-2022-1923,0.00409,0.33011
CVE-2022-1924,0.00409,0.33011
CVE-2022-1925,0.00445,0.35864
CVE-2022-1926,0.00919,0.56115
CVE-2022-1927,0.01601,0.72989
CVE-2022-1928,0.00751,0.50702
CVE-2022-1929,0.006,0.44631
CVE-2022-1930,0.0078,0.51653
CVE-2022-1931,0.01953,0.77916
CVE-2022-1932,0.00531,0.41185
CVE-2022-1933,0.01566,0.72439
CVE-2022-1934,0.00398,0.31928
CVE-2022-1935,0.0065,0.469
CVE-2022-1936,0.0065,0.46901
CVE-2022-1937,0.01686,0.74361
CVE-2022-1938,0.00683,0.48267
CVE-2022-1939,0.01436,0.70039
CVE-2022-1940,0.06334,0.9282
CVE-2022-1941,0.01191,0.64327
CVE-2022-1942,0.01559,0.72336
CVE-2022-1943,0.00282,0.20161
CVE-2022-1944,0.00523,0.4072
CVE-2022-1945,0.0057,0.43238
CVE-2022-1946,0.01626,0.73397
CVE-2022-1947,0.01176,0.63926
CVE-2022-1948,0.00879,0.54873
CVE-2022-1949,0.01394,0.69195
CVE-2022-1950,0.04278,0.89962
CVE-2022-1951,0.00734,0.50151
CVE-2022-1952,0.23487,0.97531
CVE-2022-1953,0.01702,0.74562
CVE-2022-1954,0.00969,0.57756
CVE-2022-1955,0.00361,0.28209
CVE-2022-1956,0.00342,0.26264
CVE-2022-1957,0.00412,0.33228
CVE-2022-1958,0.00693,0.48649
CVE-2022-1959,0.00427,0.34478
CVE-2022-1960,0.00412,0.33228
CVE-2022-1961,0.01071,0.60967
CVE-2022-1962,0.00863,0.54358
CVE-2022-1963,0.01292,0.66918
CVE-2022-1964,0.00571,0.43302
CVE-2022-1965,0.01001,0.58765
CVE-2022-1967,0.00502,0.3949
CVE-2022-1968,0.01419,0.69723
CVE-2022-1969,0.00831,0.53317
CVE-2022-1971,0.00565,0.42997
CVE-2022-1973,0.00278,0.19726
CVE-2022-1974,0.00142,0.03876
CVE-2022-1975,0.00228,0.13553
CVE-2022-1976,0.00229,0.13648
CVE-2022-1977,0.01291,0.66888
CVE-2022-1979,0.00586,0.43976
CVE-2022-1980,0.006,0.44609
CVE-2022-1981,0.00738,0.5027
CVE-2022-1982,0.00838,0.53547
CVE-2022-1983,0.0061,0.45074
CVE-2022-1984,0.00174,0.07026
CVE-2022-1985,0.01138,0.62847
CVE-2022-1986,0.04483,0.90368
CVE-2022-1987,0.00782,0.51719
CVE-2022-1988,0.00729,0.49934
CVE-2022-1989,0.00719,0.49598
CVE-2022-1990,0.0064,0.46445
CVE-2022-1991,0.00572,0.43323
CVE-2022-1992,0.02251,0.80875
CVE-2022-1993,0.51136,0.98807
CVE-2022-1994,0.00565,0.42996
CVE-2022-1995,0.00561,0.42794
CVE-2022-1996,0.02737,0.84423
CVE-2022-1997,0.00643,0.46593
CVE-2022-1998,0.00323,0.24335
CVE-2022-1999,0.00606,0.44865
CVE-2022-20001,0.01417,0.69674
CVE-2022-20002,0.00098,0.00955
CVE-2022-20004,0.00204,0.10515
CVE-2022-20005,0.00215,0.11863
CVE-2022-20006,0.00129,0.02911
CVE-2022-20007,0.00204,0.10458
CVE-2022-20008,0.00361,0.28264
CVE-2022-20009,0.00329,0.2493
CVE-2022-20010,0.00256,0.16969
CVE-2022-20011,0.00128,0.02797
CVE-2022-20012,0.00112,0.01619
CVE-2022-20013,0.00082,0.00298
CVE-2022-20014,0.00113,0.01669
CVE-2022-20015,0.00116,0.01872
CVE-2022-20016,0.0009,0.00564
CVE-2022-20017,0.00118,0.02049
CVE-2022-20018,0.00116,0.01873
CVE-2022-20019,0.00114,0.0173
CVE-2022-20020,0.00114,0.0173
CVE-2022-20021,0.00267,0.18383
CVE-2022-20022,0.00267,0.18383
CVE-2022-20023,0.00267,0.18383
CVE-2022-20024,0.00111,0.01571
CVE-2022-20025,0.00146,0.04264
CVE-2022-20026,0.00146,0.04265
CVE-2022-20027,0.00146,0.04266
CVE-2022-20028,0.00146,0.04265
CVE-2022-20029,0.00123,0.02443
CVE-2022-20030,0.00133,0.0317
CVE-2022-20031,0.00118,0.01993
CVE-2022-20032,0.001,0.01048
CVE-2022-20033,0.00123,0.02443
CVE-2022-20034,0.00095,0.00774
CVE-2022-20035,0.00123,0.02443
CVE-2022-20036,0.00118,0.02049
CVE-2022-20037,0.00118,0.02049
CVE-2022-20038,0.00119,0.02136
CVE-2022-20039,0.00119,0.02136
CVE-2022-20040,0.00129,0.02964
CVE-2022-20041,0.00134,0.03268
CVE-2022-20042,0.00122,0.02295
CVE-2022-20043,0.00134,0.03268
CVE-2022-20044,0.00146,0.04265
CVE-2022-20045,0.00146,0.04266
CVE-2022-20046,0.00113,0.01659
CVE-2022-20047,0.00118,0.02019
CVE-2022-20048,0.00118,0.02019
CVE-2022-20049,0.00111,0.01554
CVE-2022-20050,0.00131,0.03055
CVE-2022-20051,0.00101,0.01076
CVE-2022-20052,0.00132,0.03137
CVE-2022-20053,0.00116,0.01891
CVE-2022-20054,0.00214,0.11783
CVE-2022-20055,0.00129,0.0292
CVE-2022-20056,0.0013,0.02973
CVE-2022-20057,0.00123,0.02453
CVE-2022-20058,0.0013,0.02973
CVE-2022-20059,0.0013,0.02973
CVE-2022-20060,0.00134,0.03302
CVE-2022-20062,0.00118,0.01995
CVE-2022-20063,0.00128,0.0286
CVE-2022-20064,0.0012,0.02182
CVE-2022-20065,0.00113,0.01702
CVE-2022-20066,0.00117,0.01969
CVE-2022-20067,0.00113,0.01702
CVE-2022-20068,0.0012,0.02194
CVE-2022-20069,0.00119,0.02134
CVE-2022-20070,0.00111,0.01564
CVE-2022-20071,0.00082,0.00292
CVE-2022-20072,0.00334,0.25426
CVE-2022-20073,0.00169,0.06514
CVE-2022-20074,0.00125,0.02595
CVE-2022-20075,0.0012,0.02182
CVE-2022-20076,0.00111,0.01594
CVE-2022-20077,0.00098,0.00956
CVE-2022-20078,0.00098,0.00956
CVE-2022-20079,0.00109,0.01455
CVE-2022-20080,0.00098,0.00955
CVE-2022-20081,0.00529,0.41022
CVE-2022-20082,0.00083,0.00319
CVE-2022-20083,0.02532,0.83082
CVE-2022-20084,0.00098,0.00929
CVE-2022-20085,0.0012,0.02194
CVE-2022-20087,0.00108,0.01429
CVE-2022-20088,0.00107,0.01404
CVE-2022-20089,0.00106,0.01315
CVE-2022-20090,0.00079,0.00201
CVE-2022-20091,0.00079,0.00201
CVE-2022-20092,0.00105,0.01278
CVE-2022-20093,0.00098,0.0093
CVE-2022-20094,0.00108,0.01429
CVE-2022-20095,0.00108,0.01428
CVE-2022-20096,0.00109,0.01455
CVE-2022-20097,0.00077,0.00154
CVE-2022-20098,0.00125,0.02597
CVE-2022-20099,0.00107,0.01404
CVE-2022-20100,0.00105,0.0126
CVE-2022-20101,0.00125,0.02591
CVE-2022-20102,0.00105,0.0126
CVE-2022-20103,0.00129,0.02958
CVE-2022-20104,0.00105,0.01279
CVE-2022-20105,0.00129,0.02905
CVE-2022-20106,0.00129,0.02905
CVE-2022-20107,0.00116,0.01893
CVE-2022-20108,0.00129,0.02947
CVE-2022-20109,0.00107,0.01403
CVE-2022-20110,0.00078,0.00186
CVE-2022-20111,0.00112,0.01616
CVE-2022-20112,0.00094,0.00729
CVE-2022-20113,0.00164,0.0596
CVE-2022-20114,0.00115,0.01813
CVE-2022-20115,0.00099,0.0097
CVE-2022-20116,0.00113,0.01693
CVE-2022-20117,0.00075,0.00128
CVE-2022-20118,0.00083,0.00306
CVE-2022-20119,0.00104,0.0123
CVE-2022-20120,0.01301,0.6713
CVE-2022-20121,0.00098,0.00953
CVE-2022-20122,0.00355,0.27653
CVE-2022-20123,0.00832,0.5336
CVE-2022-20124,0.00154,0.0497
CVE-2022-20125,0.00129,0.029
CVE-2022-20126,0.00237,0.1461
CVE-2022-20127,0.06663,0.93109
CVE-2022-20129,0.00098,0.00961
CVE-2022-20130,0.0839,0.94333
CVE-2022-20131,0.00832,0.5336
CVE-2022-20132,0.00198,0.09736
CVE-2022-20133,0.00144,0.04064
CVE-2022-20134,0.00113,0.0169
CVE-2022-20135,0.00198,0.09735
CVE-2022-20137,0.00111,0.01543
CVE-2022-20138,0.00209,0.1115
CVE-2022-20140,0.08575,0.94447
CVE-2022-20141,0.00141,0.03868
CVE-2022-20142,0.00228,0.13611
CVE-2022-20143,0.00098,0.00961
CVE-2022-20144,0.00143,0.03978
CVE-2022-20145,0.06453,0.92936
CVE-2022-20146,0.00104,0.01223
CVE-2022-20147,0.00113,0.0169
CVE-2022-20148,0.00115,0.0182
CVE-2022-20149,0.00358,0.2798
CVE-2022-20151,0.00358,0.2798
CVE-2022-20152,0.00106,0.01317
CVE-2022-20153,0.00123,0.02492
CVE-2022-20154,0.00107,0.01355
CVE-2022-20155,0.00083,0.00303
CVE-2022-20156,0.00113,0.0169
CVE-2022-20158,0.00117,0.01943
CVE-2022-20159,0.00113,0.01691
CVE-2022-20160,0.00461,0.36961
CVE-2022-20162,0.00138,0.03627
CVE-2022-20164,0.00461,0.3696
CVE-2022-20165,0.00113,0.01691
CVE-2022-20166,0.00149,0.04495
CVE-2022-20167,0.00461,0.36961
CVE-2022-20168,0.00367,0.28791
CVE-2022-20169,0.00358,0.2798
CVE-2022-20170,0.00509,0.39863
CVE-2022-20171,0.00483,0.38326
CVE-2022-20172,0.00103,0.01168
CVE-2022-20173,0.00483,0.38326
CVE-2022-20174,0.00111,0.01595
CVE-2022-20175,0.00375,0.29682
CVE-2022-20176,0.00111,0.01595
CVE-2022-20177,0.00375,0.29682
CVE-2022-20178,0.00111,0.0156
CVE-2022-20179,0.00358,0.27981
CVE-2022-20180,0.00095,0.00789
CVE-2022-20181,0.00367,0.2879
CVE-2022-20182,0.00103,0.01156
CVE-2022-20183,0.00111,0.01561
CVE-2022-20184,0.00375,0.29681
CVE-2022-20185,0.00111,0.01561
CVE-2022-20186,0.00507,0.3977
CVE-2022-20188,0.00375,0.29681
CVE-2022-20190,0.0043,0.34754
CVE-2022-20191,0.00483,0.38326
CVE-2022-20192,0.00112,0.01645
CVE-2022-20193,0.00125,0.02573
CVE-2022-20194,0.00112,0.01645
CVE-2022-20195,0.00164,0.05942
CVE-2022-20196,0.00116,0.01892
CVE-2022-20197,0.00112,0.01646
CVE-2022-20198,0.00111,0.01595
CVE-2022-20199,0.0012,0.02151
CVE-2022-20200,0.00103,0.01168
CVE-2022-20201,0.00122,0.02356
CVE-2022-20202,0.00648,0.46806
CVE-2022-20203,0.00123,0.02444
CVE-2022-20204,0.00102,0.01142
CVE-2022-20205,0.0011,0.01505
CVE-2022-20206,0.00103,0.01168
CVE-2022-20207,0.00112,0.01645
CVE-2022-20208,0.00111,0.01594
CVE-2022-20209,0.00754,0.50783
CVE-2022-20210,0.03461,0.87667
CVE-2022-20212,0.00113,0.01667
CVE-2022-20213,0.00126,0.02657
CVE-2022-20214,0.00226,0.13307
CVE-2022-20215,0.00126,0.02657
CVE-2022-20216,0.00515,0.40266
CVE-2022-20217,0.00296,0.21439
CVE-2022-20218,0.00118,0.02011
CVE-2022-20219,0.00075,0.00116
CVE-2022-20220,0.00178,0.07461
CVE-2022-20221,0.00256,0.16959
CVE-2022-20222,0.01045,0.60166
CVE-2022-20223,0.00174,0.07053
CVE-2022-20224,0.01247,0.65845
CVE-2022-20225,0.00098,0.00949
CVE-2022-20226,0.001,0.01053
CVE-2022-20227,0.00138,0.03577
CVE-2022-20228,0.00555,0.42439
CVE-2022-20229,0.02766,0.846
CVE-2022-20230,0.00092,0.00637
CVE-2022-20231,0.00105,0.01296
CVE-2022-20233,0.00128,0.02858
CVE-2022-20234,0.00343,0.26384
CVE-2022-20235,0.00115,0.01826
CVE-2022-20236,0.0041,0.33049
CVE-2022-20237,0.00546,0.41969
CVE-2022-20238,0.00515,0.40267
CVE-2022-20239,0.00249,0.16187
CVE-2022-20240,0.0011,0.01529
CVE-2022-20241,0.0009,0.00575
CVE-2022-20242,0.00091,0.00602
CVE-2022-20243,0.00063,0.00016
CVE-2022-20244,0.00147,0.04336
CVE-2022-20245,0.00124,0.02522
CVE-2022-20246,0.00088,0.00485
CVE-2022-20247,0.00464,0.37129
CVE-2022-20248,0.001,0.01045
CVE-2022-20249,0.0009,0.00574
CVE-2022-20250,0.00104,0.01224
CVE-2022-20251,0.0009,0.00574
CVE-2022-20252,0.00094,0.00747
CVE-2022-20253,0.00218,0.12175
CVE-2022-20254,0.00175,0.07217
CVE-2022-20255,0.00087,0.00457
CVE-2022-20256,0.00073,0.00087
CVE-2022-20257,0.00092,0.00634
CVE-2022-20258,0.001,0.01033
CVE-2022-20259,0.00089,0.00559
CVE-2022-20260,0.00098,0.0094
CVE-2022-20261,0.00093,0.00675
CVE-2022-20262,0.00089,0.00523
CVE-2022-20263,0.00089,0.00561
CVE-2022-20264,0.00105,0.01269
CVE-2022-20265,0.0013,0.02967
CVE-2022-20266,0.00099,0.01011
CVE-2022-20267,0.00086,0.00439
CVE-2022-20268,0.001,0.01033
CVE-2022-20269,0.00165,0.06046
CVE-2022-20270,0.00096,0.00846
CVE-2022-20271,0.00109,0.01469
CVE-2022-20272,0.00096,0.00872
CVE-2022-20273,0.00218,0.12191
CVE-2022-20274,0.00091,0.00617
CVE-2022-20275,0.00095,0.00799
CVE-2022-20276,0.00095,0.00797
CVE-2022-20277,0.00095,0.00798
CVE-2022-20278,0.00095,0.00797
CVE-2022-20279,0.00095,0.008
CVE-2022-20280,0.00148,0.04409
CVE-2022-20281,0.00091,0.00617
CVE-2022-20282,0.00105,0.01273
CVE-2022-20283,0.0024,0.15078
CVE-2022-20284,0.00089,0.00561
CVE-2022-20285,0.00097,0.0092
CVE-2022-20286,0.00105,0.01264
CVE-2022-20287,0.00095,0.008
CVE-2022-20288,0.00095,0.00798
CVE-2022-20289,0.00095,0.00798
CVE-2022-20290,0.00096,0.00846
CVE-2022-20291,0.00095,0.008
CVE-2022-20292,0.00105,0.01264
CVE-2022-20293,0.00095,0.00799
CVE-2022-20294,0.00089,0.0056
CVE-2022-20295,0.00089,0.00559
CVE-2022-20296,0.00089,0.00561
CVE-2022-20297,0.00105,0.01264
CVE-2022-20298,0.00089,0.00561
CVE-2022-20299,0.00089,0.00559
CVE-2022-20300,0.00089,0.0056
CVE-2022-20301,0.00089,0.00562
CVE-2022-20302,0.00153,0.04885
CVE-2022-20303,0.00089,0.00563
CVE-2022-20304,0.00095,0.00796
CVE-2022-20305,0.00089,0.00523
CVE-2022-20306,0.00099,0.00976
CVE-2022-20307,0.00094,0.00747
CVE-2022-20308,0.00495,0.39042
CVE-2022-20309,0.00094,0.00748
CVE-2022-20310,0.00089,0.00524
CVE-2022-20311,0.00089,0.00523
CVE-2022-20312,0.00089,0.00562
CVE-2022-20313,0.00165,0.06046
CVE-2022-20314,0.00099,0.00976
CVE-2022-20315,0.00089,0.00524
CVE-2022-20316,0.00094,0.00748
CVE-2022-20317,0.00114,0.01742
CVE-2022-20318,0.00097,0.00888
CVE-2022-20319,0.00102,0.01119
CVE-2022-20320,0.00097,0.00888
CVE-2022-20321,0.00104,0.01214
CVE-2022-20322,0.00092,0.00642
CVE-2022-20323,0.00092,0.00641
CVE-2022-20324,0.00097,0.0092
CVE-2022-20325,0.00102,0.01119
CVE-2022-20326,0.00089,0.00562
CVE-2022-20327,0.00096,0.00869
CVE-2022-20328,0.00091,0.00618
CVE-2022-20329,0.00093,0.00721
CVE-2022-20330,0.00121,0.0226
CVE-2022-20331,0.00108,0.01412
CVE-2022-20332,0.00095,0.00797
CVE-2022-20333,0.00218,0.12176
CVE-2022-20334,0.00218,0.12176
CVE-2022-20335,0.00086,0.00438
CVE-2022-20336,0.00089,0.00523
CVE-2022-20338,0.00201,0.10098
CVE-2022-20339,0.00094,0.00748
CVE-2022-20340,0.00094,0.00735
CVE-2022-20341,0.0009,0.00583
CVE-2022-20342,0.00094,0.00748
CVE-2022-20344,0.00089,0.00539
CVE-2022-20345,0.00396,0.31783
CVE-2022-20346,0.004,0.3218
CVE-2022-20347,0.00796,0.52205
CVE-2022-20348,0.00111,0.01547
CVE-2022-20349,0.00092,0.00641
CVE-2022-20350,0.00095,0.00798
CVE-2022-20351,0.00118,0.02011
CVE-2022-20352,0.00089,0.0056
CVE-2022-20353,0.00095,0.00799
CVE-2022-20354,0.00104,0.01219
CVE-2022-20355,0.00093,0.00697
CVE-2022-20356,0.00106,0.01331
CVE-2022-20357,0.00095,0.00796
CVE-2022-20358,0.00179,0.07572
CVE-2022-20360,0.00187,0.08467
CVE-2022-20361,0.00901,0.55511
CVE-2022-20362,0.0024,0.15079
CVE-2022-20364,0.00106,0.01323
CVE-2022-20365,0.00321,0.24036
CVE-2022-20366,0.00101,0.01102
CVE-2022-20367,0.00099,0.00975
CVE-2022-20368,0.00126,0.02635
CVE-2022-20369,0.00155,0.05013
CVE-2022-20370,0.0028,0.19921
CVE-2022-20371,0.00072,0.00079
CVE-2022-20372,0.001,0.01046
CVE-2022-20373,0.00072,0.00079
CVE-2022-20375,0.00495,0.39042
CVE-2022-20376,0.00078,0.00184
CVE-2022-20377,0.00099,0.00977
CVE-2022-20378,0.00321,0.24036
CVE-2022-20379,0.00099,0.00977
CVE-2022-20380,0.00267,0.18456
CVE-2022-20381,0.00306,0.22493
CVE-2022-20382,0.00102,0.01131
CVE-2022-20383,0.00099,0.01005
CVE-2022-20384,0.00306,0.22493
CVE-2022-20385,0.00373,0.29467
CVE-2022-20386,0.00436,0.35191
CVE-2022-20387,0.00436,0.35191
CVE-2022-20388,0.00436,0.35192
CVE-2022-20389,0.00436,0.35191
CVE-2022-20390,0.00436,0.35192
CVE-2022-20391,0.00436,0.35191
CVE-2022-20392,0.00102,0.01119
CVE-2022-20393,0.00097,0.0092
CVE-2022-20394,0.00093,0.00691
CVE-2022-20395,0.00113,0.01703
CVE-2022-20396,0.00076,0.00147
CVE-2022-20397,0.00133,0.03181
CVE-2022-20398,0.00092,0.00641
CVE-2022-20399,0.00092,0.00642
CVE-2022-20400,0.00546,0.4197
CVE-2022-20401,0.00456,0.36634
CVE-2022-20402,0.00349,0.26987
CVE-2022-20403,0.00349,0.26987
CVE-2022-20404,0.00267,0.18456
CVE-2022-20405,0.00306,0.22494
CVE-2022-20406,0.00267,0.18456
CVE-2022-20407,0.0029,0.20849
CVE-2022-20408,0.00267,0.18456
CVE-2022-20409,0.00563,0.42896
CVE-2022-20410,0.00609,0.45006
CVE-2022-20411,0.01868,0.76872
CVE-2022-20412,0.00136,0.03399
CVE-2022-20413,0.00254,0.16772
CVE-2022-20414,0.00125,0.02572
CVE-2022-20415,0.00101,0.01069
CVE-2022-20416,0.00136,0.03458
CVE-2022-20417,0.00098,0.00932
CVE-2022-20418,0.00436,0.35201
CVE-2022-20419,0.00102,0.0115
CVE-2022-20420,0.00101,0.0107
CVE-2022-20421,0.00645,0.46659
CVE-2022-20422,0.00126,0.02676
CVE-2022-20423,0.00231,0.13921
CVE-2022-20425,0.00128,0.0282
CVE-2022-20426,0.00089,0.00557
CVE-2022-20427,0.0009,0.00595
CVE-2022-20428,0.0009,0.00597
CVE-2022-20429,0.00158,0.05337
CVE-2022-20430,0.00111,0.01594
CVE-2022-20431,0.00111,0.01594
CVE-2022-20432,0.00154,0.04978
CVE-2022-20433,0.00154,0.04978
CVE-2022-20434,0.00154,0.04978
CVE-2022-20435,0.00154,0.04977
CVE-2022-20436,0.00154,0.04977
CVE-2022-20437,0.00156,0.05148
CVE-2022-20438,0.00113,0.01661
CVE-2022-20439,0.00113,0.01661
CVE-2022-20440,0.0011,0.01529
CVE-2022-20441,0.00116,0.0188
CVE-2022-20442,0.00096,0.00843
CVE-2022-20443,0.00089,0.00543
CVE-2022-20445,0.00436,0.352
CVE-2022-20446,0.00103,0.01199
CVE-2022-20447,0.00279,0.19792
CVE-2022-20448,0.00108,0.01437
CVE-2022-20449,0.00146,0.04246
CVE-2022-20450,0.00088,0.005
CVE-2022-20451,0.00102,0.01112
CVE-2022-20452,0.00365,0.28658
CVE-2022-20453,0.00158,0.05384
CVE-2022-20454,0.00132,0.03144
CVE-2022-20455,0.00119,0.02108
CVE-2022-20456,0.00238,0.14784
CVE-2022-20457,0.00129,0.02898
CVE-2022-20458,0.00123,0.02486
CVE-2022-20459,0.0009,0.00597
CVE-2022-20460,0.0009,0.00598
CVE-2022-20461,0.00117,0.01966
CVE-2022-20462,0.00133,0.03181
CVE-2022-20464,0.00095,0.00833
CVE-2022-20465,0.0077,0.51349
CVE-2022-20466,0.00104,0.01244
CVE-2022-20467,0.00102,0.01115
CVE-2022-20468,0.00141,0.03814
CVE-2022-20469,0.00215,0.11834
CVE-2022-20470,0.00182,0.0792
CVE-2022-20471,0.0013,0.03028
CVE-2022-20472,0.06649,0.93098
CVE-2022-20473,0.08854,0.94601
CVE-2022-20474,0.00242,0.15317
CVE-2022-20475,0.00125,0.02591
CVE-2022-20476,0.00157,0.05239
CVE-2022-20477,0.00143,0.0398
CVE-2022-20478,0.00169,0.06489
CVE-2022-20479,0.00168,0.06407
CVE-2022-20480,0.00166,0.06118
CVE-2022-20481,0.00121,0.02292
CVE-2022-20482,0.00157,0.0524
CVE-2022-20483,0.00609,0.45006
CVE-2022-20484,0.00166,0.06118
CVE-2022-20485,0.0012,0.02195
CVE-2022-20486,0.0012,0.02195
CVE-2022-20487,0.00119,0.02063
CVE-2022-20488,0.0012,0.02195
CVE-2022-20489,0.00275,0.19427
CVE-2022-20490,0.00269,0.18579
CVE-2022-20491,0.00168,0.06407
CVE-2022-20492,0.00269,0.18579
CVE-2022-20493,0.00218,0.12286
CVE-2022-20494,0.00429,0.34658
CVE-2022-20495,0.00167,0.06282
CVE-2022-20496,0.0013,0.03028
CVE-2022-20497,0.00183,0.0803
CVE-2022-20498,0.01149,0.63149
CVE-2022-20499,0.00171,0.06738
CVE-2022-20500,0.00128,0.02819
CVE-2022-20501,0.00133,0.0323
CVE-2022-20502,0.00157,0.05233
CVE-2022-20503,0.0016,0.05586
CVE-2022-20504,0.00167,0.06257
CVE-2022-20505,0.00133,0.03199
CVE-2022-20506,0.0016,0.05543
CVE-2022-20507,0.00174,0.07064
CVE-2022-20508,0.00115,0.01851
CVE-2022-20509,0.00173,0.06971
CVE-2022-20510,0.00113,0.01711
CVE-2022-20511,0.00157,0.0526
CVE-2022-20512,0.00138,0.0358
CVE-2022-20513,0.00206,0.10741
CVE-2022-20514,0.00173,0.06969
CVE-2022-20515,0.00167,0.06231
CVE-2022-20516,0.00755,0.50821
CVE-2022-20517,0.00211,0.11299
CVE-2022-20518,0.00211,0.11298
CVE-2022-20519,0.00148,0.04409
CVE-2022-20520,0.00189,0.08718
CVE-2022-20521,0.00165,0.06086
CVE-2022-20522,0.00156,0.05133
CVE-2022-20523,0.00159,0.05414
CVE-2022-20524,0.0017,0.06603
CVE-2022-20525,0.00116,0.01918
CVE-2022-20526,0.00126,0.02653
CVE-2022-20527,0.00119,0.02123
CVE-2022-20528,0.00118,0.02023
CVE-2022-20529,0.00165,0.06092
CVE-2022-20530,0.00472,0.3765
CVE-2022-20531,0.0013,0.02979
CVE-2022-20532,0.00489,0.38695
CVE-2022-20533,0.00109,0.01466
CVE-2022-20535,0.00118,0.02023
CVE-2022-20536,0.00109,0.01448
CVE-2022-20537,0.00109,0.01448
CVE-2022-20538,0.00119,0.02121
CVE-2022-20539,0.00124,0.0253
CVE-2022-20540,0.00174,0.07065
CVE-2022-20541,0.0018,0.07666
CVE-2022-20542,0.00133,0.03181
CVE-2022-20543,0.00164,0.05964
CVE-2022-20544,0.0011,0.01505
CVE-2022-20545,0.00598,0.4452
CVE-2022-20546,0.00121,0.02272
CVE-2022-20547,0.00114,0.01791
CVE-2022-20548,0.00125,0.02576
CVE-2022-20549,0.00124,0.0253
CVE-2022-20550,0.00125,0.02577
CVE-2022-20551,0.00095,0.00796
CVE-2022-20552,0.00119,0.02122
CVE-2022-20553,0.00129,0.02881
CVE-2022-20554,0.00173,0.06967
CVE-2022-20555,0.0017,0.0666
CVE-2022-20556,0.00151,0.04736
CVE-2022-20557,0.00173,0.06969
CVE-2022-20558,0.00109,0.01488
CVE-2022-20559,0.00118,0.02023
CVE-2022-20560,0.00266,0.18072
CVE-2022-20561,0.00125,0.02576
CVE-2022-20562,0.00173,0.06942
CVE-2022-20563,0.00173,0.06968
CVE-2022-20564,0.00173,0.06968
CVE-2022-20566,0.00165,0.06049
CVE-2022-20567,0.0011,0.01535
CVE-2022-20568,0.00209,0.11064
CVE-2022-20569,0.00173,0.06969
CVE-2022-20570,0.00163,0.05862
CVE-2022-20571,0.00173,0.06968
CVE-2022-20572,0.00485,0.38467
CVE-2022-20574,0.00167,0.06229
CVE-2022-20575,0.00167,0.0623
CVE-2022-20576,0.00173,0.06967
CVE-2022-20577,0.00173,0.06968
CVE-2022-20578,0.00173,0.0697
CVE-2022-20579,0.00173,0.0697
CVE-2022-20580,0.00173,0.0697
CVE-2022-20581,0.00182,0.07917
CVE-2022-20582,0.00099,0.00991
CVE-2022-20583,0.00124,0.02532
CVE-2022-20584,0.00125,0.02576
CVE-2022-20585,0.00125,0.02575
CVE-2022-20586,0.00125,0.02576
CVE-2022-20587,0.00125,0.02577
CVE-2022-20588,0.00124,0.02531
CVE-2022-20589,0.00122,0.02356
CVE-2022-20590,0.00167,0.0623
CVE-2022-20591,0.00175,0.07124
CVE-2022-20592,0.00167,0.0623
CVE-2022-20593,0.0017,0.0666
CVE-2022-20594,0.00173,0.0697
CVE-2022-20595,0.0017,0.0666
CVE-2022-20596,0.00173,0.06971
CVE-2022-20597,0.00174,0.07064
CVE-2022-20598,0.00174,0.07064
CVE-2022-20599,0.00173,0.06971
CVE-2022-20600,0.00174,0.07065
CVE-2022-20601,0.00463,0.37062
CVE-2022-20602,0.00463,0.37062
CVE-2022-20603,0.00922,0.56172
CVE-2022-20604,0.00265,0.18018
CVE-2022-20605,0.00755,0.50821
CVE-2022-20606,0.00795,0.52156
CVE-2022-20607,0.00948,0.57066
CVE-2022-20608,0.00119,0.02122
CVE-2022-20609,0.00119,0.02122
CVE-2022-20610,0.00714,0.49413
CVE-2022-20611,0.0009,0.00586
CVE-2022-20612,0.01779,0.7566
CVE-2022-20613,0.00957,0.57321
CVE-2022-20614,0.0111,0.62102
CVE-2022-20615,0.81842,0.99608
CVE-2022-20616,0.00852,0.5396
CVE-2022-20617,0.02277,0.81091
CVE-2022-20618,0.00852,0.53961
CVE-2022-20619,0.00655,0.47068
CVE-2022-20620,0.00748,0.50613
CVE-2022-20621,0.00319,0.23827
CVE-2022-20622,0.01332,0.67797
CVE-2022-20623,0.12345,0.95729
CVE-2022-20624,0.12404,0.95738
CVE-2022-20625,0.03398,0.87447
CVE-2022-20626,0.00436,0.35235
CVE-2022-20627,0.00541,0.4171
CVE-2022-20628,0.00541,0.4171
CVE-2022-20629,0.00541,0.4171
CVE-2022-20630,0.00226,0.1333
CVE-2022-20631,0.00496,0.39097
CVE-2022-20632,0.00511,0.4002
CVE-2022-20633,0.00745,0.50503
CVE-2022-20634,0.00572,0.4336
CVE-2022-20635,0.00759,0.50951
CVE-2022-20636,0.00759,0.50951
CVE-2022-20637,0.00759,0.5095
CVE-2022-20638,0.00759,0.5095
CVE-2022-20639,0.00759,0.50949
CVE-2022-20640,0.00759,0.50951
CVE-2022-20641,0.00759,0.50948
CVE-2022-20642,0.00759,0.50949
CVE-2022-20643,0.00759,0.50949
CVE-2022-20644,0.00759,0.50949
CVE-2022-20645,0.00759,0.5095
CVE-2022-20646,0.00759,0.50948
CVE-2022-20647,0.00759,0.50948
CVE-2022-20648,0.00985,0.58282
CVE-2022-20649,0.11636,0.95557
CVE-2022-20650,0.1455,0.96239
CVE-2022-20651,0.00424,0.34318
CVE-2022-20652,0.01315,0.6741
CVE-2022-20653,0.01833,0.76402
CVE-2022-20654,0.00572,0.43341
CVE-2022-20655,0.00832,0.53382
CVE-2022-20656,0.01649,0.7378
CVE-2022-20657,0.00496,0.39097
CVE-2022-20658,0.01393,0.69188
CVE-2022-20659,0.01233,0.65489
CVE-2022-20660,0.00351,0.27235
CVE-2022-20661,0.00216,0.11965
CVE-2022-20662,0.00356,0.2775
CVE-2022-20663,0.00472,0.37671
CVE-2022-20664,0.00959,0.57386
CVE-2022-20665,0.00297,0.21517
CVE-2022-20666,0.00685,0.48326
CVE-2022-20667,0.00685,0.48327
CVE-2022-20668,0.00685,0.48325
CVE-2022-20669,0.00685,0.48325
CVE-2022-20670,0.00685,0.48325
CVE-2022-20671,0.00685,0.48326
CVE-2022-20672,0.00685,0.48326
CVE-2022-20673,0.00685,0.48325
CVE-2022-20674,0.00685,0.48324
CVE-2022-20675,0.01241,0.65693
CVE-2022-20676,0.00272,0.19092
CVE-2022-20677,0.00607,0.44942
CVE-2022-20678,0.00924,0.56262
CVE-2022-20679,0.01259,0.66173
CVE-2022-20680,0.01084,0.61331
CVE-2022-20681,0.00223,0.12819
CVE-2022-20682,0.01293,0.66957
CVE-2022-20683,0.01437,0.70057
CVE-2022-20684,0.00503,0.39519
CVE-2022-20685,0.01386,0.69037
CVE-2022-20686,0.00927,0.56362
CVE-2022-20687,0.00927,0.56362
CVE-2022-20688,0.00935,0.56648
CVE-2022-20689,0.00642,0.46523
CVE-2022-20690,0.00727,0.49872
CVE-2022-20691,0.00626,0.45851
CVE-2022-20692,0.01104,0.61935
CVE-2022-20693,0.01542,0.72051
CVE-2022-20694,0.01129,0.62612
CVE-2022-20695,0.1986,0.97116
CVE-2022-20696,0.00342,0.26314
CVE-2022-20697,0.0111,0.62097
CVE-2022-20698,0.03061,0.86073
CVE-2022-20699,0.72458,0.99374
CVE-2022-20700,0.05655,0.92063
CVE-2022-20701,0.09747,0.9497
CVE-2022-20702,0.04598,0.90569
CVE-2022-20703,0.09203,0.94744
CVE-2022-20704,0.02297,0.81276
CVE-2022-20705,0.80031,0.9957
CVE-2022-20706,0.05566,0.91953
CVE-2022-20707,0.75322,0.99459
CVE-2022-20708,0.14863,0.96303
CVE-2022-20709,0.03802,0.88778
CVE-2022-20710,0.02429,0.82336
CVE-2022-20711,0.04915,0.91103
CVE-2022-20712,0.03031,0.8595
CVE-2022-20713,0.01302,0.67136
CVE-2022-20714,0.01423,0.69782
CVE-2022-20715,0.01256,0.66093
CVE-2022-20716,0.00209,0.11116
CVE-2022-20717,0.00194,0.09301
CVE-2022-20718,0.02325,0.81515
CVE-2022-20719,0.02531,0.83074
CVE-2022-20720,0.01414,0.69621
CVE-2022-20721,0.01232,0.65483
CVE-2022-20722,0.01232,0.65483
CVE-2022-20723,0.01987,0.78294
CVE-2022-20724,0.0124,0.65658
CVE-2022-20725,0.00601,0.44658
CVE-2022-20726,0.01057,0.60506
CVE-2022-20727,0.01043,0.60106
CVE-2022-20728,0.00249,0.16095
CVE-2022-20729,0.00257,0.17109
CVE-2022-20730,0.00913,0.55936
CVE-2022-20731,0.00235,0.14454
CVE-2022-20732,0.00201,0.10124
CVE-2022-20733,0.01045,0.60162
CVE-2022-20734,0.00231,0.13906
CVE-2022-20735,0.00467,0.37333
CVE-2022-20736,0.00985,0.58257
CVE-2022-20737,0.01101,0.61849
CVE-2022-20738,0.01105,0.6197
CVE-2022-20739,0.00581,0.43746
CVE-2022-20740,0.007,0.48861
CVE-2022-20741,0.00557,0.42564
CVE-2022-20742,0.00425,0.34401
CVE-2022-20743,0.03902,0.89063
CVE-2022-20744,0.00882,0.54957
CVE-2022-20745,0.01385,0.69023
CVE-2022-20746,0.01257,0.66112
CVE-2022-20747,0.00877,0.54817
CVE-2022-20748,0.01206,0.64732
CVE-2022-20749,0.04008,0.89365
CVE-2022-20750,0.01142,0.62935
CVE-2022-20751,0.01257,0.66112
CVE-2022-20752,0.00967,0.57637
CVE-2022-20753,0.02021,0.78694
CVE-2022-20754,0.03177,0.86559
CVE-2022-20755,0.03177,0.86558
CVE-2022-20756,0.01433,0.69979
CVE-2022-20757,0.01166,0.63632
CVE-2022-20758,0.01178,0.64005
CVE-2022-20759,0.28369,0.97899
CVE-2022-20760,0.0149,0.71112
CVE-2022-20761,0.00354,0.27605
CVE-2022-20762,0.00253,0.16629
CVE-2022-20763,0.00864,0.54405
CVE-2022-20764,0.00962,0.57499
CVE-2022-20765,0.00536,0.41459
CVE-2022-20766,0.00824,0.53114
CVE-2022-20767,0.0156,0.72356
CVE-2022-20768,0.00911,0.55852
CVE-2022-20769,0.00489,0.38741
CVE-2022-20770,0.0659,0.93054
CVE-2022-20771,0.05477,0.91837
CVE-2022-20772,0.00546,0.4197
CVE-2022-20773,0.01126,0.62551
CVE-2022-20774,0.00383,0.30456
CVE-2022-20775,0.12475,0.95753
CVE-2022-20776,0.00452,0.3637
CVE-2022-20777,0.1076,0.95316
CVE-2022-20778,0.00784,0.51787
CVE-2022-20779,0.10173,0.95121
CVE-2022-20780,0.10922,0.95359
CVE-2022-20781,0.00557,0.42564
CVE-2022-20782,0.0097,0.57791
CVE-2022-20783,0.01372,0.68763
CVE-2022-20784,0.00896,0.55386
CVE-2022-20785,0.0663,0.93085
CVE-2022-20786,0.00808,0.526
CVE-2022-20787,0.00438,0.35372
CVE-2022-20788,0.00802,0.52389
CVE-2022-20789,0.01339,0.6798
CVE-2022-20790,0.02054,0.79045
CVE-2022-20791,0.0143,0.69926
CVE-2022-20792,0.00499,0.39314
CVE-2022-20793,0.00419,0.33848
CVE-2022-20794,0.00698,0.48811
CVE-2022-20795,0.00685,0.48352
CVE-2022-20796,0.00391,0.31259
CVE-2022-20797,0.01501,0.71321
CVE-2022-20798,0.01427,0.6987
CVE-2022-20799,0.01574,0.72568
CVE-2022-20800,0.00714,0.49386
CVE-2022-20801,0.01923,0.7755
CVE-2022-20802,0.00568,0.43142
CVE-2022-20803,0.01056,0.60474
CVE-2022-20804,0.00337,0.25805
CVE-2022-20805,0.00176,0.07311
CVE-2022-20806,0.00899,0.55455
CVE-2022-20807,0.00913,0.55911
CVE-2022-20808,0.00951,0.57161
CVE-2022-20809,0.00887,0.55074
CVE-2022-20810,0.00669,0.47668
CVE-2022-20811,0.0066,0.47309
CVE-2022-20812,0.01795,0.75882
CVE-2022-20813,0.01028,0.59636
CVE-2022-20814,0.00897,0.5542
CVE-2022-20815,0.00714,0.49386
CVE-2022-20816,0.0109,0.61487
CVE-2022-20817,0.01124,0.62481
CVE-2022-20818,0.00599,0.44582
CVE-2022-20819,0.00922,0.56188
CVE-2022-20820,0.00445,0.35922
CVE-2022-20821,0.1176,0.95592
CVE-2022-20822,0.0124,0.65654
CVE-2022-20823,0.01022,0.59412
CVE-2022-20824,0.0037,0.29147
CVE-2022-20825,0.02968,0.85654
CVE-2022-20826,0.00323,0.24275
CVE-2022-20827,0.01664,0.73995
CVE-2022-20828,0.4831,0.98725
CVE-2022-20829,0.03206,0.86673
CVE-2022-20830,0.00669,0.47673
CVE-2022-20831,0.00446,0.35948
CVE-2022-20832,0.00446,0.35949
CVE-2022-20833,0.00446,0.35949
CVE-2022-20834,0.00446,0.35952
CVE-2022-20835,0.00446,0.35949
CVE-2022-20836,0.00446,0.35948
CVE-2022-20837,0.00866,0.54463
CVE-2022-20838,0.00446,0.3595
CVE-2022-20839,0.00446,0.35949
CVE-2022-20840,0.00446,0.3595
CVE-2022-20841,0.02877,0.85211
CVE-2022-20842,0.01607,0.7308
CVE-2022-20843,0.00446,0.3595
CVE-2022-20844,0.00767,0.51263
CVE-2022-20845,0.00175,0.07135
CVE-2022-20846,0.00958,0.57361
CVE-2022-20847,0.0109,0.61481
CVE-2022-20848,0.00875,0.5476
CVE-2022-20849,0.00265,0.18027
CVE-2022-20850,0.00201,0.10068
CVE-2022-20851,0.00921,0.56144
CVE-2022-20852,0.00438,0.35333
CVE-2022-20853,0.00615,0.45314
CVE-2022-20854,0.00866,0.54464
CVE-2022-20855,0.00349,0.27069
CVE-2022-20856,0.01113,0.6217
CVE-2022-20857,0.01437,0.70052
CVE-2022-20858,0.01156,0.63337
CVE-2022-20859,0.01166,0.63637
CVE-2022-20860,0.00456,0.36602
CVE-2022-20861,0.00541,0.41688
CVE-2022-20862,0.01373,0.68775
CVE-2022-20863,0.00796,0.52187
CVE-2022-20864,0.00262,0.17695
CVE-2022-20865,0.00327,0.2476
CVE-2022-20866,0.16647,0.96655
CVE-2022-20867,0.0075,0.50663
CVE-2022-20868,0.00696,0.48727
CVE-2022-20869,0.00536,0.41435
CVE-2022-20870,0.00841,0.53619
CVE-2022-20871,0.01863,0.76815
CVE-2022-20872,0.00446,0.35951
CVE-2022-20873,0.00947,0.57042
CVE-2022-20874,0.01081,0.61235
CVE-2022-20875,0.01081,0.61235
CVE-2022-20876,0.01081,0.61234
CVE-2022-20877,0.01081,0.61233
CVE-2022-20878,0.01081,0.61234
CVE-2022-20879,0.00947,0.57042
CVE-2022-20880,0.00947,0.57042
CVE-2022-20881,0.01081,0.61235
CVE-2022-20882,0.01081,0.61234
CVE-2022-20883,0.00947,0.57041
CVE-2022-20884,0.01081,0.61233
CVE-2022-20885,0.01081,0.61235
CVE-2022-20886,0.00947,0.57041
CVE-2022-20887,0.01005,0.5893
CVE-2022-20888,0.01005,0.5893
CVE-2022-20889,0.01061,0.60636
CVE-2022-20890,0.00876,0.54809
CVE-2022-20891,0.01,0.58741
CVE-2022-20892,0.00876,0.54808
CVE-2022-20893,0.00876,0.54806
CVE-2022-20894,0.00876,0.54805
CVE-2022-20895,0.00876,0.54805
CVE-2022-20896,0.00876,0.54808
CVE-2022-20897,0.00876,0.54808
CVE-2022-20898,0.00876,0.54808
CVE-2022-20899,0.00876,0.54807
CVE-2022-20900,0.00876,0.54806
CVE-2022-20901,0.00876,0.54807
CVE-2022-20902,0.00876,0.54806
CVE-2022-20903,0.00876,0.54809
CVE-2022-20904,0.00876,0.54805
CVE-2022-20905,0.00446,0.35951
CVE-2022-20906,0.00195,0.09357
CVE-2022-20907,0.00195,0.09357
CVE-2022-20908,0.00206,0.10656
CVE-2022-20909,0.00206,0.10657
CVE-2022-20910,0.00947,0.57041
CVE-2022-20911,0.00876,0.54809
CVE-2022-20912,0.00876,0.54807
CVE-2022-20913,0.00953,0.57217
CVE-2022-20914,0.00803,0.52425
CVE-2022-20915,0.0028,0.19891
CVE-2022-20916,0.00567,0.43082
CVE-2022-20917,0.00887,0.55087
CVE-2022-20918,0.00847,0.53819
CVE-2022-20919,0.01042,0.60073
CVE-2022-20920,0.00801,0.52355
CVE-2022-20921,0.01018,0.59318
CVE-2022-20922,0.00764,0.51152
CVE-2022-20923,0.0087,0.5458
CVE-2022-20924,0.00783,0.51777
CVE-2022-20925,0.00824,0.5312
CVE-2022-20926,0.00831,0.53335
CVE-2022-20927,0.00495,0.39079
CVE-2022-20928,0.00683,0.48243
CVE-2022-20929,0.00188,0.08588
CVE-2022-20930,0.00237,0.14665
CVE-2022-20931,0.00266,0.18068
CVE-2022-20932,0.00473,0.37722
CVE-2022-20933,0.00992,0.58481
CVE-2022-20934,0.00279,0.19793
CVE-2022-20935,0.00446,0.35951
CVE-2022-20936,0.00446,0.35951
CVE-2022-20937,0.00822,0.53053
CVE-2022-20938,0.00524,0.40758
CVE-2022-20939,0.00595,0.44351
CVE-2022-20940,0.00646,0.46714
CVE-2022-20941,0.00658,0.47238
CVE-2022-20942,0.00891,0.55205
CVE-2022-20943,0.0089,0.55193
CVE-2022-20944,0.00203,0.10356
CVE-2022-20945,0.00437,0.3529
CVE-2022-20946,0.00866,0.54463
CVE-2022-20947,0.00866,0.54464
CVE-2022-20948,0.00418,0.33798
CVE-2022-20949,0.00698,0.48814
CVE-2022-20950,0.00786,0.51874
CVE-2022-20951,0.01873,0.76933
CVE-2022-20952,0.00678,0.48046
CVE-2022-20953,0.00401,0.32293
CVE-2022-20954,0.00413,0.33308
CVE-2022-20955,0.00413,0.33309
CVE-2022-20956,0.01322,0.67566
CVE-2022-20958,0.0095,0.57154
CVE-2022-20959,0.00781,0.51693
CVE-2022-20960,0.00778,0.51606
CVE-2022-20961,0.00408,0.32892
CVE-2022-20962,0.00952,0.57194
CVE-2022-20963,0.00429,0.34663
CVE-2022-20964,0.30649,0.98029
CVE-2022-20965,0.00607,0.44931
CVE-2022-20966,0.276,0.9785
CVE-2022-20967,0.00541,0.41711
CVE-2022-20968,0.06099,0.9259
CVE-2022-20969,0.00435,0.35111
CVE-2022-21122,0.02389,0.82028
CVE-2022-21123,0.06155,0.92647
CVE-2022-21124,0.01456,0.70426
CVE-2022-21125,0.06451,0.92934
CVE-2022-21126,0.00699,0.48853
CVE-2022-21127,0.05465,0.91821
CVE-2022-21128,0.00229,0.13634
CVE-2022-21129,0.02774,0.84683
CVE-2022-21131,0.00288,0.20757
CVE-2022-21132,0.01756,0.75326
CVE-2022-21133,0.00227,0.13434
CVE-2022-21134,0.00907,0.55731
CVE-2022-21136,0.00259,0.17361
CVE-2022-21137,0.09271,0.94782
CVE-2022-21139,0.00152,0.04742
CVE-2022-21140,0.00202,0.10165
CVE-2022-21141,0.0316,0.86492
CVE-2022-21142,0.01523,0.71702
CVE-2022-21143,0.01163,0.63547
CVE-2022-21144,0.01784,0.7573
CVE-2022-21145,0.77778,0.99517
CVE-2022-21146,0.00892,0.55263
CVE-2022-21147,0.00638,0.46363
CVE-2022-21148,0.00206,0.10744
CVE-2022-21149,0.0058,0.43698
CVE-2022-21151,0.00347,0.26816
CVE-2022-21152,0.00202,0.10165
CVE-2022-21153,0.00254,0.16773
CVE-2022-21154,0.00983,0.58206
CVE-2022-21155,0.01077,0.61135
CVE-2022-21156,0.00227,0.13433
CVE-2022-21157,0.00254,0.16773
CVE-2022-21158,0.00526,0.40892
CVE-2022-21159,0.01797,0.75901
CVE-2022-21160,0.0074,0.50345
CVE-2022-21162,0.00196,0.09533
CVE-2022-21163,0.00248,0.15958
CVE-2022-21164,0.01301,0.67121
CVE-2022-21165,0.02991,0.85761
CVE-2022-21166,0.05899,0.92371
CVE-2022-21167,0.01327,0.67685
CVE-2022-21168,0.00714,0.49392
CVE-2022-21169,0.00739,0.5028
CVE-2022-21170,0.00969,0.57777
CVE-2022-21172,0.00206,0.1064
CVE-2022-21173,0.00447,0.36004
CVE-2022-21174,0.00256,0.16943
CVE-2022-21176,0.01053,0.60398
CVE-2022-21177,0.00922,0.56174
CVE-2022-21178,0.03635,0.88225
CVE-2022-21179,0.00465,0.37204
CVE-2022-21180,0.0032,0.24001
CVE-2022-21181,0.0026,0.1749
CVE-2022-21182,0.01885,0.77085
CVE-2022-21184,0.00437,0.35286
CVE-2022-21186,0.24865,0.97655
CVE-2022-21187,0.03741,0.88585
CVE-2022-21189,0.01884,0.77068
CVE-2022-21190,0.03802,0.88776
CVE-2022-21191,0.01477,0.70865
CVE-2022-21192,0.01342,0.68058
CVE-2022-21193,0.02001,0.78445
CVE-2022-21194,0.00953,0.57238
CVE-2022-21195,0.01302,0.67139
CVE-2022-21196,0.03663,0.88343
CVE-2022-21197,0.00719,0.49592
CVE-2022-21198,0.00131,0.03044
CVE-2022-21199,0.0089,0.55194
CVE-2022-21201,0.0086,0.54275
CVE-2022-21202,0.00714,0.49392
CVE-2022-21203,0.00223,0.12891
CVE-2022-21204,0.00223,0.12891
CVE-2022-21205,0.01087,0.61424
CVE-2022-21208,0.01167,0.63655
CVE-2022-21209,0.01829,0.76344
CVE-2022-21210,0.71227,0.99337
CVE-2022-21211,0.00966,0.57599
CVE-2022-21212,0.00327,0.24752
CVE-2022-21213,0.01957,0.77956
CVE-2022-21214,0.00915,0.55979
CVE-2022-21215,0.01412,0.69573
CVE-2022-21216,0.00539,0.41601
CVE-2022-21217,0.01397,0.6926
CVE-2022-21218,0.00254,0.16773
CVE-2022-21219,0.00986,0.58312
CVE-2022-21220,0.00238,0.1475
CVE-2022-21221,0.02457,0.82555
CVE-2022-21222,0.01462,0.70576
CVE-2022-21223,0.01781,0.75694
CVE-2022-21225,0.01457,0.70469
CVE-2022-21226,0.00254,0.16773
CVE-2022-21227,0.01955,0.77936
CVE-2022-21228,0.01105,0.6197
CVE-2022-21229,0.00213,0.11626
CVE-2022-21230,0.00289,0.2078
CVE-2022-21231,0.01313,0.6737
CVE-2022-21233,0.00324,0.24367
CVE-2022-21234,0.72601,0.99379
CVE-2022-21235,0.01818,0.7621
CVE-2022-21236,0.01812,0.7611
CVE-2022-21237,0.00228,0.13531
CVE-2022-21238,0.01392,0.69162
CVE-2022-21239,0.00183,0.08091
CVE-2022-21240,0.00206,0.10748
CVE-2022-21241,0.03174,0.86545
CVE-2022-21242,0.00524,0.40802
CVE-2022-21243,0.00813,0.5275
CVE-2022-21244,0.00879,0.5488
CVE-2022-21245,0.01399,0.69297
CVE-2022-21246,0.00524,0.408
CVE-2022-21247,0.00685,0.48345
CVE-2022-21248,0.03763,0.88653
CVE-2022-21249,0.01658,0.73903
CVE-2022-21250,0.01105,0.61953
CVE-2022-21251,0.01287,0.6681
CVE-2022-21252,0.01049,0.60274
CVE-2022-21253,0.01976,0.78164
CVE-2022-21254,0.0169,0.74406
CVE-2022-21255,0.01091,0.61519
CVE-2022-21256,0.02031,0.788
CVE-2022-21257,0.00946,0.56981
CVE-2022-21258,0.00946,0.56981
CVE-2022-21259,0.00946,0.5698
CVE-2022-21260,0.00946,0.56982
CVE-2022-21261,0.00946,0.56981
CVE-2022-21262,0.00946,0.56982
CVE-2022-21263,0.00388,0.30988
CVE-2022-21264,0.01856,0.76729
CVE-2022-21265,0.01478,0.70881
CVE-2022-21266,0.01694,0.74459
CVE-2022-21267,0.00316,0.23509
CVE-2022-21268,0.00316,0.23509
CVE-2022-21269,0.00825,0.53156
CVE-2022-21270,0.01856,0.76729
CVE-2022-21271,0.02789,0.84757
CVE-2022-21272,0.00825,0.53157
CVE-2022-21273,0.01028,0.5964
CVE-2022-21274,0.01028,0.5964
CVE-2022-21275,0.01813,0.76135
CVE-2022-21276,0.01138,0.6285
CVE-2022-21277,0.03091,0.86197
CVE-2022-21278,0.01197,0.64504
CVE-2022-21279,0.78951,0.99549
CVE-2022-21280,0.76548,0.99486
CVE-2022-21281,0.00498,0.39257
CVE-2022-21282,0.02877,0.85209
CVE-2022-21283,0.03782,0.88713
CVE-2022-21284,0.02686,0.84112
CVE-2022-21285,0.02686,0.8411
CVE-2022-21286,0.02686,0.84112
CVE-2022-21287,0.02686,0.8411
CVE-2022-21288,0.02686,0.84112
CVE-2022-21289,0.02686,0.84111
CVE-2022-21290,0.03068,0.86105
CVE-2022-21291,0.02896,0.85314
CVE-2022-21292,0.01731,0.7496
CVE-2022-21293,0.08346,0.94305
CVE-2022-21294,0.0335,0.87276
CVE-2022-21295,0.00369,0.28968
CVE-2022-21296,0.02825,0.84952
CVE-2022-21297,0.01318,0.67487
CVE-2022-21298,0.00283,0.20262
CVE-2022-21299,0.03458,0.87658
CVE-2022-21300,0.01583,0.72711
CVE-2022-21301,0.01604,0.73033
CVE-2022-21302,0.01544,0.72086
CVE-2022-21303,0.0175,0.75232
CVE-2022-21304,0.0175,0.75232
CVE-2022-21305,0.02755,0.84536
CVE-2022-21306,0.04141,0.89671
CVE-2022-21307,0.02518,0.82996
CVE-2022-21308,0.02686,0.84111
CVE-2022-21309,0.02621,0.83683
CVE-2022-21310,0.02621,0.83684
CVE-2022-21311,0.01553,0.72266
CVE-2022-21312,0.01443,0.70166
CVE-2022-21313,0.01592,0.72856
CVE-2022-21314,0.02518,0.82995
CVE-2022-21315,0.02518,0.82996
CVE-2022-21316,0.01068,0.60882
CVE-2022-21317,0.01386,0.69049
CVE-2022-21318,0.01068,0.60882
CVE-2022-21319,0.01386,0.69049
CVE-2022-21320,0.02686,0.84111
CVE-2022-21321,0.01443,0.70166
CVE-2022-21322,0.02621,0.83682
CVE-2022-21323,0.01553,0.72266
CVE-2022-21324,0.01443,0.70165
CVE-2022-21325,0.01443,0.70166
CVE-2022-21326,0.02621,0.83683
CVE-2022-21327,0.02795,0.84791
CVE-2022-21328,0.02621,0.83682
CVE-2022-21329,0.02621,0.83683
CVE-2022-21330,0.03193,0.86622
CVE-2022-21331,0.01443,0.70165
CVE-2022-21332,0.02621,0.83682
CVE-2022-21333,0.01443,0.70165
CVE-2022-21334,0.02795,0.84791
CVE-2022-21335,0.02621,0.83682
CVE-2022-21336,0.02621,0.83681
CVE-2022-21337,0.02621,0.83684
CVE-2022-21338,0.00524,0.40801
CVE-2022-21339,0.01806,0.76028
CVE-2022-21340,0.07748,0.93942
CVE-2022-21341,0.03765,0.88662
CVE-2022-21342,0.01398,0.69286
CVE-2022-21344,0.01398,0.69286
CVE-2022-21345,0.0093,0.56454
CVE-2022-21346,0.02169,0.80168
CVE-2022-21347,0.01222,0.65186
CVE-2022-21348,0.0136,0.68503
CVE-2022-21349,0.03306,0.87112
CVE-2022-21350,0.03618,0.88175
CVE-2022-21351,0.0127,0.66427
CVE-2022-21352,0.01296,0.67015
CVE-2022-21353,0.01222,0.65186
CVE-2022-21354,0.00706,0.49105
CVE-2022-21355,0.01422,0.69778
CVE-2022-21356,0.02584,0.83439
CVE-2022-21357,0.01422,0.69778
CVE-2022-21358,0.01013,0.59186
CVE-2022-21359,0.00825,0.53156
CVE-2022-21360,0.03486,0.87762
CVE-2022-21361,0.00946,0.56982
CVE-2022-21362,0.0136,0.68503
CVE-2022-21363,0.0132,0.67523
CVE-2022-21364,0.01533,0.71893
CVE-2022-21365,0.03486,0.87761
CVE-2022-21366,0.03216,0.8673
CVE-2022-21367,0.01257,0.66124
CVE-2022-21368,0.01148,0.63096
CVE-2022-21369,0.00825,0.53156
CVE-2022-21370,0.01379,0.68902
CVE-2022-21371,0.92331,0.99812
CVE-2022-21372,0.00878,0.54851
CVE-2022-21373,0.00706,0.49105
CVE-2022-21374,0.01341,0.68031
CVE-2022-21375,0.00262,0.17666
CVE-2022-21376,0.00825,0.53156
CVE-2022-21377,0.00825,0.53157
CVE-2022-21378,0.01223,0.65251
CVE-2022-21379,0.01274,0.66523
CVE-2022-21380,0.03024,0.85915
CVE-2022-21381,0.0057,0.43247
CVE-2022-21382,0.00933,0.56577
CVE-2022-21383,0.00804,0.52444
CVE-2022-21385,0.00346,0.26733
CVE-2022-21386,0.00946,0.56982
CVE-2022-21387,0.01147,0.6308
CVE-2022-21388,0.00305,0.22373
CVE-2022-21389,0.0186,0.76774
CVE-2022-21390,0.0237,0.81872
CVE-2022-21391,0.01208,0.64792
CVE-2022-21392,0.00557,0.42545
CVE-2022-21393,0.00804,0.52444
CVE-2022-21394,0.0066,0.47292
CVE-2022-21395,0.01168,0.63698
CVE-2022-21396,0.00524,0.40801
CVE-2022-21397,0.00524,0.408
CVE-2022-21398,0.00524,0.40801
CVE-2022-21399,0.00667,0.47591
CVE-2022-21400,0.00524,0.40802
CVE-2022-21401,0.00667,0.47592
CVE-2022-21402,0.00529,0.41014
CVE-2022-21403,0.00667,0.47591
CVE-2022-21404,0.01865,0.76842
CVE-2022-21405,0.00272,0.19084
CVE-2022-21409,0.00803,0.52422
CVE-2022-21410,0.01117,0.62298
CVE-2022-21411,0.00548,0.42069
CVE-2022-21412,0.01456,0.70429
CVE-2022-21413,0.01421,0.69756
CVE-2022-21414,0.01366,0.68619
CVE-2022-21415,0.01421,0.69756
CVE-2022-21416,0.00256,0.1697
CVE-2022-21417,0.01496,0.71213
CVE-2022-21418,0.01101,0.61852
CVE-2022-21419,0.0067,0.47719
CVE-2022-21420,0.01445,0.70218
CVE-2022-21421,0.01571,0.72524
CVE-2022-21422,0.00982,0.58194
CVE-2022-21423,0.01279,0.66639
CVE-2022-21424,0.01283,0.66731
CVE-2022-21425,0.01257,0.66129
CVE-2022-21426,0.03203,0.8666
CVE-2022-21427,0.02052,0.79026
CVE-2022-21428,0.00584,0.43896
CVE-2022-21429,0.0116,0.63449
CVE-2022-21430,0.01164,0.63575
CVE-2022-21431,0.02107,0.79601
CVE-2022-21432,0.00681,0.48176
CVE-2022-21434,0.02541,0.83144
CVE-2022-21435,0.0134,0.68003
CVE-2022-21436,0.01252,0.65978
CVE-2022-21437,0.0134,0.68003
CVE-2022-21438,0.01252,0.65978
CVE-2022-21439,0.00223,0.12888
CVE-2022-21440,0.01116,0.62263
CVE-2022-21441,0.01303,0.67162
CVE-2022-21442,0.00308,0.22631
CVE-2022-21443,0.02707,0.84237
CVE-2022-21444,0.01266,0.66346
CVE-2022-21445,0.62478,0.99089
CVE-2022-21446,0.01398,0.69271
CVE-2022-21447,0.00832,0.53357
CVE-2022-21448,0.00807,0.5258
CVE-2022-21449,0.48235,0.98724
CVE-2022-21450,0.00469,0.37438
CVE-2022-21451,0.01266,0.66345
CVE-2022-21452,0.01252,0.65979
CVE-2022-21453,0.00846,0.53798
CVE-2022-21454,0.01407,0.69477
CVE-2022-21455,0.00866,0.54472
CVE-2022-21456,0.00632,0.46072
CVE-2022-21457,0.02092,0.79461
CVE-2022-21458,0.00771,0.51381
CVE-2022-21459,0.01116,0.62263
CVE-2022-21460,0.01359,0.68483
CVE-2022-21461,0.00258,0.17203
CVE-2022-21462,0.01287,0.66823
CVE-2022-21463,0.00228,0.13551
CVE-2022-21464,0.02089,0.79429
CVE-2022-21465,0.00358,0.27932
CVE-2022-21466,0.01785,0.75748
CVE-2022-21467,0.00883,0.54965
CVE-2022-21468,0.00857,0.54172
CVE-2022-21469,0.00713,0.49377
CVE-2022-21470,0.00803,0.52422
CVE-2022-21471,0.00374,0.29546
CVE-2022-21472,0.00609,0.45036
CVE-2022-21473,0.00609,0.45036
CVE-2022-21474,0.00609,0.45037
CVE-2022-21475,0.00609,0.45037
CVE-2022-21476,0.04046,0.89449
CVE-2022-21477,0.00498,0.39229
CVE-2022-21478,0.01293,0.6694
CVE-2022-21479,0.01597,0.72928
CVE-2022-21480,0.00803,0.52422
CVE-2022-21481,0.00498,0.3923
CVE-2022-21482,0.03079,0.8615
CVE-2022-21483,0.02959,0.85611
CVE-2022-21484,0.01625,0.73384
CVE-2022-21485,0.0175,0.75232
CVE-2022-21486,0.01625,0.73384
CVE-2022-21487,0.00372,0.29327
CVE-2022-21488,0.00354,0.27602
CVE-2022-21489,0.78854,0.99547
CVE-2022-21490,0.78666,0.9954
CVE-2022-21491,0.00427,0.34522
CVE-2022-21492,0.00857,0.54173
CVE-2022-21493,0.00244,0.15479
CVE-2022-21494,0.00242,0.15306
CVE-2022-21496,0.02805,0.84846
CVE-2022-21497,0.01623,0.73325
CVE-2022-21498,0.00692,0.48613
CVE-2022-21499,0.00612,0.45179
CVE-2022-21500,0.70589,0.99317
CVE-2022-21503,0.00797,0.52235
CVE-2022-21504,0.00248,0.16062
CVE-2022-21505,0.002,0.10008
CVE-2022-21508,0.00244,0.15477
CVE-2022-21509,0.01271,0.66443
CVE-2022-21510,0.00265,0.17964
CVE-2022-21511,0.00923,0.56223
CVE-2022-21512,0.0024,0.14996
CVE-2022-21513,0.00273,0.19131
CVE-2022-21514,0.01155,0.63317
CVE-2022-21515,0.01418,0.69686
CVE-2022-21516,0.00614,0.45263
CVE-2022-21517,0.01418,0.69685
CVE-2022-21518,0.00679,0.48092
CVE-2022-21519,0.0122,0.65138
CVE-2022-21520,0.00558,0.42601
CVE-2022-21521,0.00702,0.48962
CVE-2022-21522,0.01292,0.66917
CVE-2022-21523,0.00533,0.41274
CVE-2022-21524,0.00634,0.46182
CVE-2022-21525,0.01418,0.69686
CVE-2022-21526,0.01387,0.69056
CVE-2022-21527,0.0129,0.66873
CVE-2022-21528,0.01318,0.67497
CVE-2022-21529,0.01407,0.69477
CVE-2022-21530,0.01439,0.7008
CVE-2022-21531,0.01439,0.7008
CVE-2022-21532,0.00542,0.41769
CVE-2022-21533,0.00211,0.11316
CVE-2022-21534,0.01407,0.69476
CVE-2022-21535,0.00477,0.37927
CVE-2022-21536,0.00861,0.54298
CVE-2022-21537,0.01439,0.7008
CVE-2022-21538,0.00705,0.49056
CVE-2022-21539,0.00846,0.53785
CVE-2022-21540,0.0296,0.85619
CVE-2022-21541,0.02062,0.79131
CVE-2022-21542,0.00572,0.43341
CVE-2022-21543,0.0132,0.67535
CVE-2022-21544,0.0069,0.48518
CVE-2022-21545,0.00574,0.43408
CVE-2022-21546,0.00182,0.07955
CVE-2022-21547,0.01135,0.62759
CVE-2022-21548,0.00729,0.49963
CVE-2022-21549,0.01804,0.76009
CVE-2022-21550,0.50698,0.98791
CVE-2022-21551,0.00694,0.48659
CVE-2022-21552,0.00551,0.42233
CVE-2022-21553,0.01135,0.62758
CVE-2022-21554,0.00339,0.26022
CVE-2022-21555,0.00226,0.13257
CVE-2022-21556,0.01147,0.63075
CVE-2022-21557,0.00227,0.13353
CVE-2022-21558,0.00262,0.17687
CVE-2022-21559,0.00226,0.13325
CVE-2022-21560,0.0088,0.5491
CVE-2022-21561,0.00679,0.48092
CVE-2022-21562,0.00696,0.48726
CVE-2022-21563,0.00215,0.11926
CVE-2022-21564,0.0088,0.5491
CVE-2022-21565,0.00589,0.44091
CVE-2022-21566,0.00906,0.55698
CVE-2022-21567,0.00799,0.52293
CVE-2022-21568,0.00668,0.47616
CVE-2022-21569,0.01169,0.63729
CVE-2022-21570,0.0081,0.52669
CVE-2022-21571,0.00347,0.26859
CVE-2022-21572,0.00393,0.31395
CVE-2022-21573,0.00674,0.47896
CVE-2022-21574,0.00894,0.55308
CVE-2022-21575,0.00617,0.45437
CVE-2022-21576,0.00508,0.39847
CVE-2022-21577,0.00555,0.42462
CVE-2022-21578,0.00551,0.42236
CVE-2022-21579,0.00555,0.42463
CVE-2022-21580,0.00437,0.35294
CVE-2022-21581,0.00459,0.36825
CVE-2022-21582,0.00551,0.42237
CVE-2022-21583,0.00508,0.39846
CVE-2022-21584,0.00555,0.42462
CVE-2022-21585,0.00551,0.42236
CVE-2022-21586,0.00473,0.3772
CVE-2022-21587,0.98342,0.99912
CVE-2022-21589,0.00911,0.55851
CVE-2022-21590,0.00645,0.46672
CVE-2022-21591,0.00513,0.40111
CVE-2022-21592,0.00653,0.47005
CVE-2022-21593,0.00631,0.46044
CVE-2022-21594,0.01161,0.63454
CVE-2022-21595,0.01048,0.60233
CVE-2022-21596,0.00829,0.53258
CVE-2022-21597,0.00762,0.51055
CVE-2022-21598,0.00638,0.46348
CVE-2022-21599,0.0117,0.63753
CVE-2022-21600,0.01161,0.6349
CVE-2022-21601,0.00608,0.44977
CVE-2022-21602,0.00595,0.44372
CVE-2022-21603,0.00836,0.53473
CVE-2022-21604,0.0117,0.63754
CVE-2022-21605,0.01024,0.59516
CVE-2022-21606,0.00456,0.3665
CVE-2022-21607,0.01024,0.59516
CVE-2022-21608,0.01381,0.68943
CVE-2022-21609,0.00587,0.44024
CVE-2022-21610,0.00197,0.09656
CVE-2022-21611,0.00426,0.34444
CVE-2022-21612,0.00714,0.49429
CVE-2022-21613,0.00578,0.43613
CVE-2022-21614,0.00771,0.51384
CVE-2022-21615,0.00721,0.4967
CVE-2022-21616,0.00237,0.14636
CVE-2022-21617,0.01369,0.687
CVE-2022-21618,0.02034,0.78833
CVE-2022-21619,0.02376,0.81923
CVE-2022-21620,0.00343,0.26384
CVE-2022-21621,0.00316,0.23545
CVE-2022-21622,0.00663,0.47431
CVE-2022-21623,0.00635,0.46239
CVE-2022-21624,0.01401,0.69354
CVE-2022-21625,0.01058,0.6053
CVE-2022-21626,0.01746,0.75175
CVE-2022-21627,0.00318,0.23814
CVE-2022-21628,0.02038,0.78869
CVE-2022-21629,0.00422,0.34131
CVE-2022-21630,0.00493,0.38945
CVE-2022-21631,0.00524,0.40776
CVE-2022-21632,0.01161,0.63454
CVE-2022-21633,0.01161,0.63454
CVE-2022-21634,0.01343,0.6807
CVE-2022-21635,0.01027,0.59598
CVE-2022-21636,0.00679,0.48091
CVE-2022-21637,0.01144,0.62996
CVE-2022-21638,0.00962,0.57503
CVE-2022-21639,0.00499,0.39307
CVE-2022-21640,0.01144,0.62995
CVE-2022-21641,0.00962,0.57503
CVE-2022-21642,0.00727,0.49879
CVE-2022-21643,0.01197,0.64511
CVE-2022-21644,0.01037,0.59921
CVE-2022-21646,0.01472,0.7077
CVE-2022-21647,0.37671,0.98364
CVE-2022-21648,0.00817,0.52898
CVE-2022-21649,0.00932,0.56563
CVE-2022-21650,0.00831,0.53323
CVE-2022-21651,0.00774,0.51478
CVE-2022-21652,0.00792,0.52054
CVE-2022-21653,0.00793,0.52111
CVE-2022-21654,0.01078,0.6115
CVE-2022-21655,0.01145,0.6302
CVE-2022-21656,0.0078,0.51649
CVE-2022-21657,0.00517,0.40381
CVE-2022-21658,0.01376,0.68854
CVE-2022-21659,0.00953,0.57219
CVE-2022-21660,0.01097,0.61747
CVE-2022-21661,0.97795,0.99898
CVE-2022-21662,0.63712,0.99124
CVE-2022-21663,0.03695,0.88436
CVE-2022-21664,0.04052,0.89463
CVE-2022-21666,0.01193,0.64392
CVE-2022-21667,0.01623,0.7332
CVE-2022-21668,0.03897,0.8905
CVE-2022-21669,0.01032,0.59749
CVE-2022-21670,0.02152,0.80029
CVE-2022-21671,0.0112,0.62388
CVE-2022-21672,0.00715,0.49446
CVE-2022-21673,0.02013,0.78608
CVE-2022-21675,0.02544,0.8317
CVE-2022-21676,0.0276,0.84562
CVE-2022-21677,0.01174,0.63855
CVE-2022-21678,0.00908,0.55763
CVE-2022-21679,0.0107,0.60932
CVE-2022-21680,0.02828,0.84972
CVE-2022-21681,0.02743,0.84456
CVE-2022-21682,0.01666,0.74022
CVE-2022-21683,0.0097,0.57786
CVE-2022-21684,0.00964,0.57545
CVE-2022-21685,0.01331,0.6778
CVE-2022-21686,0.01786,0.75758
CVE-2022-21687,0.01003,0.58882
CVE-2022-21688,0.00787,0.51893
CVE-2022-21689,0.01374,0.68805
CVE-2022-21690,0.00789,0.51979
CVE-2022-21691,0.00673,0.47847
CVE-2022-21692,0.00771,0.51368
CVE-2022-21693,0.01129,0.62624
CVE-2022-21694,0.01248,0.65887
CVE-2022-21695,0.00849,0.53867
CVE-2022-21696,0.00708,0.49198
CVE-2022-21697,0.01096,0.61705
CVE-2022-21698,0.05994,0.92473
CVE-2022-21699,0.00657,0.47193
CVE-2022-21700,0.0115,0.63165
CVE-2022-21701,0.00767,0.51252
CVE-2022-21702,0.02359,0.81801
CVE-2022-21703,0.02236,0.80751
CVE-2022-21704,0.00302,0.22037
CVE-2022-21705,0.08682,0.9451
CVE-2022-21706,0.01368,0.68668
CVE-2022-21707,0.00947,0.57016
CVE-2022-21708,0.01243,0.65751
CVE-2022-21710,0.01,0.58752
CVE-2022-21711,0.00875,0.54772
CVE-2022-21712,0.01381,0.68951
CVE-2022-21713,0.01168,0.63682
CVE-2022-21715,0.01002,0.58836
CVE-2022-21716,0.03608,0.88137
CVE-2022-21718,0.00909,0.55793
CVE-2022-21719,0.0096,0.57408
CVE-2022-21720,0.01134,0.62735
CVE-2022-21721,0.02153,0.80039
CVE-2022-21722,0.02405,0.82138
CVE-2022-21723,0.04478,0.90357
CVE-2022-21724,0.0301,0.85847
CVE-2022-21725,0.00783,0.51752
CVE-2022-21726,0.00818,0.52908
CVE-2022-21727,0.00659,0.47268
CVE-2022-21728,0.01125,0.6251
CVE-2022-21729,0.00783,0.51751
CVE-2022-21730,0.00815,0.52836
CVE-2022-21731,0.00845,0.53724
CVE-2022-21732,0.00765,0.51159
CVE-2022-21733,0.00821,0.5303
CVE-2022-21734,0.00783,0.51753
CVE-2022-21735,0.00783,0.51751
CVE-2022-21736,0.00746,0.50521
CVE-2022-21737,0.00783,0.5175
CVE-2022-21738,0.00783,0.5175
CVE-2022-21739,0.00783,0.5175
CVE-2022-21740,0.00788,0.5193
CVE-2022-21741,0.00821,0.53031
CVE-2022-21742,0.00242,0.15228
CVE-2022-21743,0.00107,0.01339
CVE-2022-21744,0.03111,0.86276
CVE-2022-21745,0.00373,0.29406
CVE-2022-21746,0.00103,0.01163
CVE-2022-21747,0.00103,0.01162
CVE-2022-21748,0.00098,0.00949
CVE-2022-21749,0.00098,0.00949
CVE-2022-21750,0.00108,0.01426
CVE-2022-21751,0.00108,0.01427
CVE-2022-21752,0.00108,0.01426
CVE-2022-21753,0.00108,0.01426
CVE-2022-21754,0.00108,0.01426
CVE-2022-21755,0.00109,0.01451
CVE-2022-21756,0.00109,0.01451
CVE-2022-21757,0.00496,0.39081
CVE-2022-21758,0.00106,0.01313
CVE-2022-21759,0.0013,0.03
CVE-2022-21760,0.00103,0.01162
CVE-2022-21761,0.00103,0.01162
CVE-2022-21762,0.00103,0.01161
CVE-2022-21763,0.00099,0.00995
CVE-2022-21764,0.00099,0.00995
CVE-2022-21765,0.00113,0.01712
CVE-2022-21766,0.00111,0.01571
CVE-2022-21767,0.00335,0.25581
CVE-2022-21768,0.00335,0.25581
CVE-2022-21769,0.00114,0.01745
CVE-2022-21770,0.00129,0.02949
CVE-2022-21771,0.00086,0.00427
CVE-2022-21772,0.00086,0.00427
CVE-2022-21773,0.00086,0.00426
CVE-2022-21774,0.00086,0.00426
CVE-2022-21775,0.00086,0.00426
CVE-2022-21776,0.00085,0.0041
CVE-2022-21777,0.00099,0.01007
CVE-2022-21778,0.00132,0.03143
CVE-2022-21779,0.00106,0.01319
CVE-2022-21780,0.00106,0.01319
CVE-2022-21781,0.00106,0.01317
CVE-2022-21782,0.00106,0.01317
CVE-2022-21783,0.00106,0.01317
CVE-2022-21784,0.00106,0.01318
CVE-2022-21785,0.00106,0.01318
CVE-2022-21786,0.00106,0.01336
CVE-2022-21787,0.00106,0.01318
CVE-2022-21788,0.00095,0.00815
CVE-2022-21789,0.00146,0.04301
CVE-2022-21790,0.00095,0.00829
CVE-2022-21791,0.00095,0.00829
CVE-2022-21792,0.00097,0.00905
CVE-2022-21793,0.00186,0.08406
CVE-2022-21794,0.0019,0.08774
CVE-2022-21796,0.0128,0.66659
CVE-2022-21797,0.01975,0.78146
CVE-2022-21798,0.00603,0.4474
CVE-2022-21799,0.00353,0.27479
CVE-2022-21800,0.00521,0.40591
CVE-2022-21801,0.01088,0.61436
CVE-2022-21802,0.00615,0.45314
CVE-2022-21803,0.01753,0.75287
CVE-2022-21804,0.00191,0.08912
CVE-2022-21805,0.00955,0.57272
CVE-2022-21806,0.02227,0.80678
CVE-2022-21807,0.00253,0.16636
CVE-2022-21808,0.01042,0.60071
CVE-2022-21809,0.01741,0.75106
CVE-2022-21810,0.01219,0.65123
CVE-2022-21812,0.00259,0.17257
CVE-2022-21813,0.00232,0.14066
CVE-2022-21814,0.00232,0.14067
CVE-2022-21815,0.00212,0.11447
CVE-2022-21816,0.0019,0.08779
CVE-2022-21817,0.01963,0.78025
CVE-2022-21818,0.00321,0.24069
CVE-2022-21819,0.00394,0.31589
CVE-2022-21820,0.16508,0.96625
CVE-2022-21821,0.02011,0.78593
CVE-2022-21822,0.01017,0.59289
CVE-2022-21823,0.00349,0.27011
CVE-2022-21824,0.21514,0.97331
CVE-2022-21825,0.00223,0.12824
CVE-2022-21826,0.45229,0.98642
CVE-2022-21827,0.00174,0.07022
CVE-2022-21828,0.03715,0.88498
CVE-2022-21829,0.01681,0.7427
CVE-2022-21830,0.00758,0.50906
CVE-2022-21831,0.02742,0.84449
CVE-2022-21833,0.00638,0.46349
CVE-2022-21834,0.00638,0.46348
CVE-2022-21835,0.00669,0.47656
CVE-2022-21836,0.00704,0.4902
CVE-2022-21837,0.02837,0.85015
CVE-2022-21838,0.01483,0.70979
CVE-2022-21839,0.01506,0.71399
CVE-2022-21840,0.02924,0.8545
CVE-2022-21841,0.02591,0.83499
CVE-2022-21842,0.02271,0.81039
CVE-2022-21843,0.03365,0.87336
CVE-2022-21844,0.02258,0.80931
CVE-2022-21845,0.00677,0.47993
CVE-2022-21846,0.0106,0.60616
CVE-2022-21847,0.00997,0.58643
CVE-2022-21848,0.04163,0.89714
CVE-2022-21849,0.06242,0.92731
CVE-2022-21850,0.02783,0.84731
CVE-2022-21851,0.02783,0.8473
CVE-2022-21852,0.00692,0.48599
CVE-2022-21855,0.00927,0.56342
CVE-2022-21857,0.02496,0.82829
CVE-2022-21858,0.00692,0.48599
CVE-2022-21859,0.00634,0.46164
CVE-2022-21860,0.00772,0.514
CVE-2022-21861,0.0066,0.47299
CVE-2022-21862,0.00634,0.46164
CVE-2022-21863,0.00673,0.47863
CVE-2022-21864,0.00772,0.514
CVE-2022-21865,0.00772,0.514
CVE-2022-21866,0.00582,0.43812
CVE-2022-21867,0.00673,0.47863
CVE-2022-21868,0.00656,0.47118
CVE-2022-21869,0.0066,0.47299
CVE-2022-21870,0.00678,0.4804
CVE-2022-21871,0.0068,0.48111
CVE-2022-21872,0.00678,0.48041
CVE-2022-21873,0.00678,0.48041
CVE-2022-21874,0.02343,0.81674
CVE-2022-21875,0.00678,0.4804
CVE-2022-21876,0.01287,0.66832
CVE-2022-21877,0.02894,0.85299
CVE-2022-21878,0.02661,0.8395
CVE-2022-21879,0.0102,0.59368
CVE-2022-21880,0.03883,0.89013
CVE-2022-21881,0.25019,0.97667
CVE-2022-21882,0.55711,0.98926
CVE-2022-21883,0.04395,0.90195
CVE-2022-21884,0.00669,0.47656
CVE-2022-21885,0.00669,0.47656
CVE-2022-21887,0.01094,0.61658
CVE-2022-21888,0.02544,0.83165
CVE-2022-21889,0.0303,0.85944
CVE-2022-21890,0.0303,0.85944
CVE-2022-21891,0.01506,0.71406
CVE-2022-21892,0.0074,0.50323
CVE-2022-21893,0.06793,0.93233
CVE-2022-21894,0.05979,0.92455
CVE-2022-21895,0.01227,0.65355
CVE-2022-21896,0.00586,0.43955
CVE-2022-21897,0.01059,0.6058
CVE-2022-21898,0.02409,0.82169
CVE-2022-21899,0.0143,0.69923
CVE-2022-21900,0.00664,0.47476
CVE-2022-21901,0.00928,0.56368
CVE-2022-21902,0.00663,0.47434
CVE-2022-21903,0.0078,0.51658
CVE-2022-21904,0.035,0.87806
CVE-2022-21905,0.00731,0.5001
CVE-2022-21906,0.01091,0.61509
CVE-2022-21907,0.9279,0.99816
CVE-2022-21908,0.00908,0.55771
CVE-2022-21910,0.00599,0.44557
CVE-2022-21911,0.03052,0.86033
CVE-2022-21912,0.00678,0.48041
CVE-2022-21913,0.02984,0.85735
CVE-2022-21914,0.00669,0.47657
CVE-2022-21915,0.02738,0.8443
CVE-2022-21916,0.01031,0.59712
CVE-2022-21917,0.03631,0.88211
CVE-2022-21918,0.01089,0.61466
CVE-2022-21919,0.0295,0.8557
CVE-2022-21920,0.02771,0.84629
CVE-2022-21921,0.009,0.55484
CVE-2022-21922,0.02771,0.84629
CVE-2022-21924,0.02905,0.85353
CVE-2022-21925,0.02905,0.85353
CVE-2022-21926,0.02258,0.80931
CVE-2022-21927,0.02258,0.8093
CVE-2022-21928,0.00656,0.47135
CVE-2022-21929,0.01451,0.7032
CVE-2022-21930,0.01193,0.64398
CVE-2022-21931,0.01193,0.64399
CVE-2022-21932,0.01071,0.60972
CVE-2022-21933,0.0028,0.19905
CVE-2022-21934,0.00892,0.55257
CVE-2022-21935,0.00859,0.54242
CVE-2022-21936,0.00492,0.38853
CVE-2022-21937,0.00526,0.4089
CVE-2022-21938,0.00489,0.3872
CVE-2022-21939,0.00546,0.41987
CVE-2022-21940,0.00372,0.29367
CVE-2022-21941,0.01949,0.77874
CVE-2022-21944,0.00287,0.20596
CVE-2022-21945,0.00235,0.14346
CVE-2022-21946,0.00256,0.17006
CVE-2022-21947,0.00587,0.43992
CVE-2022-21948,0.00514,0.40176
CVE-2022-21949,0.01735,0.75018
CVE-2022-21950,0.00142,0.03925
CVE-2022-21951,0.00369,0.28984
CVE-2022-21952,0.01458,0.70484
CVE-2022-21953,0.0047,0.37481
CVE-2022-21954,0.01487,0.71048
CVE-2022-21957,0.02718,0.84308
CVE-2022-21958,0.0074,0.50322
CVE-2022-21959,0.0074,0.50323
CVE-2022-21960,0.0074,0.50323
CVE-2022-21961,0.0074,0.50324
CVE-2022-21962,0.0074,0.50322
CVE-2022-21963,0.00699,0.48849
CVE-2022-21964,0.00969,0.57766
CVE-2022-21965,0.02965,0.85642
CVE-2022-21967,0.00658,0.47243
CVE-2022-21968,0.02134,0.79867
CVE-2022-21969,0.01217,0.65064
CVE-2022-21970,0.02543,0.83158
CVE-2022-21971,0.53655,0.98875
CVE-2022-21972,0.80933,0.99587
CVE-2022-21973,0.00625,0.4579
CVE-2022-21974,0.04969,0.9119
CVE-2022-21975,0.00435,0.35152
CVE-2022-21977,0.02352,0.81749
CVE-2022-21978,0.00842,0.53652
CVE-2022-21979,0.0175,0.75237
CVE-2022-21980,0.01971,0.78108
CVE-2022-21981,0.00571,0.43277
CVE-2022-21983,0.01936,0.77713
CVE-2022-21984,0.04797,0.90911
CVE-2022-21985,0.00788,0.51929
CVE-2022-21986,0.03739,0.8858
CVE-2022-21987,0.02018,0.78667
CVE-2022-21988,0.02944,0.85539
CVE-2022-21989,0.03193,0.86622
CVE-2022-21990,0.18842,0.96957
CVE-2022-21991,0.02075,0.79277
CVE-2022-21992,0.02496,0.82827
CVE-2022-21993,0.43618,0.98592
CVE-2022-21994,0.04196,0.89785
CVE-2022-21995,0.00965,0.57581
CVE-2022-21996,0.03046,0.86001
CVE-2022-21997,0.00795,0.52161
CVE-2022-21998,0.00836,0.53502
CVE-2022-21999,0.41683,0.98523
CVE-2022-22000,0.04327,0.90058
CVE-2022-22001,0.00642,0.46533
CVE-2022-22002,0.01282,0.66693
CVE-2022-22003,0.02491,0.82786
CVE-2022-22004,0.02571,0.83358
CVE-2022-22005,0.16825,0.96683
CVE-2022-22006,0.0221,0.80533
CVE-2022-22007,0.0221,0.80535
CVE-2022-22008,0.004,0.32179
CVE-2022-22009,0.00539,0.4158
CVE-2022-22010,0.02445,0.82452
CVE-2022-22011,0.00786,0.5186
CVE-2022-22012,0.03926,0.89145
CVE-2022-22013,0.0227,0.81026
CVE-2022-22014,0.0227,0.81026
CVE-2022-22015,0.02369,0.81869
CVE-2022-22016,0.00548,0.42066
CVE-2022-22017,0.37099,0.9834
CVE-2022-22018,0.02118,0.79707
CVE-2022-22019,0.02493,0.8281
CVE-2022-22021,0.02839,0.8503
CVE-2022-22022,0.00767,0.51238
CVE-2022-22023,0.00602,0.44675
CVE-2022-22024,0.01991,0.78336
CVE-2022-22025,0.32146,0.98118
CVE-2022-22026,0.01024,0.59498
CVE-2022-22027,0.02104,0.79578
CVE-2022-22028,0.02298,0.81293
CVE-2022-22029,0.0514,0.91433
CVE-2022-22031,0.00708,0.49203
CVE-2022-22034,0.06092,0.92584
CVE-2022-22035,0.01152,0.63246
CVE-2022-22036,0.0052,0.40536
CVE-2022-22037,0.02298,0.81289
CVE-2022-22038,0.02378,0.81937
CVE-2022-22039,0.02188,0.80335
CVE-2022-22040,0.01414,0.69611
CVE-2022-22041,0.02284,0.81154
CVE-2022-22042,0.02512,0.82939
CVE-2022-22043,0.0072,0.49642
CVE-2022-22045,0.0055,0.42155
CVE-2022-22047,0.18765,0.96948
CVE-2022-22048,0.00759,0.50981
CVE-2022-22049,0.01055,0.60461
CVE-2022-22050,0.00633,0.46153
CVE-2022-22054,0.00452,0.36328
CVE-2022-22055,0.02467,0.82615
CVE-2022-22056,0.02259,0.80942
CVE-2022-22057,0.00401,0.32232
CVE-2022-22058,0.00156,0.05219
CVE-2022-22059,0.00119,0.02095
CVE-2022-22060,0.00383,0.30397
CVE-2022-22061,0.00119,0.02091
CVE-2022-22062,0.00295,0.21337
CVE-2022-22063,0.00309,0.22776
CVE-2022-22064,0.00568,0.43132
CVE-2022-22065,0.00626,0.45846
CVE-2022-22066,0.00119,0.02091
CVE-2022-22067,0.00267,0.18392
CVE-2022-22068,0.00166,0.06205
CVE-2022-22069,0.00092,0.00662
CVE-2022-22070,0.00119,0.02091
CVE-2022-22071,0.0045,0.36213
CVE-2022-22072,0.00162,0.05749
CVE-2022-22074,0.00119,0.0209
CVE-2022-22075,0.0012,0.02163
CVE-2022-22076,0.00113,0.01688
CVE-2022-22077,0.0013,0.02983
CVE-2022-22078,0.0017,0.06597
CVE-2022-22079,0.00168,0.06443
CVE-2022-22080,0.00119,0.02096
CVE-2022-22081,0.00119,0.02089
CVE-2022-22082,0.0016,0.05558
CVE-2022-22083,0.00561,0.42753
CVE-2022-22084,0.00157,0.05306
CVE-2022-22085,0.0016,0.05558
CVE-2022-22086,0.00527,0.40909
CVE-2022-22087,0.00541,0.41728
CVE-2022-22088,0.00506,0.3973
CVE-2022-22089,0.00119,0.0209
CVE-2022-22090,0.00157,0.05306
CVE-2022-22091,0.00393,0.31473
CVE-2022-22092,0.00119,0.02071
CVE-2022-22093,0.00087,0.00481
CVE-2022-22094,0.00087,0.00481
CVE-2022-22095,0.00119,0.02091
CVE-2022-22096,0.00452,0.36343
CVE-2022-22097,0.00119,0.02096
CVE-2022-22098,0.00119,0.02097
CVE-2022-22099,0.00119,0.02094
CVE-2022-22100,0.00119,0.02096
CVE-2022-22101,0.00107,0.01403
CVE-2022-22102,0.00119,0.02095
CVE-2022-22103,0.00157,0.053
CVE-2022-22104,0.00119,0.02097
CVE-2022-22105,0.00429,0.34641
CVE-2022-22106,0.00119,0.02095
CVE-2022-22107,0.0068,0.48111
CVE-2022-22108,0.0068,0.48111
CVE-2022-22109,0.00531,0.41174
CVE-2022-22110,0.01122,0.62433
CVE-2022-22111,0.00996,0.58614
CVE-2022-22112,0.00616,0.45369
CVE-2022-22113,0.01024,0.59541
CVE-2022-22114,0.01296,0.67021
CVE-2022-22115,0.01034,0.59846
CVE-2022-22116,0.00633,0.46149
CVE-2022-22117,0.00633,0.46149
CVE-2022-22120,0.01367,0.68653
CVE-2022-22121,0.0121,0.64854
CVE-2022-22123,0.00708,0.49172
CVE-2022-22124,0.00708,0.49172
CVE-2022-22125,0.00828,0.53255
CVE-2022-22126,0.00615,0.45352
CVE-2022-22127,0.0097,0.57787
CVE-2022-22128,0.0134,0.68004
CVE-2022-22137,0.01093,0.6157
CVE-2022-22138,0.01152,0.63255
CVE-2022-22139,0.00237,0.14623
CVE-2022-22140,0.0366,0.88331
CVE-2022-22141,0.00202,0.10274
CVE-2022-22142,0.00955,0.57272
CVE-2022-22143,0.02027,0.78763
CVE-2022-22144,0.00828,0.53231
CVE-2022-22145,0.00792,0.52053
CVE-2022-22146,0.00761,0.51025
CVE-2022-22148,0.00215,0.1189
CVE-2022-22149,0.72601,0.99378
CVE-2022-22150,0.01795,0.7588
CVE-2022-22151,0.00792,0.52053
CVE-2022-22152,0.0078,0.51676
CVE-2022-22153,0.0093,0.56468
CVE-2022-22154,0.00245,0.15686
CVE-2022-22155,0.00402,0.32318
CVE-2022-22156,0.0055,0.4218
CVE-2022-22157,0.0066,0.47284
CVE-2022-22159,0.01137,0.62816
CVE-2022-22160,0.00362,0.28387
CVE-2022-22161,0.00972,0.57848
CVE-2022-22162,0.00243,0.15433
CVE-2022-22163,0.00368,0.28881
CVE-2022-22164,0.00702,0.48974
CVE-2022-22166,0.00369,0.28975
CVE-2022-22167,0.0067,0.4772
CVE-2022-22168,0.00391,0.31263
CVE-2022-22169,0.00827,0.53204
CVE-2022-22170,0.0093,0.5647
CVE-2022-22171,0.0093,0.56468
CVE-2022-22172,0.00369,0.28976
CVE-2022-22173,0.00588,0.44062
CVE-2022-22174,0.0093,0.56471
CVE-2022-22175,0.00688,0.48456
CVE-2022-22176,0.00368,0.28881
CVE-2022-22177,0.00958,0.57359
CVE-2022-22178,0.00945,0.56942
CVE-2022-22179,0.00372,0.29355
CVE-2022-22180,0.0093,0.56466
CVE-2022-22181,0.00658,0.47245
CVE-2022-22182,0.00705,0.49057
CVE-2022-22183,0.00993,0.58514
CVE-2022-22184,0.00665,0.47495
CVE-2022-22185,0.00934,0.56605
CVE-2022-22186,0.00619,0.45508
CVE-2022-22187,0.0027,0.18697
CVE-2022-22188,0.0148,0.70918
CVE-2022-22189,0.00225,0.13185
CVE-2022-22190,0.00923,0.56244
CVE-2022-22191,0.00354,0.27604
CVE-2022-22192,0.00697,0.48775
CVE-2022-22193,0.00224,0.12967
CVE-2022-22194,0.00965,0.57578
CVE-2022-22195,0.01015,0.59233
CVE-2022-22196,0.0037,0.29157
CVE-2022-22197,0.01072,0.60996
CVE-2022-22198,0.00884,0.54999
CVE-2022-22201,0.00616,0.45379
CVE-2022-22202,0.00518,0.40395
CVE-2022-22203,0.0066,0.47305
CVE-2022-22204,0.00615,0.45327
CVE-2022-22205,0.007,0.48874
CVE-2022-22206,0.00711,0.49276
CVE-2022-22207,0.0067,0.47704
CVE-2022-22208,0.00427,0.34533
CVE-2022-22209,0.00873,0.54694
CVE-2022-22210,0.0031,0.22924
CVE-2022-22211,0.00616,0.45379
CVE-2022-22212,0.007,0.48875
CVE-2022-22213,0.00613,0.45213
CVE-2022-22214,0.0031,0.22924
CVE-2022-22215,0.00543,0.41822
CVE-2022-22216,0.00291,0.20939
CVE-2022-22217,0.00324,0.24404
CVE-2022-22218,0.00406,0.32706
CVE-2022-22219,0.00564,0.4295
CVE-2022-22220,0.00444,0.35814
CVE-2022-22221,0.00208,0.10998
CVE-2022-22223,0.00766,0.51207
CVE-2022-22224,0.00296,0.21442
CVE-2022-22225,0.00444,0.35813
CVE-2022-22226,0.00305,0.22342
CVE-2022-22227,0.00557,0.42555
CVE-2022-22228,0.00616,0.45375
CVE-2022-22229,0.00673,0.4785
CVE-2022-22230,0.00302,0.2212
CVE-2022-22231,0.00616,0.45384
CVE-2022-22232,0.00616,0.45385
CVE-2022-22233,0.00171,0.06702
CVE-2022-22234,0.00174,0.07103
CVE-2022-22235,0.00586,0.4398
CVE-2022-22236,0.00616,0.45375
CVE-2022-22237,0.00396,0.31732
CVE-2022-22238,0.00282,0.20087
CVE-2022-22239,0.00175,0.07224
CVE-2022-22240,0.00193,0.09086
CVE-2022-22241,0.01131,0.62677
CVE-2022-22242,0.02468,0.82622
CVE-2022-22243,0.00435,0.35107
CVE-2022-22244,0.0049,0.38771
CVE-2022-22245,0.00619,0.45506
CVE-2022-22246,0.00639,0.46407
CVE-2022-22247,0.00572,0.43325
CVE-2022-22248,0.00182,0.07937
CVE-2022-22249,0.0045,0.36258
CVE-2022-22250,0.00296,0.21443
CVE-2022-22251,0.00157,0.05254
CVE-2022-22252,0.00651,0.46924
CVE-2022-22253,0.00292,0.21026
CVE-2022-22254,0.00698,0.48804
CVE-2022-22255,0.00688,0.48454
CVE-2022-22256,0.00692,0.48614
CVE-2022-22257,0.00549,0.42106
CVE-2022-22258,0.00926,0.56334
CVE-2022-22259,0.00194,0.09234
CVE-2022-22260,0.0063,0.4599
CVE-2022-22261,0.0063,0.45989
CVE-2022-22262,0.00253,0.16557
CVE-2022-22263,0.00093,0.0072
CVE-2022-22264,0.00122,0.02373
CVE-2022-22265,0.00392,0.31314
CVE-2022-22266,0.00102,0.01131
CVE-2022-22267,0.00102,0.0113
CVE-2022-22268,0.00112,0.01623
CVE-2022-22269,0.00102,0.0113
CVE-2022-22270,0.00202,0.10247
CVE-2022-22271,0.0011,0.01507
CVE-2022-22272,0.00102,0.01131
CVE-2022-22273,0.01906,0.7734
CVE-2022-22274,0.57324,0.98966
CVE-2022-22275,0.01051,0.6032
CVE-2022-22276,0.00744,0.50451
CVE-2022-22277,0.00744,0.50451
CVE-2022-22278,0.00901,0.55516
CVE-2022-22279,0.01068,0.6088
CVE-2022-22280,0.09261,0.94778
CVE-2022-22281,0.00474,0.378
CVE-2022-22282,0.07375,0.93701
CVE-2022-22283,0.00204,0.10517
CVE-2022-22284,0.00224,0.12951
CVE-2022-22285,0.00276,0.19521
CVE-2022-22286,0.00276,0.19521
CVE-2022-22287,0.00243,0.15433
CVE-2022-22288,0.0092,0.56127
CVE-2022-22289,0.00772,0.51411
CVE-2022-22290,0.00791,0.5202
CVE-2022-22291,0.00105,0.0129
CVE-2022-22292,0.00131,0.0304
CVE-2022-22293,0.00744,0.50447
CVE-2022-22294,0.01148,0.63133
CVE-2022-22295,0.01575,0.72598
CVE-2022-22296,0.00989,0.5842
CVE-2022-22297,0.00225,0.13166
CVE-2022-22298,0.00456,0.36614
CVE-2022-22299,0.00202,0.10175
CVE-2022-22300,0.00897,0.55413
CVE-2022-22301,0.00281,0.20074
CVE-2022-22302,0.0029,0.20902
CVE-2022-22303,0.0021,0.11215
CVE-2022-22304,0.00495,0.39026
CVE-2022-22305,0.00479,0.38058
CVE-2022-22306,0.00184,0.08124
CVE-2022-22307,0.00157,0.05226
CVE-2022-22308,0.00748,0.50592
CVE-2022-22309,0.00246,0.15714
CVE-2022-22310,0.01012,0.59152
CVE-2022-22311,0.0067,0.47696
CVE-2022-22312,0.01039,0.59966
CVE-2022-22313,0.00436,0.35216
CVE-2022-22314,0.00193,0.09212
CVE-2022-22315,0.00718,0.49548
CVE-2022-22316,0.00945,0.56947
CVE-2022-22317,0.00486,0.38526
CVE-2022-22318,0.00418,0.33775
CVE-2022-22319,0.00962,0.57512
CVE-2022-22320,0.0044,0.3552
CVE-2022-22321,0.00161,0.05649
CVE-2022-22322,0.00448,0.36075
CVE-2022-22323,0.01039,0.59965
CVE-2022-22325,0.00221,0.12648
CVE-2022-22326,0.00194,0.09283
CVE-2022-22327,0.00692,0.48581
CVE-2022-22328,0.00232,0.14009
CVE-2022-22329,0.00566,0.43042
CVE-2022-22330,0.00753,0.50764
CVE-2022-22331,0.00698,0.48806
CVE-2022-22332,0.00731,0.50011
CVE-2022-22333,0.00576,0.43531
CVE-2022-22334,0.0043,0.34739
CVE-2022-22336,0.01968,0.78068
CVE-2022-22337,0.00522,0.40672
CVE-2022-22338,0.00677,0.48013
CVE-2022-22339,0.00623,0.45705
CVE-2022-22344,0.00624,0.45782
CVE-2022-22345,0.01769,0.7553
CVE-2022-22346,0.00378,0.29932
CVE-2022-22348,0.00193,0.09184
CVE-2022-22349,0.00985,0.58256
CVE-2022-22350,0.00214,0.11697
CVE-2022-22351,0.01174,0.63874
CVE-2022-22352,0.00365,0.28633
CVE-2022-22353,0.00885,0.55034
CVE-2022-22354,0.00927,0.56341
CVE-2022-22355,0.01066,0.60836
CVE-2022-22356,0.00843,0.53666
CVE-2022-22358,0.01048,0.60236
CVE-2022-22359,0.0026,0.17429
CVE-2022-22360,0.01413,0.69587
CVE-2022-22361,0.00329,0.24933
CVE-2022-22363,0.00791,0.52027
CVE-2022-22364,0.00539,0.41615
CVE-2022-22365,0.00565,0.43012
CVE-2022-22366,0.00407,0.32863
CVE-2022-22367,0.00149,0.04482
CVE-2022-22368,0.00694,0.48676
CVE-2022-22369,0.00185,0.08296
CVE-2022-22370,0.00435,0.35119
CVE-2022-22371,0.00328,0.24832
CVE-2022-22373,0.00505,0.39669
CVE-2022-22374,0.00962,0.57488
CVE-2022-22375,0.01225,0.65303
CVE-2022-22377,0.00481,0.382
CVE-2022-22380,0.00243,0.15441
CVE-2022-22384,0.00444,0.35827
CVE-2022-22385,0.00406,0.32748
CVE-2022-22386,0.00481,0.382
CVE-2022-22387,0.00377,0.29826
CVE-2022-22389,0.01463,0.70589
CVE-2022-22390,0.00906,0.55672
CVE-2022-22391,0.00676,0.47975
CVE-2022-22392,0.01944,0.7781
CVE-2022-22393,0.00693,0.48634
CVE-2022-22394,0.02125,0.79769
CVE-2022-22396,0.00658,0.47226
CVE-2022-22399,0.00369,0.28962
CVE-2022-22401,0.00549,0.42137
CVE-2022-22402,0.00365,0.28633
CVE-2022-22404,0.00941,0.56832
CVE-2022-22405,0.00503,0.39521
CVE-2022-22409,0.00819,0.52958
CVE-2022-22410,0.007,0.48887
CVE-2022-22411,0.00517,0.4038
CVE-2022-22412,0.00315,0.23416
CVE-2022-22413,0.01214,0.64971
CVE-2022-22414,0.00223,0.12917
CVE-2022-22415,0.00711,0.49304
CVE-2022-22416,0.00379,0.30015
CVE-2022-22417,0.00414,0.33423
CVE-2022-22423,0.00251,0.16407
CVE-2022-22424,0.00172,0.06781
CVE-2022-22425,0.01089,0.6147
CVE-2022-22426,0.0023,0.13756
CVE-2022-22427,0.0059,0.44139
CVE-2022-22433,0.00973,0.57873
CVE-2022-22434,0.00233,0.14119
CVE-2022-22435,0.00461,0.36946
CVE-2022-22436,0.00461,0.36946
CVE-2022-22441,0.0084,0.53603
CVE-2022-22442,0.00486,0.38507
CVE-2022-22443,0.00448,0.36074
CVE-2022-22444,0.0023,0.13819
CVE-2022-22445,0.00634,0.46191
CVE-2022-22447,0.00406,0.32788
CVE-2022-22449,0.007,0.48878
CVE-2022-22450,0.00553,0.42347
CVE-2022-22452,0.00921,0.56168
CVE-2022-22453,0.00367,0.28831
CVE-2022-22454,0.00349,0.27047
CVE-2022-22455,0.00438,0.35385
CVE-2022-22456,0.00301,0.21967
CVE-2022-22457,0.00126,0.02687
CVE-2022-22458,0.00765,0.51173
CVE-2022-22460,0.00691,0.4858
CVE-2022-22461,0.00404,0.32589
CVE-2022-22462,0.00478,0.38036
CVE-2022-22463,0.00905,0.55668
CVE-2022-22464,0.00642,0.46531
CVE-2022-22465,0.00224,0.13052
CVE-2022-22466,0.00594,0.44302
CVE-2022-22470,0.00121,0.02266
CVE-2022-22472,0.00825,0.53143
CVE-2022-22473,0.00982,0.58193
CVE-2022-22474,0.0103,0.59701
CVE-2022-22475,0.00602,0.44682
CVE-2022-22476,0.0077,0.51356
CVE-2022-22477,0.00594,0.44299
CVE-2022-22478,0.00158,0.05362
CVE-2022-22479,0.00319,0.23869
CVE-2022-22480,0.00678,0.48042
CVE-2022-22481,0.01145,0.63036
CVE-2022-22482,0.00914,0.55964
CVE-2022-22483,0.00872,0.54645
CVE-2022-22484,0.00157,0.05238
CVE-2022-22485,0.01058,0.60536
CVE-2022-22486,0.01365,0.68603
CVE-2022-22487,0.0139,0.69128
CVE-2022-22488,0.00475,0.37849
CVE-2022-22489,0.0141,0.6953
CVE-2022-22490,0.00661,0.4736
CVE-2022-22491,0.0016,0.05551
CVE-2022-22493,0.00262,0.17688
CVE-2022-22494,0.01457,0.70475
CVE-2022-22495,0.0214,0.79912
CVE-2022-22496,0.0039,0.31163
CVE-2022-22497,0.01105,0.6198
CVE-2022-22502,0.00471,0.37536
CVE-2022-22503,0.00556,0.42518
CVE-2022-22505,0.00772,0.5139
CVE-2022-22506,0.0029,0.20885
CVE-2022-22508,0.00727,0.49883
CVE-2022-22509,0.0099,0.58428
CVE-2022-22510,0.00972,0.57849
CVE-2022-22511,0.00553,0.4237
CVE-2022-22512,0.00675,0.47948
CVE-2022-22513,0.00999,0.58708
CVE-2022-22514,0.00858,0.54215
CVE-2022-22515,0.01066,0.60841
CVE-2022-22516,0.00253,0.16605
CVE-2022-22517,0.0127,0.66425
CVE-2022-22518,0.00586,0.43983
CVE-2022-22519,0.01404,0.69415
CVE-2022-22520,0.00809,0.52623
CVE-2022-22521,0.00521,0.40636
CVE-2022-22522,0.00872,0.5465
CVE-2022-22523,0.00655,0.47094
CVE-2022-22524,0.00928,0.56402
CVE-2022-22525,0.00997,0.58633
CVE-2022-22526,0.00719,0.49601
CVE-2022-22528,0.00316,0.23551
CVE-2022-22529,0.00602,0.44711
CVE-2022-22530,0.00935,0.56641
CVE-2022-22531,0.00849,0.53879
CVE-2022-22532,0.02372,0.8189
CVE-2022-22533,0.01755,0.75324
CVE-2022-22534,0.00835,0.53456
CVE-2022-22535,0.00834,0.53431
CVE-2022-22536,0.97945,0.99903
CVE-2022-22537,0.00885,0.55036
CVE-2022-22538,0.01063,0.60684
CVE-2022-22539,0.01041,0.60014
CVE-2022-22540,0.01185,0.64177
CVE-2022-22541,0.00761,0.51031
CVE-2022-22542,0.00903,0.55592
CVE-2022-22543,0.01361,0.68525
CVE-2022-22544,0.01399,0.69317
CVE-2022-22545,0.00819,0.52971
CVE-2022-22546,0.00489,0.38729
CVE-2022-22547,0.02462,0.82584
CVE-2022-22549,0.00659,0.47278
CVE-2022-22550,0.00221,0.12669
CVE-2022-22551,0.00388,0.30979
CVE-2022-22552,0.00689,0.4847
CVE-2022-22553,0.01079,0.61182
CVE-2022-22554,0.002,0.10037
CVE-2022-22555,0.00857,0.54199
CVE-2022-22556,0.012,0.64575
CVE-2022-22557,0.00197,0.09678
CVE-2022-22558,0.00206,0.1071
CVE-2022-22559,0.00569,0.43206
CVE-2022-22560,0.00176,0.07234
CVE-2022-22561,0.01355,0.68387
CVE-2022-22562,0.00894,0.55304
CVE-2022-22563,0.0021,0.11238
CVE-2022-22564,0.00451,0.36289
CVE-2022-22565,0.00474,0.3776
CVE-2022-22566,0.00257,0.17133
CVE-2022-22567,0.00138,0.03628
CVE-2022-22570,0.01027,0.59593
CVE-2022-22571,0.00908,0.55766
CVE-2022-22572,0.02004,0.78476
CVE-2022-22576,0.01914,0.77439
CVE-2022-22577,0.01594,0.72876
CVE-2022-22578,0.00945,0.56956
CVE-2022-22579,0.01688,0.74386
CVE-2022-22582,0.17715,0.96806
CVE-2022-22583,0.01633,0.73513
CVE-2022-22584,0.01509,0.71467
CVE-2022-22585,0.0159,0.72816
CVE-2022-22586,0.01926,0.77585
CVE-2022-22587,0.11638,0.95558
CVE-2022-22588,0.09437,0.9485
CVE-2022-22589,0.01973,0.78131
CVE-2022-22590,0.01451,0.70329
CVE-2022-22591,0.01086,0.6139
CVE-2022-22592,0.01495,0.71196
CVE-2022-22593,0.01391,0.69149
CVE-2022-22594,0.00815,0.52833
CVE-2022-22596,0.00326,0.24653
CVE-2022-22597,0.01235,0.65553
CVE-2022-22598,0.00279,0.19791
CVE-2022-22599,0.00279,0.19866
CVE-2022-22600,0.01627,0.73408
CVE-2022-22601,0.00913,0.55912
CVE-2022-22602,0.00913,0.55912
CVE-2022-22603,0.00913,0.55912
CVE-2022-22604,0.00913,0.55912
CVE-2022-22605,0.0078,0.51659
CVE-2022-22606,0.00969,0.57757
CVE-2022-22607,0.00828,0.53231
CVE-2022-22608,0.00828,0.53231
CVE-2022-22609,0.01292,0.66918
CVE-2022-22610,0.01006,0.58966
CVE-2022-22611,0.01022,0.59455
CVE-2022-22612,0.00769,0.51316
CVE-2022-22613,0.01143,0.62959
CVE-2022-22614,0.01252,0.65975
CVE-2022-22615,0.01252,0.65975
CVE-2022-22616,0.07749,0.93943
CVE-2022-22617,0.00296,0.2142
CVE-2022-22618,0.00364,0.28541
CVE-2022-22620,0.16342,0.96591
CVE-2022-22621,0.0029,0.20913
CVE-2022-22622,0.00291,0.21017
CVE-2022-22624,0.01065,0.60773
CVE-2022-22625,0.01109,0.62075
CVE-2022-22626,0.01109,0.62075
CVE-2022-22627,0.00999,0.58689
CVE-2022-22628,0.01065,0.60773
CVE-2022-22629,0.03668,0.88355
CVE-2022-22630,0.01402,0.69372
CVE-2022-22631,0.00309,0.22813
CVE-2022-22632,0.01476,0.70839
CVE-2022-22633,0.01122,0.62418
CVE-2022-22634,0.01134,0.62737
CVE-2022-22635,0.01176,0.63913
CVE-2022-22636,0.00977,0.58048
CVE-2022-22637,0.00632,0.46098
CVE-2022-22638,0.0186,0.76772
CVE-2022-22639,0.08067,0.94128
CVE-2022-22640,0.01097,0.61753
CVE-2022-22641,0.01388,0.69087
CVE-2022-22642,0.01124,0.62485
CVE-2022-22643,0.01201,0.64615
CVE-2022-22644,0.00634,0.46162
CVE-2022-22646,0.00204,0.10421
CVE-2022-22647,0.00286,0.20516
CVE-2022-22648,0.00404,0.32555
CVE-2022-22650,0.00244,0.1552
CVE-2022-22651,0.01807,0.76047
CVE-2022-22652,0.00302,0.22044
CVE-2022-22653,0.01102,0.61882
CVE-2022-22654,0.00865,0.54428
CVE-2022-22655,0.0031,0.22901
CVE-2022-22656,0.00248,0.16057
CVE-2022-22657,0.01055,0.60464
CVE-2022-22658,0.008,0.52303
CVE-2022-22659,0.00879,0.5486
CVE-2022-22660,0.00601,0.44648
CVE-2022-22661,0.01083,0.61316
CVE-2022-22662,0.01259,0.66166
CVE-2022-22663,0.00939,0.56786
CVE-2022-22664,0.01055,0.60464
CVE-2022-22665,0.01129,0.62613
CVE-2022-22666,0.01272,0.66466
CVE-2022-22667,0.01007,0.58971
CVE-2022-22668,0.00236,0.14544
CVE-2022-22669,0.0029,0.20906
CVE-2022-22670,0.00667,0.47598
CVE-2022-22671,0.00272,0.19057
CVE-2022-22672,0.00927,0.56358
CVE-2022-22673,0.00944,0.5692
CVE-2022-22674,0.01132,0.62693
CVE-2022-22675,0.12642,0.95793
CVE-2022-22676,0.00684,0.48283
CVE-2022-22677,0.00633,0.46158
CVE-2022-22679,0.01157,0.63362
CVE-2022-22680,0.01143,0.62962
CVE-2022-22681,0.00931,0.56486
CVE-2022-22682,0.00526,0.40877
CVE-2022-22683,0.01291,0.66895
CVE-2022-22684,0.01518,0.71619
CVE-2022-22685,0.01097,0.61754
CVE-2022-22686,0.00291,0.21015
CVE-2022-22687,0.02285,0.81161
CVE-2022-22688,0.01575,0.72601
CVE-2022-22689,0.0128,0.6665
CVE-2022-22690,0.01138,0.62851
CVE-2022-22691,0.01016,0.59261
CVE-2022-22700,0.01098,0.61787
CVE-2022-22701,0.01017,0.59279
CVE-2022-22702,0.00713,0.49371
CVE-2022-22703,0.00236,0.14473
CVE-2022-22704,0.01334,0.67845
CVE-2022-22706,0.01226,0.65327
CVE-2022-22707,0.08969,0.94655
CVE-2022-22709,0.02258,0.80931
CVE-2022-22710,0.00891,0.55222
CVE-2022-22711,0.00513,0.4013
CVE-2022-22712,0.00802,0.52403
CVE-2022-22713,0.00731,0.50026
CVE-2022-22715,0.12636,0.95792
CVE-2022-22716,0.04642,0.90656
CVE-2022-22717,0.00714,0.49385
CVE-2022-22718,0.18464,0.96905
CVE-2022-22719,0.69803,0.99291
CVE-2022-22720,0.28189,0.97885
CVE-2022-22721,0.41861,0.98529
CVE-2022-22722,0.02371,0.81876
CVE-2022-22723,0.02822,0.84941
CVE-2022-22724,0.0093,0.56469
CVE-2022-22725,0.02789,0.84756
CVE-2022-22726,0.00771,0.5137
CVE-2022-22727,0.01235,0.65543
CVE-2022-22728,0.04712,0.90773
CVE-2022-22729,0.0093,0.56464
CVE-2022-22730,0.00831,0.53342
CVE-2022-22731,0.00782,0.51735
CVE-2022-22732,0.00268,0.18477
CVE-2022-22733,0.37594,0.98361
CVE-2022-22734,0.00788,0.51949
CVE-2022-22735,0.01297,0.67042
CVE-2022-22736,0.00244,0.15546
CVE-2022-22737,0.0075,0.50674
CVE-2022-22738,0.00995,0.58596
CVE-2022-22739,0.00679,0.48099
CVE-2022-22740,0.0096,0.57397
CVE-2022-22741,0.00652,0.46955
CVE-2022-22742,0.00796,0.52197
CVE-2022-22743,0.00643,0.46562
CVE-2022-22744,0.01344,0.68095
CVE-2022-22745,0.00646,0.46715
CVE-2022-22746,0.0059,0.44164
CVE-2022-22747,0.0063,0.45983
CVE-2022-22748,0.00737,0.50236
CVE-2022-22749,0.0042,0.33993
CVE-2022-22750,0.00572,0.43357
CVE-2022-22751,0.0087,0.54574
CVE-2022-22752,0.00521,0.40639
CVE-2022-22753,0.00632,0.46087
CVE-2022-22754,0.00644,0.46604
CVE-2022-22755,0.00586,0.4394
CVE-2022-22756,0.00926,0.56337
CVE-2022-22757,0.00233,0.14143
CVE-2022-22758,0.00364,0.28571
CVE-2022-22759,0.00743,0.50415
CVE-2022-22760,0.00759,0.50954
CVE-2022-22761,0.00743,0.50415
CVE-2022-22762,0.0037,0.29166
CVE-2022-22763,0.00564,0.42941
CVE-2022-22764,0.00702,0.4897
CVE-2022-22765,0.00231,0.13962
CVE-2022-22766,0.00228,0.13527
CVE-2022-22767,0.00409,0.32947
CVE-2022-22769,0.00866,0.54478
CVE-2022-22770,0.01146,0.63037
CVE-2022-22771,0.02096,0.79504
CVE-2022-22772,0.02181,0.80279
CVE-2022-22773,0.00488,0.38652
CVE-2022-22774,0.00853,0.54035
CVE-2022-22775,0.00487,0.38613
CVE-2022-22776,0.00538,0.41527
CVE-2022-22777,0.00577,0.43553
CVE-2022-22778,0.00402,0.32343
CVE-2022-22779,0.00801,0.52364
CVE-2022-22780,0.01697,0.74498
CVE-2022-22781,0.00398,0.31998
CVE-2022-22782,0.0037,0.29098
CVE-2022-22783,0.00975,0.57968
CVE-2022-22784,0.04301,0.9001
CVE-2022-22785,0.03707,0.88474
CVE-2022-22786,0.01611,0.73143
CVE-2022-22787,0.03885,0.89018
CVE-2022-22788,0.01417,0.69668
CVE-2022-22789,0.00151,0.04696
CVE-2022-22790,0.01023,0.59478
CVE-2022-22791,0.00382,0.30262
CVE-2022-22792,0.00592,0.44219
CVE-2022-22793,0.00684,0.48298
CVE-2022-22794,0.00995,0.58565
CVE-2022-22795,0.01041,0.60007
CVE-2022-22796,0.01322,0.67562
CVE-2022-22797,0.00474,0.37756
CVE-2022-22798,0.00583,0.43838
CVE-2022-22804,0.00451,0.36297
CVE-2022-22805,0.11664,0.95564
CVE-2022-22806,0.12256,0.95708
CVE-2022-22807,0.00938,0.56763
CVE-2022-22808,0.00677,0.48026
CVE-2022-22809,0.00778,0.51588
CVE-2022-22810,0.01091,0.61521
CVE-2022-22811,0.00406,0.32723
CVE-2022-22812,0.00604,0.44778
CVE-2022-22813,0.01071,0.60955
CVE-2022-22814,0.02266,0.8099
CVE-2022-22815,0.02556,0.83251
CVE-2022-22816,0.01957,0.7796
CVE-2022-22817,0.03399,0.87453
CVE-2022-22818,0.03328,0.87198
CVE-2022-22819,0.01314,0.67389
CVE-2022-22820,0.00837,0.53518
CVE-2022-22821,0.00298,0.21622
CVE-2022-22822,0.04829,0.9096
CVE-2022-22823,0.03404,0.87473
CVE-2022-22824,0.03404,0.87472
CVE-2022-22825,0.02636,0.83792
CVE-2022-22826,0.02801,0.84828
CVE-2022-22827,0.02801,0.84828
CVE-2022-22828,0.02073,0.79251
CVE-2022-22831,0.11441,0.95509
CVE-2022-22832,0.14058,0.96134
CVE-2022-22833,0.11484,0.9552
CVE-2022-22834,0.0327,0.8696
CVE-2022-22835,0.145,0.96228
CVE-2022-22836,0.05369,0.91719
CVE-2022-22844,0.01336,0.67927
CVE-2022-22845,0.03811,0.88815
CVE-2022-22846,0.00844,0.53718
CVE-2022-22847,0.01155,0.63322
CVE-2022-22850,0.00654,0.47038
CVE-2022-22851,0.00627,0.45861
CVE-2022-22852,0.00839,0.53583
CVE-2022-22853,0.00824,0.53118
CVE-2022-22854,0.00947,0.5704
CVE-2022-22868,0.00857,0.54202
CVE-2022-22880,0.01374,0.68816
CVE-2022-22881,0.01374,0.68817
CVE-2022-22885,0.01301,0.6713
CVE-2022-22888,0.00742,0.50395
CVE-2022-22890,0.0077,0.51334
CVE-2022-22891,0.00616,0.45402
CVE-2022-22892,0.00616,0.45402
CVE-2022-22893,0.00742,0.50395
CVE-2022-22894,0.00748,0.50585
CVE-2022-22895,0.00817,0.52876
CVE-2022-22897,0.10814,0.95332
CVE-2022-22899,0.00863,0.5436
CVE-2022-22901,0.00671,0.4775
CVE-2022-22908,0.00274,0.19264
CVE-2022-22909,0.45434,0.98647
CVE-2022-22912,0.02553,0.83225
CVE-2022-22914,0.01389,0.69121
CVE-2022-22916,0.38394,0.98397
CVE-2022-22919,0.00621,0.45641
CVE-2022-22922,0.01324,0.6761
CVE-2022-22928,0.025,0.82853
CVE-2022-22929,0.02576,0.83387
CVE-2022-22930,0.23694,0.97552
CVE-2022-22931,0.01761,0.75389
CVE-2022-22932,0.0283,0.84981
CVE-2022-22934,0.00861,0.54311
CVE-2022-22935,0.01586,0.72758
CVE-2022-22936,0.00808,0.526
CVE-2022-22938,0.00365,0.28664
CVE-2022-22939,0.00778,0.51594
CVE-2022-22941,0.01315,0.67405
CVE-2022-22942,0.02579,0.83412
CVE-2022-22943,0.01217,0.65055
CVE-2022-22944,0.00453,0.36448
CVE-2022-22945,0.00354,0.27597
CVE-2022-22946,0.04846,0.90993
CVE-2022-22947,0.98253,0.99909
CVE-2022-22948,0.13935,0.96112
CVE-2022-22950,0.35834,0.98283
CVE-2022-22951,0.21926,0.97372
CVE-2022-22952,0.01416,0.69662
CVE-2022-22953,0.00731,0.50034
CVE-2022-22954,0.99997,0.99988
CVE-2022-22955,0.08087,0.94148
CVE-2022-22956,0.50694,0.98791
CVE-2022-22957,0.23084,0.97494
CVE-2022-22958,0.02952,0.85577
CVE-2022-22959,0.00497,0.39165
CVE-2022-22960,0.37171,0.98342
CVE-2022-22961,0.00813,0.52746
CVE-2022-22962,0.00288,0.20688
CVE-2022-22963,0.99939,0.9997
CVE-2022-22964,0.00231,0.13868
CVE-2022-22965,0.99677,0.99949
CVE-2022-22966,0.0639,0.92863
CVE-2022-22967,0.01878,0.76986
CVE-2022-22968,0.05666,0.92075
CVE-2022-22969,0.01234,0.65534
CVE-2022-22970,0.01978,0.78187
CVE-2022-22971,0.03126,0.86349
CVE-2022-22972,0.55801,0.98929
CVE-2022-22973,0.02354,0.8176
CVE-2022-22975,0.00925,0.56287
CVE-2022-22976,0.02282,0.81135
CVE-2022-22977,0.00782,0.51741
CVE-2022-22978,0.10689,0.95295
CVE-2022-22979,0.0127,0.66429
CVE-2022-22980,0.16903,0.96695
CVE-2022-22982,0.00946,0.57011
CVE-2022-22983,0.00285,0.204
CVE-2022-22984,0.03007,0.85837
CVE-2022-22985,0.01026,0.59586
CVE-2022-22986,0.00709,0.49212
CVE-2022-22987,0.01211,0.64884
CVE-2022-22988,0.00714,0.49403
CVE-2022-22989,0.0131,0.67305
CVE-2022-22990,0.02124,0.79758
CVE-2022-22991,0.01333,0.67819
CVE-2022-22992,0.02309,0.81378
CVE-2022-22993,0.00758,0.5092
CVE-2022-22994,0.01853,0.76679
CVE-2022-22995,0.02656,0.83914
CVE-2022-22996,0.00294,0.21213
CVE-2022-22997,0.01454,0.70392
CVE-2022-22998,0.00745,0.50503
CVE-2022-22999,0.00322,0.24204
CVE-2022-23000,0.00185,0.08249
CVE-2022-23001,0.00615,0.45327
CVE-2022-23002,0.00615,0.45326
CVE-2022-23003,0.00615,0.45326
CVE-2022-23004,0.00615,0.45326
CVE-2022-23005,0.00822,0.53063
CVE-2022-23006,0.00278,0.19703
CVE-2022-23008,0.0053,0.41089
CVE-2022-23009,0.01112,0.62159
CVE-2022-23010,0.00952,0.57192
CVE-2022-23011,0.0093,0.56466
CVE-2022-23012,0.0092,0.56118
CVE-2022-23013,0.00797,0.5224
CVE-2022-23014,0.0082,0.52976
CVE-2022-23015,0.00629,0.45974
CVE-2022-23016,0.0092,0.56118
CVE-2022-23017,0.0092,0.5612
CVE-2022-23018,0.0092,0.56119
CVE-2022-23019,0.0092,0.5612
CVE-2022-23020,0.00976,0.58007
CVE-2022-23021,0.0092,0.56119
CVE-2022-23022,0.0092,0.56119
CVE-2022-23023,0.00895,0.55326
CVE-2022-23024,0.00904,0.55597
CVE-2022-23025,0.00904,0.55597
CVE-2022-23026,0.00739,0.50305
CVE-2022-23027,0.00915,0.55993
CVE-2022-23028,0.00889,0.5515
CVE-2022-23029,0.00729,0.49955
CVE-2022-23030,0.00889,0.5515
CVE-2022-23031,0.00834,0.53424
CVE-2022-23032,0.00404,0.32543
CVE-2022-23033,0.0034,0.26074
CVE-2022-23034,0.00336,0.25705
CVE-2022-23035,0.00352,0.27296
CVE-2022-23036,0.00359,0.28071
CVE-2022-23037,0.00343,0.26366
CVE-2022-23038,0.00359,0.28071
CVE-2022-23039,0.00359,0.28071
CVE-2022-23040,0.00359,0.28071
CVE-2022-23041,0.00359,0.2807
CVE-2022-23042,0.0025,0.16308
CVE-2022-23043,0.01459,0.70496
CVE-2022-23044,0.00419,0.33908
CVE-2022-23045,0.00621,0.45608
CVE-2022-23046,0.25243,0.97688
CVE-2022-23047,0.02936,0.85504
CVE-2022-23048,0.02074,0.79263
CVE-2022-23049,0.03033,0.85956
CVE-2022-23050,0.04646,0.90662
CVE-2022-23051,0.00516,0.40295
CVE-2022-23052,0.00438,0.35355
CVE-2022-23053,0.00615,0.45351
CVE-2022-23054,0.00615,0.45351
CVE-2022-23055,0.01138,0.62842
CVE-2022-23056,0.0081,0.52675
CVE-2022-23057,0.0059,0.44172
CVE-2022-23058,0.0081,0.52675
CVE-2022-23059,0.00615,0.45307
CVE-2022-23060,0.00597,0.44468
CVE-2022-23061,0.01082,0.61266
CVE-2022-23063,0.01178,0.64008
CVE-2022-23064,0.01264,0.66304
CVE-2022-23065,0.00588,0.44081
CVE-2022-23066,0.0229,0.81208
CVE-2022-23067,0.01251,0.65954
CVE-2022-23068,0.00588,0.44081
CVE-2022-23071,0.00959,0.57387
CVE-2022-23072,0.0081,0.52675
CVE-2022-23073,0.0081,0.52675
CVE-2022-23074,0.0081,0.52674
CVE-2022-23077,0.00734,0.5013
CVE-2022-23078,0.0111,0.6211
CVE-2022-23079,0.01315,0.67405
CVE-2022-23080,0.00785,0.5182
CVE-2022-23081,0.00936,0.56661
CVE-2022-23082,0.01244,0.6577
CVE-2022-23083,0.00724,0.49745
CVE-2022-23084,0.00243,0.15429
CVE-2022-23085,0.0049,0.38764
CVE-2022-23086,0.00447,0.36005
CVE-2022-23087,0.00209,0.11023
CVE-2022-23088,0.0362,0.8818
CVE-2022-23089,0.00176,0.07251
CVE-2022-23090,0.00218,0.12231
CVE-2022-23091,0.00174,0.07069
CVE-2022-23092,0.00654,0.4703
CVE-2022-23093,0.02398,0.82085
CVE-2022-23094,0.02699,0.84189
CVE-2022-23095,0.01127,0.62557
CVE-2022-23096,0.02598,0.83543
CVE-2022-23097,0.02372,0.81889
CVE-2022-23098,0.02485,0.82746
CVE-2022-23099,0.00573,0.43391
CVE-2022-23100,0.0305,0.86026
CVE-2022-23101,0.00606,0.44877
CVE-2022-23102,0.05265,0.91604
CVE-2022-23103,0.01118,0.6234
CVE-2022-23104,0.00208,0.10952
CVE-2022-23105,0.00449,0.36181
CVE-2022-23106,0.01121,0.62408
CVE-2022-23107,0.01886,0.77104
CVE-2022-23108,0.00839,0.53582
CVE-2022-23109,0.00959,0.57385
CVE-2022-23110,0.00819,0.52955
CVE-2022-23111,0.26546,0.97779
CVE-2022-23112,0.00855,0.54101
CVE-2022-23113,0.01504,0.7137
CVE-2022-23114,0.00307,0.22614
CVE-2022-23115,0.00579,0.43661
CVE-2022-23116,0.00828,0.5323
CVE-2022-23117,0.01285,0.66769
CVE-2022-23118,0.01603,0.73027
CVE-2022-23119,0.2225,0.97402
CVE-2022-23120,0.06378,0.92855
CVE-2022-23121,0.08594,0.94457
CVE-2022-23122,0.04446,0.90301
CVE-2022-23123,0.03848,0.88917
CVE-2022-23124,0.02837,0.85015
CVE-2022-23125,0.04354,0.90115
CVE-2022-23126,0.02208,0.8052
CVE-2022-23127,0.01614,0.73197
CVE-2022-23128,0.02884,0.85246
CVE-2022-23129,0.00186,0.08363
CVE-2022-23130,0.01004,0.5891
CVE-2022-23131,0.95683,0.99862
CVE-2022-23132,0.00796,0.52175
CVE-2022-23133,0.01035,0.59862
CVE-2022-23134,0.84657,0.99678
CVE-2022-23135,0.01375,0.6883
CVE-2022-23136,0.00433,0.34979
CVE-2022-23137,0.00525,0.4082
CVE-2022-23138,0.00872,0.5466
CVE-2022-23139,0.00727,0.49868
CVE-2022-23141,0.00737,0.50216
CVE-2022-23142,0.00615,0.45327
CVE-2022-23143,0.00555,0.42445
CVE-2022-23144,0.00672,0.47779
CVE-2022-23155,0.01275,0.66549
CVE-2022-23156,0.00237,0.14662
CVE-2022-23157,0.00229,0.13667
CVE-2022-23158,0.00685,0.48353
CVE-2022-23159,0.0059,0.44163
CVE-2022-23160,0.00494,0.39009
CVE-2022-23161,0.00948,0.57074
CVE-2022-23163,0.00205,0.10625
CVE-2022-23165,0.00368,0.2889
CVE-2022-23166,0.01064,0.60732
CVE-2022-23167,0.00455,0.36586
CVE-2022-23168,0.00431,0.348
CVE-2022-23169,0.00418,0.33783
CVE-2022-23170,0.00611,0.45139
CVE-2022-23171,0.00614,0.45277
CVE-2022-23172,0.0041,0.33041
CVE-2022-23173,0.00511,0.40016
CVE-2022-23176,0.13318,0.95952
CVE-2022-23178,0.75711,0.99466
CVE-2022-23179,0.00536,0.41419
CVE-2022-23180,0.0053,0.41119
CVE-2022-23181,0.00692,0.48597
CVE-2022-23182,0.00387,0.30854
CVE-2022-23183,0.01437,0.70049
CVE-2022-23184,0.00563,0.42897
CVE-2022-23186,0.02321,0.81485
CVE-2022-23187,0.04306,0.90018
CVE-2022-23188,0.04443,0.90297
CVE-2022-23189,0.01741,0.75114
CVE-2022-23190,0.01905,0.77333
CVE-2022-23191,0.01905,0.77333
CVE-2022-23192,0.02408,0.82164
CVE-2022-23193,0.02029,0.78776
CVE-2022-23194,0.01905,0.77334
CVE-2022-23195,0.01905,0.77333
CVE-2022-23196,0.01905,0.77332
CVE-2022-23197,0.01905,0.77334
CVE-2022-23198,0.01741,0.75115
CVE-2022-23199,0.01741,0.75114
CVE-2022-23200,0.02993,0.85773
CVE-2022-23201,0.00658,0.4721
CVE-2022-23202,0.02249,0.80862
CVE-2022-23203,0.04911,0.91097
CVE-2022-23204,0.01881,0.77034
CVE-2022-23205,0.02197,0.80428
CVE-2022-23206,0.01978,0.78188
CVE-2022-23218,0.04729,0.90803
CVE-2022-23219,0.04211,0.89821
CVE-2022-23220,0.00521,0.40582
CVE-2022-23221,0.64766,0.99153
CVE-2022-23222,0.01914,0.77436
CVE-2022-23223,0.04306,0.90018
CVE-2022-23227,0.49431,0.98758
CVE-2022-23228,0.01324,0.67622
CVE-2022-23232,0.00753,0.50751
CVE-2022-23233,0.00916,0.56008
CVE-2022-23234,0.00162,0.05787
CVE-2022-23235,0.00509,0.39896
CVE-2022-23236,0.0017,0.06578
CVE-2022-23237,0.00566,0.43055
CVE-2022-23238,0.00609,0.4501
CVE-2022-23239,0.00344,0.265
CVE-2022-23240,0.00414,0.33472
CVE-2022-23241,0.00673,0.47859
CVE-2022-23242,0.00201,0.10087
CVE-2022-23252,0.00788,0.51929
CVE-2022-23253,0.56376,0.98943
CVE-2022-23254,0.02567,0.83322
CVE-2022-23255,0.0056,0.42735
CVE-2022-23256,0.01558,0.72324
CVE-2022-23257,0.00599,0.44571
CVE-2022-23258,0.01576,0.72607
CVE-2022-23259,0.02776,0.84695
CVE-2022-23261,0.01573,0.72555
CVE-2022-23262,0.01204,0.64674
CVE-2022-23263,0.0079,0.51999
CVE-2022-23264,0.00676,0.47965
CVE-2022-23265,0.02737,0.8442
CVE-2022-23266,0.01043,0.60104
CVE-2022-23267,0.05041,0.913
CVE-2022-23268,0.00593,0.44272
CVE-2022-23269,0.01164,0.63573
CVE-2022-23270,0.73097,0.99391
CVE-2022-23271,0.03755,0.88628
CVE-2022-23272,0.0255,0.83203
CVE-2022-23273,0.022,0.80454
CVE-2022-23274,0.02145,0.79953
CVE-2022-23276,0.00543,0.41823
CVE-2022-23277,0.40789,0.98493
CVE-2022-23278,0.0183,0.76361
CVE-2022-23279,0.04861,0.91017
CVE-2022-23280,0.02393,0.82047
CVE-2022-23281,0.01054,0.6044
CVE-2022-23282,0.02313,0.8142
CVE-2022-23283,0.00373,0.29443
CVE-2022-23284,0.03062,0.86078
CVE-2022-23285,0.25715,0.97723
CVE-2022-23286,0.04304,0.90013
CVE-2022-23287,0.00558,0.42599
CVE-2022-23288,0.00558,0.42599
CVE-2022-23290,0.00604,0.44808
CVE-2022-23291,0.00621,0.45609
CVE-2022-23292,0.00797,0.5221
CVE-2022-23293,0.00645,0.46666
CVE-2022-23294,0.0222,0.80623
CVE-2022-23295,0.02183,0.80291
CVE-2022-23296,0.00644,0.4661
CVE-2022-23297,0.00733,0.50104
CVE-2022-23298,0.00558,0.42599
CVE-2022-23299,0.07618,0.93858
CVE-2022-23300,0.02183,0.80291
CVE-2022-23301,0.0221,0.80534
CVE-2022-23302,0.61785,0.99074
CVE-2022-23303,0.02944,0.85538
CVE-2022-23304,0.01903,0.77302
CVE-2022-23305,0.66537,0.99199
CVE-2022-23307,0.52458,0.9884
CVE-2022-23308,0.0601,0.9249
CVE-2022-23312,0.00562,0.42837
CVE-2022-23314,0.01595,0.72886
CVE-2022-23315,0.01819,0.76217
CVE-2022-23316,0.01017,0.59288
CVE-2022-23317,0.01076,0.611
CVE-2022-23318,0.0079,0.51996
CVE-2022-23319,0.00671,0.47751
CVE-2022-23320,0.0163,0.73461
CVE-2022-23321,0.00585,0.43924
CVE-2022-23327,0.0134,0.68015
CVE-2022-23328,0.0134,0.68014
CVE-2022-23329,0.1441,0.96208
CVE-2022-23330,0.01926,0.77583
CVE-2022-23331,0.01175,0.63896
CVE-2022-23332,0.05234,0.91562
CVE-2022-23334,0.00413,0.33365
CVE-2022-23335,0.01575,0.72597
CVE-2022-23336,0.01096,0.61737
CVE-2022-23337,0.02288,0.81187
CVE-2022-23340,0.01505,0.71378
CVE-2022-23342,0.01226,0.65316
CVE-2022-23345,0.01517,0.71612
CVE-2022-23346,0.0137,0.68721
CVE-2022-23347,0.11993,0.95648
CVE-2022-23348,0.02899,0.85326
CVE-2022-23349,0.00636,0.46272
CVE-2022-23350,0.00593,0.44269
CVE-2022-23352,0.01569,0.72491
CVE-2022-23357,0.19877,0.97118
CVE-2022-23358,0.01213,0.64963
CVE-2022-23363,0.00968,0.57723
CVE-2022-23364,0.01254,0.66029
CVE-2022-23365,0.01228,0.6537
CVE-2022-23366,0.06708,0.93147
CVE-2022-23367,0.00855,0.54114
CVE-2022-23375,0.19872,0.97117
CVE-2022-23376,0.00858,0.54228
CVE-2022-23377,0.02139,0.79911
CVE-2022-23378,0.01096,0.61732
CVE-2022-23379,0.01374,0.68817
CVE-2022-23380,0.00955,0.57283
CVE-2022-23382,0.00479,0.38059
CVE-2022-23383,0.01174,0.63851
CVE-2022-23384,0.00543,0.4184
CVE-2022-23387,0.01195,0.64442
CVE-2022-23389,0.21951,0.97374
CVE-2022-23390,0.01454,0.70403
CVE-2022-23391,0.00621,0.45603
CVE-2022-23395,0.01123,0.6244
CVE-2022-23397,0.00913,0.55939
CVE-2022-23399,0.01109,0.62092
CVE-2022-23400,0.00767,0.51252
CVE-2022-23401,0.00216,0.12
CVE-2022-23402,0.00981,0.58164
CVE-2022-23403,0.00186,0.08405
CVE-2022-23408,0.01417,0.69682
CVE-2022-23409,0.13759,0.96074
CVE-2022-23410,0.00383,0.30456
CVE-2022-23425,0.00409,0.33003
CVE-2022-23426,0.00105,0.01265
CVE-2022-23427,0.001,0.01017
CVE-2022-23428,0.00152,0.04836
CVE-2022-23429,0.001,0.01064
CVE-2022-23431,0.00117,0.01955
CVE-2022-23432,0.00117,0.01955
CVE-2022-23433,0.00617,0.45408
CVE-2022-23434,0.00237,0.14633
CVE-2022-23435,0.01192,0.64362
CVE-2022-23437,0.0444,0.9029
CVE-2022-23438,0.00533,0.41284
CVE-2022-23439,0.00441,0.35586
CVE-2022-23440,0.0019,0.08752
CVE-2022-23441,0.00897,0.55414
CVE-2022-23442,0.00488,0.38678
CVE-2022-23443,0.01206,0.64741
CVE-2022-23446,0.00208,0.1099
CVE-2022-23447,0.00799,0.52289
CVE-2022-23448,0.00234,0.14232
CVE-2022-23449,0.00307,0.22586
CVE-2022-23450,0.35758,0.98279
CVE-2022-23451,0.01007,0.58982
CVE-2022-23452,0.01018,0.59304
CVE-2022-23453,0.00186,0.08386
CVE-2022-23454,0.00186,0.08386
CVE-2022-23455,0.00186,0.08387
CVE-2022-23456,0.00276,0.19486
CVE-2022-23457,0.02829,0.84975
CVE-2022-23458,0.00526,0.40864
CVE-2022-23459,0.00836,0.53504
CVE-2022-23460,0.00625,0.45814
CVE-2022-23461,0.00518,0.4045
CVE-2022-23462,0.00649,0.46816
CVE-2022-23463,0.01804,0.76007
CVE-2022-23464,0.00613,0.45235
CVE-2022-23465,0.0043,0.34702
CVE-2022-23466,0.00384,0.30508
CVE-2022-23467,0.00351,0.27286
CVE-2022-23468,0.00762,0.51082
CVE-2022-23469,0.00977,0.58036
CVE-2022-23470,0.00785,0.5181
CVE-2022-23471,0.01022,0.59413
CVE-2022-23472,0.00791,0.52037
CVE-2022-23473,0.00454,0.36482
CVE-2022-23474,0.00533,0.41269
CVE-2022-23475,0.00454,0.36501
CVE-2022-23476,0.0168,0.74254
CVE-2022-23477,0.00847,0.53824
CVE-2022-23478,0.00799,0.52279
CVE-2022-23479,0.00847,0.53824
CVE-2022-23480,0.00847,0.53824
CVE-2022-23481,0.00729,0.49928
CVE-2022-23482,0.00729,0.49927
CVE-2022-23483,0.00822,0.53064
CVE-2022-23484,0.00724,0.49765
CVE-2022-23485,0.00423,0.34246
CVE-2022-23486,0.00689,0.48477
CVE-2022-23487,0.00689,0.48477
CVE-2022-23488,0.0057,0.43228
CVE-2022-23490,0.00435,0.35123
CVE-2022-23491,0.00535,0.41388
CVE-2022-23492,0.00969,0.57753
CVE-2022-23493,0.00892,0.55244
CVE-2022-23494,0.00939,0.56791
CVE-2022-23495,0.01254,0.66028
CVE-2022-23496,0.00738,0.50248
CVE-2022-23497,0.00838,0.53545
CVE-2022-23498,0.01132,0.62687
CVE-2022-23499,0.00438,0.35386
CVE-2022-23500,0.00686,0.48365
CVE-2022-23501,0.00479,0.38074
CVE-2022-23502,0.004,0.32223
CVE-2022-23503,0.00785,0.51812
CVE-2022-23504,0.00514,0.40202
CVE-2022-23505,0.00751,0.50681
CVE-2022-23506,0.00541,0.41723
CVE-2022-23507,0.00296,0.21507
CVE-2022-23508,0.00318,0.23748
CVE-2022-23509,0.00239,0.14849
CVE-2022-23510,0.00898,0.55422
CVE-2022-23511,0.00482,0.38279
CVE-2022-23512,0.00827,0.53203
CVE-2022-23513,0.40162,0.98469
CVE-2022-23514,0.01686,0.74355
CVE-2022-23515,0.00792,0.52046
CVE-2022-23516,0.01104,0.61934
CVE-2022-23517,0.01454,0.70396
CVE-2022-23518,0.00867,0.54496
CVE-2022-23519,0.00988,0.58395
CVE-2022-23520,0.0111,0.62113
CVE-2022-23521,0.56334,0.98942
CVE-2022-23522,0.00883,0.54967
CVE-2022-23523,0.00207,0.1078
CVE-2022-23524,0.0076,0.50998
CVE-2022-23525,0.00818,0.52938
CVE-2022-23526,0.00818,0.52937
CVE-2022-23527,0.00905,0.55637
CVE-2022-23530,0.00704,0.49031
CVE-2022-23531,0.0059,0.44174
CVE-2022-23532,0.00658,0.47248
CVE-2022-23535,0.00699,0.48837
CVE-2022-23536,0.00753,0.50755
CVE-2022-23537,0.01026,0.59578
CVE-2022-23538,0.00709,0.49234
CVE-2022-23539,0.00479,0.38055
CVE-2022-23540,0.00532,0.41205
CVE-2022-23541,0.00753,0.50765
CVE-2022-23542,0.0091,0.55832
CVE-2022-23543,0.00334,0.25452
CVE-2022-23544,0.01607,0.73083
CVE-2022-23546,0.0028,0.19876
CVE-2022-23547,0.00945,0.56957
CVE-2022-23548,0.00735,0.50172
CVE-2022-23549,0.00575,0.43461
CVE-2022-23551,0.00709,0.49222
CVE-2022-23552,0.00779,0.51636
CVE-2022-23553,0.0084,0.53605
CVE-2022-23554,0.00659,0.47279
CVE-2022-23555,0.00884,0.54999
CVE-2022-23556,0.00373,0.2942
CVE-2022-23557,0.00757,0.50873
CVE-2022-23558,0.00811,0.527
CVE-2022-23559,0.01173,0.63839
CVE-2022-23560,0.00837,0.53521
CVE-2022-23561,0.0054,0.41639
CVE-2022-23562,0.00578,0.43616
CVE-2022-23563,0.0011,0.0154
CVE-2022-23564,0.00469,0.3746
CVE-2022-23565,0.00469,0.3746
CVE-2022-23566,0.00924,0.56277
CVE-2022-23567,0.01097,0.61758
CVE-2022-23568,0.008,0.52322
CVE-2022-23569,0.00458,0.36752
CVE-2022-23570,0.00992,0.58489
CVE-2022-23571,0.00469,0.37459
CVE-2022-23572,0.00992,0.5849
CVE-2022-23573,0.00755,0.50808
CVE-2022-23574,0.00837,0.53521
CVE-2022-23575,0.00783,0.51751
CVE-2022-23576,0.00783,0.51752
CVE-2022-23577,0.00783,0.51751
CVE-2022-23578,0.00716,0.49469
CVE-2022-23579,0.00821,0.5303
CVE-2022-23580,0.00821,0.53031
CVE-2022-23581,0.01151,0.63204
CVE-2022-23582,0.00783,0.51752
CVE-2022-23583,0.00872,0.54644
CVE-2022-23584,0.00725,0.49786
CVE-2022-23585,0.00992,0.58489
CVE-2022-23586,0.008,0.52322
CVE-2022-23587,0.00888,0.55122
CVE-2022-23588,0.00864,0.54408
CVE-2022-23589,0.01097,0.61758
CVE-2022-23590,0.00973,0.57931
CVE-2022-23591,0.00789,0.51975
CVE-2022-23592,0.00858,0.5422
CVE-2022-23593,0.0087,0.546
CVE-2022-23594,0.00142,0.03934
CVE-2022-23595,0.00774,0.51486
CVE-2022-23596,0.01632,0.73494
CVE-2022-23597,0.0148,0.70914
CVE-2022-23598,0.00989,0.58416
CVE-2022-23599,0.00756,0.50843
CVE-2022-23600,0.00889,0.55142
CVE-2022-23601,0.00566,0.4304
CVE-2022-23602,0.01343,0.68084
CVE-2022-23603,0.00994,0.58557
CVE-2022-23604,0.01129,0.6261
CVE-2022-23605,0.00307,0.22612
CVE-2022-23606,0.01016,0.5926
CVE-2022-23607,0.01083,0.61293
CVE-2022-23608,0.04055,0.89471
CVE-2022-23609,0.01039,0.59955
CVE-2022-23610,0.0067,0.47701
CVE-2022-23611,0.01401,0.69355
CVE-2022-23612,0.01931,0.77657
CVE-2022-23613,0.00485,0.38439
CVE-2022-23614,0.08209,0.94224
CVE-2022-23615,0.00684,0.48285
CVE-2022-23616,0.02097,0.79513
CVE-2022-23617,0.00945,0.56965
CVE-2022-23618,0.008,0.52303
CVE-2022-23619,0.01128,0.62596
CVE-2022-23620,0.00957,0.57314
CVE-2022-23621,0.00935,0.56645
CVE-2022-23622,0.01008,0.59003
CVE-2022-23623,0.01244,0.65777
CVE-2022-23624,0.01244,0.65777
CVE-2022-23625,0.0122,0.65152
CVE-2022-23626,0.09874,0.95018
CVE-2022-23627,0.00992,0.58501
CVE-2022-23628,0.0103,0.59692
CVE-2022-23630,0.0132,0.67529
CVE-2022-23631,0.02351,0.8174
CVE-2022-23632,0.01714,0.74746
CVE-2022-23633,0.02207,0.80512
CVE-2022-23634,0.02124,0.79764
CVE-2022-23635,0.01651,0.73794
CVE-2022-23636,0.00772,0.5139
CVE-2022-23637,0.00475,0.37859
CVE-2022-23638,0.00682,0.48198
CVE-2022-23639,0.01239,0.65632
CVE-2022-23640,0.01446,0.70228
CVE-2022-23641,0.01159,0.6342
CVE-2022-23642,0.7431,0.99434
CVE-2022-23643,0.00801,0.52364
CVE-2022-23644,0.00905,0.5563
CVE-2022-23645,0.00404,0.3254
CVE-2022-23646,0.01795,0.75872
CVE-2022-23647,0.01479,0.70893
CVE-2022-23648,0.27392,0.97831
CVE-2022-23649,0.00163,0.05831
CVE-2022-23650,0.01556,0.72306
CVE-2022-23651,0.00214,0.11682
CVE-2022-23652,0.01397,0.69256
CVE-2022-23653,0.00206,0.10746
CVE-2022-23654,0.00723,0.49733
CVE-2022-23655,0.00634,0.46195
CVE-2022-23656,0.00563,0.42884
CVE-2022-23657,0.03041,0.85983
CVE-2022-23658,0.02682,0.84077
CVE-2022-23659,0.00525,0.40821
CVE-2022-23660,0.02682,0.84077
CVE-2022-23661,0.02109,0.79619
CVE-2022-23662,0.02109,0.79619
CVE-2022-23663,0.02109,0.7962
CVE-2022-23664,0.02109,0.79621
CVE-2022-23665,0.02109,0.7962
CVE-2022-23666,0.02109,0.7962
CVE-2022-23667,0.01429,0.69904
CVE-2022-23668,0.00914,0.55964
CVE-2022-23669,0.00987,0.58358
CVE-2022-23670,0.00989,0.5841
CVE-2022-23671,0.01224,0.65281
CVE-2022-23672,0.02109,0.7962
CVE-2022-23673,0.02109,0.79621
CVE-2022-23674,0.00541,0.41711
CVE-2022-23675,0.00537,0.41478
CVE-2022-23676,0.21877,0.97364
CVE-2022-23677,0.19536,0.97061
CVE-2022-23678,0.00822,0.5306
CVE-2022-23679,0.00371,0.29249
CVE-2022-23680,0.00371,0.29249
CVE-2022-23681,0.00596,0.44409
CVE-2022-23682,0.0063,0.45997
CVE-2022-23683,0.0162,0.73291
CVE-2022-23684,0.01015,0.59244
CVE-2022-23685,0.00399,0.3213
CVE-2022-23686,0.00298,0.21634
CVE-2022-23687,0.00298,0.21634
CVE-2022-23688,0.00298,0.21634
CVE-2022-23689,0.00298,0.21634
CVE-2022-23690,0.00731,0.50029
CVE-2022-23691,0.00345,0.26587
CVE-2022-23692,0.00889,0.55137
CVE-2022-23693,0.00889,0.55137
CVE-2022-23694,0.00889,0.55137
CVE-2022-23695,0.00889,0.55137
CVE-2022-23696,0.00889,0.55136
CVE-2022-23697,0.00696,0.4875
CVE-2022-23698,0.01353,0.6833
CVE-2022-23699,0.00276,0.19529
CVE-2022-23700,0.00277,0.19585
CVE-2022-23701,0.00675,0.47921
CVE-2022-23702,0.00228,0.13531
CVE-2022-23703,0.00767,0.5124
CVE-2022-23704,0.01818,0.76202
CVE-2022-23705,0.00999,0.5873
CVE-2022-23706,0.00676,0.47978
CVE-2022-23707,0.00527,0.40921
CVE-2022-23708,0.00909,0.55817
CVE-2022-23709,0.00544,0.41853
CVE-2022-23710,0.00759,0.50974
CVE-2022-23711,0.00888,0.55126
CVE-2022-23712,0.074,0.93718
CVE-2022-23713,0.00777,0.51564
CVE-2022-23714,0.00231,0.13925
CVE-2022-23715,0.00675,0.47922
CVE-2022-23716,0.00532,0.41229
CVE-2022-23717,0.00232,0.1405
CVE-2022-23718,0.01894,0.77197
CVE-2022-23719,0.00284,0.20365
CVE-2022-23720,0.00242,0.15327
CVE-2022-23721,0.00218,0.12182
CVE-2022-23722,0.00571,0.43319
CVE-2022-23723,0.00824,0.53123
CVE-2022-23724,0.00416,0.33646
CVE-2022-23725,0.00214,0.11691
CVE-2022-23726,0.00576,0.43502
CVE-2022-23727,0.00235,0.14391
CVE-2022-23728,0.00104,0.01238
CVE-2022-23729,0.0011,0.01507
CVE-2022-23730,0.01008,0.59003
CVE-2022-23731,0.00617,0.4543
CVE-2022-23732,0.01671,0.74107
CVE-2022-23733,0.00495,0.39024
CVE-2022-23734,0.01892,0.77174
CVE-2022-23737,0.00696,0.48735
CVE-2022-23738,0.00634,0.46163
CVE-2022-23739,0.01244,0.6577
CVE-2022-23740,0.01116,0.62252
CVE-2022-23741,0.01097,0.61769
CVE-2022-23742,0.04076,0.89518
CVE-2022-23743,0.00407,0.32797
CVE-2022-23744,0.0435,0.90104
CVE-2022-23745,0.14923,0.96313
CVE-2022-23746,0.00591,0.44208
CVE-2022-23747,0.10011,0.95069
CVE-2022-23748,0.09092,0.94705
CVE-2022-23763,0.00318,0.23803
CVE-2022-23764,0.00548,0.42084
CVE-2022-23765,0.00414,0.33396
CVE-2022-23766,0.00501,0.39392
CVE-2022-23767,0.00806,0.52539
CVE-2022-23768,0.00844,0.53721
CVE-2022-23769,0.0089,0.55175
CVE-2022-23770,0.01399,0.69298
CVE-2022-23771,0.00275,0.19386
CVE-2022-23772,0.0283,0.8498
CVE-2022-23773,0.02698,0.84183
CVE-2022-23774,0.00926,0.56309
CVE-2022-23775,0.0099,0.58431
CVE-2022-23779,0.1514,0.96352
CVE-2022-23790,0.00375,0.29655
CVE-2022-23791,0.00375,0.29655
CVE-2022-23793,0.02007,0.78551
CVE-2022-23794,0.00871,0.54636
CVE-2022-23795,0.01098,0.61777
CVE-2022-23796,0.00565,0.43026
CVE-2022-23797,0.01059,0.60579
CVE-2022-23798,0.00566,0.4306
CVE-2022-23799,0.01172,0.63808
CVE-2022-23800,0.0065,0.46912
CVE-2022-23801,0.00565,0.43027
CVE-2022-23802,0.0108,0.61192
CVE-2022-23803,0.01643,0.73685
CVE-2022-23804,0.01643,0.73685
CVE-2022-23805,0.00737,0.50242
CVE-2022-23806,0.03015,0.85874
CVE-2022-23807,0.00738,0.50245
CVE-2022-23808,0.07936,0.94058
CVE-2022-23810,0.01099,0.61799
CVE-2022-23812,0.04194,0.89781
CVE-2022-23813,0.00504,0.39609
CVE-2022-23814,0.00475,0.37836
CVE-2022-23815,0.00163,0.05884
CVE-2022-23817,0.00184,0.0814
CVE-2022-23818,0.00504,0.39615
CVE-2022-23820,0.00697,0.4877
CVE-2022-23821,0.00989,0.58405
CVE-2022-23822,0.0025,0.16248
CVE-2022-23823,0.01044,0.60128
CVE-2022-23824,0.00586,0.43951
CVE-2022-23825,0.00785,0.51809
CVE-2022-23826,0.00082,0.00283
CVE-2022-23829,0.00196,0.09439
CVE-2022-23830,0.00348,0.26931
CVE-2022-23831,0.00654,0.47031
CVE-2022-23833,0.49246,0.98752
CVE-2022-23835,0.01406,0.69457
CVE-2022-23837,0.05258,0.91592
CVE-2022-23848,0.01211,0.64894
CVE-2022-23849,0.00248,0.1606
CVE-2022-23850,0.00867,0.54505
CVE-2022-23851,0.00429,0.34674
CVE-2022-23852,0.04525,0.90437
CVE-2022-23853,0.00894,0.55324
CVE-2022-23854,0.45957,0.98666
CVE-2022-23855,0.01712,0.74717
CVE-2022-23856,0.00955,0.57289
CVE-2022-23857,0.00932,0.56553
CVE-2022-23858,0.01121,0.62418
CVE-2022-23861,0.00478,0.38022
CVE-2022-23862,0.00487,0.38613
CVE-2022-23863,0.0192,0.77518
CVE-2022-23865,0.01534,0.71896
CVE-2022-23868,0.00704,0.49038
CVE-2022-23869,0.00667,0.47595
CVE-2022-23871,0.00624,0.45745
CVE-2022-23872,0.00617,0.45435
CVE-2022-23873,0.01281,0.66673
CVE-2022-23878,0.0206,0.79114
CVE-2022-23880,0.01615,0.73204
CVE-2022-23881,0.56509,0.98946
CVE-2022-23882,0.01064,0.60721
CVE-2022-23884,0.02545,0.83177
CVE-2022-23887,0.00739,0.50294
CVE-2022-23888,0.0082,0.52992
CVE-2022-23889,0.01082,0.61282
CVE-2022-23896,0.00533,0.41254
CVE-2022-23898,0.07734,0.93933
CVE-2022-23899,0.01064,0.60722
CVE-2022-23900,0.03566,0.8801
CVE-2022-23901,0.01563,0.72408
CVE-2022-23902,0.01213,0.64965
CVE-2022-23903,0.00553,0.42373
CVE-2022-23904,0.00432,0.34891
CVE-2022-23906,0.02087,0.79409
CVE-2022-23907,0.00632,0.46065
CVE-2022-23909,0.01027,0.59614
CVE-2022-23911,0.01445,0.70196
CVE-2022-23912,0.00853,0.54015
CVE-2022-23913,0.02718,0.84305
CVE-2022-23915,0.02927,0.85462
CVE-2022-23916,0.00762,0.51067
CVE-2022-23918,0.01118,0.62341
CVE-2022-23919,0.01118,0.6234
CVE-2022-23921,0.00201,0.1012
CVE-2022-23922,0.00208,0.10952
CVE-2022-23923,0.01275,0.6654
CVE-2022-23924,0.00592,0.44223
CVE-2022-23925,0.0042,0.33978
CVE-2022-23926,0.0042,0.3398
CVE-2022-23927,0.0042,0.33978
CVE-2022-23928,0.0042,0.33979
CVE-2022-23929,0.0042,0.33979
CVE-2022-23930,0.00449,0.36172
CVE-2022-23931,0.0042,0.33978
CVE-2022-23932,0.0042,0.33979
CVE-2022-23933,0.0042,0.3398
CVE-2022-23934,0.00421,0.34042
CVE-2022-23935,0.07575,0.93827
CVE-2022-23937,0.00994,0.5854
CVE-2022-23940,0.53235,0.9886
CVE-2022-23942,0.03319,0.87166
CVE-2022-23943,0.50401,0.98783
CVE-2022-23944,0.79007,0.99552
CVE-2022-23945,0.03771,0.88684
CVE-2022-23946,0.01736,0.75043
CVE-2022-23947,0.0146,0.70511
CVE-2022-23948,0.01105,0.61955
CVE-2022-23949,0.01047,0.60214
CVE-2022-23950,0.01283,0.66729
CVE-2022-23951,0.00415,0.33574
CVE-2022-23952,0.01081,0.61218
CVE-2022-23953,0.00252,0.16504
CVE-2022-23954,0.00252,0.16504
CVE-2022-23955,0.00252,0.16504
CVE-2022-23956,0.00252,0.16503
CVE-2022-23957,0.00252,0.16503
CVE-2022-23958,0.00252,0.16504
CVE-2022-23959,0.01973,0.78125
CVE-2022-23960,0.00495,0.39044
CVE-2022-23961,0.00201,0.10061
CVE-2022-23968,0.01895,0.77214
CVE-2022-23970,0.00472,0.37647
CVE-2022-23971,0.00472,0.37647
CVE-2022-23972,0.0052,0.40541
CVE-2022-23973,0.00554,0.42405
CVE-2022-23974,0.01996,0.78385
CVE-2022-23975,0.00474,0.37801
CVE-2022-23976,0.00462,0.37
CVE-2022-23979,0.00565,0.42976
CVE-2022-23980,0.00803,0.52423
CVE-2022-23981,0.00631,0.4602
CVE-2022-23982,0.01209,0.64841
CVE-2022-23983,0.00421,0.3411
CVE-2022-23984,0.01109,0.62081
CVE-2022-23985,0.01829,0.76344
CVE-2022-23986,0.01664,0.73994
CVE-2022-23987,0.00588,0.44072
CVE-2022-23988,0.02196,0.80417
CVE-2022-23989,0.00916,0.56008
CVE-2022-23990,0.03992,0.89328
CVE-2022-23992,0.02376,0.81918
CVE-2022-23993,0.01528,0.71787
CVE-2022-23994,0.00449,0.36148
CVE-2022-23995,0.00438,0.35383
CVE-2022-23996,0.00438,0.35383
CVE-2022-23997,0.00438,0.35383
CVE-2022-23998,0.00586,0.43965
CVE-2022-23999,0.00116,0.01909
CVE-2022-24000,0.00116,0.01908
CVE-2022-24001,0.00098,0.00957
CVE-2022-24002,0.00524,0.40789
CVE-2022-24003,0.00553,0.42352
CVE-2022-24004,0.00652,0.46954
CVE-2022-24005,0.01109,0.62086
CVE-2022-24006,0.01109,0.62086
CVE-2022-24007,0.01109,0.62085
CVE-2022-24008,0.01109,0.62085
CVE-2022-24009,0.01109,0.62087
CVE-2022-24010,0.01109,0.62086
CVE-2022-24011,0.01109,0.62087
CVE-2022-24012,0.01109,0.62087
CVE-2022-24013,0.01109,0.62089
CVE-2022-24014,0.01109,0.62089
CVE-2022-24015,0.01109,0.62089
CVE-2022-24016,0.01109,0.62088
CVE-2022-24017,0.01109,0.62088
CVE-2022-24018,0.01109,0.62087
CVE-2022-24019,0.01109,0.62088
CVE-2022-24020,0.01109,0.62092
CVE-2022-24021,0.01109,0.6209
CVE-2022-24022,0.01109,0.6209
CVE-2022-24023,0.00836,0.5351
CVE-2022-24024,0.01109,0.6209
CVE-2022-24025,0.01109,0.6209
CVE-2022-24026,0.01109,0.62091
CVE-2022-24027,0.01109,0.62091
CVE-2022-24028,0.01109,0.62091
CVE-2022-24029,0.01109,0.62092
CVE-2022-24030,0.00302,0.22107
CVE-2022-24031,0.00279,0.19865
CVE-2022-24032,0.01029,0.59671
CVE-2022-24035,0.00863,0.54377
CVE-2022-24036,0.00497,0.3919
CVE-2022-24037,0.00727,0.49869
CVE-2022-24038,0.00568,0.43154
CVE-2022-24039,0.01856,0.76723
CVE-2022-24040,0.00798,0.52261
CVE-2022-24041,0.0045,0.36213
CVE-2022-24042,0.00918,0.56083
CVE-2022-24043,0.01012,0.5913
CVE-2022-24044,0.00844,0.53718
CVE-2022-24045,0.00573,0.43373
CVE-2022-24046,0.04085,0.8954
CVE-2022-24047,0.01895,0.77216
CVE-2022-24048,0.00689,0.48475
CVE-2022-24049,0.07212,0.93589
CVE-2022-24050,0.00644,0.46599
CVE-2022-24051,0.00657,0.47159
CVE-2022-24052,0.00689,0.48475
CVE-2022-24055,0.01538,0.7197
CVE-2022-24056,0.01848,0.76602
CVE-2022-24057,0.01848,0.76601
CVE-2022-24058,0.02913,0.85395
CVE-2022-24059,0.01848,0.76603
CVE-2022-24060,0.01538,0.7197
CVE-2022-24061,0.01538,0.71971
CVE-2022-24062,0.01848,0.76602
CVE-2022-24063,0.0181,0.76084
CVE-2022-24064,0.01848,0.76602
CVE-2022-24065,0.0422,0.89841
CVE-2022-24066,0.04067,0.89496
CVE-2022-24069,0.00301,0.22007
CVE-2022-24070,0.09254,0.94775
CVE-2022-24071,0.00651,0.46944
CVE-2022-24072,0.00557,0.42548
CVE-2022-24073,0.00556,0.42481
CVE-2022-24074,0.01011,0.59105
CVE-2022-24075,0.00846,0.53785
CVE-2022-24077,0.00292,0.21024
CVE-2022-24082,0.09477,0.94866
CVE-2022-24083,0.00783,0.51743
CVE-2022-24086,0.99199,0.9993
CVE-2022-24090,0.01971,0.78101
CVE-2022-24091,0.03844,0.88909
CVE-2022-24092,0.04216,0.89831
CVE-2022-24093,0.01461,0.70545
CVE-2022-24094,0.03803,0.88779
CVE-2022-24095,0.03803,0.8878
CVE-2022-24096,0.03803,0.8878
CVE-2022-24097,0.02332,0.81577
CVE-2022-24098,0.02527,0.8305
CVE-2022-24099,0.01455,0.70422
CVE-2022-24101,0.01804,0.75998
CVE-2022-24102,0.12561,0.95778
CVE-2022-24103,0.03361,0.87323
CVE-2022-24104,0.11085,0.95419
CVE-2022-24105,0.02237,0.8076
CVE-2022-24106,0.00292,0.21034
CVE-2022-24107,0.00292,0.21034
CVE-2022-24108,0.32961,0.98164
CVE-2022-24109,0.00855,0.54119
CVE-2022-24110,0.00834,0.53438
CVE-2022-24111,0.00837,0.53522
CVE-2022-24112,0.96182,0.9987
CVE-2022-24113,0.00209,0.11134
CVE-2022-24114,0.00154,0.04928
CVE-2022-24115,0.0016,0.05578
CVE-2022-24116,0.0029,0.20903
CVE-2022-24117,0.00353,0.27485
CVE-2022-24118,0.00631,0.4605
CVE-2022-24119,0.00728,0.49912
CVE-2022-24120,0.00184,0.08134
CVE-2022-24121,0.01261,0.66214
CVE-2022-24122,0.0101,0.59052
CVE-2022-24123,0.01945,0.77825
CVE-2022-24124,0.58927,0.99003
CVE-2022-24125,0.02634,0.83778
CVE-2022-24126,0.04399,0.90201
CVE-2022-24127,0.00656,0.47134
CVE-2022-24128,0.00892,0.55251
CVE-2022-24129,0.06139,0.9263
CVE-2022-24130,0.01694,0.74463
CVE-2022-24131,0.00848,0.53838
CVE-2022-24132,0.01054,0.60428
CVE-2022-24135,0.00632,0.46068
CVE-2022-24136,0.01851,0.76654
CVE-2022-24138,0.00573,0.43369
CVE-2022-24139,0.00363,0.28404
CVE-2022-24140,0.00698,0.48818
CVE-2022-24141,0.00542,0.41751
CVE-2022-24142,0.01175,0.63889
CVE-2022-24143,0.01175,0.63889
CVE-2022-24144,0.18506,0.96911
CVE-2022-24145,0.01175,0.6389
CVE-2022-24146,0.01175,0.6389
CVE-2022-24147,0.01175,0.6389
CVE-2022-24148,0.02724,0.84345
CVE-2022-24149,0.01175,0.63885
CVE-2022-24150,0.02724,0.84345
CVE-2022-24151,0.01175,0.63885
CVE-2022-24152,0.01175,0.63893
CVE-2022-24153,0.01175,0.63892
CVE-2022-24154,0.01175,0.63893
CVE-2022-24155,0.01175,0.63891
CVE-2022-24156,0.01175,0.63891
CVE-2022-24157,0.01175,0.63891
CVE-2022-24158,0.01175,0.63892
CVE-2022-24159,0.01175,0.63887
CVE-2022-24160,0.01175,0.63888
CVE-2022-24161,0.01175,0.63886
CVE-2022-24162,0.01175,0.63887
CVE-2022-24163,0.01175,0.63887
CVE-2022-24164,0.01175,0.63889
CVE-2022-24165,0.02956,0.85589
CVE-2022-24166,0.01175,0.63889
CVE-2022-24167,0.02956,0.8559
CVE-2022-24168,0.02956,0.8559
CVE-2022-24169,0.01175,0.63888
CVE-2022-24170,0.02956,0.8559
CVE-2022-24171,0.02956,0.8559
CVE-2022-24172,0.01175,0.63888
CVE-2022-24177,0.00665,0.47496
CVE-2022-24181,0.0608,0.92568
CVE-2022-24187,0.00745,0.50492
CVE-2022-24188,0.00483,0.38324
CVE-2022-24189,0.00507,0.39765
CVE-2022-24190,0.00672,0.47811
CVE-2022-24191,0.00727,0.49886
CVE-2022-24193,0.05967,0.92446
CVE-2022-24196,0.01612,0.73159
CVE-2022-24197,0.01502,0.71329
CVE-2022-24198,0.00547,0.42056
CVE-2022-24206,0.01213,0.64964
CVE-2022-24218,0.1695,0.96705
CVE-2022-24219,0.01096,0.61734
CVE-2022-24220,0.01096,0.61735
CVE-2022-24221,0.01096,0.61735
CVE-2022-24222,0.01096,0.61735
CVE-2022-24223,0.61965,0.99077
CVE-2022-24226,0.01736,0.75036
CVE-2022-24227,0.02256,0.8092
CVE-2022-24229,0.0185,0.76643
CVE-2022-24231,0.01735,0.75027
CVE-2022-24232,0.01429,0.69907
CVE-2022-24235,0.00677,0.47991
CVE-2022-24236,0.0055,0.4218
CVE-2022-24237,0.25339,0.97695
CVE-2022-24238,0.0052,0.40549
CVE-2022-24239,0.00973,0.57916
CVE-2022-24240,0.00866,0.54451
CVE-2022-24241,0.00883,0.54966
CVE-2022-24247,0.03892,0.89035
CVE-2022-24248,0.20963,0.97275
CVE-2022-24249,0.00614,0.45248
CVE-2022-24251,0.01284,0.66752
CVE-2022-24252,0.02167,0.80151
CVE-2022-24253,0.01273,0.66512
CVE-2022-24254,0.02415,0.82228
CVE-2022-24255,0.01344,0.6809
CVE-2022-24259,0.02001,0.78452
CVE-2022-24260,0.50926,0.98801
CVE-2022-24262,0.01825,0.76308
CVE-2022-24263,0.08244,0.94244
CVE-2022-24264,0.06711,0.93149
CVE-2022-24265,0.06711,0.93149
CVE-2022-24266,0.06391,0.92863
CVE-2022-24272,0.00889,0.55158
CVE-2022-24278,0.02072,0.79237
CVE-2022-24279,0.01355,0.68382
CVE-2022-24280,0.01253,0.66017
CVE-2022-24281,0.03435,0.8758
CVE-2022-24282,0.01377,0.68864
CVE-2022-24285,0.00222,0.12684
CVE-2022-24286,0.00222,0.12684
CVE-2022-24287,0.00229,0.13634
CVE-2022-24288,0.7788,0.99519
CVE-2022-24289,0.02282,0.8114
CVE-2022-24290,0.01213,0.64949
CVE-2022-24291,0.04377,0.90161
CVE-2022-24292,0.07022,0.9343
CVE-2022-24293,0.07022,0.9343
CVE-2022-24294,0.01595,0.72894
CVE-2022-24295,0.17855,0.96826
CVE-2022-24296,0.01066,0.60826
CVE-2022-24297,0.00228,0.13532
CVE-2022-24298,0.00779,0.51627
CVE-2022-24299,0.01857,0.76738
CVE-2022-24300,0.0166,0.73943
CVE-2022-24301,0.00985,0.58281
CVE-2022-24302,0.0208,0.79319
CVE-2022-24303,0.02811,0.84872
CVE-2022-24305,0.02548,0.83194
CVE-2022-24306,0.02344,0.8168
CVE-2022-24307,0.01414,0.69616
CVE-2022-24308,0.00233,0.14152
CVE-2022-24309,0.00591,0.44183
CVE-2022-24310,0.02227,0.80675
CVE-2022-24311,0.03505,0.87823
CVE-2022-24312,0.03463,0.8768
CVE-2022-24313,0.44559,0.98623
CVE-2022-24314,0.18178,0.9687
CVE-2022-24315,0.19255,0.97015
CVE-2022-24316,0.01273,0.66498
CVE-2022-24317,0.01206,0.64747
CVE-2022-24318,0.00391,0.31214
CVE-2022-24319,0.00575,0.43484
CVE-2022-24320,0.00544,0.41884
CVE-2022-24321,0.00999,0.58702
CVE-2022-24322,0.00634,0.46171
CVE-2022-24323,0.00847,0.53815
CVE-2022-24324,0.01204,0.64669
CVE-2022-24327,0.00924,0.56281
CVE-2022-24328,0.00807,0.52562
CVE-2022-24329,0.02178,0.80247
CVE-2022-24330,0.00599,0.44586
CVE-2022-24331,0.01128,0.62598
CVE-2022-24332,0.00646,0.4669
CVE-2022-24333,0.00671,0.47754
CVE-2022-24334,0.00681,0.48176
CVE-2022-24335,0.00684,0.48281
CVE-2022-24336,0.00712,0.49314
CVE-2022-24337,0.00671,0.47753
CVE-2022-24338,0.00559,0.42653
CVE-2022-24339,0.00443,0.3572
CVE-2022-24340,0.01011,0.59106
CVE-2022-24341,0.00752,0.50723
CVE-2022-24342,0.03202,0.86656
CVE-2022-24343,0.00621,0.45641
CVE-2022-24344,0.00553,0.42373
CVE-2022-24345,0.00372,0.29318
CVE-2022-24346,0.0042,0.33977
CVE-2022-24347,0.00553,0.42373
CVE-2022-24348,0.02693,0.84156
CVE-2022-24349,0.01203,0.64651
CVE-2022-24350,0.00178,0.07463
CVE-2022-24351,0.00143,0.04009
CVE-2022-24352,0.00739,0.50276
CVE-2022-24353,0.00739,0.50276
CVE-2022-24354,0.01788,0.75775
CVE-2022-24355,0.02051,0.79012
CVE-2022-24356,0.02341,0.81659
CVE-2022-24357,0.02543,0.83162
CVE-2022-24358,0.02543,0.83162
CVE-2022-24359,0.02543,0.83161
CVE-2022-24360,0.02543,0.83161
CVE-2022-24361,0.02543,0.83163
CVE-2022-24362,0.02543,0.83163
CVE-2022-24363,0.02543,0.83161
CVE-2022-24364,0.02543,0.83163
CVE-2022-24365,0.02543,0.83164
CVE-2022-24366,0.02543,0.83161
CVE-2022-24367,0.02543,0.83162
CVE-2022-24368,0.02095,0.79493
CVE-2022-24369,0.02543,0.83163
CVE-2022-24370,0.01889,0.77134
CVE-2022-24372,0.00463,0.37101
CVE-2022-24373,0.01257,0.66128
CVE-2022-24374,0.00891,0.55223
CVE-2022-24375,0.01248,0.65896
CVE-2022-24376,0.03037,0.85971
CVE-2022-24377,0.02309,0.81379
CVE-2022-24378,0.00187,0.08477
CVE-2022-24379,0.00207,0.10767
CVE-2022-24381,0.00734,0.50142
CVE-2022-24382,0.00228,0.13531
CVE-2022-24383,0.00857,0.54173
CVE-2022-24384,0.04737,0.90821
CVE-2022-24385,0.00863,0.5436
CVE-2022-24386,0.00697,0.48781
CVE-2022-24387,0.02026,0.78755
CVE-2022-24388,0.01432,0.69954
CVE-2022-24389,0.01432,0.69954
CVE-2022-24390,0.01227,0.65347
CVE-2022-24391,0.00903,0.55584
CVE-2022-24392,0.02525,0.83033
CVE-2022-24393,0.02525,0.83033
CVE-2022-24394,0.02463,0.82595
CVE-2022-24395,0.006,0.44632
CVE-2022-24396,0.00508,0.39832
CVE-2022-24397,0.00804,0.52471
CVE-2022-24398,0.0079,0.52005
CVE-2022-24399,0.01383,0.68993
CVE-2022-24400,0.0027,0.18707
CVE-2022-24401,0.00337,0.25811
CVE-2022-24402,0.00557,0.42572
CVE-2022-24403,0.00114,0.01781
CVE-2022-24404,0.00219,0.12395
CVE-2022-24405,0.03199,0.86644
CVE-2022-24406,0.00855,0.54122
CVE-2022-24407,0.04123,0.89623
CVE-2022-24408,0.00206,0.10737
CVE-2022-24409,0.01091,0.61518
CVE-2022-24410,0.00169,0.0652
CVE-2022-24411,0.00231,0.13954
CVE-2022-24412,0.00975,0.57976
CVE-2022-24413,0.00137,0.03521
CVE-2022-24414,0.00591,0.44185
CVE-2022-24415,0.00281,0.20058
CVE-2022-24416,0.00281,0.20058
CVE-2022-24417,0.00232,0.14073
CVE-2022-24418,0.00232,0.14072
CVE-2022-24419,0.00281,0.20057
CVE-2022-24420,0.00281,0.20057
CVE-2022-24421,0.00281,0.20057
CVE-2022-24422,0.53824,0.98881
CVE-2022-24423,0.01579,0.72657
CVE-2022-24424,0.01622,0.73311
CVE-2022-24426,0.00231,0.13867
CVE-2022-24428,0.00561,0.42751
CVE-2022-24429,0.00855,0.54121
CVE-2022-24431,0.01329,0.67726
CVE-2022-24432,0.00643,0.46593
CVE-2022-24433,0.03584,0.88066
CVE-2022-24434,0.03237,0.86826
CVE-2022-24435,0.00932,0.56547
CVE-2022-24436,0.12124,0.95678
CVE-2022-24437,0.03865,0.88968
CVE-2022-24439,0.05378,0.91727
CVE-2022-24440,0.02713,0.84281
CVE-2022-24441,0.00718,0.49551
CVE-2022-24442,0.03627,0.88197
CVE-2022-24444,0.00834,0.53439
CVE-2022-24446,0.00924,0.56282
CVE-2022-24447,0.00795,0.52148
CVE-2022-24448,0.00397,0.31839
CVE-2022-24449,0.01877,0.76984
CVE-2022-24450,0.01305,0.67202
CVE-2022-24451,0.02183,0.80292
CVE-2022-24452,0.0221,0.80535
CVE-2022-24453,0.0221,0.80534
CVE-2022-24454,0.00604,0.44808
CVE-2022-24455,0.00895,0.55331
CVE-2022-24456,0.0221,0.80534
CVE-2022-24457,0.02183,0.80292
CVE-2022-24459,0.00619,0.45532
CVE-2022-24460,0.01943,0.77804
CVE-2022-24461,0.0287,0.85181
CVE-2022-24462,0.01957,0.77959
CVE-2022-24463,0.3179,0.98095
CVE-2022-24464,0.03306,0.87114
CVE-2022-24465,0.00671,0.4776
CVE-2022-24466,0.00698,0.48818
CVE-2022-24467,0.02337,0.81622
CVE-2022-24468,0.02337,0.81623
CVE-2022-24469,0.02698,0.84181
CVE-2022-24470,0.02337,0.81624
CVE-2022-24471,0.02337,0.81624
CVE-2022-24472,0.01881,0.7704
CVE-2022-24473,0.02116,0.7969
CVE-2022-24474,0.06701,0.93142
CVE-2022-24475,0.01742,0.75118
CVE-2022-24477,0.0166,0.73933
CVE-2022-24479,0.00917,0.56051
CVE-2022-24480,0.00538,0.41519
CVE-2022-24481,0.17108,0.96723
CVE-2022-24482,0.00313,0.23233
CVE-2022-24483,0.02101,0.79554
CVE-2022-24484,0.00593,0.44271
CVE-2022-24485,0.01604,0.73045
CVE-2022-24486,0.005,0.39352
CVE-2022-24487,0.02093,0.79469
CVE-2022-24488,0.00609,0.45027
CVE-2022-24489,0.00476,0.37906
CVE-2022-24490,0.03024,0.85917
CVE-2022-24491,0.33474,0.98185
CVE-2022-24492,0.02916,0.85409
CVE-2022-24493,0.00764,0.5115
CVE-2022-24494,0.01843,0.76533
CVE-2022-24495,0.01261,0.66217
CVE-2022-24496,0.00609,0.45027
CVE-2022-24497,0.34552,0.9823
CVE-2022-24498,0.02334,0.81593
CVE-2022-24499,0.00963,0.57519
CVE-2022-24500,0.38049,0.98381
CVE-2022-24501,0.02487,0.82756
CVE-2022-24502,0.33063,0.98167
CVE-2022-24503,0.02269,0.81017
CVE-2022-24504,0.01065,0.60817
CVE-2022-24505,0.00345,0.26607
CVE-2022-24506,0.02631,0.83762
CVE-2022-24507,0.03867,0.88972
CVE-2022-24508,0.02608,0.83606
CVE-2022-24509,0.0287,0.85181
CVE-2022-24510,0.0287,0.8518
CVE-2022-24511,0.01023,0.59484
CVE-2022-24512,0.01555,0.72292
CVE-2022-24513,0.00753,0.50766
CVE-2022-24515,0.02649,0.83866
CVE-2022-24516,0.01763,0.7543
CVE-2022-24517,0.02337,0.81623
CVE-2022-24518,0.02631,0.83762
CVE-2022-24519,0.02631,0.83762
CVE-2022-24520,0.02337,0.81623
CVE-2022-24521,0.07304,0.93657
CVE-2022-24522,0.02146,0.79972
CVE-2022-24523,0.01285,0.66769
CVE-2022-24525,0.00426,0.34439
CVE-2022-24526,0.01555,0.72286
CVE-2022-24527,0.00818,0.52925
CVE-2022-24528,0.02435,0.82379
CVE-2022-24530,0.00518,0.40411
CVE-2022-24532,0.02521,0.83012
CVE-2022-24533,0.05294,0.91633
CVE-2022-24534,0.0179,0.7581
CVE-2022-24536,0.03665,0.88349
CVE-2022-24537,0.00352,0.27337
CVE-2022-24538,0.02223,0.80642
CVE-2022-24539,0.0274,0.84439
CVE-2022-24540,0.00389,0.31039
CVE-2022-24541,0.02946,0.85553
CVE-2022-24542,0.09415,0.94845
CVE-2022-24543,0.0236,0.8181
CVE-2022-24544,0.00639,0.46415
CVE-2022-24545,0.02134,0.79864
CVE-2022-24546,0.00793,0.52085
CVE-2022-24547,0.06207,0.92695
CVE-2022-24548,0.02713,0.84278
CVE-2022-24549,0.00505,0.39675
CVE-2022-24550,0.00848,0.53834
CVE-2022-24551,0.00886,0.5506
CVE-2022-24552,0.01306,0.67224
CVE-2022-24553,0.0269,0.84132
CVE-2022-24562,0.53224,0.98859
CVE-2022-24563,0.00867,0.54497
CVE-2022-24564,0.00671,0.47753
CVE-2022-24565,0.00632,0.46066
CVE-2022-24566,0.00563,0.42889
CVE-2022-24568,0.01151,0.632
CVE-2022-24571,0.01613,0.73169
CVE-2022-24572,0.00631,0.46039
CVE-2022-24573,0.00602,0.44716
CVE-2022-24574,0.00742,0.50392
CVE-2022-24575,0.00888,0.5513
CVE-2022-24576,0.0068,0.48133
CVE-2022-24577,0.0117,0.63748
CVE-2022-24578,0.00957,0.57336
CVE-2022-24581,0.00883,0.54966
CVE-2022-24582,0.00547,0.42022
CVE-2022-24584,0.0098,0.5813
CVE-2022-24585,0.00753,0.50769
CVE-2022-24586,0.00747,0.50571
CVE-2022-24587,0.00744,0.50447
CVE-2022-24588,0.00707,0.49121
CVE-2022-24589,0.00775,0.51516
CVE-2022-24590,0.00624,0.45745
CVE-2022-24594,0.00804,0.52479
CVE-2022-24595,0.01953,0.77926
CVE-2022-24599,0.01734,0.75004
CVE-2022-24600,0.01285,0.66778
CVE-2022-24601,0.01146,0.63057
CVE-2022-24602,0.01137,0.62831
CVE-2022-24603,0.01137,0.62831
CVE-2022-24604,0.01137,0.6283
CVE-2022-24605,0.01137,0.6283
CVE-2022-24606,0.01137,0.62831
CVE-2022-24607,0.01137,0.6283
CVE-2022-24608,0.00665,0.47495
CVE-2022-24609,0.01526,0.71755
CVE-2022-24610,0.00945,0.56948
CVE-2022-24611,0.00682,0.48184
CVE-2022-24612,0.0055,0.4217
CVE-2022-24613,0.00769,0.51293
CVE-2022-24614,0.00717,0.495
CVE-2022-24615,0.00698,0.48798
CVE-2022-24618,0.00244,0.15481
CVE-2022-24620,0.00622,0.45679
CVE-2022-24627,0.26389,0.9777
CVE-2022-24628,0.01239,0.65626
CVE-2022-24629,0.37246,0.98346
CVE-2022-24630,0.23895,0.9757
CVE-2022-24631,0.43187,0.98574
CVE-2022-24632,0.27177,0.97822
CVE-2022-24633,0.00815,0.52788
CVE-2022-24637,0.99134,0.99929
CVE-2022-24643,0.01201,0.64604
CVE-2022-24644,0.01761,0.75391
CVE-2022-24646,0.01721,0.74844
CVE-2022-24647,0.01047,0.60209
CVE-2022-24651,0.02486,0.82749
CVE-2022-24652,0.02486,0.82748
CVE-2022-24654,0.00867,0.54513
CVE-2022-24655,0.01052,0.60374
CVE-2022-24656,0.0073,0.49968
CVE-2022-24657,0.00934,0.566
CVE-2022-24659,0.01278,0.66608
CVE-2022-24660,0.00516,0.40338
CVE-2022-24661,0.00783,0.51768
CVE-2022-24663,0.02047,0.78973
CVE-2022-24664,0.0165,0.7379
CVE-2022-24665,0.026,0.83551
CVE-2022-24666,0.01354,0.68366
CVE-2022-24667,0.01119,0.62348
CVE-2022-24668,0.01119,0.62349
CVE-2022-24669,0.00361,0.28273
CVE-2022-24670,0.00546,0.41988
CVE-2022-24671,0.00414,0.334
CVE-2022-24672,0.01204,0.64669
CVE-2022-24673,0.02649,0.83865
CVE-2022-24674,0.0112,0.62376
CVE-2022-24675,0.0995,0.9505
CVE-2022-24676,0.01492,0.71138
CVE-2022-24677,0.02493,0.82803
CVE-2022-24678,0.02299,0.81297
CVE-2022-24679,0.00469,0.37454
CVE-2022-24680,0.00469,0.37455
CVE-2022-24681,0.03619,0.88176
CVE-2022-24682,0.3106,0.98055
CVE-2022-24683,0.01539,0.71987
CVE-2022-24684,0.01396,0.69241
CVE-2022-24685,0.01524,0.71713
CVE-2022-24686,0.00863,0.54357
CVE-2022-24687,0.01366,0.6863
CVE-2022-24688,0.02732,0.84388
CVE-2022-24689,0.00772,0.51415
CVE-2022-24690,0.00952,0.5721
CVE-2022-24691,0.00779,0.51637
CVE-2022-24692,0.0051,0.39936
CVE-2022-24693,0.03266,0.86947
CVE-2022-24694,0.00756,0.50843
CVE-2022-24695,0.00409,0.33012
CVE-2022-24696,0.00245,0.15576
CVE-2022-24697,0.84777,0.99681
CVE-2022-24700,0.01656,0.73864
CVE-2022-24701,0.00455,0.36585
CVE-2022-24702,0.05555,0.91934
CVE-2022-24704,0.01182,0.64118
CVE-2022-24705,0.01182,0.64118
CVE-2022-24706,0.9251,0.99814
CVE-2022-24707,0.07159,0.93549
CVE-2022-24708,0.00544,0.41844
CVE-2022-24709,0.00681,0.4817
CVE-2022-24710,0.00741,0.50355
CVE-2022-24711,0.01154,0.63309
CVE-2022-24712,0.00557,0.42543
CVE-2022-24713,0.1446,0.96218
CVE-2022-24714,0.01208,0.64791
CVE-2022-24715,0.1467,0.96264
CVE-2022-24716,0.89378,0.99768
CVE-2022-24717,0.00852,0.53997
CVE-2022-24718,0.01113,0.62174
CVE-2022-24719,0.00815,0.52794
CVE-2022-24720,0.02595,0.83522
CVE-2022-24721,0.01128,0.62589
CVE-2022-24722,0.01075,0.61067
CVE-2022-24723,0.01995,0.78376
CVE-2022-24724,0.04192,0.89776
CVE-2022-24725,0.00492,0.38854
CVE-2022-24726,0.01566,0.72443
CVE-2022-24728,0.01162,0.63514
CVE-2022-24729,0.02448,0.82483
CVE-2022-24730,0.0086,0.54266
CVE-2022-24731,0.00923,0.56225
CVE-2022-24732,0.00403,0.32437
CVE-2022-24733,0.00893,0.55265
CVE-2022-24734,0.77677,0.99513
CVE-2022-24735,0.02264,0.80978
CVE-2022-24736,0.01498,0.71243
CVE-2022-24737,0.01625,0.7337
CVE-2022-24738,0.01051,0.60323
CVE-2022-24739,0.00898,0.55426
CVE-2022-24740,0.0058,0.43684
CVE-2022-24741,0.01581,0.72677
CVE-2022-24742,0.00809,0.52624
CVE-2022-24743,0.01232,0.65486
CVE-2022-24744,0.00477,0.37979
CVE-2022-24745,0.00524,0.40782
CVE-2022-24746,0.00831,0.53318
CVE-2022-24747,0.0108,0.61207
CVE-2022-24748,0.00747,0.50563
CVE-2022-24749,0.0109,0.61497
CVE-2022-24750,0.00271,0.1901
CVE-2022-24751,0.00917,0.56064
CVE-2022-24752,0.0137,0.68714
CVE-2022-24753,0.00329,0.24922
CVE-2022-24754,0.02065,0.79162
CVE-2022-24755,0.01996,0.78389
CVE-2022-24756,0.01906,0.77344
CVE-2022-24757,0.01207,0.64779
CVE-2022-24758,0.01054,0.60432
CVE-2022-24759,0.00479,0.38109
CVE-2022-24760,0.49081,0.98747
CVE-2022-24761,0.01738,0.75062
CVE-2022-24762,0.00673,0.47861
CVE-2022-24763,0.02039,0.78873
CVE-2022-24764,0.02303,0.81331
CVE-2022-24765,0.00782,0.51726
CVE-2022-24766,0.01582,0.72697
CVE-2022-24767,0.01403,0.69397
CVE-2022-24768,0.01201,0.6461
CVE-2022-24769,0.00492,0.38865
CVE-2022-24770,0.01248,0.65879
CVE-2022-24771,0.00717,0.49502
CVE-2022-24772,0.01015,0.59232
CVE-2022-24773,0.00875,0.54764
CVE-2022-24774,0.01394,0.69205
CVE-2022-24775,0.02384,0.81975
CVE-2022-24776,0.00923,0.56216
CVE-2022-24777,0.01131,0.62674
CVE-2022-24778,0.02676,0.8405
CVE-2022-24780,0.05341,0.91682
CVE-2022-24781,0.00903,0.55589
CVE-2022-24782,0.00927,0.56364
CVE-2022-24783,0.01103,0.6189
CVE-2022-24784,0.00994,0.58542
CVE-2022-24785,0.05664,0.92073
CVE-2022-24786,0.01893,0.77189
CVE-2022-24787,0.0097,0.57802
CVE-2022-24788,0.00948,0.57052
CVE-2022-24789,0.00734,0.50143
CVE-2022-24790,0.0214,0.79911
CVE-2022-24791,0.01137,0.62826
CVE-2022-24792,0.0184,0.76491
CVE-2022-24793,0.02108,0.79618
CVE-2022-24794,0.0071,0.49238
CVE-2022-24795,0.03472,0.87714
CVE-2022-24796,0.03517,0.87859
CVE-2022-24797,0.01324,0.67625
CVE-2022-24798,0.01366,0.6864
CVE-2022-24799,0.00957,0.57328
CVE-2022-24800,0.01358,0.68436
CVE-2022-24801,0.028,0.84823
CVE-2022-24802,0.01612,0.73159
CVE-2022-24803,0.02719,0.84312
CVE-2022-24804,0.00831,0.53347
CVE-2022-24805,0.01299,0.67082
CVE-2022-24806,0.01052,0.60362
CVE-2022-24807,0.01008,0.59004
CVE-2022-24808,0.01131,0.6267
CVE-2022-24809,0.01105,0.61969
CVE-2022-24810,0.01146,0.63059
CVE-2022-24811,0.00737,0.50238
CVE-2022-24812,0.02322,0.8149
CVE-2022-24813,0.00969,0.57757
CVE-2022-24814,0.01018,0.59322
CVE-2022-24815,0.01356,0.68402
CVE-2022-24816,0.98739,0.9992
CVE-2022-24817,0.01044,0.6013
CVE-2022-24818,0.02257,0.80929
CVE-2022-24819,0.03282,0.87007
CVE-2022-24820,0.00985,0.5826
CVE-2022-24821,0.00792,0.52055
CVE-2022-24822,0.01594,0.72883
CVE-2022-24823,0.01044,0.60135
CVE-2022-24824,0.00976,0.58029
CVE-2022-24825,0.00894,0.55309
CVE-2022-24826,0.02144,0.79951
CVE-2022-24827,0.01335,0.67899
CVE-2022-24828,0.01857,0.76731
CVE-2022-24829,0.01126,0.62546
CVE-2022-24830,0.02935,0.85499
CVE-2022-24831,0.01064,0.60731
CVE-2022-24832,0.01629,0.73429
CVE-2022-24833,0.01271,0.6646
CVE-2022-24834,0.41409,0.98514
CVE-2022-24836,0.03549,0.87954
CVE-2022-24837,0.01082,0.61286
CVE-2022-24838,0.32348,0.98128
CVE-2022-24839,0.02114,0.79673
CVE-2022-24840,0.01935,0.77693
CVE-2022-24841,0.00814,0.52765
CVE-2022-24842,0.02085,0.79383
CVE-2022-24843,0.01484,0.71003
CVE-2022-24844,0.0144,0.70106
CVE-2022-24845,0.01377,0.68883
CVE-2022-24846,0.01218,0.65093
CVE-2022-24847,0.01465,0.70644
CVE-2022-24848,0.01064,0.60723
CVE-2022-24849,0.00846,0.53785
CVE-2022-24850,0.0063,0.45979
CVE-2022-24851,0.01086,0.61402
CVE-2022-24853,0.02485,0.82747
CVE-2022-24854,0.01012,0.5913
CVE-2022-24855,0.00685,0.48314
CVE-2022-24856,0.1029,0.95159
CVE-2022-24857,0.011,0.61822
CVE-2022-24858,0.0076,0.50983
CVE-2022-24859,0.01317,0.67457
CVE-2022-24860,0.01658,0.73902
CVE-2022-24861,0.02857,0.85111
CVE-2022-24862,0.00998,0.58669
CVE-2022-24863,0.02402,0.82115
CVE-2022-24864,0.00629,0.45964
CVE-2022-24865,0.01221,0.65165
CVE-2022-24866,0.00625,0.45783
CVE-2022-24867,0.01257,0.66126
CVE-2022-24868,0.00615,0.45317
CVE-2022-24869,0.00758,0.50919
CVE-2022-24870,0.00919,0.56099
CVE-2022-24871,0.01018,0.59307
CVE-2022-24872,0.01011,0.59123
CVE-2022-24873,0.00738,0.50265
CVE-2022-24875,0.00941,0.56847
CVE-2022-24876,0.00497,0.39197
CVE-2022-24877,0.01108,0.62046
CVE-2022-24878,0.0095,0.57137
CVE-2022-24879,0.00565,0.42991
CVE-2022-24880,0.01159,0.6342
CVE-2022-24881,0.02995,0.85777
CVE-2022-24882,0.02752,0.84509
CVE-2022-24883,0.02265,0.80982
CVE-2022-24884,0.01038,0.59949
CVE-2022-24885,0.00467,0.37319
CVE-2022-24886,0.00373,0.29422
CVE-2022-24887,0.00924,0.56254
CVE-2022-24888,0.01265,0.6633
CVE-2022-24889,0.00646,0.46709
CVE-2022-24890,0.00902,0.55567
CVE-2022-24891,0.01688,0.74385
CVE-2022-24892,0.00812,0.52715
CVE-2022-24893,0.00521,0.40588
CVE-2022-24894,0.00753,0.50764
CVE-2022-24895,0.0079,0.52015
CVE-2022-24896,0.00726,0.49841
CVE-2022-24897,0.01476,0.7084
CVE-2022-24898,0.01408,0.69495
CVE-2022-24899,0.04396,0.90197
CVE-2022-24900,0.08038,0.94115
CVE-2022-24901,0.00639,0.46401
CVE-2022-24902,0.00503,0.39521
CVE-2022-24903,0.03821,0.88843
CVE-2022-24904,0.01074,0.61055
CVE-2022-24905,0.01215,0.65024
CVE-2022-24906,0.01035,0.59861
CVE-2022-24907,0.01019,0.59338
CVE-2022-24908,0.01019,0.59338
CVE-2022-24910,0.01256,0.66083
CVE-2022-24912,0.00982,0.58174
CVE-2022-24913,0.0024,0.15055
CVE-2022-24915,0.00997,0.58663
CVE-2022-24916,0.0155,0.72206
CVE-2022-24917,0.01203,0.64652
CVE-2022-24918,0.01143,0.62953
CVE-2022-24919,0.01203,0.64652
CVE-2022-24921,0.03255,0.86905
CVE-2022-24923,0.00218,0.12229
CVE-2022-24924,0.00747,0.50551
CVE-2022-24925,0.00251,0.16353
CVE-2022-24926,0.00489,0.3869
CVE-2022-24927,0.00341,0.26194
CVE-2022-24928,0.00118,0.01991
CVE-2022-24929,0.00099,0.01006
CVE-2022-24930,0.00422,0.34151
CVE-2022-24931,0.0012,0.02152
CVE-2022-24932,0.00106,0.01301
CVE-2022-24934,0.2047,0.97205
CVE-2022-24935,0.00713,0.49356
CVE-2022-24936,0.00804,0.52463
CVE-2022-24937,0.0065,0.469
CVE-2022-24938,0.00701,0.48912
CVE-2022-24939,0.00326,0.24647
CVE-2022-24942,0.01862,0.76805
CVE-2022-24946,0.01556,0.72301
CVE-2022-24947,0.01142,0.6293
CVE-2022-24948,0.02217,0.80595
CVE-2022-24949,0.00853,0.54013
CVE-2022-24950,0.01014,0.59198
CVE-2022-24951,0.00273,0.19221
CVE-2022-24952,0.0126,0.66191
CVE-2022-24953,0.0085,0.53925
CVE-2022-24954,0.11926,0.95635
CVE-2022-24955,0.01052,0.60358
CVE-2022-24956,0.01345,0.68122
CVE-2022-24957,0.00694,0.4866
CVE-2022-24958,0.00413,0.33299
CVE-2022-24959,0.00428,0.34561
CVE-2022-24960,0.00567,0.43103
CVE-2022-24961,0.01644,0.73698
CVE-2022-24963,0.01472,0.70778
CVE-2022-24967,0.00589,0.44096
CVE-2022-24968,0.00629,0.45933
CVE-2022-24969,0.01704,0.74595
CVE-2022-24971,0.027,0.84194
CVE-2022-24972,0.00585,0.43917
CVE-2022-24973,0.00724,0.49759
CVE-2022-24974,0.0064,0.4642
CVE-2022-24975,0.02645,0.83843
CVE-2022-24976,0.0182,0.76236
CVE-2022-24977,0.06883,0.93307
CVE-2022-24978,0.01092,0.61545
CVE-2022-24979,0.00758,0.50933
CVE-2022-24980,0.01201,0.64605
CVE-2022-24981,0.01042,0.60082
CVE-2022-24982,0.01206,0.64731
CVE-2022-24983,0.02707,0.8424
CVE-2022-24984,0.02596,0.83526
CVE-2022-24985,0.0232,0.81477
CVE-2022-24986,0.00249,0.16117
CVE-2022-24988,0.01068,0.60896
CVE-2022-24989,0.31881,0.98102
CVE-2022-24990,0.8405,0.99664
CVE-2022-24992,0.01244,0.65787
CVE-2022-24995,0.13596,0.96025
CVE-2022-24999,0.14663,0.96261
CVE-2022-25003,0.01613,0.73169
CVE-2022-25004,0.01613,0.73169
CVE-2022-25008,0.04263,0.89928
CVE-2022-25010,0.00985,0.58282
CVE-2022-25012,0.00301,0.21949
CVE-2022-25013,0.00705,0.49064
CVE-2022-25014,0.00705,0.49065
CVE-2022-25015,0.00677,0.48023
CVE-2022-25016,0.01888,0.7712
CVE-2022-25017,0.29097,0.97943
CVE-2022-25018,0.02516,0.82976
CVE-2022-25020,0.01166,0.63632
CVE-2022-25022,0.01107,0.62033
CVE-2022-25023,0.01176,0.63928
CVE-2022-25024,0.01048,0.60242
CVE-2022-25026,0.24353,0.9761
CVE-2022-25027,0.01057,0.60523
CVE-2022-25028,0.00631,0.46041
CVE-2022-25031,0.00247,0.15885
CVE-2022-25037,0.00268,0.18481
CVE-2022-25038,0.00256,0.16958
CVE-2022-25041,0.0078,0.51657
CVE-2022-25044,0.00863,0.54367
CVE-2022-25045,0.01287,0.66809
CVE-2022-25046,0.53515,0.9887
CVE-2022-25047,0.01807,0.76047
CVE-2022-25048,0.18585,0.96923
CVE-2022-25050,0.0082,0.52984
CVE-2022-25051,0.00758,0.50924
CVE-2022-25060,0.48182,0.98722
CVE-2022-25061,0.66934,0.99212
CVE-2022-25062,0.03421,0.87521
CVE-2022-25064,0.36224,0.98297
CVE-2022-25069,0.01837,0.76454
CVE-2022-25072,0.13034,0.95888
CVE-2022-25073,0.13034,0.95888
CVE-2022-25074,0.13034,0.95888
CVE-2022-25075,0.56248,0.98939
CVE-2022-25076,0.03189,0.86604
CVE-2022-25077,0.32552,0.9814
CVE-2022-25078,0.03189,0.86604
CVE-2022-25079,0.03189,0.86604
CVE-2022-25080,0.03189,0.86604
CVE-2022-25081,0.03128,0.86354
CVE-2022-25082,0.15673,0.9647
CVE-2022-25083,0.03128,0.86353
CVE-2022-25084,0.24845,0.97653
CVE-2022-25089,0.18235,0.96878
CVE-2022-25090,0.11011,0.95391
CVE-2022-25091,0.00648,0.46778
CVE-2022-25094,0.23261,0.97509
CVE-2022-25095,0.01351,0.68279
CVE-2022-25096,0.02068,0.79204
CVE-2022-25098,0.00972,0.57847
CVE-2022-25099,0.01146,0.63048
CVE-2022-25101,0.01146,0.63048
CVE-2022-25104,0.01117,0.62291
CVE-2022-25106,0.08588,0.94454
CVE-2022-25108,0.00852,0.53964
CVE-2022-25114,0.00739,0.50304
CVE-2022-25115,0.01512,0.71525
CVE-2022-25125,0.06981,0.9339
CVE-2022-25130,0.02198,0.80437
CVE-2022-25131,0.02198,0.80437
CVE-2022-25132,0.02909,0.85373
CVE-2022-25133,0.02909,0.85373
CVE-2022-25134,0.02992,0.85766
CVE-2022-25135,0.02934,0.85494
CVE-2022-25136,0.02198,0.80438
CVE-2022-25137,0.02198,0.80437
CVE-2022-25138,0.00593,0.44268
CVE-2022-25139,0.01616,0.73222
CVE-2022-25146,0.00454,0.36494
CVE-2022-25147,0.01417,0.69683
CVE-2022-25148,0.8093,0.99586
CVE-2022-25149,0.77956,0.99522
CVE-2022-25150,0.00453,0.36413
CVE-2022-25151,0.00766,0.51227
CVE-2022-25152,0.01656,0.73864
CVE-2022-25153,0.0034,0.26035
CVE-2022-25154,0.0023,0.13736
CVE-2022-25155,0.02051,0.79014
CVE-2022-25156,0.01209,0.64831
CVE-2022-25157,0.0229,0.8121
CVE-2022-25158,0.01318,0.67484
CVE-2022-25159,0.02068,0.79194
CVE-2022-25160,0.01117,0.62293
CVE-2022-25161,0.03924,0.89139
CVE-2022-25162,0.02599,0.83548
CVE-2022-25163,0.02059,0.79097
CVE-2022-25164,0.00802,0.52383
CVE-2022-25165,0.00518,0.40409
CVE-2022-25166,0.0145,0.70301
CVE-2022-25167,0.04737,0.90819
CVE-2022-25168,0.03393,0.87429
CVE-2022-25169,0.0205,0.79006
CVE-2022-25170,0.00937,0.56707
CVE-2022-25171,0.02418,0.82245
CVE-2022-25172,0.0099,0.58433
CVE-2022-25173,0.01444,0.70184
CVE-2022-25174,0.01443,0.70169
CVE-2022-25175,0.01404,0.69416
CVE-2022-25176,0.01742,0.75127
CVE-2022-25177,0.01742,0.75127
CVE-2022-25178,0.01668,0.74061
CVE-2022-25179,0.01786,0.75755
CVE-2022-25180,0.00528,0.40997
CVE-2022-25181,0.01601,0.72983
CVE-2022-25182,0.01601,0.72983
CVE-2022-25183,0.01571,0.72533
CVE-2022-25184,0.00876,0.54783
CVE-2022-25185,0.00658,0.47238
CVE-2022-25186,0.00809,0.52626
CVE-2022-25187,0.00966,0.57624
CVE-2022-25188,0.01219,0.65124
CVE-2022-25189,0.00598,0.44538
CVE-2022-25190,0.0068,0.48132
CVE-2022-25191,0.00598,0.44539
CVE-2022-25192,0.00655,0.47071
CVE-2022-25193,0.00912,0.55885
CVE-2022-25194,0.00527,0.40937
CVE-2022-25195,0.0055,0.42158
CVE-2022-25196,0.00724,0.4975
CVE-2022-25197,0.00809,0.52625
CVE-2022-25198,0.00527,0.40938
CVE-2022-25199,0.00787,0.51898
CVE-2022-25200,0.00553,0.42341
CVE-2022-25201,0.00742,0.50399
CVE-2022-25202,0.00572,0.43324
CVE-2022-25203,0.00783,0.51749
CVE-2022-25204,0.00591,0.4418
CVE-2022-25205,0.00527,0.40937
CVE-2022-25206,0.00787,0.51897
CVE-2022-25207,0.00717,0.49542
CVE-2022-25208,0.01097,0.61753
CVE-2022-25209,0.01107,0.62033
CVE-2022-25210,0.00809,0.52626
CVE-2022-25211,0.0111,0.62109
CVE-2022-25212,0.00684,0.48279
CVE-2022-25213,0.00363,0.28433
CVE-2022-25214,0.01472,0.70775
CVE-2022-25215,0.01131,0.62662
CVE-2022-25216,0.13835,0.96088
CVE-2022-25217,0.00324,0.24398
CVE-2022-25218,0.00978,0.58062
CVE-2022-25219,0.00758,0.50903
CVE-2022-25220,0.00548,0.42087
CVE-2022-25221,0.00691,0.48544
CVE-2022-25222,0.01615,0.73203
CVE-2022-25223,0.00771,0.51385
CVE-2022-25224,0.00696,0.48752
CVE-2022-25225,0.02779,0.84709
CVE-2022-25226,0.11027,0.95399
CVE-2022-25227,0.00636,0.4628
CVE-2022-25228,0.00844,0.53702
CVE-2022-25229,0.00542,0.41751
CVE-2022-25230,0.01037,0.59918
CVE-2022-25231,0.0103,0.59696
CVE-2022-25234,0.00986,0.58311
CVE-2022-25235,0.04955,0.91174
CVE-2022-25236,0.34174,0.98215
CVE-2022-25237,0.56222,0.98938
CVE-2022-25238,0.00641,0.46462
CVE-2022-25241,0.03271,0.86967
CVE-2022-25242,0.00385,0.3064
CVE-2022-25243,0.00562,0.42828
CVE-2022-25244,0.00938,0.56732
CVE-2022-25245,0.01343,0.68069
CVE-2022-25246,0.01737,0.75054
CVE-2022-25247,0.03897,0.89048
CVE-2022-25248,0.00871,0.54612
CVE-2022-25249,0.02377,0.81928
CVE-2022-25250,0.0159,0.72824
CVE-2022-25251,0.01798,0.75918
CVE-2022-25252,0.01507,0.71421
CVE-2022-25255,0.00334,0.25465
CVE-2022-25256,0.01172,0.63811
CVE-2022-25258,0.00927,0.56361
CVE-2022-25259,0.00559,0.42653
CVE-2022-25260,0.02354,0.81767
CVE-2022-25261,0.00559,0.42654
CVE-2022-25262,0.01418,0.69696
CVE-2022-25263,0.02158,0.80079
CVE-2022-25264,0.00949,0.5709
CVE-2022-25265,0.01054,0.6044
CVE-2022-25266,0.00915,0.56004
CVE-2022-25267,0.01443,0.7017
CVE-2022-25268,0.00401,0.32251
CVE-2022-25269,0.00546,0.41957
CVE-2022-25270,0.00769,0.51309
CVE-2022-25271,0.01266,0.6635
CVE-2022-25273,0.00568,0.43161
CVE-2022-25274,0.00423,0.3421
CVE-2022-25275,0.00667,0.47567
CVE-2022-25276,0.00526,0.40868
CVE-2022-25277,0.01422,0.69758
CVE-2022-25278,0.0059,0.44171
CVE-2022-25290,0.00688,0.48464
CVE-2022-25291,0.01737,0.75054
CVE-2022-25292,0.0203,0.78787
CVE-2022-25293,0.0203,0.78788
CVE-2022-25294,0.00267,0.18437
CVE-2022-25295,0.00562,0.42833
CVE-2022-25296,0.00958,0.57347
CVE-2022-25297,0.01896,0.77228
CVE-2022-25298,0.01677,0.74193
CVE-2022-25299,0.01433,0.69984
CVE-2022-25301,0.01182,0.64121
CVE-2022-25302,0.00734,0.50143
CVE-2022-25303,0.009,0.55481
CVE-2022-25304,0.01063,0.60709
CVE-2022-25305,0.78905,0.99549
CVE-2022-25306,0.01357,0.68422
CVE-2022-25307,0.01357,0.68422
CVE-2022-25308,0.00508,0.39842
CVE-2022-25309,0.00479,0.3807
CVE-2022-25310,0.00454,0.36534
CVE-2022-25311,0.00518,0.40437
CVE-2022-25312,0.02814,0.84897
CVE-2022-25313,0.03268,0.86954
CVE-2022-25314,0.04654,0.90678
CVE-2022-25315,0.04781,0.90887
CVE-2022-25317,0.00627,0.45861
CVE-2022-25318,0.00594,0.4432
CVE-2022-25319,0.01327,0.67696
CVE-2022-25320,0.00933,0.56585
CVE-2022-25321,0.01066,0.60834
CVE-2022-25322,0.08346,0.94304
CVE-2022-25323,0.03245,0.8686
CVE-2022-25324,0.0141,0.69529
CVE-2022-25325,0.01037,0.59917
CVE-2022-25326,0.00129,0.02878
CVE-2022-25327,0.0011,0.01502
CVE-2022-25328,0.00199,0.09884
CVE-2022-25329,0.02646,0.8385
CVE-2022-25330,0.04872,0.91032
CVE-2022-25331,0.0305,0.86026
CVE-2022-25332,0.00099,0.00991
CVE-2022-25333,0.0013,0.02975
CVE-2022-25334,0.00192,0.09076
CVE-2022-25335,0.0128,0.66652
CVE-2022-25336,0.00707,0.49142
CVE-2022-25337,0.01059,0.60587
CVE-2022-25338,0.00236,0.14516
CVE-2022-25339,0.00212,0.11536
CVE-2022-25342,0.01011,0.59099
CVE-2022-25343,0.01329,0.67725
CVE-2022-25344,0.00754,0.50782
CVE-2022-25345,0.01274,0.66529
CVE-2022-25347,0.11124,0.95433
CVE-2022-25348,0.00355,0.27634
CVE-2022-25349,0.01001,0.58765
CVE-2022-25350,0.01219,0.65123
CVE-2022-25352,0.02029,0.78782
CVE-2022-25354,0.01901,0.77288
CVE-2022-25355,0.01138,0.62858
CVE-2022-25356,0.05879,0.92357
CVE-2022-25357,0.00611,0.45151
CVE-2022-25358,0.01149,0.63142
CVE-2022-25359,0.37295,0.98347
CVE-2022-25360,0.01294,0.66966
CVE-2022-25361,0.01209,0.64849
CVE-2022-25363,0.00882,0.5494
CVE-2022-25364,0.00977,0.58056
CVE-2022-25365,0.00845,0.53725
CVE-2022-25366,0.00556,0.42491
CVE-2022-25368,0.00294,0.21305
CVE-2022-25369,0.40739,0.98491
CVE-2022-25370,0.02009,0.78573
CVE-2022-25371,0.04059,0.89477
CVE-2022-25372,0.00647,0.46771
CVE-2022-25373,0.01104,0.61926
CVE-2022-25374,0.00949,0.57091
CVE-2022-25375,0.01054,0.60429
CVE-2022-25377,0.00793,0.52101
CVE-2022-25389,0.00917,0.56055
CVE-2022-25390,0.0307,0.86112
CVE-2022-25393,0.01195,0.64459
CVE-2022-25394,0.01513,0.71541
CVE-2022-25395,0.01021,0.59392
CVE-2022-25396,0.0122,0.65137
CVE-2022-25398,0.0122,0.65132
CVE-2022-25399,0.0122,0.65136
CVE-2022-25401,0.0222,0.80623
CVE-2022-25402,0.01584,0.72725
CVE-2022-25403,0.01551,0.72217
CVE-2022-25404,0.01013,0.59178
CVE-2022-25405,0.01013,0.59178
CVE-2022-25406,0.01013,0.59178
CVE-2022-25407,0.00479,0.38108
CVE-2022-25408,0.00483,0.38363
CVE-2022-25409,0.00479,0.38108
CVE-2022-25410,0.00485,0.38447
CVE-2022-25411,0.02785,0.84737
CVE-2022-25412,0.01042,0.60078
CVE-2022-25413,0.00485,0.38447
CVE-2022-25414,0.10439,0.95216
CVE-2022-25417,0.01761,0.75386
CVE-2022-25418,0.01761,0.75386
CVE-2022-25420,0.02435,0.82379
CVE-2022-25427,0.01665,0.74013
CVE-2022-25428,0.01665,0.74012
CVE-2022-25429,0.01665,0.7401
CVE-2022-25431,0.01665,0.74016
CVE-2022-25433,0.01665,0.7401
CVE-2022-25434,0.09135,0.94721
CVE-2022-25435,0.01665,0.74014
CVE-2022-25437,0.01665,0.74014
CVE-2022-25438,0.04636,0.90647
CVE-2022-25439,0.01665,0.74015
CVE-2022-25440,0.01665,0.74015
CVE-2022-25441,0.04636,0.90647
CVE-2022-25445,0.09007,0.9467
CVE-2022-25446,0.01665,0.7401
CVE-2022-25447,0.01665,0.74011
CVE-2022-25448,0.01665,0.74017
CVE-2022-25449,0.01665,0.74017
CVE-2022-25450,0.1155,0.95536
CVE-2022-25451,0.01665,0.74015
CVE-2022-25452,0.01665,0.74012
CVE-2022-25453,0.01665,0.74013
CVE-2022-25454,0.01665,0.74013
CVE-2022-25455,0.01665,0.74016
CVE-2022-25456,0.01665,0.74014
CVE-2022-25457,0.01665,0.74011
CVE-2022-25458,0.01665,0.74011
CVE-2022-25459,0.01665,0.74011
CVE-2022-25460,0.01665,0.74009
CVE-2022-25461,0.01665,0.74012
CVE-2022-25462,0.00913,0.55938
CVE-2022-25464,0.00435,0.3512
CVE-2022-25465,0.00719,0.49595
CVE-2022-25471,0.00831,0.53332
CVE-2022-25477,0.00179,0.07553
CVE-2022-25478,0.00188,0.08531
CVE-2022-25479,0.00631,0.46022
CVE-2022-25480,0.00189,0.08689
CVE-2022-25481,0.04748,0.90834
CVE-2022-25484,0.00597,0.4449
CVE-2022-25485,0.07927,0.94051
CVE-2022-25486,0.09966,0.95054
CVE-2022-25487,0.54766,0.98904
CVE-2022-25488,0.07148,0.93539
CVE-2022-25489,0.01459,0.70498
CVE-2022-25490,0.01583,0.72708
CVE-2022-25491,0.01475,0.70812
CVE-2022-25492,0.01583,0.72708
CVE-2022-25493,0.00788,0.51952
CVE-2022-25494,0.01064,0.60722
CVE-2022-25495,0.0204,0.78885
CVE-2022-25497,0.03642,0.88272
CVE-2022-25498,0.02886,0.85258
CVE-2022-25505,0.01064,0.60721
CVE-2022-25506,0.00855,0.54112
CVE-2022-25507,0.00479,0.38109
CVE-2022-25508,0.01019,0.59337
CVE-2022-25510,0.01035,0.59864
CVE-2022-25511,0.00719,0.49601
CVE-2022-25512,0.01073,0.61017
CVE-2022-25514,0.01021,0.59391
CVE-2022-25515,0.00922,0.56187
CVE-2022-25516,0.00922,0.56187
CVE-2022-25517,0.01809,0.76066
CVE-2022-25518,0.00741,0.50353
CVE-2022-25521,0.01668,0.74055
CVE-2022-25523,0.0054,0.4166
CVE-2022-25546,0.12269,0.95712
CVE-2022-25547,0.08767,0.9456
CVE-2022-25548,0.01219,0.65121
CVE-2022-25549,0.01219,0.6512
CVE-2022-25550,0.01219,0.6512
CVE-2022-25551,0.01219,0.65117
CVE-2022-25552,0.01219,0.65117
CVE-2022-25553,0.01219,0.65119
CVE-2022-25554,0.01219,0.65119
CVE-2022-25555,0.01219,0.65119
CVE-2022-25556,0.01219,0.65121
CVE-2022-25557,0.01219,0.6512
CVE-2022-25558,0.01219,0.65121
CVE-2022-25560,0.01219,0.65119
CVE-2022-25561,0.01219,0.65118
CVE-2022-25566,0.01219,0.65118
CVE-2022-25568,0.06829,0.93263
CVE-2022-25569,0.01133,0.62721
CVE-2022-25570,0.00807,0.5256
CVE-2022-25571,0.00917,0.56055
CVE-2022-25574,0.00412,0.33206
CVE-2022-25575,0.00631,0.4604
CVE-2022-25576,0.00395,0.31675
CVE-2022-25577,0.01197,0.64496
CVE-2022-25578,0.01674,0.74155
CVE-2022-25581,0.01101,0.61853
CVE-2022-25582,0.00553,0.42374
CVE-2022-25584,0.01249,0.65911
CVE-2022-25585,0.00408,0.32881
CVE-2022-25590,0.01279,0.66623
CVE-2022-25591,0.02714,0.84284
CVE-2022-25594,0.00997,0.58635
CVE-2022-25595,0.00386,0.30744
CVE-2022-25596,0.00554,0.42405
CVE-2022-25597,0.00842,0.53656
CVE-2022-25598,0.01904,0.77315
CVE-2022-25599,0.00405,0.32618
CVE-2022-25600,0.00559,0.42652
CVE-2022-25601,0.01002,0.58821
CVE-2022-25602,0.01262,0.66237
CVE-2022-25603,0.0054,0.41641
CVE-2022-25604,0.00546,0.41964
CVE-2022-25605,0.00541,0.41712
CVE-2022-25606,0.00544,0.41873
CVE-2022-25607,0.00795,0.52143
CVE-2022-25608,0.00293,0.21139
CVE-2022-25609,0.00514,0.40201
CVE-2022-25610,0.00692,0.48602
CVE-2022-25611,0.00549,0.42101
CVE-2022-25612,0.00549,0.42101
CVE-2022-25613,0.00549,0.42102
CVE-2022-25614,0.00432,0.34858
CVE-2022-25615,0.00432,0.34858
CVE-2022-25617,0.00774,0.51473
CVE-2022-25618,0.00543,0.41805
CVE-2022-25619,0.00321,0.24085
CVE-2022-25620,0.00417,0.3374
CVE-2022-25621,0.0142,0.69734
CVE-2022-25622,0.00849,0.53883
CVE-2022-25623,0.00276,0.19548
CVE-2022-25625,0.00728,0.49913
CVE-2022-25626,0.00687,0.4843
CVE-2022-25627,0.00907,0.55699
CVE-2022-25628,0.00897,0.55387
CVE-2022-25629,0.00382,0.30364
CVE-2022-25630,0.01489,0.71078
CVE-2022-25631,0.00166,0.06225
CVE-2022-25634,0.0193,0.77634
CVE-2022-25635,0.00343,0.26406
CVE-2022-25636,0.02633,0.83777
CVE-2022-25638,0.00618,0.45492
CVE-2022-25640,0.01331,0.67787
CVE-2022-25641,0.0019,0.08789
CVE-2022-25642,0.01434,0.69986
CVE-2022-25643,0.02108,0.79614
CVE-2022-25644,0.0122,0.6515
CVE-2022-25645,0.0176,0.75371
CVE-2022-25646,0.00695,0.48702
CVE-2022-25647,0.1158,0.95543
CVE-2022-25648,0.04871,0.91031
CVE-2022-25649,0.00707,0.49144
CVE-2022-25650,0.00649,0.46838
CVE-2022-25651,0.00802,0.52396
CVE-2022-25652,0.00104,0.01242
CVE-2022-25653,0.00116,0.01913
CVE-2022-25654,0.00118,0.02027
CVE-2022-25655,0.00123,0.02454
CVE-2022-25656,0.00119,0.0209
CVE-2022-25657,0.00333,0.25349
CVE-2022-25658,0.00328,0.24796
CVE-2022-25659,0.00333,0.25349
CVE-2022-25660,0.00119,0.02133
CVE-2022-25661,0.00119,0.02135
CVE-2022-25662,0.00321,0.24068
CVE-2022-25663,0.0011,0.01495
CVE-2022-25664,0.0017,0.0665
CVE-2022-25665,0.00117,0.01973
CVE-2022-25666,0.00115,0.01842
CVE-2022-25667,0.00335,0.25591
CVE-2022-25668,0.00328,0.24796
CVE-2022-25669,0.00393,0.31473
CVE-2022-25670,0.00461,0.36944
CVE-2022-25671,0.00433,0.34945
CVE-2022-25672,0.00406,0.32758
CVE-2022-25673,0.00406,0.3276
CVE-2022-25674,0.00286,0.20489
CVE-2022-25675,0.00112,0.01606
CVE-2022-25676,0.00114,0.01741
CVE-2022-25677,0.00123,0.02449
CVE-2022-25678,0.00417,0.33713
CVE-2022-25679,0.00095,0.00773
CVE-2022-25680,0.00121,0.02259
CVE-2022-25681,0.00124,0.0251
CVE-2022-25682,0.00124,0.0251
CVE-2022-25685,0.00379,0.30007
CVE-2022-25686,0.00321,0.24063
CVE-2022-25687,0.00322,0.24232
CVE-2022-25688,0.00321,0.24063
CVE-2022-25689,0.0041,0.33029
CVE-2022-25690,0.00363,0.28505
CVE-2022-25691,0.0041,0.33029
CVE-2022-25692,0.0041,0.33029
CVE-2022-25693,0.00119,0.02089
CVE-2022-25694,0.00123,0.02454
CVE-2022-25695,0.00124,0.02511
CVE-2022-25696,0.00084,0.00343
CVE-2022-25697,0.00124,0.0251
CVE-2022-25698,0.00124,0.02538
CVE-2022-25702,0.0041,0.3303
CVE-2022-25705,0.00125,0.02568
CVE-2022-25706,0.00363,0.28506
CVE-2022-25708,0.00429,0.34641
CVE-2022-25709,0.00123,0.02455
CVE-2022-25710,0.00386,0.3074
CVE-2022-25711,0.00123,0.02449
CVE-2022-25712,0.00123,0.02449
CVE-2022-25713,0.00116,0.01863
CVE-2022-25715,0.00115,0.0181
CVE-2022-25716,0.00081,0.00261
CVE-2022-25717,0.00115,0.0181
CVE-2022-25718,0.00412,0.33274
CVE-2022-25719,0.00464,0.37129
CVE-2022-25720,0.00421,0.34046
CVE-2022-25721,0.00115,0.01808
CVE-2022-25722,0.00113,0.01699
CVE-2022-25723,0.00116,0.01877
CVE-2022-25724,0.00118,0.02046
CVE-2022-25725,0.00105,0.01252
CVE-2022-25726,0.00354,0.27537
CVE-2022-25727,0.00421,0.34046
CVE-2022-25728,0.00375,0.29678
CVE-2022-25729,0.00443,0.35708
CVE-2022-25730,0.00354,0.27538
CVE-2022-25731,0.00354,0.27538
CVE-2022-25732,0.00375,0.29677
CVE-2022-25733,0.00406,0.32758
CVE-2022-25734,0.00406,0.32758
CVE-2022-25735,0.00406,0.3276
CVE-2022-25736,0.00693,0.48627
CVE-2022-25737,0.00354,0.27535
CVE-2022-25738,0.00375,0.29677
CVE-2022-25739,0.00383,0.30393
CVE-2022-25740,0.00417,0.33713
CVE-2022-25741,0.00386,0.3074
CVE-2022-25742,0.00386,0.3074
CVE-2022-25743,0.00142,0.03925
CVE-2022-25745,0.00417,0.33713
CVE-2022-25746,0.00115,0.01805
CVE-2022-25747,0.00354,0.27536
CVE-2022-25748,0.00438,0.35322
CVE-2022-25749,0.00392,0.31344
CVE-2022-25750,0.00128,0.02847
CVE-2022-25751,0.01332,0.67797
CVE-2022-25752,0.01397,0.69249
CVE-2022-25753,0.01598,0.72942
CVE-2022-25754,0.00512,0.40092
CVE-2022-25755,0.01277,0.66593
CVE-2022-25756,0.0054,0.41661
CVE-2022-25757,0.02384,0.81979
CVE-2022-25758,0.01949,0.77878
CVE-2022-25759,0.09204,0.94746
CVE-2022-25760,0.01614,0.73184
CVE-2022-25761,0.01127,0.62562
CVE-2022-25762,0.08033,0.94111
CVE-2022-25763,0.01585,0.72746
CVE-2022-25765,0.39389,0.98439
CVE-2022-25766,0.3389,0.98203
CVE-2022-25767,0.02907,0.85366
CVE-2022-25768,0.00289,0.20805
CVE-2022-25769,0.00502,0.39484
CVE-2022-25770,0.00277,0.19642
CVE-2022-25772,0.61396,0.99062
CVE-2022-25773,0.00549,0.42111
CVE-2022-25774,0.00372,0.29379
CVE-2022-25775,0.00593,0.44277
CVE-2022-25776,0.00396,0.31822
CVE-2022-25777,0.00445,0.35863
CVE-2022-25778,0.00262,0.17614
CVE-2022-25779,0.00517,0.40349
CVE-2022-25780,0.00584,0.4386
CVE-2022-25781,0.00462,0.37008
CVE-2022-25782,0.00466,0.37282
CVE-2022-25783,0.00584,0.4386
CVE-2022-25784,0.0057,0.4326
CVE-2022-25785,0.00919,0.56096
CVE-2022-25786,0.00688,0.48453
CVE-2022-25787,0.00232,0.14049
CVE-2022-25788,0.01501,0.7132
CVE-2022-25789,0.01538,0.71972
CVE-2022-25790,0.01463,0.70591
CVE-2022-25791,0.0062,0.45596
CVE-2022-25792,0.01462,0.7056
CVE-2022-25793,0.00345,0.26645
CVE-2022-25794,0.01087,0.61414
CVE-2022-25795,0.0182,0.76236
CVE-2022-25796,0.01041,0.60032
CVE-2022-25797,0.01149,0.63136
CVE-2022-25799,0.00468,0.37367
CVE-2022-25800,0.00842,0.5366
CVE-2022-25801,0.00842,0.53659
CVE-2022-25802,0.00727,0.49882
CVE-2022-25803,0.00494,0.38974
CVE-2022-25804,0.0028,0.19917
CVE-2022-25805,0.00555,0.42428
CVE-2022-25806,0.00941,0.56829
CVE-2022-25807,0.00295,0.21325
CVE-2022-25809,0.03054,0.86045
CVE-2022-25810,0.00891,0.55199
CVE-2022-25811,0.01202,0.64634
CVE-2022-25812,0.01441,0.70117
CVE-2022-25813,0.67261,0.99222
CVE-2022-25814,0.00098,0.0095
CVE-2022-25815,0.00098,0.0095
CVE-2022-25816,0.00107,0.01379
CVE-2022-25817,0.00104,0.01221
CVE-2022-25818,0.00415,0.3352
CVE-2022-25819,0.00106,0.01328
CVE-2022-25820,0.00102,0.01141
CVE-2022-25821,0.00109,0.01453
CVE-2022-25822,0.00086,0.0044
CVE-2022-25823,0.00204,0.10476
CVE-2022-25824,0.00231,0.13842
CVE-2022-25825,0.00221,0.12608
CVE-2022-25826,0.00204,0.10475
CVE-2022-25827,0.00204,0.10476
CVE-2022-25828,0.00204,0.10475
CVE-2022-25829,0.00204,0.10475
CVE-2022-25830,0.00204,0.10475
CVE-2022-25831,0.00098,0.00933
CVE-2022-25832,0.00114,0.0175
CVE-2022-25833,0.00105,0.01261
CVE-2022-25834,0.00461,0.36959
CVE-2022-25836,0.00353,0.27447
CVE-2022-25837,0.00353,0.27447
CVE-2022-25838,0.00931,0.56537
CVE-2022-25839,0.00836,0.53496
CVE-2022-25841,0.00206,0.10743
CVE-2022-25842,0.03556,0.87972
CVE-2022-25844,0.04658,0.90683
CVE-2022-25845,0.17767,0.96812
CVE-2022-25847,0.00582,0.43807
CVE-2022-25848,0.00959,0.57377
CVE-2022-25849,0.00473,0.37707
CVE-2022-25850,0.01313,0.67365
CVE-2022-25851,0.01762,0.75405
CVE-2022-25852,0.01274,0.66529
CVE-2022-25853,0.01078,0.61146
CVE-2022-25854,0.00949,0.57084
CVE-2022-25855,0.00951,0.57166
CVE-2022-25856,0.01815,0.76162
CVE-2022-25857,0.02191,0.80356
CVE-2022-25858,0.03004,0.85827
CVE-2022-25860,0.02712,0.8427
CVE-2022-25862,0.00704,0.49038
CVE-2022-25863,0.01865,0.7684
CVE-2022-25864,0.0015,0.04603
CVE-2022-25865,0.06798,0.93239
CVE-2022-25866,0.03883,0.89012
CVE-2022-25867,0.01299,0.67067
CVE-2022-25869,0.06817,0.93255
CVE-2022-25871,0.011,0.61817
CVE-2022-25872,0.01068,0.60887
CVE-2022-25873,0.0066,0.47299
CVE-2022-25875,0.01312,0.6735
CVE-2022-25876,0.00363,0.28482
CVE-2022-25878,0.02071,0.79225
CVE-2022-25880,0.01172,0.63793
CVE-2022-25881,0.01613,0.7317
CVE-2022-25882,0.01608,0.73095
CVE-2022-25883,0.02761,0.8457
CVE-2022-25885,0.01141,0.62915
CVE-2022-25887,0.0115,0.63174
CVE-2022-25888,0.0103,0.59697
CVE-2022-25890,0.01329,0.67726
CVE-2022-25891,0.01527,0.7177
CVE-2022-25892,0.01022,0.59457
CVE-2022-25893,0.01425,0.69836
CVE-2022-25894,0.02575,0.83384
CVE-2022-25895,0.01343,0.68084
CVE-2022-25896,0.00985,0.58262
CVE-2022-25897,0.01018,0.59308
CVE-2022-25898,0.01096,0.61705
CVE-2022-25899,0.01003,0.58848
CVE-2022-25900,0.03227,0.86785
CVE-2022-25901,0.01546,0.72117
CVE-2022-25903,0.01114,0.62202
CVE-2022-25904,0.00884,0.55001
CVE-2022-25905,0.00171,0.06731
CVE-2022-25906,0.01055,0.60468
CVE-2022-25907,0.01477,0.70863
CVE-2022-25908,0.01547,0.7214
CVE-2022-25912,0.02784,0.84733
CVE-2022-25914,0.01341,0.68034
CVE-2022-25915,0.00429,0.34683
CVE-2022-25916,0.01093,0.61559
CVE-2022-25917,0.00175,0.07182
CVE-2022-25918,0.01246,0.65818
CVE-2022-25921,0.011,0.61838
CVE-2022-25922,0.01173,0.63836
CVE-2022-25923,0.02554,0.83231
CVE-2022-25926,0.01106,0.61995
CVE-2022-25927,0.01725,0.74881
CVE-2022-25929,0.00813,0.52742
CVE-2022-25931,0.01324,0.67617
CVE-2022-25932,0.00642,0.46551
CVE-2022-25936,0.01339,0.67982
CVE-2022-25937,0.0111,0.62113
CVE-2022-25940,0.01155,0.6332
CVE-2022-25942,0.00577,0.43548
CVE-2022-25943,0.00704,0.49043
CVE-2022-25946,0.00382,0.30277
CVE-2022-25948,0.00811,0.52684
CVE-2022-25949,0.00741,0.50376
CVE-2022-25952,0.00284,0.20287
CVE-2022-25959,0.0138,0.6892
CVE-2022-25962,0.00987,0.58358
CVE-2022-25966,0.00206,0.10742
CVE-2022-25967,0.01995,0.7838
CVE-2022-25969,0.00775,0.51506
CVE-2022-25972,0.00589,0.44114
CVE-2022-25973,0.00452,0.3638
CVE-2022-25976,0.00184,0.08109
CVE-2022-25978,0.00534,0.41343
CVE-2022-25979,0.00617,0.45422
CVE-2022-25980,0.01172,0.6379
CVE-2022-25986,0.00728,0.4991
CVE-2022-25987,0.00522,0.4068
CVE-2022-25989,0.00989,0.58406
CVE-2022-25990,0.00717,0.49496
CVE-2022-25992,0.00139,0.03666
CVE-2022-25995,0.026,0.83549
CVE-2022-25996,0.01061,0.60642
CVE-2022-25999,0.00206,0.10745
CVE-2022-26002,0.03105,0.86253
CVE-2022-26006,0.00193,0.09146
CVE-2022-26007,0.05359,0.91705
CVE-2022-26009,0.01109,0.62092
CVE-2022-26013,0.08924,0.94633
CVE-2022-26017,0.00368,0.28918
CVE-2022-26019,0.04229,0.89859
CVE-2022-26020,0.00651,0.46945
CVE-2022-26022,0.01409,0.695
CVE-2022-26023,0.00771,0.51387
CVE-2022-26024,0.0014,0.0379
CVE-2022-26026,0.0114,0.62881
CVE-2022-26028,0.00169,0.0653
CVE-2022-26032,0.00182,0.07906
CVE-2022-26034,0.00943,0.56887
CVE-2022-26041,0.01445,0.70198
CVE-2022-26042,0.08477,0.94389
CVE-2022-26043,0.01208,0.64807
CVE-2022-26045,0.00237,0.14648
CVE-2022-26047,0.00407,0.32858
CVE-2022-26049,0.01876,0.76972
CVE-2022-26051,0.00718,0.49558
CVE-2022-26052,0.00175,0.07133
CVE-2022-26054,0.00718,0.49558
CVE-2022-26057,0.0021,0.11236
CVE-2022-26059,0.01172,0.63791
CVE-2022-26061,0.00618,0.45473
CVE-2022-26062,0.00182,0.07905
CVE-2022-26065,0.01172,0.63791
CVE-2022-26067,0.01221,0.65172
CVE-2022-26068,0.01499,0.71284
CVE-2022-26069,0.01172,0.63792
CVE-2022-26070,0.00605,0.44864
CVE-2022-26071,0.01002,0.58828
CVE-2022-26073,0.0071,0.49262
CVE-2022-26074,0.00196,0.09444
CVE-2022-26075,0.05829,0.92297
CVE-2022-26076,0.00233,0.1417
CVE-2022-26077,0.01093,0.61558
CVE-2022-26078,0.00845,0.53726
CVE-2022-26079,0.00177,0.07405
CVE-2022-26080,0.00427,0.34503
CVE-2022-26081,0.00775,0.51506
CVE-2022-26082,0.18607,0.96925
CVE-2022-26083,0.00181,0.0786
CVE-2022-26085,0.12477,0.95755
CVE-2022-26086,0.00169,0.0653
CVE-2022-26088,0.01012,0.59137
CVE-2022-26090,0.00102,0.01121
CVE-2022-26091,0.00102,0.01116
CVE-2022-26092,0.00134,0.03299
CVE-2022-26093,0.00503,0.39506
CVE-2022-26094,0.00503,0.39507
CVE-2022-26095,0.00503,0.39507
CVE-2022-26096,0.00503,0.39506
CVE-2022-26097,0.00503,0.39507
CVE-2022-26098,0.01306,0.67224
CVE-2022-26099,0.00503,0.39506
CVE-2022-26100,0.01146,0.63042
CVE-2022-26101,0.01383,0.68992
CVE-2022-26102,0.00485,0.38418
CVE-2022-26103,0.00755,0.50811
CVE-2022-26104,0.00694,0.48658
CVE-2022-26105,0.00855,0.5411
CVE-2022-26106,0.00972,0.5787
CVE-2022-26107,0.00972,0.57871
CVE-2022-26108,0.00872,0.54651
CVE-2022-26109,0.00972,0.5787
CVE-2022-26110,0.01402,0.69378
CVE-2022-26111,0.04146,0.89679
CVE-2022-26112,0.01367,0.68643
CVE-2022-26113,0.00307,0.22601
CVE-2022-26114,0.00403,0.32455
CVE-2022-26115,0.00315,0.23425
CVE-2022-26116,0.00777,0.51583
CVE-2022-26117,0.00876,0.54783
CVE-2022-26118,0.00258,0.17188
CVE-2022-26119,0.00195,0.09405
CVE-2022-26120,0.00559,0.42654
CVE-2022-26121,0.00734,0.50127
CVE-2022-26122,0.00448,0.36123
CVE-2022-26124,0.0016,0.05591
CVE-2022-26125,0.01007,0.58976
CVE-2022-26126,0.01068,0.60899
CVE-2022-26127,0.01014,0.59192
CVE-2022-26128,0.00966,0.5762
CVE-2022-26129,0.01014,0.59192
CVE-2022-26130,0.00854,0.54061
CVE-2022-26131,0.013,0.67112
CVE-2022-26133,0.71092,0.99332
CVE-2022-26134,0.99999,0.99994
CVE-2022-26135,0.71169,0.99335
CVE-2022-26136,0.04244,0.89889
CVE-2022-26137,0.01852,0.76657
CVE-2022-26138,0.9817,0.99908
CVE-2022-26143,0.87565,0.99738
CVE-2022-26144,0.00788,0.5197
CVE-2022-26146,0.00448,0.36136
CVE-2022-26147,0.02548,0.83194
CVE-2022-26148,0.53439,0.98867
CVE-2022-26149,0.09314,0.94799
CVE-2022-26151,0.07582,0.93833
CVE-2022-26155,0.00667,0.47596
CVE-2022-26156,0.00713,0.49355
CVE-2022-26157,0.00552,0.42308
CVE-2022-26158,0.00713,0.49355
CVE-2022-26159,0.13372,0.95972
CVE-2022-26169,0.01255,0.66051
CVE-2022-26170,0.01255,0.66051
CVE-2022-26171,0.01255,0.66051
CVE-2022-26173,0.00671,0.47766
CVE-2022-26174,0.02269,0.81017
CVE-2022-26180,0.0375,0.88613
CVE-2022-26181,0.00869,0.54552
CVE-2022-26183,0.0157,0.725
CVE-2022-26184,0.01828,0.76336
CVE-2022-26186,0.03986,0.89314
CVE-2022-26187,0.19579,0.97067
CVE-2022-26188,0.03458,0.87657
CVE-2022-26189,0.03458,0.87656
CVE-2022-26197,0.00553,0.42374
CVE-2022-26198,0.01582,0.72692
CVE-2022-26201,0.01472,0.70765
CVE-2022-26205,0.01893,0.77184
CVE-2022-26206,0.0224,0.80793
CVE-2022-26207,0.0224,0.80792
CVE-2022-26208,0.02806,0.84852
CVE-2022-26209,0.0224,0.80793
CVE-2022-26210,0.05748,0.92192
CVE-2022-26211,0.02806,0.84851
CVE-2022-26212,0.02806,0.84852
CVE-2022-26213,0.2558,0.97716
CVE-2022-26214,0.02806,0.84852
CVE-2022-26233,0.15028,0.96328
CVE-2022-26235,0.00181,0.07854
CVE-2022-26236,0.00167,0.06295
CVE-2022-26237,0.00191,0.08955
CVE-2022-26238,0.00195,0.09398
CVE-2022-26239,0.00207,0.10838
CVE-2022-26240,0.00572,0.43344
CVE-2022-26243,0.01157,0.63357
CVE-2022-26244,0.00479,0.38107
CVE-2022-26245,0.14844,0.963
CVE-2022-26246,0.00611,0.45109
CVE-2022-26247,0.00739,0.50309
CVE-2022-26249,0.01761,0.75392
CVE-2022-26250,0.00299,0.21734
CVE-2022-26251,0.01752,0.75285
CVE-2022-26252,0.01752,0.75274
CVE-2022-26254,0.00826,0.53198
CVE-2022-26255,0.01674,0.74155
CVE-2022-26258,0.81099,0.99591
CVE-2022-26259,0.02382,0.81959
CVE-2022-26260,0.01295,0.66986
CVE-2022-26263,0.41454,0.98516
CVE-2022-26265,0.30367,0.98017
CVE-2022-26266,0.01272,0.66467
CVE-2022-26267,0.01431,0.69946
CVE-2022-26268,0.00941,0.56847
CVE-2022-26269,0.00382,0.30304
CVE-2022-26271,0.04633,0.90641
CVE-2022-26272,0.22471,0.97425
CVE-2022-26273,0.01122,0.62429
CVE-2022-26276,0.01173,0.6384
CVE-2022-26278,0.01665,0.74013
CVE-2022-26279,0.01813,0.76144
CVE-2022-26280,0.01877,0.76981
CVE-2022-26281,0.00927,0.56346
CVE-2022-26283,0.01532,0.71875
CVE-2022-26284,0.01948,0.77865
CVE-2022-26285,0.01998,0.7841
CVE-2022-26289,0.02654,0.83904
CVE-2022-26290,0.02654,0.83904
CVE-2022-26291,0.00853,0.53999
CVE-2022-26293,0.02164,0.80126
CVE-2022-26295,0.00574,0.43441
CVE-2022-26296,0.00386,0.30766
CVE-2022-26300,0.01178,0.64001
CVE-2022-26301,0.01064,0.60722
CVE-2022-26302,0.00855,0.54104
CVE-2022-26303,0.01208,0.64806
CVE-2022-26305,0.00998,0.58669
CVE-2022-26306,0.00804,0.52486
CVE-2022-26307,0.01139,0.62869
CVE-2022-26308,0.00344,0.26489
CVE-2022-26309,0.00245,0.15582
CVE-2022-26310,0.00593,0.44261
CVE-2022-26311,0.01137,0.6282
CVE-2022-26313,0.00953,0.57239
CVE-2022-26314,0.01437,0.7005
CVE-2022-26315,0.01197,0.64491
CVE-2022-26317,0.0092,0.56128
CVE-2022-26318,0.78303,0.9953
CVE-2022-26319,0.00279,0.19842
CVE-2022-26320,0.00883,0.54971
CVE-2022-26322,0.00366,0.2875
CVE-2022-26323,0.00298,0.21618
CVE-2022-26324,0.00278,0.19712
CVE-2022-26325,0.00334,0.25508
CVE-2022-26326,0.00345,0.26579
CVE-2022-26327,0.00623,0.45698
CVE-2022-26328,0.00397,0.31873
CVE-2022-26329,0.00466,0.37255
CVE-2022-26330,0.0057,0.43243
CVE-2022-26331,0.0038,0.30151
CVE-2022-26332,0.00682,0.48204
CVE-2022-26334,0.01332,0.67796
CVE-2022-26335,0.01332,0.67797
CVE-2022-26336,0.0152,0.71645
CVE-2022-26337,0.00672,0.47771
CVE-2022-26338,0.01172,0.63793
CVE-2022-26340,0.00435,0.3509
CVE-2022-26341,0.00437,0.35267
CVE-2022-26342,0.01061,0.60642
CVE-2022-26343,0.00249,0.16148
CVE-2022-26344,0.0018,0.07753
CVE-2022-26345,0.00179,0.0762
CVE-2022-26346,0.01064,0.60724
CVE-2022-26348,0.00266,0.18363
CVE-2022-26349,0.01172,0.6379
CVE-2022-26352,0.91501,0.99801
CVE-2022-26353,0.02701,0.84198
CVE-2022-26354,0.00391,0.31247
CVE-2022-26355,0.0017,0.06619
CVE-2022-26356,0.00232,0.13985
CVE-2022-26357,0.00248,0.16016
CVE-2022-26358,0.00344,0.26497
CVE-2022-26359,0.00341,0.26216
CVE-2022-26360,0.00344,0.26496
CVE-2022-26361,0.00344,0.26497
CVE-2022-26362,0.00379,0.30002
CVE-2022-26363,0.00341,0.2616
CVE-2022-26364,0.00494,0.38968
CVE-2022-26365,0.00322,0.24166
CVE-2022-26366,0.00264,0.17852
CVE-2022-26367,0.00189,0.08725
CVE-2022-26368,0.00669,0.47685
CVE-2022-26369,0.00281,0.2003
CVE-2022-26370,0.00764,0.51146
CVE-2022-26372,0.00843,0.53688
CVE-2022-26373,0.0035,0.27109
CVE-2022-26374,0.00206,0.10744
CVE-2022-26375,0.00396,0.31759
CVE-2022-26376,0.01119,0.62366
CVE-2022-26377,0.19008,0.96977
CVE-2022-26380,0.0091,0.55823
CVE-2022-26381,0.00849,0.53863
CVE-2022-26382,0.00493,0.38936
CVE-2022-26383,0.00655,0.47084
CVE-2022-26384,0.00931,0.56513
CVE-2022-26385,0.00554,0.42423
CVE-2022-26386,0.0068,0.48113
CVE-2022-26387,0.00657,0.47158
CVE-2022-26388,0.00266,0.18081
CVE-2022-26389,0.00282,0.20093
CVE-2022-26390,0.00424,0.34291
CVE-2022-26392,0.00576,0.43522
CVE-2022-26393,0.00596,0.44394
CVE-2022-26394,0.00337,0.2572
CVE-2022-26413,0.00686,0.48377
CVE-2022-26414,0.002,0.09979
CVE-2022-26415,0.00691,0.48558
CVE-2022-26417,0.01409,0.695
CVE-2022-26419,0.01985,0.78272
CVE-2022-26420,0.05829,0.92297
CVE-2022-26421,0.00182,0.07906
CVE-2022-26423,0.0069,0.4853
CVE-2022-26425,0.00182,0.07905
CVE-2022-26426,0.00097,0.00904
CVE-2022-26427,0.00097,0.00905
CVE-2022-26428,0.00071,0.00063
CVE-2022-26429,0.00091,0.00604
CVE-2022-26430,0.00095,0.00816
CVE-2022-26431,0.00095,0.00816
CVE-2022-26432,0.00095,0.00817
CVE-2022-26433,0.00095,0.00817
CVE-2022-26434,0.00095,0.00817
CVE-2022-26435,0.00095,0.00816
CVE-2022-26436,0.00093,0.00724
CVE-2022-26437,0.0118,0.64066
CVE-2022-26438,0.00248,0.16031
CVE-2022-26439,0.00248,0.1603
CVE-2022-26440,0.00248,0.1603
CVE-2022-26441,0.00248,0.16032
CVE-2022-26442,0.00248,0.16031
CVE-2022-26443,0.00248,0.16031
CVE-2022-26444,0.00248,0.16032
CVE-2022-26445,0.00248,0.16032
CVE-2022-26446,0.01051,0.60308
CVE-2022-26447,0.00617,0.45433
CVE-2022-26448,0.00101,0.01074
CVE-2022-26449,0.00101,0.01073
CVE-2022-26450,0.00074,0.00095
CVE-2022-26451,0.0008,0.00232
CVE-2022-26452,0.00075,0.00121
CVE-2022-26453,0.00101,0.01073
CVE-2022-26454,0.00101,0.01073
CVE-2022-26455,0.00101,0.01073
CVE-2022-26456,0.00118,0.02
CVE-2022-26457,0.00099,0.00975
CVE-2022-26458,0.00105,0.01291
CVE-2022-26459,0.00097,0.00907
CVE-2022-26460,0.00099,0.00975
CVE-2022-26461,0.001,0.01045
CVE-2022-26462,0.00097,0.00907
CVE-2022-26463,0.00097,0.00907
CVE-2022-26464,0.00099,0.00974
CVE-2022-26465,0.00099,0.00977
CVE-2022-26466,0.00099,0.00976
CVE-2022-26467,0.00099,0.00974
CVE-2022-26468,0.00147,0.04388
CVE-2022-26469,0.00164,0.05966
CVE-2022-26470,0.00099,0.00975
CVE-2022-26471,0.00099,0.00999
CVE-2022-26472,0.00138,0.03611
CVE-2022-26473,0.00104,0.01222
CVE-2022-26474,0.00128,0.02807
CVE-2022-26475,0.00092,0.0066
CVE-2022-26476,0.00395,0.31708
CVE-2022-26477,0.02091,0.79453
CVE-2022-26479,0.01971,0.78104
CVE-2022-26481,0.0149,0.71113
CVE-2022-26482,0.22337,0.9741
CVE-2022-26483,0.0044,0.35542
CVE-2022-26484,0.02626,0.83723
CVE-2022-26485,0.14261,0.96176
CVE-2022-26486,0.02349,0.81719
CVE-2022-26488,0.01365,0.68603
CVE-2022-26490,0.00432,0.34892
CVE-2022-26491,0.02419,0.82251
CVE-2022-26493,0.00545,0.41901
CVE-2022-26494,0.00628,0.45886
CVE-2022-26495,0.02738,0.84431
CVE-2022-26496,0.0347,0.87706
CVE-2022-26497,0.00806,0.52546
CVE-2022-26498,0.16406,0.96611
CVE-2022-26499,0.0768,0.93895
CVE-2022-26500,0.05942,0.92419
CVE-2022-26501,0.04279,0.89966
CVE-2022-26503,0.0068,0.48114
CVE-2022-26504,0.02474,0.82672
CVE-2022-26505,0.01578,0.72632
CVE-2022-26507,0.02277,0.81097
CVE-2022-26508,0.0051,0.39963
CVE-2022-26509,0.00157,0.05271
CVE-2022-26510,0.0125,0.65925
CVE-2022-26511,0.00609,0.45029
CVE-2022-26512,0.00182,0.07906
CVE-2022-26513,0.00276,0.19539
CVE-2022-26514,0.01172,0.63793
CVE-2022-26516,0.00319,0.23852
CVE-2022-26517,0.00764,0.51146
CVE-2022-26518,0.04774,0.90877
CVE-2022-26519,0.00191,0.08874
CVE-2022-26520,0.02999,0.858
CVE-2022-26521,0.09615,0.9492
CVE-2022-26522,0.00217,0.12113
CVE-2022-26523,0.0025,0.16306
CVE-2022-26526,0.00338,0.25853
CVE-2022-26527,0.00435,0.35093
CVE-2022-26528,0.00435,0.35094
CVE-2022-26529,0.00435,0.35094
CVE-2022-26530,0.01495,0.71178
CVE-2022-26531,0.05805,0.92263
CVE-2022-26532,0.04789,0.90902
CVE-2022-26533,0.00705,0.49065
CVE-2022-26534,0.01021,0.5939
CVE-2022-26536,0.02654,0.83905
CVE-2022-26546,0.01384,0.68999
CVE-2022-26555,0.00429,0.34656
CVE-2022-26562,0.02121,0.79733
CVE-2022-26563,0.00667,0.47585
CVE-2022-26564,0.02759,0.84558
CVE-2022-26565,0.00532,0.41247
CVE-2022-26572,0.00933,0.5658
CVE-2022-26573,0.00557,0.42573
CVE-2022-26579,0.00158,0.05385
CVE-2022-26580,0.01745,0.75159
CVE-2022-26581,0.00329,0.24924
CVE-2022-26582,0.00872,0.54677
CVE-2022-26585,0.05617,0.92021
CVE-2022-26588,0.0057,0.43252
CVE-2022-26589,0.00469,0.37412
CVE-2022-26591,0.01086,0.614
CVE-2022-26592,0.00782,0.51718
CVE-2022-26593,0.00557,0.42564
CVE-2022-26594,0.00697,0.48783
CVE-2022-26595,0.00731,0.50021
CVE-2022-26596,0.00697,0.48783
CVE-2022-26597,0.00697,0.48783
CVE-2022-26605,0.00961,0.57472
CVE-2022-26607,0.01998,0.78409
CVE-2022-26612,0.04176,0.89742
CVE-2022-26613,0.01414,0.69621
CVE-2022-26615,0.00495,0.39049
CVE-2022-26616,0.00973,0.57931
CVE-2022-26619,0.00867,0.54512
CVE-2022-26624,0.00902,0.55564
CVE-2022-26627,0.01426,0.69844
CVE-2022-26628,0.01445,0.70217
CVE-2022-26629,0.03173,0.86543
CVE-2022-26630,0.00942,0.56877
CVE-2022-26631,0.01151,0.63199
CVE-2022-26632,0.01729,0.74927
CVE-2022-26633,0.01729,0.74928
CVE-2022-26634,0.00435,0.35095
CVE-2022-26635,0.21437,0.97322
CVE-2022-26639,0.01234,0.65521
CVE-2022-26640,0.01234,0.6552
CVE-2022-26641,0.01234,0.65521
CVE-2022-26642,0.01234,0.65521
CVE-2022-26643,0.0089,0.55191
CVE-2022-26644,0.00631,0.46041
CVE-2022-26645,0.02359,0.81805
CVE-2022-26646,0.01216,0.6503
CVE-2022-26647,0.01106,0.61997
CVE-2022-26648,0.00912,0.55898
CVE-2022-26649,0.01288,0.66844
CVE-2022-26650,0.02487,0.82757
CVE-2022-26651,0.06976,0.93384
CVE-2022-26652,0.02305,0.8135
CVE-2022-26653,0.02088,0.79419
CVE-2022-26654,0.01074,0.61039
CVE-2022-26655,0.01098,0.61781
CVE-2022-26656,0.01056,0.60482
CVE-2022-26657,0.01098,0.6178
CVE-2022-26659,0.00425,0.34376
CVE-2022-26660,0.00593,0.44253
CVE-2022-26661,0.01374,0.6882
CVE-2022-26662,0.01927,0.77592
CVE-2022-26665,0.01849,0.76614
CVE-2022-26666,0.01172,0.63792
CVE-2022-26667,0.01172,0.63792
CVE-2022-26668,0.00844,0.53717
CVE-2022-26669,0.01,0.58739
CVE-2022-26670,0.01527,0.71765
CVE-2022-26671,0.00938,0.56761
CVE-2022-26672,0.01151,0.63206
CVE-2022-26673,0.0057,0.43269
CVE-2022-26674,0.02597,0.83538
CVE-2022-26675,0.02127,0.79795
CVE-2022-26676,0.01308,0.6726
CVE-2022-26688,0.00431,0.34832
CVE-2022-26690,0.01646,0.73729
CVE-2022-26691,0.00579,0.43667
CVE-2022-26693,0.00856,0.54137
CVE-2022-26694,0.00856,0.54137
CVE-2022-26696,0.00324,0.24429
CVE-2022-26697,0.01013,0.5918
CVE-2022-26698,0.00912,0.55887
CVE-2022-26699,0.00182,0.0792
CVE-2022-26700,0.01262,0.66239
CVE-2022-26701,0.01146,0.6305
CVE-2022-26702,0.01085,0.61368
CVE-2022-26703,0.00263,0.1783
CVE-2022-26704,0.01079,0.61168
CVE-2022-26706,0.07492,0.93774
CVE-2022-26707,0.00281,0.20065
CVE-2022-26708,0.01751,0.75248
CVE-2022-26709,0.00844,0.53719
CVE-2022-26710,0.00844,0.53719
CVE-2022-26711,0.035,0.87805
CVE-2022-26712,0.00941,0.56821
CVE-2022-26714,0.01049,0.60272
CVE-2022-26715,0.00784,0.51802
CVE-2022-26716,0.00869,0.54551
CVE-2022-26717,0.01424,0.69803
CVE-2022-26718,0.00631,0.46059
CVE-2022-26719,0.00911,0.55864
CVE-2022-26720,0.01072,0.61
CVE-2022-26721,0.00818,0.5291
CVE-2022-26722,0.00737,0.50212
CVE-2022-26723,0.01337,0.67934
CVE-2022-26724,0.00218,0.12251
CVE-2022-26725,0.00745,0.50488
CVE-2022-26726,0.02219,0.80612
CVE-2022-26727,0.00563,0.42882
CVE-2022-26728,0.00862,0.54337
CVE-2022-26730,0.00906,0.5567
CVE-2022-26731,0.0085,0.53915
CVE-2022-26736,0.01076,0.61093
CVE-2022-26737,0.00922,0.56176
CVE-2022-26738,0.00922,0.56175
CVE-2022-26739,0.00922,0.56176
CVE-2022-26740,0.00922,0.56176
CVE-2022-26741,0.00858,0.54217
CVE-2022-26742,0.00858,0.54216
CVE-2022-26743,0.00233,0.14136
CVE-2022-26744,0.00971,0.57815
CVE-2022-26745,0.00581,0.43753
CVE-2022-26746,0.00667,0.47585
CVE-2022-26747,0.0059,0.44138
CVE-2022-26748,0.01371,0.68742
CVE-2022-26749,0.00858,0.54217
CVE-2022-26750,0.00858,0.54216
CVE-2022-26751,0.01638,0.73598
CVE-2022-26752,0.00858,0.54216
CVE-2022-26753,0.00858,0.54217
CVE-2022-26754,0.00858,0.54216
CVE-2022-26755,0.00756,0.5084
CVE-2022-26756,0.00922,0.56175
CVE-2022-26757,0.02821,0.84939
CVE-2022-26758,0.00099,0.01002
CVE-2022-26760,0.00703,0.48982
CVE-2022-26761,0.00835,0.53462
CVE-2022-26762,0.0035,0.27139
CVE-2022-26763,0.03546,0.87945
CVE-2022-26764,0.0082,0.52995
CVE-2022-26765,0.00196,0.09447
CVE-2022-26766,0.02661,0.83946
CVE-2022-26767,0.00567,0.43085
CVE-2022-26768,0.01252,0.65967
CVE-2022-26769,0.00943,0.569
CVE-2022-26770,0.00963,0.57527
CVE-2022-26771,0.00961,0.57461
CVE-2022-26772,0.00815,0.52789
CVE-2022-26773,0.00539,0.41581
CVE-2022-26774,0.0025,0.16291
CVE-2022-26775,0.01819,0.76219
CVE-2022-26776,0.01892,0.77171
CVE-2022-26777,0.02088,0.79419
CVE-2022-26778,0.00433,0.34965
CVE-2022-26779,0.02806,0.84851
CVE-2022-26780,0.03247,0.86865
CVE-2022-26781,0.02679,0.84064
CVE-2022-26782,0.03247,0.86866
CVE-2022-26783,0.02541,0.83148
CVE-2022-26784,0.02223,0.80641
CVE-2022-26785,0.02161,0.80098
CVE-2022-26786,0.0077,0.51324
CVE-2022-26787,0.0078,0.51661
CVE-2022-26788,0.00614,0.45245
CVE-2022-26789,0.00754,0.50777
CVE-2022-26790,0.00693,0.48645
CVE-2022-26791,0.00754,0.50777
CVE-2022-26792,0.0078,0.51661
CVE-2022-26793,0.0067,0.47701
CVE-2022-26794,0.00693,0.48644
CVE-2022-26795,0.00583,0.43858
CVE-2022-26796,0.0078,0.51661
CVE-2022-26797,0.00693,0.48645
CVE-2022-26798,0.00835,0.53454
CVE-2022-26801,0.0078,0.51662
CVE-2022-26802,0.0078,0.51661
CVE-2022-26803,0.00835,0.53455
CVE-2022-26804,0.00816,0.52846
CVE-2022-26805,0.00807,0.52561
CVE-2022-26806,0.008,0.52316
CVE-2022-26807,0.00327,0.24708
CVE-2022-26808,0.00404,0.32584
CVE-2022-26809,0.91316,0.99798
CVE-2022-26810,0.0057,0.43229
CVE-2022-26811,0.03415,0.87506
CVE-2022-26812,0.03665,0.88348
CVE-2022-26813,0.03665,0.88348
CVE-2022-26814,0.01711,0.74694
CVE-2022-26815,0.03665,0.88349
CVE-2022-26816,0.02292,0.81229
CVE-2022-26817,0.01711,0.74695
CVE-2022-26818,0.02237,0.80758
CVE-2022-26819,0.01841,0.76513
CVE-2022-26820,0.01841,0.76514
CVE-2022-26821,0.01841,0.76514
CVE-2022-26822,0.01841,0.76514
CVE-2022-26823,0.03357,0.87311
CVE-2022-26824,0.03357,0.87311
CVE-2022-26825,0.03415,0.87506
CVE-2022-26826,0.03766,0.88663
CVE-2022-26827,0.00387,0.30795
CVE-2022-26828,0.00332,0.25246
CVE-2022-26829,0.01841,0.76513
CVE-2022-26830,0.01645,0.73717
CVE-2022-26831,0.02973,0.85672
CVE-2022-26832,0.0328,0.86996
CVE-2022-26833,0.37606,0.98361
CVE-2022-26834,0.01458,0.70481
CVE-2022-26835,0.01775,0.75612
CVE-2022-26836,0.01172,0.63791
CVE-2022-26837,0.00223,0.12825
CVE-2022-26838,0.00961,0.57422
CVE-2022-26839,0.00208,0.10975
CVE-2022-26840,0.00186,0.08397
CVE-2022-26841,0.00158,0.05401
CVE-2022-26842,0.0293,0.85476
CVE-2022-26843,0.00533,0.41287
CVE-2022-26844,0.0018,0.07753
CVE-2022-26845,0.00565,0.42982
CVE-2022-26846,0.02949,0.85567
CVE-2022-26847,0.01331,0.67782
CVE-2022-26850,0.01435,0.70005
CVE-2022-26851,0.00894,0.55304
CVE-2022-26852,0.01188,0.6426
CVE-2022-26854,0.00712,0.49323
CVE-2022-26855,0.00182,0.08003
CVE-2022-26856,0.0019,0.08834
CVE-2022-26857,0.00903,0.55576
CVE-2022-26858,0.00165,0.06049
CVE-2022-26859,0.00129,0.02921
CVE-2022-26860,0.00181,0.07857
CVE-2022-26861,0.00211,0.11341
CVE-2022-26862,0.00266,0.18124
CVE-2022-26863,0.00266,0.18125
CVE-2022-26864,0.00266,0.18125
CVE-2022-26865,0.00291,0.2101
CVE-2022-26866,0.00437,0.35282
CVE-2022-26867,0.00556,0.42482
CVE-2022-26868,0.00402,0.32365
CVE-2022-26869,0.01844,0.76548
CVE-2022-26870,0.00623,0.45709
CVE-2022-26871,0.19633,0.97076
CVE-2022-26872,0.00764,0.5115
CVE-2022-26873,0.00402,0.32335
CVE-2022-26874,0.01035,0.59859
CVE-2022-26877,0.01098,0.61771
CVE-2022-26878,0.00325,0.24529
CVE-2022-26884,0.01486,0.71036
CVE-2022-26885,0.01234,0.65534
CVE-2022-26887,0.09505,0.94879
CVE-2022-26888,0.0034,0.26104
CVE-2022-26889,0.0139,0.69132
CVE-2022-26890,0.00868,0.54531
CVE-2022-26891,0.01742,0.75119
CVE-2022-26894,0.01742,0.75118
CVE-2022-26895,0.01742,0.75119
CVE-2022-26896,0.02306,0.81352
CVE-2022-26897,0.02306,0.81353
CVE-2022-26898,0.0207,0.79223
CVE-2022-26899,0.00716,0.49478
CVE-2022-26900,0.01742,0.75117
CVE-2022-26901,0.02583,0.83436
CVE-2022-26903,0.02516,0.82972
CVE-2022-26904,0.09817,0.94997
CVE-2022-26905,0.01742,0.75117
CVE-2022-26907,0.02127,0.79794
CVE-2022-26908,0.01742,0.75118
CVE-2022-26909,0.01742,0.75119
CVE-2022-26910,0.02251,0.80877
CVE-2022-26911,0.03301,0.87093
CVE-2022-26912,0.01742,0.75119
CVE-2022-26913,0.02309,0.81381
CVE-2022-26914,0.00793,0.52085
CVE-2022-26915,0.03234,0.8681
CVE-2022-26916,0.01943,0.77803
CVE-2022-26917,0.01998,0.78404
CVE-2022-26918,0.01943,0.77803
CVE-2022-26919,0.02483,0.82729
CVE-2022-26920,0.00784,0.51789
CVE-2022-26921,0.0057,0.43264
CVE-2022-26923,0.83277,0.99644
CVE-2022-26924,0.03191,0.86615
CVE-2022-26925,0.10461,0.95223
CVE-2022-26926,0.02573,0.83368
CVE-2022-26927,0.04504,0.90403
CVE-2022-26928,0.00717,0.49532
CVE-2022-26929,0.01356,0.68417
CVE-2022-26930,0.00786,0.5186
CVE-2022-26931,0.02434,0.82375
CVE-2022-26932,0.007,0.48886
CVE-2022-26933,0.00835,0.5346
CVE-2022-26934,0.02722,0.84334
CVE-2022-26935,0.00987,0.58357
CVE-2022-26936,0.02714,0.84284
CVE-2022-26937,0.76766,0.99493
CVE-2022-26938,0.00668,0.47602
CVE-2022-26939,0.00545,0.41954
CVE-2022-26940,0.02369,0.81869
CVE-2022-26941,0.00327,0.24671
CVE-2022-26942,0.00197,0.09557
CVE-2022-26943,0.00314,0.23383
CVE-2022-26944,0.00851,0.53935
CVE-2022-26945,0.01525,0.71735
CVE-2022-26947,0.00609,0.45038
CVE-2022-26948,0.00563,0.42918
CVE-2022-26949,0.00916,0.56009
CVE-2022-26950,0.00531,0.41136
CVE-2022-26951,0.00546,0.41957
CVE-2022-26952,0.02038,0.78862
CVE-2022-26953,0.01759,0.75363
CVE-2022-26954,0.00652,0.46989
CVE-2022-26959,0.00774,0.51478
CVE-2022-26960,0.50993,0.98802
CVE-2022-26964,0.00461,0.36945
CVE-2022-26965,0.37716,0.98367
CVE-2022-26966,0.00346,0.26727
CVE-2022-26967,0.00948,0.57049
CVE-2022-26969,0.00927,0.56353
CVE-2022-26971,0.00674,0.4789
CVE-2022-26972,0.00525,0.40832
CVE-2022-26973,0.00717,0.49522
CVE-2022-26974,0.00525,0.40831
CVE-2022-26975,0.00939,0.56774
CVE-2022-26976,0.00421,0.34086
CVE-2022-26977,0.00525,0.40832
CVE-2022-26978,0.00525,0.40831
CVE-2022-26979,0.00946,0.56975
CVE-2022-26980,0.01071,0.60971
CVE-2022-26981,0.01463,0.70586
CVE-2022-26982,0.09186,0.94738
CVE-2022-26986,0.04146,0.89678
CVE-2022-26987,0.01407,0.69479
CVE-2022-26988,0.01407,0.6948
CVE-2022-26990,0.02901,0.85334
CVE-2022-26991,0.02718,0.84309
CVE-2022-26992,0.02937,0.85506
CVE-2022-26993,0.02718,0.84309
CVE-2022-26994,0.02985,0.85735
CVE-2022-26995,0.02878,0.85217
CVE-2022-26996,0.02878,0.85217
CVE-2022-26997,0.03453,0.87643
CVE-2022-26998,0.03453,0.87644
CVE-2022-26999,0.03453,0.87644
CVE-2022-27000,0.03453,0.87645
CVE-2022-27001,0.03453,0.87644
CVE-2022-27002,0.0612,0.9261
CVE-2022-27003,0.02932,0.85483
CVE-2022-27004,0.02932,0.85482
CVE-2022-27005,0.05508,0.91874
CVE-2022-27007,0.01591,0.72829
CVE-2022-27008,0.01698,0.74515
CVE-2022-27016,0.01665,0.74015
CVE-2022-27022,0.01665,0.74016
CVE-2022-27041,0.01312,0.67345
CVE-2022-27043,0.06299,0.92789
CVE-2022-27044,0.01003,0.5885
CVE-2022-27046,0.01003,0.5888
CVE-2022-27047,0.01071,0.60958
CVE-2022-27048,0.00769,0.51289
CVE-2022-27049,0.0029,0.20883
CVE-2022-27050,0.00344,0.26509
CVE-2022-27052,0.00327,0.24721
CVE-2022-27055,0.01615,0.73211
CVE-2022-27061,0.02504,0.82882
CVE-2022-27062,0.01082,0.6127
CVE-2022-27063,0.01444,0.70178
CVE-2022-27064,0.02538,0.83126
CVE-2022-27076,0.02654,0.83905
CVE-2022-27077,0.02654,0.83905
CVE-2022-27078,0.02654,0.83903
CVE-2022-27079,0.02654,0.83903
CVE-2022-27080,0.02654,0.83904
CVE-2022-27081,0.02654,0.83904
CVE-2022-27082,0.02728,0.84367
CVE-2022-27083,0.02871,0.85185
CVE-2022-27088,0.00591,0.44211
CVE-2022-27089,0.00231,0.13928
CVE-2022-27090,0.00406,0.32719
CVE-2022-27094,0.00414,0.33414
CVE-2022-27095,0.00416,0.33631
CVE-2022-27103,0.0088,0.54891
CVE-2022-27104,0.01211,0.64887
CVE-2022-27105,0.00611,0.45151
CVE-2022-27107,0.00479,0.38107
CVE-2022-27108,0.00579,0.43643
CVE-2022-27109,0.00456,0.36608
CVE-2022-27110,0.00456,0.36607
CVE-2022-27111,0.00479,0.38109
CVE-2022-27114,0.00917,0.56046
CVE-2022-27115,0.28594,0.97912
CVE-2022-27123,0.01254,0.66026
CVE-2022-27124,0.01079,0.61187
CVE-2022-27125,0.00591,0.44214
CVE-2022-27126,0.00995,0.58588
CVE-2022-27127,0.00677,0.47998
CVE-2022-27128,0.01119,0.62348
CVE-2022-27129,0.01465,0.70619
CVE-2022-27131,0.01465,0.70619
CVE-2022-27133,0.01017,0.59287
CVE-2022-27134,0.02053,0.79043
CVE-2022-27135,0.01002,0.58843
CVE-2022-27139,0.0379,0.88738
CVE-2022-27140,0.02629,0.83737
CVE-2022-27145,0.00783,0.51745
CVE-2022-27146,0.00786,0.51849
CVE-2022-27147,0.00713,0.49349
CVE-2022-27148,0.00786,0.51849
CVE-2022-27152,0.00301,0.21914
CVE-2022-27156,0.00485,0.38447
CVE-2022-27157,0.01153,0.63267
CVE-2022-27158,0.01238,0.65608
CVE-2022-27161,0.01269,0.66413
CVE-2022-27162,0.01107,0.62029
CVE-2022-27163,0.01138,0.62849
CVE-2022-27164,0.01107,0.62029
CVE-2022-27165,0.01107,0.62029
CVE-2022-27166,0.85291,0.9969
CVE-2022-27167,0.00182,0.08003
CVE-2022-27168,0.01049,0.60269
CVE-2022-27169,0.01641,0.73647
CVE-2022-27170,0.00246,0.15812
CVE-2022-27172,0.0107,0.60945
CVE-2022-27174,0.00431,0.34829
CVE-2022-27175,0.01172,0.63792
CVE-2022-27176,0.00579,0.43655
CVE-2022-27177,0.02139,0.79902
CVE-2022-27178,0.01019,0.59333
CVE-2022-27179,0.00535,0.41413
CVE-2022-27180,0.00214,0.11798
CVE-2022-27181,0.00854,0.54061
CVE-2022-27182,0.0083,0.53297
CVE-2022-27183,0.00663,0.47443
CVE-2022-27184,0.00801,0.52366
CVE-2022-27185,0.00919,0.56111
CVE-2022-27187,0.0016,0.05608
CVE-2022-27188,0.00498,0.3923
CVE-2022-27189,0.00868,0.54533
CVE-2022-27191,0.03931,0.89165
CVE-2022-27192,0.01102,0.61878
CVE-2022-27193,0.00679,0.48079
CVE-2022-27194,0.01376,0.68847
CVE-2022-27195,0.00377,0.29864
CVE-2022-27196,0.00812,0.52707
CVE-2022-27197,0.00812,0.52708
CVE-2022-27198,0.00503,0.39508
CVE-2022-27199,0.00732,0.50046
CVE-2022-27200,0.00622,0.45672
CVE-2022-27201,0.01347,0.68162
CVE-2022-27202,0.00648,0.46792
CVE-2022-27203,0.01556,0.72295
CVE-2022-27204,0.00569,0.43173
CVE-2022-27205,0.00752,0.50738
CVE-2022-27206,0.01003,0.58855
CVE-2022-27207,0.00776,0.51524
CVE-2022-27208,0.01807,0.7604
CVE-2022-27209,0.00908,0.55773
CVE-2022-27210,0.00722,0.49685
CVE-2022-27211,0.00908,0.55773
CVE-2022-27212,0.00812,0.52708
CVE-2022-27213,0.00812,0.52707
CVE-2022-27214,0.00484,0.38393
CVE-2022-27215,0.00732,0.50047
CVE-2022-27216,0.00908,0.55773
CVE-2022-27217,0.00934,0.56606
CVE-2022-27218,0.00737,0.50222
CVE-2022-27219,0.00631,0.46061
CVE-2022-27220,0.00631,0.46061
CVE-2022-27221,0.00907,0.55729
CVE-2022-27223,0.02151,0.80023
CVE-2022-27224,0.04476,0.90355
CVE-2022-27225,0.00523,0.40723
CVE-2022-27226,0.34531,0.98228
CVE-2022-27227,0.04908,0.91094
CVE-2022-27228,0.20318,0.97179
CVE-2022-27229,0.00214,0.118
CVE-2022-27230,0.005,0.39349
CVE-2022-27231,0.00969,0.57765
CVE-2022-27233,0.00602,0.44694
CVE-2022-27234,0.00453,0.36427
CVE-2022-27235,0.00706,0.49115
CVE-2022-27237,0.0054,0.41661
CVE-2022-27238,0.00428,0.34562
CVE-2022-27239,0.00562,0.42832
CVE-2022-27240,0.01496,0.71205
CVE-2022-27241,0.01331,0.6777
CVE-2022-27242,0.00207,0.10757
CVE-2022-27243,0.0116,0.63443
CVE-2022-27244,0.00458,0.3679
CVE-2022-27245,0.00853,0.54008
CVE-2022-27246,0.00573,0.43392
CVE-2022-27247,0.00925,0.56296
CVE-2022-27248,0.02823,0.84945
CVE-2022-27249,0.04628,0.90634
CVE-2022-27250,0.01189,0.64292
CVE-2022-27254,0.01083,0.61305
CVE-2022-27255,0.3708,0.98339
CVE-2022-27256,0.01465,0.70641
CVE-2022-27257,0.01235,0.65553
CVE-2022-27258,0.0071,0.49258
CVE-2022-27260,0.02915,0.85405
CVE-2022-27261,0.01359,0.68482
CVE-2022-27262,0.01964,0.78035
CVE-2022-27263,0.03018,0.85886
CVE-2022-27268,0.03592,0.88091
CVE-2022-27269,0.03592,0.88091
CVE-2022-27270,0.03252,0.86891
CVE-2022-27271,0.03252,0.86891
CVE-2022-27272,0.03252,0.8689
CVE-2022-27273,0.03252,0.86892
CVE-2022-27274,0.03252,0.86891
CVE-2022-27275,0.03252,0.86891
CVE-2022-27276,0.03342,0.87249
CVE-2022-27277,0.01352,0.68298
CVE-2022-27279,0.01485,0.71013
CVE-2022-27280,0.00566,0.43047
CVE-2022-27286,0.01496,0.71209
CVE-2022-27287,0.01496,0.71208
CVE-2022-27288,0.01448,0.7027
CVE-2022-27289,0.01448,0.70271
CVE-2022-27290,0.01448,0.7027
CVE-2022-27291,0.01448,0.70271
CVE-2022-27292,0.01158,0.63377
CVE-2022-27293,0.02516,0.82981
CVE-2022-27294,0.01437,0.7005
CVE-2022-27295,0.01398,0.69265
CVE-2022-27299,0.01551,0.72217
CVE-2022-27304,0.01255,0.66051
CVE-2022-27305,0.00845,0.53772
CVE-2022-27308,0.02517,0.82982
CVE-2022-27311,0.01533,0.7188
CVE-2022-27313,0.0097,0.57808
CVE-2022-27330,0.00538,0.41514
CVE-2022-27331,0.0067,0.47718
CVE-2022-27332,0.01046,0.60179
CVE-2022-27333,0.00784,0.51784
CVE-2022-27336,0.2054,0.97218
CVE-2022-27337,0.01547,0.7213
CVE-2022-27340,0.00657,0.47185
CVE-2022-27341,0.0122,0.65136
CVE-2022-27342,0.01079,0.61187
CVE-2022-27346,0.02539,0.83132
CVE-2022-27348,0.01082,0.6127
CVE-2022-27349,0.02436,0.82389
CVE-2022-27351,0.03242,0.86849
CVE-2022-27352,0.02538,0.83126
CVE-2022-27357,0.03333,0.87215
CVE-2022-27359,0.01016,0.59267
CVE-2022-27360,0.0204,0.78889
CVE-2022-27365,0.00942,0.56882
CVE-2022-27366,0.00834,0.53425
CVE-2022-27367,0.00834,0.53424
CVE-2022-27368,0.00834,0.53425
CVE-2022-27369,0.00857,0.54199
CVE-2022-27373,0.02691,0.84142
CVE-2022-27374,0.00448,0.36108
CVE-2022-27375,0.0045,0.36239
CVE-2022-27376,0.02199,0.80443
CVE-2022-27377,0.02337,0.81627
CVE-2022-27378,0.02406,0.82148
CVE-2022-27379,0.02264,0.80976
CVE-2022-27380,0.02264,0.80977
CVE-2022-27381,0.02159,0.80084
CVE-2022-27382,0.01546,0.72109
CVE-2022-27383,0.02097,0.79511
CVE-2022-27384,0.02159,0.80084
CVE-2022-27385,0.01644,0.73706
CVE-2022-27386,0.02264,0.80977
CVE-2022-27387,0.02458,0.82557
CVE-2022-27404,0.02789,0.84756
CVE-2022-27405,0.02816,0.84907
CVE-2022-27406,0.0339,0.87419
CVE-2022-27411,0.02451,0.82504
CVE-2022-27412,0.03829,0.88869
CVE-2022-27413,0.02945,0.85546
CVE-2022-27416,0.0083,0.53298
CVE-2022-27418,0.00857,0.54173
CVE-2022-27419,0.00629,0.45934
CVE-2022-27420,0.01398,0.69272
CVE-2022-27421,0.00947,0.57035
CVE-2022-27422,0.00573,0.43392
CVE-2022-27423,0.00954,0.57268
CVE-2022-27425,0.00573,0.43393
CVE-2022-27426,0.00801,0.52343
CVE-2022-27428,0.00479,0.38107
CVE-2022-27429,0.01133,0.62712
CVE-2022-27431,0.01033,0.5982
CVE-2022-27432,0.00554,0.42389
CVE-2022-27434,0.01321,0.67553
CVE-2022-27435,0.01681,0.74271
CVE-2022-27436,0.00976,0.57999
CVE-2022-27438,0.01942,0.7779
CVE-2022-27441,0.00435,0.3512
CVE-2022-27442,0.00977,0.58033
CVE-2022-27444,0.01485,0.71015
CVE-2022-27445,0.02174,0.80211
CVE-2022-27446,0.01579,0.72648
CVE-2022-27447,0.02246,0.80839
CVE-2022-27448,0.02151,0.80021
CVE-2022-27449,0.02211,0.80545
CVE-2022-27451,0.01663,0.73979
CVE-2022-27452,0.02186,0.80315
CVE-2022-27455,0.01564,0.72419
CVE-2022-27456,0.02125,0.79777
CVE-2022-27457,0.01663,0.73979
CVE-2022-27461,0.00678,0.48028
CVE-2022-27462,0.00597,0.44488
CVE-2022-27463,0.00611,0.4509
CVE-2022-27466,0.01603,0.73014
CVE-2022-27468,0.0201,0.78589
CVE-2022-27469,0.01366,0.68628
CVE-2022-27470,0.00946,0.56997
CVE-2022-27472,0.01294,0.66963
CVE-2022-27473,0.01294,0.66963
CVE-2022-27474,0.2307,0.97492
CVE-2022-27475,0.00744,0.50456
CVE-2022-27476,0.00547,0.42009
CVE-2022-27477,0.01088,0.6143
CVE-2022-27478,0.20013,0.97135
CVE-2022-27479,0.02788,0.84754
CVE-2022-27480,0.02446,0.82457
CVE-2022-27481,0.00227,0.13355
CVE-2022-27482,0.00552,0.42278
CVE-2022-27483,0.02116,0.79685
CVE-2022-27484,0.00422,0.34166
CVE-2022-27485,0.00628,0.45894
CVE-2022-27486,0.00752,0.50716
CVE-2022-27487,0.00975,0.57996
CVE-2022-27488,0.00491,0.3883
CVE-2022-27489,0.01474,0.70804
CVE-2022-27490,0.00469,0.37437
CVE-2022-27491,0.01265,0.66322
CVE-2022-27492,0.00511,0.40008
CVE-2022-27493,0.00206,0.10742
CVE-2022-27494,0.00563,0.42884
CVE-2022-27495,0.00326,0.24666
CVE-2022-27496,0.00719,0.49602
CVE-2022-27497,0.00654,0.47065
CVE-2022-27498,0.38338,0.98396
CVE-2022-27499,0.00416,0.33589
CVE-2022-27500,0.00181,0.07824
CVE-2022-27502,0.0066,0.47298
CVE-2022-27503,0.00466,0.37258
CVE-2022-27505,0.00514,0.40201
CVE-2022-27506,0.00633,0.46135
CVE-2022-27507,0.00989,0.58411
CVE-2022-27508,0.01023,0.59486
CVE-2022-27509,0.00399,0.32054
CVE-2022-27510,0.01231,0.65456
CVE-2022-27511,0.12325,0.95726
CVE-2022-27512,0.00928,0.56367
CVE-2022-27513,0.00275,0.19367
CVE-2022-27516,0.00599,0.44585
CVE-2022-27518,0.06931,0.93353
CVE-2022-27523,0.01384,0.68997
CVE-2022-27524,0.01384,0.68997
CVE-2022-27525,0.01644,0.73694
CVE-2022-27526,0.0148,0.70906
CVE-2022-27527,0.00483,0.38328
CVE-2022-27528,0.01095,0.61669
CVE-2022-27529,0.00764,0.51148
CVE-2022-27530,0.00816,0.52856
CVE-2022-27531,0.00745,0.50504
CVE-2022-27532,0.00976,0.58003
CVE-2022-27534,0.03016,0.85879
CVE-2022-27535,0.00326,0.24602
CVE-2022-27536,0.01424,0.69804
CVE-2022-27537,0.00313,0.23243
CVE-2022-27538,0.00138,0.03621
CVE-2022-27539,0.00138,0.03623
CVE-2022-27540,0.00118,0.02009
CVE-2022-27541,0.00138,0.03623
CVE-2022-27544,0.00387,0.30867
CVE-2022-27545,0.00285,0.20457
CVE-2022-27546,0.00553,0.42359
CVE-2022-27547,0.00459,0.3685
CVE-2022-27548,0.0047,0.3748
CVE-2022-27549,0.0015,0.04592
CVE-2022-27551,0.00454,0.36524
CVE-2022-27558,0.00491,0.38829
CVE-2022-27560,0.00395,0.31689
CVE-2022-27561,0.00382,0.3033
CVE-2022-27562,0.00218,0.1221
CVE-2022-27563,0.00686,0.48387
CVE-2022-27567,0.00503,0.39507
CVE-2022-27568,0.01306,0.67225
CVE-2022-27569,0.01306,0.67225
CVE-2022-27570,0.01306,0.67226
CVE-2022-27571,0.01306,0.67225
CVE-2022-27572,0.01306,0.67226
CVE-2022-27573,0.0035,0.27154
CVE-2022-27574,0.00379,0.30005
CVE-2022-27575,0.00249,0.16126
CVE-2022-27576,0.00258,0.17241
CVE-2022-27577,0.01394,0.69205
CVE-2022-27578,0.00294,0.2126
CVE-2022-27579,0.00335,0.25602
CVE-2022-27580,0.00335,0.25603
CVE-2022-27581,0.00312,0.23154
CVE-2022-27582,0.01235,0.65564
CVE-2022-27583,0.0057,0.43234
CVE-2022-27584,0.01235,0.65563
CVE-2022-27585,0.01235,0.65563
CVE-2022-27586,0.01235,0.65563
CVE-2022-27588,0.01271,0.66455
CVE-2022-27592,0.00192,0.09074
CVE-2022-27593,0.87908,0.99746
CVE-2022-27595,0.00167,0.06244
CVE-2022-27596,0.02663,0.83961
CVE-2022-27597,0.00658,0.47207
CVE-2022-27598,0.00658,0.47207
CVE-2022-27599,0.00169,0.06569
CVE-2022-27600,0.00584,0.43872
CVE-2022-27607,0.00969,0.5778
CVE-2022-27608,0.00199,0.09853
CVE-2022-27609,0.00197,0.09678
CVE-2022-27610,0.01332,0.67807
CVE-2022-27611,0.00895,0.55353
CVE-2022-27612,0.00779,0.51624
CVE-2022-27613,0.00914,0.55942
CVE-2022-27614,0.00785,0.51842
CVE-2022-27615,0.01042,0.60081
CVE-2022-27616,0.01603,0.73028
CVE-2022-27617,0.0078,0.51653
CVE-2022-27618,0.01189,0.64302
CVE-2022-27619,0.00327,0.24743
CVE-2022-27620,0.01285,0.66777
CVE-2022-27621,0.00654,0.47041
CVE-2022-27622,0.00666,0.47553
CVE-2022-27623,0.00753,0.50768
CVE-2022-27624,0.01492,0.71135
CVE-2022-27625,0.01479,0.70898
CVE-2022-27626,0.00984,0.58233
CVE-2022-27627,0.00662,0.47387
CVE-2022-27628,0.00234,0.14226
CVE-2022-27629,0.00781,0.51694
CVE-2022-27630,0.00798,0.52254
CVE-2022-27631,0.01035,0.59857
CVE-2022-27632,0.005,0.39353
CVE-2022-27633,0.00798,0.52253
CVE-2022-27634,0.01294,0.66976
CVE-2022-27635,0.00236,0.1452
CVE-2022-27636,0.00224,0.12937
CVE-2022-27637,0.00489,0.38699
CVE-2022-27638,0.00157,0.05275
CVE-2022-27639,0.00257,0.17051
CVE-2022-27640,0.00354,0.27605
CVE-2022-27641,0.01244,0.65784
CVE-2022-27642,0.00878,0.54855
CVE-2022-27643,0.25114,0.97679
CVE-2022-27644,0.00339,0.25979
CVE-2022-27645,0.01288,0.66835
CVE-2022-27646,0.01432,0.69957
CVE-2022-27647,0.01467,0.70687
CVE-2022-27648,0.00885,0.55022
CVE-2022-27649,0.01441,0.70123
CVE-2022-27650,0.01133,0.62713
CVE-2022-27651,0.01225,0.65305
CVE-2022-27652,0.00241,0.15184
CVE-2022-27653,0.00778,0.51591
CVE-2022-27654,0.01104,0.61928
CVE-2022-27655,0.01104,0.61928
CVE-2022-27656,0.0053,0.41071
CVE-2022-27657,0.02476,0.82684
CVE-2022-27658,0.00853,0.54003
CVE-2022-27659,0.00452,0.36387
CVE-2022-27660,0.00919,0.56112
CVE-2022-27661,0.00718,0.49558
CVE-2022-27662,0.00451,0.36308
CVE-2022-27664,0.02607,0.83598
CVE-2022-27665,0.33112,0.98169
CVE-2022-27666,0.05524,0.91892
CVE-2022-27667,0.01307,0.67239
CVE-2022-27668,0.02062,0.79128
CVE-2022-27669,0.00962,0.57484
CVE-2022-27670,0.00914,0.55976
CVE-2022-27671,0.01241,0.65683
CVE-2022-27672,0.00289,0.20787
CVE-2022-27673,0.00573,0.43361
CVE-2022-27674,0.00682,0.48208
CVE-2022-27677,0.00224,0.1303
CVE-2022-27772,0.00583,0.43848
CVE-2022-27773,0.02585,0.83448
CVE-2022-27774,0.01595,0.72898
CVE-2022-27775,0.02794,0.84782
CVE-2022-27776,0.03425,0.87537
CVE-2022-27777,0.01485,0.71021
CVE-2022-27778,0.03453,0.87645
CVE-2022-27779,0.02414,0.82213
CVE-2022-27780,0.02187,0.80324
CVE-2022-27781,0.02434,0.82372
CVE-2022-27782,0.02596,0.83527
CVE-2022-27783,0.03682,0.88398
CVE-2022-27784,0.03682,0.88399
CVE-2022-27785,0.12508,0.95762
CVE-2022-27786,0.1212,0.95678
CVE-2022-27787,0.10331,0.95177
CVE-2022-27788,0.02903,0.85344
CVE-2022-27789,0.0361,0.88145
CVE-2022-27790,0.11902,0.95628
CVE-2022-27791,0.17804,0.96818
CVE-2022-27792,0.09827,0.95001
CVE-2022-27793,0.09827,0.95002
CVE-2022-27794,0.14263,0.96176
CVE-2022-27795,0.03688,0.88419
CVE-2022-27796,0.12508,0.95763
CVE-2022-27797,0.03688,0.88418
CVE-2022-27798,0.02903,0.85343
CVE-2022-27799,0.17193,0.96736
CVE-2022-27800,0.03688,0.88418
CVE-2022-27801,0.03688,0.88419
CVE-2022-27802,0.03688,0.88419
CVE-2022-27803,0.00685,0.48351
CVE-2022-27804,0.03635,0.88226
CVE-2022-27805,0.01291,0.66901
CVE-2022-27806,0.01454,0.70404
CVE-2022-27807,0.00685,0.4835
CVE-2022-27808,0.00194,0.09311
CVE-2022-27810,0.00737,0.50225
CVE-2022-27811,0.03033,0.85955
CVE-2022-27812,0.00662,0.47404
CVE-2022-27813,0.00179,0.07634
CVE-2022-27814,0.00446,0.35953
CVE-2022-27815,0.00506,0.39715
CVE-2022-27816,0.00493,0.38917
CVE-2022-27817,0.00444,0.35774
CVE-2022-27818,0.01737,0.75058
CVE-2022-27819,0.00822,0.53064
CVE-2022-27820,0.00654,0.4705
CVE-2022-27821,0.00267,0.18406
CVE-2022-27822,0.00121,0.02253
CVE-2022-27823,0.0028,0.19967
CVE-2022-27824,0.0029,0.20893
CVE-2022-27825,0.00234,0.14279
CVE-2022-27826,0.00155,0.05112
CVE-2022-27827,0.00136,0.03467
CVE-2022-27828,0.00136,0.03467
CVE-2022-27829,0.00134,0.03258
CVE-2022-27830,0.00134,0.03258
CVE-2022-27831,0.00095,0.00821
CVE-2022-27832,0.00099,0.00999
CVE-2022-27833,0.00104,0.01239
CVE-2022-27834,0.00092,0.00637
CVE-2022-27835,0.00305,0.2242
CVE-2022-27836,0.00142,0.0395
CVE-2022-27837,0.00536,0.41455
CVE-2022-27838,0.00226,0.13289
CVE-2022-27839,0.00547,0.42046
CVE-2022-27840,0.00183,0.08088
CVE-2022-27841,0.00264,0.17912
CVE-2022-27842,0.00228,0.13537
CVE-2022-27843,0.00228,0.13537
CVE-2022-27844,0.01444,0.70182
CVE-2022-27845,0.00821,0.5304
CVE-2022-27846,0.00407,0.32828
CVE-2022-27847,0.00407,0.32828
CVE-2022-27848,0.00543,0.41805
CVE-2022-27849,0.04619,0.90616
CVE-2022-27850,0.00381,0.30256
CVE-2022-27851,0.00381,0.30256
CVE-2022-27852,0.00675,0.47928
CVE-2022-27853,0.00509,0.3987
CVE-2022-27854,0.0056,0.42716
CVE-2022-27855,0.00258,0.17184
CVE-2022-27856,0.00383,0.30408
CVE-2022-27858,0.00804,0.52486
CVE-2022-27859,0.00633,0.46133
CVE-2022-27860,0.00366,0.28732
CVE-2022-27861,0.00313,0.23288
CVE-2022-27862,0.01617,0.73242
CVE-2022-27863,0.01067,0.60873
CVE-2022-27864,0.00947,0.57033
CVE-2022-27865,0.00228,0.13577
CVE-2022-27866,0.00228,0.13577
CVE-2022-27867,0.00764,0.51131
CVE-2022-27868,0.01035,0.59875
CVE-2022-27869,0.00727,0.49865
CVE-2022-27870,0.00727,0.49866
CVE-2022-27871,0.00727,0.49865
CVE-2022-27872,0.00745,0.50504
CVE-2022-27873,0.00201,0.10043
CVE-2022-27874,0.00229,0.1363
CVE-2022-27875,0.00591,0.44189
CVE-2022-27878,0.00852,0.53995
CVE-2022-27879,0.00165,0.06092
CVE-2022-27880,0.00451,0.36308
CVE-2022-27881,0.01869,0.76887
CVE-2022-27882,0.01877,0.76983
CVE-2022-27883,0.01187,0.64226
CVE-2022-27884,0.00547,0.42008
CVE-2022-27885,0.00547,0.42008
CVE-2022-27886,0.00547,0.42007
CVE-2022-27887,0.00547,0.42007
CVE-2022-27888,0.00224,0.12997
CVE-2022-27889,0.00899,0.55454
CVE-2022-27890,0.00223,0.1288
CVE-2022-27891,0.00427,0.3448
CVE-2022-27892,0.00616,0.45384
CVE-2022-27893,0.00197,0.09665
CVE-2022-27894,0.00331,0.25139
CVE-2022-27895,0.00372,0.29324
CVE-2022-27896,0.00372,0.29324
CVE-2022-27897,0.00616,0.45379
CVE-2022-27903,0.02486,0.82751
CVE-2022-27904,0.00165,0.06033
CVE-2022-27905,0.0104,0.59991
CVE-2022-27906,0.01038,0.59935
CVE-2022-27907,0.00657,0.4716
CVE-2022-27908,0.37719,0.98368
CVE-2022-27909,0.00803,0.5243
CVE-2022-27910,0.00506,0.39692
CVE-2022-27911,0.00502,0.39484
CVE-2022-27912,0.00502,0.39475
CVE-2022-27913,0.00359,0.28047
CVE-2022-27914,0.00455,0.36577
CVE-2022-27919,0.0173,0.74954
CVE-2022-27920,0.00855,0.54109
CVE-2022-27924,0.85398,0.99694
CVE-2022-27925,0.98586,0.99918
CVE-2022-27926,0.17634,0.96797
CVE-2022-27927,0.13829,0.96086
CVE-2022-27928,0.01098,0.6178
CVE-2022-27929,0.01098,0.61782
CVE-2022-27930,0.00902,0.55562
CVE-2022-27931,0.01098,0.6178
CVE-2022-27932,0.01067,0.60848
CVE-2022-27933,0.01026,0.59575
CVE-2022-27934,0.01098,0.61781
CVE-2022-27935,0.01098,0.61781
CVE-2022-27936,0.01098,0.61779
CVE-2022-27937,0.01098,0.61779
CVE-2022-27938,0.00604,0.44793
CVE-2022-27939,0.01028,0.59619
CVE-2022-27940,0.011,0.61824
CVE-2022-27941,0.011,0.61824
CVE-2022-27942,0.01105,0.61961
CVE-2022-27943,0.00892,0.55252
CVE-2022-27944,0.00946,0.56975
CVE-2022-27945,0.029,0.85327
CVE-2022-27946,0.03197,0.86635
CVE-2022-27947,0.02821,0.84939
CVE-2022-27948,0.01411,0.69535
CVE-2022-27949,0.0168,0.74244
CVE-2022-27950,0.00381,0.30236
CVE-2022-27952,0.02164,0.80127
CVE-2022-27958,0.00615,0.45324
CVE-2022-27960,0.00459,0.36831
CVE-2022-27961,0.00429,0.34656
CVE-2022-27962,0.01048,0.60245
CVE-2022-27963,0.00421,0.34066
CVE-2022-27964,0.00454,0.36516
CVE-2022-27965,0.00454,0.36517
CVE-2022-27966,0.00454,0.36516
CVE-2022-27967,0.00603,0.44731
CVE-2022-27968,0.00603,0.44731
CVE-2022-27969,0.00603,0.44732
CVE-2022-27978,0.01036,0.59896
CVE-2022-27979,0.00475,0.37834
CVE-2022-27982,0.01994,0.78366
CVE-2022-27983,0.00891,0.55209
CVE-2022-27984,0.0678,0.93223
CVE-2022-27985,0.06598,0.93061
CVE-2022-27991,0.00957,0.57315
CVE-2022-27992,0.01518,0.71627
CVE-2022-28000,0.01518,0.71627
CVE-2022-28001,0.01802,0.75973
CVE-2022-28002,0.01746,0.75177
CVE-2022-28005,0.0613,0.9262
CVE-2022-28006,0.0142,0.69731
CVE-2022-28007,0.01095,0.61683
CVE-2022-28008,0.01095,0.61682
CVE-2022-28009,0.01095,0.61683
CVE-2022-28010,0.01095,0.6168
CVE-2022-28011,0.01095,0.6168
CVE-2022-28012,0.01095,0.61679
CVE-2022-28013,0.01095,0.6168
CVE-2022-28014,0.01095,0.61681
CVE-2022-28015,0.01095,0.61682
CVE-2022-28016,0.01095,0.61682
CVE-2022-28017,0.01095,0.61681
CVE-2022-28018,0.01095,0.6168
CVE-2022-28019,0.01095,0.61682
CVE-2022-28020,0.01095,0.61681
CVE-2022-28021,0.24256,0.97601
CVE-2022-28022,0.02971,0.85663
CVE-2022-28023,0.02971,0.85663
CVE-2022-28024,0.01405,0.69429
CVE-2022-28025,0.01405,0.6943
CVE-2022-28026,0.01405,0.6943
CVE-2022-28028,0.01405,0.69429
CVE-2022-28029,0.01462,0.70571
CVE-2022-28030,0.01462,0.7057
CVE-2022-28032,0.05922,0.92393
CVE-2022-28033,0.05412,0.91763
CVE-2022-28034,0.01408,0.69489
CVE-2022-28035,0.01408,0.69488
CVE-2022-28036,0.01408,0.69488
CVE-2022-28041,0.02069,0.79207
CVE-2022-28042,0.01598,0.72947
CVE-2022-28044,0.01897,0.7723
CVE-2022-28048,0.01557,0.72321
CVE-2022-28049,0.00804,0.52454
CVE-2022-28051,0.00783,0.51771
CVE-2022-28052,0.02369,0.81865
CVE-2022-28053,0.01192,0.64376
CVE-2022-28054,0.29738,0.9798
CVE-2022-28055,0.01449,0.70284
CVE-2022-28056,0.01351,0.68281
CVE-2022-28058,0.01205,0.64728
CVE-2022-28059,0.01205,0.64728
CVE-2022-28060,0.01526,0.71753
CVE-2022-28062,0.01706,0.74632
CVE-2022-28063,0.01149,0.63159
CVE-2022-28067,0.00831,0.53337
CVE-2022-28068,0.00728,0.49922
CVE-2022-28069,0.00729,0.49963
CVE-2022-28070,0.00749,0.50618
CVE-2022-28071,0.00749,0.50618
CVE-2022-28072,0.00729,0.49963
CVE-2022-28073,0.00749,0.50618
CVE-2022-28074,0.00412,0.33206
CVE-2022-28076,0.02091,0.79454
CVE-2022-28077,0.00791,0.52025
CVE-2022-28078,0.01066,0.60829
CVE-2022-28079,0.28826,0.97925
CVE-2022-28080,0.57317,0.98965
CVE-2022-28081,0.00525,0.4082
CVE-2022-28082,0.08645,0.94488
CVE-2022-28085,0.01112,0.62148
CVE-2022-28090,0.01032,0.59755
CVE-2022-28093,0.01847,0.76595
CVE-2022-28094,0.00683,0.48241
CVE-2022-28096,0.20092,0.97145
CVE-2022-28099,0.01621,0.73303
CVE-2022-28101,0.00969,0.57776
CVE-2022-28102,0.00466,0.37245
CVE-2022-28104,0.01838,0.7647
CVE-2022-28105,0.01048,0.60247
CVE-2022-28106,0.01134,0.62732
CVE-2022-28108,0.11675,0.95567
CVE-2022-28109,0.01044,0.6014
CVE-2022-28110,0.009,0.5548
CVE-2022-28111,0.01656,0.7386
CVE-2022-28113,0.03652,0.88304
CVE-2022-28114,0.01024,0.59491
CVE-2022-28115,0.0122,0.65132
CVE-2022-28116,0.0122,0.65133
CVE-2022-28117,0.2195,0.97374
CVE-2022-28118,0.02628,0.83729
CVE-2022-28120,0.00982,0.58177
CVE-2022-28126,0.00177,0.07405
CVE-2022-28127,0.35165,0.98254
CVE-2022-28128,0.00362,0.28364
CVE-2022-28129,0.01849,0.76618
CVE-2022-28131,0.01875,0.76964
CVE-2022-28132,0.00613,0.45204
CVE-2022-28133,0.00792,0.52068
CVE-2022-28134,0.00642,0.46535
CVE-2022-28135,0.00887,0.55073
CVE-2022-28136,0.00689,0.48505
CVE-2022-28137,0.00714,0.49411
CVE-2022-28138,0.00583,0.43837
CVE-2022-28139,0.00714,0.4941
CVE-2022-28140,0.00972,0.57867
CVE-2022-28141,0.00887,0.55072
CVE-2022-28142,0.00642,0.4653
CVE-2022-28143,0.00523,0.40706
CVE-2022-28144,0.0079,0.52009
CVE-2022-28145,0.00792,0.52068
CVE-2022-28146,0.01764,0.75447
CVE-2022-28147,0.00719,0.49601
CVE-2022-28148,0.01764,0.75447
CVE-2022-28149,0.00792,0.52068
CVE-2022-28150,0.00689,0.48506
CVE-2022-28151,0.00714,0.4941
CVE-2022-28152,0.00583,0.43838
CVE-2022-28153,0.00776,0.51531
CVE-2022-28154,0.00972,0.57866
CVE-2022-28155,0.00769,0.51314
CVE-2022-28156,0.01519,0.71628
CVE-2022-28157,0.01376,0.68859
CVE-2022-28158,0.00722,0.49681
CVE-2022-28159,0.00792,0.52067
CVE-2022-28160,0.01051,0.60317
CVE-2022-28161,0.0021,0.11266
CVE-2022-28162,0.0015,0.04639
CVE-2022-28163,0.00874,0.54714
CVE-2022-28164,0.00275,0.19408
CVE-2022-28165,0.01156,0.63341
CVE-2022-28166,0.00537,0.41506
CVE-2022-28167,0.00623,0.45708
CVE-2022-28168,0.0088,0.54914
CVE-2022-28169,0.00707,0.49117
CVE-2022-28170,0.00207,0.10847
CVE-2022-28171,0.49858,0.98766
CVE-2022-28172,0.00763,0.51087
CVE-2022-28173,0.00623,0.45705
CVE-2022-28181,0.01055,0.60454
CVE-2022-28182,0.01525,0.71736
CVE-2022-28183,0.0033,0.25017
CVE-2022-28184,0.00293,0.21193
CVE-2022-28185,0.00302,0.22089
CVE-2022-28186,0.0027,0.18742
CVE-2022-28187,0.00265,0.17961
CVE-2022-28188,0.0027,0.18742
CVE-2022-28189,0.00281,0.20061
CVE-2022-28190,0.00265,0.17961
CVE-2022-28191,0.00252,0.16538
CVE-2022-28192,0.00218,0.12284
CVE-2022-28193,0.00255,0.16834
CVE-2022-28194,0.003,0.21832
CVE-2022-28195,0.00232,0.1397
CVE-2022-28196,0.00232,0.13979
CVE-2022-28197,0.00197,0.09671
CVE-2022-28198,0.0026,0.17422
CVE-2022-28199,0.0188,0.77024
CVE-2022-28200,0.00243,0.15382
CVE-2022-28201,0.00407,0.32796
CVE-2022-28202,0.01161,0.635
CVE-2022-28203,0.0116,0.6345
CVE-2022-28204,0.00825,0.53159
CVE-2022-28205,0.01439,0.70087
CVE-2022-28206,0.01427,0.69872
CVE-2022-28209,0.01258,0.66156
CVE-2022-28213,0.12476,0.95754
CVE-2022-28214,0.00167,0.06281
CVE-2022-28215,0.00789,0.51984
CVE-2022-28216,0.00802,0.52402
CVE-2022-28217,0.00704,0.49042
CVE-2022-28218,0.0024,0.15034
CVE-2022-28219,0.97011,0.99884
CVE-2022-28220,0.01782,0.75708
CVE-2022-28221,0.02303,0.81335
CVE-2022-28222,0.02886,0.85257
CVE-2022-28223,0.0104,0.5999
CVE-2022-28224,0.00562,0.4283
CVE-2022-28225,0.00466,0.37265
CVE-2022-28226,0.00373,0.29468
CVE-2022-28228,0.00671,0.47764
CVE-2022-28229,0.00739,0.5029
CVE-2022-28230,0.12508,0.95764
CVE-2022-28231,0.03292,0.87062
CVE-2022-28232,0.12508,0.95763
CVE-2022-28233,0.12508,0.95763
CVE-2022-28234,0.04948,0.91159
CVE-2022-28235,0.03688,0.88419
CVE-2022-28236,0.11635,0.95556
CVE-2022-28237,0.03688,0.88418
CVE-2022-28238,0.11902,0.95628
CVE-2022-28239,0.03285,0.87026
CVE-2022-28240,0.12488,0.95758
CVE-2022-28241,0.0313,0.86364
CVE-2022-28242,0.03433,0.87572
CVE-2022-28243,0.10963,0.95372
CVE-2022-28244,0.03511,0.87842
CVE-2022-28245,0.0213,0.79816
CVE-2022-28246,0.10119,0.95106
CVE-2022-28247,0.00455,0.36538
CVE-2022-28248,0.09785,0.94986
CVE-2022-28249,0.02063,0.79138
CVE-2022-28250,0.01862,0.76806
CVE-2022-28251,0.02305,0.81348
CVE-2022-28252,0.09254,0.94775
CVE-2022-28253,0.0213,0.79817
CVE-2022-28254,0.0213,0.79816
CVE-2022-28255,0.0213,0.79816
CVE-2022-28256,0.02376,0.81919
CVE-2022-28257,0.0213,0.79817
CVE-2022-28258,0.10119,0.95107
CVE-2022-28259,0.02516,0.82977
CVE-2022-28260,0.02516,0.82978
CVE-2022-28261,0.02516,0.82977
CVE-2022-28262,0.0997,0.95055
CVE-2022-28263,0.0997,0.95056
CVE-2022-28264,0.02516,0.82978
CVE-2022-28265,0.02516,0.82978
CVE-2022-28266,0.02516,0.82978
CVE-2022-28267,0.02516,0.82979
CVE-2022-28268,0.01707,0.74647
CVE-2022-28269,0.10696,0.95298
CVE-2022-28270,0.02237,0.80759
CVE-2022-28271,0.0319,0.86611
CVE-2022-28272,0.02237,0.80759
CVE-2022-28273,0.02237,0.80759
CVE-2022-28274,0.02592,0.83508
CVE-2022-28275,0.02237,0.8076
CVE-2022-28276,0.02237,0.8076
CVE-2022-28277,0.02563,0.83291
CVE-2022-28278,0.02237,0.8076
CVE-2022-28279,0.02754,0.84527
CVE-2022-28281,0.02556,0.83246
CVE-2022-28282,0.02012,0.78602
CVE-2022-28283,0.00572,0.43357
CVE-2022-28284,0.00548,0.42089
CVE-2022-28285,0.00759,0.50942
CVE-2022-28286,0.00561,0.42792
CVE-2022-28287,0.00549,0.42102
CVE-2022-28288,0.00521,0.4064
CVE-2022-28289,0.00697,0.4876
CVE-2022-28290,0.01436,0.70028
CVE-2022-28291,0.00644,0.46612
CVE-2022-28300,0.00959,0.57379
CVE-2022-28301,0.00959,0.57379
CVE-2022-28302,0.00647,0.46731
CVE-2022-28303,0.00951,0.57169
CVE-2022-28304,0.00897,0.55398
CVE-2022-28305,0.00904,0.5562
CVE-2022-28306,0.00904,0.5562
CVE-2022-28307,0.00959,0.5738
CVE-2022-28308,0.00618,0.45479
CVE-2022-28309,0.00618,0.45479
CVE-2022-28310,0.00959,0.57379
CVE-2022-28311,0.00959,0.57378
CVE-2022-28312,0.00618,0.45478
CVE-2022-28313,0.00618,0.45479
CVE-2022-28314,0.00959,0.57379
CVE-2022-28315,0.00904,0.55619
CVE-2022-28316,0.00959,0.57378
CVE-2022-28317,0.00642,0.46551
CVE-2022-28318,0.00652,0.46975
CVE-2022-28319,0.00946,0.5698
CVE-2022-28320,0.00946,0.5698
CVE-2022-28321,0.01218,0.65091
CVE-2022-28323,0.01267,0.66366
CVE-2022-28327,0.04195,0.89783
CVE-2022-28328,0.0091,0.55823
CVE-2022-28329,0.00354,0.27605
CVE-2022-28330,0.03398,0.87448
CVE-2022-28331,0.01575,0.72601
CVE-2022-28339,0.00272,0.19049
CVE-2022-28345,0.02192,0.80362
CVE-2022-28346,0.18516,0.96912
CVE-2022-28347,0.02919,0.85424
CVE-2022-28348,0.01357,0.68423
CVE-2022-28349,0.01329,0.67725
CVE-2022-28350,0.01309,0.67266
CVE-2022-28352,0.00426,0.34462
CVE-2022-28353,0.00563,0.42896
CVE-2022-28354,0.0054,0.41678
CVE-2022-28355,0.01375,0.68836
CVE-2022-28356,0.00582,0.43804
CVE-2022-28357,0.00994,0.58561
CVE-2022-28363,0.04267,0.89937
CVE-2022-28364,0.00955,0.57274
CVE-2022-28365,0.08359,0.94311
CVE-2022-28366,0.02099,0.79538
CVE-2022-28367,0.00995,0.58575
CVE-2022-28368,0.82438,0.99627
CVE-2022-28369,0.01398,0.69277
CVE-2022-28370,0.00351,0.27245
CVE-2022-28371,0.00542,0.41754
CVE-2022-28372,0.00707,0.49142
CVE-2022-28373,0.02179,0.80256
CVE-2022-28374,0.02208,0.80518
CVE-2022-28375,0.02179,0.80256
CVE-2022-28376,0.01213,0.64969
CVE-2022-28377,0.00897,0.55403
CVE-2022-28378,0.00604,0.44779
CVE-2022-28379,0.71209,0.99337
CVE-2022-28380,0.01473,0.70782
CVE-2022-28381,0.68733,0.99262
CVE-2022-28382,0.01646,0.73723
CVE-2022-28383,0.0059,0.44158
CVE-2022-28384,0.00428,0.3457
CVE-2022-28385,0.00316,0.23542
CVE-2022-28386,0.00487,0.38608
CVE-2022-28387,0.00485,0.38454
CVE-2022-28388,0.00395,0.31697
CVE-2022-28389,0.00317,0.23622
CVE-2022-28390,0.0035,0.27151
CVE-2022-28391,0.03505,0.87822
CVE-2022-28394,0.00279,0.19795
CVE-2022-28397,0.0325,0.86881
CVE-2022-28410,0.01504,0.71372
CVE-2022-28411,0.01504,0.71372
CVE-2022-28412,0.01504,0.71371
CVE-2022-28413,0.01504,0.71372
CVE-2022-28414,0.0122,0.65133
CVE-2022-28415,0.01269,0.66414
CVE-2022-28416,0.01269,0.66415
CVE-2022-28417,0.01269,0.66415
CVE-2022-28420,0.01269,0.66415
CVE-2022-28421,0.0122,0.65134
CVE-2022-28422,0.01269,0.66414
CVE-2022-28423,0.01269,0.66414
CVE-2022-28424,0.01269,0.66414
CVE-2022-28425,0.0122,0.65137
CVE-2022-28426,0.0122,0.65132
CVE-2022-28427,0.0122,0.65136
CVE-2022-28429,0.0122,0.65135
CVE-2022-28431,0.0122,0.65135
CVE-2022-28432,0.0122,0.65135
CVE-2022-28433,0.0122,0.65133
CVE-2022-28434,0.00899,0.55464
CVE-2022-28435,0.0122,0.65134
CVE-2022-28436,0.0122,0.65134
CVE-2022-28437,0.0122,0.65133
CVE-2022-28438,0.0122,0.65135
CVE-2022-28439,0.01269,0.66413
CVE-2022-28440,0.01612,0.73154
CVE-2022-28443,0.00948,0.57075
CVE-2022-28444,0.01505,0.71391
CVE-2022-28445,0.01053,0.60394
CVE-2022-28448,0.00479,0.38108
CVE-2022-28449,0.00705,0.49064
CVE-2022-28450,0.00701,0.48916
CVE-2022-28451,0.01462,0.70577
CVE-2022-28452,0.17301,0.96751
CVE-2022-28454,0.01109,0.62058
CVE-2022-28461,0.00914,0.55976
CVE-2022-28462,0.01042,0.60078
CVE-2022-28463,0.01542,0.72044
CVE-2022-28464,0.01203,0.64661
CVE-2022-28467,0.01079,0.61187
CVE-2022-28468,0.01551,0.72217
CVE-2022-28470,0.02062,0.79129
CVE-2022-28471,0.00872,0.54663
CVE-2022-28477,0.00948,0.57068
CVE-2022-28478,0.01432,0.69966
CVE-2022-28479,0.00556,0.42472
CVE-2022-28480,0.01674,0.74152
CVE-2022-28481,0.01679,0.74234
CVE-2022-28487,0.01918,0.77497
CVE-2022-28488,0.01174,0.63851
CVE-2022-28491,0.04702,0.90754
CVE-2022-28492,0.01324,0.67609
CVE-2022-28493,0.00677,0.48014
CVE-2022-28494,0.02551,0.83211
CVE-2022-28495,0.02441,0.82416
CVE-2022-28496,0.01409,0.69504
CVE-2022-28497,0.01409,0.69504
CVE-2022-28505,0.00915,0.56
CVE-2022-28506,0.01264,0.66296
CVE-2022-28507,0.00528,0.40978
CVE-2022-28508,0.05227,0.91554
CVE-2022-28512,0.01364,0.68574
CVE-2022-28521,0.01593,0.72868
CVE-2022-28522,0.00599,0.44576
CVE-2022-28523,0.0106,0.60593
CVE-2022-28524,0.00899,0.55464
CVE-2022-28525,0.00974,0.5795
CVE-2022-28527,0.0106,0.60593
CVE-2022-28528,0.01239,0.65632
CVE-2022-28530,0.0149,0.71107
CVE-2022-28531,0.14183,0.96157
CVE-2022-28533,0.0149,0.71108
CVE-2022-28541,0.00369,0.29012
CVE-2022-28542,0.00259,0.17343
CVE-2022-28543,0.00313,0.23293
CVE-2022-28544,0.00879,0.54862
CVE-2022-28545,0.00444,0.35766
CVE-2022-28550,0.01056,0.60476
CVE-2022-28552,0.00821,0.5303
CVE-2022-28556,0.01008,0.59014
CVE-2022-28557,0.2197,0.97377
CVE-2022-28560,0.01618,0.73249
CVE-2022-28561,0.09858,0.95013
CVE-2022-28568,0.02996,0.85785
CVE-2022-28571,0.05528,0.91897
CVE-2022-28572,0.02586,0.83451
CVE-2022-28573,0.27462,0.97838
CVE-2022-28575,0.02945,0.85547
CVE-2022-28577,0.02945,0.85546
CVE-2022-28578,0.02945,0.85547
CVE-2022-28579,0.02945,0.85549
CVE-2022-28580,0.02945,0.85548
CVE-2022-28581,0.02945,0.85548
CVE-2022-28582,0.02945,0.85548
CVE-2022-28583,0.02945,0.85547
CVE-2022-28584,0.02945,0.85548
CVE-2022-28585,0.00914,0.55976
CVE-2022-28586,0.00647,0.46738
CVE-2022-28588,0.00466,0.37245
CVE-2022-28589,0.00545,0.41942
CVE-2022-28590,0.24028,0.97581
CVE-2022-28598,0.03222,0.8676
CVE-2022-28599,0.00547,0.42053
CVE-2022-28601,0.01683,0.74307
CVE-2022-28605,0.01792,0.75837
CVE-2022-28606,0.01403,0.69409
CVE-2022-28607,0.00782,0.51725
CVE-2022-28611,0.00239,0.14854
CVE-2022-28612,0.0046,0.36906
CVE-2022-28613,0.00924,0.56262
CVE-2022-28614,0.04428,0.90258
CVE-2022-28615,0.05729,0.92167
CVE-2022-28616,0.0132,0.67531
CVE-2022-28617,0.01971,0.78103
CVE-2022-28618,0.0174,0.75089
CVE-2022-28619,0.0023,0.13834
CVE-2022-28620,0.01465,0.70632
CVE-2022-28621,0.0117,0.63749
CVE-2022-28622,0.00756,0.50862
CVE-2022-28623,0.00835,0.53459
CVE-2022-28624,0.00399,0.3211
CVE-2022-28625,0.00206,0.10633
CVE-2022-28626,0.00211,0.11317
CVE-2022-28627,0.00218,0.12252
CVE-2022-28628,0.00218,0.12252
CVE-2022-28629,0.00212,0.11437
CVE-2022-28630,0.00229,0.13632
CVE-2022-28631,0.00403,0.3251
CVE-2022-28632,0.00403,0.3251
CVE-2022-28633,0.00197,0.09677
CVE-2022-28634,0.00211,0.11318
CVE-2022-28635,0.00184,0.08162
CVE-2022-28636,0.00184,0.08162
CVE-2022-28637,0.0025,0.1624
CVE-2022-28638,0.00254,0.16755
CVE-2022-28639,0.0054,0.41632
CVE-2022-28640,0.00508,0.3985
CVE-2022-28641,0.00946,0.56979
CVE-2022-28642,0.00938,0.5675
CVE-2022-28643,0.00938,0.5675
CVE-2022-28644,0.00938,0.56751
CVE-2022-28645,0.00613,0.45225
CVE-2022-28646,0.00938,0.5675
CVE-2022-28647,0.00946,0.56979
CVE-2022-28648,0.01335,0.67901
CVE-2022-28649,0.0038,0.3009
CVE-2022-28650,0.00619,0.45511
CVE-2022-28651,0.00318,0.23797
CVE-2022-28652,0.00199,0.0985
CVE-2022-28653,0.00386,0.30737
CVE-2022-28654,0.00252,0.16443
CVE-2022-28655,0.00207,0.10782
CVE-2022-28656,0.00199,0.0985
CVE-2022-28657,0.00228,0.13563
CVE-2022-28658,0.00204,0.10466
CVE-2022-28660,0.0108,0.61198
CVE-2022-28661,0.01129,0.62617
CVE-2022-28662,0.00846,0.53784
CVE-2022-28663,0.01,0.58762
CVE-2022-28664,0.01399,0.69308
CVE-2022-28665,0.0123,0.65419
CVE-2022-28666,0.01226,0.65314
CVE-2022-28667,0.00309,0.22791
CVE-2022-28668,0.00503,0.39501
CVE-2022-28669,0.01065,0.6077
CVE-2022-28670,0.00953,0.5723
CVE-2022-28671,0.01065,0.60771
CVE-2022-28672,0.01816,0.76178
CVE-2022-28673,0.01065,0.60771
CVE-2022-28674,0.01065,0.60772
CVE-2022-28675,0.01065,0.60771
CVE-2022-28676,0.01065,0.60771
CVE-2022-28677,0.01065,0.60772
CVE-2022-28678,0.01065,0.6077
CVE-2022-28679,0.01065,0.60769
CVE-2022-28680,0.01065,0.6077
CVE-2022-28681,0.00837,0.53517
CVE-2022-28682,0.0113,0.62654
CVE-2022-28683,0.0113,0.62654
CVE-2022-28684,0.02598,0.8354
CVE-2022-28685,0.17157,0.96729
CVE-2022-28686,0.00647,0.4673
CVE-2022-28687,0.00979,0.58097
CVE-2022-28688,0.00652,0.46974
CVE-2022-28689,0.00905,0.55667
CVE-2022-28690,0.00822,0.53061
CVE-2022-28691,0.00868,0.54533
CVE-2022-28692,0.00685,0.48351
CVE-2022-28693,0.00171,0.06736
CVE-2022-28695,0.00843,0.53687
CVE-2022-28696,0.00206,0.10743
CVE-2022-28697,0.00351,0.27245
CVE-2022-28699,0.00186,0.08383
CVE-2022-28700,0.01482,0.70952
CVE-2022-28701,0.00868,0.54532
CVE-2022-28702,0.00274,0.19309
CVE-2022-28703,0.0112,0.624
CVE-2022-28704,0.02452,0.82513
CVE-2022-28705,0.00868,0.54532
CVE-2022-28706,0.00764,0.51147
CVE-2022-28707,0.00594,0.44316
CVE-2022-28708,0.00762,0.51052
CVE-2022-28709,0.00191,0.08894
CVE-2022-28710,0.02296,0.81269
CVE-2022-28711,0.01684,0.74328
CVE-2022-28712,0.02438,0.82404
CVE-2022-28713,0.00996,0.58598
CVE-2022-28714,0.00288,0.20751
CVE-2022-28715,0.00546,0.41998
CVE-2022-28716,0.00711,0.49287
CVE-2022-28717,0.00542,0.41768
CVE-2022-28718,0.00718,0.49558
CVE-2022-28719,0.04273,0.89952
CVE-2022-28721,0.01578,0.72632
CVE-2022-28722,0.01029,0.59678
CVE-2022-28730,0.85291,0.9969
CVE-2022-28731,0.56257,0.9894
CVE-2022-28732,0.81896,0.99611
CVE-2022-28733,0.01284,0.66751
CVE-2022-28734,0.01131,0.62661
CVE-2022-28735,0.00316,0.23546
CVE-2022-28736,0.00289,0.20775
CVE-2022-28737,0.00332,0.25219
CVE-2022-28738,0.02744,0.84464
CVE-2022-28739,0.04127,0.8964
CVE-2022-28740,0.00639,0.46416
CVE-2022-28741,0.00895,0.55352
CVE-2022-28742,0.00639,0.46416
CVE-2022-28743,0.01091,0.61528
CVE-2022-28747,0.01191,0.64357
CVE-2022-28749,0.00548,0.42063
CVE-2022-28750,0.01671,0.74109
CVE-2022-28751,0.0014,0.03804
CVE-2022-28752,0.00149,0.04544
CVE-2022-28753,0.00458,0.3674
CVE-2022-28754,0.00486,0.38507
CVE-2022-28755,0.00727,0.49863
CVE-2022-28756,0.00177,0.07398
CVE-2022-28757,0.00176,0.07271
CVE-2022-28758,0.00578,0.43612
CVE-2022-28759,0.00551,0.42238
CVE-2022-28760,0.00511,0.40018
CVE-2022-28761,0.00676,0.47984
CVE-2022-28762,0.00294,0.21306
CVE-2022-28763,0.01134,0.62749
CVE-2022-28764,0.00268,0.18521
CVE-2022-28766,0.00512,0.40039
CVE-2022-28768,0.00182,0.07952
CVE-2022-28770,0.00788,0.51937
CVE-2022-28771,0.00942,0.56881
CVE-2022-28772,0.01387,0.6907
CVE-2022-28773,0.01399,0.69297
CVE-2022-28774,0.00204,0.10416
CVE-2022-28775,0.00251,0.16409
CVE-2022-28776,0.00262,0.17635
CVE-2022-28777,0.00238,0.14748
CVE-2022-28778,0.00239,0.14859
CVE-2022-28779,0.0033,0.25025
CVE-2022-28780,0.00091,0.00633
CVE-2022-28781,0.00137,0.03509
CVE-2022-28782,0.00101,0.01071
CVE-2022-28783,0.00097,0.00918
CVE-2022-28784,0.00117,0.01969
CVE-2022-28785,0.00094,0.00763
CVE-2022-28786,0.00094,0.00762
CVE-2022-28787,0.00094,0.00763
CVE-2022-28788,0.00094,0.00763
CVE-2022-28789,0.00201,0.10063
CVE-2022-28790,0.00199,0.09895
CVE-2022-28791,0.0021,0.11256
CVE-2022-28792,0.00234,0.14264
CVE-2022-28793,0.00209,0.11122
CVE-2022-28794,0.00085,0.00382
CVE-2022-28795,0.00983,0.582
CVE-2022-28796,0.00318,0.23715
CVE-2022-28799,0.1553,0.96438
CVE-2022-28802,0.00999,0.58698
CVE-2022-28803,0.00513,0.40131
CVE-2022-28805,0.02919,0.85425
CVE-2022-28806,0.00448,0.36131
CVE-2022-28807,0.00414,0.33425
CVE-2022-28808,0.00414,0.33425
CVE-2022-28809,0.00392,0.31362
CVE-2022-28810,0.70501,0.99314
CVE-2022-28811,0.01054,0.60429
CVE-2022-28812,0.00872,0.5465
CVE-2022-28813,0.00853,0.54035
CVE-2022-28814,0.01096,0.61707
CVE-2022-28815,0.0044,0.35478
CVE-2022-28816,0.00363,0.2845
CVE-2022-28818,0.43089,0.98571
CVE-2022-28819,0.02709,0.84258
CVE-2022-28820,0.01024,0.5949
CVE-2022-28821,0.02028,0.78769
CVE-2022-28822,0.02028,0.78768
CVE-2022-28823,0.02579,0.83405
CVE-2022-28824,0.02579,0.83406
CVE-2022-28825,0.02028,0.7877
CVE-2022-28826,0.02028,0.7877
CVE-2022-28827,0.02028,0.7877
CVE-2022-28828,0.02028,0.78769
CVE-2022-28829,0.02028,0.78769
CVE-2022-28830,0.01697,0.74508
CVE-2022-28831,0.00402,0.32353
CVE-2022-28832,0.00445,0.35898
CVE-2022-28833,0.00402,0.32353
CVE-2022-28834,0.00402,0.32353
CVE-2022-28835,0.00489,0.38696
CVE-2022-28836,0.00402,0.32351
CVE-2022-28837,0.01954,0.77932
CVE-2022-28838,0.0262,0.83679
CVE-2022-28839,0.02133,0.79853
CVE-2022-28840,0.02247,0.80844
CVE-2022-28841,0.02247,0.80844
CVE-2022-28842,0.02857,0.85112
CVE-2022-28843,0.02133,0.79852
CVE-2022-28844,0.02133,0.79853
CVE-2022-28845,0.02133,0.79853
CVE-2022-28846,0.02027,0.78758
CVE-2022-28847,0.02027,0.78758
CVE-2022-28848,0.02027,0.78758
CVE-2022-28849,0.02577,0.83395
CVE-2022-28850,0.01792,0.75837
CVE-2022-28851,0.36756,0.98323
CVE-2022-28852,0.00426,0.34441
CVE-2022-28853,0.00426,0.34441
CVE-2022-28854,0.00448,0.36095
CVE-2022-28855,0.00448,0.36094
CVE-2022-28856,0.00448,0.36094
CVE-2022-28857,0.00448,0.36095
CVE-2022-28858,0.00206,0.10742
CVE-2022-28859,0.0072,0.49612
CVE-2022-28860,0.00695,0.48693
CVE-2022-28861,0.00419,0.33835
CVE-2022-28862,0.00968,0.57728
CVE-2022-28863,0.00952,0.57201
CVE-2022-28864,0.00859,0.54234
CVE-2022-28865,0.00389,0.3107
CVE-2022-28866,0.00972,0.57851
CVE-2022-28867,0.00389,0.3107
CVE-2022-28868,0.00527,0.40943
CVE-2022-28869,0.00444,0.35808
CVE-2022-28870,0.00444,0.35808
CVE-2022-28871,0.00539,0.41616
CVE-2022-28872,0.00465,0.37235
CVE-2022-28873,0.00541,0.41704
CVE-2022-28874,0.00566,0.43052
CVE-2022-28875,0.00498,0.39242
CVE-2022-28876,0.00433,0.34933
CVE-2022-28877,0.00336,0.25685
CVE-2022-28878,0.00398,0.31979
CVE-2022-28879,0.00398,0.31978
CVE-2022-28880,0.00423,0.3419
CVE-2022-28881,0.00414,0.33462
CVE-2022-28882,0.00388,0.30989
CVE-2022-28883,0.00515,0.40259
CVE-2022-28884,0.00414,0.33462
CVE-2022-28885,0.00414,0.33462
CVE-2022-28886,0.00408,0.3292
CVE-2022-28887,0.00366,0.28739
CVE-2022-28888,0.04354,0.90113
CVE-2022-28889,0.01738,0.75069
CVE-2022-28890,0.0247,0.82643
CVE-2022-28892,0.00429,0.34677
CVE-2022-28893,0.004,0.3216
CVE-2022-28895,0.0364,0.88249
CVE-2022-28896,0.0364,0.88249
CVE-2022-28901,0.0364,0.88249
CVE-2022-28905,0.02492,0.82797
CVE-2022-28906,0.02492,0.82797
CVE-2022-28907,0.02492,0.82795
CVE-2022-28908,0.02492,0.82796
CVE-2022-28909,0.02492,0.82796
CVE-2022-28910,0.02492,0.82796
CVE-2022-28911,0.02492,0.82797
CVE-2022-28912,0.02492,0.82795
CVE-2022-28913,0.02492,0.82796
CVE-2022-28915,0.06544,0.93015
CVE-2022-28917,0.09285,0.94789
CVE-2022-28918,0.01061,0.60628
CVE-2022-28919,0.01413,0.69588
CVE-2022-28920,0.00568,0.43122
CVE-2022-28921,0.00715,0.49449
CVE-2022-28923,0.01431,0.69934
CVE-2022-28924,0.00955,0.57281
CVE-2022-28927,0.33567,0.98189
CVE-2022-28929,0.01603,0.73013
CVE-2022-28930,0.01048,0.60246
CVE-2022-28932,0.02067,0.79187
CVE-2022-28935,0.03176,0.86554
CVE-2022-28936,0.0091,0.55827
CVE-2022-28937,0.01144,0.62998
CVE-2022-28940,0.01131,0.62682
CVE-2022-28944,0.01408,0.69493
CVE-2022-28945,0.01627,0.73408
CVE-2022-28946,0.0097,0.57808
CVE-2022-28948,0.03733,0.88563
CVE-2022-28955,0.38289,0.98393
CVE-2022-28956,0.2237,0.97414
CVE-2022-28959,0.0156,0.72352
CVE-2022-28960,0.01943,0.77798
CVE-2022-28961,0.01617,0.7324
CVE-2022-28962,0.01593,0.72864
CVE-2022-28964,0.00227,0.13402
CVE-2022-28965,0.00277,0.19623
CVE-2022-28966,0.00597,0.44481
CVE-2022-28969,0.01124,0.62472
CVE-2022-28970,0.01124,0.62473
CVE-2022-28971,0.01124,0.62471
CVE-2022-28972,0.01124,0.62471
CVE-2022-28973,0.01124,0.62472
CVE-2022-28975,0.00346,0.26681
CVE-2022-28977,0.00442,0.3565
CVE-2022-28978,0.00503,0.39516
CVE-2022-28979,0.00391,0.3128
CVE-2022-28980,0.00363,0.2845
CVE-2022-28981,0.01074,0.61037
CVE-2022-28982,0.00363,0.28451
CVE-2022-28985,0.00494,0.38985
CVE-2022-28986,0.02238,0.80782
CVE-2022-28987,0.0991,0.95031
CVE-2022-28990,0.0039,0.31135
CVE-2022-28991,0.01421,0.69749
CVE-2022-28992,0.00622,0.45653
CVE-2022-28993,0.01611,0.73134
CVE-2022-28994,0.0218,0.8027
CVE-2022-28995,0.02232,0.80713
CVE-2022-28997,0.01944,0.77813
CVE-2022-28998,0.02052,0.79026
CVE-2022-28999,0.01127,0.62557
CVE-2022-29001,0.0102,0.59377
CVE-2022-29002,0.00446,0.3596
CVE-2022-29004,0.02806,0.84849
CVE-2022-29005,0.01987,0.78294
CVE-2022-29006,0.19478,0.97051
CVE-2022-29007,0.19478,0.9705
CVE-2022-29008,0.01265,0.66311
CVE-2022-29009,0.22593,0.97444
CVE-2022-29013,0.77136,0.995
CVE-2022-29014,0.10612,0.95268
CVE-2022-29017,0.00587,0.43992
CVE-2022-29020,0.00547,0.42008
CVE-2022-29021,0.02186,0.80315
CVE-2022-29022,0.02186,0.80314
CVE-2022-29023,0.02211,0.80542
CVE-2022-29028,0.00508,0.39824
CVE-2022-29029,0.00508,0.39823
CVE-2022-29030,0.00508,0.39824
CVE-2022-29031,0.00508,0.39824
CVE-2022-29032,0.00742,0.50404
CVE-2022-29033,0.00742,0.50404
CVE-2022-29034,0.28261,0.97892
CVE-2022-29035,0.00596,0.4441
CVE-2022-29036,0.7855,0.99538
CVE-2022-29037,0.00662,0.47407
CVE-2022-29038,0.00637,0.46323
CVE-2022-29039,0.00798,0.52258
CVE-2022-29040,0.00802,0.52379
CVE-2022-29041,0.00825,0.53141
CVE-2022-29042,0.00798,0.52258
CVE-2022-29043,0.00798,0.52257
CVE-2022-29044,0.00637,0.46323
CVE-2022-29045,0.00782,0.51716
CVE-2022-29046,0.02435,0.8238
CVE-2022-29047,0.01116,0.62273
CVE-2022-29048,0.01802,0.75966
CVE-2022-29049,0.00784,0.51784
CVE-2022-29050,0.00697,0.48779
CVE-2022-29051,0.0072,0.49612
CVE-2022-29052,0.00724,0.49769
CVE-2022-29053,0.00255,0.16867
CVE-2022-29054,0.00174,0.07083
CVE-2022-29055,0.00868,0.54523
CVE-2022-29056,0.01808,0.76057
CVE-2022-29057,0.00493,0.38906
CVE-2022-29058,0.00473,0.37723
CVE-2022-29059,0.00388,0.30958
CVE-2022-29060,0.00576,0.43491
CVE-2022-29061,0.01536,0.71941
CVE-2022-29062,0.00721,0.49663
CVE-2022-29063,0.03716,0.88505
CVE-2022-29071,0.00194,0.09281
CVE-2022-29072,0.01523,0.71706
CVE-2022-29077,0.02157,0.80074
CVE-2022-29078,0.32808,0.98157
CVE-2022-29080,0.02324,0.81509
CVE-2022-29081,0.83321,0.99645
CVE-2022-29082,0.00275,0.1933
CVE-2022-29083,0.00355,0.27649
CVE-2022-29084,0.01803,0.75995
CVE-2022-29085,0.00184,0.08198
CVE-2022-29089,0.00501,0.39397
CVE-2022-29090,0.00292,0.21119
CVE-2022-29091,0.00928,0.56404
CVE-2022-29092,0.00357,0.27836
CVE-2022-29093,0.00241,0.1515
CVE-2022-29094,0.00241,0.1515
CVE-2022-29095,0.01091,0.61516
CVE-2022-29096,0.00522,0.40676
CVE-2022-29097,0.01238,0.6561
CVE-2022-29098,0.00969,0.57765
CVE-2022-29102,0.00804,0.52445
CVE-2022-29103,0.00606,0.44892
CVE-2022-29104,0.1209,0.95666
CVE-2022-29105,0.0266,0.83939
CVE-2022-29106,0.00545,0.41953
CVE-2022-29107,0.02708,0.84247
CVE-2022-29108,0.11576,0.95542
CVE-2022-29109,0.02583,0.83436
CVE-2022-29110,0.03602,0.88124
CVE-2022-29111,0.02408,0.8216
CVE-2022-29112,0.03036,0.85967
CVE-2022-29113,0.00411,0.33117
CVE-2022-29114,0.0123,0.65424
CVE-2022-29115,0.02207,0.80513
CVE-2022-29116,0.00529,0.41043
CVE-2022-29117,0.04913,0.91101
CVE-2022-29119,0.02118,0.79706
CVE-2022-29120,0.00804,0.52445
CVE-2022-29121,0.00884,0.54994
CVE-2022-29122,0.00786,0.51859
CVE-2022-29123,0.00786,0.51859
CVE-2022-29125,0.00686,0.48393
CVE-2022-29126,0.006,0.44619
CVE-2022-29127,0.00798,0.52261
CVE-2022-29128,0.02658,0.83928
CVE-2022-29129,0.02658,0.83928
CVE-2022-29130,0.03696,0.8844
CVE-2022-29131,0.02658,0.83929
CVE-2022-29132,0.00666,0.47532
CVE-2022-29133,0.00739,0.50296
CVE-2022-29134,0.00786,0.51859
CVE-2022-29135,0.00693,0.48652
CVE-2022-29137,0.0227,0.81026
CVE-2022-29138,0.0057,0.43249
CVE-2022-29139,0.0223,0.80699
CVE-2022-29140,0.01128,0.62582
CVE-2022-29141,0.02597,0.83534
CVE-2022-29142,0.05236,0.91564
CVE-2022-29143,0.01974,0.78143
CVE-2022-29144,0.00997,0.5866
CVE-2022-29145,0.04763,0.90861
CVE-2022-29146,0.00997,0.5866
CVE-2022-29147,0.00609,0.45013
CVE-2022-29148,0.0266,0.83939
CVE-2022-29149,0.0091,0.55825
CVE-2022-29150,0.006,0.44619
CVE-2022-29151,0.006,0.44619
CVE-2022-29152,0.0053,0.4107
CVE-2022-29153,0.08676,0.94507
CVE-2022-29154,0.01672,0.74124
CVE-2022-29155,0.69899,0.99295
CVE-2022-29156,0.0037,0.2916
CVE-2022-29158,0.0175,0.75237
CVE-2022-29159,0.00937,0.56715
CVE-2022-29160,0.00363,0.28455
CVE-2022-29161,0.00385,0.30613
CVE-2022-29162,0.0039,0.31151
CVE-2022-29163,0.01037,0.59909
CVE-2022-29164,0.0086,0.54273
CVE-2022-29165,0.01947,0.77856
CVE-2022-29166,0.00938,0.56756
CVE-2022-29167,0.01028,0.59625
CVE-2022-29168,0.00796,0.52178
CVE-2022-29169,0.01449,0.70279
CVE-2022-29170,0.01191,0.64329
CVE-2022-29171,0.01235,0.65545
CVE-2022-29172,0.00581,0.43738
CVE-2022-29173,0.00532,0.41232
CVE-2022-29174,0.0138,0.68933
CVE-2022-29176,0.01845,0.76562
CVE-2022-29177,0.00929,0.56442
CVE-2022-29178,0.00288,0.20744
CVE-2022-29179,0.0036,0.28085
CVE-2022-29180,0.00745,0.50497
CVE-2022-29181,0.03078,0.86148
CVE-2022-29182,0.00799,0.5229
CVE-2022-29183,0.00814,0.5277
CVE-2022-29184,0.03585,0.8807
CVE-2022-29185,0.00806,0.52534
CVE-2022-29186,0.01125,0.62519
CVE-2022-29187,0.00441,0.35569
CVE-2022-29188,0.00811,0.52687
CVE-2022-29189,0.01952,0.77911
CVE-2022-29190,0.01584,0.72723
CVE-2022-29191,0.0035,0.27133
CVE-2022-29192,0.0034,0.26154
CVE-2022-29193,0.00317,0.23704
CVE-2022-29194,0.00325,0.24496
CVE-2022-29195,0.00317,0.23702
CVE-2022-29196,0.00317,0.23702
CVE-2022-29197,0.00317,0.23703
CVE-2022-29198,0.00317,0.23704
CVE-2022-29199,0.00317,0.23704
CVE-2022-29200,0.00317,0.23702
CVE-2022-29201,0.00333,0.25325
CVE-2022-29202,0.00316,0.23554
CVE-2022-29203,0.00333,0.25325
CVE-2022-29204,0.00346,0.2668
CVE-2022-29205,0.00317,0.23703
CVE-2022-29206,0.00338,0.25846
CVE-2022-29207,0.00317,0.23703
CVE-2022-29208,0.00378,0.29934
CVE-2022-29209,0.00386,0.30701
CVE-2022-29210,0.00225,0.1307
CVE-2022-29211,0.00314,0.23307
CVE-2022-29212,0.00316,0.23553
CVE-2022-29213,0.0031,0.22966
CVE-2022-29214,0.00626,0.45824
CVE-2022-29215,0.01092,0.61544
CVE-2022-29216,0.00536,0.41434
CVE-2022-29217,0.012,0.64575
CVE-2022-29218,0.01218,0.65089
CVE-2022-29219,0.01228,0.65356
CVE-2022-29220,0.00456,0.36665
CVE-2022-29221,0.0454,0.90463
CVE-2022-29222,0.00702,0.48947
CVE-2022-29223,0.01128,0.62585
CVE-2022-29224,0.00948,0.57064
CVE-2022-29225,0.0144,0.70102
CVE-2022-29226,0.01238,0.65603
CVE-2022-29227,0.01141,0.62911
CVE-2022-29228,0.01173,0.6384
CVE-2022-29229,0.00327,0.24672
CVE-2022-29230,0.00776,0.51539
CVE-2022-29232,0.00987,0.58328
CVE-2022-29233,0.0096,0.57416
CVE-2022-29234,0.00777,0.51562
CVE-2022-29235,0.00974,0.57943
CVE-2022-29236,0.00809,0.52643
CVE-2022-29237,0.00541,0.41695
CVE-2022-29238,0.0103,0.59702
CVE-2022-29240,0.00982,0.58175
CVE-2022-29241,0.00846,0.53786
CVE-2022-29242,0.01563,0.72396
CVE-2022-29243,0.0143,0.69925
CVE-2022-29244,0.03465,0.87687
CVE-2022-29245,0.01384,0.68996
CVE-2022-29246,0.02162,0.80107
CVE-2022-29247,0.00976,0.58015
CVE-2022-29248,0.01239,0.65622
CVE-2022-29249,0.00682,0.48211
CVE-2022-29250,0.00747,0.50579
CVE-2022-29251,0.01263,0.66284
CVE-2022-29252,0.00921,0.56148
CVE-2022-29253,0.00998,0.58674
CVE-2022-29254,0.00618,0.45458
CVE-2022-29255,0.01209,0.64825
CVE-2022-29256,0.0037,0.29144
CVE-2022-29257,0.0085,0.5392
CVE-2022-29258,0.00921,0.56148
CVE-2022-29262,0.00213,0.11592
CVE-2022-29263,0.002,0.09915
CVE-2022-29264,0.01737,0.75049
CVE-2022-29265,0.02425,0.82294
CVE-2022-29266,0.0783,0.93991
CVE-2022-29269,0.03053,0.86039
CVE-2022-29270,0.02275,0.81075
CVE-2022-29271,0.01854,0.76697
CVE-2022-29272,0.03862,0.8896
CVE-2022-29273,0.59562,0.99018
CVE-2022-29275,0.00193,0.09176
CVE-2022-29276,0.00193,0.09176
CVE-2022-29277,0.00194,0.09258
CVE-2022-29278,0.00193,0.09177
CVE-2022-29279,0.00193,0.09176
CVE-2022-29281,0.01483,0.7098
CVE-2022-29286,0.01098,0.61781
CVE-2022-29287,0.00883,0.54983
CVE-2022-29296,0.02363,0.81829
CVE-2022-29298,0.45256,0.98644
CVE-2022-29302,0.00324,0.24397
CVE-2022-29303,0.97961,0.99904
CVE-2022-29304,0.00767,0.51235
CVE-2022-29305,0.00864,0.54407
CVE-2022-29306,0.01075,0.61086
CVE-2022-29307,0.17787,0.96816
CVE-2022-29309,0.00865,0.54419
CVE-2022-29315,0.01434,0.69993
CVE-2022-29316,0.03139,0.86401
CVE-2022-29317,0.00874,0.54714
CVE-2022-29318,0.01336,0.6791
CVE-2022-29320,0.00416,0.33631
CVE-2022-29321,0.03802,0.88777
CVE-2022-29322,0.1605,0.9654
CVE-2022-29323,0.03802,0.88777
CVE-2022-29324,0.03802,0.88777
CVE-2022-29325,0.0367,0.8836
CVE-2022-29326,0.0367,0.88361
CVE-2022-29327,0.0367,0.8836
CVE-2022-29328,0.13319,0.95953
CVE-2022-29329,0.13319,0.95953
CVE-2022-29330,0.00886,0.55057
CVE-2022-29332,0.01389,0.69117
CVE-2022-29333,0.00818,0.52909
CVE-2022-29334,0.01157,0.63354
CVE-2022-29337,0.35343,0.9826
CVE-2022-29339,0.01141,0.62914
CVE-2022-29340,0.01141,0.62914
CVE-2022-29347,0.01686,0.74362
CVE-2022-29349,0.01681,0.74264
CVE-2022-29351,0.02407,0.82155
CVE-2022-29353,0.0165,0.73788
CVE-2022-29354,0.02463,0.82593
CVE-2022-29358,0.00568,0.43129
CVE-2022-29359,0.01104,0.61945
CVE-2022-29360,0.01051,0.60326
CVE-2022-29361,0.07663,0.93886
CVE-2022-29362,0.00461,0.36951
CVE-2022-29363,0.01258,0.66135
CVE-2022-29368,0.00876,0.54786
CVE-2022-29369,0.01099,0.61803
CVE-2022-29376,0.01194,0.64418
CVE-2022-29377,0.01002,0.58831
CVE-2022-29379,0.01691,0.74422
CVE-2022-29380,0.00599,0.4457
CVE-2022-29383,0.48957,0.98744
CVE-2022-29391,0.01618,0.73248
CVE-2022-29392,0.01618,0.73248
CVE-2022-29393,0.01618,0.73249
CVE-2022-29394,0.01618,0.73249
CVE-2022-29395,0.01618,0.73248
CVE-2022-29396,0.01618,0.73249
CVE-2022-29397,0.01618,0.7325
CVE-2022-29398,0.01684,0.74317
CVE-2022-29399,0.01684,0.74317
CVE-2022-29402,0.00422,0.3416
CVE-2022-29404,0.05678,0.92086
CVE-2022-29405,0.01591,0.72845
CVE-2022-29406,0.00599,0.44585
CVE-2022-29408,0.00655,0.47069
CVE-2022-29410,0.00862,0.54331
CVE-2022-29411,0.01045,0.60164
CVE-2022-29412,0.00393,0.31487
CVE-2022-29413,0.00366,0.28732
CVE-2022-29414,0.00372,0.2931
CVE-2022-29415,0.00713,0.49384
CVE-2022-29416,0.00427,0.34535
CVE-2022-29417,0.00606,0.44882
CVE-2022-29418,0.00518,0.40448
CVE-2022-29419,0.00803,0.52425
CVE-2022-29420,0.00411,0.33157
CVE-2022-29421,0.00713,0.49384
CVE-2022-29422,0.00533,0.41253
CVE-2022-29423,0.01047,0.60208
CVE-2022-29424,0.00499,0.39309
CVE-2022-29425,0.00669,0.47666
CVE-2022-29426,0.00505,0.39634
CVE-2022-29427,0.0041,0.33074
CVE-2022-29428,0.00499,0.39309
CVE-2022-29429,0.00913,0.55937
CVE-2022-29430,0.00343,0.26421
CVE-2022-29431,0.00369,0.28981
CVE-2022-29432,0.00499,0.39309
CVE-2022-29433,0.00538,0.41567
CVE-2022-29434,0.00672,0.47805
CVE-2022-29435,0.00376,0.29717
CVE-2022-29436,0.00366,0.28731
CVE-2022-29437,0.00414,0.33434
CVE-2022-29438,0.00519,0.40452
CVE-2022-29439,0.00389,0.31043
CVE-2022-29440,0.00524,0.40784
CVE-2022-29441,0.00389,0.31046
CVE-2022-29442,0.00524,0.40784
CVE-2022-29443,0.00494,0.38983
CVE-2022-29444,0.00538,0.41568
CVE-2022-29445,0.01021,0.5941
CVE-2022-29446,0.01,0.58744
CVE-2022-29447,0.01,0.58745
CVE-2022-29448,0.01,0.58744
CVE-2022-29449,0.00515,0.40263
CVE-2022-29450,0.0039,0.31152
CVE-2022-29451,0.00569,0.4321
CVE-2022-29452,0.00489,0.38694
CVE-2022-29453,0.00415,0.33502
CVE-2022-29454,0.00251,0.16327
CVE-2022-29455,0.2318,0.97502
CVE-2022-29457,0.07947,0.94066
CVE-2022-29458,0.01341,0.6803
CVE-2022-29464,0.99999,0.99995
CVE-2022-29465,0.01793,0.75849
CVE-2022-29466,0.00171,0.06703
CVE-2022-29467,0.00774,0.51484
CVE-2022-29468,0.01439,0.70094
CVE-2022-29470,0.0015,0.04604
CVE-2022-29471,0.00798,0.52255
CVE-2022-29472,0.04433,0.90267
CVE-2022-29473,0.00764,0.51146
CVE-2022-29474,0.01469,0.70718
CVE-2022-29475,0.00562,0.42843
CVE-2022-29476,0.00446,0.35955
CVE-2022-29477,0.01218,0.65086
CVE-2022-29479,0.00854,0.5406
CVE-2022-29480,0.00854,0.5406
CVE-2022-29481,0.00765,0.51171
CVE-2022-29482,0.00344,0.26506
CVE-2022-29483,0.00321,0.24118
CVE-2022-29484,0.01049,0.60252
CVE-2022-29485,0.00963,0.57526
CVE-2022-29486,0.0051,0.39928
CVE-2022-29487,0.00546,0.41998
CVE-2022-29488,0.00822,0.53062
CVE-2022-29489,0.0027,0.18687
CVE-2022-29490,0.00559,0.42653
CVE-2022-29491,0.00868,0.54533
CVE-2022-29492,0.00633,0.46148
CVE-2022-29493,0.00514,0.40213
CVE-2022-29494,0.00642,0.46549
CVE-2022-29495,0.0043,0.34737
CVE-2022-29496,0.01942,0.77789
CVE-2022-29498,0.00857,0.54199
CVE-2022-29499,0.56556,0.98947
CVE-2022-29500,0.02102,0.79564
CVE-2022-29501,0.02639,0.83807
CVE-2022-29502,0.01675,0.74167
CVE-2022-29503,0.01179,0.64027
CVE-2022-29505,0.00481,0.38181
CVE-2022-29506,0.00874,0.54721
CVE-2022-29507,0.00181,0.07824
CVE-2022-29508,0.00174,0.07018
CVE-2022-29509,0.03234,0.86809
CVE-2022-29510,0.00194,0.0922
CVE-2022-29511,0.02483,0.8273
CVE-2022-29512,0.00954,0.57264
CVE-2022-29513,0.00527,0.40927
CVE-2022-29514,0.00572,0.43356
CVE-2022-29515,0.00169,0.06568
CVE-2022-29516,0.02046,0.78954
CVE-2022-29517,0.60199,0.99031
CVE-2022-29518,0.00209,0.11128
CVE-2022-29519,0.00377,0.29814
CVE-2022-29520,0.02803,0.84836
CVE-2022-29522,0.00737,0.50213
CVE-2022-29523,0.00182,0.07923
CVE-2022-29524,0.00874,0.54721
CVE-2022-29525,0.01425,0.69841
CVE-2022-29526,0.02593,0.83512
CVE-2022-29527,0.00296,0.21434
CVE-2022-29528,0.02138,0.79898
CVE-2022-29529,0.00813,0.52749
CVE-2022-29530,0.0081,0.52651
CVE-2022-29531,0.0081,0.5265
CVE-2022-29532,0.00821,0.53037
CVE-2022-29533,0.00799,0.52289
CVE-2022-29534,0.01566,0.72445
CVE-2022-29535,0.9336,0.99825
CVE-2022-29536,0.01952,0.77904
CVE-2022-29537,0.00612,0.45194
CVE-2022-29538,0.0082,0.52989
CVE-2022-29539,0.01759,0.75358
CVE-2022-29540,0.00734,0.50151
CVE-2022-29546,0.01217,0.65054
CVE-2022-29547,0.00964,0.57547
CVE-2022-29548,0.41078,0.98502
CVE-2022-29549,0.00267,0.18437
CVE-2022-29550,0.00369,0.28994
CVE-2022-29555,0.00449,0.36174
CVE-2022-29556,0.00958,0.57366
CVE-2022-29557,0.00327,0.24719
CVE-2022-29558,0.01261,0.66217
CVE-2022-29560,0.01595,0.7289
CVE-2022-29561,0.00276,0.19485
CVE-2022-29562,0.00748,0.50584
CVE-2022-29564,0.0088,0.54913
CVE-2022-29566,0.00719,0.49584
CVE-2022-29567,0.00915,0.5599
CVE-2022-29577,0.01282,0.66694
CVE-2022-29578,0.0102,0.59375
CVE-2022-29580,0.00391,0.31222
CVE-2022-29581,0.01039,0.5996
CVE-2022-29582,0.00773,0.51436
CVE-2022-29583,0.00306,0.22505
CVE-2022-29584,0.00484,0.38406
CVE-2022-29585,0.00971,0.57826
CVE-2022-29586,0.0043,0.34723
CVE-2022-29587,0.00393,0.31437
CVE-2022-29588,0.01662,0.73963
CVE-2022-29589,0.00651,0.46916
CVE-2022-29591,0.01322,0.6756
CVE-2022-29592,0.1956,0.97065
CVE-2022-29593,0.12907,0.95855
CVE-2022-29594,0.003,0.218
CVE-2022-29596,0.02063,0.79141
CVE-2022-29597,0.01852,0.76655
CVE-2022-29598,0.00778,0.51585
CVE-2022-29599,0.04031,0.8941
CVE-2022-29600,0.0102,0.59375
CVE-2022-29601,0.0102,0.59375
CVE-2022-29602,0.00457,0.36727
CVE-2022-29603,0.01427,0.69862
CVE-2022-29604,0.01007,0.58986
CVE-2022-29605,0.00654,0.47046
CVE-2022-29606,0.00987,0.58317
CVE-2022-29607,0.00668,0.47611
CVE-2022-29608,0.00874,0.54733
CVE-2022-29609,0.00567,0.43111
CVE-2022-29610,0.00425,0.34384
CVE-2022-29611,0.00749,0.50616
CVE-2022-29612,0.00626,0.45832
CVE-2022-29613,0.00706,0.49103
CVE-2022-29614,0.00439,0.35407
CVE-2022-29615,0.00243,0.15383
CVE-2022-29616,0.00894,0.55318
CVE-2022-29617,0.00788,0.51931
CVE-2022-29618,0.01024,0.59541
CVE-2022-29619,0.00821,0.53037
CVE-2022-29620,0.01689,0.74398
CVE-2022-29622,0.0341,0.87491
CVE-2022-29623,0.01259,0.66165
CVE-2022-29624,0.01199,0.64564
CVE-2022-29627,0.00529,0.41015
CVE-2022-29628,0.00476,0.37921
CVE-2022-29631,0.00939,0.5679
CVE-2022-29632,0.16113,0.9655
CVE-2022-29633,0.01063,0.60714
CVE-2022-29637,0.0082,0.52975
CVE-2022-29638,0.01124,0.62474
CVE-2022-29639,0.01794,0.75866
CVE-2022-29640,0.01124,0.62474
CVE-2022-29641,0.01124,0.62473
CVE-2022-29642,0.01124,0.62472
CVE-2022-29643,0.01124,0.62472
CVE-2022-29644,0.0153,0.71812
CVE-2022-29645,0.01407,0.6947
CVE-2022-29646,0.00801,0.52357
CVE-2022-29647,0.00642,0.46534
CVE-2022-29648,0.0048,0.38165
CVE-2022-29649,0.00385,0.3065
CVE-2022-29650,0.01171,0.63766
CVE-2022-29651,0.01434,0.70002
CVE-2022-29652,0.00809,0.52619
CVE-2022-29653,0.00528,0.40986
CVE-2022-29654,0.00527,0.40957
CVE-2022-29655,0.01336,0.6791
CVE-2022-29656,0.00874,0.54714
CVE-2022-29659,0.019,0.77266
CVE-2022-29660,0.1144,0.95508
CVE-2022-29661,0.00896,0.55373
CVE-2022-29662,0.00793,0.52095
CVE-2022-29663,0.00896,0.55372
CVE-2022-29664,0.00908,0.55759
CVE-2022-29665,0.00793,0.52095
CVE-2022-29666,0.00896,0.55368
CVE-2022-29667,0.00908,0.55761
CVE-2022-29669,0.00908,0.55761
CVE-2022-29670,0.00896,0.55371
CVE-2022-29676,0.00896,0.55369
CVE-2022-29680,0.00896,0.55371
CVE-2022-29681,0.00896,0.5537
CVE-2022-29682,0.00896,0.5537
CVE-2022-29683,0.00896,0.5537
CVE-2022-29684,0.00896,0.55372
CVE-2022-29685,0.00908,0.55761
CVE-2022-29686,0.00896,0.55372
CVE-2022-29687,0.00896,0.55371
CVE-2022-29688,0.00896,0.55373
CVE-2022-29689,0.00896,0.5537
CVE-2022-29692,0.00757,0.50894
CVE-2022-29693,0.01177,0.63937
CVE-2022-29694,0.0183,0.76365
CVE-2022-29695,0.0107,0.60946
CVE-2022-29700,0.00945,0.56955
CVE-2022-29701,0.00997,0.58657
CVE-2022-29704,0.01136,0.62787
CVE-2022-29709,0.01087,0.61406
CVE-2022-29710,0.00734,0.50148
CVE-2022-29711,0.00664,0.47477
CVE-2022-29712,0.01664,0.73986
CVE-2022-29718,0.00983,0.5821
CVE-2022-29720,0.00913,0.55905
CVE-2022-29721,0.00991,0.58463
CVE-2022-29725,0.01327,0.67689
CVE-2022-29727,0.02324,0.81506
CVE-2022-29728,0.0053,0.41071
CVE-2022-29729,0.01418,0.69686
CVE-2022-29730,0.01654,0.73833
CVE-2022-29731,0.00392,0.31303
CVE-2022-29732,0.00725,0.49788
CVE-2022-29733,0.00664,0.47486
CVE-2022-29734,0.00447,0.36028
CVE-2022-29735,0.00943,0.56906
CVE-2022-29738,0.01091,0.61523
CVE-2022-29739,0.01091,0.61523
CVE-2022-29741,0.01091,0.61522
CVE-2022-29745,0.01091,0.61524
CVE-2022-29746,0.01091,0.61523
CVE-2022-29747,0.01603,0.73012
CVE-2022-29748,0.01603,0.73013
CVE-2022-29749,0.01603,0.73013
CVE-2022-29750,0.01603,0.73014
CVE-2022-29751,0.01603,0.73012
CVE-2022-29767,0.00868,0.54527
CVE-2022-29770,0.00496,0.39127
CVE-2022-29773,0.00661,0.47365
CVE-2022-29774,0.05527,0.91896
CVE-2022-29775,0.60667,0.99041
CVE-2022-29776,0.06851,0.93282
CVE-2022-29777,0.06851,0.93282
CVE-2022-29778,0.02474,0.8267
CVE-2022-29779,0.00384,0.30563
CVE-2022-29780,0.00384,0.30563
CVE-2022-29784,0.0108,0.61196
CVE-2022-29788,0.00795,0.52157
CVE-2022-29789,0.0063,0.45988
CVE-2022-29790,0.0063,0.45989
CVE-2022-29791,0.0063,0.45989
CVE-2022-29792,0.00634,0.4617
CVE-2022-29793,0.00878,0.54851
CVE-2022-29794,0.00712,0.49334
CVE-2022-29795,0.0063,0.45988
CVE-2022-29796,0.0063,0.4599
CVE-2022-29797,0.00802,0.52395
CVE-2022-29798,0.00614,0.45296
CVE-2022-29799,0.11667,0.95565
CVE-2022-29800,0.06716,0.93155
CVE-2022-29801,0.00964,0.57553
CVE-2022-29804,0.0187,0.76899
CVE-2022-29805,0.27416,0.97833
CVE-2022-29806,0.67128,0.99219
CVE-2022-29807,0.0109,0.61491
CVE-2022-29808,0.00624,0.45762
CVE-2022-29810,0.00403,0.32517
CVE-2022-29811,0.00452,0.36385
CVE-2022-29812,0.00177,0.07424
CVE-2022-29813,0.00209,0.11024
CVE-2022-29814,0.0022,0.12495
CVE-2022-29815,0.00208,0.10888
CVE-2022-29816,0.00259,0.17366
CVE-2022-29817,0.00366,0.28754
CVE-2022-29818,0.00144,0.04071
CVE-2022-29819,0.0022,0.12495
CVE-2022-29820,0.00382,0.30365
CVE-2022-29821,0.0022,0.12495
CVE-2022-29822,0.00729,0.49954
CVE-2022-29823,0.01394,0.69202
CVE-2022-29824,0.0363,0.88209
CVE-2022-29825,0.00457,0.36728
CVE-2022-29826,0.00685,0.48342
CVE-2022-29827,0.01032,0.59758
CVE-2022-29828,0.01032,0.59758
CVE-2022-29829,0.01032,0.59758
CVE-2022-29830,0.01208,0.64822
CVE-2022-29831,0.0129,0.6688
CVE-2022-29832,0.00611,0.45106
CVE-2022-29833,0.00985,0.58262
CVE-2022-29834,0.0129,0.66873
CVE-2022-29835,0.00163,0.05856
CVE-2022-29836,0.0031,0.22916
CVE-2022-29837,0.0019,0.08797
CVE-2022-29838,0.00264,0.17873
CVE-2022-29839,0.00138,0.03592
CVE-2022-29840,0.00142,0.03894
CVE-2022-29841,0.01483,0.70971
CVE-2022-29842,0.01836,0.76451
CVE-2022-29843,0.01169,0.63725
CVE-2022-29844,0.36405,0.98307
CVE-2022-29845,0.03914,0.89092
CVE-2022-29846,0.05132,0.91422
CVE-2022-29847,0.55861,0.9893
CVE-2022-29848,0.03513,0.87847
CVE-2022-29849,0.00272,0.19079
CVE-2022-29850,0.00841,0.5363
CVE-2022-29851,0.03596,0.88104
CVE-2022-29852,0.00378,0.29922
CVE-2022-29853,0.00378,0.29922
CVE-2022-29854,0.00641,0.46483
CVE-2022-29855,0.00739,0.50282
CVE-2022-29856,0.0152,0.71645
CVE-2022-29858,0.01156,0.63344
CVE-2022-29859,0.01266,0.66351
CVE-2022-29862,0.01466,0.70667
CVE-2022-29863,0.0133,0.67742
CVE-2022-29864,0.01808,0.76059
CVE-2022-29865,0.01502,0.71332
CVE-2022-29866,0.01595,0.7289
CVE-2022-29868,0.00155,0.05107
CVE-2022-29869,0.01804,0.76002
CVE-2022-29871,0.00167,0.06274
CVE-2022-29872,0.01371,0.68735
CVE-2022-29873,0.01766,0.75485
CVE-2022-29874,0.00685,0.48327
CVE-2022-29875,0.01627,0.73406
CVE-2022-29876,0.00804,0.52451
CVE-2022-29877,0.0062,0.45535
CVE-2022-29878,0.01041,0.60011
CVE-2022-29879,0.00782,0.51717
CVE-2022-29880,0.00594,0.44329
CVE-2022-29881,0.00993,0.58514
CVE-2022-29882,0.00804,0.5245
CVE-2022-29883,0.00951,0.57174
CVE-2022-29884,0.01222,0.65188
CVE-2022-29885,0.73139,0.99392
CVE-2022-29886,0.00459,0.36835
CVE-2022-29887,0.00566,0.43058
CVE-2022-29888,0.01487,0.71043
CVE-2022-29889,0.01117,0.62288
CVE-2022-29890,0.00433,0.34954
CVE-2022-29891,0.00728,0.4991
CVE-2022-29892,0.00996,0.58602
CVE-2022-29893,0.00575,0.43459
CVE-2022-29894,0.00712,0.49314
CVE-2022-29897,0.01239,0.6562
CVE-2022-29898,0.00597,0.44488
CVE-2022-29900,0.03764,0.8866
CVE-2022-29901,0.04831,0.90965
CVE-2022-29903,0.00334,0.25424
CVE-2022-29904,0.16346,0.96591
CVE-2022-29905,0.00364,0.28581
CVE-2022-29906,0.01217,0.65063
CVE-2022-29907,0.00637,0.46323
CVE-2022-29908,0.00217,0.12167
CVE-2022-29909,0.00848,0.53834
CVE-2022-29910,0.00354,0.27527
CVE-2022-29911,0.00561,0.42785
CVE-2022-29912,0.00644,0.46599
CVE-2022-29913,0.00428,0.34593
CVE-2022-29914,0.0062,0.45544
CVE-2022-29915,0.00284,0.20356
CVE-2022-29916,0.00723,0.49719
CVE-2022-29917,0.01005,0.58921
CVE-2022-29918,0.00521,0.40639
CVE-2022-29919,0.00174,0.07019
CVE-2022-29922,0.00672,0.47779
CVE-2022-29923,0.00443,0.35698
CVE-2022-29925,0.00737,0.50213
CVE-2022-29927,0.01442,0.70156
CVE-2022-29928,0.00459,0.36805
CVE-2022-29929,0.00441,0.3559
CVE-2022-29930,0.0083,0.53299
CVE-2022-29931,0.00519,0.40452
CVE-2022-29932,0.02597,0.83534
CVE-2022-29933,0.04547,0.90479
CVE-2022-29934,0.00326,0.24643
CVE-2022-29935,0.01086,0.61376
CVE-2022-29936,0.02008,0.78565
CVE-2022-29937,0.01458,0.70478
CVE-2022-29938,0.01424,0.69818
CVE-2022-29939,0.00834,0.53439
CVE-2022-29940,0.00834,0.53439
CVE-2022-29942,0.00636,0.46284
CVE-2022-29943,0.00807,0.52568
CVE-2022-29944,0.00758,0.50899
CVE-2022-29945,0.00659,0.47253
CVE-2022-29946,0.00478,0.3801
CVE-2022-29947,0.00632,0.46079
CVE-2022-29948,0.00506,0.39727
CVE-2022-29950,0.00944,0.56928
CVE-2022-29951,0.00982,0.58173
CVE-2022-29952,0.00904,0.55601
CVE-2022-29953,0.00849,0.53871
CVE-2022-29957,0.00212,0.11466
CVE-2022-29958,0.00488,0.38676
CVE-2022-29959,0.00252,0.16487
CVE-2022-29960,0.00475,0.37843
CVE-2022-29962,0.00228,0.13523
CVE-2022-29963,0.00228,0.13523
CVE-2022-29964,0.00228,0.13523
CVE-2022-29965,0.00171,0.06751
CVE-2022-29967,0.01503,0.71355
CVE-2022-29968,0.01073,0.61025
CVE-2022-29969,0.00681,0.4816
CVE-2022-29970,0.02059,0.79095
CVE-2022-29971,0.00346,0.26702
CVE-2022-29972,0.03686,0.88409
CVE-2022-29973,0.00303,0.22148
CVE-2022-29974,0.00312,0.23166
CVE-2022-29975,0.0046,0.36913
CVE-2022-29976,0.0046,0.36913
CVE-2022-29977,0.00991,0.58473
CVE-2022-29978,0.00991,0.58473
CVE-2022-29979,0.01603,0.73012
CVE-2022-29980,0.01603,0.73012
CVE-2022-29981,0.01603,0.73014
CVE-2022-29982,0.01603,0.73014
CVE-2022-29983,0.01668,0.74058
CVE-2022-29984,0.01668,0.74058
CVE-2022-29985,0.01091,0.61525
CVE-2022-29986,0.01091,0.61525
CVE-2022-29987,0.01091,0.61524
CVE-2022-29988,0.01091,0.61525
CVE-2022-29989,0.01091,0.61527
CVE-2022-29990,0.01091,0.61526
CVE-2022-29992,0.01091,0.61527
CVE-2022-29993,0.01091,0.61524
CVE-2022-29994,0.01091,0.61527
CVE-2022-29995,0.01091,0.61525
CVE-2022-29998,0.01091,0.61526
CVE-2022-29999,0.01091,0.61526
CVE-2022-2000,0.01527,0.71765
CVE-2022-2001,0.0053,0.41059
CVE-2022-2002,0.00296,0.21481
CVE-2022-2003,0.00621,0.45637
CVE-2022-2004,0.00858,0.54227
CVE-2022-2005,0.00441,0.35587
CVE-2022-2006,0.00337,0.25729
CVE-2022-2007,0.0083,0.53282
CVE-2022-2008,0.00853,0.54041
CVE-2022-2010,0.01081,0.61244
CVE-2022-2011,0.00882,0.54954
CVE-2022-2013,0.00847,0.53817
CVE-2022-2014,0.00698,0.48795
CVE-2022-2015,0.00607,0.44938
CVE-2022-2016,0.00643,0.46573
CVE-2022-2017,0.00678,0.48051
CVE-2022-2018,0.0075,0.5067
CVE-2022-2019,0.00732,0.50062
CVE-2022-2020,0.0058,0.43711
CVE-2022-2022,0.00772,0.51401
CVE-2022-2023,0.03046,0.86002
CVE-2022-2024,0.97839,0.999
CVE-2022-2025,0.04122,0.89622
CVE-2022-2026,0.00674,0.47891
CVE-2022-2027,0.01124,0.62476
CVE-2022-2028,0.00674,0.47891
CVE-2022-2029,0.00674,0.47891
CVE-2022-2030,0.00983,0.58202
CVE-2022-2031,0.00965,0.57568
CVE-2022-2032,0.00376,0.2972
CVE-2022-2034,0.01868,0.76872
CVE-2022-2035,0.00705,0.49081
CVE-2022-2036,0.00844,0.5372
CVE-2022-2037,0.01081,0.61241
CVE-2022-2039,0.0053,0.41059
CVE-2022-2040,0.00648,0.46791
CVE-2022-2041,0.00648,0.46791
CVE-2022-2042,0.01411,0.69535
CVE-2022-2043,0.00695,0.48699
CVE-2022-2044,0.00597,0.4442
CVE-2022-2046,0.00791,0.52031
CVE-2022-2047,0.01173,0.63818
CVE-2022-2048,0.0227,0.8103
CVE-2022-2049,0.00657,0.47168
CVE-2022-2050,0.00552,0.42293
CVE-2022-2052,0.00621,0.45622
CVE-2022-2053,0.00874,0.54734
CVE-2022-2054,0.00526,0.40887
CVE-2022-2056,0.01206,0.64738
CVE-2022-2057,0.01206,0.64738
CVE-2022-2058,0.01255,0.66059
CVE-2022-2059,0.00372,0.29363
CVE-2022-2060,0.00863,0.54359
CVE-2022-2061,0.0042,0.33972
CVE-2022-2062,0.01418,0.69687
CVE-2022-2063,0.01359,0.6847
CVE-2022-2064,0.01163,0.63562
CVE-2022-2065,0.00643,0.46592
CVE-2022-2066,0.00907,0.55733
CVE-2022-2067,0.01873,0.76937
CVE-2022-2068,0.96275,0.99872
CVE-2022-2069,0.00421,0.34092
CVE-2022-2070,0.04418,0.90237
CVE-2022-2071,0.00284,0.20363
CVE-2022-2072,0.00569,0.43212
CVE-2022-2073,0.10385,0.95199
CVE-2022-2074,0.00748,0.50609
CVE-2022-2075,0.00657,0.47168
CVE-2022-2078,0.01013,0.5919
CVE-2022-2079,0.00678,0.48039
CVE-2022-2080,0.00645,0.46656
CVE-2022-2081,0.00636,0.46275
CVE-2022-2083,0.00619,0.4552
CVE-2022-2084,0.00236,0.14535
CVE-2022-2085,0.014,0.69336
CVE-2022-2086,0.19038,0.96982
CVE-2022-2087,0.00565,0.42974
CVE-2022-2088,0.00746,0.50526
CVE-2022-2089,0.01046,0.60171
CVE-2022-2090,0.00739,0.50305
CVE-2022-2091,0.00502,0.39489
CVE-2022-2092,0.00761,0.51014
CVE-2022-2093,0.00552,0.42294
CVE-2022-2094,0.00486,0.38542
CVE-2022-2095,0.00757,0.5087
CVE-2022-2097,0.04425,0.90248
CVE-2022-2098,0.00994,0.58543
CVE-2022-2099,0.00625,0.45813
CVE-2022-2100,0.00552,0.42293
CVE-2022-2101,0.00846,0.53804
CVE-2022-2102,0.00853,0.54002
CVE-2022-2103,0.00967,0.57708
CVE-2022-2104,0.01019,0.59351
CVE-2022-2105,0.01011,0.59119
CVE-2022-2106,0.00601,0.44651
CVE-2022-2107,0.01172,0.63785
CVE-2022-2108,0.00671,0.47747
CVE-2022-2111,0.01168,0.63685
CVE-2022-2112,0.01209,0.64846
CVE-2022-2113,0.00751,0.507
CVE-2022-2114,0.00552,0.42292
CVE-2022-2115,0.0055,0.42198
CVE-2022-2116,0.0051,0.39981
CVE-2022-2117,0.00907,0.5573
CVE-2022-2118,0.00552,0.42293
CVE-2022-2119,0.02913,0.85397
CVE-2022-2120,0.02913,0.85397
CVE-2022-2121,0.00711,0.49283
CVE-2022-2122,0.00437,0.35264
CVE-2022-2123,0.00412,0.33233
CVE-2022-2124,0.01492,0.71137
CVE-2022-2125,0.01564,0.72417
CVE-2022-2126,0.01492,0.71138
CVE-2022-2127,0.0153,0.71826
CVE-2022-2128,0.02711,0.84269
CVE-2022-2129,0.01352,0.68287
CVE-2022-2130,0.02907,0.85364
CVE-2022-2131,0.00747,0.50558
CVE-2022-2132,0.01772,0.7557
CVE-2022-2133,0.01128,0.62602
CVE-2022-2134,0.00807,0.52572
CVE-2022-2135,0.10085,0.95095
CVE-2022-2136,0.09002,0.94668
CVE-2022-2137,0.00796,0.52194
CVE-2022-2138,0.10924,0.9536
CVE-2022-2139,0.14828,0.96296
CVE-2022-2140,0.00771,0.51369
CVE-2022-2141,0.01172,0.63785
CVE-2022-2142,0.00758,0.50928
CVE-2022-2143,0.59184,0.99008
CVE-2022-2144,0.00412,0.33234
CVE-2022-2145,0.00294,0.21234
CVE-2022-2146,0.00377,0.29859
CVE-2022-2147,0.00263,0.17788
CVE-2022-2148,0.00552,0.42291
CVE-2022-2149,0.00552,0.4229
CVE-2022-2151,0.00552,0.42294
CVE-2022-2152,0.00493,0.38941
CVE-2022-2153,0.00443,0.35752
CVE-2022-2155,0.00372,0.29298
CVE-2022-2156,0.01312,0.67346
CVE-2022-2157,0.0084,0.53587
CVE-2022-2158,0.00863,0.54375
CVE-2022-2160,0.0056,0.42698
CVE-2022-2161,0.00823,0.53071
CVE-2022-2162,0.01068,0.60881
CVE-2022-2163,0.00662,0.47391
CVE-2022-2164,0.00545,0.41902
CVE-2022-2165,0.00724,0.49765
CVE-2022-2166,0.01002,0.58822
CVE-2022-2167,0.00551,0.42231
CVE-2022-2168,0.0128,0.66658
CVE-2022-2169,0.00552,0.42292
CVE-2022-2170,0.01089,0.61463
CVE-2022-2171,0.00265,0.18015
CVE-2022-2172,0.00317,0.23653
CVE-2022-2173,0.00739,0.50306
CVE-2022-2174,0.02811,0.84875
CVE-2022-2175,0.01309,0.6728
CVE-2022-2177,0.00638,0.46341
CVE-2022-2178,0.00375,0.29656
CVE-2022-2179,0.01051,0.60321
CVE-2022-2180,0.01896,0.77226
CVE-2022-2181,0.00569,0.43212
CVE-2022-2182,0.01473,0.7079
CVE-2022-2183,0.0145,0.70304
CVE-2022-2184,0.00499,0.39305
CVE-2022-2185,0.76884,0.99495
CVE-2022-2186,0.00552,0.42291
CVE-2022-2187,0.01428,0.69884
CVE-2022-2188,0.00146,0.04299
CVE-2022-2189,0.0054,0.41641
CVE-2022-2190,0.00593,0.4428
CVE-2022-2191,0.02036,0.78847
CVE-2022-2192,0.00769,0.51298
CVE-2022-2193,0.00696,0.48741
CVE-2022-2194,0.00552,0.42291
CVE-2022-2196,0.00285,0.20375
CVE-2022-2197,0.01418,0.69697
CVE-2022-2198,0.00609,0.44999
CVE-2022-2199,0.00622,0.45657
CVE-2022-2200,0.23941,0.97574
CVE-2022-2206,0.01309,0.6728
CVE-2022-2207,0.01405,0.69433
CVE-2022-2208,0.01312,0.6736
CVE-2022-2210,0.0134,0.68005
CVE-2022-2211,0.00875,0.54751
CVE-2022-2212,0.00956,0.57311
CVE-2022-2213,0.00546,0.41974
CVE-2022-2214,0.0107,0.60946
CVE-2022-2215,0.00511,0.39989
CVE-2022-2216,0.01544,0.72081
CVE-2022-2217,0.00961,0.57482
CVE-2022-2218,0.00863,0.54349
CVE-2022-2219,0.01448,0.7026
CVE-2022-2221,0.01108,0.62048
CVE-2022-2222,0.01062,0.60671
CVE-2022-2223,0.00342,0.2633
CVE-2022-2224,0.00342,0.2633
CVE-2022-2225,0.00187,0.08451
CVE-2022-2226,0.00409,0.33003
CVE-2022-2227,0.00732,0.50061
CVE-2022-2228,0.00719,0.49589
CVE-2022-2229,0.01232,0.65468
CVE-2022-2230,0.5624,0.98939
CVE-2022-2231,0.01226,0.6532
CVE-2022-2232,0.00642,0.46545
CVE-2022-2233,0.00546,0.41996
CVE-2022-2234,0.41466,0.98516
CVE-2022-2235,0.00846,0.53792
CVE-2022-2237,0.00399,0.32122
CVE-2022-2238,0.00822,0.53041
CVE-2022-2239,0.00532,0.41199
CVE-2022-2240,0.01184,0.64155
CVE-2022-2241,0.00529,0.41016
CVE-2022-2242,0.00887,0.55073
CVE-2022-2243,0.00731,0.50035
CVE-2022-2244,0.00786,0.51852
CVE-2022-2245,0.00451,0.36326
CVE-2022-2249,0.00191,0.08917
CVE-2022-2250,0.01518,0.71627
CVE-2022-2251,0.01165,0.63615
CVE-2022-2252,0.00893,0.55281
CVE-2022-2253,0.01122,0.62437
CVE-2022-2254,0.00459,0.36805
CVE-2022-2255,0.0069,0.48528
CVE-2022-2256,0.00572,0.43337
CVE-2022-2257,0.01331,0.67769
CVE-2022-2258,0.00496,0.39081
CVE-2022-2259,0.00434,0.35032
CVE-2022-2260,0.00383,0.3038
CVE-2022-2261,0.01145,0.63022
CVE-2022-2262,0.00768,0.51267
CVE-2022-2263,0.00768,0.51267
CVE-2022-2264,0.01224,0.65287
CVE-2022-2265,0.00716,0.49468
CVE-2022-2266,0.00367,0.28773
CVE-2022-2267,0.00585,0.43899
CVE-2022-2268,0.01374,0.68822
CVE-2022-2269,0.01047,0.60204
CVE-2022-2270,0.00791,0.52024
CVE-2022-2271,0.00419,0.33835
CVE-2022-2272,0.02379,0.81939
CVE-2022-2273,0.00954,0.57252
CVE-2022-2274,0.44881,0.98633
CVE-2022-2275,0.00292,0.21056
CVE-2022-2276,0.00336,0.25648
CVE-2022-2277,0.00652,0.46972
CVE-2022-2278,0.00511,0.3999
CVE-2022-2279,0.00582,0.43772
CVE-2022-2280,0.00555,0.42454
CVE-2022-2281,0.00846,0.53783
CVE-2022-2284,0.01363,0.68568
CVE-2022-2285,0.01343,0.68066
CVE-2022-2286,0.013,0.67107
CVE-2022-2287,0.0132,0.67514
CVE-2022-2288,0.01346,0.68153
CVE-2022-2289,0.01264,0.66292
CVE-2022-2290,0.03096,0.86221
CVE-2022-2291,0.00626,0.45843
CVE-2022-2292,0.00549,0.42138
CVE-2022-2293,0.00549,0.42138
CVE-2022-2294,0.70461,0.99312
CVE-2022-2295,0.01236,0.65566
CVE-2022-2296,0.00936,0.56689
CVE-2022-2297,0.03271,0.86964
CVE-2022-2298,0.00892,0.55251
CVE-2022-2299,0.00512,0.40084
CVE-2022-2300,0.005,0.3932
CVE-2022-2301,0.00616,0.45401
CVE-2022-2302,0.01905,0.77327
CVE-2022-2303,0.00646,0.46698
CVE-2022-2304,0.01408,0.69487
CVE-2022-2305,0.00511,0.3999
CVE-2022-2306,0.00818,0.52926
CVE-2022-2307,0.00474,0.37777
CVE-2022-2308,0.00225,0.13085
CVE-2022-2309,0.02462,0.82582
CVE-2022-2310,0.01034,0.59844
CVE-2022-2311,0.00486,0.38543
CVE-2022-2312,0.00254,0.16747
CVE-2022-2313,0.00329,0.24963
CVE-2022-2314,0.12442,0.95745
CVE-2022-2315,0.00706,0.49083
CVE-2022-2316,0.0053,0.41062
CVE-2022-2317,0.01126,0.62551
CVE-2022-2318,0.00419,0.33847
CVE-2022-2319,0.00438,0.3534
CVE-2022-2320,0.00573,0.43389
CVE-2022-2321,0.01468,0.70699
CVE-2022-2323,0.01267,0.66369
CVE-2022-2324,0.00552,0.42273
CVE-2022-2325,0.00511,0.39992
CVE-2022-2326,0.00705,0.49056
CVE-2022-2327,0.00263,0.17789
CVE-2022-2328,0.00511,0.39989
CVE-2022-2329,0.02124,0.79759
CVE-2022-2330,0.00763,0.5111
CVE-2022-2332,0.00182,0.07953
CVE-2022-2333,0.00997,0.58632
CVE-2022-2334,0.09501,0.94877
CVE-2022-2335,0.01324,0.67624
CVE-2022-2336,0.00851,0.53933
CVE-2022-2337,0.01297,0.67035
CVE-2022-2338,0.00187,0.08435
CVE-2022-2339,0.01841,0.76516
CVE-2022-2340,0.00608,0.44955
CVE-2022-2341,0.00608,0.44955
CVE-2022-2342,0.0065,0.46881
CVE-2022-2343,0.01302,0.67147
CVE-2022-2344,0.01225,0.653
CVE-2022-2345,0.01207,0.64777
CVE-2022-2346,0.0029,0.20889
CVE-2022-2347,0.00586,0.43939
CVE-2022-2350,0.00408,0.32923
CVE-2022-2351,0.00538,0.41518
CVE-2022-2352,0.01039,0.59957
CVE-2022-2353,0.00508,0.39848
CVE-2022-2354,0.01012,0.59134
CVE-2022-2355,0.00331,0.25075
CVE-2022-2356,0.00795,0.52172
CVE-2022-2357,0.01199,0.6456
CVE-2022-2361,0.00513,0.40148
CVE-2022-2362,0.00958,0.57344
CVE-2022-2363,0.00555,0.42443
CVE-2022-2364,0.00555,0.42442
CVE-2022-2365,0.00427,0.34496
CVE-2022-2366,0.00586,0.43938
CVE-2022-2367,0.00987,0.58325
CVE-2022-2368,0.0106,0.60616
CVE-2022-2369,0.00605,0.44858
CVE-2022-2370,0.0077,0.51359
CVE-2022-2371,0.00512,0.40084
CVE-2022-2372,0.00511,0.39991
CVE-2022-2373,0.01424,0.69811
CVE-2022-2374,0.00559,0.42644
CVE-2022-2375,0.00302,0.22048
CVE-2022-2376,0.01408,0.69492
CVE-2022-2377,0.00308,0.22633
CVE-2022-2378,0.0051,0.39981
CVE-2022-2379,0.02801,0.84826
CVE-2022-2380,0.00221,0.12634
CVE-2022-2381,0.00443,0.357
CVE-2022-2382,0.00308,0.22634
CVE-2022-2383,0.04873,0.91034
CVE-2022-2384,0.00493,0.38941
CVE-2022-2385,0.0097,0.57805
CVE-2022-2386,0.00529,0.41016
CVE-2022-2387,0.00286,0.20558
CVE-2022-2388,0.00363,0.28491
CVE-2022-2389,0.00308,0.22634
CVE-2022-2390,0.00105,0.01268
CVE-2022-2391,0.00512,0.40084
CVE-2022-2392,0.00911,0.55851
CVE-2022-2393,0.00235,0.14353
CVE-2022-2394,0.00449,0.36185
CVE-2022-2395,0.00511,0.3999
CVE-2022-2396,0.00521,0.40626
CVE-2022-2398,0.00511,0.39993
CVE-2022-2399,0.00617,0.45425
CVE-2022-2400,0.00913,0.55941
CVE-2022-2401,0.00768,0.51285
CVE-2022-2402,0.00189,0.08709
CVE-2022-2403,0.00474,0.37757
CVE-2022-2404,0.00497,0.3916
CVE-2022-2405,0.00265,0.17989
CVE-2022-2406,0.00818,0.52937
CVE-2022-2407,0.00642,0.46546
CVE-2022-2408,0.00556,0.42531
CVE-2022-2409,0.00511,0.39993
CVE-2022-2410,0.00511,0.39992
CVE-2022-2411,0.00511,0.39993
CVE-2022-2412,0.00511,0.39994
CVE-2022-2413,0.0053,0.41086
CVE-2022-2414,0.85323,0.99691
CVE-2022-2415,0.01551,0.72213
CVE-2022-2416,0.00259,0.17275
CVE-2022-2417,0.00635,0.46243
CVE-2022-2418,0.01149,0.63162
CVE-2022-2419,0.12792,0.95827
CVE-2022-2420,0.01126,0.62546
CVE-2022-2421,0.01121,0.62415
CVE-2022-2422,0.00729,0.49955
CVE-2022-2423,0.00511,0.39991
CVE-2022-2424,0.00511,0.39991
CVE-2022-2425,0.00511,0.39992
CVE-2022-2426,0.00511,0.39992
CVE-2022-2428,0.00754,0.50793
CVE-2022-2429,0.00693,0.48627
CVE-2022-2430,0.00508,0.39815
CVE-2022-2431,0.02678,0.84059
CVE-2022-2432,0.00482,0.38261
CVE-2022-2433,0.01251,0.65958
CVE-2022-2434,0.01279,0.66637
CVE-2022-2435,0.00527,0.40924
CVE-2022-2436,0.01408,0.69484
CVE-2022-2437,0.0134,0.68001
CVE-2022-2438,0.01385,0.69034
CVE-2022-2439,0.0069,0.48523
CVE-2022-2440,0.0074,0.50328
CVE-2022-2441,0.01074,0.61047
CVE-2022-2442,0.01408,0.69498
CVE-2022-2443,0.00518,0.40416
CVE-2022-2444,0.01762,0.75404
CVE-2022-2446,0.00578,0.43585
CVE-2022-2447,0.00607,0.44908
CVE-2022-2448,0.00506,0.39701
CVE-2022-2449,0.00326,0.24593
CVE-2022-2450,0.00486,0.38549
CVE-2022-2453,0.00356,0.27762
CVE-2022-2454,0.00379,0.29978
CVE-2022-2455,0.00996,0.58614
CVE-2022-2456,0.00792,0.5206
CVE-2022-2457,0.00511,0.40023
CVE-2022-2458,0.00669,0.47683
CVE-2022-2459,0.00693,0.48636
CVE-2022-2460,0.00908,0.55769
CVE-2022-2461,0.03644,0.88279
CVE-2022-2462,0.0305,0.86027
CVE-2022-2463,0.02625,0.83717
CVE-2022-2464,0.00267,0.18444
CVE-2022-2465,0.00315,0.23454
CVE-2022-2466,0.01497,0.71228
CVE-2022-2467,0.03384,0.87398
CVE-2022-2468,0.00737,0.5023
CVE-2022-2469,0.01091,0.61517
CVE-2022-2470,0.00785,0.51819
CVE-2022-2471,0.01222,0.65204
CVE-2022-2472,0.00297,0.21557
CVE-2022-2473,0.00988,0.58361
CVE-2022-2474,0.00673,0.47812
CVE-2022-2475,0.00597,0.44466
CVE-2022-2476,0.00358,0.27973
CVE-2022-2477,0.00733,0.50112
CVE-2022-2478,0.00761,0.51026
CVE-2022-2479,0.0071,0.49248
CVE-2022-2480,0.17864,0.96826
CVE-2022-2481,0.01029,0.59658
CVE-2022-2482,0.00207,0.10884
CVE-2022-2483,0.0022,0.12512
CVE-2022-2484,0.00217,0.12146
CVE-2022-2485,0.00446,0.35983
CVE-2022-2486,0.2605,0.97746
CVE-2022-2487,0.79513,0.9956
CVE-2022-2488,0.28724,0.97917
CVE-2022-2489,0.00625,0.45793
CVE-2022-2490,0.00625,0.45793
CVE-2022-2491,0.00625,0.45794
CVE-2022-2492,0.00625,0.45792
CVE-2022-2493,0.00914,0.55968
CVE-2022-2494,0.00537,0.41475
CVE-2022-2495,0.00557,0.42534
CVE-2022-2497,0.01005,0.58933
CVE-2022-2498,0.0071,0.49245
CVE-2022-2499,0.00734,0.50125
CVE-2022-2500,0.00617,0.45414
CVE-2022-2501,0.00849,0.53885
CVE-2022-2502,0.0054,0.41635
CVE-2022-2503,0.0035,0.27125
CVE-2022-2504,0.00626,0.45827
CVE-2022-2505,0.00748,0.50608
CVE-2022-2507,0.00417,0.33684
CVE-2022-2508,0.00513,0.40116
CVE-2022-2509,0.01492,0.71139
CVE-2022-2510,0.0039,0.31147
CVE-2022-2511,0.0039,0.31146
CVE-2022-2512,0.0077,0.5135
CVE-2022-2513,0.00146,0.04308
CVE-2022-2514,0.00698,0.48801
CVE-2022-2515,0.00787,0.51893
CVE-2022-2516,0.00508,0.39814
CVE-2022-2517,0.0045,0.36225
CVE-2022-2518,0.00444,0.35799
CVE-2022-2519,0.00985,0.58255
CVE-2022-2520,0.00939,0.56775
CVE-2022-2521,0.00985,0.58254
CVE-2022-2522,0.00552,0.42285
CVE-2022-2523,0.00698,0.48802
CVE-2022-2525,0.00762,0.51075
CVE-2022-2526,0.01091,0.61515
CVE-2022-2527,0.00846,0.53775
CVE-2022-2528,0.00446,0.35926
CVE-2022-2529,0.00825,0.53133
CVE-2022-2531,0.01131,0.62669
CVE-2022-2532,0.00634,0.46172
CVE-2022-2533,0.00652,0.4698
CVE-2022-2534,0.00567,0.43098
CVE-2022-2535,0.01464,0.70606
CVE-2022-2536,0.01369,0.68687
CVE-2022-2537,0.0055,0.42176
CVE-2022-2538,0.0055,0.42177
CVE-2022-2539,0.00635,0.46201
CVE-2022-2540,0.00543,0.418
CVE-2022-2541,0.0056,0.4269
CVE-2022-2542,0.00552,0.42277
CVE-2022-2543,0.00496,0.3912
CVE-2022-2544,0.03158,0.86481
CVE-2022-2546,0.01204,0.6468
CVE-2022-2547,0.01297,0.67035
CVE-2022-2549,0.00488,0.38684
CVE-2022-2550,0.4749,0.98704
CVE-2022-2551,0.12485,0.95757
CVE-2022-2552,0.08415,0.94345
CVE-2022-2553,0.00924,0.56263
CVE-2022-2554,0.00781,0.51692
CVE-2022-2555,0.00369,0.29019
CVE-2022-2556,0.00632,0.461
CVE-2022-2557,0.0129,0.66878
CVE-2022-2558,0.00787,0.51913
CVE-2022-2559,0.00966,0.57625
CVE-2022-2560,0.77688,0.99513
CVE-2022-2561,0.00845,0.53771
CVE-2022-2563,0.00573,0.43383
CVE-2022-2564,0.32676,0.98145
CVE-2022-2565,0.0059,0.4417
CVE-2022-2566,0.00637,0.46312
CVE-2022-2567,0.005,0.39322
CVE-2022-2568,0.00769,0.51299
CVE-2022-2569,0.0013,0.03029
CVE-2022-2571,0.00478,0.38031
CVE-2022-2572,0.00833,0.53393
CVE-2022-2574,0.00532,0.41218
CVE-2022-2575,0.00475,0.37806
CVE-2022-2576,0.00517,0.4038
CVE-2022-2577,0.0059,0.4416
CVE-2022-2578,0.00589,0.44111
CVE-2022-2579,0.0049,0.38783
CVE-2022-2580,0.00503,0.39505
CVE-2022-2581,0.00485,0.38436
CVE-2022-2582,0.00481,0.38227
CVE-2022-2583,0.00348,0.26953
CVE-2022-2584,0.00723,0.49719
CVE-2022-2585,0.01284,0.66753
CVE-2022-2586,0.12746,0.95817
CVE-2022-2587,0.0069,0.48518
CVE-2022-2588,0.05871,0.9235
CVE-2022-2589,0.00605,0.44859
CVE-2022-2590,0.00901,0.55502
CVE-2022-2591,0.0667,0.93114
CVE-2022-2592,0.01044,0.60113
CVE-2022-2593,0.01066,0.60822
CVE-2022-2594,0.01264,0.663
CVE-2022-2595,0.01092,0.61552
CVE-2022-2596,0.01126,0.62525
CVE-2022-2597,0.00432,0.34866
CVE-2022-2598,0.00872,0.54652
CVE-2022-2599,0.0102,0.59375
CVE-2022-2600,0.00504,0.39562
CVE-2022-2601,0.00514,0.40183
CVE-2022-2602,0.01433,0.69978
CVE-2022-2603,0.00651,0.46923
CVE-2022-2604,0.00615,0.45331
CVE-2022-2605,0.00605,0.4485
CVE-2022-2606,0.00615,0.45331
CVE-2022-2607,0.00411,0.3313
CVE-2022-2608,0.00422,0.3418
CVE-2022-2609,0.00422,0.3418
CVE-2022-2610,0.00645,0.46645
CVE-2022-2611,0.00527,0.40954
CVE-2022-2612,0.00622,0.45657
CVE-2022-2613,0.00763,0.51092
CVE-2022-2614,0.00632,0.46079
CVE-2022-2615,0.00605,0.4485
CVE-2022-2616,0.00395,0.31694
CVE-2022-2617,0.00344,0.26455
CVE-2022-2618,0.00599,0.44578
CVE-2022-2619,0.00353,0.27451
CVE-2022-2620,0.00579,0.4365
CVE-2022-2621,0.00557,0.42572
CVE-2022-2622,0.00562,0.42878
CVE-2022-2623,0.00604,0.44814
CVE-2022-2624,0.00799,0.52286
CVE-2022-2625,0.0152,0.71642
CVE-2022-2626,0.01055,0.60461
CVE-2022-2627,0.00969,0.57774
CVE-2022-2628,0.00554,0.42406
CVE-2022-2629,0.00506,0.39701
CVE-2022-2630,0.00603,0.44762
CVE-2022-2631,0.00958,0.57367
CVE-2022-2633,0.25869,0.97734
CVE-2022-2634,0.00817,0.52888
CVE-2022-2635,0.00511,0.40021
CVE-2022-2636,0.01097,0.61764
CVE-2022-2637,0.00461,0.36951
CVE-2022-2638,0.00952,0.57198
CVE-2022-2639,0.00812,0.52724
CVE-2022-2640,0.00246,0.15836
CVE-2022-2641,0.00542,0.41764
CVE-2022-2642,0.00639,0.46393
CVE-2022-2643,0.00719,0.49587
CVE-2022-2644,0.00719,0.49587
CVE-2022-2645,0.00407,0.3279
CVE-2022-2646,0.00577,0.43566
CVE-2022-2647,0.00691,0.48571
CVE-2022-2648,0.00719,0.49587
CVE-2022-2650,0.00661,0.47359
CVE-2022-2651,0.11838,0.9561
CVE-2022-2652,0.00324,0.24407
CVE-2022-2653,0.00813,0.52736
CVE-2022-2654,0.00491,0.38835
CVE-2022-2655,0.00557,0.42539
CVE-2022-2656,0.00651,0.46919
CVE-2022-2657,0.00275,0.19415
CVE-2022-2658,0.0047,0.37479
CVE-2022-2660,0.00616,0.45364
CVE-2022-2661,0.00683,0.48259
CVE-2022-2662,0.00784,0.51781
CVE-2022-2663,0.01429,0.69901
CVE-2022-2664,0.0059,0.44168
CVE-2022-2665,0.00504,0.39569
CVE-2022-2666,0.00887,0.55066
CVE-2022-2667,0.0072,0.49621
CVE-2022-2668,0.00851,0.53926
CVE-2022-2669,0.00491,0.38835
CVE-2022-2671,0.00475,0.37816
CVE-2022-2672,0.00475,0.37816
CVE-2022-2673,0.00475,0.37816
CVE-2022-2674,0.00562,0.42851
CVE-2022-2675,0.00464,0.37144
CVE-2022-2676,0.00625,0.45807
CVE-2022-2677,0.00625,0.45807
CVE-2022-2678,0.00707,0.4915
CVE-2022-2679,0.00625,0.45807
CVE-2022-2680,0.00625,0.45792
CVE-2022-2681,0.00454,0.36515
CVE-2022-2682,0.00497,0.39175
CVE-2022-2683,0.00556,0.42483
CVE-2022-2684,0.00556,0.42482
CVE-2022-2685,0.00745,0.50473
CVE-2022-2686,0.00454,0.36501
CVE-2022-2687,0.00625,0.45806
CVE-2022-2688,0.00475,0.37827
CVE-2022-2689,0.00454,0.36501
CVE-2022-2690,0.00497,0.3918
CVE-2022-2691,0.00508,0.3981
CVE-2022-2692,0.00508,0.39811
CVE-2022-2693,0.00625,0.45792
CVE-2022-2694,0.00707,0.49151
CVE-2022-2695,0.00469,0.37419
CVE-2022-2696,0.00534,0.41368
CVE-2022-2697,0.0053,0.4109
CVE-2022-2698,0.00625,0.45806
CVE-2022-2699,0.00552,0.42282
CVE-2022-2700,0.0062,0.45535
CVE-2022-2701,0.00454,0.36515
CVE-2022-2702,0.00534,0.41373
CVE-2022-2703,0.00625,0.45793
CVE-2022-2704,0.00679,0.481
CVE-2022-2705,0.00625,0.45805
CVE-2022-2706,0.00625,0.45806
CVE-2022-2707,0.00625,0.45806
CVE-2022-2708,0.00475,0.37827
CVE-2022-2709,0.00494,0.38989
CVE-2022-2710,0.005,0.39322
CVE-2022-2711,0.03187,0.86594
CVE-2022-2712,0.00927,0.56363
CVE-2022-2713,0.00975,0.57974
CVE-2022-2714,0.00765,0.51194
CVE-2022-2715,0.0069,0.48524
CVE-2022-2716,0.00457,0.36718
CVE-2022-2717,0.01172,0.6379
CVE-2022-2718,0.01172,0.6379
CVE-2022-2719,0.00318,0.23794
CVE-2022-2720,0.0045,0.36243
CVE-2022-2721,0.0056,0.42701
CVE-2022-2722,0.0069,0.48524
CVE-2022-2723,0.00741,0.5036
CVE-2022-2724,0.00741,0.5036
CVE-2022-2725,0.00403,0.3243
CVE-2022-2726,0.00547,0.42029
CVE-2022-2727,0.00613,0.4521
CVE-2022-2728,0.00613,0.45209
CVE-2022-2729,0.00437,0.35258
CVE-2022-2730,0.00641,0.46476
CVE-2022-2731,0.00461,0.36947
CVE-2022-2732,0.00703,0.48987
CVE-2022-2733,0.95839,0.99864
CVE-2022-2734,0.00638,0.46362
CVE-2022-2735,0.00299,0.21729
CVE-2022-2736,0.00577,0.43581
CVE-2022-2737,0.00538,0.41518
CVE-2022-2738,0.00742,0.50402
CVE-2022-2739,0.00421,0.34071
CVE-2022-2740,0.00577,0.4358
CVE-2022-2741,0.00591,0.44209
CVE-2022-2742,0.00395,0.31683
CVE-2022-2743,0.00541,0.41733
CVE-2022-2744,0.00519,0.40488
CVE-2022-2745,0.00466,0.37237
CVE-2022-2746,0.00463,0.37081
CVE-2022-2747,0.00518,0.40417
CVE-2022-2748,0.00384,0.30568
CVE-2022-2749,0.00688,0.48437
CVE-2022-2750,0.00577,0.4358
CVE-2022-2751,0.00577,0.4358
CVE-2022-2752,0.00178,0.07472
CVE-2022-2753,0.83373,0.99646
CVE-2022-2754,0.37709,0.98366
CVE-2022-2756,0.02298,0.81291
CVE-2022-2757,0.0067,0.47701
CVE-2022-2758,0.00323,0.24339
CVE-2022-2759,0.01035,0.59854
CVE-2022-2760,0.00447,0.36029
CVE-2022-2761,0.00664,0.47463
CVE-2022-2762,0.00337,0.25717
CVE-2022-2763,0.00597,0.44468
CVE-2022-2764,0.00787,0.5189
CVE-2022-2765,0.00841,0.5363
CVE-2022-2766,0.01017,0.59281
CVE-2022-2767,0.00488,0.38664
CVE-2022-2768,0.0035,0.27088
CVE-2022-2769,0.00501,0.39411
CVE-2022-2770,0.00518,0.40417
CVE-2022-2771,0.00466,0.37238
CVE-2022-2772,0.00466,0.37238
CVE-2022-2773,0.0035,0.27088
CVE-2022-2774,0.00518,0.40417
CVE-2022-2775,0.00597,0.44484
CVE-2022-2776,0.00539,0.41609
CVE-2022-2777,0.00393,0.31452
CVE-2022-2778,0.00709,0.49212
CVE-2022-2779,0.00722,0.49689
CVE-2022-2780,0.0051,0.39918
CVE-2022-2781,0.00182,0.07915
CVE-2022-2782,0.0053,0.41114
CVE-2022-2783,0.00215,0.11925
CVE-2022-2785,0.00255,0.16895
CVE-2022-2787,0.00815,0.52828
CVE-2022-2788,0.00228,0.13536
CVE-2022-2789,0.00117,0.01966
CVE-2022-2790,0.00128,0.0286
CVE-2022-2791,0.0018,0.0765
CVE-2022-2792,0.00365,0.28651
CVE-2022-2793,0.00138,0.03577
CVE-2022-2794,0.00874,0.54713
CVE-2022-2795,0.01495,0.71196
CVE-2022-2796,0.01451,0.70333
CVE-2022-2797,0.00527,0.4092
CVE-2022-2798,0.0095,0.57115
CVE-2022-2799,0.00538,0.41518
CVE-2022-2800,0.00489,0.38724
CVE-2022-2801,0.00527,0.4092
CVE-2022-2802,0.0063,0.46005
CVE-2022-2803,0.00702,0.48955
CVE-2022-2804,0.00781,0.51694
CVE-2022-2805,0.00399,0.32061
CVE-2022-2806,0.00233,0.14161
CVE-2022-2807,0.0062,0.45589
CVE-2022-2808,0.00656,0.47113
CVE-2022-2809,0.00591,0.4421
CVE-2022-2811,0.00496,0.39129
CVE-2022-2812,0.00707,0.49162
CVE-2022-2813,0.00364,0.28543
CVE-2022-2814,0.00496,0.39128
CVE-2022-2815,0.00562,0.4288
CVE-2022-2816,0.00513,0.40107
CVE-2022-2817,0.00498,0.39258
CVE-2022-2818,0.01278,0.66609
CVE-2022-2819,0.00536,0.4143
CVE-2022-2820,0.00594,0.44293
CVE-2022-2821,0.01118,0.62345
CVE-2022-2822,0.00688,0.48458
CVE-2022-2823,0.0047,0.37471
CVE-2022-2824,0.00609,0.44998
CVE-2022-2825,0.03402,0.87465
CVE-2022-2826,0.00809,0.52634
CVE-2022-2827,0.0171,0.74686
CVE-2022-2828,0.00528,0.41004
CVE-2022-2829,0.00688,0.48462
CVE-2022-2830,0.00792,0.52071
CVE-2022-2831,0.01268,0.66376
CVE-2022-2832,0.01454,0.70396
CVE-2022-2833,0.00997,0.58628
CVE-2022-2834,0.00769,0.51307
CVE-2022-2835,0.00174,0.07074
CVE-2022-2837,0.00385,0.30629
CVE-2022-2838,0.00455,0.36555
CVE-2022-2839,0.00385,0.30592
CVE-2022-2840,0.09675,0.94943
CVE-2022-2841,0.03672,0.88371
CVE-2022-2842,0.00698,0.48813
CVE-2022-2843,0.0047,0.3749
CVE-2022-2844,0.00442,0.35658
CVE-2022-2845,0.00501,0.39418
CVE-2022-2846,0.02179,0.80256
CVE-2022-2847,0.0073,0.50006
CVE-2022-2848,0.03366,0.87339
CVE-2022-2849,0.00452,0.36388
CVE-2022-2850,0.01238,0.65607
CVE-2022-2852,0.02465,0.82602
CVE-2022-2853,0.0176,0.75374
CVE-2022-2854,0.00654,0.47039
CVE-2022-2855,0.00788,0.51935
CVE-2022-2856,0.04493,0.90385
CVE-2022-2857,0.00643,0.46568
CVE-2022-2858,0.00793,0.52097
CVE-2022-2859,0.00772,0.51401
CVE-2022-2860,0.00834,0.53431
CVE-2022-2861,0.00585,0.43937
CVE-2022-2862,0.00727,0.49865
CVE-2022-2863,0.18147,0.96865
CVE-2022-2864,0.00469,0.37437
CVE-2022-2865,0.00662,0.47388
CVE-2022-2866,0.00291,0.20925
CVE-2022-2867,0.003,0.21908
CVE-2022-2868,0.003,0.21907
CVE-2022-2869,0.003,0.21907
CVE-2022-2870,0.00672,0.47788
CVE-2022-2871,0.00531,0.41176
CVE-2022-2872,0.00545,0.41912
CVE-2022-2873,0.00301,0.21992
CVE-2022-2874,0.00454,0.36527
CVE-2022-2876,0.00635,0.46224
CVE-2022-2877,0.00615,0.45338
CVE-2022-2879,0.01544,0.7208
CVE-2022-2880,0.01094,0.61578
CVE-2022-2881,0.01073,0.61019
CVE-2022-2882,0.0067,0.47696
CVE-2022-2883,0.01013,0.59173
CVE-2022-2884,0.75718,0.99466
CVE-2022-2885,0.00409,0.32947
CVE-2022-2886,0.00578,0.43598
CVE-2022-2887,0.00538,0.41519
CVE-2022-2888,0.00284,0.20307
CVE-2022-2889,0.00497,0.39147
CVE-2022-2890,0.00725,0.498
CVE-2022-2891,0.00747,0.50555
CVE-2022-2892,0.00294,0.2131
CVE-2022-2893,0.00701,0.48945
CVE-2022-2894,0.00288,0.20743
CVE-2022-2895,0.00294,0.21248
CVE-2022-2896,0.0031,0.22867
CVE-2022-2897,0.00284,0.20301
CVE-2022-2898,0.0022,0.12478
CVE-2022-2900,0.00907,0.55709
CVE-2022-2901,0.00512,0.40057
CVE-2022-2903,0.01091,0.61518
CVE-2022-2904,0.00645,0.4666
CVE-2022-2905,0.00341,0.26192
CVE-2022-2906,0.01646,0.73733
CVE-2022-2907,0.00941,0.56823
CVE-2022-2908,0.00876,0.54782
CVE-2022-2909,0.00693,0.48648
CVE-2022-2912,0.00552,0.42316
CVE-2022-2913,0.0057,0.43241
CVE-2022-2915,0.01357,0.68434
CVE-2022-2921,0.01105,0.61956
CVE-2022-2922,0.01028,0.59616
CVE-2022-2923,0.00469,0.37422
CVE-2022-2924,0.00626,0.4584
CVE-2022-2925,0.00688,0.48462
CVE-2022-2926,0.01329,0.67724
CVE-2022-2927,0.00757,0.50879
CVE-2022-2928,0.00664,0.47469
CVE-2022-2929,0.0062,0.45539
CVE-2022-2930,0.00334,0.25431
CVE-2022-2931,0.01062,0.60668
CVE-2022-2932,0.00745,0.50489
CVE-2022-2933,0.00512,0.40073
CVE-2022-2934,0.00457,0.36718
CVE-2022-2935,0.00495,0.3906
CVE-2022-2936,0.00508,0.39814
CVE-2022-2937,0.00489,0.3869
CVE-2022-2938,0.00265,0.18006
CVE-2022-2939,0.00688,0.4844
CVE-2022-2941,0.05291,0.91632
CVE-2022-2943,0.01355,0.68392
CVE-2022-2945,0.01501,0.71324
CVE-2022-2946,0.00501,0.39385
CVE-2022-2947,0.00286,0.20551
CVE-2022-2948,0.00236,0.14539
CVE-2022-2949,0.00286,0.20551
CVE-2022-2950,0.00304,0.22283
CVE-2022-2951,0.0027,0.18733
CVE-2022-2952,0.00232,0.14078
CVE-2022-2953,0.00537,0.41495
CVE-2022-2956,0.00544,0.41879
CVE-2022-2957,0.00702,0.48955
CVE-2022-2958,0.00994,0.58543
CVE-2022-2959,0.00361,0.28286
CVE-2022-2961,0.00299,0.21792
CVE-2022-2962,0.00411,0.33131
CVE-2022-2963,0.01275,0.66546
CVE-2022-2964,0.00296,0.21483
CVE-2022-2965,0.00615,0.45309
CVE-2022-2966,0.00356,0.27727
CVE-2022-2967,0.00404,0.32581
CVE-2022-2969,0.02283,0.81148
CVE-2022-2970,0.01108,0.62052
CVE-2022-2971,0.00848,0.53844
CVE-2022-2972,0.01162,0.63514
CVE-2022-2973,0.00848,0.53844
CVE-2022-2975,0.00201,0.10109
CVE-2022-2977,0.00233,0.14183
CVE-2022-2978,0.00233,0.14134
CVE-2022-2979,0.00236,0.14535
CVE-2022-2980,0.00692,0.48599
CVE-2022-2981,0.00859,0.54243
CVE-2022-2982,0.00787,0.51896
CVE-2022-2983,0.00501,0.39368
CVE-2022-2984,0.00117,0.01947
CVE-2022-2985,0.00152,0.04751
CVE-2022-2986,0.00386,0.30776
CVE-2022-2987,0.0039,0.31148
CVE-2022-2988,0.00422,0.34185
CVE-2022-2989,0.00307,0.22543
CVE-2022-2990,0.00331,0.25202
CVE-2022-2991,0.00412,0.33289
CVE-2022-2992,0.86194,0.99709
CVE-2022-2993,0.00555,0.42427
CVE-2022-2995,0.0037,0.29159
CVE-2022-2996,0.00508,0.39849
CVE-2022-2997,0.00674,0.47886
CVE-2022-2998,0.30265,0.9801
CVE-2022-30000,0.01091,0.61527
CVE-2022-30001,0.01091,0.61523
CVE-2022-30002,0.00967,0.57639
CVE-2022-30003,0.00497,0.39179
CVE-2022-30004,0.01463,0.70584
CVE-2022-30007,0.00933,0.56583
CVE-2022-30011,0.18452,0.96904
CVE-2022-30012,0.01712,0.74717
CVE-2022-30013,0.00596,0.44414
CVE-2022-30014,0.00516,0.40339
CVE-2022-30015,0.00509,0.39901
CVE-2022-30016,0.00929,0.56419
CVE-2022-30017,0.00477,0.37981
CVE-2022-30018,0.01024,0.59487
CVE-2022-30023,0.41823,0.98527
CVE-2022-30024,0.01958,0.77966
CVE-2022-30025,0.0084,0.53609
CVE-2022-30028,0.00498,0.39257
CVE-2022-30033,0.01124,0.62473
CVE-2022-30034,0.00997,0.58634
CVE-2022-30036,0.00756,0.50837
CVE-2022-30037,0.00924,0.56272
CVE-2022-30040,0.01884,0.7707
CVE-2022-30045,0.00937,0.56717
CVE-2022-30047,0.01455,0.70412
CVE-2022-30048,0.01455,0.70412
CVE-2022-30049,0.00988,0.58365
CVE-2022-30050,0.00685,0.48337
CVE-2022-30052,0.01185,0.64171
CVE-2022-30053,0.01185,0.64171
CVE-2022-30054,0.01185,0.64171
CVE-2022-30055,0.03772,0.88686
CVE-2022-30057,0.00481,0.38197
CVE-2022-30058,0.01109,0.62063
CVE-2022-30059,0.01121,0.62413
CVE-2022-30060,0.01109,0.62071
CVE-2022-30061,0.01256,0.66082
CVE-2022-30062,0.01052,0.60364
CVE-2022-30063,0.175,0.96781
CVE-2022-30065,0.0118,0.6407
CVE-2022-30067,0.00729,0.49956
CVE-2022-30072,0.00826,0.53175
CVE-2022-30073,0.01573,0.72556
CVE-2022-30075,0.32355,0.9813
CVE-2022-30076,0.03543,0.87938
CVE-2022-30078,0.01594,0.72879
CVE-2022-30079,0.24702,0.97641
CVE-2022-30083,0.00984,0.58232
CVE-2022-30105,0.02798,0.84808
CVE-2022-30110,0.00566,0.43038
CVE-2022-30111,0.00313,0.23224
CVE-2022-30113,0.00749,0.50641
CVE-2022-30114,0.02396,0.82076
CVE-2022-30115,0.01118,0.62315
CVE-2022-30117,0.02021,0.78688
CVE-2022-30118,0.00853,0.54017
CVE-2022-30119,0.00853,0.54017
CVE-2022-30120,0.0095,0.57128
CVE-2022-30121,0.00329,0.24894
CVE-2022-30122,0.02056,0.79064
CVE-2022-30123,0.01801,0.75958
CVE-2022-30124,0.00569,0.43173
CVE-2022-30126,0.02524,0.83025
CVE-2022-30127,0.01759,0.75366
CVE-2022-30128,0.01759,0.75366
CVE-2022-30129,0.41717,0.98524
CVE-2022-30130,0.02515,0.82962
CVE-2022-30131,0.00793,0.52084
CVE-2022-30132,0.00653,0.47017
CVE-2022-30133,0.02247,0.80848
CVE-2022-30134,0.01637,0.73582
CVE-2022-30135,0.00776,0.51547
CVE-2022-30136,0.74677,0.99445
CVE-2022-30137,0.01164,0.63606
CVE-2022-30138,0.00995,0.58594
CVE-2022-30139,0.02116,0.7969
CVE-2022-30140,0.01776,0.75624
CVE-2022-30141,0.02346,0.81698
CVE-2022-30142,0.02027,0.78757
CVE-2022-30143,0.01776,0.75624
CVE-2022-30144,0.00845,0.53727
CVE-2022-30145,0.01965,0.78042
CVE-2022-30146,0.01776,0.75624
CVE-2022-30147,0.04533,0.90452
CVE-2022-30148,0.01229,0.65398
CVE-2022-30149,0.01776,0.75623
CVE-2022-30150,0.03259,0.86925
CVE-2022-30151,0.00534,0.41363
CVE-2022-30152,0.02671,0.84007
CVE-2022-30153,0.02333,0.81584
CVE-2022-30154,0.01526,0.71759
CVE-2022-30155,0.04719,0.90784
CVE-2022-30157,0.07366,0.93696
CVE-2022-30158,0.03031,0.85948
CVE-2022-30159,0.02422,0.82275
CVE-2022-30160,0.06292,0.92782
CVE-2022-30161,0.02333,0.81584
CVE-2022-30162,0.0077,0.51329
CVE-2022-30163,0.01753,0.75299
CVE-2022-30164,0.01152,0.63243
CVE-2022-30165,0.04197,0.89788
CVE-2022-30166,0.01389,0.6911
CVE-2022-30167,0.02118,0.79708
CVE-2022-30168,0.02458,0.82559
CVE-2022-30170,0.01512,0.71518
CVE-2022-30171,0.02271,0.81036
CVE-2022-30172,0.02422,0.82274
CVE-2022-30173,0.02162,0.80108
CVE-2022-30174,0.03064,0.86087
CVE-2022-30175,0.01109,0.6207
CVE-2022-30176,0.0095,0.57115
CVE-2022-30177,0.02118,0.79706
CVE-2022-30178,0.02118,0.79707
CVE-2022-30179,0.02408,0.8216
CVE-2022-30180,0.02118,0.79706
CVE-2022-30181,0.01763,0.75418
CVE-2022-30184,0.05327,0.91667
CVE-2022-30187,0.00521,0.4062
CVE-2022-30188,0.02576,0.8339
CVE-2022-30189,0.02543,0.83157
CVE-2022-30190,0.99374,0.99936
CVE-2022-30192,0.02574,0.83371
CVE-2022-30193,0.02118,0.79707
CVE-2022-30194,0.01164,0.63575
CVE-2022-30196,0.01663,0.73984
CVE-2022-30197,0.00876,0.54787
CVE-2022-30198,0.01057,0.60503
CVE-2022-30200,0.0124,0.65657
CVE-2022-30202,0.04357,0.90119
CVE-2022-30203,0.01484,0.71002
CVE-2022-30205,0.01128,0.626
CVE-2022-30206,0.02134,0.79865
CVE-2022-30208,0.02362,0.81822
CVE-2022-30209,0.02408,0.82164
CVE-2022-30211,0.01951,0.77898
CVE-2022-30212,0.00455,0.36573
CVE-2022-30213,0.0073,0.49968
CVE-2022-30214,0.00999,0.58701
CVE-2022-30215,0.01693,0.74454
CVE-2022-30216,0.88609,0.99757
CVE-2022-30220,0.05074,0.91343
CVE-2022-30221,0.01984,0.78258
CVE-2022-30222,0.00728,0.49921
CVE-2022-30223,0.00831,0.53347
CVE-2022-30224,0.00513,0.40141
CVE-2022-30225,0.00562,0.42801
CVE-2022-30226,0.00746,0.50534
CVE-2022-30228,0.00377,0.29802
CVE-2022-30229,0.00712,0.49326
CVE-2022-30230,0.01027,0.59615
CVE-2022-30231,0.00576,0.43503
CVE-2022-30232,0.01142,0.62949
CVE-2022-30233,0.00672,0.47809
CVE-2022-30234,0.01063,0.60683
CVE-2022-30235,0.00928,0.56407
CVE-2022-30236,0.00731,0.50035
CVE-2022-30237,0.00294,0.21294
CVE-2022-30238,0.00916,0.5604
CVE-2022-30239,0.00454,0.36508
CVE-2022-30240,0.00454,0.36508
CVE-2022-30241,0.00684,0.48277
CVE-2022-30242,0.01162,0.63537
CVE-2022-30243,0.01682,0.74299
CVE-2022-30244,0.01358,0.68448
CVE-2022-30245,0.01233,0.65494
CVE-2022-30256,0.0089,0.55167
CVE-2022-30257,0.00671,0.47764
CVE-2022-30258,0.00671,0.47765
CVE-2022-30260,0.00149,0.04495
CVE-2022-30262,0.00171,0.06674
CVE-2022-30264,0.0042,0.3397
CVE-2022-30269,0.00392,0.31343
CVE-2022-30270,0.00768,0.51277
CVE-2022-30271,0.00874,0.54725
CVE-2022-30272,0.00389,0.3108
CVE-2022-30273,0.00325,0.24558
CVE-2022-30274,0.00544,0.41854
CVE-2022-30275,0.0048,0.38165
CVE-2022-30276,0.00684,0.4828
CVE-2022-30277,0.00223,0.12838
CVE-2022-30278,0.00792,0.52072
CVE-2022-30279,0.00921,0.56164
CVE-2022-30280,0.00381,0.30184
CVE-2022-30283,0.00135,0.0331
CVE-2022-30284,0.04936,0.91139
CVE-2022-30285,0.00475,0.37853
CVE-2022-30286,0.13268,0.95936
CVE-2022-30287,0.70482,0.99313
CVE-2022-30288,0.01501,0.71313
CVE-2022-30289,0.00484,0.38386
CVE-2022-30290,0.00912,0.55888
CVE-2022-30292,0.03576,0.88037
CVE-2022-30293,0.02158,0.80077
CVE-2022-30295,0.11264,0.95466
CVE-2022-30296,0.00641,0.46471
CVE-2022-30297,0.00168,0.06469
CVE-2022-30298,0.00203,0.10303
CVE-2022-30299,0.00474,0.37802
CVE-2022-30300,0.00802,0.52368
CVE-2022-30301,0.00224,0.13044
CVE-2022-30302,0.00838,0.53548
CVE-2022-30303,0.02514,0.82956
CVE-2022-30304,0.00668,0.47631
CVE-2022-30305,0.00613,0.45211
CVE-2022-30306,0.00971,0.57823
CVE-2022-30307,0.00443,0.35731
CVE-2022-30308,0.02692,0.84151
CVE-2022-30309,0.0302,0.85899
CVE-2022-30310,0.02477,0.82691
CVE-2022-30311,0.02779,0.84708
CVE-2022-30312,0.00218,0.12288
CVE-2022-30313,0.00767,0.51252
CVE-2022-30314,0.00272,0.19062
CVE-2022-30315,0.00764,0.51145
CVE-2022-30316,0.00361,0.28214
CVE-2022-30317,0.00746,0.50525
CVE-2022-30318,0.01395,0.6922
CVE-2022-30319,0.00655,0.47073
CVE-2022-30320,0.00243,0.15442
CVE-2022-30321,0.03054,0.86046
CVE-2022-30322,0.01279,0.66633
CVE-2022-30323,0.01279,0.66633
CVE-2022-30324,0.01325,0.67627
CVE-2022-30325,0.00437,0.35316
CVE-2022-30326,0.00473,0.37716
CVE-2022-30327,0.00469,0.37425
CVE-2022-30328,0.00394,0.31497
CVE-2022-30329,0.01811,0.76103
CVE-2022-30330,0.00527,0.40914
CVE-2022-30331,0.00906,0.55674
CVE-2022-30332,0.00842,0.53652
CVE-2022-30333,0.98975,0.99925
CVE-2022-30334,0.02226,0.80667
CVE-2022-30335,0.01149,0.63144
CVE-2022-30337,0.00273,0.19226
CVE-2022-30338,0.00147,0.04393
CVE-2022-30339,0.00218,0.12179
CVE-2022-30349,0.00642,0.46509
CVE-2022-30350,0.00725,0.49774
CVE-2022-30351,0.00565,0.43011
CVE-2022-30352,0.01768,0.75516
CVE-2022-30354,0.0049,0.38788
CVE-2022-30355,0.00459,0.36841
CVE-2022-30356,0.00365,0.2863
CVE-2022-30357,0.00292,0.21078
CVE-2022-30358,0.00513,0.40131
CVE-2022-30359,0.00274,0.19256
CVE-2022-30360,0.00274,0.19256
CVE-2022-30361,0.00366,0.28765
CVE-2022-30367,0.00832,0.5337
CVE-2022-30370,0.01048,0.60246
CVE-2022-30371,0.00929,0.56432
CVE-2022-30372,0.00929,0.56432
CVE-2022-30373,0.00929,0.56436
CVE-2022-30374,0.00929,0.56432
CVE-2022-30375,0.00832,0.5337
CVE-2022-30376,0.00929,0.56433
CVE-2022-30378,0.00929,0.56434
CVE-2022-30379,0.00929,0.56435
CVE-2022-30381,0.009,0.55468
CVE-2022-30384,0.01048,0.60244
CVE-2022-30385,0.01048,0.60246
CVE-2022-30386,0.01048,0.60247
CVE-2022-30387,0.00874,0.54713
CVE-2022-30391,0.01048,0.60247
CVE-2022-30392,0.01048,0.60247
CVE-2022-30393,0.00929,0.56437
CVE-2022-30395,0.01048,0.60244
CVE-2022-30396,0.00929,0.56433
CVE-2022-30398,0.00929,0.56434
CVE-2022-30399,0.00929,0.56433
CVE-2022-30400,0.00929,0.56436
CVE-2022-30401,0.00929,0.56437
CVE-2022-30402,0.00929,0.56436
CVE-2022-30403,0.00929,0.56435
CVE-2022-30404,0.00757,0.50872
CVE-2022-30407,0.01048,0.60245
CVE-2022-30408,0.009,0.55468
CVE-2022-30411,0.00929,0.56434
CVE-2022-30412,0.00929,0.56434
CVE-2022-30413,0.01048,0.60245
CVE-2022-30414,0.00929,0.56435
CVE-2022-30415,0.00929,0.56431
CVE-2022-30417,0.00929,0.56432
CVE-2022-30421,0.00346,0.26656
CVE-2022-30422,0.03894,0.89041
CVE-2022-30423,0.01701,0.74558
CVE-2022-30425,0.19071,0.96988
CVE-2022-30426,0.00349,0.27036
CVE-2022-30427,0.01438,0.70073
CVE-2022-30428,0.0105,0.60277
CVE-2022-30429,0.00564,0.4293
CVE-2022-30448,0.01903,0.77299
CVE-2022-30449,0.01668,0.74059
CVE-2022-30450,0.21035,0.97285
CVE-2022-30451,0.01493,0.71148
CVE-2022-30452,0.00967,0.57639
CVE-2022-30453,0.15269,0.96384
CVE-2022-30454,0.01026,0.59585
CVE-2022-30455,0.01026,0.59585
CVE-2022-30456,0.00471,0.37533
CVE-2022-30458,0.00471,0.37532
CVE-2022-30459,0.00921,0.56169
CVE-2022-30460,0.00471,0.37533
CVE-2022-30461,0.01026,0.59583
CVE-2022-30462,0.00471,0.37532
CVE-2022-30463,0.00921,0.56169
CVE-2022-30464,0.00471,0.37534
CVE-2022-30466,0.00653,0.47017
CVE-2022-30467,0.00858,0.54205
CVE-2022-30469,0.01422,0.69775
CVE-2022-30470,0.02525,0.83031
CVE-2022-30472,0.01312,0.67358
CVE-2022-30473,0.01111,0.62132
CVE-2022-30474,0.01312,0.67358
CVE-2022-30475,0.01111,0.62132
CVE-2022-30476,0.01312,0.67358
CVE-2022-30477,0.01312,0.67359
CVE-2022-30478,0.01482,0.70951
CVE-2022-30481,0.01494,0.71176
CVE-2022-30482,0.00758,0.50926
CVE-2022-30489,0.04083,0.89536
CVE-2022-30490,0.01222,0.65189
CVE-2022-30493,0.02069,0.79208
CVE-2022-30494,0.00596,0.4439
CVE-2022-30495,0.0111,0.62095
CVE-2022-30496,0.01209,0.6484
CVE-2022-30500,0.01011,0.59112
CVE-2022-30503,0.0028,0.19889
CVE-2022-30506,0.02539,0.83136
CVE-2022-30508,0.01076,0.61115
CVE-2022-30510,0.03697,0.88448
CVE-2022-30511,0.03529,0.87892
CVE-2022-30512,0.09621,0.94924
CVE-2022-30513,0.03345,0.87259
CVE-2022-30514,0.03345,0.87259
CVE-2022-30515,0.00669,0.47678
CVE-2022-30516,0.01568,0.72479
CVE-2022-30517,0.0059,0.44175
CVE-2022-30518,0.01715,0.74755
CVE-2022-30519,0.02527,0.83048
CVE-2022-30521,0.13638,0.96037
CVE-2022-30522,0.90407,0.99788
CVE-2022-30523,0.00404,0.32571
CVE-2022-30524,0.01599,0.72953
CVE-2022-30525,0.99938,0.9997
CVE-2022-30526,0.01117,0.62288
CVE-2022-30527,0.00162,0.05808
CVE-2022-30528,0.01159,0.63409
CVE-2022-30529,0.00953,0.57227
CVE-2022-30530,0.00232,0.1398
CVE-2022-30531,0.00185,0.08315
CVE-2022-30532,0.0046,0.36921
CVE-2022-30533,0.00529,0.41008
CVE-2022-30534,0.74491,0.99438
CVE-2022-30535,0.00607,0.44936
CVE-2022-30536,0.00612,0.45176
CVE-2022-30538,0.00737,0.50213
CVE-2022-30539,0.00211,0.1136
CVE-2022-30540,0.00908,0.55757
CVE-2022-30541,0.03174,0.86548
CVE-2022-30542,0.00188,0.08618
CVE-2022-30543,0.0085,0.53909
CVE-2022-30544,0.00271,0.18864
CVE-2022-30545,0.00437,0.35271
CVE-2022-30546,0.00737,0.50212
CVE-2022-30547,0.63666,0.99122
CVE-2022-30548,0.00157,0.05275
CVE-2022-30549,0.00874,0.54722
CVE-2022-30550,0.02071,0.79227
CVE-2022-30551,0.02304,0.8134
CVE-2022-30552,0.00439,0.35434
CVE-2022-30556,0.04687,0.90726
CVE-2022-30557,0.04209,0.89813
CVE-2022-30560,0.00789,0.51994
CVE-2022-30561,0.00701,0.48933
CVE-2022-30562,0.00664,0.47475
CVE-2022-30563,0.00856,0.54152
CVE-2022-30564,0.00438,0.35372
CVE-2022-30570,0.00603,0.44742
CVE-2022-30571,0.00432,0.34909
CVE-2022-30572,0.00934,0.56601
CVE-2022-30573,0.0065,0.46896
CVE-2022-30574,0.00206,0.10732
CVE-2022-30575,0.005,0.3933
CVE-2022-30576,0.00443,0.3574
CVE-2022-30577,0.00712,0.49311
CVE-2022-30578,0.00843,0.53674
CVE-2022-30579,0.00481,0.38199
CVE-2022-30580,0.00578,0.43612
CVE-2022-30584,0.00921,0.5617
CVE-2022-30585,0.00829,0.53256
CVE-2022-30586,0.0123,0.65415
CVE-2022-30587,0.00849,0.53865
CVE-2022-30591,0.02825,0.84951
CVE-2022-30592,0.03246,0.86862
CVE-2022-30594,0.00798,0.52257
CVE-2022-30595,0.01923,0.77549
CVE-2022-30596,0.00846,0.53775
CVE-2022-30597,0.01239,0.65629
CVE-2022-30598,0.01035,0.59871
CVE-2022-30599,0.01316,0.67446
CVE-2022-30600,0.04986,0.91218
CVE-2022-30601,0.00779,0.51638
CVE-2022-30602,0.01049,0.60253
CVE-2022-30603,0.05332,0.91672
CVE-2022-30604,0.00546,0.41998
CVE-2022-30605,0.04125,0.89637
CVE-2022-30607,0.00702,0.48978
CVE-2022-30608,0.00273,0.19147
CVE-2022-30610,0.00541,0.41727
CVE-2022-30611,0.00618,0.45474
CVE-2022-30613,0.00189,0.08729
CVE-2022-30614,0.01372,0.68769
CVE-2022-30615,0.00406,0.32728
CVE-2022-30616,0.00807,0.52563
CVE-2022-30617,0.01409,0.69501
CVE-2022-30618,0.00922,0.56173
CVE-2022-30619,0.00705,0.49055
CVE-2022-30620,0.0045,0.36248
CVE-2022-30621,0.00607,0.44944
CVE-2022-30622,0.00179,0.07599
CVE-2022-30623,0.00349,0.27044
CVE-2022-30624,0.00287,0.2059
CVE-2022-30625,0.00281,0.20007
CVE-2022-30626,0.00192,0.09055
CVE-2022-30627,0.00256,0.16975
CVE-2022-30628,0.00177,0.07354
CVE-2022-30629,0.0088,0.549
CVE-2022-30630,0.01618,0.73254
CVE-2022-30631,0.01615,0.73203
CVE-2022-30632,0.01618,0.73254
CVE-2022-30633,0.01618,0.73254
CVE-2022-30634,0.02057,0.7908
CVE-2022-30635,0.01403,0.69406
CVE-2022-30636,0.00632,0.46089
CVE-2022-30637,0.00402,0.32351
CVE-2022-30638,0.00402,0.32352
CVE-2022-30639,0.00402,0.32352
CVE-2022-30640,0.00402,0.3235
CVE-2022-30641,0.00262,0.17698
CVE-2022-30642,0.00402,0.32351
CVE-2022-30643,0.00402,0.32352
CVE-2022-30644,0.00489,0.38696
CVE-2022-30645,0.00402,0.32353
CVE-2022-30646,0.00402,0.32351
CVE-2022-30647,0.02424,0.82289
CVE-2022-30648,0.02424,0.82289
CVE-2022-30649,0.02117,0.79692
CVE-2022-30650,0.05941,0.92418
CVE-2022-30651,0.02242,0.80808
CVE-2022-30652,0.01934,0.77683
CVE-2022-30653,0.01934,0.77683
CVE-2022-30654,0.05941,0.92418
CVE-2022-30655,0.02459,0.82565
CVE-2022-30656,0.01934,0.77684
CVE-2022-30657,0.02459,0.82565
CVE-2022-30658,0.05941,0.92418
CVE-2022-30659,0.01934,0.77684
CVE-2022-30660,0.01934,0.77682
CVE-2022-30661,0.05941,0.92417
CVE-2022-30662,0.01934,0.77682
CVE-2022-30663,0.01934,0.77683
CVE-2022-30664,0.02156,0.80057
CVE-2022-30665,0.01934,0.77682
CVE-2022-30666,0.01987,0.78291
CVE-2022-30667,0.01987,0.78291
CVE-2022-30668,0.01987,0.7829
CVE-2022-30669,0.01987,0.78289
CVE-2022-30670,0.01343,0.68075
CVE-2022-30671,0.00448,0.36096
CVE-2022-30672,0.00448,0.36096
CVE-2022-30673,0.00448,0.36096
CVE-2022-30674,0.00498,0.39249
CVE-2022-30675,0.00448,0.36095
CVE-2022-30676,0.00448,0.36096
CVE-2022-30677,0.00533,0.4128
CVE-2022-30678,0.00533,0.4128
CVE-2022-30679,0.0048,0.38155
CVE-2022-30680,0.00533,0.4128
CVE-2022-30681,0.00533,0.41281
CVE-2022-30682,0.00524,0.40761
CVE-2022-30683,0.00612,0.45159
CVE-2022-30684,0.00524,0.40761
CVE-2022-30685,0.00524,0.40762
CVE-2022-30686,0.00524,0.40762
CVE-2022-30687,0.00435,0.35128
CVE-2022-30688,0.0041,0.33069
CVE-2022-30689,0.01126,0.62529
CVE-2022-30690,0.83583,0.99653
CVE-2022-30691,0.00162,0.05729
CVE-2022-30692,0.00608,0.44994
CVE-2022-30693,0.00759,0.50952
CVE-2022-30694,0.00294,0.21249
CVE-2022-30695,0.0019,0.08752
CVE-2022-30696,0.00237,0.14626
CVE-2022-30697,0.00217,0.1215
CVE-2022-30698,0.00868,0.5452
CVE-2022-30699,0.00868,0.54519
CVE-2022-30700,0.00304,0.22285
CVE-2022-30701,0.00398,0.31927
CVE-2022-30702,0.00333,0.25368
CVE-2022-30703,0.00335,0.25562
CVE-2022-30704,0.00212,0.11496
CVE-2022-30705,0.0022,0.12487
CVE-2022-30706,0.00548,0.42064
CVE-2022-30707,0.00579,0.43665
CVE-2022-30708,0.03484,0.87757
CVE-2022-30709,0.00205,0.10537
CVE-2022-30710,0.00264,0.17953
CVE-2022-30711,0.00264,0.17953
CVE-2022-30712,0.00239,0.14889
CVE-2022-30713,0.00294,0.21222
CVE-2022-30714,0.00102,0.01112
CVE-2022-30715,0.00188,0.0853
CVE-2022-30716,0.00209,0.11091
CVE-2022-30717,0.00194,0.09298
CVE-2022-30719,0.00201,0.10042
CVE-2022-30720,0.00201,0.10042
CVE-2022-30721,0.00201,0.10042
CVE-2022-30722,0.00245,0.15636
CVE-2022-30723,0.00109,0.01452
CVE-2022-30724,0.00109,0.01453
CVE-2022-30725,0.00109,0.01452
CVE-2022-30726,0.00095,0.00772
CVE-2022-30727,0.00085,0.00404
CVE-2022-30728,0.00102,0.01111
CVE-2022-30729,0.00098,0.00945
CVE-2022-30730,0.00245,0.15671
CVE-2022-30731,0.0019,0.08844
CVE-2022-30732,0.00577,0.43584
CVE-2022-30733,0.00505,0.39674
CVE-2022-30734,0.00505,0.39675
CVE-2022-30735,0.00418,0.33747
CVE-2022-30736,0.00385,0.30603
CVE-2022-30737,0.00505,0.39674
CVE-2022-30738,0.00513,0.40156
CVE-2022-30739,0.0037,0.29116
CVE-2022-30740,0.00215,0.11891
CVE-2022-30741,0.00204,0.10433
CVE-2022-30742,0.00204,0.10433
CVE-2022-30743,0.00385,0.30602
CVE-2022-30744,0.00234,0.14244
CVE-2022-30745,0.00195,0.09356
CVE-2022-30746,0.00826,0.53194
CVE-2022-30747,0.00191,0.08863
CVE-2022-30748,0.00217,0.1213
CVE-2022-30749,0.0018,0.07758
CVE-2022-30750,0.00094,0.00754
CVE-2022-30751,0.00094,0.00754
CVE-2022-30752,0.00094,0.00754
CVE-2022-30753,0.00093,0.00697
CVE-2022-30754,0.00134,0.03252
CVE-2022-30755,0.00104,0.01235
CVE-2022-30756,0.00134,0.03283
CVE-2022-30757,0.00098,0.00958
CVE-2022-30758,0.00099,0.00998
CVE-2022-30759,0.01137,0.62813
CVE-2022-30760,0.00904,0.55598
CVE-2022-30763,0.01772,0.75566
CVE-2022-30765,0.01118,0.62316
CVE-2022-30767,0.02612,0.83625
CVE-2022-30768,0.00569,0.43179
CVE-2022-30769,0.00476,0.37909
CVE-2022-30770,0.00956,0.573
CVE-2022-30771,0.00193,0.09178
CVE-2022-30772,0.00193,0.09177
CVE-2022-30773,0.00132,0.03118
CVE-2022-30774,0.00151,0.04673
CVE-2022-30775,0.00804,0.52478
CVE-2022-30776,0.04212,0.89825
CVE-2022-30777,0.02243,0.80818
CVE-2022-30780,0.56418,0.98945
CVE-2022-30781,0.87678,0.99741
CVE-2022-30782,0.01164,0.6357
CVE-2022-30783,0.00417,0.33728
CVE-2022-30784,0.00399,0.3205
CVE-2022-30785,0.00392,0.31299
CVE-2022-30786,0.00431,0.34828
CVE-2022-30787,0.00417,0.33728
CVE-2022-30788,0.00431,0.34828
CVE-2022-30789,0.00431,0.34828
CVE-2022-30790,0.00554,0.42423
CVE-2022-30791,0.0083,0.53293
CVE-2022-30792,0.0083,0.53293
CVE-2022-30794,0.00795,0.52171
CVE-2022-30795,0.00958,0.57353
CVE-2022-30797,0.01081,0.61251
CVE-2022-30798,0.00958,0.57352
CVE-2022-30799,0.00958,0.57351
CVE-2022-30804,0.01047,0.60221
CVE-2022-30808,0.16106,0.96548
CVE-2022-30809,0.01081,0.61254
CVE-2022-30810,0.01081,0.61255
CVE-2022-30813,0.01081,0.61255
CVE-2022-30814,0.01081,0.61254
CVE-2022-30815,0.01081,0.61254
CVE-2022-30816,0.01081,0.61253
CVE-2022-30817,0.01081,0.61254
CVE-2022-30818,0.00958,0.57356
CVE-2022-30819,0.01099,0.618
CVE-2022-30820,0.01099,0.61801
CVE-2022-30821,0.01099,0.61801
CVE-2022-30822,0.01099,0.61801
CVE-2022-30823,0.00958,0.57351
CVE-2022-30825,0.00958,0.57354
CVE-2022-30826,0.00958,0.57354
CVE-2022-30827,0.00958,0.57352
CVE-2022-30828,0.00958,0.57352
CVE-2022-30829,0.00945,0.56963
CVE-2022-30830,0.00958,0.57356
CVE-2022-30831,0.00958,0.57353
CVE-2022-30832,0.00945,0.56964
CVE-2022-30833,0.00958,0.57354
CVE-2022-30834,0.00958,0.57353
CVE-2022-30835,0.00945,0.56963
CVE-2022-30836,0.00945,0.56963
CVE-2022-30837,0.00515,0.40262
CVE-2022-30838,0.01026,0.59583
CVE-2022-30839,0.006,0.44603
CVE-2022-30842,0.00471,0.37533
CVE-2022-30843,0.00921,0.56169
CVE-2022-30852,0.00885,0.5503
CVE-2022-30858,0.0053,0.41102
CVE-2022-30860,0.22985,0.97483
CVE-2022-30861,0.00534,0.41314
CVE-2022-30863,0.00534,0.41314
CVE-2022-30874,0.00791,0.52018
CVE-2022-30875,0.00657,0.47162
CVE-2022-30877,0.02344,0.81679
CVE-2022-30882,0.022,0.80449
CVE-2022-30885,0.02036,0.78844
CVE-2022-30886,0.02019,0.7867
CVE-2022-30887,0.26121,0.97751
CVE-2022-30898,0.00544,0.41851
CVE-2022-30899,0.00437,0.35311
CVE-2022-30903,0.0053,0.41104
CVE-2022-30904,0.0074,0.50315
CVE-2022-30909,0.01542,0.72048
CVE-2022-30910,0.01542,0.72048
CVE-2022-30912,0.01542,0.72046
CVE-2022-30913,0.01542,0.72046
CVE-2022-30914,0.01542,0.72045
CVE-2022-30915,0.01542,0.72045
CVE-2022-30916,0.01542,0.72049
CVE-2022-30917,0.01542,0.72047
CVE-2022-30918,0.01542,0.72048
CVE-2022-30919,0.01542,0.72046
CVE-2022-30920,0.01542,0.72047
CVE-2022-30921,0.01542,0.72049
CVE-2022-30922,0.01542,0.7205
CVE-2022-30923,0.01542,0.72049
CVE-2022-30924,0.01542,0.72047
CVE-2022-30925,0.01542,0.72046
CVE-2022-30926,0.01542,0.72048
CVE-2022-30927,0.01383,0.68992
CVE-2022-30929,0.01753,0.75298
CVE-2022-30930,0.00428,0.34559
CVE-2022-30931,0.00503,0.39546
CVE-2022-30935,0.01085,0.61353
CVE-2022-30937,0.01182,0.64127
CVE-2022-30938,0.01262,0.66237
CVE-2022-30943,0.00798,0.52255
CVE-2022-30944,0.00187,0.08472
CVE-2022-30945,0.01328,0.67699
CVE-2022-30946,0.0061,0.45076
CVE-2022-30947,0.01217,0.65066
CVE-2022-30948,0.01382,0.68959
CVE-2022-30949,0.00979,0.581
CVE-2022-30950,0.01717,0.74781
CVE-2022-30951,0.00824,0.53128
CVE-2022-30952,0.00922,0.5618
CVE-2022-30953,0.00675,0.47937
CVE-2022-30954,0.00835,0.53449
CVE-2022-30955,0.00818,0.52904
CVE-2022-30956,0.71943,0.99357
CVE-2022-30957,0.00699,0.48824
CVE-2022-30958,0.00638,0.46368
CVE-2022-30959,0.00818,0.52904
CVE-2022-30960,0.0073,0.50007
CVE-2022-30961,0.0073,0.50007
CVE-2022-30962,0.00715,0.49459
CVE-2022-30963,0.0073,0.50007
CVE-2022-30964,0.00715,0.49459
CVE-2022-30965,0.0073,0.50007
CVE-2022-30966,0.00717,0.49498
CVE-2022-30967,0.0073,0.50008
CVE-2022-30968,0.0073,0.50008
CVE-2022-30969,0.00836,0.53495
CVE-2022-30970,0.00749,0.50627
CVE-2022-30971,0.01148,0.63087
CVE-2022-30972,0.00638,0.46369
CVE-2022-30973,0.01858,0.76745
CVE-2022-30974,0.01095,0.61689
CVE-2022-30975,0.01095,0.61689
CVE-2022-30976,0.00827,0.53225
CVE-2022-30981,0.01249,0.65902
CVE-2022-30982,0.00528,0.40978
CVE-2022-30984,0.00209,0.11108
CVE-2022-30990,0.00859,0.54244
CVE-2022-30991,0.00525,0.40821
CVE-2022-30992,0.00525,0.40849
CVE-2022-30993,0.00562,0.42819
CVE-2022-30994,0.00562,0.42819
CVE-2022-30995,0.03265,0.86946
CVE-2022-30997,0.01428,0.69885
CVE-2022-30998,0.00713,0.4935
CVE-2022-30999,0.01124,0.62489
CVE-2022-31000,0.00367,0.28845
CVE-2022-31001,0.02022,0.78704
CVE-2022-31002,0.01802,0.75963
CVE-2022-31003,0.0366,0.8833
CVE-2022-31004,0.00916,0.56035
CVE-2022-31005,0.0189,0.77146
CVE-2022-31006,0.00959,0.57382
CVE-2022-31007,0.26098,0.97749
CVE-2022-31008,0.00307,0.22623
CVE-2022-31009,0.00637,0.46325
CVE-2022-31011,0.00311,0.23002
CVE-2022-31012,0.00394,0.31508
CVE-2022-31013,0.01372,0.68769
CVE-2022-31014,0.02421,0.82266
CVE-2022-31015,0.01342,0.68054
CVE-2022-31016,0.00836,0.53479
CVE-2022-31017,0.00541,0.41696
CVE-2022-31018,0.01573,0.72558
CVE-2022-31019,0.0149,0.71118
CVE-2022-31020,0.01738,0.75072
CVE-2022-31021,0.00428,0.34589
CVE-2022-31022,0.00332,0.25301
CVE-2022-31023,0.01233,0.65492
CVE-2022-31024,0.00572,0.43353
CVE-2022-31025,0.00891,0.5521
CVE-2022-31026,0.01,0.58735
CVE-2022-31027,0.00434,0.35023
CVE-2022-31028,0.02843,0.8505
CVE-2022-31029,0.0043,0.3473
CVE-2022-31030,0.00377,0.29787
CVE-2022-31031,0.01809,0.7607
CVE-2022-31032,0.0089,0.55164
CVE-2022-31033,0.01392,0.6917
CVE-2022-31034,0.00894,0.55323
CVE-2022-31035,0.00915,0.55983
CVE-2022-31036,0.00827,0.5321
CVE-2022-31037,0.00401,0.3225
CVE-2022-31038,0.00674,0.47872
CVE-2022-31039,0.00659,0.47272
CVE-2022-31040,0.00667,0.47565
CVE-2022-31041,0.00748,0.50601
CVE-2022-31042,0.0182,0.76235
CVE-2022-31043,0.0182,0.76235
CVE-2022-31044,0.00634,0.46184
CVE-2022-31045,0.01014,0.59204
CVE-2022-31046,0.00585,0.43905
CVE-2022-31047,0.01047,0.60203
CVE-2022-31048,0.00717,0.49544
CVE-2022-31049,0.00717,0.49544
CVE-2022-31050,0.01165,0.63614
CVE-2022-31051,0.01607,0.73085
CVE-2022-31052,0.01578,0.7264
CVE-2022-31053,0.0096,0.57419
CVE-2022-31054,0.01492,0.71143
CVE-2022-31055,0.00588,0.44064
CVE-2022-31056,0.0858,0.9445
CVE-2022-31057,0.00647,0.46744
CVE-2022-31058,0.01367,0.68643
CVE-2022-31059,0.00702,0.48973
CVE-2022-31060,0.01013,0.59175
CVE-2022-31061,0.50889,0.988
CVE-2022-31062,0.05627,0.92031
CVE-2022-31063,0.00617,0.45414
CVE-2022-31064,0.01207,0.64778
CVE-2022-31065,0.00735,0.50169
CVE-2022-31066,0.00308,0.22634
CVE-2022-31068,0.0085,0.53905
CVE-2022-31069,0.00603,0.4473
CVE-2022-31070,0.00603,0.44731
CVE-2022-31071,0.00214,0.11767
CVE-2022-31072,0.00251,0.16385
CVE-2022-31073,0.01556,0.72306
CVE-2022-31074,0.00763,0.51096
CVE-2022-31075,0.00927,0.56365
CVE-2022-31076,0.00614,0.45302
CVE-2022-31077,0.00779,0.51624
CVE-2022-31078,0.00652,0.46987
CVE-2022-31079,0.00652,0.46986
CVE-2022-31080,0.00672,0.47775
CVE-2022-31081,0.02122,0.79745
CVE-2022-31082,0.00964,0.57557
CVE-2022-31083,0.00824,0.53101
CVE-2022-31084,0.02363,0.81824
CVE-2022-31085,0.00259,0.17276
CVE-2022-31086,0.02165,0.80136
CVE-2022-31087,0.00435,0.35139
CVE-2022-31088,0.0121,0.64852
CVE-2022-31089,0.01075,0.61088
CVE-2022-31090,0.01762,0.75415
CVE-2022-31091,0.01413,0.69591
CVE-2022-31092,0.01346,0.6816
CVE-2022-31093,0.01609,0.73108
CVE-2022-31094,0.00852,0.53998
CVE-2022-31095,0.00542,0.41757
CVE-2022-31096,0.00493,0.38922
CVE-2022-31097,0.68603,0.99258
CVE-2022-31098,0.0117,0.63754
CVE-2022-31099,0.009,0.5547
CVE-2022-31100,0.00815,0.52795
CVE-2022-31101,0.24146,0.97592
CVE-2022-31102,0.00584,0.43866
CVE-2022-31103,0.01416,0.69655
CVE-2022-31104,0.01625,0.73366
CVE-2022-31105,0.00763,0.5109
CVE-2022-31106,0.00976,0.58018
CVE-2022-31107,0.02546,0.8318
CVE-2022-31108,0.00849,0.53864
CVE-2022-31109,0.00615,0.45325
CVE-2022-31110,0.01485,0.71011
CVE-2022-31111,0.01283,0.66737
CVE-2022-31112,0.01211,0.64885
CVE-2022-31113,0.0054,0.41665
CVE-2022-31114,0.00303,0.22133
CVE-2022-31115,0.01501,0.71318
CVE-2022-31116,0.02283,0.81143
CVE-2022-31117,0.01682,0.74296
CVE-2022-31118,0.00618,0.45465
CVE-2022-31119,0.00643,0.46581
CVE-2022-31120,0.00697,0.48768
CVE-2022-31121,0.01937,0.77733
CVE-2022-31122,0.00599,0.44589
CVE-2022-31123,0.00249,0.16171
CVE-2022-31124,0.01239,0.65627
CVE-2022-31125,0.1973,0.9709
CVE-2022-31126,0.49937,0.98768
CVE-2022-31127,0.01051,0.60311
CVE-2022-31128,0.00514,0.4022
CVE-2022-31129,0.04923,0.91114
CVE-2022-31130,0.00964,0.5755
CVE-2022-31131,0.00723,0.49721
CVE-2022-31132,0.00616,0.45364
CVE-2022-31133,0.00664,0.47479
CVE-2022-31134,0.00853,0.54018
CVE-2022-31135,0.00879,0.54867
CVE-2022-31136,0.0054,0.41665
CVE-2022-31137,0.90387,0.99786
CVE-2022-31138,0.03068,0.86104
CVE-2022-31139,0.01091,0.61522
CVE-2022-31140,0.0138,0.6893
CVE-2022-31142,0.01389,0.69111
CVE-2022-31143,0.00685,0.48344
CVE-2022-31144,0.02383,0.8197
CVE-2022-31145,0.00959,0.57376
CVE-2022-31146,0.00856,0.54155
CVE-2022-31147,0.02026,0.78746
CVE-2022-31148,0.00535,0.41412
CVE-2022-31149,0.01,0.58747
CVE-2022-31150,0.01158,0.63391
CVE-2022-31151,0.00584,0.43889
CVE-2022-31152,0.00938,0.56754
CVE-2022-31153,0.0134,0.68013
CVE-2022-31154,0.00417,0.33659
CVE-2022-31155,0.00417,0.33659
CVE-2022-31156,0.00507,0.39783
CVE-2022-31157,0.0042,0.33978
CVE-2022-31158,0.00761,0.5103
CVE-2022-31159,0.01431,0.69944
CVE-2022-31160,0.01933,0.77681
CVE-2022-31161,0.26819,0.97799
CVE-2022-31162,0.00739,0.50281
CVE-2022-31163,0.01786,0.75751
CVE-2022-31164,0.00543,0.41834
CVE-2022-31166,0.01157,0.63353
CVE-2022-31167,0.0067,0.47698
CVE-2022-31168,0.00635,0.46244
CVE-2022-31169,0.00676,0.47964
CVE-2022-31170,0.00648,0.46787
CVE-2022-31172,0.00413,0.3338
CVE-2022-31173,0.01331,0.6777
CVE-2022-31175,0.006,0.44625
CVE-2022-31176,0.00903,0.55572
CVE-2022-31177,0.00616,0.45356
CVE-2022-31178,0.00421,0.34033
CVE-2022-31179,0.011,0.61828
CVE-2022-31180,0.01541,0.72019
CVE-2022-31181,0.0517,0.91475
CVE-2022-31182,0.00657,0.47197
CVE-2022-31183,0.00641,0.46488
CVE-2022-31184,0.00571,0.43315
CVE-2022-31185,0.00531,0.41186
CVE-2022-31186,0.00247,0.15913
CVE-2022-31187,0.00589,0.44086
CVE-2022-31188,0.47846,0.98714
CVE-2022-31189,0.00582,0.43782
CVE-2022-31190,0.00712,0.49313
CVE-2022-31191,0.00624,0.4578
CVE-2022-31192,0.00611,0.45099
CVE-2022-31193,0.00579,0.43648
CVE-2022-31194,0.00886,0.55038
CVE-2022-31195,0.01118,0.62342
CVE-2022-31196,0.00815,0.52829
CVE-2022-31197,0.0167,0.74094
CVE-2022-31198,0.00648,0.46786
CVE-2022-31199,0.36009,0.9829
CVE-2022-31200,0.00388,0.3099
CVE-2022-31201,0.0057,0.43266
CVE-2022-31202,0.01228,0.65374
CVE-2022-31204,0.00533,0.41283
CVE-2022-31205,0.00543,0.41799
CVE-2022-31206,0.00858,0.54229
CVE-2022-31207,0.00767,0.51237
CVE-2022-31208,0.01386,0.69048
CVE-2022-31209,0.01231,0.65446
CVE-2022-31210,0.0107,0.60952
CVE-2022-31211,0.01568,0.72477
CVE-2022-31212,0.02073,0.79252
CVE-2022-31213,0.02073,0.79252
CVE-2022-31214,0.00382,0.30308
CVE-2022-31215,0.01149,0.63141
CVE-2022-31216,0.00315,0.23413
CVE-2022-31217,0.00315,0.23412
CVE-2022-31218,0.00315,0.23412
CVE-2022-31219,0.00303,0.22137
CVE-2022-31220,0.00153,0.04884
CVE-2022-31221,0.00177,0.07439
CVE-2022-31222,0.00174,0.07044
CVE-2022-31223,0.00177,0.07439
CVE-2022-31224,0.00222,0.12725
CVE-2022-31225,0.00153,0.04884
CVE-2022-31226,0.00197,0.0963
CVE-2022-31228,0.00721,0.49663
CVE-2022-31229,0.00713,0.49372
CVE-2022-31230,0.0059,0.44154
CVE-2022-31231,0.00346,0.26696
CVE-2022-31232,0.00839,0.53569
CVE-2022-31233,0.00311,0.23068
CVE-2022-31234,0.00884,0.54997
CVE-2022-31237,0.00232,0.13977
CVE-2022-31238,0.00172,0.06822
CVE-2022-31239,0.00227,0.13374
CVE-2022-31243,0.00151,0.04674
CVE-2022-31244,0.00329,0.24922
CVE-2022-31245,0.05504,0.91868
CVE-2022-31246,0.0076,0.50988
CVE-2022-31247,0.00844,0.53703
CVE-2022-31248,0.00968,0.57717
CVE-2022-31249,0.03759,0.88639
CVE-2022-31250,0.00311,0.22989
CVE-2022-31251,0.00203,0.10383
CVE-2022-31252,0.00139,0.03674
CVE-2022-31253,0.0033,0.25059
CVE-2022-31254,0.00248,0.16052
CVE-2022-31255,0.0068,0.4814
CVE-2022-31256,0.00231,0.13924
CVE-2022-31257,0.00732,0.50086
CVE-2022-31258,0.00389,0.311
CVE-2022-31259,0.21573,0.97336
CVE-2022-31260,0.01862,0.768
CVE-2022-31261,0.01095,0.61684
CVE-2022-31262,0.0048,0.38125
CVE-2022-31263,0.00807,0.52583
CVE-2022-31264,0.01274,0.66529
CVE-2022-31265,0.01619,0.73286
CVE-2022-31266,0.00802,0.52379
CVE-2022-31267,0.17749,0.9681
CVE-2022-31268,0.09601,0.94918
CVE-2022-31269,0.05055,0.91317
CVE-2022-31273,0.00891,0.55213
CVE-2022-31277,0.00559,0.42656
CVE-2022-31282,0.00655,0.47108
CVE-2022-31285,0.00655,0.47107
CVE-2022-31287,0.00655,0.47107
CVE-2022-31290,0.00797,0.5224
CVE-2022-31291,0.00992,0.58504
CVE-2022-31294,0.00818,0.52915
CVE-2022-31295,0.01344,0.68108
CVE-2022-31296,0.02373,0.81895
CVE-2022-31298,0.01149,0.63156
CVE-2022-31299,0.04731,0.90807
CVE-2022-31300,0.01149,0.63156
CVE-2022-31301,0.00819,0.52952
CVE-2022-31302,0.00408,0.3288
CVE-2022-31303,0.00408,0.32881
CVE-2022-31306,0.00628,0.45907
CVE-2022-31307,0.00628,0.45907
CVE-2022-31308,0.01611,0.7314
CVE-2022-31309,0.01611,0.7314
CVE-2022-31311,0.02852,0.85092
CVE-2022-31313,0.01721,0.74838
CVE-2022-31321,0.0073,0.49993
CVE-2022-31322,0.00311,0.23076
CVE-2022-31324,0.00413,0.33315
CVE-2022-31325,0.04968,0.91189
CVE-2022-31327,0.01081,0.61255
CVE-2022-31328,0.01067,0.60857
CVE-2022-31329,0.01067,0.60858
CVE-2022-31335,0.01067,0.60859
CVE-2022-31336,0.01067,0.60859
CVE-2022-31337,0.01067,0.60858
CVE-2022-31338,0.01067,0.60859
CVE-2022-31339,0.00958,0.57352
CVE-2022-31340,0.01081,0.61251
CVE-2022-31342,0.00915,0.56003
CVE-2022-31343,0.01067,0.60857
CVE-2022-31344,0.01067,0.60858
CVE-2022-31345,0.01067,0.60857
CVE-2022-31346,0.01081,0.61251
CVE-2022-31347,0.01081,0.61248
CVE-2022-31348,0.01081,0.61257
CVE-2022-31350,0.01081,0.61252
CVE-2022-31351,0.01081,0.61256
CVE-2022-31352,0.01081,0.61256
CVE-2022-31353,0.01081,0.61256
CVE-2022-31354,0.01081,0.61256
CVE-2022-31355,0.01026,0.59585
CVE-2022-31356,0.01026,0.59585
CVE-2022-31357,0.01026,0.59583
CVE-2022-31358,0.01273,0.66503
CVE-2022-31361,0.01361,0.68516
CVE-2022-31362,0.17758,0.96811
CVE-2022-31363,0.00781,0.51703
CVE-2022-31364,0.00781,0.51704
CVE-2022-31366,0.01056,0.6048
CVE-2022-31367,0.01321,0.67558
CVE-2022-31372,0.0123,0.65419
CVE-2022-31373,0.05119,0.91404
CVE-2022-31374,0.0241,0.82181
CVE-2022-31382,0.01644,0.73692
CVE-2022-31383,0.01644,0.73693
CVE-2022-31384,0.01644,0.73693
CVE-2022-31386,0.00977,0.5805
CVE-2022-31390,0.00957,0.57327
CVE-2022-31393,0.00977,0.58049
CVE-2022-31394,0.01085,0.61358
CVE-2022-31395,0.02617,0.83654
CVE-2022-31398,0.00534,0.41315
CVE-2022-31400,0.00534,0.41314
CVE-2022-31402,0.0219,0.8035
CVE-2022-31403,0.01711,0.74708
CVE-2022-31405,0.00571,0.43317
CVE-2022-31414,0.01767,0.75491
CVE-2022-31415,0.00891,0.552
CVE-2022-31446,0.32751,0.9815
CVE-2022-31447,0.01172,0.63786
CVE-2022-31454,0.00395,0.31667
CVE-2022-31455,0.00357,0.27816
CVE-2022-31456,0.00444,0.35824
CVE-2022-31457,0.00916,0.56033
CVE-2022-31458,0.00444,0.35824
CVE-2022-31459,0.00791,0.52017
CVE-2022-31460,0.03408,0.87484
CVE-2022-31461,0.00829,0.53276
CVE-2022-31462,0.00824,0.53129
CVE-2022-31463,0.00967,0.5763
CVE-2022-31464,0.00364,0.28582
CVE-2022-31465,0.00201,0.10114
CVE-2022-31466,0.00153,0.04878
CVE-2022-31467,0.00279,0.19872
CVE-2022-31468,0.00476,0.37876
CVE-2022-31469,0.00538,0.4153
CVE-2022-31470,0.52088,0.98832
CVE-2022-31471,0.01336,0.67903
CVE-2022-31472,0.00785,0.51815
CVE-2022-31473,0.01768,0.75514
CVE-2022-31474,0.63761,0.99125
CVE-2022-31475,0.00694,0.48685
CVE-2022-31476,0.00181,0.07868
CVE-2022-31477,0.00168,0.06466
CVE-2022-31478,0.00631,0.4602
CVE-2022-31479,0.02323,0.81495
CVE-2022-31480,0.00895,0.55329
CVE-2022-31481,0.01468,0.70704
CVE-2022-31482,0.00972,0.57869
CVE-2022-31483,0.01627,0.73403
CVE-2022-31484,0.00973,0.57923
CVE-2022-31485,0.00774,0.51479
CVE-2022-31486,0.01246,0.65825
CVE-2022-31487,0.01148,0.63082
CVE-2022-31488,0.01017,0.59282
CVE-2022-31489,0.01017,0.59282
CVE-2022-31491,0.0075,0.50677
CVE-2022-31492,0.00918,0.56077
CVE-2022-31493,0.00918,0.56076
CVE-2022-31494,0.00965,0.57584
CVE-2022-31495,0.00918,0.56077
CVE-2022-31496,0.01879,0.77
CVE-2022-31497,0.00852,0.53998
CVE-2022-31498,0.00918,0.56077
CVE-2022-31499,0.64589,0.99148
CVE-2022-31500,0.0022,0.12432
CVE-2022-31501,0.01398,0.69285
CVE-2022-31502,0.01398,0.69284
CVE-2022-31503,0.01604,0.73043
CVE-2022-31504,0.01398,0.69284
CVE-2022-31505,0.01242,0.6571
CVE-2022-31506,0.01398,0.69285
CVE-2022-31507,0.01576,0.72609
CVE-2022-31508,0.01398,0.69284
CVE-2022-31509,0.01242,0.65713
CVE-2022-31510,0.01398,0.69285
CVE-2022-31511,0.01242,0.65712
CVE-2022-31512,0.01252,0.65979
CVE-2022-31513,0.01242,0.65713
CVE-2022-31514,0.01242,0.65709
CVE-2022-31515,0.01242,0.6571
CVE-2022-31516,0.01242,0.65711
CVE-2022-31517,0.01242,0.65709
CVE-2022-31518,0.01242,0.65714
CVE-2022-31519,0.01242,0.65712
CVE-2022-31520,0.01242,0.6571
CVE-2022-31521,0.01242,0.65708
CVE-2022-31522,0.01242,0.65717
CVE-2022-31523,0.01242,0.65714
CVE-2022-31524,0.01242,0.65709
CVE-2022-31525,0.01242,0.65712
CVE-2022-31526,0.01242,0.65711
CVE-2022-31527,0.01242,0.65713
CVE-2022-31528,0.01242,0.65717
CVE-2022-31529,0.01242,0.6572
CVE-2022-31530,0.01242,0.65716
CVE-2022-31531,0.01242,0.65718
CVE-2022-31532,0.01242,0.65719
CVE-2022-31533,0.01242,0.65719
CVE-2022-31534,0.01242,0.65717
CVE-2022-31535,0.01242,0.65713
CVE-2022-31536,0.01242,0.65717
CVE-2022-31537,0.01242,0.65709
CVE-2022-31538,0.01242,0.65719
CVE-2022-31539,0.01242,0.65719
CVE-2022-31540,0.01242,0.6572
CVE-2022-31541,0.01242,0.65716
CVE-2022-31542,0.01242,0.65716
CVE-2022-31543,0.01242,0.65718
CVE-2022-31544,0.01242,0.65718
CVE-2022-31545,0.01242,0.65708
CVE-2022-31546,0.01242,0.65715
CVE-2022-31547,0.01242,0.65715
CVE-2022-31548,0.01242,0.65708
CVE-2022-31549,0.01398,0.69283
CVE-2022-31550,0.01242,0.65711
CVE-2022-31551,0.01242,0.65721
CVE-2022-31552,0.01242,0.65723
CVE-2022-31553,0.01242,0.65722
CVE-2022-31554,0.01242,0.65722
CVE-2022-31555,0.01242,0.65722
CVE-2022-31556,0.01242,0.65721
CVE-2022-31557,0.01156,0.63342
CVE-2022-31558,0.0118,0.64071
CVE-2022-31559,0.01156,0.63342
CVE-2022-31560,0.01156,0.63343
CVE-2022-31561,0.01156,0.63341
CVE-2022-31562,0.01156,0.63343
CVE-2022-31563,0.01156,0.63343
CVE-2022-31564,0.0131,0.67315
CVE-2022-31565,0.01156,0.63343
CVE-2022-31566,0.01113,0.62186
CVE-2022-31567,0.01242,0.65721
CVE-2022-31568,0.01242,0.65715
CVE-2022-31570,0.01125,0.62501
CVE-2022-31571,0.01242,0.65715
CVE-2022-31572,0.01242,0.6572
CVE-2022-31573,0.01293,0.66939
CVE-2022-31574,0.01293,0.66939
CVE-2022-31575,0.01293,0.66938
CVE-2022-31576,0.01293,0.66937
CVE-2022-31577,0.01174,0.63872
CVE-2022-31578,0.01244,0.6579
CVE-2022-31579,0.01174,0.63872
CVE-2022-31580,0.01293,0.66938
CVE-2022-31581,0.01439,0.7009
CVE-2022-31582,0.01293,0.66937
CVE-2022-31583,0.01293,0.66938
CVE-2022-31584,0.01293,0.66937
CVE-2022-31585,0.01242,0.65711
CVE-2022-31586,0.01242,0.65721
CVE-2022-31587,0.01242,0.65723
CVE-2022-31588,0.01242,0.65714
CVE-2022-31589,0.00623,0.45708
CVE-2022-31590,0.00243,0.15428
CVE-2022-31591,0.00254,0.16771
CVE-2022-31592,0.00493,0.38949
CVE-2022-31593,0.0093,0.56471
CVE-2022-31594,0.0023,0.13746
CVE-2022-31595,0.00733,0.50092
CVE-2022-31596,0.0066,0.47336
CVE-2022-31597,0.00414,0.33415
CVE-2022-31598,0.00231,0.13913
CVE-2022-31599,0.00243,0.15382
CVE-2022-31600,0.00214,0.11744
CVE-2022-31601,0.00243,0.15382
CVE-2022-31602,0.00212,0.11474
CVE-2022-31603,0.00212,0.11474
CVE-2022-31604,0.0193,0.77641
CVE-2022-31605,0.0193,0.77641
CVE-2022-31606,0.00378,0.29935
CVE-2022-31607,0.00245,0.15594
CVE-2022-31608,0.00226,0.13286
CVE-2022-31609,0.00212,0.11513
CVE-2022-31610,0.00239,0.14948
CVE-2022-31611,0.00209,0.11061
CVE-2022-31612,0.00211,0.1132
CVE-2022-31613,0.00191,0.08903
CVE-2022-31614,0.00262,0.17615
CVE-2022-31615,0.00221,0.12581
CVE-2022-31616,0.00173,0.06906
CVE-2022-31617,0.00239,0.14949
CVE-2022-31618,0.00177,0.0741
CVE-2022-31619,0.01256,0.66093
CVE-2022-31620,0.01336,0.67909
CVE-2022-31621,0.00213,0.11634
CVE-2022-31622,0.00219,0.12304
CVE-2022-31623,0.00222,0.12754
CVE-2022-31624,0.00207,0.10781
CVE-2022-31625,0.03437,0.87586
CVE-2022-31626,0.5838,0.9899
CVE-2022-31627,0.01683,0.74314
CVE-2022-31628,0.00591,0.44207
CVE-2022-31629,0.49336,0.98756
CVE-2022-31630,0.02197,0.80426
CVE-2022-31631,0.02134,0.79866
CVE-2022-31635,0.00138,0.03622
CVE-2022-31636,0.00138,0.03622
CVE-2022-31637,0.00138,0.03622
CVE-2022-31638,0.00138,0.03622
CVE-2022-31639,0.00138,0.03623
CVE-2022-31640,0.00168,0.06477
CVE-2022-31641,0.00168,0.06477
CVE-2022-31642,0.00138,0.03621
CVE-2022-31643,0.00182,0.07935
CVE-2022-31644,0.00232,0.13975
CVE-2022-31645,0.00201,0.10066
CVE-2022-31646,0.00232,0.13975
CVE-2022-31647,0.00332,0.25309
CVE-2022-31648,0.00519,0.40451
CVE-2022-31649,0.0124,0.65667
CVE-2022-31650,0.01114,0.62222
CVE-2022-31651,0.01114,0.62222
CVE-2022-31654,0.00409,0.33
CVE-2022-31655,0.00409,0.33
CVE-2022-31656,0.18994,0.96976
CVE-2022-31657,0.01162,0.63516
CVE-2022-31658,0.01935,0.77709
CVE-2022-31659,0.02354,0.81768
CVE-2022-31660,0.01101,0.61858
CVE-2022-31661,0.0034,0.26083
CVE-2022-31662,0.01112,0.62165
CVE-2022-31663,0.00603,0.44758
CVE-2022-31664,0.00333,0.25342
CVE-2022-31665,0.01976,0.78167
CVE-2022-31666,0.00492,0.38872
CVE-2022-31667,0.00499,0.39316
CVE-2022-31668,0.00296,0.21434
CVE-2022-31669,0.00396,0.31781
CVE-2022-31670,0.00531,0.41174
CVE-2022-31671,0.00513,0.40103
CVE-2022-31672,0.00557,0.42534
CVE-2022-31673,0.01288,0.66842
CVE-2022-31674,0.00544,0.41862
CVE-2022-31675,0.00718,0.49566
CVE-2022-31676,0.0054,0.41679
CVE-2022-31677,0.00381,0.30195
CVE-2022-31678,0.08085,0.94146
CVE-2022-31679,0.00467,0.37345
CVE-2022-31680,0.33064,0.98167
CVE-2022-31681,0.00199,0.09877
CVE-2022-31682,0.00583,0.43852
CVE-2022-31683,0.00446,0.35946
CVE-2022-31684,0.00604,0.44813
CVE-2022-31685,0.00954,0.57256
CVE-2022-31686,0.00929,0.56437
CVE-2022-31687,0.00824,0.53125
CVE-2022-31688,0.00434,0.35045
CVE-2022-31689,0.00824,0.53125
CVE-2022-31690,0.01011,0.59102
CVE-2022-31691,0.02391,0.82037
CVE-2022-31692,0.03425,0.87539
CVE-2022-31693,0.00233,0.14151
CVE-2022-31694,0.00218,0.12181
CVE-2022-31696,0.0034,0.26107
CVE-2022-31697,0.0013,0.03032
CVE-2022-31698,0.47795,0.98712
CVE-2022-31699,0.00201,0.10116
CVE-2022-31700,0.01082,0.61278
CVE-2022-31701,0.00501,0.39419
CVE-2022-31702,0.01609,0.73113
CVE-2022-31703,0.01792,0.75826
CVE-2022-31704,0.81011,0.99588
CVE-2022-31705,0.01546,0.72124
CVE-2022-31706,0.87077,0.99729
CVE-2022-31707,0.00962,0.57487
CVE-2022-31708,0.00795,0.52171
CVE-2022-31710,0.0147,0.70739
CVE-2022-31711,0.21657,0.97345
CVE-2022-31733,0.00378,0.29884
CVE-2022-31734,0.00576,0.43522
CVE-2022-31735,0.00438,0.35375
CVE-2022-31736,0.01055,0.60461
CVE-2022-31737,0.00814,0.52771
CVE-2022-31738,0.00584,0.43883
CVE-2022-31739,0.00662,0.47379
CVE-2022-31740,0.00651,0.46931
CVE-2022-31741,0.00662,0.47379
CVE-2022-31742,0.00594,0.44328
CVE-2022-31743,0.00428,0.34602
CVE-2022-31744,0.0058,0.43702
CVE-2022-31745,0.00346,0.26716
CVE-2022-31746,0.00412,0.33294
CVE-2022-31747,0.00878,0.54847
CVE-2022-31748,0.00656,0.47125
CVE-2022-31749,0.01242,0.6574
CVE-2022-31751,0.00175,0.07132
CVE-2022-31752,0.00146,0.04253
CVE-2022-31753,0.00616,0.45403
CVE-2022-31754,0.00598,0.4455
CVE-2022-31755,0.00155,0.05111
CVE-2022-31756,0.00164,0.05947
CVE-2022-31757,0.0062,0.45573
CVE-2022-31758,0.00122,0.02304
CVE-2022-31759,0.00149,0.04535
CVE-2022-31760,0.0062,0.45573
CVE-2022-31761,0.00614,0.4529
CVE-2022-31762,0.00177,0.07434
CVE-2022-31763,0.00151,0.04721
CVE-2022-31764,0.00671,0.47749
CVE-2022-31765,0.00875,0.54761
CVE-2022-31766,0.01045,0.60148
CVE-2022-31767,0.0469,0.90732
CVE-2022-31768,0.01294,0.66976
CVE-2022-31769,0.01127,0.62575
CVE-2022-31770,0.00859,0.54253
CVE-2022-31772,0.0071,0.49237
CVE-2022-31773,0.00359,0.28077
CVE-2022-31774,0.00421,0.34054
CVE-2022-31775,0.0115,0.63173
CVE-2022-31776,0.00462,0.37038
CVE-2022-31777,0.01473,0.70789
CVE-2022-31778,0.01689,0.74391
CVE-2022-31779,0.01886,0.77097
CVE-2022-31780,0.01849,0.76618
CVE-2022-31781,0.01876,0.76973
CVE-2022-31782,0.00699,0.48834
CVE-2022-31783,0.0107,0.60924
CVE-2022-31784,0.01524,0.71721
CVE-2022-31786,0.0069,0.48516
CVE-2022-31787,0.01406,0.69461
CVE-2022-31788,0.14257,0.96174
CVE-2022-31789,0.01516,0.71581
CVE-2022-31790,0.01533,0.71881
CVE-2022-31791,0.00214,0.11768
CVE-2022-31792,0.00502,0.39483
CVE-2022-31793,0.12001,0.9565
CVE-2022-31794,0.0283,0.84979
CVE-2022-31795,0.0283,0.84979
CVE-2022-31796,0.00854,0.54049
CVE-2022-31798,0.06652,0.93099
CVE-2022-31799,0.01869,0.76886
CVE-2022-31800,0.01455,0.70415
CVE-2022-31801,0.01031,0.59717
CVE-2022-31802,0.01184,0.64169
CVE-2022-31803,0.01033,0.59826
CVE-2022-31804,0.01034,0.5985
CVE-2022-31805,0.00974,0.57959
CVE-2022-31806,0.01145,0.6301
CVE-2022-31807,0.00145,0.04187
CVE-2022-31808,0.00229,0.13649
CVE-2022-31810,0.00879,0.54883
CVE-2022-31812,0.00577,0.43547
CVE-2022-31813,0.0314,0.86402
CVE-2022-31814,0.87247,0.99733
CVE-2022-31827,0.19551,0.97064
CVE-2022-31830,0.14951,0.96316
CVE-2022-31836,0.01503,0.71353
CVE-2022-31845,0.08364,0.94315
CVE-2022-31846,0.07142,0.93535
CVE-2022-31847,0.05482,0.91844
CVE-2022-31849,0.01841,0.76515
CVE-2022-31854,0.32233,0.98122
CVE-2022-31856,0.01424,0.69808
CVE-2022-31860,0.01763,0.75437
CVE-2022-31861,0.00469,0.37417
CVE-2022-31873,0.0067,0.47719
CVE-2022-31874,0.19147,0.96998
CVE-2022-31875,0.0067,0.47719
CVE-2022-31876,0.01226,0.65317
CVE-2022-31877,0.00398,0.31966
CVE-2022-31879,0.01195,0.64436
CVE-2022-31883,0.00905,0.55662
CVE-2022-31884,0.01103,0.6189
CVE-2022-31885,0.3132,0.98071
CVE-2022-31886,0.02069,0.79208
CVE-2022-31887,0.01473,0.70789
CVE-2022-31888,0.01214,0.64983
CVE-2022-31889,0.00651,0.46945
CVE-2022-31890,0.01503,0.71346
CVE-2022-31897,0.00835,0.53469
CVE-2022-31898,0.15933,0.96518
CVE-2022-31901,0.01305,0.67199
CVE-2022-31902,0.00524,0.40774
CVE-2022-31904,0.00532,0.41228
CVE-2022-31906,0.00477,0.3797
CVE-2022-31908,0.00909,0.55804
CVE-2022-31910,0.00477,0.3797
CVE-2022-31911,0.00909,0.55809
CVE-2022-31912,0.00909,0.55805
CVE-2022-31913,0.00477,0.3797
CVE-2022-31914,0.00471,0.37534
CVE-2022-31937,0.00982,0.58169
CVE-2022-31941,0.01026,0.59584
CVE-2022-31943,0.01471,0.70759
CVE-2022-31945,0.01056,0.60476
CVE-2022-31946,0.01081,0.61249
CVE-2022-31948,0.01081,0.61249
CVE-2022-31951,0.01081,0.61249
CVE-2022-31952,0.01081,0.61248
CVE-2022-31953,0.01081,0.6125
CVE-2022-31956,0.01081,0.6125
CVE-2022-31957,0.01081,0.6125
CVE-2022-31959,0.01081,0.6125
CVE-2022-31961,0.01081,0.61253
CVE-2022-31962,0.01081,0.61253
CVE-2022-31964,0.01081,0.61252
CVE-2022-31965,0.01081,0.61252
CVE-2022-31966,0.00928,0.56376
CVE-2022-31969,0.01081,0.61252
CVE-2022-31970,0.00966,0.5761
CVE-2022-31971,0.00958,0.57357
CVE-2022-31973,0.00928,0.56375
CVE-2022-31974,0.04903,0.91086
CVE-2022-31975,0.04863,0.91018
CVE-2022-31976,0.0716,0.93549
CVE-2022-31977,0.0716,0.9355
CVE-2022-31978,0.0716,0.9355
CVE-2022-31980,0.01971,0.78104
CVE-2022-31981,0.01971,0.78103
CVE-2022-31982,0.01971,0.78103
CVE-2022-31983,0.02624,0.83705
CVE-2022-31984,0.04863,0.91018
CVE-2022-31985,0.00946,0.57004
CVE-2022-31986,0.00946,0.57008
CVE-2022-31988,0.00946,0.57005
CVE-2022-31989,0.01068,0.60892
CVE-2022-31990,0.01068,0.60893
CVE-2022-31991,0.01068,0.60893
CVE-2022-31992,0.00946,0.57005
CVE-2022-31993,0.01068,0.60893
CVE-2022-31994,0.00946,0.57005
CVE-2022-31996,0.00958,0.57357
CVE-2022-31998,0.00958,0.57356
CVE-2022-32000,0.00958,0.57356
CVE-2022-32001,0.00958,0.57354
CVE-2022-32002,0.00918,0.56089
CVE-2022-32003,0.00958,0.57355
CVE-2022-32004,0.00958,0.57355
CVE-2022-32005,0.00795,0.52171
CVE-2022-32006,0.00958,0.57355
CVE-2022-32007,0.04522,0.90434
CVE-2022-32008,0.00946,0.57004
CVE-2022-32010,0.00946,0.57007
CVE-2022-32011,0.00946,0.57004
CVE-2022-32012,0.00946,0.57003
CVE-2022-32013,0.01321,0.67545
CVE-2022-32014,0.00946,0.57006
CVE-2022-32015,0.04522,0.90433
CVE-2022-32016,0.00946,0.57007
CVE-2022-32017,0.00946,0.57005
CVE-2022-32018,0.04522,0.90434
CVE-2022-32019,0.0241,0.8218
CVE-2022-32020,0.01868,0.76873
CVE-2022-32021,0.00946,0.57006
CVE-2022-32022,0.04879,0.91045
CVE-2022-32024,0.04522,0.90433
CVE-2022-32025,0.04522,0.90433
CVE-2022-32026,0.05261,0.91596
CVE-2022-32027,0.00946,0.57007
CVE-2022-32028,0.04879,0.91044
CVE-2022-32030,0.01074,0.61046
CVE-2022-32031,0.01074,0.61045
CVE-2022-32032,0.09391,0.94833
CVE-2022-32033,0.01074,0.61046
CVE-2022-32034,0.01074,0.61045
CVE-2022-32035,0.1335,0.95965
CVE-2022-32036,0.01074,0.61045
CVE-2022-32037,0.01055,0.60456
CVE-2022-32039,0.01055,0.60459
CVE-2022-32040,0.01055,0.60456
CVE-2022-32041,0.01055,0.60455
CVE-2022-32043,0.01055,0.60455
CVE-2022-32044,0.01067,0.6087
CVE-2022-32045,0.01055,0.60456
CVE-2022-32046,0.01055,0.60458
CVE-2022-32047,0.01055,0.60456
CVE-2022-32048,0.01055,0.60458
CVE-2022-32049,0.01055,0.60458
CVE-2022-32050,0.01055,0.60457
CVE-2022-32051,0.01055,0.60457
CVE-2022-32052,0.01055,0.60455
CVE-2022-32053,0.01055,0.60457
CVE-2022-32054,0.31729,0.98092
CVE-2022-32055,0.0111,0.62098
CVE-2022-32056,0.01132,0.62697
CVE-2022-32058,0.01201,0.64613
CVE-2022-32060,0.01114,0.62223
CVE-2022-32061,0.00634,0.46201
CVE-2022-32065,0.00899,0.55446
CVE-2022-32073,0.0185,0.76638
CVE-2022-32074,0.01391,0.69147
CVE-2022-32081,0.0193,0.77635
CVE-2022-32082,0.0184,0.76498
CVE-2022-32083,0.0175,0.75239
CVE-2022-32084,0.01985,0.78271
CVE-2022-32085,0.01766,0.7547
CVE-2022-32086,0.0136,0.68506
CVE-2022-32087,0.01668,0.74063
CVE-2022-32088,0.01766,0.7547
CVE-2022-32089,0.0193,0.77635
CVE-2022-32091,0.02082,0.79349
CVE-2022-32092,0.05717,0.9213
CVE-2022-32093,0.01501,0.71319
CVE-2022-32094,0.07476,0.93764
CVE-2022-32095,0.01532,0.71863
CVE-2022-32096,0.01164,0.63574
CVE-2022-32101,0.01068,0.60893
CVE-2022-32114,0.01895,0.7721
CVE-2022-32115,0.01271,0.66446
CVE-2022-32117,0.00329,0.2495
CVE-2022-32118,0.01084,0.61325
CVE-2022-32119,0.01924,0.77561
CVE-2022-32124,0.00632,0.46085
CVE-2022-32125,0.00632,0.46084
CVE-2022-32126,0.00632,0.46084
CVE-2022-32127,0.00632,0.46085
CVE-2022-32128,0.00632,0.46085
CVE-2022-32129,0.00632,0.46084
CVE-2022-32130,0.00632,0.46086
CVE-2022-32131,0.00632,0.46086
CVE-2022-32136,0.00973,0.57934
CVE-2022-32137,0.01323,0.67581
CVE-2022-32138,0.01131,0.62684
CVE-2022-32139,0.00973,0.57934
CVE-2022-32140,0.00989,0.58402
CVE-2022-32141,0.00973,0.57934
CVE-2022-32142,0.01001,0.58765
CVE-2022-32143,0.01131,0.62683
CVE-2022-32144,0.00167,0.06288
CVE-2022-32145,0.00545,0.41919
CVE-2022-32148,0.01103,0.61919
CVE-2022-32149,0.01428,0.69892
CVE-2022-32151,0.00743,0.50431
CVE-2022-32152,0.00851,0.53945
CVE-2022-32153,0.00852,0.53966
CVE-2022-32154,0.01271,0.66461
CVE-2022-32155,0.01799,0.75931
CVE-2022-32156,0.00762,0.51082
CVE-2022-32157,0.01256,0.66106
CVE-2022-32158,0.01416,0.69662
CVE-2022-32159,0.00817,0.52877
CVE-2022-32166,0.00551,0.42252
CVE-2022-32167,0.00452,0.36338
CVE-2022-32168,0.00701,0.48944
CVE-2022-32169,0.00542,0.41783
CVE-2022-32170,0.00542,0.41783
CVE-2022-32171,0.00565,0.42979
CVE-2022-32172,0.00565,0.42979
CVE-2022-32173,0.00521,0.40589
CVE-2022-32174,0.58021,0.9898
CVE-2022-32175,0.0027,0.18718
CVE-2022-32176,0.00946,0.57001
CVE-2022-32177,0.00946,0.57001
CVE-2022-32189,0.0198,0.78218
CVE-2022-32190,0.01739,0.75077
CVE-2022-32192,0.0088,0.54914
CVE-2022-32193,0.00691,0.4855
CVE-2022-32195,0.02301,0.81315
CVE-2022-32199,0.01664,0.73998
CVE-2022-32200,0.00925,0.56299
CVE-2022-32201,0.00671,0.47746
CVE-2022-32202,0.00663,0.47425
CVE-2022-32203,0.01146,0.63049
CVE-2022-32204,0.00369,0.28974
CVE-2022-32205,0.26915,0.97807
CVE-2022-32206,0.3197,0.98109
CVE-2022-32207,0.06823,0.93258
CVE-2022-32208,0.06762,0.93208
CVE-2022-32209,0.29316,0.97956
CVE-2022-32210,0.0044,0.35529
CVE-2022-32211,0.01088,0.61444
CVE-2022-32212,0.05913,0.92384
CVE-2022-32213,0.41954,0.98531
CVE-2022-32214,0.81464,0.99597
CVE-2022-32215,0.68796,0.99265
CVE-2022-32217,0.00553,0.42336
CVE-2022-32218,0.00673,0.47866
CVE-2022-32219,0.00722,0.49675
CVE-2022-32220,0.00786,0.51871
CVE-2022-32221,0.04325,0.90054
CVE-2022-32222,0.02011,0.78594
CVE-2022-32223,0.01732,0.74984
CVE-2022-32224,0.02386,0.81994
CVE-2022-32225,0.00537,0.41488
CVE-2022-32226,0.00658,0.47233
CVE-2022-32227,0.00551,0.42262
CVE-2022-32228,0.00693,0.48651
CVE-2022-32229,0.00693,0.48651
CVE-2022-32230,0.06977,0.93386
CVE-2022-32231,0.00211,0.1136
CVE-2022-32234,0.00891,0.5523
CVE-2022-32235,0.00498,0.39243
CVE-2022-32236,0.00695,0.48705
CVE-2022-32237,0.00556,0.4248
CVE-2022-32238,0.00623,0.45712
CVE-2022-32239,0.00567,0.43114
CVE-2022-32240,0.00556,0.4248
CVE-2022-32241,0.00556,0.42479
CVE-2022-32242,0.00623,0.45712
CVE-2022-32243,0.00498,0.39243
CVE-2022-32244,0.00457,0.36727
CVE-2022-32245,0.00442,0.35656
CVE-2022-32246,0.00429,0.34687
CVE-2022-32247,0.00794,0.52122
CVE-2022-32248,0.00617,0.45444
CVE-2022-32249,0.0086,0.54269
CVE-2022-32250,0.02881,0.85232
CVE-2022-32251,0.01105,0.61968
CVE-2022-32252,0.00326,0.24655
CVE-2022-32253,0.00571,0.43287
CVE-2022-32254,0.00787,0.51898
CVE-2022-32255,0.00775,0.51496
CVE-2022-32256,0.00631,0.46062
CVE-2022-32257,0.00833,0.53391
CVE-2022-32258,0.00828,0.53243
CVE-2022-32259,0.00597,0.44496
CVE-2022-32260,0.00717,0.49523
CVE-2022-32261,0.00671,0.47744
CVE-2022-32262,0.02416,0.82234
CVE-2022-32263,0.00963,0.57543
CVE-2022-32264,0.0073,0.49989
CVE-2022-32265,0.01166,0.63642
CVE-2022-32266,0.00174,0.07042
CVE-2022-32267,0.00132,0.03118
CVE-2022-32268,0.02091,0.79457
CVE-2022-32269,0.03164,0.86508
CVE-2022-32270,0.04318,0.90044
CVE-2022-32271,0.02706,0.84231
CVE-2022-32272,0.09095,0.94706
CVE-2022-32273,0.00708,0.49205
CVE-2022-32274,0.00625,0.45795
CVE-2022-32275,0.08606,0.94466
CVE-2022-32276,0.03487,0.87766
CVE-2022-32277,0.00451,0.3632
CVE-2022-32278,0.0151,0.71488
CVE-2022-32280,0.00494,0.38983
CVE-2022-32282,0.01587,0.72767
CVE-2022-32283,0.00728,0.4991
CVE-2022-32284,0.03069,0.86106
CVE-2022-32285,0.00953,0.57217
CVE-2022-32286,0.00545,0.41919
CVE-2022-32287,0.01556,0.72307
CVE-2022-32289,0.00273,0.19226
CVE-2022-32290,0.00224,0.12977
CVE-2022-32291,0.01503,0.71347
CVE-2022-32292,0.02392,0.82043
CVE-2022-32293,0.0152,0.71646
CVE-2022-32294,0.0244,0.82411
CVE-2022-32295,0.0122,0.65156
CVE-2022-32296,0.00426,0.34448
CVE-2022-32297,0.01188,0.64257
CVE-2022-32298,0.01017,0.59287
CVE-2022-32299,0.0102,0.59359
CVE-2022-32300,0.01286,0.66803
CVE-2022-32301,0.01026,0.59586
CVE-2022-32302,0.00921,0.56168
CVE-2022-32308,0.00596,0.44381
CVE-2022-32310,0.0154,0.72001
CVE-2022-32311,0.01424,0.69808
CVE-2022-32317,0.00886,0.55049
CVE-2022-32318,0.00492,0.38882
CVE-2022-32320,0.00502,0.39478
CVE-2022-32323,0.00879,0.54871
CVE-2022-32324,0.0111,0.62094
CVE-2022-32325,0.00896,0.55365
CVE-2022-32328,0.01147,0.63073
CVE-2022-32330,0.00909,0.558
CVE-2022-32331,0.00909,0.55799
CVE-2022-32332,0.00909,0.558
CVE-2022-32333,0.00909,0.55801
CVE-2022-32334,0.00909,0.558
CVE-2022-32335,0.00909,0.55802
CVE-2022-32336,0.01026,0.59584
CVE-2022-32337,0.01026,0.59583
CVE-2022-32338,0.00909,0.558
CVE-2022-32339,0.00909,0.55801
CVE-2022-32340,0.00909,0.55799
CVE-2022-32341,0.00909,0.55799
CVE-2022-32342,0.00909,0.55804
CVE-2022-32343,0.00909,0.55797
CVE-2022-32344,0.00909,0.55811
CVE-2022-32345,0.00909,0.55805
CVE-2022-32346,0.0074,0.50347
CVE-2022-32347,0.00909,0.55805
CVE-2022-32348,0.00909,0.55805
CVE-2022-32349,0.00909,0.55802
CVE-2022-32350,0.00909,0.55802
CVE-2022-32351,0.00909,0.55801
CVE-2022-32352,0.01026,0.59584
CVE-2022-32353,0.01006,0.58961
CVE-2022-32354,0.00909,0.55803
CVE-2022-32355,0.00909,0.55804
CVE-2022-32358,0.00909,0.55803
CVE-2022-32359,0.00909,0.5581
CVE-2022-32362,0.00909,0.5581
CVE-2022-32363,0.00909,0.55806
CVE-2022-32364,0.00909,0.55806
CVE-2022-32365,0.00909,0.55806
CVE-2022-32366,0.00909,0.55807
CVE-2022-32367,0.00909,0.55809
CVE-2022-32368,0.00909,0.55807
CVE-2022-32370,0.00909,0.55809
CVE-2022-32371,0.00909,0.55809
CVE-2022-32372,0.00909,0.5581
CVE-2022-32373,0.00909,0.55811
CVE-2022-32374,0.00909,0.55803
CVE-2022-32375,0.00909,0.55803
CVE-2022-32376,0.00909,0.55797
CVE-2022-32377,0.00909,0.55798
CVE-2022-32378,0.00909,0.55798
CVE-2022-32379,0.00909,0.55798
CVE-2022-32380,0.00909,0.55798
CVE-2022-32381,0.00909,0.55797
CVE-2022-32383,0.0141,0.69521
CVE-2022-32384,0.00594,0.44315
CVE-2022-32385,0.01887,0.77107
CVE-2022-32386,0.09569,0.94907
CVE-2022-32387,0.00857,0.54193
CVE-2022-32389,0.00541,0.41718
CVE-2022-32391,0.01199,0.64544
CVE-2022-32392,0.01199,0.64544
CVE-2022-32393,0.01199,0.64544
CVE-2022-32394,0.01199,0.64541
CVE-2022-32395,0.01199,0.64543
CVE-2022-32396,0.01199,0.64541
CVE-2022-32397,0.01199,0.64542
CVE-2022-32398,0.01209,0.64825
CVE-2022-32399,0.01199,0.64545
CVE-2022-32400,0.01183,0.64133
CVE-2022-32401,0.01199,0.64542
CVE-2022-32402,0.01199,0.64542
CVE-2022-32403,0.01199,0.64543
CVE-2022-32404,0.01199,0.64544
CVE-2022-32405,0.01199,0.64543
CVE-2022-32406,0.00506,0.39726
CVE-2022-32407,0.00486,0.38513
CVE-2022-32409,0.12593,0.95784
CVE-2022-32411,0.00863,0.54363
CVE-2022-32412,0.00863,0.54363
CVE-2022-32413,0.01753,0.7529
CVE-2022-32414,0.00628,0.45906
CVE-2022-32415,0.009,0.55481
CVE-2022-32416,0.00888,0.5511
CVE-2022-32417,0.33301,0.98177
CVE-2022-32420,0.18913,0.96966
CVE-2022-32425,0.00552,0.42299
CVE-2022-32427,0.01371,0.68736
CVE-2022-32429,0.75556,0.99463
CVE-2022-32430,0.03634,0.88223
CVE-2022-32433,0.01307,0.67246
CVE-2022-32434,0.00792,0.52077
CVE-2022-32441,0.00627,0.45865
CVE-2022-32442,0.00743,0.50424
CVE-2022-32444,0.02246,0.80838
CVE-2022-32449,0.18433,0.96902
CVE-2022-32450,0.00517,0.40377
CVE-2022-32453,0.00601,0.44639
CVE-2022-32454,0.01559,0.72345
CVE-2022-32455,0.00453,0.36412
CVE-2022-32456,0.01321,0.67558
CVE-2022-32457,0.00676,0.47959
CVE-2022-32458,0.00912,0.55895
CVE-2022-32469,0.00132,0.03148
CVE-2022-32470,0.00132,0.0315
CVE-2022-32471,0.00132,0.03148
CVE-2022-32473,0.00132,0.03149
CVE-2022-32474,0.00132,0.03147
CVE-2022-32475,0.00132,0.03147
CVE-2022-32476,0.00132,0.03149
CVE-2022-32477,0.00132,0.03149
CVE-2022-32478,0.00132,0.03149
CVE-2022-32480,0.00733,0.50101
CVE-2022-32481,0.00243,0.15354
CVE-2022-32482,0.00162,0.05771
CVE-2022-32483,0.00163,0.05847
CVE-2022-32484,0.00163,0.05848
CVE-2022-32485,0.00204,0.1048
CVE-2022-32486,0.00198,0.09774
CVE-2022-32487,0.00204,0.10481
CVE-2022-32488,0.00229,0.13618
CVE-2022-32489,0.00229,0.13617
CVE-2022-32490,0.00175,0.07206
CVE-2022-32491,0.00155,0.0511
CVE-2022-32492,0.00198,0.09774
CVE-2022-32493,0.00181,0.07854
CVE-2022-32498,0.00177,0.07402
CVE-2022-32502,0.0131,0.67317
CVE-2022-32503,0.00504,0.39626
CVE-2022-32504,0.0161,0.73117
CVE-2022-32505,0.00457,0.36719
CVE-2022-32506,0.00434,0.35059
CVE-2022-32507,0.00516,0.4032
CVE-2022-32508,0.01281,0.66673
CVE-2022-32509,0.00285,0.20429
CVE-2022-32510,0.003,0.21882
CVE-2022-32511,0.02131,0.79828
CVE-2022-32512,0.00261,0.1755
CVE-2022-32513,0.00689,0.48506
CVE-2022-32514,0.00781,0.51702
CVE-2022-32515,0.00633,0.46143
CVE-2022-32516,0.00246,0.15819
CVE-2022-32517,0.0043,0.3476
CVE-2022-32518,0.00532,0.41246
CVE-2022-32519,0.00472,0.37639
CVE-2022-32520,0.00532,0.41246
CVE-2022-32521,0.00537,0.41466
CVE-2022-32522,0.01103,0.61911
CVE-2022-32523,0.01258,0.66159
CVE-2022-32524,0.01258,0.66158
CVE-2022-32525,0.01258,0.66158
CVE-2022-32526,0.01258,0.66158
CVE-2022-32527,0.01258,0.66159
CVE-2022-32528,0.0047,0.3752
CVE-2022-32529,0.01258,0.66159
CVE-2022-32530,0.00418,0.33791
CVE-2022-32531,0.01021,0.59382
CVE-2022-32532,0.25431,0.97704
CVE-2022-32533,0.03791,0.88741
CVE-2022-32534,0.02307,0.81359
CVE-2022-32535,0.00717,0.49508
CVE-2022-32536,0.0097,0.57781
CVE-2022-32537,0.00319,0.23826
CVE-2022-32540,0.00306,0.22499
CVE-2022-32543,0.00461,0.36942
CVE-2022-32544,0.00671,0.47744
CVE-2022-32545,0.01327,0.67692
CVE-2022-32546,0.01339,0.67992
CVE-2022-32547,0.01327,0.67692
CVE-2022-32548,0.33795,0.98199
CVE-2022-32549,0.02273,0.81055
CVE-2022-32550,0.00495,0.39045
CVE-2022-32551,0.03375,0.87368
CVE-2022-32552,0.01072,0.60994
CVE-2022-32553,0.01072,0.60993
CVE-2022-32554,0.01204,0.64687
CVE-2022-32555,0.0031,0.22967
CVE-2022-32556,0.00768,0.51279
CVE-2022-32557,0.01058,0.60531
CVE-2022-32558,0.0116,0.6345
CVE-2022-32559,0.01249,0.65922
CVE-2022-32560,0.00957,0.57323
CVE-2022-32561,0.00773,0.51439
CVE-2022-32562,0.00914,0.55974
CVE-2022-32563,0.00763,0.51092
CVE-2022-32564,0.01094,0.6164
CVE-2022-32565,0.01094,0.61641
CVE-2022-32567,0.00545,0.41903
CVE-2022-32569,0.00192,0.09029
CVE-2022-32570,0.00161,0.05677
CVE-2022-32572,0.22746,0.97458
CVE-2022-32573,0.0369,0.88424
CVE-2022-32574,0.01487,0.71056
CVE-2022-32575,0.00189,0.08688
CVE-2022-32576,0.00169,0.06512
CVE-2022-32577,0.00198,0.09764
CVE-2022-32578,0.00147,0.04392
CVE-2022-32579,0.00267,0.1841
CVE-2022-32582,0.00157,0.05242
CVE-2022-32583,0.00671,0.47744
CVE-2022-32585,0.02776,0.84693
CVE-2022-32586,0.03787,0.8873
CVE-2022-32587,0.00258,0.17184
CVE-2022-32588,0.00601,0.44656
CVE-2022-32589,0.00616,0.45367
CVE-2022-32590,0.00128,0.02872
CVE-2022-32591,0.00616,0.45367
CVE-2022-32592,0.00125,0.02605
CVE-2022-32593,0.00128,0.02872
CVE-2022-32594,0.00128,0.02806
CVE-2022-32595,0.00137,0.03475
CVE-2022-32596,0.00131,0.03074
CVE-2022-32597,0.00131,0.03073
CVE-2022-32598,0.00131,0.03073
CVE-2022-32599,0.00137,0.03537
CVE-2022-32601,0.00109,0.01472
CVE-2022-32602,0.00129,0.02957
CVE-2022-32603,0.00134,0.03266
CVE-2022-32605,0.00131,0.03078
CVE-2022-32607,0.00134,0.03265
CVE-2022-32608,0.00098,0.00928
CVE-2022-32609,0.00123,0.02475
CVE-2022-32610,0.00123,0.02474
CVE-2022-32611,0.00134,0.03265
CVE-2022-32612,0.00098,0.00928
CVE-2022-32613,0.00098,0.00928
CVE-2022-32614,0.00137,0.03541
CVE-2022-32615,0.00134,0.03291
CVE-2022-32616,0.00134,0.03266
CVE-2022-32617,0.00202,0.10243
CVE-2022-32618,0.00202,0.10243
CVE-2022-32619,0.00128,0.02873
CVE-2022-32620,0.00135,0.03316
CVE-2022-32621,0.00096,0.00855
CVE-2022-32622,0.00131,0.03072
CVE-2022-32623,0.00095,0.00787
CVE-2022-32624,0.00093,0.00684
CVE-2022-32625,0.00093,0.00683
CVE-2022-32626,0.00093,0.00682
CVE-2022-32628,0.00095,0.00783
CVE-2022-32629,0.00095,0.00782
CVE-2022-32630,0.00128,0.02873
CVE-2022-32631,0.00128,0.02806
CVE-2022-32632,0.00128,0.02806
CVE-2022-32633,0.00098,0.00954
CVE-2022-32634,0.00093,0.00685
CVE-2022-32635,0.00094,0.00747
CVE-2022-32636,0.00093,0.00684
CVE-2022-32637,0.00128,0.02872
CVE-2022-32638,0.00096,0.00855
CVE-2022-32639,0.00129,0.02914
CVE-2022-32640,0.00131,0.03074
CVE-2022-32641,0.00131,0.03073
CVE-2022-32642,0.00128,0.02808
CVE-2022-32643,0.00157,0.05232
CVE-2022-32644,0.00121,0.02212
CVE-2022-32645,0.00094,0.00749
CVE-2022-32646,0.00138,0.03549
CVE-2022-32647,0.00093,0.00684
CVE-2022-32648,0.00121,0.02212
CVE-2022-32649,0.001,0.01018
CVE-2022-32650,0.00099,0.0101
CVE-2022-32651,0.00099,0.01009
CVE-2022-32652,0.00099,0.01009
CVE-2022-32653,0.00099,0.0101
CVE-2022-32654,0.00312,0.23128
CVE-2022-32655,0.00312,0.23128
CVE-2022-32656,0.00312,0.23129
CVE-2022-32657,0.00256,0.17017
CVE-2022-32658,0.00256,0.17017
CVE-2022-32659,0.00256,0.17017
CVE-2022-32663,0.01592,0.72858
CVE-2022-32664,0.0117,0.63749
CVE-2022-32665,0.01523,0.71706
CVE-2022-32666,0.0099,0.58442
CVE-2022-32739,0.00733,0.50109
CVE-2022-32740,0.00712,0.49328
CVE-2022-32741,0.00799,0.52284
CVE-2022-32742,0.0099,0.58445
CVE-2022-32743,0.01147,0.63074
CVE-2022-32744,0.00956,0.57302
CVE-2022-32745,0.00904,0.55619
CVE-2022-32746,0.01064,0.60729
CVE-2022-32747,0.00311,0.23075
CVE-2022-32748,0.0014,0.03746
CVE-2022-32749,0.013,0.67113
CVE-2022-32750,0.00421,0.34053
CVE-2022-32751,0.00453,0.36426
CVE-2022-32752,0.01361,0.6853
CVE-2022-32753,0.0018,0.07686
CVE-2022-32754,0.00321,0.24082
CVE-2022-32755,0.00714,0.49398
CVE-2022-32756,0.00508,0.39853
CVE-2022-32757,0.00855,0.54124
CVE-2022-32759,0.00378,0.29913
CVE-2022-32760,0.00879,0.54883
CVE-2022-32761,0.02411,0.82185
CVE-2022-32763,0.01125,0.6252
CVE-2022-32764,0.00127,0.02744
CVE-2022-32765,0.03455,0.87651
CVE-2022-32766,0.00185,0.08224
CVE-2022-32768,0.00771,0.5138
CVE-2022-32769,0.00665,0.47507
CVE-2022-32770,0.03355,0.87301
CVE-2022-32771,0.03187,0.86593
CVE-2022-32772,0.0303,0.85947
CVE-2022-32773,0.03244,0.86855
CVE-2022-32774,0.0098,0.58121
CVE-2022-32775,0.01441,0.70136
CVE-2022-32776,0.00437,0.35272
CVE-2022-32777,0.01983,0.78243
CVE-2022-32778,0.01983,0.78243
CVE-2022-32781,0.00277,0.19652
CVE-2022-32782,0.00248,0.15963
CVE-2022-32783,0.00244,0.15509
CVE-2022-32784,0.00547,0.4203
CVE-2022-32785,0.00684,0.48298
CVE-2022-32786,0.02629,0.83739
CVE-2022-32787,0.01283,0.66729
CVE-2022-32788,0.02069,0.79206
CVE-2022-32789,0.00976,0.58027
CVE-2022-32790,0.0175,0.75236
CVE-2022-32792,0.01975,0.78145
CVE-2022-32793,0.00852,0.53988
CVE-2022-32794,0.00235,0.1443
CVE-2022-32795,0.00642,0.46527
CVE-2022-32796,0.01044,0.6013
CVE-2022-32797,0.01013,0.59175
CVE-2022-32798,0.01574,0.72569
CVE-2022-32799,0.01324,0.67616
CVE-2022-32800,0.02518,0.82993
CVE-2022-32801,0.00894,0.55309
CVE-2022-32802,0.00383,0.30453
CVE-2022-32805,0.00408,0.32928
CVE-2022-32807,0.00704,0.49039
CVE-2022-32810,0.00605,0.44853
CVE-2022-32811,0.00447,0.36046
CVE-2022-32812,0.0059,0.44152
CVE-2022-32813,0.00239,0.14957
CVE-2022-32814,0.00269,0.186
CVE-2022-32815,0.00324,0.24403
CVE-2022-32816,0.06463,0.92943
CVE-2022-32817,0.00752,0.50713
CVE-2022-32818,0.00921,0.56141
CVE-2022-32819,0.00343,0.26409
CVE-2022-32820,0.00264,0.17837
CVE-2022-32821,0.00646,0.46694
CVE-2022-32823,0.00238,0.14771
CVE-2022-32824,0.00223,0.12902
CVE-2022-32825,0.00247,0.15946
CVE-2022-32826,0.0025,0.16319
CVE-2022-32827,0.00481,0.38187
CVE-2022-32828,0.00577,0.43548
CVE-2022-32829,0.00566,0.43048
CVE-2022-32830,0.00622,0.45679
CVE-2022-32831,0.00567,0.43102
CVE-2022-32832,0.0096,0.57414
CVE-2022-32833,0.00617,0.45451
CVE-2022-32834,0.00528,0.40974
CVE-2022-32835,0.00241,0.15106
CVE-2022-32836,0.00552,0.42305
CVE-2022-32837,0.00748,0.50616
CVE-2022-32838,0.00522,0.40671
CVE-2022-32839,0.02996,0.85783
CVE-2022-32840,0.00574,0.4341
CVE-2022-32841,0.00603,0.44753
CVE-2022-32842,0.00541,0.417
CVE-2022-32843,0.00567,0.43102
CVE-2022-32844,0.00197,0.09583
CVE-2022-32845,0.04397,0.90199
CVE-2022-32846,0.00613,0.45217
CVE-2022-32847,0.02602,0.83566
CVE-2022-32848,0.00577,0.43571
CVE-2022-32849,0.00242,0.15287
CVE-2022-32851,0.00567,0.43102
CVE-2022-32852,0.00532,0.41231
CVE-2022-32853,0.00567,0.43101
CVE-2022-32854,0.00264,0.17869
CVE-2022-32855,0.00214,0.11744
CVE-2022-32857,0.00239,0.14835
CVE-2022-32858,0.00264,0.17855
CVE-2022-32859,0.00534,0.4135
CVE-2022-32860,0.00255,0.16818
CVE-2022-32861,0.00527,0.40931
CVE-2022-32862,0.00727,0.49886
CVE-2022-32863,0.00841,0.53621
CVE-2022-32864,0.0035,0.27098
CVE-2022-32865,0.00271,0.18853
CVE-2022-32866,0.0028,0.19897
CVE-2022-32867,0.00356,0.27793
CVE-2022-32868,0.00848,0.53838
CVE-2022-32870,0.00407,0.32832
CVE-2022-32871,0.00256,0.16917
CVE-2022-32872,0.00339,0.25973
CVE-2022-32875,0.00255,0.16897
CVE-2022-32876,0.0019,0.08798
CVE-2022-32877,0.00264,0.17855
CVE-2022-32879,0.00407,0.32832
CVE-2022-32880,0.00531,0.4118
CVE-2022-32881,0.00247,0.15936
CVE-2022-32882,0.00747,0.50555
CVE-2022-32883,0.00484,0.38391
CVE-2022-32885,0.00799,0.5229
CVE-2022-32886,0.01413,0.69584
CVE-2022-32887,0.00252,0.16528
CVE-2022-32888,0.01144,0.62986
CVE-2022-32889,0.0026,0.17398
CVE-2022-32890,0.00589,0.44108
CVE-2022-32891,0.00705,0.49062
CVE-2022-32892,0.00568,0.43146
CVE-2022-32893,0.09785,0.94985
CVE-2022-32894,0.03259,0.86921
CVE-2022-32895,0.0073,0.4999
CVE-2022-32896,0.00211,0.11396
CVE-2022-32897,0.00421,0.34041
CVE-2022-32898,0.00828,0.53229
CVE-2022-32899,0.00405,0.32676
CVE-2022-32900,0.00217,0.12094
CVE-2022-32902,0.00244,0.15477
CVE-2022-32903,0.00263,0.17773
CVE-2022-32904,0.00235,0.14339
CVE-2022-32905,0.0028,0.19893
CVE-2022-32906,0.00353,0.27405
CVE-2022-32907,0.0051,0.39941
CVE-2022-32908,0.00351,0.27184
CVE-2022-32909,0.00225,0.13195
CVE-2022-32910,0.0093,0.56475
CVE-2022-32911,0.0041,0.33025
CVE-2022-32912,0.01136,0.62793
CVE-2022-32913,0.00281,0.19993
CVE-2022-32914,0.00259,0.17337
CVE-2022-32915,0.00257,0.17123
CVE-2022-32916,0.00236,0.14531
CVE-2022-32917,0.05557,0.91941
CVE-2022-32918,0.00212,0.11523
CVE-2022-32919,0.00523,0.40705
CVE-2022-32920,0.00181,0.0788
CVE-2022-32922,0.00725,0.49784
CVE-2022-32923,0.0091,0.55841
CVE-2022-32924,0.00529,0.41014
CVE-2022-32925,0.00253,0.16583
CVE-2022-32926,0.00279,0.19783
CVE-2022-32927,0.00803,0.52436
CVE-2022-32928,0.00648,0.46799
CVE-2022-32929,0.00314,0.23345
CVE-2022-32931,0.00186,0.08351
CVE-2022-32932,0.00558,0.42634
CVE-2022-32933,0.00418,0.33741
CVE-2022-32934,0.0156,0.72361
CVE-2022-32935,0.00345,0.26599
CVE-2022-32936,0.00225,0.13195
CVE-2022-32938,0.00721,0.49649
CVE-2022-32939,0.0026,0.1749
CVE-2022-32940,0.00263,0.17825
CVE-2022-32941,0.01321,0.67541
CVE-2022-32942,0.00361,0.28292
CVE-2022-32943,0.00715,0.49455
CVE-2022-32944,0.00275,0.19393
CVE-2022-32945,0.00323,0.24342
CVE-2022-32946,0.00238,0.14784
CVE-2022-32947,0.00582,0.43797
CVE-2022-32948,0.00245,0.15621
CVE-2022-32949,0.00233,0.14157
CVE-2022-32953,0.00132,0.03151
CVE-2022-32954,0.00132,0.03151
CVE-2022-32955,0.00132,0.03151
CVE-2022-32958,0.00838,0.53541
CVE-2022-32959,0.0022,0.12463
CVE-2022-32960,0.0022,0.12463
CVE-2022-32961,0.0022,0.12464
CVE-2022-32962,0.00219,0.1237
CVE-2022-32963,0.01153,0.63266
CVE-2022-32964,0.0117,0.63735
CVE-2022-32965,0.0116,0.63446
CVE-2022-32966,0.00282,0.20151
CVE-2022-32967,0.00238,0.14829
CVE-2022-32969,0.01448,0.70268
CVE-2022-32970,0.00364,0.2854
CVE-2022-32971,0.00441,0.35586
CVE-2022-32972,0.00212,0.11537
CVE-2022-32973,0.01255,0.6606
CVE-2022-32974,0.00704,0.49035
CVE-2022-32978,0.00836,0.53472
CVE-2022-32981,0.00951,0.5717
CVE-2022-32983,0.00779,0.51631
CVE-2022-32984,0.01009,0.59016
CVE-2022-32985,0.01167,0.63666
CVE-2022-32987,0.00517,0.40353
CVE-2022-32988,0.00604,0.44774
CVE-2022-32990,0.0065,0.4688
CVE-2022-32991,0.0102,0.59359
CVE-2022-32992,0.00909,0.55808
CVE-2022-32993,0.00809,0.52628
CVE-2022-32994,0.17111,0.96724
CVE-2022-32995,0.16266,0.9658
CVE-2022-32996,0.01901,0.77284
CVE-2022-32997,0.01901,0.77285
CVE-2022-32998,0.01901,0.77284
CVE-2022-32999,0.01941,0.77784
CVE-2022-33000,0.01901,0.77285
CVE-2022-33001,0.01941,0.77783
CVE-2022-33002,0.01941,0.77783
CVE-2022-33003,0.01941,0.77783
CVE-2022-33004,0.01901,0.77285
CVE-2022-33005,0.006,0.44603
CVE-2022-33007,0.00809,0.52624
CVE-2022-33009,0.0049,0.38772
CVE-2022-33011,0.01416,0.69651
CVE-2022-33012,0.01262,0.6624
CVE-2022-33021,0.01038,0.59935
CVE-2022-33023,0.00646,0.46703
CVE-2022-33024,0.0101,0.59069
CVE-2022-33025,0.00787,0.51921
CVE-2022-33026,0.00711,0.49299
CVE-2022-33027,0.00748,0.50602
CVE-2022-33028,0.00711,0.49299
CVE-2022-33032,0.00712,0.49309
CVE-2022-33033,0.00712,0.49309
CVE-2022-33034,0.00711,0.49299
CVE-2022-33035,0.00377,0.29862
CVE-2022-33036,0.00477,0.37926
CVE-2022-33037,0.00391,0.31244
CVE-2022-33042,0.00888,0.55111
CVE-2022-33043,0.00514,0.40174
CVE-2022-33047,0.01055,0.60446
CVE-2022-33048,0.00909,0.55807
CVE-2022-33049,0.00909,0.55807
CVE-2022-33055,0.00909,0.55808
CVE-2022-33056,0.00909,0.55808
CVE-2022-33057,0.00888,0.5511
CVE-2022-33058,0.00888,0.55111
CVE-2022-33059,0.00888,0.55111
CVE-2022-33060,0.00888,0.55112
CVE-2022-33061,0.00723,0.49732
CVE-2022-33064,0.00314,0.23352
CVE-2022-33065,0.00351,0.27177
CVE-2022-33067,0.00598,0.44519
CVE-2022-33068,0.01142,0.62929
CVE-2022-33069,0.00605,0.44842
CVE-2022-33070,0.01065,0.60816
CVE-2022-33075,0.00591,0.44205
CVE-2022-33077,0.00647,0.46747
CVE-2022-33082,0.01673,0.74141
CVE-2022-33085,0.0181,0.76087
CVE-2022-33087,0.01502,0.7133
CVE-2022-33092,0.00923,0.56226
CVE-2022-33093,0.00923,0.56226
CVE-2022-33094,0.00923,0.56225
CVE-2022-33095,0.0101,0.59094
CVE-2022-33096,0.00923,0.56225
CVE-2022-33097,0.00923,0.56226
CVE-2022-33098,0.51615,0.98821
CVE-2022-33099,0.025,0.8285
CVE-2022-33103,0.00453,0.36445
CVE-2022-33105,0.03066,0.86098
CVE-2022-33106,0.00787,0.51914
CVE-2022-33107,0.22306,0.97406
CVE-2022-33108,0.01094,0.61578
CVE-2022-33113,0.00486,0.38558
CVE-2022-33114,0.00932,0.56564
CVE-2022-33116,0.01679,0.74227
CVE-2022-33119,0.01531,0.71838
CVE-2022-33121,0.0039,0.31117
CVE-2022-33122,0.00462,0.37042
CVE-2022-33124,0.00685,0.48329
CVE-2022-33127,0.01705,0.74615
CVE-2022-33128,0.00847,0.53819
CVE-2022-33137,0.00816,0.52853
CVE-2022-33138,0.01272,0.66468
CVE-2022-33139,0.01174,0.63855
CVE-2022-33140,0.03674,0.88375
CVE-2022-33142,0.00871,0.54635
CVE-2022-33146,0.01478,0.70877
CVE-2022-33147,0.01636,0.73572
CVE-2022-33148,0.00973,0.57914
CVE-2022-33149,0.01636,0.73573
CVE-2022-33150,0.03359,0.87315
CVE-2022-33151,0.00546,0.41998
CVE-2022-33154,0.00487,0.38623
CVE-2022-33155,0.00467,0.37316
CVE-2022-33156,0.00541,0.41714
CVE-2022-33157,0.00541,0.41714
CVE-2022-33158,0.00273,0.19192
CVE-2022-33159,0.00341,0.26162
CVE-2022-33160,0.00277,0.19594
CVE-2022-33161,0.00429,0.34658
CVE-2022-33162,0.0043,0.34708
CVE-2022-33163,0.00502,0.39429
CVE-2022-33164,0.01476,0.70848
CVE-2022-33165,0.01172,0.63797
CVE-2022-33166,0.00787,0.51918
CVE-2022-33167,0.00426,0.34426
CVE-2022-33168,0.00765,0.51174
CVE-2022-33169,0.00539,0.41591
CVE-2022-33171,0.20299,0.97177
CVE-2022-33172,0.00212,0.11454
CVE-2022-33173,0.01133,0.6272
CVE-2022-33174,0.13425,0.95984
CVE-2022-33175,0.01696,0.74486
CVE-2022-33176,0.00225,0.13099
CVE-2022-33177,0.00279,0.19832
CVE-2022-33178,0.01289,0.66853
CVE-2022-33179,0.00184,0.08191
CVE-2022-33180,0.00212,0.1146
CVE-2022-33181,0.00215,0.11943
CVE-2022-33182,0.00195,0.09327
CVE-2022-33183,0.01443,0.70159
CVE-2022-33184,0.00322,0.24201
CVE-2022-33185,0.00322,0.24201
CVE-2022-33186,0.01546,0.72118
CVE-2022-33187,0.00461,0.36963
CVE-2022-33189,0.03244,0.86854
CVE-2022-33190,0.00231,0.13966
CVE-2022-33191,0.00457,0.3667
CVE-2022-33192,0.03244,0.86855
CVE-2022-33193,0.03073,0.86125
CVE-2022-33194,0.03073,0.86125
CVE-2022-33195,0.03244,0.86854
CVE-2022-33196,0.00213,0.11564
CVE-2022-33198,0.02654,0.83902
CVE-2022-33201,0.00309,0.22789
CVE-2022-33202,0.00393,0.31396
CVE-2022-33203,0.00681,0.48171
CVE-2022-33204,0.04222,0.89843
CVE-2022-33205,0.04183,0.89758
CVE-2022-33206,0.04183,0.89758
CVE-2022-33207,0.04222,0.89843
CVE-2022-33208,0.01769,0.75518
CVE-2022-33209,0.00206,0.10743
CVE-2022-33210,0.00118,0.02048
CVE-2022-33211,0.00417,0.33713
CVE-2022-33213,0.00409,0.32985
CVE-2022-33214,0.00082,0.00279
CVE-2022-33216,0.0011,0.01508
CVE-2022-33217,0.00116,0.01864
CVE-2022-33218,0.00131,0.03039
CVE-2022-33219,0.00134,0.03267
CVE-2022-33220,0.00107,0.01354
CVE-2022-33221,0.0012,0.02186
CVE-2022-33222,0.00354,0.27538
CVE-2022-33223,0.00383,0.30398
CVE-2022-33224,0.00115,0.01811
CVE-2022-33225,0.00122,0.02302
CVE-2022-33226,0.00115,0.01812
CVE-2022-33227,0.00115,0.01808
CVE-2022-33228,0.00354,0.27537
CVE-2022-33229,0.00375,0.29678
CVE-2022-33230,0.00115,0.01806
CVE-2022-33231,0.0008,0.00232
CVE-2022-33232,0.00116,0.01878
CVE-2022-33233,0.00123,0.0245
CVE-2022-33234,0.00307,0.22617
CVE-2022-33235,0.00375,0.29678
CVE-2022-33236,0.00383,0.30396
CVE-2022-33237,0.00383,0.30396
CVE-2022-33238,0.00406,0.32757
CVE-2022-33239,0.00383,0.30395
CVE-2022-33240,0.00115,0.01809
CVE-2022-33242,0.00141,0.03854
CVE-2022-33243,0.00107,0.0137
CVE-2022-33244,0.00406,0.3276
CVE-2022-33245,0.00122,0.02301
CVE-2022-33246,0.00122,0.02301
CVE-2022-33248,0.00125,0.02568
CVE-2022-33250,0.00406,0.32759
CVE-2022-33251,0.00383,0.30393
CVE-2022-33252,0.00243,0.15434
CVE-2022-33253,0.00222,0.12707
CVE-2022-33254,0.00406,0.3276
CVE-2022-33255,0.00414,0.33474
CVE-2022-33256,0.0053,0.41096
CVE-2022-33257,0.00087,0.00453
CVE-2022-33258,0.00354,0.27537
CVE-2022-33259,0.00417,0.33714
CVE-2022-33260,0.00122,0.02304
CVE-2022-33263,0.00115,0.01808
CVE-2022-33264,0.00115,0.01813
CVE-2022-33265,0.0036,0.28144
CVE-2022-33266,0.00115,0.01815
CVE-2022-33267,0.00115,0.01807
CVE-2022-33268,0.0045,0.36259
CVE-2022-33269,0.00116,0.01876
CVE-2022-33270,0.00278,0.19707
CVE-2022-33271,0.00375,0.29678
CVE-2022-33272,0.00406,0.32759
CVE-2022-33273,0.0012,0.02183
CVE-2022-33274,0.00119,0.02062
CVE-2022-33275,0.00111,0.01583
CVE-2022-33276,0.00116,0.01875
CVE-2022-33277,0.00123,0.02454
CVE-2022-33278,0.00123,0.0245
CVE-2022-33279,0.0045,0.36211
CVE-2022-33280,0.00326,0.24645
CVE-2022-33281,0.00115,0.01811
CVE-2022-33282,0.00117,0.01986
CVE-2022-33283,0.00354,0.27534
CVE-2022-33284,0.00354,0.27536
CVE-2022-33285,0.00383,0.30398
CVE-2022-33286,0.00383,0.30394
CVE-2022-33287,0.00354,0.27535
CVE-2022-33288,0.00118,0.02048
CVE-2022-33289,0.00186,0.08326
CVE-2022-33290,0.00383,0.30395
CVE-2022-33291,0.00354,0.27537
CVE-2022-33292,0.00116,0.01905
CVE-2022-33294,0.00383,0.30397
CVE-2022-33295,0.00354,0.27536
CVE-2022-33296,0.00115,0.01814
CVE-2022-33297,0.00113,0.01687
CVE-2022-33298,0.00115,0.01809
CVE-2022-33299,0.00383,0.30396
CVE-2022-33300,0.00116,0.01877
CVE-2022-33301,0.00115,0.01808
CVE-2022-33302,0.00118,0.02048
CVE-2022-33303,0.00104,0.01247
CVE-2022-33304,0.00383,0.30394
CVE-2022-33305,0.00383,0.30398
CVE-2022-33306,0.00424,0.3432
CVE-2022-33307,0.00116,0.01878
CVE-2022-33309,0.00406,0.32758
CVE-2022-33311,0.00728,0.4991
CVE-2022-33312,0.04251,0.89905
CVE-2022-33313,0.04251,0.89905
CVE-2022-33314,0.04251,0.89906
CVE-2022-33315,0.00322,0.24218
CVE-2022-33316,0.00322,0.24219
CVE-2022-33317,0.00309,0.22771
CVE-2022-33318,0.4548,0.9865
CVE-2022-33319,0.01314,0.67388
CVE-2022-33320,0.00443,0.35707
CVE-2022-33321,0.00901,0.555
CVE-2022-33322,0.00837,0.53527
CVE-2022-33323,0.01144,0.62993
CVE-2022-33324,0.0167,0.74085
CVE-2022-33325,0.04251,0.89906
CVE-2022-33326,0.04251,0.89904
CVE-2022-33327,0.04251,0.89904
CVE-2022-33328,0.04251,0.89905
CVE-2022-33329,0.04251,0.89906
CVE-2022-33631,0.00767,0.51237
CVE-2022-33632,0.01103,0.6189
CVE-2022-33633,0.02204,0.80479
CVE-2022-33634,0.01057,0.60503
CVE-2022-33635,0.00968,0.57713
CVE-2022-33636,0.0105,0.60297
CVE-2022-33637,0.01438,0.70064
CVE-2022-33638,0.02318,0.81466
CVE-2022-33639,0.02513,0.82951
CVE-2022-33640,0.00551,0.42271
CVE-2022-33641,0.01763,0.75421
CVE-2022-33642,0.0208,0.79325
CVE-2022-33643,0.01763,0.75417
CVE-2022-33644,0.00443,0.35705
CVE-2022-33645,0.01995,0.78379
CVE-2022-33646,0.00374,0.29563
CVE-2022-33647,0.01718,0.748
CVE-2022-33648,0.00774,0.51485
CVE-2022-33649,0.01894,0.77194
CVE-2022-33650,0.0212,0.79724
CVE-2022-33651,0.0208,0.79324
CVE-2022-33652,0.02075,0.79266
CVE-2022-33653,0.0208,0.79326
CVE-2022-33654,0.0208,0.79326
CVE-2022-33655,0.01933,0.77681
CVE-2022-33656,0.01763,0.75419
CVE-2022-33657,0.01763,0.7542
CVE-2022-33658,0.02075,0.79266
CVE-2022-33659,0.0208,0.79325
CVE-2022-33660,0.0208,0.79324
CVE-2022-33661,0.01763,0.75419
CVE-2022-33662,0.01763,0.75418
CVE-2022-33663,0.01763,0.75419
CVE-2022-33664,0.0208,0.79325
CVE-2022-33665,0.01763,0.75421
CVE-2022-33666,0.01763,0.75418
CVE-2022-33667,0.01763,0.7542
CVE-2022-33668,0.0208,0.79326
CVE-2022-33669,0.0208,0.79326
CVE-2022-33670,0.00484,0.38372
CVE-2022-33671,0.0208,0.79324
CVE-2022-33672,0.01763,0.75419
CVE-2022-33673,0.01763,0.7542
CVE-2022-33674,0.01119,0.62367
CVE-2022-33675,0.00705,0.49049
CVE-2022-33676,0.02237,0.80764
CVE-2022-33677,0.02204,0.80479
CVE-2022-33678,0.02237,0.80764
CVE-2022-33679,0.0855,0.94435
CVE-2022-33680,0.01704,0.74595
CVE-2022-33681,0.0058,0.43683
CVE-2022-33682,0.00597,0.44464
CVE-2022-33683,0.00568,0.43127
CVE-2022-33684,0.00704,0.49023
CVE-2022-33685,0.00105,0.01261
CVE-2022-33686,0.00101,0.01085
CVE-2022-33687,0.00099,0.00985
CVE-2022-33688,0.00099,0.00984
CVE-2022-33689,0.00094,0.00739
CVE-2022-33690,0.00117,0.0196
CVE-2022-33691,0.00071,0.00056
CVE-2022-33692,0.00099,0.00984
CVE-2022-33693,0.00099,0.01002
CVE-2022-33694,0.00099,0.00985
CVE-2022-33695,0.00098,0.00954
CVE-2022-33696,0.00099,0.00984
CVE-2022-33697,0.00099,0.00985
CVE-2022-33698,0.00099,0.00985
CVE-2022-33699,0.00099,0.01001
CVE-2022-33700,0.00099,0.01002
CVE-2022-33701,0.00088,0.00511
CVE-2022-33702,0.0009,0.00575
CVE-2022-33703,0.00083,0.00317
CVE-2022-33704,0.00106,0.01297
CVE-2022-33705,0.00204,0.10476
CVE-2022-33706,0.00229,0.13633
CVE-2022-33707,0.00762,0.51059
CVE-2022-33708,0.00214,0.1168
CVE-2022-33709,0.00214,0.1168
CVE-2022-33710,0.00214,0.1168
CVE-2022-33711,0.00142,0.03929
CVE-2022-33712,0.00689,0.48484
CVE-2022-33713,0.00856,0.54156
CVE-2022-33714,0.00088,0.00484
CVE-2022-33715,0.00098,0.00955
CVE-2022-33716,0.00091,0.00629
CVE-2022-33717,0.00092,0.00651
CVE-2022-33718,0.00086,0.00417
CVE-2022-33719,0.00314,0.23362
CVE-2022-33720,0.00136,0.03463
CVE-2022-33721,0.00103,0.01183
CVE-2022-33722,0.00088,0.00498
CVE-2022-33723,0.0013,0.0299
CVE-2022-33724,0.00061,0.00012
CVE-2022-33725,0.00109,0.01465
CVE-2022-33726,0.00087,0.00479
CVE-2022-33727,0.0013,0.0299
CVE-2022-33728,0.00089,0.00522
CVE-2022-33729,0.00091,0.00622
CVE-2022-33730,0.00165,0.06087
CVE-2022-33731,0.00087,0.00469
CVE-2022-33732,0.00084,0.00343
CVE-2022-33733,0.00174,0.0707
CVE-2022-33734,0.00179,0.07612
CVE-2022-33735,0.00209,0.11099
CVE-2022-33736,0.01249,0.6592
CVE-2022-33737,0.00807,0.52569
CVE-2022-33738,0.00852,0.53956
CVE-2022-33739,0.01178,0.63997
CVE-2022-33740,0.00322,0.24167
CVE-2022-33741,0.00322,0.24166
CVE-2022-33742,0.00325,0.24498
CVE-2022-33743,0.00349,0.26991
CVE-2022-33744,0.00309,0.22796
CVE-2022-33745,0.00289,0.20829
CVE-2022-33746,0.00265,0.18037
CVE-2022-33747,0.00259,0.17262
CVE-2022-33748,0.00247,0.15867
CVE-2022-33749,0.00877,0.54812
CVE-2022-33750,0.01607,0.73085
CVE-2022-33751,0.01178,0.63996
CVE-2022-33752,0.01736,0.75033
CVE-2022-33753,0.00855,0.54119
CVE-2022-33754,0.01736,0.75033
CVE-2022-33755,0.00948,0.5705
CVE-2022-33756,0.01178,0.63996
CVE-2022-33757,0.00783,0.51778
CVE-2022-33859,0.00345,0.26605
CVE-2022-33861,0.00112,0.01644
CVE-2022-33862,0.00179,0.07585
CVE-2022-33869,0.01284,0.66761
CVE-2022-33870,0.00427,0.34502
CVE-2022-33871,0.00941,0.5682
CVE-2022-33872,0.02837,0.85017
CVE-2022-33873,0.02501,0.82861
CVE-2022-33874,0.02837,0.85017
CVE-2022-33875,0.00732,0.50082
CVE-2022-33876,0.0074,0.50335
CVE-2022-33877,0.0022,0.1248
CVE-2022-33878,0.00143,0.04049
CVE-2022-33879,0.01905,0.77327
CVE-2022-33880,0.00685,0.48312
CVE-2022-33881,0.00376,0.29762
CVE-2022-33882,0.00822,0.53042
CVE-2022-33883,0.0038,0.30132
CVE-2022-33884,0.02485,0.82748
CVE-2022-33885,0.00957,0.57327
CVE-2022-33886,0.00957,0.57327
CVE-2022-33887,0.00384,0.30501
CVE-2022-33888,0.00621,0.45615
CVE-2022-33889,0.00368,0.28931
CVE-2022-33890,0.00624,0.45751
CVE-2022-33891,0.92984,0.99818
CVE-2022-33892,0.00225,0.13202
CVE-2022-33894,0.00247,0.15875
CVE-2022-33896,0.00499,0.39306
CVE-2022-33897,0.01393,0.69189
CVE-2022-33898,0.00167,0.06292
CVE-2022-33900,0.0069,0.48536
CVE-2022-33901,0.02193,0.80368
CVE-2022-33902,0.00198,0.09722
CVE-2022-33903,0.01226,0.65307
CVE-2022-33905,0.00132,0.03151
CVE-2022-33906,0.00151,0.04674
CVE-2022-33907,0.00151,0.04673
CVE-2022-33908,0.00132,0.03148
CVE-2022-33909,0.00132,0.03147
CVE-2022-33910,0.00901,0.55515
CVE-2022-33911,0.00947,0.57014
CVE-2022-33912,0.00201,0.10121
CVE-2022-33913,0.01019,0.59344
CVE-2022-33915,0.00186,0.08404
CVE-2022-33916,0.01028,0.59625
CVE-2022-33917,0.0041,0.33048
CVE-2022-33918,0.00127,0.02766
CVE-2022-33919,0.00192,0.09057
CVE-2022-33920,0.00202,0.10229
CVE-2022-33921,0.00169,0.06494
CVE-2022-33922,0.00147,0.0438
CVE-2022-33923,0.0038,0.3011
CVE-2022-33924,0.00433,0.34985
CVE-2022-33925,0.00701,0.48923
CVE-2022-33926,0.0044,0.35496
CVE-2022-33927,0.00368,0.28946
CVE-2022-33928,0.00255,0.1688
CVE-2022-33929,0.00429,0.3469
CVE-2022-33930,0.00511,0.40026
CVE-2022-33931,0.00359,0.28019
CVE-2022-33932,0.00688,0.48445
CVE-2022-33934,0.00393,0.31402
CVE-2022-33935,0.00364,0.28545
CVE-2022-33936,0.00946,0.56974
CVE-2022-33937,0.00192,0.09079
CVE-2022-33938,0.00898,0.5544
CVE-2022-33939,0.00972,0.5785
CVE-2022-33941,0.01676,0.7419
CVE-2022-33942,0.00518,0.40434
CVE-2022-33943,0.00465,0.37196
CVE-2022-33944,0.00866,0.54461
CVE-2022-33945,0.00227,0.13347
CVE-2022-33946,0.00175,0.07187
CVE-2022-33947,0.00626,0.45823
CVE-2022-33948,0.00939,0.56793
CVE-2022-33953,0.0027,0.18698
CVE-2022-33954,0.00237,0.1463
CVE-2022-33955,0.00534,0.41321
CVE-2022-33959,0.00454,0.3648
CVE-2022-33960,0.00765,0.51169
CVE-2022-33961,0.00352,0.27344
CVE-2022-33962,0.00187,0.08443
CVE-2022-33963,0.00147,0.04393
CVE-2022-33964,0.00646,0.46704
CVE-2022-33965,0.03413,0.87501
CVE-2022-33967,0.00516,0.40319
CVE-2022-33968,0.00461,0.36977
CVE-2022-33969,0.00976,0.58015
CVE-2022-33970,0.00922,0.56183
CVE-2022-33971,0.01146,0.63062
CVE-2022-33972,0.0022,0.12499
CVE-2022-33973,0.00174,0.07083
CVE-2022-33974,0.00248,0.16075
CVE-2022-33977,0.01396,0.69237
CVE-2022-33978,0.0041,0.33052
CVE-2022-33980,0.42646,0.98556
CVE-2022-33981,0.0055,0.42153
CVE-2022-33982,0.00151,0.04673
CVE-2022-33983,0.00158,0.05338
CVE-2022-33984,0.00151,0.04722
CVE-2022-33985,0.00132,0.0315
CVE-2022-33986,0.00132,0.03118
CVE-2022-33987,0.01855,0.76704
CVE-2022-33988,0.00908,0.5575
CVE-2022-33989,0.00794,0.52141
CVE-2022-33990,0.00938,0.56755
CVE-2022-33991,0.00753,0.5075
CVE-2022-33992,0.00797,0.52233
CVE-2022-33993,0.00738,0.50262
CVE-2022-33994,0.00575,0.43476
CVE-2022-33995,0.0164,0.73626
CVE-2022-33996,0.01026,0.59591
CVE-2022-34000,0.00836,0.53472
CVE-2022-34001,0.00698,0.48802
CVE-2022-34002,0.00892,0.55259
CVE-2022-34005,0.01645,0.73718
CVE-2022-34006,0.00259,0.1731
CVE-2022-34007,0.01459,0.7051
CVE-2022-34008,0.00495,0.39064
CVE-2022-34009,0.0035,0.2712
CVE-2022-34011,0.0054,0.41627
CVE-2022-34012,0.00549,0.42104
CVE-2022-34013,0.0054,0.41628
CVE-2022-34020,0.004,0.32162
CVE-2022-34021,0.00443,0.35709
CVE-2022-34022,0.00804,0.52466
CVE-2022-34023,0.00655,0.47094
CVE-2022-34024,0.01139,0.62859
CVE-2022-34025,0.00441,0.35594
CVE-2022-34026,0.01425,0.69835
CVE-2022-34027,0.00783,0.51758
CVE-2022-34028,0.00903,0.55591
CVE-2022-34029,0.01029,0.59666
CVE-2022-34030,0.00783,0.51756
CVE-2022-34031,0.00783,0.51757
CVE-2022-34032,0.00783,0.51757
CVE-2022-34033,0.01208,0.64793
CVE-2022-34035,0.01208,0.64794
CVE-2022-34037,0.00972,0.57863
CVE-2022-34038,0.01314,0.67383
CVE-2022-34042,0.00777,0.51567
CVE-2022-34043,0.00331,0.25134
CVE-2022-34045,0.02415,0.8223
CVE-2022-34046,0.16583,0.96641
CVE-2022-34047,0.17444,0.96773
CVE-2022-34048,0.0509,0.91368
CVE-2022-34049,0.02176,0.80228
CVE-2022-34053,0.01941,0.77782
CVE-2022-34054,0.01901,0.77284
CVE-2022-34055,0.01941,0.77783
CVE-2022-34056,0.01941,0.77782
CVE-2022-34057,0.01333,0.67826
CVE-2022-34059,0.01977,0.78178
CVE-2022-34060,0.01977,0.78178
CVE-2022-34061,0.01977,0.78178
CVE-2022-34064,0.01333,0.67826
CVE-2022-34065,0.01977,0.78178
CVE-2022-34066,0.01999,0.78424
CVE-2022-34067,0.0083,0.533
CVE-2022-34092,0.0126,0.66183
CVE-2022-34093,0.02804,0.84839
CVE-2022-34094,0.02804,0.8484
CVE-2022-34100,0.01088,0.61438
CVE-2022-34101,0.00348,0.26928
CVE-2022-34102,0.00915,0.56003
CVE-2022-34108,0.0027,0.18687
CVE-2022-34109,0.0025,0.16318
CVE-2022-34110,0.00242,0.15233
CVE-2022-34112,0.00524,0.40778
CVE-2022-34113,0.01087,0.61422
CVE-2022-34114,0.00779,0.51623
CVE-2022-34115,0.00977,0.58051
CVE-2022-34120,0.17467,0.96778
CVE-2022-34121,0.03059,0.86066
CVE-2022-34125,0.0457,0.90517
CVE-2022-34126,0.01162,0.63536
CVE-2022-34127,0.06715,0.93154
CVE-2022-34128,0.07746,0.93941
CVE-2022-34132,0.01538,0.71969
CVE-2022-34133,0.00558,0.42639
CVE-2022-34134,0.00415,0.33505
CVE-2022-34138,0.00583,0.43814
CVE-2022-34140,0.03574,0.88031
CVE-2022-34144,0.00383,0.30399
CVE-2022-34145,0.00424,0.34319
CVE-2022-34146,0.00424,0.3432
CVE-2022-34147,0.00184,0.08129
CVE-2022-34148,0.00392,0.31334
CVE-2022-34149,0.01025,0.59557
CVE-2022-34150,0.00624,0.45762
CVE-2022-34151,0.0131,0.67317
CVE-2022-34152,0.00227,0.13433
CVE-2022-34153,0.00198,0.09723
CVE-2022-34154,0.00998,0.58687
CVE-2022-34155,0.00958,0.57359
CVE-2022-34156,0.00203,0.10381
CVE-2022-34157,0.00169,0.06512
CVE-2022-34158,0.01093,0.61571
CVE-2022-34159,0.00508,0.3982
CVE-2022-34160,0.01049,0.60268
CVE-2022-34161,0.00383,0.30428
CVE-2022-34162,0.00708,0.49203
CVE-2022-34163,0.00583,0.43816
CVE-2022-34164,0.00216,0.11977
CVE-2022-34165,0.00458,0.3674
CVE-2022-34166,0.00691,0.48554
CVE-2022-34167,0.00691,0.48554
CVE-2022-34169,0.17673,0.96801
CVE-2022-34170,0.01361,0.68513
CVE-2022-34171,0.01361,0.68513
CVE-2022-34172,0.01361,0.68513
CVE-2022-34173,0.01361,0.68512
CVE-2022-34174,0.01229,0.65411
CVE-2022-34175,0.01297,0.67031
CVE-2022-34176,0.77007,0.99498
CVE-2022-34177,0.01478,0.70883
CVE-2022-34178,0.00911,0.55848
CVE-2022-34179,0.01596,0.72909
CVE-2022-34180,0.01137,0.62827
CVE-2022-34181,0.01213,0.64955
CVE-2022-34182,0.00911,0.55849
CVE-2022-34183,0.00606,0.44873
CVE-2022-34184,0.00759,0.50939
CVE-2022-34185,0.00606,0.44875
CVE-2022-34186,0.00759,0.5094
CVE-2022-34187,0.00743,0.50426
CVE-2022-34188,0.00606,0.44874
CVE-2022-34189,0.00606,0.44875
CVE-2022-34190,0.00606,0.44875
CVE-2022-34191,0.00606,0.44874
CVE-2022-34192,0.00759,0.50939
CVE-2022-34193,0.00606,0.44874
CVE-2022-34194,0.00606,0.44873
CVE-2022-34195,0.00759,0.5094
CVE-2022-34196,0.00759,0.50939
CVE-2022-34197,0.00606,0.44874
CVE-2022-34198,0.00715,0.49447
CVE-2022-34199,0.00651,0.46935
CVE-2022-34200,0.00503,0.39515
CVE-2022-34201,0.00574,0.43426
CVE-2022-34202,0.00651,0.46935
CVE-2022-34203,0.00503,0.39515
CVE-2022-34204,0.00525,0.4081
CVE-2022-34205,0.00468,0.374
CVE-2022-34206,0.00525,0.4081
CVE-2022-34207,0.00468,0.37401
CVE-2022-34208,0.00557,0.4254
CVE-2022-34209,0.00617,0.45443
CVE-2022-34210,0.00574,0.43427
CVE-2022-34211,0.00468,0.374
CVE-2022-34212,0.00624,0.45735
CVE-2022-34213,0.00691,0.48558
CVE-2022-34215,0.03264,0.86942
CVE-2022-34216,0.06063,0.92551
CVE-2022-34217,0.02973,0.85674
CVE-2022-34218,0.00524,0.40762
CVE-2022-34219,0.06063,0.92551
CVE-2022-34220,0.04211,0.8982
CVE-2022-34221,0.1083,0.95336
CVE-2022-34222,0.03264,0.86942
CVE-2022-34223,0.03549,0.87956
CVE-2022-34224,0.02844,0.85054
CVE-2022-34225,0.03433,0.87571
CVE-2022-34226,0.0488,0.91046
CVE-2022-34227,0.02749,0.84491
CVE-2022-34228,0.03377,0.87376
CVE-2022-34229,0.03549,0.87955
CVE-2022-34230,0.03363,0.8733
CVE-2022-34232,0.03115,0.86293
CVE-2022-34233,0.0423,0.89864
CVE-2022-34234,0.03115,0.86292
CVE-2022-34235,0.00312,0.23113
CVE-2022-34236,0.02964,0.85638
CVE-2022-34237,0.03024,0.85918
CVE-2022-34238,0.00327,0.24734
CVE-2022-34239,0.02877,0.85214
CVE-2022-34241,0.00461,0.36957
CVE-2022-34242,0.00383,0.30383
CVE-2022-34243,0.00509,0.39887
CVE-2022-34244,0.00415,0.33483
CVE-2022-34245,0.00495,0.39038
CVE-2022-34246,0.00495,0.39038
CVE-2022-34247,0.00345,0.26622
CVE-2022-34248,0.00371,0.29285
CVE-2022-34249,0.00495,0.39037
CVE-2022-34250,0.00495,0.39038
CVE-2022-34251,0.00345,0.26621
CVE-2022-34252,0.00349,0.27048
CVE-2022-34253,0.04187,0.89767
CVE-2022-34254,0.01976,0.78166
CVE-2022-34255,0.0174,0.75088
CVE-2022-34256,0.01877,0.76983
CVE-2022-34257,0.00852,0.53965
CVE-2022-34258,0.68332,0.99251
CVE-2022-34259,0.0142,0.69739
CVE-2022-34260,0.00354,0.27563
CVE-2022-34261,0.00355,0.27659
CVE-2022-34262,0.00355,0.27659
CVE-2022-34263,0.00451,0.36277
CVE-2022-34264,0.00355,0.27659
CVE-2022-34265,0.73274,0.99395
CVE-2022-34266,0.00253,0.16628
CVE-2022-34267,0.42162,0.98536
CVE-2022-34268,0.01455,0.70407
CVE-2022-34269,0.01712,0.74718
CVE-2022-34270,0.00887,0.55096
CVE-2022-34271,0.01384,0.69014
CVE-2022-34272,0.01352,0.68301
CVE-2022-34273,0.01352,0.68302
CVE-2022-34274,0.01352,0.68301
CVE-2022-34275,0.01352,0.683
CVE-2022-34276,0.01352,0.68301
CVE-2022-34277,0.01352,0.683
CVE-2022-34278,0.01352,0.68298
CVE-2022-34279,0.01352,0.68299
CVE-2022-34280,0.01352,0.68299
CVE-2022-34281,0.01352,0.68299
CVE-2022-34282,0.01092,0.61547
CVE-2022-34283,0.01092,0.61548
CVE-2022-34284,0.01352,0.683
CVE-2022-34285,0.01092,0.61548
CVE-2022-34286,0.01352,0.68299
CVE-2022-34287,0.01092,0.61548
CVE-2022-34288,0.01092,0.61547
CVE-2022-34289,0.01352,0.68301
CVE-2022-34290,0.01092,0.61547
CVE-2022-34291,0.01092,0.61548
CVE-2022-34292,0.00332,0.25309
CVE-2022-34293,0.01209,0.64827
CVE-2022-34294,0.01441,0.70137
CVE-2022-34295,0.01529,0.71799
CVE-2022-34296,0.01094,0.61579
CVE-2022-34297,0.00607,0.44939
CVE-2022-34298,0.03074,0.86132
CVE-2022-34299,0.01168,0.63674
CVE-2022-34300,0.01354,0.68356
CVE-2022-34301,0.00936,0.56682
CVE-2022-34302,0.01037,0.5993
CVE-2022-34303,0.00813,0.52737
CVE-2022-34305,0.06156,0.92649
CVE-2022-34306,0.00693,0.4863
CVE-2022-34307,0.00459,0.36809
CVE-2022-34308,0.0021,0.11262
CVE-2022-34309,0.00486,0.38563
CVE-2022-34310,0.00486,0.38562
CVE-2022-34311,0.00359,0.27997
CVE-2022-34312,0.00208,0.10892
CVE-2022-34313,0.006,0.44596
CVE-2022-34314,0.00177,0.07392
CVE-2022-34315,0.00493,0.38939
CVE-2022-34316,0.00642,0.46519
CVE-2022-34317,0.00493,0.38939
CVE-2022-34318,0.00614,0.45305
CVE-2022-34319,0.00478,0.38041
CVE-2022-34320,0.00486,0.38562
CVE-2022-34321,0.01765,0.75458
CVE-2022-34322,0.00756,0.50864
CVE-2022-34323,0.00397,0.31898
CVE-2022-34324,0.11812,0.95606
CVE-2022-34325,0.00132,0.0315
CVE-2022-34326,0.00663,0.47437
CVE-2022-34328,0.02154,0.80046
CVE-2022-34329,0.00673,0.47847
CVE-2022-34330,0.00392,0.31347
CVE-2022-34331,0.00465,0.37193
CVE-2022-34333,0.00595,0.44371
CVE-2022-34334,0.0033,0.25014
CVE-2022-34335,0.00712,0.49324
CVE-2022-34336,0.00427,0.34555
CVE-2022-34338,0.00552,0.42279
CVE-2022-34339,0.00394,0.31606
CVE-2022-34344,0.0046,0.36923
CVE-2022-34345,0.00312,0.23203
CVE-2022-34346,0.00246,0.15811
CVE-2022-34347,0.00309,0.22792
CVE-2022-34348,0.01405,0.69442
CVE-2022-34350,0.00645,0.46668
CVE-2022-34351,0.00388,0.3097
CVE-2022-34352,0.00632,0.461
CVE-2022-34354,0.00191,0.08922
CVE-2022-34355,0.00182,0.07988
CVE-2022-34356,0.00214,0.11806
CVE-2022-34357,0.01209,0.64839
CVE-2022-34358,0.00467,0.37339
CVE-2022-34361,0.00375,0.29685
CVE-2022-34362,0.00365,0.28633
CVE-2022-34363,0.00247,0.1594
CVE-2022-34364,0.00186,0.08376
CVE-2022-34365,0.00701,0.48917
CVE-2022-34366,0.00519,0.4052
CVE-2022-34367,0.00318,0.23709
CVE-2022-34368,0.00344,0.26544
CVE-2022-34369,0.00564,0.42936
CVE-2022-34371,0.00566,0.4303
CVE-2022-34372,0.0107,0.60939
CVE-2022-34373,0.00216,0.11982
CVE-2022-34374,0.0136,0.68492
CVE-2022-34375,0.01144,0.62993
CVE-2022-34376,0.00142,0.03889
CVE-2022-34377,0.00167,0.06273
CVE-2022-34378,0.00192,0.09079
CVE-2022-34379,0.00884,0.5499
CVE-2022-34380,0.00192,0.09042
CVE-2022-34381,0.00846,0.538
CVE-2022-34382,0.00185,0.08241
CVE-2022-34383,0.00464,0.37133
CVE-2022-34384,0.00232,0.14027
CVE-2022-34385,0.00128,0.02812
CVE-2022-34386,0.00168,0.06357
CVE-2022-34387,0.00153,0.04858
CVE-2022-34388,0.0016,0.05577
CVE-2022-34389,0.00442,0.3564
CVE-2022-34390,0.00159,0.05444
CVE-2022-34391,0.00159,0.05444
CVE-2022-34392,0.00164,0.05911
CVE-2022-34393,0.00205,0.10625
CVE-2022-34394,0.00359,0.27999
CVE-2022-34396,0.00186,0.08336
CVE-2022-34397,0.0023,0.13817
CVE-2022-34398,0.0016,0.05523
CVE-2022-34399,0.00183,0.08037
CVE-2022-34400,0.00208,0.10893
CVE-2022-34401,0.00168,0.06333
CVE-2022-34402,0.00595,0.44356
CVE-2022-34403,0.00166,0.06111
CVE-2022-34404,0.00176,0.07341
CVE-2022-34405,0.0025,0.16202
CVE-2022-34406,0.00172,0.06844
CVE-2022-34407,0.00172,0.06845
CVE-2022-34408,0.00212,0.11531
CVE-2022-34409,0.00172,0.06845
CVE-2022-34410,0.00172,0.06844
CVE-2022-34411,0.00172,0.06844
CVE-2022-34412,0.00208,0.10947
CVE-2022-34413,0.00172,0.06847
CVE-2022-34414,0.00172,0.06846
CVE-2022-34415,0.00172,0.06845
CVE-2022-34416,0.00172,0.06846
CVE-2022-34417,0.00172,0.06846
CVE-2022-34418,0.00172,0.06843
CVE-2022-34419,0.00172,0.06846
CVE-2022-34420,0.00172,0.06843
CVE-2022-34421,0.00172,0.06847
CVE-2022-34422,0.00172,0.06844
CVE-2022-34423,0.00172,0.06847
CVE-2022-34424,0.00633,0.46148
CVE-2022-34425,0.0074,0.50329
CVE-2022-34426,0.0153,0.71816
CVE-2022-34427,0.02095,0.79492
CVE-2022-34428,0.00548,0.42095
CVE-2022-34429,0.00208,0.10964
CVE-2022-34430,0.00472,0.37658
CVE-2022-34431,0.0055,0.42202
CVE-2022-34432,0.00351,0.2724
CVE-2022-34434,0.00179,0.07549
CVE-2022-34435,0.00513,0.40157
CVE-2022-34436,0.00491,0.38822
CVE-2022-34437,0.00455,0.3659
CVE-2022-34438,0.0017,0.06601
CVE-2022-34439,0.00852,0.53959
CVE-2022-34440,0.00472,0.37641
CVE-2022-34441,0.00472,0.37641
CVE-2022-34442,0.00419,0.33836
CVE-2022-34443,0.0018,0.07664
CVE-2022-34444,0.00431,0.34816
CVE-2022-34445,0.0017,0.06661
CVE-2022-34446,0.00794,0.52121
CVE-2022-34447,0.01657,0.73886
CVE-2022-34448,0.00314,0.23355
CVE-2022-34449,0.00176,0.07321
CVE-2022-34450,0.00419,0.33906
CVE-2022-34451,0.00341,0.26217
CVE-2022-34452,0.00435,0.35098
CVE-2022-34453,0.00385,0.30653
CVE-2022-34454,0.00191,0.08959
CVE-2022-34456,0.00833,0.53403
CVE-2022-34457,0.00205,0.10539
CVE-2022-34458,0.0018,0.078
CVE-2022-34459,0.0015,0.04621
CVE-2022-34460,0.002,0.09911
CVE-2022-34462,0.00197,0.09643
CVE-2022-34464,0.00404,0.32583
CVE-2022-34465,0.00945,0.56941
CVE-2022-34466,0.00668,0.47625
CVE-2022-34467,0.00718,0.49574
CVE-2022-34468,0.00937,0.56707
CVE-2022-34469,0.00366,0.28708
CVE-2022-34470,0.01064,0.60728
CVE-2022-34471,0.00248,0.16014
CVE-2022-34472,0.0058,0.43694
CVE-2022-34473,0.00364,0.28524
CVE-2022-34474,0.00406,0.32706
CVE-2022-34475,0.00395,0.3165
CVE-2022-34476,0.007,0.4886
CVE-2022-34477,0.00551,0.42217
CVE-2022-34478,0.00783,0.51759
CVE-2022-34479,0.00744,0.50453
CVE-2022-34480,0.00542,0.41743
CVE-2022-34481,0.00776,0.51552
CVE-2022-34482,0.00715,0.49447
CVE-2022-34483,0.00721,0.49654
CVE-2022-34484,0.00981,0.58158
CVE-2022-34485,0.00712,0.49333
CVE-2022-34486,0.01116,0.62258
CVE-2022-34487,0.02654,0.83902
CVE-2022-34488,0.00206,0.10744
CVE-2022-34494,0.00281,0.2008
CVE-2022-34495,0.00327,0.24766
CVE-2022-34496,0.00966,0.57621
CVE-2022-34500,0.0117,0.63743
CVE-2022-34501,0.01115,0.62242
CVE-2022-34502,0.00279,0.19827
CVE-2022-34503,0.0068,0.48118
CVE-2022-34509,0.01067,0.60857
CVE-2022-34520,0.00284,0.20304
CVE-2022-34526,0.01385,0.69015
CVE-2022-34527,0.04226,0.89851
CVE-2022-34528,0.01275,0.66548
CVE-2022-34529,0.00275,0.19388
CVE-2022-34530,0.00527,0.40909
CVE-2022-34531,0.22541,0.97438
CVE-2022-34534,0.02102,0.79558
CVE-2022-34535,0.00658,0.47203
CVE-2022-34536,0.00586,0.43944
CVE-2022-34537,0.00369,0.2896
CVE-2022-34538,0.02729,0.84375
CVE-2022-34539,0.01173,0.63842
CVE-2022-34540,0.01173,0.63843
CVE-2022-34549,0.01155,0.63328
CVE-2022-34550,0.00447,0.36039
CVE-2022-34551,0.00867,0.54515
CVE-2022-34555,0.20494,0.97211
CVE-2022-34556,0.0031,0.22964
CVE-2022-34557,0.00781,0.51711
CVE-2022-34558,0.01011,0.59103
CVE-2022-34560,0.00314,0.23352
CVE-2022-34561,0.00398,0.31936
CVE-2022-34562,0.00311,0.23064
CVE-2022-34567,0.01305,0.67196
CVE-2022-34568,0.00969,0.57762
CVE-2022-34570,0.00861,0.54291
CVE-2022-34571,0.00858,0.54222
CVE-2022-34572,0.00628,0.45895
CVE-2022-34573,0.00613,0.45233
CVE-2022-34574,0.00628,0.45895
CVE-2022-34575,0.00617,0.4543
CVE-2022-34576,0.02995,0.85777
CVE-2022-34577,0.01803,0.75994
CVE-2022-34578,0.00993,0.58538
CVE-2022-34580,0.00444,0.35783
CVE-2022-34586,0.00781,0.51712
CVE-2022-34588,0.00681,0.4818
CVE-2022-34590,0.03745,0.88599
CVE-2022-34592,0.03159,0.86486
CVE-2022-34593,0.00648,0.46784
CVE-2022-34594,0.00444,0.35783
CVE-2022-34595,0.02324,0.81507
CVE-2022-34596,0.02324,0.81507
CVE-2022-34597,0.02259,0.80938
CVE-2022-34598,0.06833,0.93266
CVE-2022-34599,0.00992,0.58495
CVE-2022-34600,0.00992,0.58496
CVE-2022-34601,0.00992,0.58496
CVE-2022-34602,0.00992,0.58495
CVE-2022-34603,0.00992,0.58494
CVE-2022-34604,0.00992,0.58496
CVE-2022-34605,0.00992,0.58494
CVE-2022-34606,0.00992,0.58495
CVE-2022-34607,0.12275,0.95714
CVE-2022-34608,0.00992,0.58494
CVE-2022-34609,0.01067,0.60877
CVE-2022-34610,0.01067,0.60876
CVE-2022-34611,0.00446,0.35948
CVE-2022-34612,0.00364,0.28561
CVE-2022-34613,0.0146,0.70528
CVE-2022-34615,0.01106,0.61985
CVE-2022-34618,0.00714,0.49406
CVE-2022-34619,0.00729,0.49957
CVE-2022-34621,0.00749,0.50617
CVE-2022-34624,0.00514,0.40178
CVE-2022-34625,0.02229,0.80695
CVE-2022-34632,0.00468,0.37385
CVE-2022-34633,0.00237,0.14594
CVE-2022-34634,0.00237,0.14594
CVE-2022-34635,0.00782,0.51725
CVE-2022-34636,0.00237,0.14594
CVE-2022-34637,0.00213,0.11581
CVE-2022-34639,0.00239,0.14937
CVE-2022-34640,0.00213,0.1158
CVE-2022-34641,0.0028,0.19898
CVE-2022-34642,0.00213,0.1158
CVE-2022-34643,0.00215,0.11941
CVE-2022-34648,0.00445,0.35879
CVE-2022-34650,0.00457,0.36669
CVE-2022-34651,0.00681,0.48172
CVE-2022-34652,0.00912,0.55898
CVE-2022-34654,0.00291,0.20948
CVE-2022-34655,0.00681,0.48172
CVE-2022-34656,0.00449,0.36142
CVE-2022-34657,0.00179,0.07561
CVE-2022-34658,0.00449,0.36162
CVE-2022-34659,0.00534,0.41339
CVE-2022-34660,0.01091,0.615
CVE-2022-34661,0.00635,0.46223
CVE-2022-34662,0.0141,0.69527
CVE-2022-34663,0.00844,0.53708
CVE-2022-34665,0.00196,0.09441
CVE-2022-34666,0.00222,0.12681
CVE-2022-34667,0.00403,0.32435
CVE-2022-34668,0.08529,0.94419
CVE-2022-34669,0.00277,0.19654
CVE-2022-34670,0.00269,0.18651
CVE-2022-34671,0.01387,0.69069
CVE-2022-34672,0.00207,0.10802
CVE-2022-34673,0.0025,0.16199
CVE-2022-34674,0.00271,0.18832
CVE-2022-34675,0.00218,0.12176
CVE-2022-34676,0.0026,0.17425
CVE-2022-34677,0.00286,0.20473
CVE-2022-34678,0.00242,0.15224
CVE-2022-34679,0.00244,0.15465
CVE-2022-34680,0.00274,0.1926
CVE-2022-34681,0.00171,0.06703
CVE-2022-34682,0.00233,0.14153
CVE-2022-34683,0.0033,0.25006
CVE-2022-34684,0.00247,0.15915
CVE-2022-34685,0.00889,0.55154
CVE-2022-34686,0.00889,0.55155
CVE-2022-34687,0.0079,0.51997
CVE-2022-34689,0.37926,0.98376
CVE-2022-34690,0.00548,0.42092
CVE-2022-34691,0.01622,0.73313
CVE-2022-34692,0.01387,0.69065
CVE-2022-34696,0.00319,0.23858
CVE-2022-34699,0.04354,0.90113
CVE-2022-34700,0.03236,0.86818
CVE-2022-34701,0.02282,0.81136
CVE-2022-34702,0.01029,0.59657
CVE-2022-34703,0.0057,0.43233
CVE-2022-34704,0.01173,0.63839
CVE-2022-34705,0.00829,0.5328
CVE-2022-34706,0.00406,0.32695
CVE-2022-34707,0.01159,0.63411
CVE-2022-34708,0.0134,0.68013
CVE-2022-34709,0.01152,0.63256
CVE-2022-34710,0.01452,0.70346
CVE-2022-34711,0.00736,0.50206
CVE-2022-34712,0.01452,0.70346
CVE-2022-34713,0.6798,0.99242
CVE-2022-34714,0.01578,0.72636
CVE-2022-34715,0.80103,0.99571
CVE-2022-34716,0.0192,0.77525
CVE-2022-34717,0.01595,0.72885
CVE-2022-34718,0.46365,0.98677
CVE-2022-34719,0.01008,0.59005
CVE-2022-34720,0.03248,0.86871
CVE-2022-34721,0.75711,0.99465
CVE-2022-34722,0.02219,0.80608
CVE-2022-34723,0.0099,0.5844
CVE-2022-34724,0.03315,0.87152
CVE-2022-34725,0.05382,0.91731
CVE-2022-34726,0.02365,0.81841
CVE-2022-34727,0.02365,0.81842
CVE-2022-34728,0.03822,0.88847
CVE-2022-34729,0.10529,0.95242
CVE-2022-34730,0.02365,0.81842
CVE-2022-34731,0.01849,0.7662
CVE-2022-34732,0.02365,0.81843
CVE-2022-34733,0.01849,0.76621
CVE-2022-34734,0.02365,0.81842
CVE-2022-34735,0.0066,0.47302
CVE-2022-34736,0.0066,0.47302
CVE-2022-34737,0.00609,0.45021
CVE-2022-34738,0.00537,0.41509
CVE-2022-34739,0.00643,0.46561
CVE-2022-34740,0.00287,0.206
CVE-2022-34741,0.00287,0.206
CVE-2022-34742,0.00798,0.5227
CVE-2022-34743,0.00639,0.46392
CVE-2022-34746,0.0032,0.23949
CVE-2022-34747,0.01539,0.71994
CVE-2022-34748,0.00969,0.57769
CVE-2022-34749,0.01215,0.65023
CVE-2022-34750,0.01191,0.6435
CVE-2022-34753,0.71084,0.99332
CVE-2022-34754,0.00298,0.21647
CVE-2022-34755,0.00188,0.08591
CVE-2022-34756,0.01497,0.7123
CVE-2022-34757,0.00308,0.22679
CVE-2022-34758,0.00416,0.33628
CVE-2022-34759,0.00728,0.49909
CVE-2022-34760,0.00728,0.49909
CVE-2022-34761,0.00829,0.53281
CVE-2022-34762,0.00666,0.47527
CVE-2022-34763,0.00273,0.19193
CVE-2022-34764,0.00641,0.4648
CVE-2022-34765,0.00527,0.40925
CVE-2022-34767,0.00529,0.4101
CVE-2022-34768,0.00431,0.34806
CVE-2022-34769,0.00321,0.24108
CVE-2022-34770,0.00384,0.30568
CVE-2022-34771,0.00377,0.29833
CVE-2022-34772,0.00462,0.37049
CVE-2022-34773,0.00502,0.39467
CVE-2022-34774,0.00399,0.32097
CVE-2022-34775,0.00398,0.31995
CVE-2022-34776,0.00445,0.35866
CVE-2022-34777,0.7236,0.99372
CVE-2022-34778,0.00567,0.4309
CVE-2022-34779,0.00524,0.40807
CVE-2022-34780,0.00468,0.37401
CVE-2022-34781,0.00647,0.46731
CVE-2022-34782,0.00516,0.40299
CVE-2022-34783,0.80407,0.99576
CVE-2022-34784,0.0071,0.49253
CVE-2022-34785,0.00644,0.46637
CVE-2022-34786,0.00567,0.43091
CVE-2022-34787,0.00567,0.43091
CVE-2022-34788,0.00567,0.43091
CVE-2022-34789,0.00497,0.39174
CVE-2022-34790,0.00668,0.4763
CVE-2022-34791,0.00602,0.44672
CVE-2022-34792,0.0047,0.37486
CVE-2022-34793,0.00885,0.55029
CVE-2022-34794,0.00605,0.44837
CVE-2022-34795,0.00602,0.44672
CVE-2022-34796,0.00684,0.4828
CVE-2022-34797,0.00558,0.42621
CVE-2022-34798,0.00537,0.41489
CVE-2022-34799,0.00557,0.42538
CVE-2022-34800,0.00557,0.42537
CVE-2022-34801,0.00483,0.38343
CVE-2022-34802,0.00701,0.48921
CVE-2022-34803,0.00557,0.42538
CVE-2022-34804,0.00393,0.31458
CVE-2022-34805,0.00686,0.48389
CVE-2022-34806,0.00686,0.48389
CVE-2022-34807,0.00686,0.48389
CVE-2022-34808,0.00557,0.42537
CVE-2022-34809,0.00686,0.48388
CVE-2022-34810,0.00686,0.4839
CVE-2022-34811,0.00557,0.42537
CVE-2022-34812,0.00454,0.36506
CVE-2022-34813,0.00553,0.42334
CVE-2022-34814,0.00557,0.42538
CVE-2022-34815,0.00454,0.36506
CVE-2022-34816,0.00686,0.48388
CVE-2022-34817,0.00454,0.36507
CVE-2022-34818,0.00553,0.42334
CVE-2022-34819,0.01884,0.77069
CVE-2022-34820,0.02004,0.78486
CVE-2022-34821,0.02177,0.80236
CVE-2022-34822,0.01379,0.68906
CVE-2022-34823,0.01223,0.65248
CVE-2022-34824,0.01085,0.61369
CVE-2022-34825,0.01187,0.64247
CVE-2022-34826,0.00582,0.43799
CVE-2022-34827,0.00766,0.51205
CVE-2022-34829,0.03879,0.89003
CVE-2022-34830,0.00535,0.41381
CVE-2022-34831,0.0043,0.34762
CVE-2022-34832,0.0066,0.47298
CVE-2022-34833,0.00355,0.27703
CVE-2022-34834,0.00363,0.28478
CVE-2022-34835,0.02023,0.78713
CVE-2022-34836,0.00527,0.40932
CVE-2022-34837,0.0014,0.03748
CVE-2022-34838,0.00146,0.04257
CVE-2022-34839,0.0088,0.54892
CVE-2022-34840,0.00242,0.15277
CVE-2022-34841,0.00246,0.15812
CVE-2022-34843,0.00178,0.07511
CVE-2022-34844,0.0064,0.46437
CVE-2022-34845,0.00348,0.26939
CVE-2022-34848,0.00169,0.06511
CVE-2022-34849,0.00188,0.08567
CVE-2022-34850,0.0338,0.87386
CVE-2022-34851,0.00658,0.47238
CVE-2022-34853,0.00457,0.36669
CVE-2022-34854,0.00167,0.06254
CVE-2022-34855,0.00193,0.09084
CVE-2022-34857,0.00492,0.38857
CVE-2022-34858,0.01344,0.6809
CVE-2022-34862,0.01074,0.6104
CVE-2022-34864,0.00165,0.06041
CVE-2022-34865,0.00379,0.30083
CVE-2022-34866,0.00201,0.10107
CVE-2022-34867,0.00627,0.45862
CVE-2022-34868,0.00851,0.53949
CVE-2022-34869,0.00986,0.58286
CVE-2022-34870,0.01122,0.62419
CVE-2022-34871,0.02434,0.82373
CVE-2022-34872,0.01868,0.76872
CVE-2022-34873,0.00878,0.54859
CVE-2022-34874,0.00878,0.54859
CVE-2022-34875,0.00828,0.53239
CVE-2022-34876,0.03196,0.86631
CVE-2022-34877,0.03139,0.864
CVE-2022-34878,0.03431,0.87566
CVE-2022-34879,0.00485,0.38432
CVE-2022-34881,0.00166,0.0612
CVE-2022-34882,0.00759,0.50938
CVE-2022-34883,0.01211,0.64894
CVE-2022-34884,0.00631,0.46059
CVE-2022-34885,0.00476,0.37926
CVE-2022-34886,0.00889,0.55154
CVE-2022-34887,0.00269,0.186
CVE-2022-34888,0.00414,0.33424
CVE-2022-34889,0.00352,0.27397
CVE-2022-34890,0.00339,0.25921
CVE-2022-34891,0.00296,0.21421
CVE-2022-34892,0.0024,0.15063
CVE-2022-34893,0.00275,0.19402
CVE-2022-34894,0.0055,0.42213
CVE-2022-34899,0.00224,0.13054
CVE-2022-34900,0.00396,0.31756
CVE-2022-34901,0.00322,0.24161
CVE-2022-34902,0.00322,0.24161
CVE-2022-34903,0.02551,0.83215
CVE-2022-34906,0.1053,0.95243
CVE-2022-34907,0.15824,0.96499
CVE-2022-34908,0.00638,0.46349
CVE-2022-34909,0.00488,0.38669
CVE-2022-34910,0.00127,0.02744
CVE-2022-34911,0.00992,0.585
CVE-2022-34912,0.00992,0.58501
CVE-2022-34913,0.02684,0.84095
CVE-2022-34914,0.00974,0.57946
CVE-2022-34916,0.0231,0.81396
CVE-2022-34917,0.0125,0.65939
CVE-2022-34918,0.05496,0.9186
CVE-2022-34919,0.01429,0.69912
CVE-2022-34924,0.00516,0.40338
CVE-2022-34927,0.00375,0.29591
CVE-2022-34928,0.0077,0.51336
CVE-2022-34937,0.00616,0.45368
CVE-2022-34945,0.00804,0.5248
CVE-2022-34946,0.00804,0.52482
CVE-2022-34947,0.00804,0.52483
CVE-2022-34948,0.00804,0.52481
CVE-2022-34949,0.00804,0.52481
CVE-2022-34950,0.00804,0.52482
CVE-2022-34951,0.00804,0.5248
CVE-2022-34952,0.00804,0.52483
CVE-2022-34953,0.00804,0.52481
CVE-2022-34954,0.00804,0.52482
CVE-2022-34955,0.00793,0.52081
CVE-2022-34956,0.00793,0.52082
CVE-2022-34960,0.01135,0.62765
CVE-2022-34961,0.00881,0.54934
CVE-2022-34962,0.00919,0.56091
CVE-2022-34963,0.00911,0.55849
CVE-2022-34964,0.0071,0.49248
CVE-2022-34965,0.01574,0.72569
CVE-2022-34966,0.01137,0.62822
CVE-2022-34967,0.00792,0.52049
CVE-2022-34968,0.00846,0.53797
CVE-2022-34969,0.00792,0.52049
CVE-2022-34970,0.02851,0.85086
CVE-2022-34971,0.01003,0.58848
CVE-2022-34972,0.01454,0.70399
CVE-2022-34973,0.14762,0.96285
CVE-2022-34974,0.22961,0.97482
CVE-2022-34981,0.01254,0.66027
CVE-2022-34982,0.01085,0.61373
CVE-2022-34983,0.01254,0.66027
CVE-2022-34988,0.00485,0.38476
CVE-2022-34989,0.00909,0.55788
CVE-2022-34991,0.00434,0.35054
CVE-2022-34992,0.00314,0.23381
CVE-2022-34993,0.00894,0.55293
CVE-2022-34998,0.00324,0.24439
CVE-2022-34999,0.00287,0.20622
CVE-2022-35000,0.00287,0.20621
CVE-2022-35002,0.00284,0.20292
CVE-2022-35003,0.00328,0.24855
CVE-2022-35004,0.00284,0.20292
CVE-2022-35007,0.00721,0.49666
CVE-2022-35008,0.00712,0.49342
CVE-2022-35009,0.00748,0.50583
CVE-2022-35010,0.00721,0.49666
CVE-2022-35011,0.00862,0.54317
CVE-2022-35012,0.00721,0.49666
CVE-2022-35013,0.00739,0.50277
CVE-2022-35014,0.00427,0.34552
CVE-2022-35015,0.00448,0.36127
CVE-2022-35016,0.00448,0.36128
CVE-2022-35017,0.00448,0.36128
CVE-2022-35018,0.00427,0.34551
CVE-2022-35019,0.00427,0.34551
CVE-2022-35020,0.00448,0.36128
CVE-2022-35021,0.00767,0.51254
CVE-2022-35022,0.00732,0.50039
CVE-2022-35023,0.00732,0.50041
CVE-2022-35024,0.00732,0.5004
CVE-2022-35025,0.00732,0.50038
CVE-2022-35026,0.00732,0.50038
CVE-2022-35027,0.00732,0.50039
CVE-2022-35028,0.00732,0.5004
CVE-2022-35029,0.00732,0.5004
CVE-2022-35030,0.00732,0.5004
CVE-2022-35031,0.00732,0.50039
CVE-2022-35032,0.00732,0.50041
CVE-2022-35034,0.00767,0.51255
CVE-2022-35035,0.00767,0.51254
CVE-2022-35036,0.00767,0.51254
CVE-2022-35037,0.00767,0.51253
CVE-2022-35038,0.00767,0.51255
CVE-2022-35039,0.00767,0.51257
CVE-2022-35040,0.00717,0.4953
CVE-2022-35041,0.00717,0.49528
CVE-2022-35042,0.00717,0.4953
CVE-2022-35043,0.00717,0.49528
CVE-2022-35044,0.00717,0.49528
CVE-2022-35045,0.00717,0.49528
CVE-2022-35046,0.00717,0.49529
CVE-2022-35047,0.00717,0.49527
CVE-2022-35048,0.00717,0.49529
CVE-2022-35049,0.00717,0.4953
CVE-2022-35050,0.00717,0.49531
CVE-2022-35051,0.00717,0.4953
CVE-2022-35052,0.00717,0.49527
CVE-2022-35053,0.00717,0.49529
CVE-2022-35054,0.00717,0.49526
CVE-2022-35055,0.00717,0.49526
CVE-2022-35056,0.00717,0.49527
CVE-2022-35058,0.00717,0.49526
CVE-2022-35059,0.00723,0.4973
CVE-2022-35060,0.00767,0.51255
CVE-2022-35061,0.00767,0.51258
CVE-2022-35062,0.00767,0.51257
CVE-2022-35063,0.00767,0.51256
CVE-2022-35064,0.00767,0.51258
CVE-2022-35065,0.00732,0.50041
CVE-2022-35066,0.00767,0.51257
CVE-2022-35067,0.00767,0.51254
CVE-2022-35068,0.00767,0.51256
CVE-2022-35069,0.00767,0.51256
CVE-2022-35070,0.00767,0.51256
CVE-2022-35080,0.00312,0.23205
CVE-2022-35081,0.00312,0.23205
CVE-2022-35085,0.00308,0.22668
CVE-2022-35086,0.00296,0.21447
CVE-2022-35087,0.00296,0.21447
CVE-2022-35088,0.00296,0.21446
CVE-2022-35089,0.00296,0.21447
CVE-2022-35090,0.00322,0.24128
CVE-2022-35091,0.00365,0.28662
CVE-2022-35092,0.0037,0.2911
CVE-2022-35093,0.00397,0.31831
CVE-2022-35094,0.00397,0.31879
CVE-2022-35095,0.00365,0.28662
CVE-2022-35096,0.00402,0.32346
CVE-2022-35097,0.00365,0.28662
CVE-2022-35098,0.00397,0.31879
CVE-2022-35099,0.00397,0.31879
CVE-2022-35100,0.0064,0.4643
CVE-2022-35101,0.00284,0.20294
CVE-2022-35104,0.00284,0.20285
CVE-2022-35105,0.00284,0.20285
CVE-2022-35106,0.00284,0.20292
CVE-2022-35107,0.00284,0.20287
CVE-2022-35108,0.00284,0.20291
CVE-2022-35109,0.00284,0.20286
CVE-2022-35110,0.00284,0.20293
CVE-2022-35111,0.00284,0.20286
CVE-2022-35113,0.00284,0.20286
CVE-2022-35114,0.00284,0.20291
CVE-2022-35115,0.00662,0.47372
CVE-2022-35117,0.00479,0.38086
CVE-2022-35118,0.00436,0.35202
CVE-2022-35120,0.00185,0.08284
CVE-2022-35121,0.00777,0.51572
CVE-2022-35122,0.00952,0.57189
CVE-2022-35131,0.0186,0.7678
CVE-2022-35132,0.02799,0.84813
CVE-2022-35133,0.00421,0.34068
CVE-2022-35134,0.00438,0.35341
CVE-2022-35135,0.00778,0.51598
CVE-2022-35136,0.00542,0.41763
CVE-2022-35137,0.00507,0.39782
CVE-2022-35142,0.01231,0.65448
CVE-2022-35143,0.01318,0.67496
CVE-2022-35144,0.00724,0.49761
CVE-2022-35147,0.01256,0.66076
CVE-2022-35148,0.00587,0.44029
CVE-2022-35150,0.00986,0.58308
CVE-2022-35151,0.01151,0.63198
CVE-2022-35153,0.01671,0.74099
CVE-2022-35154,0.00891,0.55215
CVE-2022-35155,0.02007,0.78542
CVE-2022-35156,0.01114,0.62201
CVE-2022-35158,0.00767,0.51231
CVE-2022-35161,0.00883,0.54983
CVE-2022-35162,0.00444,0.35784
CVE-2022-35163,0.00444,0.35783
CVE-2022-35164,0.00876,0.54786
CVE-2022-35165,0.00273,0.19129
CVE-2022-35166,0.00273,0.19129
CVE-2022-35167,0.00737,0.50233
CVE-2022-35168,0.0081,0.52664
CVE-2022-35169,0.00627,0.45869
CVE-2022-35170,0.00565,0.4299
CVE-2022-35171,0.00486,0.38557
CVE-2022-35172,0.00565,0.42991
CVE-2022-35173,0.0108,0.61215
CVE-2022-35174,0.00567,0.43114
CVE-2022-35175,0.00821,0.53021
CVE-2022-35191,0.00899,0.55454
CVE-2022-35192,0.00894,0.5531
CVE-2022-35193,0.00957,0.57338
CVE-2022-35194,0.00524,0.40784
CVE-2022-35195,0.01084,0.61326
CVE-2022-35196,0.00411,0.33178
CVE-2022-35198,0.00689,0.485
CVE-2022-35201,0.02789,0.84755
CVE-2022-35202,0.00252,0.16445
CVE-2022-35203,0.00984,0.5824
CVE-2022-35204,0.01077,0.61118
CVE-2022-35205,0.00397,0.31891
CVE-2022-35206,0.00298,0.21694
CVE-2022-35212,0.00459,0.36829
CVE-2022-35213,0.00481,0.38201
CVE-2022-35216,0.01153,0.63267
CVE-2022-35217,0.00219,0.12373
CVE-2022-35218,0.0018,0.07781
CVE-2022-35219,0.0018,0.07782
CVE-2022-35220,0.00838,0.53541
CVE-2022-35221,0.00674,0.47897
CVE-2022-35222,0.00355,0.27639
CVE-2022-35223,0.0129,0.66882
CVE-2022-35224,0.00664,0.47481
CVE-2022-35225,0.00565,0.4299
CVE-2022-35226,0.00495,0.39058
CVE-2022-35227,0.00675,0.47947
CVE-2022-35228,0.00539,0.41579
CVE-2022-35229,0.00725,0.49782
CVE-2022-35230,0.00714,0.49404
CVE-2022-35234,0.00284,0.20355
CVE-2022-35235,0.00901,0.55513
CVE-2022-35236,0.00681,0.48172
CVE-2022-35238,0.00558,0.42639
CVE-2022-35239,0.01218,0.65096
CVE-2022-35240,0.00681,0.48171
CVE-2022-35241,0.00658,0.47239
CVE-2022-35242,0.00547,0.42028
CVE-2022-35243,0.00628,0.45912
CVE-2022-35244,0.01261,0.66225
CVE-2022-35245,0.00681,0.48172
CVE-2022-35246,0.00603,0.44757
CVE-2022-35247,0.0054,0.41674
CVE-2022-35248,0.01229,0.65396
CVE-2022-35249,0.00632,0.46071
CVE-2022-35250,0.00647,0.46735
CVE-2022-35251,0.00539,0.41607
CVE-2022-35252,0.01839,0.76485
CVE-2022-35254,0.02515,0.82966
CVE-2022-35255,0.0187,0.76897
CVE-2022-35256,0.02587,0.83456
CVE-2022-35257,0.00171,0.0673
CVE-2022-35258,0.02515,0.82966
CVE-2022-35259,0.00742,0.5039
CVE-2022-35260,0.01761,0.75401
CVE-2022-35261,0.01084,0.61342
CVE-2022-35262,0.0087,0.54596
CVE-2022-35263,0.0087,0.54595
CVE-2022-35264,0.00904,0.55617
CVE-2022-35265,0.01011,0.591
CVE-2022-35266,0.01011,0.591
CVE-2022-35267,0.01011,0.59101
CVE-2022-35268,0.00904,0.55617
CVE-2022-35269,0.01011,0.59101
CVE-2022-35270,0.01011,0.591
CVE-2022-35271,0.01041,0.60019
CVE-2022-35272,0.00418,0.338
CVE-2022-35273,0.01525,0.71748
CVE-2022-35275,0.00454,0.36497
CVE-2022-35276,0.00182,0.07957
CVE-2022-35277,0.00314,0.23366
CVE-2022-35278,0.01413,0.69585
CVE-2022-35279,0.00275,0.19398
CVE-2022-35280,0.00669,0.47658
CVE-2022-35281,0.00505,0.39638
CVE-2022-35282,0.00312,0.23152
CVE-2022-35283,0.01091,0.61503
CVE-2022-35284,0.00659,0.47262
CVE-2022-35285,0.00375,0.29605
CVE-2022-35286,0.00266,0.18108
CVE-2022-35287,0.00556,0.42501
CVE-2022-35288,0.00636,0.46272
CVE-2022-35289,0.00891,0.55229
CVE-2022-35290,0.00653,0.47003
CVE-2022-35291,0.00596,0.44381
CVE-2022-35292,0.00211,0.11349
CVE-2022-35293,0.00626,0.45825
CVE-2022-35294,0.00434,0.35067
CVE-2022-35295,0.0127,0.66438
CVE-2022-35296,0.00752,0.50713
CVE-2022-35297,0.00475,0.37809
CVE-2022-35298,0.00427,0.34508
CVE-2022-35299,0.01053,0.60397
CVE-2022-35401,0.20849,0.97261
CVE-2022-35403,0.05768,0.92214
CVE-2022-35404,0.03809,0.888
CVE-2022-35405,0.9994,0.99971
CVE-2022-35406,0.00678,0.48034
CVE-2022-35407,0.0023,0.13813
CVE-2022-35408,0.0034,0.26151
CVE-2022-35409,0.02118,0.79713
CVE-2022-35410,0.02103,0.79571
CVE-2022-35411,0.45862,0.98663
CVE-2022-35412,0.00229,0.13701
CVE-2022-35413,0.13518,0.96008
CVE-2022-35414,0.00656,0.47136
CVE-2022-35415,0.00199,0.09877
CVE-2022-35416,0.02886,0.85254
CVE-2022-35421,0.00777,0.51566
CVE-2022-35422,0.00804,0.52482
CVE-2022-35426,0.00929,0.56437
CVE-2022-35433,0.0064,0.4643
CVE-2022-35434,0.00288,0.20683
CVE-2022-35447,0.00712,0.4934
CVE-2022-35448,0.00712,0.49341
CVE-2022-35449,0.00712,0.49341
CVE-2022-35450,0.00712,0.4934
CVE-2022-35451,0.00712,0.49342
CVE-2022-35452,0.00712,0.49341
CVE-2022-35453,0.00712,0.49341
CVE-2022-35454,0.00712,0.49342
CVE-2022-35455,0.00684,0.48309
CVE-2022-35456,0.00684,0.48308
CVE-2022-35458,0.00684,0.48308
CVE-2022-35459,0.00684,0.48309
CVE-2022-35460,0.00684,0.48308
CVE-2022-35461,0.00684,0.48311
CVE-2022-35462,0.0069,0.48529
CVE-2022-35463,0.00684,0.48307
CVE-2022-35464,0.00684,0.4831
CVE-2022-35465,0.00684,0.4831
CVE-2022-35466,0.00684,0.48306
CVE-2022-35467,0.00684,0.4831
CVE-2022-35468,0.00684,0.48307
CVE-2022-35469,0.0071,0.49237
CVE-2022-35470,0.00684,0.48306
CVE-2022-35471,0.00684,0.48307
CVE-2022-35472,0.0071,0.49236
CVE-2022-35473,0.00715,0.49459
CVE-2022-35474,0.00684,0.48309
CVE-2022-35475,0.00684,0.48309
CVE-2022-35476,0.00739,0.50278
CVE-2022-35477,0.00739,0.50277
CVE-2022-35478,0.00745,0.50479
CVE-2022-35479,0.00739,0.50279
CVE-2022-35481,0.00739,0.50278
CVE-2022-35482,0.00739,0.50277
CVE-2022-35483,0.00739,0.50278
CVE-2022-35484,0.00739,0.50278
CVE-2022-35485,0.00739,0.50279
CVE-2022-35486,0.00745,0.50479
CVE-2022-35487,0.00675,0.47904
CVE-2022-35488,0.00747,0.50578
CVE-2022-35489,0.00666,0.47552
CVE-2022-35490,0.00762,0.51054
CVE-2022-35491,0.00703,0.48985
CVE-2022-35493,0.01503,0.71353
CVE-2022-35500,0.00482,0.38245
CVE-2022-35501,0.00482,0.38244
CVE-2022-35503,0.00536,0.41449
CVE-2022-35505,0.00783,0.51758
CVE-2022-35506,0.00783,0.51749
CVE-2022-35507,0.0138,0.68919
CVE-2022-35508,0.01175,0.63878
CVE-2022-35509,0.00478,0.38012
CVE-2022-35513,0.04386,0.90179
CVE-2022-35516,0.01945,0.77824
CVE-2022-35517,0.02251,0.80878
CVE-2022-35518,0.01509,0.71473
CVE-2022-35519,0.02302,0.81324
CVE-2022-35520,0.02302,0.81323
CVE-2022-35521,0.02302,0.81324
CVE-2022-35522,0.02302,0.81325
CVE-2022-35523,0.02302,0.81322
CVE-2022-35524,0.02302,0.81323
CVE-2022-35525,0.02404,0.8213
CVE-2022-35526,0.02302,0.81322
CVE-2022-35533,0.02302,0.81323
CVE-2022-35534,0.02302,0.81324
CVE-2022-35535,0.02302,0.81324
CVE-2022-35536,0.02238,0.80772
CVE-2022-35537,0.02238,0.80772
CVE-2022-35538,0.02238,0.80772
CVE-2022-35540,0.01109,0.62075
CVE-2022-35554,0.00444,0.35772
CVE-2022-35555,0.24952,0.97664
CVE-2022-35557,0.00889,0.55159
CVE-2022-35558,0.00889,0.55159
CVE-2022-35559,0.10886,0.95349
CVE-2022-35560,0.00889,0.55159
CVE-2022-35561,0.00889,0.55158
CVE-2022-35569,0.00431,0.34801
CVE-2022-35572,0.00763,0.51087
CVE-2022-35582,0.00772,0.51402
CVE-2022-35583,0.11276,0.95469
CVE-2022-35585,0.00673,0.47831
CVE-2022-35587,0.00673,0.47831
CVE-2022-35589,0.00639,0.4638
CVE-2022-35590,0.00631,0.46062
CVE-2022-35598,0.00742,0.50395
CVE-2022-35599,0.00758,0.50903
CVE-2022-35601,0.00758,0.50902
CVE-2022-35602,0.00758,0.50903
CVE-2022-35603,0.00716,0.49463
CVE-2022-35605,0.00716,0.49463
CVE-2022-35606,0.00701,0.4892
CVE-2022-35611,0.00254,0.16789
CVE-2022-35612,0.00438,0.35342
CVE-2022-35613,0.00273,0.19147
CVE-2022-35619,0.02051,0.79014
CVE-2022-35620,0.31286,0.9807
CVE-2022-35621,0.00751,0.50695
CVE-2022-35623,0.00857,0.54169
CVE-2022-35624,0.00859,0.54258
CVE-2022-35628,0.26299,0.97763
CVE-2022-35629,0.0041,0.33098
CVE-2022-35630,0.00444,0.35816
CVE-2022-35631,0.00235,0.14358
CVE-2022-35632,0.00429,0.34672
CVE-2022-35637,0.01079,0.6117
CVE-2022-35638,0.00288,0.2075
CVE-2022-35639,0.0086,0.5426
CVE-2022-35640,0.00176,0.07299
CVE-2022-35642,0.00406,0.32729
CVE-2022-35643,0.01179,0.64029
CVE-2022-35645,0.00493,0.3894
CVE-2022-35646,0.00366,0.28693
CVE-2022-35648,0.00297,0.21563
CVE-2022-35649,0.06441,0.92926
CVE-2022-35650,0.49102,0.98748
CVE-2022-35651,0.00879,0.54865
CVE-2022-35652,0.00889,0.55132
CVE-2022-35653,0.03747,0.88604
CVE-2022-35654,0.00439,0.35439
CVE-2022-35655,0.00403,0.32522
CVE-2022-35656,0.00294,0.21212
CVE-2022-35664,0.00524,0.40762
CVE-2022-35665,0.03847,0.88915
CVE-2022-35666,0.06911,0.93336
CVE-2022-35667,0.02545,0.83175
CVE-2022-35668,0.04055,0.8947
CVE-2022-35669,0.00337,0.25791
CVE-2022-35670,0.02404,0.82135
CVE-2022-35671,0.02453,0.82521
CVE-2022-35672,0.00381,0.30249
CVE-2022-35673,0.00392,0.31296
CVE-2022-35674,0.00392,0.31295
CVE-2022-35675,0.0043,0.34723
CVE-2022-35676,0.00475,0.37862
CVE-2022-35677,0.00475,0.37862
CVE-2022-35678,0.02538,0.83126
CVE-2022-35689,0.01171,0.63777
CVE-2022-35690,0.72213,0.99367
CVE-2022-35691,0.04369,0.90146
CVE-2022-35692,0.00696,0.48733
CVE-2022-35693,0.0048,0.38161
CVE-2022-35694,0.00708,0.4917
CVE-2022-35695,0.0048,0.3816
CVE-2022-35696,0.00708,0.4917
CVE-2022-35697,0.00578,0.43624
CVE-2022-35698,0.09722,0.94961
CVE-2022-35699,0.00411,0.33148
CVE-2022-35700,0.00411,0.33147
CVE-2022-35701,0.0035,0.27119
CVE-2022-35702,0.00582,0.43769
CVE-2022-35703,0.00582,0.43769
CVE-2022-35704,0.0043,0.34706
CVE-2022-35705,0.00493,0.3895
CVE-2022-35706,0.00667,0.47565
CVE-2022-35707,0.00493,0.3895
CVE-2022-35708,0.00586,0.43974
CVE-2022-35709,0.00389,0.31096
CVE-2022-35710,0.42577,0.98554
CVE-2022-35711,0.73487,0.99403
CVE-2022-35712,0.36753,0.98323
CVE-2022-35713,0.00337,0.2582
CVE-2022-35714,0.00398,0.3195
CVE-2022-35715,0.00842,0.53653
CVE-2022-35716,0.00566,0.43045
CVE-2022-35717,0.00564,0.42943
CVE-2022-35719,0.00171,0.06754
CVE-2022-35720,0.00119,0.0213
CVE-2022-35721,0.00555,0.42464
CVE-2022-35722,0.00383,0.30457
CVE-2022-35724,0.01552,0.72237
CVE-2022-35725,0.00454,0.36497
CVE-2022-35726,0.00611,0.45151
CVE-2022-35728,0.00587,0.43989
CVE-2022-35729,0.00694,0.48689
CVE-2022-35730,0.00234,0.14227
CVE-2022-35733,0.01249,0.659
CVE-2022-35734,0.00575,0.43472
CVE-2022-35735,0.00775,0.51517
CVE-2022-35737,0.17981,0.96845
CVE-2022-35739,0.00726,0.49834
CVE-2022-35740,0.01192,0.64361
CVE-2022-35741,0.06734,0.9318
CVE-2022-35742,0.22441,0.97421
CVE-2022-35743,0.01453,0.70376
CVE-2022-35744,0.01979,0.78204
CVE-2022-35745,0.01226,0.65314
CVE-2022-35746,0.00545,0.41947
CVE-2022-35747,0.01681,0.74258
CVE-2022-35748,0.47226,0.98701
CVE-2022-35749,0.00545,0.41947
CVE-2022-35750,0.06478,0.92956
CVE-2022-35751,0.05461,0.91815
CVE-2022-35752,0.01226,0.65314
CVE-2022-35753,0.01226,0.65314
CVE-2022-35754,0.0041,0.33079
CVE-2022-35755,0.09795,0.94989
CVE-2022-35756,0.11306,0.95476
CVE-2022-35757,0.00776,0.51536
CVE-2022-35758,0.00497,0.3916
CVE-2022-35759,0.01695,0.74466
CVE-2022-35760,0.00735,0.50179
CVE-2022-35761,0.0403,0.89409
CVE-2022-35762,0.00444,0.35823
CVE-2022-35763,0.00444,0.35824
CVE-2022-35764,0.00444,0.35823
CVE-2022-35765,0.00444,0.35823
CVE-2022-35766,0.01424,0.69807
CVE-2022-35767,0.01424,0.69807
CVE-2022-35768,0.00942,0.56857
CVE-2022-35769,0.01935,0.77696
CVE-2022-35770,0.01473,0.70786
CVE-2022-35771,0.00749,0.5063
CVE-2022-35772,0.01881,0.77038
CVE-2022-35773,0.0079,0.51998
CVE-2022-35774,0.0164,0.73635
CVE-2022-35775,0.01503,0.71354
CVE-2022-35776,0.00787,0.51889
CVE-2022-35777,0.0168,0.7425
CVE-2022-35779,0.00835,0.53447
CVE-2022-35780,0.01503,0.71353
CVE-2022-35781,0.01503,0.71354
CVE-2022-35782,0.01503,0.71354
CVE-2022-35783,0.01341,0.68034
CVE-2022-35784,0.01625,0.7338
CVE-2022-35785,0.01625,0.73379
CVE-2022-35786,0.01625,0.73381
CVE-2022-35787,0.01731,0.74957
CVE-2022-35788,0.01625,0.73377
CVE-2022-35789,0.01625,0.73378
CVE-2022-35790,0.01625,0.73377
CVE-2022-35791,0.01625,0.73382
CVE-2022-35792,0.00586,0.43975
CVE-2022-35793,0.0913,0.94719
CVE-2022-35794,0.01535,0.71922
CVE-2022-35795,0.00623,0.45695
CVE-2022-35796,0.01132,0.62694
CVE-2022-35797,0.00563,0.42913
CVE-2022-35798,0.00488,0.38679
CVE-2022-35799,0.01625,0.73381
CVE-2022-35800,0.01731,0.74957
CVE-2022-35801,0.01625,0.73381
CVE-2022-35802,0.01614,0.73181
CVE-2022-35803,0.23818,0.97561
CVE-2022-35804,0.02323,0.81499
CVE-2022-35805,0.02405,0.82139
CVE-2022-35806,0.0093,0.56464
CVE-2022-35807,0.01625,0.73379
CVE-2022-35808,0.01625,0.73379
CVE-2022-35809,0.01625,0.73377
CVE-2022-35810,0.01625,0.73379
CVE-2022-35811,0.01625,0.73378
CVE-2022-35812,0.01731,0.74957
CVE-2022-35813,0.01625,0.73378
CVE-2022-35814,0.01625,0.73377
CVE-2022-35815,0.01625,0.73381
CVE-2022-35816,0.01625,0.73382
CVE-2022-35817,0.01625,0.73382
CVE-2022-35818,0.01625,0.7338
CVE-2022-35819,0.01625,0.7338
CVE-2022-35820,0.0053,0.41081
CVE-2022-35821,0.01004,0.58909
CVE-2022-35822,0.00822,0.53064
CVE-2022-35823,0.52885,0.9885
CVE-2022-35824,0.01942,0.7779
CVE-2022-35825,0.01779,0.7567
CVE-2022-35826,0.01779,0.7567
CVE-2022-35827,0.01779,0.7567
CVE-2022-35828,0.00478,0.37986
CVE-2022-35829,0.19762,0.97096
CVE-2022-35830,0.01519,0.7163
CVE-2022-35831,0.0077,0.51348
CVE-2022-35832,0.00877,0.54835
CVE-2022-35833,0.02585,0.83445
CVE-2022-35834,0.01849,0.76621
CVE-2022-35835,0.01849,0.76621
CVE-2022-35836,0.01849,0.76622
CVE-2022-35837,0.02058,0.79087
CVE-2022-35838,0.02178,0.80249
CVE-2022-35840,0.01849,0.7662
CVE-2022-35841,0.02755,0.84529
CVE-2022-35842,0.00608,0.44951
CVE-2022-35843,0.00889,0.55138
CVE-2022-35844,0.00295,0.21363
CVE-2022-35845,0.01114,0.62209
CVE-2022-35846,0.0074,0.50317
CVE-2022-35847,0.007,0.48894
CVE-2022-35849,0.00405,0.32644
CVE-2022-35850,0.00494,0.38968
CVE-2022-35851,0.00448,0.36078
CVE-2022-35857,0.01651,0.73801
CVE-2022-35858,0.00386,0.30743
CVE-2022-35860,0.00214,0.1173
CVE-2022-35861,0.00288,0.20668
CVE-2022-35864,0.01378,0.68899
CVE-2022-35865,0.01503,0.71341
CVE-2022-35866,0.03177,0.86556
CVE-2022-35867,0.00299,0.21729
CVE-2022-35868,0.00192,0.09056
CVE-2022-35869,0.60292,0.99033
CVE-2022-35870,0.43103,0.98572
CVE-2022-35871,0.39194,0.9843
CVE-2022-35872,0.00652,0.46963
CVE-2022-35873,0.00662,0.47386
CVE-2022-35874,0.00869,0.54569
CVE-2022-35875,0.00861,0.54307
CVE-2022-35876,0.00861,0.54307
CVE-2022-35877,0.00869,0.54569
CVE-2022-35878,0.00792,0.52059
CVE-2022-35879,0.00792,0.52059
CVE-2022-35880,0.00792,0.5206
CVE-2022-35881,0.00792,0.5206
CVE-2022-35882,0.00463,0.37115
CVE-2022-35883,0.002,0.10027
CVE-2022-35884,0.01252,0.66003
CVE-2022-35885,0.01241,0.65677
CVE-2022-35886,0.01241,0.65677
CVE-2022-35887,0.01252,0.66003
CVE-2022-35888,0.00584,0.43865
CVE-2022-35890,0.01955,0.77938
CVE-2022-35893,0.00219,0.12399
CVE-2022-35894,0.00311,0.23079
CVE-2022-35895,0.00352,0.27305
CVE-2022-35896,0.00311,0.2308
CVE-2022-35897,0.00357,0.27809
CVE-2022-35898,0.0064,0.46421
CVE-2022-35899,0.00857,0.54183
CVE-2022-35900,0.00205,0.10588
CVE-2022-35901,0.00205,0.10587
CVE-2022-35902,0.00205,0.10587
CVE-2022-35903,0.00205,0.10587
CVE-2022-35904,0.00205,0.10587
CVE-2022-35905,0.00206,0.10688
CVE-2022-35906,0.00205,0.10588
CVE-2022-35908,0.00663,0.47417
CVE-2022-35909,0.01283,0.66727
CVE-2022-35910,0.0067,0.47713
CVE-2022-35911,0.02045,0.78946
CVE-2022-35912,0.01746,0.75184
CVE-2022-35913,0.0064,0.46443
CVE-2022-35914,0.99628,0.99947
CVE-2022-35915,0.00657,0.47197
CVE-2022-35916,0.00492,0.38889
CVE-2022-35917,0.00669,0.47683
CVE-2022-35918,0.01292,0.6692
CVE-2022-35919,0.52334,0.98838
CVE-2022-35920,0.00919,0.56094
CVE-2022-35921,0.00436,0.35174
CVE-2022-35922,0.01483,0.70973
CVE-2022-35923,0.01358,0.68438
CVE-2022-35924,0.01137,0.6282
CVE-2022-35925,0.01384,0.69002
CVE-2022-35926,0.00966,0.57625
CVE-2022-35927,0.0167,0.74095
CVE-2022-35928,0.00159,0.0547
CVE-2022-35929,0.00551,0.42223
CVE-2022-35930,0.00523,0.40743
CVE-2022-35931,0.00384,0.30468
CVE-2022-35932,0.0105,0.60288
CVE-2022-35933,0.00449,0.36148
CVE-2022-35934,0.00396,0.31817
CVE-2022-35935,0.00441,0.35583
CVE-2022-35936,0.01161,0.63503
CVE-2022-35937,0.00441,0.35605
CVE-2022-35938,0.00448,0.36067
CVE-2022-35939,0.00441,0.35605
CVE-2022-35940,0.00547,0.42012
CVE-2022-35941,0.00562,0.42842
CVE-2022-35942,0.00547,0.42016
CVE-2022-35943,0.00474,0.37765
CVE-2022-35944,0.00864,0.54407
CVE-2022-35945,0.00538,0.41516
CVE-2022-35946,0.00698,0.48795
CVE-2022-35947,0.00945,0.56956
CVE-2022-35948,0.01203,0.64646
CVE-2022-35949,0.01388,0.6908
CVE-2022-35950,0.00358,0.27901
CVE-2022-35951,0.02904,0.8535
CVE-2022-35952,0.00558,0.42631
CVE-2022-35953,0.00492,0.38886
CVE-2022-35954,0.00559,0.42668
CVE-2022-35956,0.00524,0.40794
CVE-2022-35957,0.01302,0.67139
CVE-2022-35959,0.00383,0.30438
CVE-2022-35960,0.00547,0.42011
CVE-2022-35961,0.00336,0.25707
CVE-2022-35962,0.00891,0.55234
CVE-2022-35963,0.00396,0.31812
CVE-2022-35964,0.00409,0.32993
CVE-2022-35965,0.00383,0.30439
CVE-2022-35966,0.00409,0.32993
CVE-2022-35967,0.00409,0.32993
CVE-2022-35968,0.00396,0.31811
CVE-2022-35969,0.00383,0.30438
CVE-2022-35970,0.00423,0.34239
CVE-2022-35971,0.00383,0.30438
CVE-2022-35972,0.00409,0.32993
CVE-2022-35973,0.00423,0.34238
CVE-2022-35974,0.00423,0.34239
CVE-2022-35975,0.01103,0.61903
CVE-2022-35976,0.00426,0.34468
CVE-2022-35977,0.33269,0.98175
CVE-2022-35978,0.02195,0.80403
CVE-2022-35979,0.00423,0.34238
CVE-2022-35980,0.00918,0.56087
CVE-2022-35981,0.00396,0.31816
CVE-2022-35982,0.00423,0.34238
CVE-2022-35983,0.00396,0.31816
CVE-2022-35984,0.00396,0.31814
CVE-2022-35985,0.00396,0.31814
CVE-2022-35986,0.00423,0.34239
CVE-2022-35987,0.00396,0.31816
CVE-2022-35988,0.00405,0.32637
CVE-2022-35989,0.00396,0.31813
CVE-2022-35990,0.00383,0.30438
CVE-2022-35991,0.00441,0.35583
CVE-2022-35992,0.00396,0.31812
CVE-2022-35993,0.00396,0.31812
CVE-2022-35994,0.00396,0.31817
CVE-2022-35995,0.00396,0.31813
CVE-2022-35996,0.00396,0.31813
CVE-2022-35997,0.00405,0.32637
CVE-2022-35998,0.00405,0.32638
CVE-2022-35999,0.00396,0.31817
CVE-2022-36000,0.00396,0.31818
CVE-2022-36001,0.00396,0.31818
CVE-2022-36002,0.00396,0.31815
CVE-2022-36003,0.00396,0.31815
CVE-2022-36004,0.00405,0.32638
CVE-2022-36005,0.00396,0.31815
CVE-2022-36006,0.01265,0.66329
CVE-2022-36007,0.00414,0.33413
CVE-2022-36008,0.00947,0.57032
CVE-2022-36009,0.0065,0.46905
CVE-2022-36010,0.01209,0.64823
CVE-2022-36011,0.00396,0.31813
CVE-2022-36012,0.00547,0.42013
CVE-2022-36013,0.00547,0.42013
CVE-2022-36014,0.00559,0.42657
CVE-2022-36015,0.00547,0.42012
CVE-2022-36016,0.00547,0.42012
CVE-2022-36017,0.00423,0.34237
CVE-2022-36018,0.00383,0.30439
CVE-2022-36019,0.00396,0.31815
CVE-2022-36020,0.00657,0.47192
CVE-2022-36021,0.59706,0.99021
CVE-2022-36022,0.00389,0.31098
CVE-2022-36023,0.00912,0.55886
CVE-2022-36024,0.00662,0.47376
CVE-2022-36025,0.00868,0.54529
CVE-2022-36026,0.00396,0.31814
CVE-2022-36027,0.00596,0.44413
CVE-2022-36028,0.00362,0.2831
CVE-2022-36029,0.0041,0.3308
CVE-2022-36030,0.00726,0.49812
CVE-2022-36031,0.00837,0.53526
CVE-2022-36032,0.00804,0.52484
CVE-2022-36033,0.01208,0.64801
CVE-2022-36034,0.00784,0.51799
CVE-2022-36035,0.00306,0.22466
CVE-2022-36036,0.00383,0.30424
CVE-2022-36037,0.00694,0.48672
CVE-2022-36038,0.00905,0.55648
CVE-2022-36039,0.00365,0.28657
CVE-2022-36040,0.00361,0.28198
CVE-2022-36041,0.00361,0.28198
CVE-2022-36042,0.00355,0.27708
CVE-2022-36043,0.00361,0.28199
CVE-2022-36044,0.00361,0.28198
CVE-2022-36045,0.01052,0.6037
CVE-2022-36046,0.00999,0.58709
CVE-2022-36048,0.00507,0.39769
CVE-2022-36049,0.01045,0.60147
CVE-2022-36051,0.00788,0.51937
CVE-2022-36052,0.00531,0.41189
CVE-2022-36053,0.0053,0.41083
CVE-2022-36054,0.00634,0.46163
CVE-2022-36055,0.00874,0.54739
CVE-2022-36056,0.00145,0.0414
CVE-2022-36057,0.004,0.32217
CVE-2022-36058,0.00988,0.58361
CVE-2022-36059,0.0094,0.5681
CVE-2022-36060,0.00906,0.55676
CVE-2022-36061,0.00993,0.5853
CVE-2022-36062,0.00612,0.45183
CVE-2022-36063,0.01516,0.71589
CVE-2022-36064,0.01138,0.62845
CVE-2022-36065,0.01102,0.6188
CVE-2022-36066,0.01578,0.72631
CVE-2022-36067,0.47868,0.98715
CVE-2022-36068,0.0072,0.49615
CVE-2022-36069,0.01413,0.69597
CVE-2022-36070,0.00341,0.26188
CVE-2022-36071,0.00438,0.35348
CVE-2022-36072,0.0048,0.38172
CVE-2022-36073,0.00845,0.53737
CVE-2022-36074,0.00606,0.44894
CVE-2022-36075,0.0042,0.33931
CVE-2022-36076,0.0046,0.36889
CVE-2022-36077,0.00522,0.40678
CVE-2022-36078,0.00941,0.56842
CVE-2022-36079,0.01002,0.58839
CVE-2022-36080,0.00403,0.32418
CVE-2022-36081,0.00852,0.53961
CVE-2022-36082,0.00574,0.4341
CVE-2022-36083,0.01112,0.62146
CVE-2022-36084,0.01177,0.63943
CVE-2022-36085,0.0127,0.66427
CVE-2022-36086,0.00754,0.50795
CVE-2022-36087,0.01323,0.67582
CVE-2022-36088,0.00222,0.12691
CVE-2022-36089,0.00725,0.49775
CVE-2022-36090,0.00916,0.56031
CVE-2022-36091,0.00708,0.49165
CVE-2022-36092,0.00846,0.53802
CVE-2022-36093,0.00687,0.4841
CVE-2022-36094,0.64098,0.99133
CVE-2022-36095,0.00336,0.25629
CVE-2022-36096,0.5947,0.99016
CVE-2022-36097,0.57388,0.98967
CVE-2022-36098,0.71043,0.9933
CVE-2022-36099,0.7589,0.99473
CVE-2022-36100,0.73608,0.99408
CVE-2022-36101,0.00547,0.42026
CVE-2022-36102,0.00636,0.46258
CVE-2022-36103,0.00553,0.42325
CVE-2022-36104,0.01362,0.68533
CVE-2022-36105,0.01014,0.59196
CVE-2022-36106,0.00763,0.51097
CVE-2022-36107,0.00749,0.50641
CVE-2022-36108,0.00747,0.50565
CVE-2022-36109,0.00837,0.53528
CVE-2022-36110,0.00735,0.50162
CVE-2022-36111,0.00384,0.30583
CVE-2022-36112,0.00459,0.36841
CVE-2022-36113,0.01004,0.58896
CVE-2022-36114,0.00792,0.52064
CVE-2022-36115,0.00774,0.51488
CVE-2022-36116,0.00705,0.49054
CVE-2022-36117,0.00562,0.42876
CVE-2022-36118,0.00639,0.46404
CVE-2022-36119,0.01506,0.71407
CVE-2022-36120,0.00841,0.5363
CVE-2022-36121,0.00639,0.46404
CVE-2022-36122,0.00169,0.06556
CVE-2022-36123,0.00863,0.54374
CVE-2022-36124,0.01276,0.66573
CVE-2022-36125,0.01353,0.6833
CVE-2022-36126,0.02485,0.82745
CVE-2022-36127,0.01595,0.72894
CVE-2022-36129,0.01333,0.67825
CVE-2022-36130,0.00417,0.33675
CVE-2022-36131,0.00533,0.41298
CVE-2022-36133,0.00681,0.48174
CVE-2022-36136,0.00488,0.38657
CVE-2022-36137,0.00488,0.38657
CVE-2022-36139,0.00324,0.2444
CVE-2022-36140,0.00287,0.20621
CVE-2022-36141,0.00287,0.20623
CVE-2022-36142,0.00324,0.24441
CVE-2022-36143,0.00324,0.24441
CVE-2022-36144,0.00328,0.24855
CVE-2022-36145,0.00287,0.20623
CVE-2022-36146,0.00284,0.20293
CVE-2022-36148,0.00291,0.20987
CVE-2022-36149,0.00302,0.22065
CVE-2022-36150,0.00287,0.20617
CVE-2022-36151,0.00287,0.20622
CVE-2022-36152,0.00287,0.20621
CVE-2022-36153,0.00287,0.20622
CVE-2022-36155,0.00284,0.20294
CVE-2022-36157,0.012,0.64586
CVE-2022-36158,0.01473,0.70784
CVE-2022-36159,0.00975,0.57971
CVE-2022-36161,0.01038,0.59947
CVE-2022-36168,0.00847,0.53825
CVE-2022-36170,0.00766,0.51229
CVE-2022-36171,0.00641,0.46465
CVE-2022-36173,0.00814,0.52778
CVE-2022-36174,0.00456,0.36635
CVE-2022-36179,0.00932,0.56545
CVE-2022-36180,0.00882,0.5495
CVE-2022-36182,0.00538,0.41553
CVE-2022-36186,0.00776,0.51539
CVE-2022-36190,0.00905,0.55659
CVE-2022-36191,0.00355,0.27703
CVE-2022-36193,0.01392,0.69173
CVE-2022-36194,0.00765,0.51155
CVE-2022-36197,0.00474,0.3779
CVE-2022-36198,0.00988,0.58386
CVE-2022-36200,0.01895,0.77208
CVE-2022-36201,0.01793,0.75849
CVE-2022-36202,0.00771,0.51365
CVE-2022-36203,0.0077,0.51325
CVE-2022-36215,0.01719,0.74816
CVE-2022-36216,0.01717,0.74781
CVE-2022-36220,0.00918,0.56074
CVE-2022-36221,0.00791,0.52041
CVE-2022-36222,0.00287,0.20564
CVE-2022-36223,0.0041,0.33052
CVE-2022-36224,0.00394,0.31592
CVE-2022-36225,0.00393,0.31459
CVE-2022-36226,0.00944,0.56913
CVE-2022-36227,0.01936,0.77714
CVE-2022-36228,0.00298,0.21668
CVE-2022-36231,0.03014,0.85867
CVE-2022-36233,0.0024,0.15031
CVE-2022-36234,0.00785,0.51809
CVE-2022-36242,0.00754,0.50789
CVE-2022-36243,0.0074,0.50345
CVE-2022-36244,0.00334,0.25451
CVE-2022-36246,0.00671,0.47765
CVE-2022-36247,0.0053,0.41113
CVE-2022-36249,0.00353,0.27492
CVE-2022-36250,0.00273,0.19148
CVE-2022-36251,0.00496,0.39108
CVE-2022-36254,0.0062,0.45596
CVE-2022-36255,0.00815,0.5283
CVE-2022-36256,0.00815,0.5283
CVE-2022-36257,0.00815,0.5283
CVE-2022-36258,0.00815,0.52829
CVE-2022-36259,0.00948,0.57048
CVE-2022-36261,0.01017,0.59285
CVE-2022-36262,0.01448,0.70272
CVE-2022-36263,0.00368,0.28899
CVE-2022-36264,0.01257,0.66109
CVE-2022-36265,0.01104,0.61929
CVE-2022-36266,0.00783,0.51762
CVE-2022-36267,0.53752,0.98879
CVE-2022-36270,0.01108,0.62043
CVE-2022-36271,0.00493,0.38944
CVE-2022-36272,0.00873,0.54682
CVE-2022-36273,0.02408,0.82162
CVE-2022-36276,0.00768,0.51276
CVE-2022-36277,0.00331,0.2514
CVE-2022-36278,0.00186,0.08397
CVE-2022-36279,0.03172,0.86542
CVE-2022-36280,0.00614,0.45294
CVE-2022-36282,0.0042,0.33993
CVE-2022-36284,0.00525,0.40859
CVE-2022-36285,0.00946,0.56998
CVE-2022-36287,0.00214,0.11723
CVE-2022-36288,0.00289,0.20791
CVE-2022-36289,0.00228,0.13495
CVE-2022-36292,0.00306,0.22469
CVE-2022-36293,0.00952,0.57189
CVE-2022-36296,0.00589,0.44096
CVE-2022-36301,0.00824,0.53114
CVE-2022-36302,0.0052,0.40566
CVE-2022-36303,0.00441,0.35595
CVE-2022-36304,0.00441,0.35595
CVE-2022-36305,0.00441,0.35595
CVE-2022-36306,0.00828,0.53233
CVE-2022-36307,0.0029,0.20912
CVE-2022-36308,0.00621,0.45628
CVE-2022-36309,0.24071,0.97585
CVE-2022-36310,0.01333,0.6783
CVE-2022-36311,0.00377,0.29785
CVE-2022-36312,0.00291,0.2094
CVE-2022-36313,0.00389,0.31092
CVE-2022-36314,0.00216,0.12001
CVE-2022-36315,0.00196,0.09533
CVE-2022-36316,0.00315,0.23469
CVE-2022-36317,0.00463,0.37071
CVE-2022-36318,0.00493,0.38913
CVE-2022-36319,0.00694,0.48682
CVE-2022-36320,0.00656,0.47125
CVE-2022-36321,0.01598,0.72934
CVE-2022-36322,0.00566,0.43072
CVE-2022-36323,0.01318,0.67495
CVE-2022-36324,0.01437,0.70052
CVE-2022-36325,0.00794,0.52123
CVE-2022-36326,0.00572,0.43349
CVE-2022-36327,0.01466,0.70655
CVE-2022-36328,0.00767,0.51261
CVE-2022-36329,0.00296,0.21501
CVE-2022-36330,0.00557,0.42574
CVE-2022-36331,0.00591,0.44205
CVE-2022-36336,0.00546,0.41973
CVE-2022-36337,0.00214,0.11689
CVE-2022-36338,0.00429,0.34645
CVE-2022-36339,0.00184,0.08128
CVE-2022-36340,0.00649,0.46862
CVE-2022-36341,0.00424,0.34301
CVE-2022-36343,0.00462,0.37036
CVE-2022-36344,0.00737,0.5024
CVE-2022-36345,0.00271,0.1886
CVE-2022-36346,0.00334,0.25471
CVE-2022-36347,0.00504,0.39617
CVE-2022-36348,0.00203,0.10367
CVE-2022-36349,0.00171,0.06703
CVE-2022-36350,0.00472,0.3767
CVE-2022-36351,0.0061,0.45053
CVE-2022-36352,0.00391,0.31274
CVE-2022-36354,0.00787,0.51911
CVE-2022-36355,0.00449,0.36162
CVE-2022-36356,0.00454,0.36498
CVE-2022-36357,0.00406,0.32715
CVE-2022-36358,0.00249,0.16185
CVE-2022-36359,0.00657,0.47177
CVE-2022-36360,0.00251,0.16339
CVE-2022-36361,0.00901,0.555
CVE-2022-36362,0.00866,0.54473
CVE-2022-36363,0.0038,0.30107
CVE-2022-36364,0.02276,0.81082
CVE-2022-36365,0.00568,0.43148
CVE-2022-36367,0.00179,0.07618
CVE-2022-36368,0.00681,0.48161
CVE-2022-36369,0.00251,0.16426
CVE-2022-36370,0.00153,0.04861
CVE-2022-36372,0.00161,0.05673
CVE-2022-36373,0.00377,0.29801
CVE-2022-36374,0.00183,0.08102
CVE-2022-36375,0.00976,0.58014
CVE-2022-36376,0.00792,0.52052
CVE-2022-36377,0.00137,0.03525
CVE-2022-36378,0.00463,0.37115
CVE-2022-36379,0.00401,0.32261
CVE-2022-36380,0.00169,0.06529
CVE-2022-36381,0.0146,0.70534
CVE-2022-36382,0.00186,0.08338
CVE-2022-36383,0.00421,0.34103
CVE-2022-36384,0.00169,0.0653
CVE-2022-36385,0.00359,0.28056
CVE-2022-36386,0.0108,0.61215
CVE-2022-36387,0.00779,0.51638
CVE-2022-36388,0.00306,0.22498
CVE-2022-36389,0.00315,0.23415
CVE-2022-36390,0.00469,0.37422
CVE-2022-36391,0.00147,0.04394
CVE-2022-36392,0.00649,0.46843
CVE-2022-36394,0.00737,0.50224
CVE-2022-36396,0.00215,0.11858
CVE-2022-36397,0.00227,0.13339
CVE-2022-36398,0.00169,0.0651
CVE-2022-36399,0.00531,0.41134
CVE-2022-36400,0.00179,0.07604
CVE-2022-36401,0.00264,0.1785
CVE-2022-36402,0.00463,0.37078
CVE-2022-36403,0.0021,0.11254
CVE-2022-36404,0.00211,0.11318
CVE-2022-36405,0.00449,0.36161
CVE-2022-36407,0.00514,0.40162
CVE-2022-36412,0.0579,0.92236
CVE-2022-36413,0.03056,0.86052
CVE-2022-36414,0.00195,0.09425
CVE-2022-36415,0.00212,0.11449
CVE-2022-36416,0.00199,0.09854
CVE-2022-36417,0.00238,0.14734
CVE-2022-36418,0.00656,0.47143
CVE-2022-36422,0.00393,0.31406
CVE-2022-36423,0.00314,0.2332
CVE-2022-36424,0.00256,0.16933
CVE-2022-36425,0.00751,0.50706
CVE-2022-36427,0.00699,0.48827
CVE-2022-36428,0.00412,0.33208
CVE-2022-36429,0.01987,0.78293
CVE-2022-36431,0.0113,0.62658
CVE-2022-36432,0.00534,0.41311
CVE-2022-36433,0.00566,0.43029
CVE-2022-36436,0.01653,0.7383
CVE-2022-36437,0.01021,0.59385
CVE-2022-36438,0.00163,0.05852
CVE-2022-36439,0.00164,0.05912
CVE-2022-36440,0.01624,0.73355
CVE-2022-36441,0.00192,0.09019
CVE-2022-36442,0.0019,0.08747
CVE-2022-36443,0.00196,0.09499
CVE-2022-36444,0.00857,0.54174
CVE-2022-36446,0.96049,0.99867
CVE-2022-36447,0.00734,0.50128
CVE-2022-36448,0.0032,0.23956
CVE-2022-36449,0.00908,0.55769
CVE-2022-36450,0.19589,0.97069
CVE-2022-36451,0.00571,0.43313
CVE-2022-36452,0.00822,0.53056
CVE-2022-36453,0.00571,0.43312
CVE-2022-36454,0.00478,0.38035
CVE-2022-36455,0.01086,0.61379
CVE-2022-36456,0.01086,0.61378
CVE-2022-36458,0.01086,0.61379
CVE-2022-36459,0.01086,0.6138
CVE-2022-36460,0.01086,0.6138
CVE-2022-36461,0.01292,0.66921
CVE-2022-36462,0.00304,0.22316
CVE-2022-36463,0.00327,0.24693
CVE-2022-36464,0.00331,0.25106
CVE-2022-36465,0.00331,0.25107
CVE-2022-36466,0.00308,0.2269
CVE-2022-36467,0.00349,0.27055
CVE-2022-36468,0.00349,0.27057
CVE-2022-36469,0.00349,0.27057
CVE-2022-36470,0.00349,0.27057
CVE-2022-36471,0.00349,0.27057
CVE-2022-36472,0.00349,0.27055
CVE-2022-36473,0.00349,0.27055
CVE-2022-36474,0.00349,0.27056
CVE-2022-36475,0.00349,0.27055
CVE-2022-36477,0.00349,0.27054
CVE-2022-36478,0.00349,0.27056
CVE-2022-36479,0.01099,0.61806
CVE-2022-36480,0.00331,0.25106
CVE-2022-36481,0.01308,0.67257
CVE-2022-36482,0.00944,0.56925
CVE-2022-36483,0.00331,0.25106
CVE-2022-36484,0.00331,0.25107
CVE-2022-36485,0.01099,0.61805
CVE-2022-36486,0.01099,0.61806
CVE-2022-36487,0.01099,0.61806
CVE-2022-36488,0.00331,0.25107
CVE-2022-36489,0.00349,0.27056
CVE-2022-36490,0.00498,0.39241
CVE-2022-36491,0.00498,0.39239
CVE-2022-36492,0.00498,0.3924
CVE-2022-36493,0.00498,0.3924
CVE-2022-36494,0.00498,0.3924
CVE-2022-36495,0.00498,0.3924
CVE-2022-36496,0.00764,0.51121
CVE-2022-36497,0.00764,0.51121
CVE-2022-36498,0.00536,0.41432
CVE-2022-36499,0.00764,0.51119
CVE-2022-36500,0.00536,0.41433
CVE-2022-36501,0.00766,0.51221
CVE-2022-36502,0.00764,0.51119
CVE-2022-36503,0.00753,0.5077
CVE-2022-36504,0.00764,0.5112
CVE-2022-36505,0.00764,0.5112
CVE-2022-36506,0.00538,0.41522
CVE-2022-36507,0.00764,0.51119
CVE-2022-36508,0.00764,0.5112
CVE-2022-36509,0.12317,0.95724
CVE-2022-36510,0.12317,0.95724
CVE-2022-36511,0.01025,0.59556
CVE-2022-36513,0.01025,0.59557
CVE-2022-36514,0.01011,0.5912
CVE-2022-36515,0.01011,0.59119
CVE-2022-36516,0.01011,0.5912
CVE-2022-36517,0.01011,0.59121
CVE-2022-36518,0.01025,0.59556
CVE-2022-36519,0.01025,0.59556
CVE-2022-36520,0.01011,0.59121
CVE-2022-36521,0.00581,0.43748
CVE-2022-36522,0.01112,0.62158
CVE-2022-36523,0.02066,0.79177
CVE-2022-36524,0.00741,0.50351
CVE-2022-36525,0.01372,0.68762
CVE-2022-36526,0.0104,0.59992
CVE-2022-36527,0.00413,0.33312
CVE-2022-36529,0.00888,0.55116
CVE-2022-36530,0.00692,0.48593
CVE-2022-36532,0.23362,0.97517
CVE-2022-36533,0.41567,0.98518
CVE-2022-36534,0.51804,0.98825
CVE-2022-36536,0.03816,0.8883
CVE-2022-36537,0.95335,0.99857
CVE-2022-36539,0.0125,0.65925
CVE-2022-36542,0.00616,0.45398
CVE-2022-36543,0.00988,0.58387
CVE-2022-36544,0.00988,0.58387
CVE-2022-36545,0.00988,0.58387
CVE-2022-36546,0.00427,0.34496
CVE-2022-36547,0.0054,0.41647
CVE-2022-36548,0.00499,0.393
CVE-2022-36551,0.05141,0.91435
CVE-2022-36552,0.00597,0.44466
CVE-2022-36553,0.90798,0.99794
CVE-2022-36554,0.02203,0.80478
CVE-2022-36555,0.00582,0.4378
CVE-2022-36556,0.01488,0.71067
CVE-2022-36557,0.00865,0.5441
CVE-2022-36558,0.00694,0.48658
CVE-2022-36559,0.01692,0.74435
CVE-2022-36560,0.00694,0.48657
CVE-2022-36561,0.00315,0.23405
CVE-2022-36562,0.00814,0.52783
CVE-2022-36563,0.00814,0.52782
CVE-2022-36564,0.00814,0.52783
CVE-2022-36565,0.00814,0.52783
CVE-2022-36566,0.0211,0.79646
CVE-2022-36568,0.00945,0.56959
CVE-2022-36569,0.00945,0.56959
CVE-2022-36570,0.0094,0.56798
CVE-2022-36571,0.0094,0.56798
CVE-2022-36572,0.21144,0.97294
CVE-2022-36573,0.00496,0.39109
CVE-2022-36577,0.0035,0.2713
CVE-2022-36578,0.00789,0.51973
CVE-2022-36579,0.0035,0.2713
CVE-2022-36580,0.01143,0.62957
CVE-2022-36581,0.00788,0.51939
CVE-2022-36582,0.01143,0.62957
CVE-2022-36583,0.0051,0.39981
CVE-2022-36584,0.00814,0.52776
CVE-2022-36585,0.00814,0.52775
CVE-2022-36586,0.00814,0.52776
CVE-2022-36587,0.00814,0.52775
CVE-2022-36588,0.01547,0.72139
CVE-2022-36593,0.00766,0.51214
CVE-2022-36594,0.00777,0.51573
CVE-2022-36599,0.00873,0.54682
CVE-2022-36600,0.00466,0.37274
CVE-2022-36601,0.01026,0.59571
CVE-2022-36602,0.01438,0.70062
CVE-2022-36603,0.01438,0.70062
CVE-2022-36604,0.00657,0.47169
CVE-2022-36605,0.00688,0.48443
CVE-2022-36606,0.00891,0.55216
CVE-2022-36609,0.00642,0.46544
CVE-2022-36610,0.00283,0.2026
CVE-2022-36611,0.00283,0.2026
CVE-2022-36612,0.00283,0.20261
CVE-2022-36613,0.00283,0.20261
CVE-2022-36614,0.00283,0.2026
CVE-2022-36615,0.00283,0.2026
CVE-2022-36616,0.00283,0.20261
CVE-2022-36617,0.00442,0.3567
CVE-2022-36619,0.01022,0.59458
CVE-2022-36620,0.23171,0.97501
CVE-2022-36621,0.01093,0.61561
CVE-2022-36622,0.01127,0.62565
CVE-2022-36633,0.49476,0.98759
CVE-2022-36634,0.0102,0.59367
CVE-2022-36635,0.16587,0.96643
CVE-2022-36636,0.00907,0.5571
CVE-2022-36637,0.00481,0.38231
CVE-2022-36638,0.00776,0.51521
CVE-2022-36639,0.00481,0.38231
CVE-2022-36640,0.02005,0.78522
CVE-2022-36642,0.09572,0.94908
CVE-2022-36647,0.00273,0.19119
CVE-2022-36648,0.01401,0.69346
CVE-2022-36657,0.00479,0.38086
CVE-2022-36659,0.00749,0.50628
CVE-2022-36660,0.00879,0.54873
CVE-2022-36661,0.00749,0.50628
CVE-2022-36663,0.02023,0.78711
CVE-2022-36664,0.03767,0.88668
CVE-2022-36667,0.24358,0.97611
CVE-2022-36668,0.00491,0.38827
CVE-2022-36669,0.02081,0.79335
CVE-2022-36670,0.00303,0.22184
CVE-2022-36671,0.00393,0.31461
CVE-2022-36672,0.00984,0.58224
CVE-2022-36674,0.00861,0.54288
CVE-2022-36675,0.00861,0.54288
CVE-2022-36676,0.00843,0.53677
CVE-2022-36677,0.00504,0.39624
CVE-2022-36678,0.00891,0.55214
CVE-2022-36679,0.00873,0.54684
CVE-2022-36680,0.00891,0.55214
CVE-2022-36681,0.00891,0.55214
CVE-2022-36682,0.00891,0.55216
CVE-2022-36683,0.00891,0.55217
CVE-2022-36686,0.00866,0.54455
CVE-2022-36687,0.00917,0.56041
CVE-2022-36688,0.00866,0.54456
CVE-2022-36689,0.00866,0.54456
CVE-2022-36690,0.00848,0.53842
CVE-2022-36692,0.00802,0.524
CVE-2022-36693,0.00802,0.524
CVE-2022-36695,0.00906,0.55697
CVE-2022-36696,0.00906,0.55697
CVE-2022-36697,0.00906,0.55697
CVE-2022-36698,0.00917,0.56045
CVE-2022-36699,0.00811,0.52698
CVE-2022-36700,0.00811,0.52699
CVE-2022-36701,0.00811,0.52699
CVE-2022-36703,0.00811,0.52699
CVE-2022-36704,0.00866,0.54455
CVE-2022-36705,0.00891,0.55215
CVE-2022-36706,0.00891,0.55216
CVE-2022-36708,0.00891,0.55215
CVE-2022-36709,0.00789,0.51974
CVE-2022-36711,0.00789,0.51974
CVE-2022-36712,0.00789,0.51974
CVE-2022-36713,0.00789,0.51974
CVE-2022-36714,0.00789,0.51975
CVE-2022-36715,0.00802,0.524
CVE-2022-36716,0.00789,0.51971
CVE-2022-36719,0.00873,0.54684
CVE-2022-36720,0.00866,0.54456
CVE-2022-36721,0.00866,0.54455
CVE-2022-36722,0.00908,0.55772
CVE-2022-36725,0.00908,0.55772
CVE-2022-36727,0.00821,0.5302
CVE-2022-36728,0.00921,0.56161
CVE-2022-36729,0.00821,0.5302
CVE-2022-36730,0.00789,0.51972
CVE-2022-36731,0.00789,0.51973
CVE-2022-36732,0.00789,0.51972
CVE-2022-36733,0.00789,0.51972
CVE-2022-36734,0.00789,0.51973
CVE-2022-36735,0.00789,0.51972
CVE-2022-36736,0.00603,0.44758
CVE-2022-36745,0.00421,0.34067
CVE-2022-36746,0.00421,0.34067
CVE-2022-36747,0.00533,0.41257
CVE-2022-36748,0.00381,0.30214
CVE-2022-36749,0.02493,0.82806
CVE-2022-36750,0.00821,0.5302
CVE-2022-36752,0.00428,0.34573
CVE-2022-36754,0.00762,0.51056
CVE-2022-36755,0.0111,0.62116
CVE-2022-36756,0.0299,0.85753
CVE-2022-36759,0.00927,0.56349
CVE-2022-36760,0.01879,0.77006
CVE-2022-36763,0.00288,0.20734
CVE-2022-36764,0.00287,0.2062
CVE-2022-36765,0.00287,0.2062
CVE-2022-36768,0.00214,0.11806
CVE-2022-36769,0.00866,0.54451
CVE-2022-36771,0.00491,0.38813
CVE-2022-36772,0.00543,0.41832
CVE-2022-36773,0.01489,0.71087
CVE-2022-36774,0.00276,0.19492
CVE-2022-36775,0.00417,0.33672
CVE-2022-36776,0.00373,0.29393
CVE-2022-36777,0.00585,0.43916
CVE-2022-36778,0.00377,0.29807
CVE-2022-36779,0.02346,0.81692
CVE-2022-36780,0.00418,0.33768
CVE-2022-36781,0.00469,0.37466
CVE-2022-36782,0.00424,0.34302
CVE-2022-36783,0.00354,0.27588
CVE-2022-36784,0.01053,0.60407
CVE-2022-36785,0.01894,0.77197
CVE-2022-36786,0.00856,0.54144
CVE-2022-36787,0.00602,0.44708
CVE-2022-36788,0.00617,0.45441
CVE-2022-36789,0.00167,0.06263
CVE-2022-36791,0.00458,0.36787
CVE-2022-36793,0.00749,0.50626
CVE-2022-36794,0.00188,0.08567
CVE-2022-36795,0.00616,0.45381
CVE-2022-36796,0.00299,0.21772
CVE-2022-36797,0.00181,0.07868
CVE-2022-36798,0.00289,0.20811
CVE-2022-36799,0.44604,0.98626
CVE-2022-36800,0.00544,0.41881
CVE-2022-36801,0.64863,0.99157
CVE-2022-36802,0.00826,0.53169
CVE-2022-36803,0.00555,0.4243
CVE-2022-36804,0.99077,0.99928
CVE-2022-36829,0.0017,0.06661
CVE-2022-36830,0.0017,0.06661
CVE-2022-36831,0.00233,0.14082
CVE-2022-36832,0.00187,0.08494
CVE-2022-36833,0.00169,0.06503
CVE-2022-36834,0.00166,0.06138
CVE-2022-36835,0.00184,0.08205
CVE-2022-36836,0.00179,0.07612
CVE-2022-36837,0.00191,0.08958
CVE-2022-36838,0.00195,0.09373
CVE-2022-36839,0.00246,0.15778
CVE-2022-36840,0.00181,0.07831
CVE-2022-36841,0.00101,0.01094
CVE-2022-36842,0.00101,0.01095
CVE-2022-36843,0.00101,0.01095
CVE-2022-36844,0.00101,0.01095
CVE-2022-36845,0.00101,0.01096
CVE-2022-36846,0.00101,0.01094
CVE-2022-36847,0.0009,0.0058
CVE-2022-36848,0.00076,0.00137
CVE-2022-36849,0.0009,0.0058
CVE-2022-36850,0.00103,0.01179
CVE-2022-36851,0.00322,0.24202
CVE-2022-36852,0.00102,0.0111
CVE-2022-36853,0.00197,0.09645
CVE-2022-36854,0.00094,0.00768
CVE-2022-36855,0.00101,0.01096
CVE-2022-36856,0.00086,0.00429
CVE-2022-36857,0.00134,0.03283
CVE-2022-36858,0.00101,0.01096
CVE-2022-36859,0.00362,0.28335
CVE-2022-36860,0.00101,0.01094
CVE-2022-36861,0.00086,0.00428
CVE-2022-36862,0.00101,0.01096
CVE-2022-36863,0.00101,0.01094
CVE-2022-36864,0.00178,0.07499
CVE-2022-36865,0.00173,0.06907
CVE-2022-36866,0.00173,0.06907
CVE-2022-36867,0.00171,0.06709
CVE-2022-36868,0.00116,0.01916
CVE-2022-36869,0.00173,0.07013
CVE-2022-36870,0.00168,0.06441
CVE-2022-36871,0.00166,0.06158
CVE-2022-36872,0.00166,0.06157
CVE-2022-36873,0.00217,0.12091
CVE-2022-36874,0.00191,0.08952
CVE-2022-36875,0.00191,0.08948
CVE-2022-36876,0.00323,0.24275
CVE-2022-36877,0.00221,0.12655
CVE-2022-36878,0.00217,0.12117
CVE-2022-36879,0.00309,0.22756
CVE-2022-36880,0.00526,0.40865
CVE-2022-36881,0.00783,0.51775
CVE-2022-36882,0.00583,0.43839
CVE-2022-36883,0.05563,0.91948
CVE-2022-36884,0.00853,0.53999
CVE-2022-36885,0.00721,0.49671
CVE-2022-36886,0.00362,0.28391
CVE-2022-36887,0.00362,0.28391
CVE-2022-36888,0.00605,0.44826
CVE-2022-36889,0.01453,0.70371
CVE-2022-36890,0.00995,0.58586
CVE-2022-36891,0.00486,0.38559
CVE-2022-36892,0.00569,0.43199
CVE-2022-36893,0.00581,0.43753
CVE-2022-36894,0.00674,0.47887
CVE-2022-36895,0.00569,0.43199
CVE-2022-36896,0.00605,0.44826
CVE-2022-36897,0.00569,0.432
CVE-2022-36898,0.00581,0.43754
CVE-2022-36899,0.0085,0.53891
CVE-2022-36900,0.00832,0.53374
CVE-2022-36901,0.00723,0.49709
CVE-2022-36902,0.00648,0.46794
CVE-2022-36903,0.00581,0.43755
CVE-2022-36904,0.00581,0.43755
CVE-2022-36905,0.00552,0.42272
CVE-2022-36906,0.00479,0.38098
CVE-2022-36907,0.00668,0.47628
CVE-2022-36908,0.00479,0.38098
CVE-2022-36909,0.00699,0.48829
CVE-2022-36910,0.00434,0.35051
CVE-2022-36911,0.00397,0.3184
CVE-2022-36912,0.00505,0.39681
CVE-2022-36913,0.00486,0.38559
CVE-2022-36914,0.00581,0.43754
CVE-2022-36915,0.00569,0.432
CVE-2022-36916,0.00427,0.34529
CVE-2022-36917,0.00505,0.39681
CVE-2022-36918,0.00486,0.38559
CVE-2022-36919,0.00581,0.43754
CVE-2022-36920,0.00499,0.39287
CVE-2022-36921,0.0073,0.50005
CVE-2022-36922,0.00607,0.44932
CVE-2022-36923,0.0793,0.94054
CVE-2022-36924,0.00245,0.15615
CVE-2022-36925,0.0012,0.02148
CVE-2022-36926,0.00428,0.34594
CVE-2022-36927,0.00207,0.10853
CVE-2022-36928,0.00277,0.19619
CVE-2022-36929,0.00288,0.20647
CVE-2022-36930,0.00466,0.37244
CVE-2022-36934,0.01961,0.77999
CVE-2022-36937,0.00527,0.40911
CVE-2022-36938,0.01171,0.63765
CVE-2022-36943,0.00805,0.52489
CVE-2022-36944,0.08343,0.94302
CVE-2022-36945,0.00895,0.55328
CVE-2022-36946,0.05542,0.91921
CVE-2022-36947,0.02046,0.78963
CVE-2022-36948,0.00377,0.29808
CVE-2022-36949,0.00186,0.08418
CVE-2022-36950,0.01484,0.71
CVE-2022-36951,0.01009,0.59041
CVE-2022-36952,0.00443,0.3571
CVE-2022-36953,0.00678,0.48048
CVE-2022-36954,0.00832,0.53356
CVE-2022-36955,0.00197,0.09599
CVE-2022-36956,0.00458,0.36785
CVE-2022-36957,0.12306,0.95721
CVE-2022-36958,0.82746,0.99632
CVE-2022-36960,0.0089,0.55162
CVE-2022-36961,0.75174,0.99456
CVE-2022-36962,0.0901,0.94672
CVE-2022-36963,0.0839,0.94332
CVE-2022-36964,0.16813,0.96679
CVE-2022-36965,0.00579,0.43667
CVE-2022-36966,0.00405,0.32626
CVE-2022-36967,0.00628,0.45898
CVE-2022-36968,0.00224,0.13056
CVE-2022-36969,0.13681,0.96051
CVE-2022-36970,0.00647,0.4673
CVE-2022-36971,0.14984,0.96323
CVE-2022-36972,0.06534,0.93004
CVE-2022-36973,0.06015,0.92494
CVE-2022-36974,0.84454,0.99672
CVE-2022-36975,0.06534,0.93005
CVE-2022-36976,0.06534,0.93005
CVE-2022-36977,0.06708,0.93147
CVE-2022-36978,0.07334,0.93676
CVE-2022-36979,0.06534,0.93004
CVE-2022-36980,0.83136,0.9964
CVE-2022-36981,0.83436,0.9965
CVE-2022-36982,0.73757,0.99415
CVE-2022-36983,0.0469,0.90732
CVE-2022-36984,0.00647,0.46753
CVE-2022-36985,0.00196,0.09515
CVE-2022-36986,0.00838,0.53557
CVE-2022-36987,0.00553,0.42368
CVE-2022-36988,0.00762,0.51075
CVE-2022-36989,0.009,0.55477
CVE-2022-36990,0.0058,0.43706
CVE-2022-36991,0.0058,0.43707
CVE-2022-36992,0.009,0.55477
CVE-2022-36993,0.009,0.55477
CVE-2022-36994,0.00538,0.41562
CVE-2022-36995,0.00445,0.35861
CVE-2022-36996,0.0052,0.40572
CVE-2022-36997,0.00603,0.44746
CVE-2022-36998,0.00579,0.43643
CVE-2022-36999,0.00597,0.4448
CVE-2022-37000,0.00597,0.4448
CVE-2022-37001,0.00491,0.38811
CVE-2022-37002,0.00435,0.35081
CVE-2022-37003,0.00422,0.34172
CVE-2022-37004,0.00518,0.40419
CVE-2022-37005,0.0045,0.36256
CVE-2022-37006,0.00468,0.37354
CVE-2022-37007,0.00506,0.39688
CVE-2022-37008,0.00264,0.17929
CVE-2022-37009,0.00242,0.15257
CVE-2022-37010,0.00172,0.06777
CVE-2022-37011,0.01085,0.61375
CVE-2022-37012,0.0178,0.75677
CVE-2022-37013,0.01148,0.63083
CVE-2022-37015,0.00693,0.48634
CVE-2022-37016,0.00671,0.47765
CVE-2022-37017,0.01096,0.6173
CVE-2022-37018,0.00234,0.14263
CVE-2022-37019,0.00168,0.06398
CVE-2022-37020,0.00177,0.07411
CVE-2022-37021,0.02367,0.81857
CVE-2022-37022,0.01274,0.66521
CVE-2022-37023,0.01335,0.67896
CVE-2022-37024,0.78326,0.9953
CVE-2022-37025,0.00201,0.10119
CVE-2022-37026,0.01167,0.63668
CVE-2022-37027,0.21732,0.9735
CVE-2022-37028,0.0046,0.36914
CVE-2022-37030,0.00313,0.23241
CVE-2022-37032,0.01578,0.72634
CVE-2022-37033,0.00843,0.53668
CVE-2022-37034,0.00875,0.54768
CVE-2022-37035,0.01932,0.77667
CVE-2022-37041,0.0053,0.411
CVE-2022-37042,0.88256,0.99752
CVE-2022-37043,0.00269,0.18595
CVE-2022-37044,0.00407,0.32825
CVE-2022-37047,0.00403,0.3242
CVE-2022-37048,0.00403,0.32419
CVE-2022-37049,0.00403,0.32419
CVE-2022-37050,0.00921,0.56168
CVE-2022-37051,0.00959,0.57384
CVE-2022-37052,0.00902,0.55551
CVE-2022-37053,0.02269,0.81022
CVE-2022-37055,0.57037,0.98957
CVE-2022-37056,0.10327,0.95176
CVE-2022-37057,0.25075,0.97674
CVE-2022-37059,0.00479,0.38085
CVE-2022-37060,0.15195,0.96365
CVE-2022-37061,0.99607,0.99944
CVE-2022-37062,0.02624,0.83701
CVE-2022-37063,0.01333,0.67827
CVE-2022-37066,0.01011,0.59121
CVE-2022-37067,0.01011,0.59119
CVE-2022-37068,0.01011,0.59122
CVE-2022-37069,0.01011,0.59122
CVE-2022-37070,0.10598,0.95263
CVE-2022-37071,0.01011,0.59121
CVE-2022-37072,0.01011,0.5912
CVE-2022-37073,0.01011,0.59122
CVE-2022-37074,0.00529,0.41018
CVE-2022-37075,0.00327,0.24693
CVE-2022-37076,0.01086,0.61378
CVE-2022-37077,0.00327,0.24693
CVE-2022-37078,0.00932,0.56558
CVE-2022-37079,0.01292,0.6692
CVE-2022-37080,0.00327,0.24692
CVE-2022-37081,0.01086,0.6138
CVE-2022-37082,0.01086,0.61379
CVE-2022-37083,0.01086,0.61378
CVE-2022-37084,0.00327,0.24693
CVE-2022-37085,0.01013,0.59168
CVE-2022-37086,0.01013,0.5917
CVE-2022-37087,0.01013,0.5917
CVE-2022-37088,0.01013,0.59162
CVE-2022-37089,0.01013,0.59164
CVE-2022-37090,0.01013,0.59165
CVE-2022-37091,0.01013,0.59164
CVE-2022-37092,0.01013,0.59167
CVE-2022-37093,0.01013,0.59167
CVE-2022-37094,0.01013,0.59163
CVE-2022-37095,0.01013,0.59164
CVE-2022-37096,0.01013,0.59168
CVE-2022-37097,0.01013,0.59162
CVE-2022-37098,0.01013,0.59161
CVE-2022-37099,0.01013,0.59161
CVE-2022-37100,0.01013,0.59161
CVE-2022-37108,0.01011,0.59108
CVE-2022-37109,0.49201,0.9875
CVE-2022-37111,0.00777,0.51571
CVE-2022-37112,0.00761,0.51034
CVE-2022-37113,0.14423,0.96212
CVE-2022-37122,0.19669,0.97083
CVE-2022-37123,0.02692,0.84147
CVE-2022-37125,0.03159,0.86487
CVE-2022-37128,0.21246,0.97304
CVE-2022-37129,0.08293,0.94273
CVE-2022-37130,0.26335,0.97765
CVE-2022-37133,0.01134,0.6273
CVE-2022-37134,0.21233,0.97302
CVE-2022-37137,0.0049,0.38759
CVE-2022-37138,0.00952,0.57209
CVE-2022-37139,0.00491,0.38828
CVE-2022-37140,0.0133,0.67746
CVE-2022-37144,0.00821,0.53038
CVE-2022-37145,0.00887,0.55074
CVE-2022-37146,0.00709,0.49233
CVE-2022-37149,0.0278,0.84712
CVE-2022-37150,0.00481,0.38231
CVE-2022-37151,0.00835,0.53451
CVE-2022-37152,0.00933,0.56592
CVE-2022-37153,0.01393,0.69183
CVE-2022-37155,0.39966,0.9846
CVE-2022-37158,0.00817,0.52878
CVE-2022-37159,0.24903,0.9766
CVE-2022-37160,0.0053,0.41063
CVE-2022-37161,0.0055,0.42198
CVE-2022-37162,0.00609,0.45025
CVE-2022-37163,0.00493,0.38911
CVE-2022-37164,0.00585,0.439
CVE-2022-37172,0.00216,0.11976
CVE-2022-37173,0.00182,0.07914
CVE-2022-37175,0.00862,0.54329
CVE-2022-37176,0.00773,0.51434
CVE-2022-37177,0.00375,0.29679
CVE-2022-37178,0.00865,0.54431
CVE-2022-37181,0.00993,0.58508
CVE-2022-37183,0.00609,0.45007
CVE-2022-37184,0.00999,0.58732
CVE-2022-37185,0.00729,0.49956
CVE-2022-37186,0.00725,0.49776
CVE-2022-37189,0.01114,0.62209
CVE-2022-37190,0.45769,0.98661
CVE-2022-37191,0.02646,0.8385
CVE-2022-37193,0.0056,0.42695
CVE-2022-37197,0.01058,0.60535
CVE-2022-37199,0.00777,0.51572
CVE-2022-37201,0.01154,0.63284
CVE-2022-37202,0.01009,0.59024
CVE-2022-37203,0.0121,0.64857
CVE-2022-37204,0.01068,0.60891
CVE-2022-37205,0.01154,0.63284
CVE-2022-37207,0.01154,0.63284
CVE-2022-37208,0.01077,0.61134
CVE-2022-37209,0.01153,0.63258
CVE-2022-37223,0.00777,0.51572
CVE-2022-37232,0.00982,0.5817
CVE-2022-37234,0.00513,0.40111
CVE-2022-37235,0.00982,0.5817
CVE-2022-37237,0.00703,0.48996
CVE-2022-37238,0.00464,0.37168
CVE-2022-37239,0.00518,0.40428
CVE-2022-37240,0.01202,0.64627
CVE-2022-37241,0.00518,0.40427
CVE-2022-37242,0.01202,0.64627
CVE-2022-37243,0.00518,0.40427
CVE-2022-37244,0.00464,0.37169
CVE-2022-37245,0.00518,0.40428
CVE-2022-37246,0.0041,0.33067
CVE-2022-37247,0.00446,0.35956
CVE-2022-37248,0.00517,0.40369
CVE-2022-37250,0.0053,0.41086
CVE-2022-37251,0.00407,0.32823
CVE-2022-37253,0.00626,0.45824
CVE-2022-37254,0.00403,0.32412
CVE-2022-37255,0.04944,0.91153
CVE-2022-37257,0.01055,0.60449
CVE-2022-37258,0.01214,0.64976
CVE-2022-37259,0.01032,0.59751
CVE-2022-37260,0.01017,0.59293
CVE-2022-37262,0.01079,0.61182
CVE-2022-37264,0.01195,0.6445
CVE-2022-37265,0.01143,0.62966
CVE-2022-37266,0.01055,0.60449
CVE-2022-37290,0.00326,0.2458
CVE-2022-37292,0.00283,0.20258
CVE-2022-37298,0.01991,0.78341
CVE-2022-37299,0.02998,0.85793
CVE-2022-37300,0.00674,0.47871
CVE-2022-37301,0.00702,0.48957
CVE-2022-37302,0.00189,0.08731
CVE-2022-37305,0.00895,0.55328
CVE-2022-37306,0.00564,0.42933
CVE-2022-37307,0.00538,0.4153
CVE-2022-37308,0.00538,0.4153
CVE-2022-37309,0.00538,0.4153
CVE-2022-37310,0.00538,0.41529
CVE-2022-37311,0.00916,0.56039
CVE-2022-37312,0.00916,0.56039
CVE-2022-37313,0.0069,0.48513
CVE-2022-37315,0.00783,0.51757
CVE-2022-37316,0.00582,0.438
CVE-2022-37317,0.00583,0.43836
CVE-2022-37318,0.00434,0.35033
CVE-2022-37325,0.01099,0.61808
CVE-2022-37326,0.00295,0.2137
CVE-2022-37327,0.00175,0.07208
CVE-2022-37328,0.00446,0.35992
CVE-2022-37329,0.00182,0.07905
CVE-2022-37330,0.00433,0.34938
CVE-2022-37331,0.00704,0.49036
CVE-2022-37332,0.0135,0.68235
CVE-2022-37333,0.0119,0.64309
CVE-2022-37334,0.00162,0.05725
CVE-2022-37335,0.00454,0.36497
CVE-2022-37336,0.00167,0.06248
CVE-2022-37337,0.02828,0.8497
CVE-2022-37338,0.00425,0.3439
CVE-2022-37339,0.00425,0.34389
CVE-2022-37340,0.00183,0.08066
CVE-2022-37341,0.00198,0.0971
CVE-2022-37342,0.00554,0.42397
CVE-2022-37343,0.00157,0.05257
CVE-2022-37344,0.00736,0.50197
CVE-2022-37345,0.00154,0.04962
CVE-2022-37346,0.00982,0.58193
CVE-2022-37347,0.00248,0.16085
CVE-2022-37348,0.00248,0.16085
CVE-2022-37349,0.0077,0.51352
CVE-2022-37350,0.0077,0.51352
CVE-2022-37351,0.00873,0.54703
CVE-2022-37352,0.0073,0.49997
CVE-2022-37353,0.0073,0.49997
CVE-2022-37354,0.0077,0.51352
CVE-2022-37355,0.00781,0.51685
CVE-2022-37356,0.00781,0.51685
CVE-2022-37357,0.0077,0.51352
CVE-2022-37358,0.0077,0.51353
CVE-2022-37359,0.0077,0.51351
CVE-2022-37360,0.0073,0.49998
CVE-2022-37361,0.0073,0.49998
CVE-2022-37362,0.0077,0.51353
CVE-2022-37363,0.0077,0.51354
CVE-2022-37364,0.0077,0.51354
CVE-2022-37365,0.00728,0.49918
CVE-2022-37366,0.0077,0.51354
CVE-2022-37367,0.0077,0.51353
CVE-2022-37368,0.0073,0.49999
CVE-2022-37369,0.0077,0.51351
CVE-2022-37370,0.0073,0.49998
CVE-2022-37371,0.0077,0.51354
CVE-2022-37372,0.0077,0.51355
CVE-2022-37373,0.0073,0.49997
CVE-2022-37374,0.0077,0.51355
CVE-2022-37375,0.0073,0.49998
CVE-2022-37376,0.0079,0.52012
CVE-2022-37377,0.00995,0.58588
CVE-2022-37378,0.01016,0.59275
CVE-2022-37379,0.00865,0.5443
CVE-2022-37380,0.00865,0.54429
CVE-2022-37381,0.01016,0.59275
CVE-2022-37382,0.00865,0.54429
CVE-2022-37383,0.00865,0.5443
CVE-2022-37384,0.01016,0.59276
CVE-2022-37385,0.01016,0.59274
CVE-2022-37386,0.00865,0.5443
CVE-2022-37387,0.01016,0.59276
CVE-2022-37388,0.01016,0.59274
CVE-2022-37389,0.01016,0.59275
CVE-2022-37390,0.01016,0.59275
CVE-2022-37391,0.01016,0.59276
CVE-2022-37392,0.01103,0.61887
CVE-2022-37393,0.01683,0.74309
CVE-2022-37394,0.00297,0.21513
CVE-2022-37395,0.00479,0.38071
CVE-2022-37396,0.00189,0.08647
CVE-2022-37397,0.00766,0.51225
CVE-2022-37398,0.00606,0.44887
CVE-2022-37400,0.0082,0.52977
CVE-2022-37401,0.01419,0.69713
CVE-2022-37402,0.00392,0.31324
CVE-2022-37403,0.00454,0.36496
CVE-2022-37404,0.00454,0.36497
CVE-2022-37405,0.00319,0.23893
CVE-2022-37406,0.00598,0.44542
CVE-2022-37407,0.00507,0.39749
CVE-2022-37409,0.0017,0.06574
CVE-2022-37410,0.0017,0.06657
CVE-2022-37411,0.0031,0.22971
CVE-2022-37412,0.00454,0.36496
CVE-2022-37415,0.00359,0.28023
CVE-2022-37416,0.00808,0.52588
CVE-2022-37418,0.00902,0.55553
CVE-2022-37421,0.00529,0.4105
CVE-2022-37422,0.01065,0.60757
CVE-2022-37423,0.01323,0.67585
CVE-2022-37424,0.00707,0.49143
CVE-2022-37425,0.01536,0.71935
CVE-2022-37426,0.00504,0.39627
CVE-2022-37428,0.0119,0.64307
CVE-2022-37429,0.00473,0.37733
CVE-2022-37430,0.00516,0.40344
CVE-2022-37431,0.00571,0.43275
CVE-2022-37434,0.16004,0.96532
CVE-2022-37435,0.01151,0.63199
CVE-2022-37436,0.57941,0.98979
CVE-2022-37437,0.00382,0.30302
CVE-2022-37438,0.00443,0.35688
CVE-2022-37439,0.00191,0.08918
CVE-2022-37450,0.01005,0.58937
CVE-2022-37451,0.02602,0.83558
CVE-2022-37452,0.02935,0.85499
CVE-2022-37453,0.00701,0.48912
CVE-2022-37454,0.05193,0.91506
CVE-2022-37458,0.01108,0.62042
CVE-2022-37459,0.00212,0.11461
CVE-2022-37461,0.00933,0.56587
CVE-2022-37462,0.00601,0.44657
CVE-2022-37598,0.01347,0.68179
CVE-2022-37599,0.0204,0.78888
CVE-2022-37601,0.02601,0.83552
CVE-2022-37602,0.01624,0.73352
CVE-2022-37603,0.02029,0.78781
CVE-2022-37609,0.01245,0.65799
CVE-2022-37611,0.01008,0.59012
CVE-2022-37614,0.01188,0.64275
CVE-2022-37616,0.01535,0.71916
CVE-2022-37617,0.01153,0.63264
CVE-2022-37620,0.01101,0.61843
CVE-2022-37621,0.01032,0.59749
CVE-2022-37623,0.01136,0.62797
CVE-2022-37660,0.00353,0.27455
CVE-2022-37661,0.36187,0.98296
CVE-2022-37679,0.00411,0.33192
CVE-2022-37680,0.00772,0.51411
CVE-2022-37681,0.01043,0.60092
CVE-2022-37700,0.02718,0.84311
CVE-2022-37703,0.00703,0.49003
CVE-2022-37704,0.00526,0.40881
CVE-2022-37705,0.01246,0.65828
CVE-2022-37706,0.05486,0.9185
CVE-2022-37709,0.00563,0.42881
CVE-2022-37710,0.00108,0.01429
CVE-2022-37718,0.03546,0.87947
CVE-2022-37719,0.00421,0.34104
CVE-2022-37720,0.00772,0.51403
CVE-2022-37721,0.00701,0.48934
CVE-2022-37724,0.00526,0.40906
CVE-2022-37730,0.00349,0.27002
CVE-2022-37731,0.00496,0.39109
CVE-2022-37734,0.02201,0.80458
CVE-2022-37767,0.01134,0.62748
CVE-2022-37768,0.00842,0.53635
CVE-2022-37769,0.0064,0.4643
CVE-2022-37770,0.0064,0.4643
CVE-2022-37771,0.0039,0.31109
CVE-2022-37772,0.01104,0.61947
CVE-2022-37773,0.00718,0.4955
CVE-2022-37774,0.00516,0.40335
CVE-2022-37775,0.00707,0.49159
CVE-2022-37777,0.01797,0.75907
CVE-2022-37778,0.01797,0.75907
CVE-2022-37779,0.01797,0.75907
CVE-2022-37780,0.01797,0.75906
CVE-2022-37781,0.00333,0.25341
CVE-2022-37783,0.01035,0.59868
CVE-2022-37785,0.00522,0.4067
CVE-2022-37786,0.00549,0.42115
CVE-2022-37787,0.0055,0.42213
CVE-2022-37794,0.00891,0.55215
CVE-2022-37796,0.00419,0.33899
CVE-2022-37797,0.02026,0.78754
CVE-2022-37798,0.01013,0.59168
CVE-2022-37799,0.01013,0.59166
CVE-2022-37800,0.01013,0.59165
CVE-2022-37801,0.01013,0.59166
CVE-2022-37802,0.01013,0.59163
CVE-2022-37803,0.01013,0.59165
CVE-2022-37804,0.01013,0.59166
CVE-2022-37805,0.01013,0.59167
CVE-2022-37806,0.01013,0.59162
CVE-2022-37807,0.01013,0.59168
CVE-2022-37808,0.01013,0.59169
CVE-2022-37809,0.01013,0.59169
CVE-2022-37810,0.02488,0.82764
CVE-2022-37811,0.01013,0.59169
CVE-2022-37812,0.01013,0.5917
CVE-2022-37813,0.01013,0.5917
CVE-2022-37814,0.01013,0.59165
CVE-2022-37815,0.01013,0.59163
CVE-2022-37816,0.01013,0.59163
CVE-2022-37817,0.00327,0.24694
CVE-2022-37818,0.00327,0.24691
CVE-2022-37819,0.00327,0.24692
CVE-2022-37820,0.00327,0.24694
CVE-2022-37821,0.00327,0.24691
CVE-2022-37822,0.00327,0.24692
CVE-2022-37823,0.00328,0.24804
CVE-2022-37824,0.00328,0.24804
CVE-2022-37830,0.00656,0.47141
CVE-2022-37832,0.00621,0.45625
CVE-2022-37835,0.00603,0.44726
CVE-2022-37839,0.00805,0.52491
CVE-2022-37840,0.00805,0.52491
CVE-2022-37841,0.00594,0.44302
CVE-2022-37842,0.00805,0.5249
CVE-2022-37843,0.0149,0.7111
CVE-2022-37857,0.004,0.32143
CVE-2022-37860,0.80012,0.99569
CVE-2022-37861,0.01848,0.76607
CVE-2022-37864,0.00223,0.1285
CVE-2022-37865,0.01819,0.76217
CVE-2022-37866,0.01596,0.72917
CVE-2022-37877,0.00231,0.13913
CVE-2022-37878,0.01307,0.67228
CVE-2022-37879,0.01386,0.69048
CVE-2022-37880,0.01342,0.68058
CVE-2022-37881,0.01342,0.68058
CVE-2022-37882,0.01342,0.68057
CVE-2022-37883,0.01342,0.68057
CVE-2022-37884,0.00722,0.49702
CVE-2022-37885,0.01349,0.68218
CVE-2022-37886,0.01349,0.68218
CVE-2022-37887,0.01539,0.7198
CVE-2022-37888,0.01484,0.70983
CVE-2022-37889,0.01539,0.7198
CVE-2022-37890,0.01022,0.59461
CVE-2022-37891,0.01022,0.59461
CVE-2022-37892,0.00574,0.43405
CVE-2022-37893,0.00771,0.51372
CVE-2022-37894,0.00417,0.33666
CVE-2022-37895,0.00715,0.49452
CVE-2022-37896,0.00545,0.4194
CVE-2022-37897,0.01697,0.74506
CVE-2022-37898,0.01428,0.69884
CVE-2022-37899,0.01693,0.74452
CVE-2022-37900,0.01693,0.74452
CVE-2022-37901,0.01693,0.74452
CVE-2022-37902,0.01693,0.74451
CVE-2022-37903,0.00714,0.49391
CVE-2022-37904,0.00691,0.48543
CVE-2022-37905,0.00747,0.50551
CVE-2022-37906,0.00778,0.51605
CVE-2022-37907,0.00565,0.43026
CVE-2022-37908,0.00231,0.13909
CVE-2022-37909,0.0026,0.17437
CVE-2022-37910,0.00569,0.43214
CVE-2022-37911,0.0055,0.42214
CVE-2022-37912,0.01581,0.72673
CVE-2022-37913,0.01334,0.67845
CVE-2022-37914,0.01334,0.67846
CVE-2022-37915,0.01587,0.72774
CVE-2022-37916,0.0076,0.51011
CVE-2022-37917,0.0076,0.51011
CVE-2022-37918,0.0076,0.51012
CVE-2022-37919,0.00694,0.48689
CVE-2022-37920,0.01365,0.68589
CVE-2022-37921,0.01365,0.68589
CVE-2022-37922,0.01365,0.6859
CVE-2022-37923,0.01365,0.68589
CVE-2022-37924,0.01525,0.71737
CVE-2022-37925,0.0049,0.38761
CVE-2022-37926,0.00469,0.37458
CVE-2022-37927,0.00355,0.27683
CVE-2022-37928,0.00278,0.19755
CVE-2022-37929,0.00145,0.04128
CVE-2022-37930,0.00163,0.05907
CVE-2022-37931,0.00174,0.07073
CVE-2022-37932,0.02641,0.83816
CVE-2022-37933,0.00272,0.19029
CVE-2022-37934,0.01765,0.75464
CVE-2022-37935,0.00203,0.10391
CVE-2022-37936,0.00787,0.51897
CVE-2022-37937,0.00713,0.49343
CVE-2022-37938,0.00621,0.45621
CVE-2022-37939,0.0019,0.08737
CVE-2022-37940,0.00329,0.24905
CVE-2022-37952,0.00328,0.24861
CVE-2022-37953,0.00328,0.24861
CVE-2022-37954,0.44896,0.98634
CVE-2022-37955,0.01971,0.78108
CVE-2022-37956,0.01234,0.6553
CVE-2022-37957,0.13573,0.96019
CVE-2022-37958,0.85762,0.99701
CVE-2022-37959,0.01882,0.77048
CVE-2022-37961,0.50025,0.98771
CVE-2022-37962,0.01232,0.65482
CVE-2022-37963,0.0103,0.59694
CVE-2022-37964,0.00984,0.58227
CVE-2022-37965,0.01403,0.69399
CVE-2022-37966,0.02772,0.8463
CVE-2022-37967,0.04488,0.90378
CVE-2022-37968,0.02591,0.83501
CVE-2022-37969,0.28483,0.97904
CVE-2022-37970,0.09694,0.94953
CVE-2022-37971,0.00613,0.45233
CVE-2022-37972,0.01433,0.69982
CVE-2022-37973,0.02755,0.84532
CVE-2022-37974,0.36286,0.983
CVE-2022-37975,0.01425,0.6984
CVE-2022-37976,0.01857,0.76743
CVE-2022-37977,0.01748,0.75207
CVE-2022-37978,0.01353,0.68335
CVE-2022-37979,0.00564,0.42942
CVE-2022-37980,0.00542,0.4178
CVE-2022-37981,0.02005,0.78524
CVE-2022-37982,0.01476,0.70845
CVE-2022-37983,0.00456,0.36659
CVE-2022-37984,0.00456,0.36658
CVE-2022-37985,0.38347,0.98396
CVE-2022-37986,0.00474,0.37771
CVE-2022-37987,0.09745,0.94969
CVE-2022-37988,0.00925,0.56293
CVE-2022-37989,0.09331,0.94806
CVE-2022-37990,0.00569,0.43188
CVE-2022-37991,0.00925,0.56293
CVE-2022-37992,0.00494,0.39004
CVE-2022-37993,0.00554,0.42386
CVE-2022-37994,0.00554,0.42385
CVE-2022-37995,0.00546,0.41973
CVE-2022-37996,0.00548,0.42083
CVE-2022-37997,0.00575,0.43476
CVE-2022-37998,0.02755,0.84532
CVE-2022-37999,0.00554,0.42385
CVE-2022-38000,0.01237,0.65589
CVE-2022-38001,0.01365,0.68599
CVE-2022-38003,0.00542,0.4178
CVE-2022-38004,0.01083,0.61305
CVE-2022-38005,0.00809,0.52619
CVE-2022-38006,0.01886,0.77105
CVE-2022-38007,0.00627,0.45868
CVE-2022-38008,0.01633,0.73525
CVE-2022-38009,0.01709,0.74674
CVE-2022-38010,0.00856,0.5414
CVE-2022-38011,0.00828,0.53242
CVE-2022-38012,0.00833,0.53385
CVE-2022-38013,0.03233,0.86803
CVE-2022-38014,0.00322,0.24203
CVE-2022-38015,0.00622,0.4568
CVE-2022-38016,0.00456,0.36659
CVE-2022-38017,0.0058,0.43688
CVE-2022-38019,0.00855,0.5411
CVE-2022-38020,0.00962,0.57501
CVE-2022-38021,0.00365,0.28613
CVE-2022-38022,0.00576,0.43512
CVE-2022-38023,0.02416,0.82233
CVE-2022-38025,0.00548,0.42083
CVE-2022-38026,0.00548,0.42082
CVE-2022-38027,0.00365,0.28613
CVE-2022-38028,0.14949,0.96316
CVE-2022-38029,0.00607,0.4493
CVE-2022-38030,0.00662,0.4738
CVE-2022-38031,0.01476,0.70845
CVE-2022-38032,0.00597,0.44475
CVE-2022-38033,0.01506,0.71399
CVE-2022-38034,0.02945,0.85545
CVE-2022-38036,0.01995,0.78378
CVE-2022-38037,0.0091,0.5583
CVE-2022-38038,0.00947,0.57031
CVE-2022-38039,0.00569,0.43189
CVE-2022-38040,0.01476,0.70845
CVE-2022-38041,0.01954,0.77931
CVE-2022-38042,0.01261,0.66209
CVE-2022-38043,0.00548,0.42082
CVE-2022-38044,0.56269,0.9894
CVE-2022-38045,0.0204,0.78887
CVE-2022-38046,0.01683,0.74314
CVE-2022-38047,0.01057,0.60503
CVE-2022-38048,0.01509,0.71466
CVE-2022-38049,0.00794,0.52125
CVE-2022-38050,0.0732,0.93666
CVE-2022-38051,0.0732,0.93666
CVE-2022-38053,0.76397,0.99482
CVE-2022-38054,0.01881,0.77039
CVE-2022-38055,0.00272,0.19044
CVE-2022-38056,0.00147,0.04375
CVE-2022-38057,0.006,0.44637
CVE-2022-38058,0.00538,0.41519
CVE-2022-38059,0.00288,0.20658
CVE-2022-38060,0.00211,0.11382
CVE-2022-38061,0.00617,0.45425
CVE-2022-38062,0.00253,0.16669
CVE-2022-38063,0.00255,0.16913
CVE-2022-38064,0.00176,0.07261
CVE-2022-38065,0.00596,0.44417
CVE-2022-38066,0.07085,0.93483
CVE-2022-38067,0.00555,0.42443
CVE-2022-38068,0.00454,0.36498
CVE-2022-38069,0.00291,0.20961
CVE-2022-38070,0.00802,0.52374
CVE-2022-38072,0.01061,0.60647
CVE-2022-38073,0.00477,0.37972
CVE-2022-38074,0.00731,0.5003
CVE-2022-38075,0.00216,0.11996
CVE-2022-38076,0.00275,0.19368
CVE-2022-38077,0.00256,0.16937
CVE-2022-38078,0.01854,0.76698
CVE-2022-38079,0.00354,0.27557
CVE-2022-38080,0.00756,0.50859
CVE-2022-38081,0.00183,0.08029
CVE-2022-38083,0.00162,0.05727
CVE-2022-38085,0.00295,0.2133
CVE-2022-38086,0.00285,0.20381
CVE-2022-38087,0.00183,0.08033
CVE-2022-38088,0.02283,0.81142
CVE-2022-38089,0.00756,0.50859
CVE-2022-38090,0.00249,0.1619
CVE-2022-38093,0.00342,0.26296
CVE-2022-38094,0.01525,0.71748
CVE-2022-38095,0.00269,0.18558
CVE-2022-38096,0.00613,0.45244
CVE-2022-38097,0.00801,0.52364
CVE-2022-38099,0.00171,0.06726
CVE-2022-38100,0.00797,0.52232
CVE-2022-38101,0.00169,0.0651
CVE-2022-38102,0.00198,0.09797
CVE-2022-38103,0.00147,0.04392
CVE-2022-38104,0.00881,0.54915
CVE-2022-38105,0.01082,0.61268
CVE-2022-38106,0.0069,0.48512
CVE-2022-38107,0.0058,0.43672
CVE-2022-38108,0.69546,0.99284
CVE-2022-38110,0.00398,0.31976
CVE-2022-38111,0.84803,0.99682
CVE-2022-38112,0.00412,0.33266
CVE-2022-38113,0.00651,0.46921
CVE-2022-38114,0.00511,0.39984
CVE-2022-38115,0.00651,0.46921
CVE-2022-38116,0.00984,0.58224
CVE-2022-38117,0.00263,0.17772
CVE-2022-38118,0.0136,0.68499
CVE-2022-38119,0.01034,0.5983
CVE-2022-38120,0.05575,0.91965
CVE-2022-38121,0.0338,0.87385
CVE-2022-38122,0.00507,0.39779
CVE-2022-38123,0.00747,0.50562
CVE-2022-38124,0.00514,0.40193
CVE-2022-38125,0.00157,0.05269
CVE-2022-38129,0.1838,0.96894
CVE-2022-38130,0.53389,0.98865
CVE-2022-38131,0.01343,0.68084
CVE-2022-38132,0.00609,0.45001
CVE-2022-38133,0.00384,0.3047
CVE-2022-38134,0.00796,0.52202
CVE-2022-38135,0.0053,0.41073
CVE-2022-38136,0.00195,0.09348
CVE-2022-38137,0.00301,0.21958
CVE-2022-38138,0.00764,0.51137
CVE-2022-38139,0.00287,0.20624
CVE-2022-38140,0.0072,0.49639
CVE-2022-38141,0.00403,0.3241
CVE-2022-38142,0.18212,0.96875
CVE-2022-38143,0.01423,0.69788
CVE-2022-38144,0.00429,0.34657
CVE-2022-38145,0.00595,0.44358
CVE-2022-38146,0.00529,0.4105
CVE-2022-38147,0.00516,0.40344
CVE-2022-38148,0.00724,0.49768
CVE-2022-38149,0.00718,0.49554
CVE-2022-38150,0.01147,0.63078
CVE-2022-38152,0.02121,0.7973
CVE-2022-38153,0.01801,0.75952
CVE-2022-38155,0.00879,0.54879
CVE-2022-38156,0.01276,0.66576
CVE-2022-38161,0.00573,0.43374
CVE-2022-38162,0.0067,0.47694
CVE-2022-38163,0.00547,0.42029
CVE-2022-38164,0.00435,0.35156
CVE-2022-38165,0.00828,0.53242
CVE-2022-38166,0.00654,0.47031
CVE-2022-38167,0.00357,0.27816
CVE-2022-38168,0.01068,0.60901
CVE-2022-38170,0.00593,0.44268
CVE-2022-38171,0.00314,0.2334
CVE-2022-38172,0.00481,0.3823
CVE-2022-38176,0.00362,0.2834
CVE-2022-38177,0.02299,0.81296
CVE-2022-38178,0.02176,0.80229
CVE-2022-38179,0.00401,0.32235
CVE-2022-38180,0.00609,0.45037
CVE-2022-38181,0.12588,0.95781
CVE-2022-38183,0.0069,0.4852
CVE-2022-38184,0.00851,0.53949
CVE-2022-38186,0.00491,0.38801
CVE-2022-38187,0.00584,0.43873
CVE-2022-38188,0.00491,0.38801
CVE-2022-38189,0.00509,0.39875
CVE-2022-38190,0.0054,0.41675
CVE-2022-38191,0.0048,0.38131
CVE-2022-38192,0.00476,0.37885
CVE-2022-38193,0.00743,0.50417
CVE-2022-38194,0.00126,0.02656
CVE-2022-38195,0.00375,0.29618
CVE-2022-38196,0.01009,0.59029
CVE-2022-38197,0.00513,0.40106
CVE-2022-38198,0.00524,0.40807
CVE-2022-38199,0.00265,0.17954
CVE-2022-38200,0.00327,0.24709
CVE-2022-38201,0.00483,0.38337
CVE-2022-38202,0.01333,0.67818
CVE-2022-38203,0.0074,0.50329
CVE-2022-38204,0.00498,0.39263
CVE-2022-38205,0.01521,0.71656
CVE-2022-38206,0.00498,0.39263
CVE-2022-38207,0.00494,0.39001
CVE-2022-38208,0.00487,0.38602
CVE-2022-38209,0.00494,0.39002
CVE-2022-38210,0.00494,0.39002
CVE-2022-38211,0.00876,0.5481
CVE-2022-38212,0.0074,0.50329
CVE-2022-38216,0.00734,0.50143
CVE-2022-38220,0.0068,0.48143
CVE-2022-38221,0.01478,0.70879
CVE-2022-38222,0.00438,0.35368
CVE-2022-38223,0.00441,0.35587
CVE-2022-38227,0.00328,0.24855
CVE-2022-38228,0.00324,0.24439
CVE-2022-38229,0.00327,0.24724
CVE-2022-38230,0.00287,0.2062
CVE-2022-38231,0.00328,0.24855
CVE-2022-38233,0.00284,0.20293
CVE-2022-38234,0.00284,0.20293
CVE-2022-38235,0.00287,0.20621
CVE-2022-38236,0.00324,0.2444
CVE-2022-38237,0.00324,0.24441
CVE-2022-38238,0.00324,0.2444
CVE-2022-38247,0.01743,0.75134
CVE-2022-38248,0.01781,0.75694
CVE-2022-38249,0.01781,0.75695
CVE-2022-38250,0.02566,0.83314
CVE-2022-38251,0.01743,0.75134
CVE-2022-38254,0.01781,0.75694
CVE-2022-38255,0.00843,0.53677
CVE-2022-38256,0.00456,0.36667
CVE-2022-38258,0.01144,0.63
CVE-2022-38260,0.00861,0.54288
CVE-2022-38265,0.00762,0.51056
CVE-2022-38266,0.01146,0.63043
CVE-2022-38267,0.00762,0.51057
CVE-2022-38268,0.00762,0.51056
CVE-2022-38269,0.00762,0.51056
CVE-2022-38272,0.00907,0.55722
CVE-2022-38273,0.00907,0.55719
CVE-2022-38274,0.00907,0.55723
CVE-2022-38275,0.00907,0.55719
CVE-2022-38276,0.00907,0.55723
CVE-2022-38277,0.00907,0.55722
CVE-2022-38278,0.00907,0.55722
CVE-2022-38279,0.00907,0.55719
CVE-2022-38280,0.00907,0.55721
CVE-2022-38281,0.00907,0.55721
CVE-2022-38282,0.00907,0.5572
CVE-2022-38283,0.00907,0.55721
CVE-2022-38284,0.00907,0.5572
CVE-2022-38285,0.00907,0.55721
CVE-2022-38286,0.00907,0.5572
CVE-2022-38291,0.00433,0.34974
CVE-2022-38292,0.00801,0.5236
CVE-2022-38295,0.01072,0.61002
CVE-2022-38296,0.03893,0.89039
CVE-2022-38297,0.01118,0.62337
CVE-2022-38298,0.0064,0.46419
CVE-2022-38299,0.00494,0.38981
CVE-2022-38301,0.01146,0.63043
CVE-2022-38302,0.00843,0.53678
CVE-2022-38303,0.00861,0.54287
CVE-2022-38304,0.00861,0.54287
CVE-2022-38305,0.00983,0.58212
CVE-2022-38306,0.00328,0.24818
CVE-2022-38307,0.00291,0.20987
CVE-2022-38308,0.20347,0.97183
CVE-2022-38309,0.00973,0.57918
CVE-2022-38310,0.00973,0.57918
CVE-2022-38311,0.00973,0.57918
CVE-2022-38312,0.00973,0.57919
CVE-2022-38313,0.00973,0.57919
CVE-2022-38314,0.00973,0.57919
CVE-2022-38323,0.00991,0.58457
CVE-2022-38325,0.00938,0.56727
CVE-2022-38326,0.00938,0.56727
CVE-2022-38329,0.00414,0.334
CVE-2022-38333,0.00998,0.5868
CVE-2022-38334,0.00382,0.30296
CVE-2022-38335,0.00692,0.48601
CVE-2022-38336,0.00829,0.53275
CVE-2022-38337,0.00729,0.49934
CVE-2022-38339,0.00482,0.38267
CVE-2022-38340,0.0097,0.57782
CVE-2022-38341,0.005,0.39321
CVE-2022-38342,0.00508,0.39815
CVE-2022-38349,0.00902,0.55551
CVE-2022-38351,0.0089,0.55189
CVE-2022-38352,0.20199,0.97163
CVE-2022-38355,0.00406,0.3272
CVE-2022-38356,0.00264,0.17851
CVE-2022-38357,0.00886,0.55041
CVE-2022-38358,0.00529,0.41015
CVE-2022-38359,0.00425,0.34364
CVE-2022-38362,0.01602,0.73006
CVE-2022-38367,0.00439,0.35443
CVE-2022-38368,0.00666,0.47555
CVE-2022-38369,0.01089,0.61465
CVE-2022-38370,0.01146,0.63059
CVE-2022-38371,0.01262,0.66233
CVE-2022-38372,0.00179,0.07591
CVE-2022-38373,0.00448,0.36079
CVE-2022-38374,0.01716,0.74779
CVE-2022-38375,0.01079,0.61174
CVE-2022-38376,0.00581,0.4376
CVE-2022-38377,0.0055,0.42175
CVE-2022-38378,0.0024,0.15046
CVE-2022-38379,0.00431,0.34823
CVE-2022-38380,0.22991,0.97485
CVE-2022-38381,0.00679,0.48088
CVE-2022-38382,0.00285,0.20435
CVE-2022-38383,0.00168,0.06338
CVE-2022-38385,0.00514,0.40216
CVE-2022-38386,0.00465,0.3721
CVE-2022-38387,0.00875,0.54774
CVE-2022-38388,0.00165,0.06076
CVE-2022-38389,0.01286,0.66807
CVE-2022-38390,0.00371,0.29236
CVE-2022-38391,0.00275,0.19362
CVE-2022-38392,0.00394,0.3161
CVE-2022-38393,0.18847,0.96958
CVE-2022-38394,0.00947,0.5704
CVE-2022-38395,0.02776,0.84695
CVE-2022-38396,0.00407,0.32815
CVE-2022-38398,0.02017,0.78653
CVE-2022-38399,0.00341,0.26205
CVE-2022-38400,0.01244,0.65791
CVE-2022-38401,0.00475,0.37848
CVE-2022-38402,0.00475,0.37848
CVE-2022-38403,0.00595,0.44344
CVE-2022-38404,0.00595,0.44344
CVE-2022-38405,0.00595,0.44344
CVE-2022-38406,0.00355,0.27642
CVE-2022-38407,0.00355,0.27642
CVE-2022-38408,0.00456,0.36641
CVE-2022-38409,0.00351,0.27221
CVE-2022-38410,0.00351,0.2722
CVE-2022-38411,0.00676,0.47976
CVE-2022-38412,0.00445,0.35883
CVE-2022-38413,0.00475,0.37848
CVE-2022-38414,0.00475,0.37847
CVE-2022-38415,0.00475,0.37848
CVE-2022-38416,0.00392,0.31285
CVE-2022-38417,0.00392,0.31284
CVE-2022-38418,0.80023,0.99569
CVE-2022-38419,0.53028,0.98853
CVE-2022-38420,0.44021,0.98605
CVE-2022-38421,0.79218,0.99555
CVE-2022-38422,0.44252,0.98612
CVE-2022-38423,0.45022,0.98636
CVE-2022-38424,0.45159,0.9864
CVE-2022-38425,0.00443,0.35706
CVE-2022-38426,0.0049,0.38769
CVE-2022-38427,0.0049,0.3877
CVE-2022-38428,0.00443,0.35706
CVE-2022-38429,0.00483,0.38341
CVE-2022-38430,0.00483,0.38341
CVE-2022-38431,0.00485,0.38435
CVE-2022-38432,0.00586,0.43974
CVE-2022-38433,0.00475,0.37849
CVE-2022-38434,0.00541,0.41728
CVE-2022-38435,0.00343,0.26442
CVE-2022-38436,0.00535,0.41399
CVE-2022-38437,0.02633,0.83776
CVE-2022-38438,0.00719,0.49606
CVE-2022-38439,0.00515,0.40248
CVE-2022-38440,0.00453,0.36418
CVE-2022-38441,0.00453,0.36418
CVE-2022-38442,0.00497,0.39166
CVE-2022-38443,0.00325,0.2455
CVE-2022-38444,0.00497,0.39166
CVE-2022-38445,0.00389,0.31047
CVE-2022-38446,0.00389,0.31047
CVE-2022-38447,0.00389,0.31047
CVE-2022-38448,0.00389,0.31047
CVE-2022-38449,0.0217,0.80178
CVE-2022-38450,0.02659,0.83936
CVE-2022-38451,0.02124,0.79761
CVE-2022-38452,0.02089,0.79433
CVE-2022-38453,0.00175,0.07169
CVE-2022-38454,0.00293,0.21139
CVE-2022-38456,0.00552,0.42319
CVE-2022-38457,0.00457,0.36717
CVE-2022-38458,0.00614,0.453
CVE-2022-38459,0.03861,0.88959
CVE-2022-38460,0.00451,0.36301
CVE-2022-38461,0.00503,0.39515
CVE-2022-38462,0.00472,0.37656
CVE-2022-38463,0.02258,0.80936
CVE-2022-38465,0.00217,0.12075
CVE-2022-38466,0.00161,0.05695
CVE-2022-38467,0.0081,0.52677
CVE-2022-38468,0.00229,0.13674
CVE-2022-38469,0.00611,0.4515
CVE-2022-38470,0.00306,0.22475
CVE-2022-38472,0.00361,0.28207
CVE-2022-38473,0.00684,0.48294
CVE-2022-38474,0.00391,0.31225
CVE-2022-38475,0.0042,0.33931
CVE-2022-38476,0.0082,0.52986
CVE-2022-38477,0.00892,0.55262
CVE-2022-38478,0.00905,0.55658
CVE-2022-38481,0.00501,0.39406
CVE-2022-38482,0.0056,0.42699
CVE-2022-38484,0.01606,0.73073
CVE-2022-38485,0.0309,0.86195
CVE-2022-38488,0.14132,0.96149
CVE-2022-38489,0.00351,0.2727
CVE-2022-38490,0.00706,0.49114
CVE-2022-38491,0.00528,0.40971
CVE-2022-38492,0.00706,0.49114
CVE-2022-38493,0.00291,0.20987
CVE-2022-38495,0.00328,0.24818
CVE-2022-38496,0.00287,0.20603
CVE-2022-38497,0.00287,0.20603
CVE-2022-38509,0.00841,0.53622
CVE-2022-38510,0.00314,0.23344
CVE-2022-38511,0.01321,0.67552
CVE-2022-38512,0.00564,0.42937
CVE-2022-38527,0.00468,0.37386
CVE-2022-38528,0.00648,0.46785
CVE-2022-38529,0.00319,0.23843
CVE-2022-38530,0.00351,0.27205
CVE-2022-38531,0.0188,0.77017
CVE-2022-38532,0.00459,0.36843
CVE-2022-38533,0.00311,0.23038
CVE-2022-38534,0.01655,0.73845
CVE-2022-38535,0.01655,0.73845
CVE-2022-38537,0.00873,0.54709
CVE-2022-38538,0.00893,0.5529
CVE-2022-38539,0.00912,0.55896
CVE-2022-38540,0.00893,0.5529
CVE-2022-38541,0.00968,0.57717
CVE-2022-38542,0.00912,0.55897
CVE-2022-38545,0.32883,0.9816
CVE-2022-38546,0.00613,0.45208
CVE-2022-38547,0.02806,0.84849
CVE-2022-38550,0.0038,0.30122
CVE-2022-38553,0.02316,0.81449
CVE-2022-38555,0.09344,0.94809
CVE-2022-38556,0.00955,0.57283
CVE-2022-38557,0.00851,0.53928
CVE-2022-38562,0.00854,0.54064
CVE-2022-38563,0.00854,0.54065
CVE-2022-38564,0.00854,0.54067
CVE-2022-38565,0.00854,0.54066
CVE-2022-38566,0.00854,0.54067
CVE-2022-38567,0.00854,0.54066
CVE-2022-38568,0.00854,0.54065
CVE-2022-38569,0.00854,0.54064
CVE-2022-38570,0.00854,0.54065
CVE-2022-38571,0.00854,0.54066
CVE-2022-38573,0.01399,0.69303
CVE-2022-38576,0.0083,0.53285
CVE-2022-38577,0.01451,0.70326
CVE-2022-38580,0.10573,0.95257
CVE-2022-38582,0.00639,0.46412
CVE-2022-38583,0.00256,0.16984
CVE-2022-38594,0.00734,0.5014
CVE-2022-38595,0.00734,0.5014
CVE-2022-38599,0.00782,0.51728
CVE-2022-38600,0.00358,0.27941
CVE-2022-38604,0.00606,0.44893
CVE-2022-38605,0.00861,0.54286
CVE-2022-38606,0.00861,0.54287
CVE-2022-38610,0.00861,0.54287
CVE-2022-38611,0.00436,0.35206
CVE-2022-38613,0.00864,0.54385
CVE-2022-38614,0.00905,0.55635
CVE-2022-38615,0.00797,0.52246
CVE-2022-38616,0.00766,0.5122
CVE-2022-38617,0.00738,0.5027
CVE-2022-38618,0.00638,0.46361
CVE-2022-38619,0.0076,0.50998
CVE-2022-38621,0.24058,0.97584
CVE-2022-38625,0.00483,0.38365
CVE-2022-38627,0.0427,0.89945
CVE-2022-38628,0.00893,0.55275
CVE-2022-38633,0.00232,0.14045
CVE-2022-38637,0.04822,0.90949
CVE-2022-38638,0.01002,0.58838
CVE-2022-38639,0.00429,0.34673
CVE-2022-38648,0.01954,0.77934
CVE-2022-38649,0.03228,0.86788
CVE-2022-38650,0.00822,0.53055
CVE-2022-38651,0.00757,0.50876
CVE-2022-38652,0.00777,0.5157
CVE-2022-38653,0.00293,0.2113
CVE-2022-38654,0.00185,0.08236
CVE-2022-38655,0.00384,0.30501
CVE-2022-38656,0.00689,0.48495
CVE-2022-38657,0.00288,0.20739
CVE-2022-38658,0.00312,0.23128
CVE-2022-38659,0.00126,0.02652
CVE-2022-38660,0.00282,0.20083
CVE-2022-38661,0.00177,0.07408
CVE-2022-38662,0.0036,0.28102
CVE-2022-38663,0.00781,0.51688
CVE-2022-38664,0.0059,0.44131
CVE-2022-38665,0.00702,0.48963
CVE-2022-38666,0.00396,0.31788
CVE-2022-38667,0.02133,0.79856
CVE-2022-38668,0.01111,0.62142
CVE-2022-38669,0.0011,0.01496
CVE-2022-38670,0.0011,0.01496
CVE-2022-38671,0.00084,0.00358
CVE-2022-38672,0.00084,0.00359
CVE-2022-38673,0.00084,0.00359
CVE-2022-38674,0.00092,0.00656
CVE-2022-38675,0.00092,0.00659
CVE-2022-38676,0.00084,0.0036
CVE-2022-38677,0.00083,0.0032
CVE-2022-38678,0.00102,0.01129
CVE-2022-38679,0.00081,0.00266
CVE-2022-38680,0.00092,0.00658
CVE-2022-38681,0.00093,0.00723
CVE-2022-38682,0.00102,0.01129
CVE-2022-38683,0.00102,0.0113
CVE-2022-38684,0.00102,0.01129
CVE-2022-38685,0.00087,0.00474
CVE-2022-38686,0.00089,0.00542
CVE-2022-38687,0.00099,0.01004
CVE-2022-38688,0.00101,0.01081
CVE-2022-38689,0.00117,0.01986
CVE-2022-38690,0.00067,0.00035
CVE-2022-38691,0.00327,0.24677
CVE-2022-38692,0.00413,0.33371
CVE-2022-38693,0.00771,0.51386
CVE-2022-38694,0.00565,0.42982
CVE-2022-38695,0.00192,0.0903
CVE-2022-38696,0.00771,0.51386
CVE-2022-38697,0.0009,0.00566
CVE-2022-38698,0.00107,0.01343
CVE-2022-38699,0.00311,0.23028
CVE-2022-38700,0.00352,0.2732
CVE-2022-38701,0.00187,0.0852
CVE-2022-38702,0.00605,0.44814
CVE-2022-38703,0.00424,0.34299
CVE-2022-38704,0.00258,0.17193
CVE-2022-38705,0.00667,0.47586
CVE-2022-38707,0.00164,0.05989
CVE-2022-38708,0.00428,0.34576
CVE-2022-38709,0.0042,0.33948
CVE-2022-38710,0.0029,0.20885
CVE-2022-38712,0.00475,0.37821
CVE-2022-38714,0.00589,0.441
CVE-2022-38715,0.03701,0.88461
CVE-2022-38716,0.00248,0.1608
CVE-2022-38723,0.00759,0.50952
CVE-2022-38724,0.00653,0.47001
CVE-2022-38725,0.02383,0.81971
CVE-2022-38730,0.0029,0.2089
CVE-2022-38731,0.00729,0.49932
CVE-2022-38732,0.0063,0.4601
CVE-2022-38733,0.00529,0.41041
CVE-2022-38734,0.00616,0.4538
CVE-2022-38742,0.21829,0.97359
CVE-2022-38743,0.0127,0.66435
CVE-2022-38744,0.01092,0.61538
CVE-2022-38745,0.00872,0.54675
CVE-2022-38749,0.01642,0.73662
CVE-2022-38750,0.01025,0.59555
CVE-2022-38751,0.01507,0.7142
CVE-2022-38752,0.02091,0.79449
CVE-2022-38753,0.00468,0.3739
CVE-2022-38754,0.00623,0.45717
CVE-2022-38755,0.00636,0.46247
CVE-2022-38756,0.00844,0.53709
CVE-2022-38757,0.00838,0.53542
CVE-2022-38758,0.00448,0.36137
CVE-2022-38764,0.00211,0.11364
CVE-2022-38765,0.00474,0.37753
CVE-2022-38766,0.00686,0.48364
CVE-2022-38767,0.01028,0.59627
CVE-2022-38768,0.00984,0.58225
CVE-2022-38769,0.00814,0.5278
CVE-2022-38770,0.00655,0.47093
CVE-2022-38771,0.01055,0.60446
CVE-2022-38772,0.77618,0.99511
CVE-2022-38773,0.00293,0.21172
CVE-2022-38774,0.00269,0.1861
CVE-2022-38775,0.00283,0.20224
CVE-2022-38777,0.00253,0.16618
CVE-2022-38778,0.0088,0.54889
CVE-2022-38779,0.00513,0.40147
CVE-2022-38784,0.00574,0.4343
CVE-2022-38786,0.00167,0.06293
CVE-2022-38787,0.00185,0.08225
CVE-2022-38788,0.00537,0.41508
CVE-2022-38789,0.00885,0.55027
CVE-2022-38790,0.00668,0.4761
CVE-2022-38791,0.00236,0.1451
CVE-2022-38792,0.01178,0.63995
CVE-2022-38794,0.03599,0.88115
CVE-2022-38795,0.00462,0.36998
CVE-2022-38796,0.00504,0.39568
CVE-2022-38801,0.00337,0.25772
CVE-2022-38802,0.00639,0.46413
CVE-2022-38803,0.00626,0.45823
CVE-2022-38808,0.00757,0.50896
CVE-2022-38812,0.02181,0.80278
CVE-2022-38813,0.01455,0.70412
CVE-2022-38814,0.02501,0.8286
CVE-2022-38817,0.03026,0.85924
CVE-2022-38823,0.00916,0.56036
CVE-2022-38826,0.01093,0.61577
CVE-2022-38827,0.1199,0.95647
CVE-2022-38828,0.19301,0.9702
CVE-2022-38829,0.00976,0.58011
CVE-2022-38830,0.00976,0.58011
CVE-2022-38831,0.00976,0.58013
CVE-2022-38832,0.00863,0.54378
CVE-2022-38833,0.00846,0.53778
CVE-2022-38840,0.09803,0.94992
CVE-2022-38841,0.1067,0.95288
CVE-2022-38843,0.01121,0.62409
CVE-2022-38844,0.01138,0.62847
CVE-2022-38845,0.00626,0.45837
CVE-2022-38846,0.00418,0.33787
CVE-2022-38850,0.00317,0.23613
CVE-2022-38851,0.00317,0.23612
CVE-2022-38853,0.00292,0.21022
CVE-2022-38855,0.00344,0.2651
CVE-2022-38856,0.00292,0.21022
CVE-2022-38858,0.00344,0.26511
CVE-2022-38860,0.00317,0.23613
CVE-2022-38861,0.00317,0.23613
CVE-2022-38862,0.00333,0.25406
CVE-2022-38863,0.00344,0.26511
CVE-2022-38864,0.00344,0.26511
CVE-2022-38865,0.00317,0.23612
CVE-2022-38866,0.00283,0.20199
CVE-2022-38867,0.00894,0.55324
CVE-2022-38868,0.00855,0.54108
CVE-2022-38870,0.02863,0.85143
CVE-2022-38871,0.00732,0.50054
CVE-2022-38873,0.00489,0.38729
CVE-2022-38877,0.01123,0.62444
CVE-2022-38878,0.00863,0.54379
CVE-2022-38880,0.01033,0.59764
CVE-2022-38881,0.01238,0.65605
CVE-2022-38882,0.01238,0.65606
CVE-2022-38883,0.01238,0.65606
CVE-2022-38884,0.01238,0.65607
CVE-2022-38885,0.01238,0.65605
CVE-2022-38886,0.01238,0.65605
CVE-2022-38887,0.01238,0.65606
CVE-2022-38890,0.00287,0.20594
CVE-2022-38900,0.24928,0.97661
CVE-2022-38901,0.00529,0.4102
CVE-2022-38902,0.00535,0.41386
CVE-2022-38916,0.17609,0.96794
CVE-2022-38922,0.01024,0.59512
CVE-2022-38923,0.01081,0.61216
CVE-2022-38928,0.00396,0.31806
CVE-2022-38931,0.01103,0.61888
CVE-2022-38932,0.00294,0.2125
CVE-2022-38934,0.00265,0.17954
CVE-2022-38935,0.0072,0.49633
CVE-2022-38936,0.0074,0.50318
CVE-2022-38946,0.00766,0.51207
CVE-2022-38947,0.00626,0.45838
CVE-2022-38955,0.00302,0.22021
CVE-2022-38956,0.00244,0.15539
CVE-2022-38970,0.01018,0.59325
CVE-2022-38971,0.00402,0.32314
CVE-2022-38972,0.00777,0.51577
CVE-2022-38973,0.00131,0.03097
CVE-2022-38974,0.00503,0.39516
CVE-2022-38975,0.00553,0.42333
CVE-2022-38977,0.00369,0.28957
CVE-2022-38978,0.00434,0.35037
CVE-2022-38979,0.00434,0.35038
CVE-2022-38980,0.0051,0.39912
CVE-2022-38981,0.00418,0.33804
CVE-2022-38982,0.00515,0.40262
CVE-2022-38983,0.00588,0.44054
CVE-2022-38984,0.00422,0.34177
CVE-2022-38985,0.00422,0.34178
CVE-2022-38986,0.00521,0.40616
CVE-2022-38987,0.00487,0.38618
CVE-2022-38988,0.00434,0.35037
CVE-2022-38989,0.00487,0.38618
CVE-2022-38990,0.00487,0.38617
CVE-2022-38991,0.00434,0.35037
CVE-2022-38992,0.00434,0.35038
CVE-2022-38993,0.00487,0.38618
CVE-2022-38994,0.00434,0.35038
CVE-2022-38995,0.00487,0.38619
CVE-2022-38996,0.00487,0.38619
CVE-2022-38997,0.00434,0.35039
CVE-2022-38998,0.00422,0.34178
CVE-2022-38999,0.00531,0.41167
CVE-2022-39000,0.00531,0.41167
CVE-2022-39001,0.00721,0.49644
CVE-2022-39002,0.00531,0.41167
CVE-2022-39003,0.00436,0.35243
CVE-2022-39004,0.00487,0.38619
CVE-2022-39005,0.00544,0.41857
CVE-2022-39006,0.00365,0.28608
CVE-2022-39007,0.00566,0.43034
CVE-2022-39008,0.0054,0.41675
CVE-2022-39009,0.00566,0.43034
CVE-2022-39010,0.00503,0.39518
CVE-2022-39011,0.00426,0.34427
CVE-2022-39012,0.00517,0.40355
CVE-2022-39013,0.00601,0.44639
CVE-2022-39014,0.00384,0.3048
CVE-2022-39015,0.00752,0.50722
CVE-2022-39016,0.00491,0.388
CVE-2022-39017,0.00362,0.28314
CVE-2022-39018,0.00384,0.30491
CVE-2022-39019,0.00369,0.29005
CVE-2022-39020,0.00383,0.30378
CVE-2022-39021,0.00483,0.38336
CVE-2022-39022,0.00884,0.54994
CVE-2022-39023,0.00884,0.54995
CVE-2022-39024,0.00494,0.39001
CVE-2022-39025,0.00494,0.39001
CVE-2022-39026,0.00429,0.34664
CVE-2022-39027,0.00429,0.34662
CVE-2022-39028,0.01657,0.73883
CVE-2022-39029,0.00658,0.47215
CVE-2022-39030,0.0076,0.51007
CVE-2022-39031,0.00592,0.44244
CVE-2022-39032,0.00754,0.50786
CVE-2022-39033,0.01532,0.71851
CVE-2022-39034,0.01206,0.6474
CVE-2022-39035,0.00508,0.39826
CVE-2022-39036,0.01152,0.6324
CVE-2022-39037,0.01224,0.65273
CVE-2022-39038,0.00852,0.53966
CVE-2022-39039,0.01022,0.59416
CVE-2022-39040,0.01734,0.75008
CVE-2022-39041,0.01235,0.6556
CVE-2022-39042,0.01454,0.70395
CVE-2022-39043,0.00254,0.16774
CVE-2022-39044,0.00317,0.23643
CVE-2022-39045,0.03697,0.88441
CVE-2022-39046,0.01567,0.72459
CVE-2022-39047,0.01013,0.59186
CVE-2022-39048,0.01089,0.61463
CVE-2022-39049,0.00531,0.41133
CVE-2022-39050,0.00469,0.37457
CVE-2022-39051,0.00709,0.49216
CVE-2022-39052,0.00562,0.42841
CVE-2022-39053,0.00508,0.39826
CVE-2022-39054,0.00508,0.39827
CVE-2022-39055,0.0041,0.33062
CVE-2022-39056,0.0076,0.50999
CVE-2022-39057,0.00686,0.48385
CVE-2022-39058,0.01684,0.74329
CVE-2022-39059,0.0099,0.58448
CVE-2022-39060,0.00901,0.55514
CVE-2022-39061,0.00708,0.49172
CVE-2022-39062,0.00155,0.0511
CVE-2022-39063,0.01079,0.61173
CVE-2022-39064,0.00399,0.32032
CVE-2022-39065,0.00399,0.32034
CVE-2022-39066,0.26542,0.97778
CVE-2022-39067,0.00605,0.44815
CVE-2022-39068,0.00402,0.32391
CVE-2022-39069,0.00443,0.35719
CVE-2022-39070,0.00822,0.53047
CVE-2022-39071,0.00293,0.21195
CVE-2022-39072,0.00336,0.25653
CVE-2022-39073,0.0334,0.87243
CVE-2022-39074,0.00286,0.20537
CVE-2022-39075,0.00293,0.21195
CVE-2022-39080,0.00107,0.01343
CVE-2022-39081,0.00147,0.04327
CVE-2022-39082,0.00147,0.04326
CVE-2022-39083,0.00147,0.04326
CVE-2022-39084,0.00147,0.04326
CVE-2022-39085,0.00147,0.04325
CVE-2022-39086,0.00147,0.04325
CVE-2022-39087,0.00147,0.04327
CVE-2022-39088,0.00147,0.04327
CVE-2022-39089,0.00113,0.01699
CVE-2022-39090,0.00109,0.01462
CVE-2022-39091,0.00109,0.01462
CVE-2022-39092,0.00109,0.01462
CVE-2022-39093,0.00091,0.00611
CVE-2022-39094,0.00107,0.01353
CVE-2022-39095,0.00107,0.01351
CVE-2022-39096,0.00107,0.01351
CVE-2022-39097,0.00105,0.01256
CVE-2022-39098,0.00105,0.01256
CVE-2022-39099,0.00107,0.01352
CVE-2022-39100,0.00107,0.01352
CVE-2022-39101,0.00107,0.01352
CVE-2022-39102,0.00107,0.01352
CVE-2022-39103,0.00083,0.00321
CVE-2022-39104,0.00102,0.0113
CVE-2022-39105,0.00084,0.00361
CVE-2022-39106,0.00084,0.00361
CVE-2022-39107,0.00107,0.01342
CVE-2022-39108,0.00107,0.01344
CVE-2022-39109,0.00107,0.01344
CVE-2022-39110,0.00107,0.01342
CVE-2022-39111,0.00107,0.01343
CVE-2022-39112,0.00097,0.00913
CVE-2022-39113,0.00097,0.00913
CVE-2022-39114,0.00097,0.00912
CVE-2022-39115,0.00081,0.00266
CVE-2022-39116,0.00105,0.01281
CVE-2022-39117,0.00133,0.03164
CVE-2022-39118,0.00084,0.00372
CVE-2022-39119,0.00094,0.00769
CVE-2022-39120,0.00084,0.00365
CVE-2022-39121,0.00084,0.00365
CVE-2022-39122,0.00084,0.00366
CVE-2022-39123,0.00084,0.00365
CVE-2022-39124,0.00084,0.00366
CVE-2022-39125,0.00084,0.00368
CVE-2022-39126,0.00084,0.00367
CVE-2022-39127,0.00084,0.00363
CVE-2022-39128,0.00084,0.00367
CVE-2022-39129,0.00084,0.00368
CVE-2022-39130,0.00084,0.00368
CVE-2022-39131,0.00067,0.00033
CVE-2022-39132,0.00084,0.0036
CVE-2022-39133,0.00084,0.00366
CVE-2022-39134,0.00062,0.00014
CVE-2022-39135,0.01931,0.7765
CVE-2022-39136,0.00301,0.21911
CVE-2022-39137,0.00218,0.12221
CVE-2022-39138,0.00241,0.15182
CVE-2022-39139,0.00241,0.15181
CVE-2022-39140,0.00241,0.15181
CVE-2022-39141,0.00218,0.12221
CVE-2022-39142,0.00241,0.1518
CVE-2022-39143,0.00241,0.15182
CVE-2022-39144,0.00241,0.1518
CVE-2022-39145,0.00241,0.15177
CVE-2022-39146,0.00241,0.15178
CVE-2022-39147,0.00241,0.15181
CVE-2022-39148,0.00241,0.15179
CVE-2022-39149,0.00241,0.1518
CVE-2022-39150,0.00241,0.15178
CVE-2022-39151,0.00241,0.15177
CVE-2022-39152,0.00241,0.15177
CVE-2022-39153,0.00241,0.15179
CVE-2022-39154,0.00241,0.15178
CVE-2022-39155,0.00241,0.15179
CVE-2022-39156,0.00241,0.1518
CVE-2022-39157,0.00228,0.136
CVE-2022-39158,0.01225,0.65291
CVE-2022-39160,0.00392,0.31347
CVE-2022-39161,0.00362,0.28343
CVE-2022-39163,0.00186,0.084
CVE-2022-39164,0.00185,0.08238
CVE-2022-39165,0.00185,0.08238
CVE-2022-39166,0.00582,0.43806
CVE-2022-39167,0.00554,0.424
CVE-2022-39168,0.00739,0.50309
CVE-2022-39170,0.00935,0.56642
CVE-2022-39172,0.00628,0.459
CVE-2022-39173,0.04343,0.9009
CVE-2022-39176,0.00657,0.47183
CVE-2022-39177,0.00611,0.45095
CVE-2022-39178,0.00583,0.43846
CVE-2022-39179,0.01044,0.60135
CVE-2022-39180,0.00602,0.44707
CVE-2022-39181,0.00361,0.28199
CVE-2022-39182,0.00345,0.26589
CVE-2022-39183,0.00405,0.32669
CVE-2022-39184,0.00757,0.50875
CVE-2022-39185,0.00621,0.45622
CVE-2022-39186,0.00163,0.05868
CVE-2022-39187,0.0042,0.33927
CVE-2022-39188,0.00216,0.12026
CVE-2022-39189,0.00323,0.24304
CVE-2022-39190,0.00308,0.22696
CVE-2022-39193,0.00601,0.44646
CVE-2022-39194,0.00895,0.55329
CVE-2022-39195,0.06314,0.92802
CVE-2022-39196,0.01167,0.63655
CVE-2022-39197,0.46446,0.9868
CVE-2022-39198,0.02351,0.81741
CVE-2022-39199,0.00261,0.17548
CVE-2022-39200,0.00307,0.22551
CVE-2022-39201,0.01228,0.65371
CVE-2022-39202,0.00706,0.49108
CVE-2022-39203,0.00744,0.50459
CVE-2022-39205,0.01822,0.76257
CVE-2022-39206,0.01712,0.74719
CVE-2022-39207,0.0075,0.5065
CVE-2022-39208,0.01487,0.71053
CVE-2022-39209,0.01641,0.73643
CVE-2022-39210,0.003,0.21886
CVE-2022-39211,0.00739,0.50291
CVE-2022-39212,0.00547,0.42049
CVE-2022-39213,0.01202,0.64624
CVE-2022-39214,0.25573,0.97715
CVE-2022-39215,0.00773,0.51448
CVE-2022-39216,0.00912,0.55873
CVE-2022-39217,0.00472,0.37657
CVE-2022-39218,0.00773,0.51442
CVE-2022-39219,0.00911,0.55855
CVE-2022-39220,0.00521,0.40637
CVE-2022-39221,0.00821,0.53019
CVE-2022-39222,0.01127,0.62576
CVE-2022-39224,0.01628,0.73419
CVE-2022-39225,0.00408,0.32938
CVE-2022-39226,0.00805,0.5251
CVE-2022-39227,0.0366,0.8833
CVE-2022-39228,0.00591,0.44203
CVE-2022-39229,0.0082,0.52995
CVE-2022-39230,0.00608,0.44953
CVE-2022-39231,0.00439,0.35405
CVE-2022-39232,0.00983,0.58219
CVE-2022-39233,0.00609,0.45023
CVE-2022-39234,0.00385,0.30624
CVE-2022-39236,0.01047,0.60212
CVE-2022-39237,0.00477,0.37955
CVE-2022-39238,0.00418,0.33805
CVE-2022-39239,0.00358,0.27925
CVE-2022-39240,0.00592,0.44234
CVE-2022-39241,0.00522,0.40687
CVE-2022-39242,0.00612,0.45162
CVE-2022-39243,0.01177,0.63939
CVE-2022-39244,0.01084,0.61346
CVE-2022-39245,0.00226,0.13308
CVE-2022-39246,0.00655,0.47108
CVE-2022-39248,0.00753,0.50758
CVE-2022-39249,0.0099,0.58427
CVE-2022-39250,0.00942,0.56884
CVE-2022-39251,0.00913,0.55901
CVE-2022-39252,0.00488,0.38676
CVE-2022-39253,0.01336,0.67916
CVE-2022-39254,0.00559,0.42683
CVE-2022-39255,0.00753,0.50757
CVE-2022-39256,0.01233,0.65512
CVE-2022-39257,0.00753,0.50757
CVE-2022-39258,0.00632,0.46097
CVE-2022-39259,0.00312,0.23177
CVE-2022-39260,0.02938,0.8551
CVE-2022-39261,0.01557,0.72314
CVE-2022-39262,0.00628,0.45905
CVE-2022-39263,0.006,0.44595
CVE-2022-39264,0.00641,0.46486
CVE-2022-39265,0.02155,0.80054
CVE-2022-39266,0.01076,0.61113
CVE-2022-39267,0.00727,0.49891
CVE-2022-39268,0.004,0.32153
CVE-2022-39269,0.00534,0.41301
CVE-2022-39270,0.00372,0.29327
CVE-2022-39271,0.01016,0.59255
CVE-2022-39272,0.00606,0.44896
CVE-2022-39273,0.0067,0.47692
CVE-2022-39274,0.0143,0.69931
CVE-2022-39275,0.00516,0.40328
CVE-2022-39276,0.00591,0.44213
CVE-2022-39277,0.00538,0.41556
CVE-2022-39278,0.01063,0.6071
CVE-2022-39279,0.00369,0.28985
CVE-2022-39280,0.00982,0.58173
CVE-2022-39281,0.01414,0.69607
CVE-2022-39282,0.00829,0.53275
CVE-2022-39283,0.00985,0.58253
CVE-2022-39284,0.00825,0.53133
CVE-2022-39285,0.03689,0.88422
CVE-2022-39286,0.01056,0.6049
CVE-2022-39287,0.00392,0.31298
CVE-2022-39288,0.59244,0.9901
CVE-2022-39289,0.00754,0.50779
CVE-2022-39290,0.05444,0.91798
CVE-2022-39291,0.05052,0.91314
CVE-2022-39292,0.00663,0.4741
CVE-2022-39293,0.00642,0.4655
CVE-2022-39294,0.00689,0.48478
CVE-2022-39295,0.00531,0.41148
CVE-2022-39296,0.01471,0.70749
CVE-2022-39297,0.0094,0.56808
CVE-2022-39298,0.0094,0.56808
CVE-2022-39299,0.03025,0.85922
CVE-2022-39300,0.00598,0.44547
CVE-2022-39301,0.00451,0.36288
CVE-2022-39302,0.00377,0.29806
CVE-2022-39303,0.00704,0.49029
CVE-2022-39304,0.00382,0.30271
CVE-2022-39305,0.01059,0.60586
CVE-2022-39306,0.0074,0.50317
CVE-2022-39307,0.00696,0.48734
CVE-2022-39308,0.00622,0.45693
CVE-2022-39309,0.0077,0.51323
CVE-2022-39310,0.00615,0.45354
CVE-2022-39311,0.01579,0.72652
CVE-2022-39312,0.01473,0.70791
CVE-2022-39313,0.00689,0.48477
CVE-2022-39314,0.00349,0.27054
CVE-2022-39315,0.00585,0.43913
CVE-2022-39316,0.00967,0.57637
CVE-2022-39317,0.00627,0.4588
CVE-2022-39318,0.00953,0.57234
CVE-2022-39319,0.00687,0.48411
CVE-2022-39320,0.00674,0.47892
CVE-2022-39321,0.01474,0.70806
CVE-2022-39322,0.01055,0.60448
CVE-2022-39323,0.34251,0.98217
CVE-2022-39324,0.00828,0.53241
CVE-2022-39325,0.00547,0.42017
CVE-2022-39326,0.01201,0.64611
CVE-2022-39327,0.03207,0.86683
CVE-2022-39328,0.00922,0.562
CVE-2022-39329,0.006,0.44601
CVE-2022-39330,0.00819,0.52958
CVE-2022-39331,0.00897,0.55407
CVE-2022-39332,0.00918,0.56082
CVE-2022-39333,0.00915,0.56002
CVE-2022-39334,0.00201,0.10092
CVE-2022-39335,0.00635,0.46221
CVE-2022-39337,0.01111,0.62134
CVE-2022-39338,0.00583,0.43817
CVE-2022-39339,0.0042,0.33953
CVE-2022-39340,0.00672,0.47784
CVE-2022-39341,0.00859,0.54231
CVE-2022-39342,0.00859,0.54231
CVE-2022-39343,0.00822,0.5307
CVE-2022-39344,0.01936,0.77718
CVE-2022-39345,0.01323,0.6758
CVE-2022-39346,0.0099,0.58442
CVE-2022-39347,0.00889,0.55154
CVE-2022-39348,0.01156,0.6334
CVE-2022-39349,0.0025,0.16297
CVE-2022-39350,0.00665,0.47509
CVE-2022-39351,0.00197,0.09682
CVE-2022-39352,0.0042,0.33957
CVE-2022-39353,0.01182,0.64124
CVE-2022-39354,0.00538,0.41535
CVE-2022-39355,0.00766,0.51219
CVE-2022-39356,0.00558,0.426
CVE-2022-39357,0.01027,0.59596
CVE-2022-39358,0.00439,0.35428
CVE-2022-39359,0.00556,0.42499
CVE-2022-39360,0.00478,0.37987
CVE-2022-39361,0.00967,0.57706
CVE-2022-39362,0.0079,0.51996
CVE-2022-39364,0.00464,0.37139
CVE-2022-39365,0.01655,0.73848
CVE-2022-39366,0.00851,0.53934
CVE-2022-39367,0.00951,0.57167
CVE-2022-39368,0.00553,0.42326
CVE-2022-39369,0.01064,0.60731
CVE-2022-39370,0.00426,0.34429
CVE-2022-39371,0.00442,0.3564
CVE-2022-39372,0.00408,0.32883
CVE-2022-39373,0.0044,0.35534
CVE-2022-39374,0.00941,0.56842
CVE-2022-39375,0.00488,0.38674
CVE-2022-39376,0.00477,0.37958
CVE-2022-39377,0.01096,0.61694
CVE-2022-39378,0.00482,0.38275
CVE-2022-39379,0.44708,0.98628
CVE-2022-39380,0.00623,0.45696
CVE-2022-39381,0.00645,0.46675
CVE-2022-39382,0.01486,0.71034
CVE-2022-39383,0.00376,0.29706
CVE-2022-39384,0.00494,0.39011
CVE-2022-39385,0.00497,0.39192
CVE-2022-39386,0.00731,0.50014
CVE-2022-39387,0.00895,0.5536
CVE-2022-39388,0.00455,0.36551
CVE-2022-39389,0.00999,0.58693
CVE-2022-39392,0.00577,0.43582
CVE-2022-39393,0.00657,0.47182
CVE-2022-39394,0.00315,0.23418
CVE-2022-39395,0.01067,0.60874
CVE-2022-39396,0.38717,0.98409
CVE-2022-39397,0.00421,0.34065
CVE-2022-39398,0.00469,0.37442
CVE-2022-39399,0.01473,0.70791
CVE-2022-39400,0.01144,0.62996
CVE-2022-39401,0.00202,0.10245
CVE-2022-39402,0.0042,0.33938
CVE-2022-39403,0.0042,0.33963
CVE-2022-39404,0.00332,0.253
CVE-2022-39405,0.01028,0.59621
CVE-2022-39406,0.0063,0.46015
CVE-2022-39407,0.00253,0.16606
CVE-2022-39408,0.01196,0.64487
CVE-2022-39409,0.00669,0.4767
CVE-2022-39410,0.01196,0.64487
CVE-2022-39411,0.00622,0.45664
CVE-2022-39412,0.01704,0.74598
CVE-2022-39417,0.00226,0.13277
CVE-2022-39419,0.00451,0.36299
CVE-2022-39420,0.00437,0.35303
CVE-2022-39421,0.0037,0.29133
CVE-2022-39422,0.00443,0.35755
CVE-2022-39423,0.00503,0.39555
CVE-2022-39424,0.01346,0.68144
CVE-2022-39425,0.01635,0.73567
CVE-2022-39426,0.01136,0.62798
CVE-2022-39427,0.00349,0.26981
CVE-2022-39428,0.36455,0.98308
CVE-2022-39429,0.00561,0.4274
CVE-2022-39799,0.0045,0.36206
CVE-2022-39800,0.00583,0.43833
CVE-2022-39801,0.00611,0.45088
CVE-2022-39802,0.0643,0.92904
CVE-2022-39803,0.0051,0.3998
CVE-2022-39804,0.00515,0.40235
CVE-2022-39805,0.00496,0.39081
CVE-2022-39806,0.00515,0.40236
CVE-2022-39807,0.00204,0.1041
CVE-2022-39808,0.00342,0.26253
CVE-2022-39809,0.00476,0.3791
CVE-2022-39810,0.57253,0.98963
CVE-2022-39811,0.00823,0.53085
CVE-2022-39812,0.00961,0.57425
CVE-2022-39813,0.0047,0.37495
CVE-2022-39814,0.00379,0.29991
CVE-2022-39815,0.02065,0.79163
CVE-2022-39816,0.00536,0.41439
CVE-2022-39817,0.00748,0.50604
CVE-2022-39818,0.02237,0.80764
CVE-2022-39819,0.01434,0.69993
CVE-2022-39820,0.00631,0.46026
CVE-2022-39821,0.00633,0.46155
CVE-2022-39822,0.00618,0.4546
CVE-2022-39823,0.00635,0.4621
CVE-2022-39824,0.0091,0.55828
CVE-2022-39828,0.01068,0.60899
CVE-2022-39829,0.01068,0.60899
CVE-2022-39830,0.01068,0.609
CVE-2022-39831,0.00495,0.39069
CVE-2022-39832,0.0049,0.38764
CVE-2022-39833,0.02619,0.83671
CVE-2022-39834,0.00341,0.2623
CVE-2022-39835,0.00467,0.37325
CVE-2022-39836,0.00417,0.33667
CVE-2022-39837,0.00417,0.33667
CVE-2022-39838,0.01602,0.73003
CVE-2022-39839,0.00411,0.33192
CVE-2022-39840,0.00411,0.33193
CVE-2022-39842,0.00565,0.4302
CVE-2022-39843,0.00448,0.36066
CVE-2022-39844,0.00149,0.04554
CVE-2022-39845,0.00124,0.02562
CVE-2022-39846,0.00217,0.12076
CVE-2022-39847,0.00077,0.00148
CVE-2022-39848,0.00082,0.00282
CVE-2022-39849,0.00081,0.00264
CVE-2022-39850,0.00081,0.00264
CVE-2022-39851,0.00075,0.0011
CVE-2022-39852,0.00098,0.00951
CVE-2022-39853,0.00093,0.00688
CVE-2022-39854,0.00076,0.00137
CVE-2022-39855,0.00086,0.00436
CVE-2022-39856,0.00082,0.00282
CVE-2022-39857,0.00159,0.05486
CVE-2022-39858,0.00216,0.12037
CVE-2022-39859,0.00174,0.0709
CVE-2022-39860,0.00185,0.08277
CVE-2022-39861,0.0015,0.04628
CVE-2022-39862,0.00499,0.3929
CVE-2022-39863,0.00336,0.25631
CVE-2022-39864,0.00323,0.24316
CVE-2022-39865,0.00342,0.26345
CVE-2022-39866,0.00342,0.26345
CVE-2022-39867,0.00342,0.26344
CVE-2022-39868,0.00342,0.26346
CVE-2022-39869,0.00342,0.26346
CVE-2022-39870,0.00342,0.26345
CVE-2022-39871,0.00342,0.26345
CVE-2022-39872,0.00153,0.04866
CVE-2022-39873,0.00232,0.14066
CVE-2022-39874,0.00177,0.07347
CVE-2022-39875,0.00151,0.04666
CVE-2022-39876,0.0017,0.06659
CVE-2022-39877,0.00329,0.24964
CVE-2022-39878,0.00158,0.05397
CVE-2022-39879,0.00081,0.0027
CVE-2022-39880,0.00094,0.00754
CVE-2022-39881,0.00833,0.53385
CVE-2022-39882,0.00106,0.01336
CVE-2022-39883,0.00086,0.00435
CVE-2022-39884,0.00084,0.00353
CVE-2022-39885,0.00082,0.00297
CVE-2022-39886,0.00082,0.00298
CVE-2022-39887,0.00082,0.00288
CVE-2022-39888,0.00138,0.0355
CVE-2022-39889,0.00166,0.06177
CVE-2022-39890,0.0041,0.33079
CVE-2022-39891,0.00383,0.30416
CVE-2022-39892,0.00395,0.31716
CVE-2022-39893,0.00209,0.11025
CVE-2022-39894,0.00082,0.00292
CVE-2022-39895,0.00082,0.00292
CVE-2022-39896,0.00086,0.0043
CVE-2022-39897,0.00088,0.00489
CVE-2022-39898,0.00086,0.00429
CVE-2022-39899,0.00097,0.00886
CVE-2022-39900,0.00127,0.02735
CVE-2022-39901,0.00241,0.15093
CVE-2022-39902,0.0077,0.51335
CVE-2022-39903,0.00082,0.0028
CVE-2022-39904,0.00103,0.01167
CVE-2022-39905,0.00083,0.00307
CVE-2022-39906,0.00101,0.01089
CVE-2022-39907,0.00086,0.0043
CVE-2022-39908,0.00071,0.00064
CVE-2022-39909,0.00148,0.04453
CVE-2022-39910,0.00262,0.17676
CVE-2022-39911,0.00246,0.15833
CVE-2022-39912,0.00081,0.00267
CVE-2022-39913,0.0008,0.00227
CVE-2022-39914,0.00082,0.0028
CVE-2022-39915,0.00291,0.20927
CVE-2022-39944,0.01747,0.75196
CVE-2022-39945,0.00349,0.27029
CVE-2022-39946,0.00717,0.49536
CVE-2022-39947,0.02891,0.85283
CVE-2022-39948,0.00276,0.19535
CVE-2022-39949,0.00174,0.0702
CVE-2022-39950,0.00684,0.48275
CVE-2022-39951,0.01691,0.74417
CVE-2022-39952,0.99815,0.99958
CVE-2022-39953,0.00207,0.10801
CVE-2022-39954,0.00548,0.42066
CVE-2022-39955,0.01115,0.62245
CVE-2022-39956,0.00952,0.57191
CVE-2022-39957,0.00771,0.51376
CVE-2022-39958,0.00953,0.5722
CVE-2022-39959,0.00576,0.43536
CVE-2022-39960,0.2568,0.9772
CVE-2022-39974,0.0077,0.51333
CVE-2022-39975,0.00466,0.37288
CVE-2022-39976,0.00832,0.53379
CVE-2022-39977,0.01056,0.6048
CVE-2022-39978,0.01056,0.6048
CVE-2022-39983,0.01381,0.68953
CVE-2022-39986,0.98725,0.9992
CVE-2022-39987,0.34662,0.98233
CVE-2022-39988,0.00616,0.45401
CVE-2022-39989,0.008,0.52322
CVE-2022-39996,0.00328,0.24779
CVE-2022-39997,0.00294,0.21231
CVE-2022-3000,0.00529,0.41023
CVE-2022-3001,0.01167,0.63662
CVE-2022-3002,0.00547,0.42045
CVE-2022-3004,0.00512,0.40078
CVE-2022-3005,0.00512,0.40078
CVE-2022-3007,0.0028,0.19882
CVE-2022-3008,0.0279,0.84761
CVE-2022-3010,0.00584,0.43871
CVE-2022-3012,0.00613,0.452
CVE-2022-3013,0.00466,0.37237
CVE-2022-3014,0.0049,0.38787
CVE-2022-3015,0.0035,0.27088
CVE-2022-3016,0.00497,0.39147
CVE-2022-3017,0.00371,0.29204
CVE-2022-3018,0.00662,0.47372
CVE-2022-3019,0.00703,0.4901
CVE-2022-3021,0.00494,0.38989
CVE-2022-3023,0.00562,0.42815
CVE-2022-3024,0.00233,0.14171
CVE-2022-3025,0.00246,0.15837
CVE-2022-3026,0.01116,0.6228
CVE-2022-3027,0.00282,0.20095
CVE-2022-3028,0.00202,0.10202
CVE-2022-3029,0.00748,0.50609
CVE-2022-3030,0.00564,0.42926
CVE-2022-3031,0.00505,0.39676
CVE-2022-3032,0.00663,0.47417
CVE-2022-3033,0.00768,0.51285
CVE-2022-3034,0.00529,0.41041
CVE-2022-3035,0.00595,0.44349
CVE-2022-3036,0.0056,0.42694
CVE-2022-3037,0.00498,0.39258
CVE-2022-3038,0.24738,0.97645
CVE-2022-3039,0.00788,0.51968
CVE-2022-3040,0.00871,0.54603
CVE-2022-3041,0.00871,0.54603
CVE-2022-3042,0.00492,0.38898
CVE-2022-3043,0.00671,0.47763
CVE-2022-3044,0.00836,0.53477
CVE-2022-3045,0.00921,0.56155
CVE-2022-3046,0.00792,0.52056
CVE-2022-3047,0.0045,0.36248
CVE-2022-3048,0.00377,0.2978
CVE-2022-3049,0.00543,0.41824
CVE-2022-3050,0.00757,0.50876
CVE-2022-3051,0.00658,0.47214
CVE-2022-3052,0.0076,0.50988
CVE-2022-3053,0.00522,0.40664
CVE-2022-3054,0.00613,0.45217
CVE-2022-3055,0.00661,0.47339
CVE-2022-3056,0.00876,0.54782
CVE-2022-3057,0.00515,0.40237
CVE-2022-3058,0.0064,0.46432
CVE-2022-3059,0.00462,0.37012
CVE-2022-3060,0.00895,0.55352
CVE-2022-3061,0.00271,0.18817
CVE-2022-3062,0.44095,0.98607
CVE-2022-3064,0.017,0.74544
CVE-2022-3065,0.01017,0.5928
CVE-2022-3066,0.00516,0.403
CVE-2022-3067,0.00706,0.49086
CVE-2022-3068,0.00437,0.35293
CVE-2022-3069,0.00475,0.37807
CVE-2022-3070,0.00544,0.41857
CVE-2022-3071,0.0044,0.35537
CVE-2022-3072,0.00767,0.51259
CVE-2022-3073,0.00454,0.36489
CVE-2022-3074,0.0048,0.38137
CVE-2022-3075,0.0568,0.92088
CVE-2022-3076,0.01065,0.60762
CVE-2022-3077,0.00225,0.1308
CVE-2022-3078,0.00224,0.12981
CVE-2022-3079,0.00662,0.47404
CVE-2022-3080,0.01555,0.72287
CVE-2022-3082,0.00411,0.33144
CVE-2022-3083,0.00353,0.27411
CVE-2022-3084,0.00232,0.14078
CVE-2022-3085,0.00245,0.15666
CVE-2022-3086,0.00301,0.21981
CVE-2022-3087,0.00301,0.21993
CVE-2022-3088,0.00188,0.08582
CVE-2022-3089,0.0025,0.16202
CVE-2022-3090,0.00609,0.45028
CVE-2022-3091,0.00629,0.45947
CVE-2022-3092,0.00227,0.13345
CVE-2022-3093,0.00439,0.3539
CVE-2022-3094,0.13108,0.95904
CVE-2022-3095,0.00867,0.54503
CVE-2022-3096,0.00411,0.3319
CVE-2022-3097,0.00346,0.26712
CVE-2022-3098,0.0027,0.18695
CVE-2022-3099,0.00464,0.37172
CVE-2022-3100,0.00433,0.34946
CVE-2022-3101,0.00201,0.10066
CVE-2022-3103,0.00288,0.20647
CVE-2022-3104,0.00227,0.13427
CVE-2022-3105,0.00214,0.11699
CVE-2022-3106,0.00214,0.117
CVE-2022-3107,0.00214,0.11698
CVE-2022-3108,0.00214,0.11699
CVE-2022-3109,0.0142,0.69735
CVE-2022-3110,0.00224,0.13045
CVE-2022-3111,0.00214,0.11699
CVE-2022-3112,0.00214,0.11699
CVE-2022-3113,0.00651,0.46936
CVE-2022-3114,0.00219,0.12352
CVE-2022-3115,0.00217,0.12132
CVE-2022-3116,0.00885,0.55026
CVE-2022-3118,0.00698,0.48813
CVE-2022-3119,0.00368,0.28939
CVE-2022-3120,0.00659,0.47271
CVE-2022-3121,0.00241,0.15202
CVE-2022-3122,0.00654,0.4704
CVE-2022-3123,0.00891,0.55203
CVE-2022-3124,0.06263,0.92752
CVE-2022-3125,0.01125,0.62498
CVE-2022-3126,0.00267,0.18408
CVE-2022-3127,0.00538,0.41577
CVE-2022-3128,0.00554,0.42405
CVE-2022-3129,0.00781,0.51695
CVE-2022-3130,0.00786,0.51871
CVE-2022-3131,0.00921,0.56147
CVE-2022-3132,0.00611,0.45108
CVE-2022-3133,0.01282,0.6671
CVE-2022-3134,0.00528,0.40974
CVE-2022-3135,0.00538,0.41518
CVE-2022-3136,0.0047,0.37478
CVE-2022-3137,0.00468,0.37373
CVE-2022-3138,0.00538,0.41566
CVE-2022-3139,0.00496,0.39112
CVE-2022-3140,0.04354,0.90114
CVE-2022-3141,0.03851,0.88925
CVE-2022-3142,0.10375,0.95195
CVE-2022-3143,0.00584,0.43879
CVE-2022-3144,0.00642,0.46517
CVE-2022-3145,0.00413,0.33366
CVE-2022-3146,0.002,0.10015
CVE-2022-3147,0.00906,0.55695
CVE-2022-3148,0.00538,0.41566
CVE-2022-3149,0.00251,0.16407
CVE-2022-3150,0.00921,0.56147
CVE-2022-3151,0.00267,0.18407
CVE-2022-3152,0.0073,0.49977
CVE-2022-3153,0.00458,0.36778
CVE-2022-3154,0.00337,0.25737
CVE-2022-3155,0.00215,0.11881
CVE-2022-3156,0.00368,0.28952
CVE-2022-3157,0.0143,0.69928
CVE-2022-3158,0.03161,0.86498
CVE-2022-3159,0.00472,0.3765
CVE-2022-3160,0.00436,0.35188
CVE-2022-3161,0.00413,0.33378
CVE-2022-3162,0.01191,0.6435
CVE-2022-3165,0.0114,0.62889
CVE-2022-3166,0.00678,0.48066
CVE-2022-3167,0.00968,0.57719
CVE-2022-3169,0.0023,0.1378
CVE-2022-3170,0.0024,0.15015
CVE-2022-3171,0.01048,0.60232
CVE-2022-3172,0.02464,0.82596
CVE-2022-3173,0.0072,0.49626
CVE-2022-3174,0.00577,0.43574
CVE-2022-3175,0.0071,0.49241
CVE-2022-3176,0.00287,0.20608
CVE-2022-3178,0.00403,0.32419
CVE-2022-3179,0.00815,0.5279
CVE-2022-3180,0.08762,0.94558
CVE-2022-3181,0.00663,0.47416
CVE-2022-3182,0.00154,0.04961
CVE-2022-3183,0.01575,0.72594
CVE-2022-3184,0.11626,0.95553
CVE-2022-3185,0.00477,0.37981
CVE-2022-3186,0.00571,0.43273
CVE-2022-3187,0.00452,0.36392
CVE-2022-3188,0.00516,0.40342
CVE-2022-3189,0.00484,0.38397
CVE-2022-3190,0.0182,0.76228
CVE-2022-3191,0.00169,0.06493
CVE-2022-3192,0.00557,0.42555
CVE-2022-3193,0.00417,0.33728
CVE-2022-3194,0.00491,0.38806
CVE-2022-3195,0.01002,0.58837
CVE-2022-3196,0.00841,0.53627
CVE-2022-3197,0.00606,0.44881
CVE-2022-3198,0.00606,0.44881
CVE-2022-3199,0.01908,0.77374
CVE-2022-3200,0.00688,0.48453
CVE-2022-3201,0.00608,0.44982
CVE-2022-3202,0.00244,0.15528
CVE-2022-3203,0.00851,0.53945
CVE-2022-3204,0.01293,0.6696
CVE-2022-3205,0.00436,0.35215
CVE-2022-3206,0.00452,0.3633
CVE-2022-3207,0.0047,0.37473
CVE-2022-3208,0.00338,0.25854
CVE-2022-3209,0.00486,0.38539
CVE-2022-3210,0.01091,0.61498
CVE-2022-3211,0.00459,0.36797
CVE-2022-3212,0.0082,0.52976
CVE-2022-3213,0.00466,0.37241
CVE-2022-3214,0.01488,0.7107
CVE-2022-3215,0.00556,0.42472
CVE-2022-3216,0.00518,0.40401
CVE-2022-3217,0.01127,0.6256
CVE-2022-3218,0.73475,0.99403
CVE-2022-3219,0.00293,0.2115
CVE-2022-3220,0.0047,0.37474
CVE-2022-3221,0.00622,0.45672
CVE-2022-3222,0.00628,0.45886
CVE-2022-3223,0.0061,0.45064
CVE-2022-3224,0.00586,0.43962
CVE-2022-3225,0.00711,0.49295
CVE-2022-3226,0.01747,0.7519
CVE-2022-3228,0.00313,0.23283
CVE-2022-3229,0.66354,0.99194
CVE-2022-3231,0.00551,0.4227
CVE-2022-3232,0.00331,0.25134
CVE-2022-3233,0.00316,0.23592
CVE-2022-3234,0.00501,0.3939
CVE-2022-3235,0.00475,0.37842
CVE-2022-3236,0.98905,0.99923
CVE-2022-3237,0.00532,0.41218
CVE-2022-3238,0.0021,0.11194
CVE-2022-3239,0.00243,0.15344
CVE-2022-3240,0.00552,0.42318
CVE-2022-3241,0.01037,0.59924
CVE-2022-3242,0.01383,0.68986
CVE-2022-3243,0.00992,0.5848
CVE-2022-3244,0.00386,0.3073
CVE-2022-3245,0.00565,0.43013
CVE-2022-3246,0.01049,0.60259
CVE-2022-3247,0.0066,0.47289
CVE-2022-3248,0.00401,0.3225
CVE-2022-3249,0.0097,0.57801
CVE-2022-3250,0.00396,0.31744
CVE-2022-3251,0.00508,0.39843
CVE-2022-3252,0.00732,0.50059
CVE-2022-3254,0.05103,0.91386
CVE-2022-3255,0.00658,0.47235
CVE-2022-3256,0.00464,0.37158
CVE-2022-3257,0.01096,0.61695
CVE-2022-3258,0.00235,0.14466
CVE-2022-3259,0.00534,0.41313
CVE-2022-3260,0.00432,0.34872
CVE-2022-3261,0.00292,0.21068
CVE-2022-3262,0.00716,0.49483
CVE-2022-3263,0.0025,0.16259
CVE-2022-3265,0.86326,0.99712
CVE-2022-3266,0.00293,0.21167
CVE-2022-3267,0.00319,0.23902
CVE-2022-3268,0.01032,0.59756
CVE-2022-3269,0.00727,0.49867
CVE-2022-3270,0.01053,0.60396
CVE-2022-3272,0.01429,0.69914
CVE-2022-3273,0.00441,0.356
CVE-2022-3274,0.00375,0.29601
CVE-2022-3275,0.02087,0.79401
CVE-2022-3276,0.01574,0.72567
CVE-2022-3277,0.01056,0.6049
CVE-2022-3278,0.0082,0.53
CVE-2022-3279,0.00946,0.56976
CVE-2022-3280,0.00523,0.40688
CVE-2022-3281,0.00656,0.47149
CVE-2022-3282,0.00543,0.4182
CVE-2022-3283,0.01349,0.68217
CVE-2022-3284,0.00672,0.47809
CVE-2022-3285,0.00768,0.51282
CVE-2022-3286,0.00439,0.35459
CVE-2022-3287,0.00619,0.45506
CVE-2022-3288,0.00642,0.46555
CVE-2022-3290,0.00721,0.4966
CVE-2022-3291,0.00723,0.49708
CVE-2022-3292,0.00507,0.39794
CVE-2022-3293,0.00502,0.39442
CVE-2022-3294,0.01618,0.7326
CVE-2022-3295,0.00943,0.56898
CVE-2022-3296,0.00528,0.4098
CVE-2022-3297,0.00496,0.39129
CVE-2022-3298,0.00951,0.57168
CVE-2022-3299,0.00973,0.57921
CVE-2022-3300,0.01015,0.59245
CVE-2022-3301,0.00553,0.42346
CVE-2022-3302,0.01015,0.59246
CVE-2022-3303,0.00303,0.22123
CVE-2022-3304,0.0059,0.44144
CVE-2022-3305,0.00508,0.3983
CVE-2022-3306,0.00522,0.40656
CVE-2022-3307,0.0055,0.42198
CVE-2022-3308,0.006,0.44634
CVE-2022-3309,0.00501,0.3938
CVE-2022-3310,0.0045,0.36212
CVE-2022-3311,0.00523,0.40754
CVE-2022-3312,0.00232,0.13997
CVE-2022-3313,0.00547,0.42024
CVE-2022-3314,0.00448,0.36081
CVE-2022-3315,0.00616,0.45401
CVE-2022-3316,0.00533,0.41252
CVE-2022-3317,0.00599,0.44587
CVE-2022-3318,0.00462,0.36989
CVE-2022-3320,0.00378,0.29949
CVE-2022-3321,0.0037,0.29105
CVE-2022-3322,0.00247,0.1585
CVE-2022-3323,0.30674,0.98031
CVE-2022-3324,0.00501,0.3939
CVE-2022-3325,0.00421,0.34064
CVE-2022-3326,0.00566,0.43044
CVE-2022-3327,0.00749,0.50625
CVE-2022-3328,0.00384,0.3047
CVE-2022-3330,0.00536,0.41461
CVE-2022-3331,0.00578,0.43596
CVE-2022-3332,0.00593,0.44282
CVE-2022-3333,0.00427,0.34549
CVE-2022-3334,0.01126,0.62535
CVE-2022-3335,0.0115,0.63186
CVE-2022-3336,0.00274,0.19324
CVE-2022-3337,0.0037,0.2909
CVE-2022-3338,0.00457,0.3668
CVE-2022-3339,0.00558,0.4263
CVE-2022-3340,0.00536,0.41453
CVE-2022-3341,0.00817,0.52878
CVE-2022-3342,0.00977,0.58036
CVE-2022-3343,0.00488,0.38666
CVE-2022-3344,0.00214,0.11668
CVE-2022-3346,0.00227,0.13354
CVE-2022-3347,0.00242,0.15308
CVE-2022-3348,0.00844,0.53702
CVE-2022-3349,0.00511,0.40025
CVE-2022-3350,0.00489,0.38701
CVE-2022-3351,0.00661,0.47367
CVE-2022-3352,0.00492,0.389
CVE-2022-3353,0.01105,0.61957
CVE-2022-3354,0.00766,0.51222
CVE-2022-3355,0.00619,0.45496
CVE-2022-3357,0.01903,0.7731
CVE-2022-3358,0.02846,0.85063
CVE-2022-3359,0.00742,0.50397
CVE-2022-3360,0.01786,0.75761
CVE-2022-3361,0.02484,0.82735
CVE-2022-3362,0.00876,0.54793
CVE-2022-3363,0.0075,0.50656
CVE-2022-3364,0.01004,0.58904
CVE-2022-3365,0.02044,0.78944
CVE-2022-3366,0.01126,0.62535
CVE-2022-3368,0.00823,0.53079
CVE-2022-3369,0.00181,0.07811
CVE-2022-3370,0.00713,0.49346
CVE-2022-3371,0.01012,0.59134
CVE-2022-3372,0.0035,0.27171
CVE-2022-3373,0.00713,0.49346
CVE-2022-3374,0.01126,0.62535
CVE-2022-3375,0.00795,0.52152
CVE-2022-3376,0.00672,0.47808
CVE-2022-3377,0.00237,0.14692
CVE-2022-3378,0.00237,0.14692
CVE-2022-3379,0.00231,0.13951
CVE-2022-3380,0.01126,0.62535
CVE-2022-3381,0.0061,0.45048
CVE-2022-3382,0.00704,0.49042
CVE-2022-3383,0.0278,0.84711
CVE-2022-3384,0.02735,0.84411
CVE-2022-3385,0.01202,0.64629
CVE-2022-3386,0.01202,0.64628
CVE-2022-3387,0.1398,0.9612
CVE-2022-3388,0.00277,0.1965
CVE-2022-3389,0.00997,0.58637
CVE-2022-3391,0.00554,0.4239
CVE-2022-3392,0.00583,0.43859
CVE-2022-3393,0.01279,0.66624
CVE-2022-3394,0.01307,0.67231
CVE-2022-3395,0.00945,0.5694
CVE-2022-3396,0.00564,0.4296
CVE-2022-3397,0.00564,0.4296
CVE-2022-3398,0.00564,0.4296
CVE-2022-3399,0.00371,0.29262
CVE-2022-3400,0.00618,0.4549
CVE-2022-3401,0.01556,0.72296
CVE-2022-3402,0.00627,0.45863
CVE-2022-3405,0.05325,0.91665
CVE-2022-3407,0.00212,0.11445
CVE-2022-3408,0.00532,0.41222
CVE-2022-3409,0.00591,0.44209
CVE-2022-3411,0.01247,0.65855
CVE-2022-3413,0.00458,0.36783
CVE-2022-3414,0.00533,0.41285
CVE-2022-3415,0.00526,0.40875
CVE-2022-3416,0.17285,0.96749
CVE-2022-3417,0.00922,0.56179
CVE-2022-3418,0.01104,0.61921
CVE-2022-3419,0.00332,0.25232
CVE-2022-3420,0.0047,0.37478
CVE-2022-3421,0.00098,0.00958
CVE-2022-3422,0.0078,0.5165
CVE-2022-3423,0.01787,0.75773
CVE-2022-3424,0.00238,0.14829
CVE-2022-3425,0.01046,0.60192
CVE-2022-3426,0.00567,0.43101
CVE-2022-3427,0.00646,0.46685
CVE-2022-3429,0.00493,0.38946
CVE-2022-3430,0.00257,0.17105
CVE-2022-3431,0.00206,0.10687
CVE-2022-3432,0.00294,0.21307
CVE-2022-3433,0.0071,0.49265
CVE-2022-3434,0.00513,0.40155
CVE-2022-3435,0.03681,0.88394
CVE-2022-3436,0.00512,0.40081
CVE-2022-3437,0.0369,0.88424
CVE-2022-3438,0.00492,0.38866
CVE-2022-3439,0.00598,0.44499
CVE-2022-3440,0.00486,0.38543
CVE-2022-3441,0.0047,0.37479
CVE-2022-3442,0.00459,0.36846
CVE-2022-3443,0.00615,0.45311
CVE-2022-3444,0.00587,0.43993
CVE-2022-3445,0.00614,0.45258
CVE-2022-3446,0.00683,0.48236
CVE-2022-3447,0.0054,0.41646
CVE-2022-3448,0.00653,0.47002
CVE-2022-3449,0.00411,0.33168
CVE-2022-3450,0.00636,0.46268
CVE-2022-3451,0.00264,0.17883
CVE-2022-3452,0.00389,0.3105
CVE-2022-3453,0.00348,0.2691
CVE-2022-3456,0.00345,0.26635
CVE-2022-3457,0.00317,0.23673
CVE-2022-3458,0.00405,0.32684
CVE-2022-3459,0.00317,0.23666
CVE-2022-3460,0.0056,0.42702
CVE-2022-3461,0.00207,0.10857
CVE-2022-3462,0.00532,0.4122
CVE-2022-3463,0.01231,0.65442
CVE-2022-3464,0.00532,0.41223
CVE-2022-3465,0.00768,0.51285
CVE-2022-3466,0.00212,0.11536
CVE-2022-3467,0.0047,0.37492
CVE-2022-3469,0.00532,0.41221
CVE-2022-3470,0.00479,0.381
CVE-2022-3471,0.00475,0.37852
CVE-2022-3472,0.00475,0.37852
CVE-2022-3473,0.00536,0.41428
CVE-2022-3474,0.00213,0.11596
CVE-2022-3477,0.03546,0.87947
CVE-2022-3478,0.01021,0.5939
CVE-2022-3479,0.00696,0.48751
CVE-2022-3480,0.00852,0.53959
CVE-2022-3481,0.03686,0.88409
CVE-2022-3482,0.01034,0.59852
CVE-2022-3483,0.0065,0.4691
CVE-2022-3484,0.00902,0.55549
CVE-2022-3485,0.00927,0.5636
CVE-2022-3486,0.00723,0.49735
CVE-2022-3488,0.19045,0.96983
CVE-2022-3489,0.00346,0.2673
CVE-2022-3490,0.01141,0.62908
CVE-2022-3491,0.00496,0.39099
CVE-2022-3492,0.00934,0.5661
CVE-2022-3493,0.00328,0.24799
CVE-2022-3494,0.01196,0.64466
CVE-2022-3495,0.00632,0.46087
CVE-2022-3496,0.00405,0.32667
CVE-2022-3497,0.00328,0.24799
CVE-2022-3499,0.00775,0.51508
CVE-2022-3500,0.00247,0.15936
CVE-2022-3501,0.0044,0.35491
CVE-2022-3502,0.00459,0.36837
CVE-2022-3503,0.00459,0.36837
CVE-2022-3504,0.00598,0.44499
CVE-2022-3505,0.00468,0.37388
CVE-2022-3506,0.01113,0.6218
CVE-2022-3509,0.00567,0.43107
CVE-2022-3510,0.00483,0.38343
CVE-2022-3511,0.00699,0.48842
CVE-2022-3512,0.00394,0.31505
CVE-2022-3513,0.00743,0.5042
CVE-2022-3514,0.00842,0.53634
CVE-2022-3515,0.01635,0.73548
CVE-2022-3516,0.00451,0.36318
CVE-2022-3517,0.01674,0.74147
CVE-2022-3518,0.00521,0.40612
CVE-2022-3519,0.00335,0.25588
CVE-2022-3520,0.01002,0.58811
CVE-2022-3521,0.00218,0.12184
CVE-2022-3523,0.00862,0.54344
CVE-2022-3524,0.00733,0.50102
CVE-2022-3525,0.00859,0.54247
CVE-2022-3526,0.00914,0.55963
CVE-2022-3533,0.00419,0.33911
CVE-2022-3534,0.00535,0.41374
CVE-2022-3536,0.00511,0.39982
CVE-2022-3537,0.00498,0.39256
CVE-2022-3538,0.00349,0.27033
CVE-2022-3539,0.00501,0.39368
CVE-2022-3540,0.00387,0.3082
CVE-2022-3541,0.00334,0.25502
CVE-2022-3543,0.0026,0.17446
CVE-2022-3544,0.0026,0.17435
CVE-2022-3545,0.00398,0.31933
CVE-2022-3546,0.00515,0.40227
CVE-2022-3547,0.0049,0.38751
CVE-2022-3548,0.0049,0.38751
CVE-2022-3549,0.00536,0.41419
CVE-2022-3550,0.01419,0.6971
CVE-2022-3551,0.01681,0.74261
CVE-2022-3552,0.44002,0.98604
CVE-2022-3553,0.01249,0.65908
CVE-2022-3556,0.003,0.21865
CVE-2022-3558,0.0099,0.58443
CVE-2022-3559,0.03661,0.88334
CVE-2022-3560,0.00245,0.15658
CVE-2022-3561,0.00519,0.40474
CVE-2022-3562,0.94216,0.99838
CVE-2022-3563,0.00409,0.33001
CVE-2022-3564,0.0129,0.66879
CVE-2022-3565,0.00321,0.24063
CVE-2022-3566,0.00344,0.26484
CVE-2022-3567,0.00301,0.21956
CVE-2022-3568,0.00626,0.45834
CVE-2022-3569,0.00695,0.48714
CVE-2022-3570,0.00485,0.3848
CVE-2022-3572,0.01074,0.61036
CVE-2022-3573,0.00585,0.43919
CVE-2022-3574,0.01318,0.67488
CVE-2022-3575,0.0071,0.49264
CVE-2022-3576,0.00885,0.55028
CVE-2022-3577,0.00242,0.15251
CVE-2022-3578,0.00946,0.57002
CVE-2022-3579,0.00649,0.46823
CVE-2022-3580,0.00335,0.25589
CVE-2022-3581,0.00335,0.25588
CVE-2022-3582,0.00253,0.16672
CVE-2022-3583,0.00656,0.4714
CVE-2022-3584,0.00651,0.46942
CVE-2022-3585,0.00274,0.19275
CVE-2022-3586,0.0045,0.3621
CVE-2022-3587,0.00459,0.36837
CVE-2022-3589,0.00692,0.48613
CVE-2022-3590,0.0315,0.86444
CVE-2022-3591,0.00373,0.29455
CVE-2022-3592,0.02431,0.82349
CVE-2022-3594,0.02211,0.80546
CVE-2022-3595,0.00274,0.19239
CVE-2022-3596,0.01107,0.62023
CVE-2022-3597,0.00949,0.57083
CVE-2022-3598,0.00938,0.5673
CVE-2022-3599,0.00949,0.57083
CVE-2022-3600,0.01218,0.65079
CVE-2022-3601,0.0047,0.37475
CVE-2022-3602,0.9077,0.99793
CVE-2022-3603,0.01069,0.6092
CVE-2022-3604,0.00428,0.34572
CVE-2022-3605,0.0041,0.331
CVE-2022-3606,0.00315,0.23401
CVE-2022-3607,0.00405,0.32674
CVE-2022-3608,0.00918,0.56064
CVE-2022-3609,0.00392,0.31322
CVE-2022-3610,0.00501,0.39367
CVE-2022-3611,0.00406,0.32698
CVE-2022-3613,0.00974,0.57954
CVE-2022-3614,0.00391,0.31212
CVE-2022-3616,0.00404,0.32577
CVE-2022-3618,0.0047,0.37473
CVE-2022-3619,0.00567,0.43117
CVE-2022-3620,0.00734,0.50126
CVE-2022-3621,0.01218,0.65092
CVE-2022-3622,0.00595,0.44348
CVE-2022-3623,0.00748,0.50613
CVE-2022-3624,0.00248,0.16041
CVE-2022-3625,0.00316,0.23594
CVE-2022-3626,0.00938,0.5673
CVE-2022-3627,0.01016,0.5927
CVE-2022-3628,0.00503,0.39521
CVE-2022-3629,0.00326,0.24645
CVE-2022-3630,0.00246,0.1574
CVE-2022-3631,0.00501,0.39368
CVE-2022-3632,0.0034,0.2614
CVE-2022-3633,0.00299,0.21756
CVE-2022-3634,0.03617,0.88168
CVE-2022-3635,0.00405,0.32648
CVE-2022-3636,0.00325,0.2449
CVE-2022-3637,0.00257,0.17135
CVE-2022-3639,0.00841,0.53623
CVE-2022-3640,0.01067,0.6086
CVE-2022-3641,0.00555,0.4243
CVE-2022-3643,0.00463,0.3712
CVE-2022-3644,0.00276,0.19523
CVE-2022-3646,0.00812,0.52728
CVE-2022-3647,0.00573,0.43386
CVE-2022-3649,0.00758,0.50916
CVE-2022-3650,0.00327,0.24687
CVE-2022-3652,0.00597,0.44483
CVE-2022-3653,0.00586,0.43959
CVE-2022-3654,0.23798,0.97559
CVE-2022-3655,0.00383,0.30433
CVE-2022-3656,0.01659,0.73922
CVE-2022-3657,0.00347,0.26833
CVE-2022-3658,0.00399,0.3211
CVE-2022-3659,0.00464,0.37131
CVE-2022-3660,0.00457,0.36719
CVE-2022-3661,0.00421,0.34111
CVE-2022-3662,0.00628,0.45908
CVE-2022-3663,0.00653,0.47019
CVE-2022-3664,0.00678,0.48036
CVE-2022-3665,0.00678,0.48035
CVE-2022-3666,0.00628,0.45908
CVE-2022-3667,0.01084,0.61326
CVE-2022-3668,0.00653,0.47019
CVE-2022-3669,0.0066,0.4731
CVE-2022-3670,0.00685,0.48336
CVE-2022-3671,0.00973,0.57914
CVE-2022-3672,0.00328,0.24811
CVE-2022-3673,0.00328,0.24811
CVE-2022-3674,0.00511,0.40036
CVE-2022-3675,0.00172,0.0678
CVE-2022-3676,0.00589,0.44089
CVE-2022-3677,0.00356,0.27782
CVE-2022-3679,0.00922,0.56179
CVE-2022-3681,0.0024,0.15041
CVE-2022-3682,0.00781,0.51694
CVE-2022-3683,0.00484,0.38409
CVE-2022-3684,0.00616,0.45375
CVE-2022-3685,0.00345,0.26643
CVE-2022-3686,0.01442,0.70159
CVE-2022-3688,0.00477,0.37949
CVE-2022-3689,0.01786,0.7576
CVE-2022-3690,0.00622,0.45695
CVE-2022-3691,0.00858,0.54214
CVE-2022-3693,0.00697,0.48756
CVE-2022-3694,0.00826,0.53174
CVE-2022-3695,0.00353,0.27478
CVE-2022-3696,0.01102,0.61876
CVE-2022-3697,0.00712,0.49331
CVE-2022-3698,0.00205,0.10563
CVE-2022-3699,0.04284,0.89973
CVE-2022-3700,0.00105,0.01268
CVE-2022-3701,0.0012,0.02173
CVE-2022-3702,0.00119,0.0211
CVE-2022-3703,0.00289,0.20812
CVE-2022-3704,0.0068,0.48142
CVE-2022-3705,0.01196,0.64483
CVE-2022-3706,0.00508,0.39851
CVE-2022-3707,0.00224,0.12988
CVE-2022-3708,0.00694,0.48682
CVE-2022-3709,0.00803,0.52415
CVE-2022-3710,0.00698,0.48789
CVE-2022-3711,0.00698,0.488
CVE-2022-3713,0.00682,0.4821
CVE-2022-3714,0.00381,0.30185
CVE-2022-3715,0.00356,0.27793
CVE-2022-3716,0.00328,0.24798
CVE-2022-3720,0.00962,0.57486
CVE-2022-3721,0.00754,0.50772
CVE-2022-3723,0.0675,0.93199
CVE-2022-3724,0.02345,0.81689
CVE-2022-3725,0.008,0.52309
CVE-2022-3726,0.00774,0.51487
CVE-2022-3728,0.00257,0.17153
CVE-2022-3729,0.00437,0.3526
CVE-2022-3730,0.00439,0.35391
CVE-2022-3731,0.00439,0.35391
CVE-2022-3732,0.00437,0.35261
CVE-2022-3733,0.00533,0.41273
CVE-2022-3734,0.00589,0.44108
CVE-2022-3735,0.00454,0.36484
CVE-2022-3736,0.5017,0.98776
CVE-2022-3737,0.00204,0.10466
CVE-2022-3738,0.00625,0.45796
CVE-2022-3739,0.00677,0.48008
CVE-2022-3740,0.0089,0.55194
CVE-2022-3741,0.00882,0.54956
CVE-2022-3742,0.00189,0.08672
CVE-2022-3743,0.00175,0.07205
CVE-2022-3744,0.00168,0.06442
CVE-2022-3745,0.00175,0.07205
CVE-2022-3746,0.0017,0.06601
CVE-2022-3747,0.00781,0.51711
CVE-2022-3748,0.00909,0.55794
CVE-2022-3750,0.00355,0.27622
CVE-2022-3751,0.00903,0.55567
CVE-2022-3752,0.01221,0.65181
CVE-2022-3753,0.00501,0.39367
CVE-2022-3754,0.01139,0.62874
CVE-2022-3758,0.00577,0.43558
CVE-2022-3759,0.01216,0.65044
CVE-2022-3760,0.00626,0.45826
CVE-2022-3761,0.00834,0.53429
CVE-2022-3762,0.00914,0.55956
CVE-2022-3763,0.00371,0.29257
CVE-2022-3764,0.00981,0.58157
CVE-2022-3765,0.00528,0.41002
CVE-2022-3766,0.05743,0.92185
CVE-2022-3767,0.00746,0.50522
CVE-2022-3768,0.03663,0.88344
CVE-2022-3769,0.01053,0.60409
CVE-2022-3770,0.00541,0.41707
CVE-2022-3771,0.00451,0.36302
CVE-2022-3774,0.01134,0.62747
CVE-2022-3775,0.00872,0.54645
CVE-2022-3776,0.00482,0.3826
CVE-2022-3780,0.0053,0.41113
CVE-2022-3781,0.00434,0.35058
CVE-2022-3782,0.05796,0.9225
CVE-2022-3783,0.00598,0.44538
CVE-2022-3784,0.00557,0.42557
CVE-2022-3785,0.00634,0.46192
CVE-2022-3786,0.92488,0.99813
CVE-2022-3787,0.00216,0.12022
CVE-2022-3789,0.00646,0.46726
CVE-2022-3792,0.14187,0.96158
CVE-2022-3793,0.00537,0.41471
CVE-2022-3794,0.00644,0.46627
CVE-2022-3797,0.00428,0.34599
CVE-2022-3798,0.00506,0.39697
CVE-2022-3799,0.0056,0.42737
CVE-2022-3800,0.02241,0.80807
CVE-2022-3801,0.30082,0.98
CVE-2022-3802,0.00506,0.39697
CVE-2022-3803,0.00552,0.42299
CVE-2022-3804,0.00584,0.43874
CVE-2022-3805,0.01594,0.72874
CVE-2022-3806,0.01006,0.58951
CVE-2022-3807,0.01021,0.59403
CVE-2022-3809,0.00789,0.51991
CVE-2022-3810,0.00798,0.52261
CVE-2022-3811,0.0047,0.37477
CVE-2022-3812,0.00771,0.51383
CVE-2022-3813,0.00731,0.50026
CVE-2022-3814,0.00771,0.51382
CVE-2022-3815,0.00771,0.51383
CVE-2022-3816,0.00771,0.51382
CVE-2022-3817,0.00771,0.51382
CVE-2022-3818,0.0067,0.47706
CVE-2022-3819,0.00426,0.34461
CVE-2022-3820,0.00725,0.49788
CVE-2022-3821,0.00412,0.33237
CVE-2022-3822,0.00532,0.4122
CVE-2022-3823,0.00459,0.36814
CVE-2022-3824,0.00533,0.41271
CVE-2022-3825,0.00536,0.41428
CVE-2022-3826,0.00591,0.44182
CVE-2022-3827,0.00765,0.51181
CVE-2022-3828,0.00495,0.39033
CVE-2022-3829,0.00524,0.40773
CVE-2022-3830,0.0047,0.37475
CVE-2022-3831,0.00532,0.41218
CVE-2022-3832,0.0047,0.37476
CVE-2022-3833,0.00501,0.39368
CVE-2022-3834,0.00501,0.39367
CVE-2022-3835,0.00532,0.41217
CVE-2022-3836,0.00497,0.3918
CVE-2022-3837,0.0047,0.37479
CVE-2022-3838,0.0047,0.37474
CVE-2022-3839,0.00519,0.4046
CVE-2022-3840,0.00532,0.41222
CVE-2022-3841,0.0023,0.13754
CVE-2022-3842,0.18325,0.96889
CVE-2022-3843,0.00888,0.55129
CVE-2022-3844,0.00591,0.44198
CVE-2022-3845,0.00525,0.40834
CVE-2022-3846,0.00783,0.51755
CVE-2022-3847,0.00268,0.18543
CVE-2022-3848,0.01053,0.60408
CVE-2022-3849,0.01053,0.60409
CVE-2022-3850,0.00267,0.18407
CVE-2022-3852,0.00454,0.36515
CVE-2022-3853,0.00209,0.11149
CVE-2022-3854,0.00564,0.42959
CVE-2022-3855,0.00532,0.41217
CVE-2022-3856,0.00964,0.57564
CVE-2022-3858,0.00992,0.5848
CVE-2022-3859,0.00202,0.10289
CVE-2022-3860,0.00907,0.55734
CVE-2022-3861,0.01984,0.7825
CVE-2022-3862,0.0047,0.37476
CVE-2022-3863,0.00426,0.34475
CVE-2022-3864,0.00353,0.27411
CVE-2022-3865,0.01053,0.60409
CVE-2022-3866,0.00508,0.39834
CVE-2022-3867,0.00462,0.36998
CVE-2022-3868,0.00458,0.36742
CVE-2022-3869,0.01265,0.66328
CVE-2022-3870,0.007,0.48877
CVE-2022-3872,0.00802,0.52383
CVE-2022-3873,0.00624,0.45768
CVE-2022-3874,0.02172,0.80193
CVE-2022-3875,0.00968,0.57713
CVE-2022-3876,0.00844,0.53714
CVE-2022-3877,0.00636,0.46253
CVE-2022-3878,0.00654,0.47045
CVE-2022-3879,0.00336,0.25646
CVE-2022-3880,0.0034,0.26048
CVE-2022-3881,0.00438,0.35381
CVE-2022-3882,0.00327,0.24667
CVE-2022-3883,0.00327,0.24667
CVE-2022-3884,0.00154,0.05009
CVE-2022-3885,0.00664,0.47467
CVE-2022-3886,0.00612,0.45178
CVE-2022-3887,0.00635,0.46211
CVE-2022-3888,0.006,0.44622
CVE-2022-3889,0.00617,0.4544
CVE-2022-3890,0.00706,0.49098
CVE-2022-3891,0.00694,0.48684
CVE-2022-3892,0.00485,0.38472
CVE-2022-3893,0.00261,0.17587
CVE-2022-3894,0.00252,0.16432
CVE-2022-3895,0.00271,0.18789
CVE-2022-3896,0.0058,0.43674
CVE-2022-3897,0.00516,0.40311
CVE-2022-3898,0.0042,0.33966
CVE-2022-3899,0.00404,0.3256
CVE-2022-3900,0.18966,0.96972
CVE-2022-3901,0.00391,0.31226
CVE-2022-3902,0.00719,0.49605
CVE-2022-3903,0.0046,0.36902
CVE-2022-3904,0.01217,0.6506
CVE-2022-3906,0.00392,0.31333
CVE-2022-3907,0.00881,0.54937
CVE-2022-3908,0.00897,0.55388
CVE-2022-3909,0.00532,0.41219
CVE-2022-3910,0.01014,0.5922
CVE-2022-3911,0.00462,0.37019
CVE-2022-3912,0.00743,0.50412
CVE-2022-3913,0.00295,0.21379
CVE-2022-3915,0.01059,0.60568
CVE-2022-3916,0.00952,0.57207
CVE-2022-3917,0.00173,0.0693
CVE-2022-3918,0.00779,0.51629
CVE-2022-3919,0.0047,0.37477
CVE-2022-3920,0.0066,0.47308
CVE-2022-3921,0.21205,0.97298
CVE-2022-3922,0.00506,0.39702
CVE-2022-3923,0.00483,0.38337
CVE-2022-3924,0.15989,0.96526
CVE-2022-3925,0.00964,0.57564
CVE-2022-3926,0.00326,0.24594
CVE-2022-3927,0.00569,0.43206
CVE-2022-3928,0.00211,0.11346
CVE-2022-3929,0.00389,0.31034
CVE-2022-3930,0.00606,0.44865
CVE-2022-3933,0.00869,0.5455
CVE-2022-3934,0.00869,0.5455
CVE-2022-3935,0.00468,0.37373
CVE-2022-3936,0.00532,0.41217
CVE-2022-3937,0.00507,0.39788
CVE-2022-3939,0.00558,0.42634
CVE-2022-3940,0.00641,0.46464
CVE-2022-3941,0.00685,0.48361
CVE-2022-3942,0.00695,0.48716
CVE-2022-3943,0.00344,0.26519
CVE-2022-3944,0.00458,0.36787
CVE-2022-3945,0.009,0.55485
CVE-2022-3946,0.00329,0.24899
CVE-2022-3947,0.00742,0.50394
CVE-2022-3948,0.00713,0.49352
CVE-2022-3949,0.00488,0.38672
CVE-2022-3950,0.004,0.32193
CVE-2022-3952,0.00568,0.43127
CVE-2022-3955,0.00661,0.47347
CVE-2022-3956,0.00656,0.47115
CVE-2022-3957,0.00937,0.56703
CVE-2022-3958,0.00255,0.16877
CVE-2022-3959,0.00975,0.57982
CVE-2022-3960,0.00453,0.36438
CVE-2022-3961,0.00699,0.48842
CVE-2022-3962,0.00711,0.4929
CVE-2022-3963,0.00385,0.30619
CVE-2022-3964,0.0347,0.87706
CVE-2022-3965,0.00878,0.54841
CVE-2022-3966,0.007,0.48901
CVE-2022-3967,0.00221,0.1263
CVE-2022-3968,0.00377,0.29823
CVE-2022-3969,0.00526,0.40902
CVE-2022-3970,0.01237,0.65588
CVE-2022-3971,0.00509,0.39878
CVE-2022-3972,0.00565,0.42992
CVE-2022-3973,0.00565,0.42992
CVE-2022-3974,0.00714,0.49396
CVE-2022-3975,0.00502,0.3945
CVE-2022-3976,0.00462,0.36995
CVE-2022-3977,0.0025,0.16265
CVE-2022-3978,0.00341,0.26193
CVE-2022-3979,0.01007,0.58975
CVE-2022-3980,0.08087,0.9415
CVE-2022-3981,0.00742,0.50388
CVE-2022-3982,0.04493,0.90386
CVE-2022-3983,0.00471,0.37565
CVE-2022-3984,0.00471,0.37553
CVE-2022-3985,0.00471,0.37555
CVE-2022-3986,0.00471,0.37559
CVE-2022-3987,0.00471,0.37552
CVE-2022-3988,0.00585,0.43932
CVE-2022-3989,0.01048,0.6024
CVE-2022-3990,0.00172,0.06781
CVE-2022-3991,0.00627,0.45884
CVE-2022-3992,0.00468,0.3736
CVE-2022-3993,0.01051,0.60346
CVE-2022-3994,0.00771,0.51361
CVE-2022-3995,0.00556,0.42477
CVE-2022-3996,0.0123,0.65431
CVE-2022-3997,0.00356,0.27763
CVE-2022-3998,0.00496,0.39113
CVE-2022-3999,0.00424,0.34284
CVE-2022-40000,0.00506,0.39719
CVE-2022-40001,0.00506,0.39718
CVE-2022-40002,0.00506,0.39718
CVE-2022-40004,0.00874,0.54731
CVE-2022-40005,0.34785,0.98239
CVE-2022-40008,0.00988,0.58383
CVE-2022-40009,0.01012,0.59132
CVE-2022-40010,0.00479,0.3809
CVE-2022-40011,0.00434,0.35077
CVE-2022-40016,0.00772,0.51424
CVE-2022-40021,0.01381,0.68948
CVE-2022-40022,0.92472,0.99813
CVE-2022-40023,0.01718,0.74801
CVE-2022-40026,0.00734,0.50139
CVE-2022-40027,0.00534,0.4135
CVE-2022-40028,0.00449,0.36171
CVE-2022-40029,0.00449,0.36171
CVE-2022-40030,0.01068,0.60891
CVE-2022-40032,0.20693,0.9724
CVE-2022-40034,0.00385,0.30609
CVE-2022-40035,0.01218,0.65087
CVE-2022-40036,0.00737,0.50224
CVE-2022-40037,0.01774,0.75596
CVE-2022-40043,0.01115,0.62243
CVE-2022-40044,0.00607,0.44925
CVE-2022-40047,0.01132,0.62698
CVE-2022-40048,0.01326,0.67659
CVE-2022-40049,0.0098,0.58118
CVE-2022-40050,0.0086,0.54273
CVE-2022-40055,0.00621,0.45625
CVE-2022-40067,0.00857,0.54188
CVE-2022-40068,0.00857,0.54188
CVE-2022-40069,0.00857,0.54188
CVE-2022-40070,0.00857,0.54189
CVE-2022-40071,0.00857,0.5419
CVE-2022-40072,0.00857,0.5419
CVE-2022-40073,0.00857,0.5419
CVE-2022-40074,0.00857,0.54188
CVE-2022-40075,0.00857,0.54189
CVE-2022-40076,0.00857,0.54189
CVE-2022-40080,0.00365,0.28618
CVE-2022-40082,0.00876,0.54786
CVE-2022-40083,0.02333,0.81582
CVE-2022-40084,0.00634,0.46186
CVE-2022-40087,0.0138,0.68932
CVE-2022-40088,0.00617,0.45416
CVE-2022-40089,0.01984,0.7826
CVE-2022-40090,0.00805,0.52517
CVE-2022-40091,0.00863,0.54378
CVE-2022-40092,0.00863,0.54378
CVE-2022-40093,0.00863,0.54379
CVE-2022-40097,0.0083,0.53283
CVE-2022-40098,0.0083,0.53283
CVE-2022-40099,0.00812,0.52732
CVE-2022-40100,0.01513,0.71538
CVE-2022-40101,0.00756,0.50851
CVE-2022-40102,0.00746,0.50532
CVE-2022-40103,0.00239,0.14967
CVE-2022-40104,0.00746,0.50532
CVE-2022-40105,0.00756,0.50851
CVE-2022-40106,0.00756,0.50851
CVE-2022-40107,0.00959,0.57373
CVE-2022-40109,0.00755,0.50827
CVE-2022-40110,0.0073,0.49996
CVE-2022-40111,0.00771,0.51385
CVE-2022-40112,0.0073,0.49996
CVE-2022-40113,0.00819,0.52962
CVE-2022-40114,0.00819,0.5296
CVE-2022-40115,0.00819,0.52962
CVE-2022-40116,0.00819,0.52962
CVE-2022-40117,0.00819,0.52963
CVE-2022-40118,0.00819,0.52961
CVE-2022-40119,0.00819,0.52962
CVE-2022-40120,0.00819,0.52963
CVE-2022-40121,0.00819,0.52961
CVE-2022-40122,0.00819,0.52961
CVE-2022-40123,0.00995,0.58579
CVE-2022-40126,0.00318,0.23715
CVE-2022-40127,0.85653,0.99698
CVE-2022-40128,0.00313,0.23303
CVE-2022-40129,0.0098,0.5812
CVE-2022-40130,0.00382,0.30302
CVE-2022-40131,0.00243,0.15381
CVE-2022-40132,0.0031,0.22897
CVE-2022-40133,0.00504,0.39614
CVE-2022-40134,0.00196,0.09459
CVE-2022-40135,0.00196,0.0946
CVE-2022-40136,0.00196,0.0946
CVE-2022-40137,0.00227,0.13357
CVE-2022-40138,0.00891,0.55228
CVE-2022-40139,0.03054,0.86046
CVE-2022-40140,0.00431,0.3479
CVE-2022-40141,0.01135,0.62784
CVE-2022-40142,0.0034,0.2606
CVE-2022-40143,0.00444,0.35785
CVE-2022-40144,0.0218,0.80265
CVE-2022-40145,0.02404,0.82128
CVE-2022-40146,0.05791,0.92236
CVE-2022-40147,0.00335,0.25582
CVE-2022-40149,0.01287,0.66832
CVE-2022-40150,0.01256,0.66093
CVE-2022-40151,0.01022,0.59413
CVE-2022-40152,0.19653,0.97081
CVE-2022-40159,0.01188,0.64265
CVE-2022-40160,0.01188,0.64265
CVE-2022-40176,0.01146,0.6306
CVE-2022-40177,0.0081,0.52655
CVE-2022-40178,0.00486,0.38551
CVE-2022-40179,0.00305,0.22382
CVE-2022-40180,0.00247,0.15868
CVE-2022-40181,0.00845,0.53769
CVE-2022-40182,0.00857,0.54201
CVE-2022-40183,0.00306,0.22475
CVE-2022-40184,0.00297,0.21612
CVE-2022-40186,0.00781,0.51707
CVE-2022-40187,0.00757,0.50871
CVE-2022-40188,0.01521,0.71654
CVE-2022-40189,0.03944,0.89203
CVE-2022-40190,0.00687,0.48422
CVE-2022-40191,0.00455,0.36591
CVE-2022-40192,0.00436,0.35193
CVE-2022-40193,0.00473,0.37717
CVE-2022-40194,0.00724,0.49749
CVE-2022-40195,0.00457,0.36695
CVE-2022-40196,0.00184,0.08156
CVE-2022-40198,0.00218,0.12223
CVE-2022-40199,0.01056,0.60493
CVE-2022-40200,0.00868,0.54521
CVE-2022-40201,0.00332,0.25276
CVE-2022-40202,0.01242,0.65704
CVE-2022-40203,0.00405,0.32647
CVE-2022-40204,0.00341,0.26185
CVE-2022-40205,0.00485,0.3844
CVE-2022-40206,0.00455,0.36579
CVE-2022-40207,0.00217,0.121
CVE-2022-40208,0.00563,0.42899
CVE-2022-40209,0.00406,0.32718
CVE-2022-40210,0.00198,0.09722
CVE-2022-40211,0.00423,0.34208
CVE-2022-40213,0.00425,0.3439
CVE-2022-40215,0.00422,0.34128
CVE-2022-40216,0.00447,0.36045
CVE-2022-40217,0.00845,0.53728
CVE-2022-40218,0.00486,0.38566
CVE-2022-40219,0.00255,0.16829
CVE-2022-40220,0.04054,0.89469
CVE-2022-40222,0.043,0.90004
CVE-2022-40223,0.00443,0.35702
CVE-2022-40224,0.64686,0.9915
CVE-2022-40225,0.00622,0.45662
CVE-2022-40226,0.00638,0.46356
CVE-2022-40227,0.00769,0.51311
CVE-2022-40228,0.00315,0.23486
CVE-2022-40230,0.00418,0.33767
CVE-2022-40231,0.00558,0.42634
CVE-2022-40232,0.00455,0.36564
CVE-2022-40233,0.00185,0.08308
CVE-2022-40234,0.00498,0.3927
CVE-2022-40235,0.00605,0.44853
CVE-2022-40237,0.00655,0.47106
CVE-2022-40238,0.01158,0.63378
CVE-2022-40242,0.00655,0.47085
CVE-2022-40246,0.00463,0.3711
CVE-2022-40248,0.00365,0.28676
CVE-2022-40250,0.00448,0.36087
CVE-2022-40257,0.0035,0.27107
CVE-2022-40258,0.00408,0.3294
CVE-2022-40259,0.00647,0.46775
CVE-2022-40261,0.0033,0.2506
CVE-2022-40262,0.00311,0.23001
CVE-2022-40263,0.00161,0.05695
CVE-2022-40264,0.00299,0.21725
CVE-2022-40265,0.00935,0.56635
CVE-2022-40266,0.00822,0.53058
CVE-2022-40267,0.01182,0.64128
CVE-2022-40268,0.0046,0.36885
CVE-2022-40269,0.00683,0.48241
CVE-2022-40274,0.00434,0.35055
CVE-2022-40276,0.00365,0.2868
CVE-2022-40277,0.00499,0.39298
CVE-2022-40278,0.01317,0.6745
CVE-2022-40279,0.01168,0.63692
CVE-2022-40280,0.00988,0.58401
CVE-2022-40281,0.0053,0.41057
CVE-2022-40282,0.03966,0.89264
CVE-2022-40284,0.00347,0.2687
CVE-2022-40287,0.00621,0.45606
CVE-2022-40288,0.00621,0.45606
CVE-2022-40289,0.00598,0.44536
CVE-2022-40290,0.00375,0.29617
CVE-2022-40291,0.00289,0.20835
CVE-2022-40292,0.00499,0.39297
CVE-2022-40293,0.00621,0.45623
CVE-2022-40294,0.00748,0.50612
CVE-2022-40295,0.00368,0.28907
CVE-2022-40296,0.00621,0.45625
CVE-2022-40297,0.00454,0.36467
CVE-2022-40298,0.00587,0.44008
CVE-2022-40299,0.00313,0.23258
CVE-2022-40300,0.99268,0.99932
CVE-2022-40302,0.01983,0.78242
CVE-2022-40303,0.22791,0.97462
CVE-2022-40304,0.06782,0.93224
CVE-2022-40305,0.01233,0.6551
CVE-2022-40306,0.01011,0.59114
CVE-2022-40307,0.00199,0.09888
CVE-2022-40308,0.01192,0.64361
CVE-2022-40309,0.01355,0.68381
CVE-2022-40310,0.00373,0.29462
CVE-2022-40311,0.00412,0.33206
CVE-2022-40312,0.00432,0.34891
CVE-2022-40313,0.0054,0.41652
CVE-2022-40314,0.0159,0.72814
CVE-2022-40315,0.00852,0.53996
CVE-2022-40316,0.00549,0.42146
CVE-2022-40317,0.00886,0.55063
CVE-2022-40318,0.01983,0.78242
CVE-2022-40319,0.07195,0.93579
CVE-2022-40320,0.0112,0.62375
CVE-2022-40322,0.00377,0.29785
CVE-2022-40323,0.00377,0.29786
CVE-2022-40324,0.00377,0.29786
CVE-2022-40325,0.00377,0.29786
CVE-2022-40337,0.01159,0.63405
CVE-2022-40341,0.01108,0.62041
CVE-2022-40347,0.05348,0.91693
CVE-2022-40348,0.00799,0.52297
CVE-2022-40352,0.00734,0.5014
CVE-2022-40353,0.0083,0.53284
CVE-2022-40354,0.0083,0.53284
CVE-2022-40357,0.01208,0.64794
CVE-2022-40358,0.00535,0.41391
CVE-2022-40359,0.01346,0.68158
CVE-2022-40361,0.00385,0.30643
CVE-2022-40363,0.0035,0.27148
CVE-2022-40365,0.00484,0.38411
CVE-2022-40373,0.00506,0.39718
CVE-2022-40402,0.00834,0.53434
CVE-2022-40403,0.0083,0.53283
CVE-2022-40404,0.00834,0.53434
CVE-2022-40405,0.00616,0.45358
CVE-2022-40407,0.01256,0.66091
CVE-2022-40408,0.00428,0.34563
CVE-2022-40424,0.01033,0.59764
CVE-2022-40425,0.01033,0.59766
CVE-2022-40426,0.01033,0.59765
CVE-2022-40427,0.01033,0.59766
CVE-2022-40428,0.01033,0.59763
CVE-2022-40429,0.01033,0.59766
CVE-2022-40430,0.01033,0.59766
CVE-2022-40431,0.01033,0.59767
CVE-2022-40432,0.01238,0.65606
CVE-2022-40434,0.01089,0.61454
CVE-2022-40435,0.00436,0.35242
CVE-2022-40438,0.00592,0.44242
CVE-2022-40439,0.00592,0.44248
CVE-2022-40440,0.00573,0.43372
CVE-2022-40443,0.02056,0.79062
CVE-2022-40444,0.00852,0.53961
CVE-2022-40446,0.00747,0.5057
CVE-2022-40447,0.00857,0.54174
CVE-2022-40468,0.01413,0.69596
CVE-2022-40469,0.02179,0.80262
CVE-2022-40470,0.00632,0.46086
CVE-2022-40471,0.19373,0.97033
CVE-2022-40472,0.00923,0.56233
CVE-2022-40475,0.03467,0.87697
CVE-2022-40476,0.00297,0.2151
CVE-2022-40480,0.00303,0.22152
CVE-2022-40482,0.00881,0.54919
CVE-2022-40483,0.01004,0.58903
CVE-2022-40484,0.01025,0.59556
CVE-2022-40485,0.01004,0.58903
CVE-2022-40486,0.01557,0.72312
CVE-2022-40487,0.00395,0.31667
CVE-2022-40488,0.00265,0.1799
CVE-2022-40489,0.00343,0.26409
CVE-2022-40490,0.00386,0.30731
CVE-2022-40494,0.0156,0.72354
CVE-2022-40497,0.0128,0.66661
CVE-2022-40502,0.00424,0.3432
CVE-2022-40503,0.00406,0.32726
CVE-2022-40504,0.00383,0.30395
CVE-2022-40505,0.00354,0.27535
CVE-2022-40507,0.01305,0.67207
CVE-2022-40508,0.00383,0.30394
CVE-2022-40510,0.00362,0.28349
CVE-2022-40512,0.00424,0.3432
CVE-2022-40513,0.00406,0.32757
CVE-2022-40514,0.00475,0.3784
CVE-2022-40515,0.00326,0.24646
CVE-2022-40516,0.00917,0.56063
CVE-2022-40517,0.00139,0.03659
CVE-2022-40518,0.00113,0.01688
CVE-2022-40519,0.00113,0.01687
CVE-2022-40520,0.00734,0.50141
CVE-2022-40521,0.00354,0.27569
CVE-2022-40522,0.00116,0.01877
CVE-2022-40523,0.00113,0.01687
CVE-2022-40524,0.00109,0.01482
CVE-2022-40525,0.00113,0.01688
CVE-2022-40527,0.00406,0.32757
CVE-2022-40529,0.00095,0.00801
CVE-2022-40530,0.00125,0.0257
CVE-2022-40531,0.00123,0.02455
CVE-2022-40532,0.00116,0.01876
CVE-2022-40533,0.00105,0.01252
CVE-2022-40534,0.00111,0.01583
CVE-2022-40535,0.00406,0.32759
CVE-2022-40536,0.00399,0.32059
CVE-2022-40537,0.00364,0.28585
CVE-2022-40538,0.00383,0.30396
CVE-2022-40539,0.00132,0.03156
CVE-2022-40540,0.00166,0.06179
CVE-2022-40602,0.01017,0.59281
CVE-2022-40603,0.00359,0.28047
CVE-2022-40604,0.01573,0.72557
CVE-2022-40605,0.00417,0.33696
CVE-2022-40606,0.00417,0.33696
CVE-2022-40607,0.00924,0.56252
CVE-2022-40608,0.01633,0.73516
CVE-2022-40609,0.01827,0.76332
CVE-2022-40615,0.00688,0.48469
CVE-2022-40616,0.00479,0.38061
CVE-2022-40617,0.01634,0.73543
CVE-2022-40619,0.02233,0.80728
CVE-2022-40620,0.00274,0.19258
CVE-2022-40621,0.0072,0.49632
CVE-2022-40622,0.007,0.48897
CVE-2022-40623,0.00568,0.43144
CVE-2022-40624,0.17107,0.96722
CVE-2022-40626,0.00666,0.47553
CVE-2022-40628,0.01863,0.76818
CVE-2022-40629,0.01296,0.66998
CVE-2022-40630,0.00883,0.54988
CVE-2022-40631,0.0042,0.33958
CVE-2022-40632,0.00254,0.16716
CVE-2022-40633,0.00261,0.17567
CVE-2022-40634,0.0127,0.66435
CVE-2022-40635,0.01294,0.66973
CVE-2022-40636,0.00432,0.34902
CVE-2022-40637,0.00486,0.38566
CVE-2022-40638,0.00551,0.42222
CVE-2022-40639,0.00551,0.42222
CVE-2022-40640,0.00519,0.40516
CVE-2022-40641,0.00519,0.40517
CVE-2022-40642,0.00551,0.42221
CVE-2022-40643,0.00551,0.42222
CVE-2022-40644,0.00519,0.40516
CVE-2022-40645,0.00551,0.42221
CVE-2022-40646,0.00551,0.42221
CVE-2022-40647,0.00519,0.40516
CVE-2022-40648,0.00783,0.5177
CVE-2022-40649,0.00551,0.42221
CVE-2022-40650,0.00551,0.4225
CVE-2022-40651,0.00723,0.49718
CVE-2022-40652,0.00519,0.40515
CVE-2022-40653,0.00519,0.40517
CVE-2022-40654,0.00519,0.40516
CVE-2022-40655,0.00981,0.5816
CVE-2022-40656,0.0106,0.60621
CVE-2022-40657,0.01147,0.6307
CVE-2022-40658,0.00721,0.49646
CVE-2022-40659,0.01147,0.63071
CVE-2022-40660,0.01082,0.61261
CVE-2022-40661,0.00831,0.53348
CVE-2022-40662,0.00909,0.55811
CVE-2022-40663,0.00626,0.45839
CVE-2022-40664,0.0221,0.80537
CVE-2022-40671,0.00269,0.18559
CVE-2022-40672,0.00457,0.36695
CVE-2022-40673,0.00355,0.27675
CVE-2022-40674,0.01673,0.74135
CVE-2022-40675,0.00385,0.30622
CVE-2022-40676,0.00514,0.40219
CVE-2022-40677,0.00772,0.51392
CVE-2022-40678,0.00142,0.0393
CVE-2022-40679,0.0024,0.14972
CVE-2022-40680,0.0038,0.30102
CVE-2022-40681,0.0021,0.11254
CVE-2022-40682,0.00165,0.06064
CVE-2022-40683,0.00201,0.10063
CVE-2022-40684,0.99984,0.99982
CVE-2022-40685,0.00526,0.40898
CVE-2022-40686,0.00264,0.17852
CVE-2022-40687,0.00707,0.49116
CVE-2022-40690,0.00692,0.486
CVE-2022-40691,0.01458,0.7049
CVE-2022-40692,0.00264,0.17849
CVE-2022-40693,0.00646,0.46715
CVE-2022-40694,0.00392,0.3132
CVE-2022-40695,0.00276,0.1947
CVE-2022-40696,0.0052,0.40564
CVE-2022-40697,0.00392,0.31326
CVE-2022-40698,0.00419,0.33896
CVE-2022-40699,0.00384,0.30479
CVE-2022-40700,0.00999,0.58702
CVE-2022-40701,0.02574,0.83374
CVE-2022-40702,0.00379,0.2999
CVE-2022-40703,0.00313,0.23267
CVE-2022-40704,0.00606,0.44886
CVE-2022-40705,0.01414,0.69618
CVE-2022-40707,0.00167,0.06259
CVE-2022-40708,0.00167,0.0626
CVE-2022-40709,0.00417,0.33671
CVE-2022-40710,0.00209,0.11067
CVE-2022-40711,0.00457,0.36689
CVE-2022-40712,0.00431,0.34764
CVE-2022-40713,0.01044,0.6011
CVE-2022-40714,0.00431,0.34764
CVE-2022-40715,0.01044,0.60109
CVE-2022-40716,0.00849,0.53884
CVE-2022-40717,0.00623,0.45718
CVE-2022-40718,0.00623,0.45717
CVE-2022-40719,0.0087,0.54588
CVE-2022-40720,0.00968,0.57717
CVE-2022-40721,0.01118,0.62345
CVE-2022-40722,0.00328,0.24813
CVE-2022-40723,0.00517,0.40387
CVE-2022-40724,0.00181,0.0781
CVE-2022-40725,0.00187,0.08427
CVE-2022-40732,0.00755,0.5081
CVE-2022-40733,0.00816,0.52846
CVE-2022-40734,0.04056,0.89474
CVE-2022-40735,0.02301,0.81309
CVE-2022-40736,0.00592,0.44249
CVE-2022-40737,0.00592,0.44247
CVE-2022-40738,0.00592,0.44249
CVE-2022-40739,0.00429,0.34662
CVE-2022-40740,0.01465,0.70641
CVE-2022-40741,0.01076,0.61112
CVE-2022-40742,0.00618,0.45463
CVE-2022-40743,0.01078,0.61144
CVE-2022-40744,0.00319,0.23817
CVE-2022-40745,0.00137,0.03542
CVE-2022-40746,0.00337,0.25805
CVE-2022-40747,0.00934,0.56624
CVE-2022-40748,0.00555,0.42463
CVE-2022-40750,0.00371,0.2924
CVE-2022-40751,0.00589,0.441
CVE-2022-40752,0.0181,0.76076
CVE-2022-40753,0.00365,0.28634
CVE-2022-40754,0.01452,0.70364
CVE-2022-40755,0.0035,0.27085
CVE-2022-40756,0.00676,0.47967
CVE-2022-40757,0.00839,0.53563
CVE-2022-40758,0.00856,0.54155
CVE-2022-40759,0.00839,0.53563
CVE-2022-40760,0.01101,0.61863
CVE-2022-40761,0.012,0.64586
CVE-2022-40762,0.00839,0.53563
CVE-2022-40764,0.00551,0.42265
CVE-2022-40765,0.10481,0.95228
CVE-2022-40766,0.00807,0.52563
CVE-2022-40768,0.0028,0.19933
CVE-2022-40769,0.01036,0.59885
CVE-2022-40770,0.82529,0.99629
CVE-2022-40771,0.03456,0.87654
CVE-2022-40772,0.0296,0.85615
CVE-2022-40773,0.04545,0.9047
CVE-2022-40774,0.00302,0.22039
CVE-2022-40775,0.00302,0.22038
CVE-2022-40777,0.00866,0.54477
CVE-2022-40778,0.00395,0.31694
CVE-2022-40784,0.00937,0.56714
CVE-2022-40785,0.02045,0.78945
CVE-2022-40797,0.02555,0.83244
CVE-2022-40798,0.00785,0.51812
CVE-2022-40799,0.31328,0.98071
CVE-2022-40805,0.01033,0.59765
CVE-2022-40806,0.01033,0.59764
CVE-2022-40807,0.01033,0.59765
CVE-2022-40808,0.01033,0.59764
CVE-2022-40809,0.01005,0.58922
CVE-2022-40810,0.01005,0.58922
CVE-2022-40811,0.01033,0.59763
CVE-2022-40812,0.01005,0.58922
CVE-2022-40816,0.00669,0.47691
CVE-2022-40817,0.00413,0.3336
CVE-2022-40824,0.0089,0.55184
CVE-2022-40825,0.0089,0.55182
CVE-2022-40826,0.0089,0.55185
CVE-2022-40827,0.0085,0.53899
CVE-2022-40828,0.0089,0.55183
CVE-2022-40829,0.0089,0.55185
CVE-2022-40830,0.0089,0.55185
CVE-2022-40831,0.0089,0.55186
CVE-2022-40832,0.0089,0.55186
CVE-2022-40833,0.0089,0.55185
CVE-2022-40834,0.0089,0.55187
CVE-2022-40835,0.0089,0.55187
CVE-2022-40839,0.00866,0.54461
CVE-2022-40840,0.00486,0.3854
CVE-2022-40841,0.00486,0.3854
CVE-2022-40842,0.00791,0.52035
CVE-2022-40843,0.28802,0.97923
CVE-2022-40844,0.00546,0.4198
CVE-2022-40845,0.00656,0.47144
CVE-2022-40846,0.00558,0.42619
CVE-2022-40847,0.0103,0.59694
CVE-2022-40849,0.00394,0.31502
CVE-2022-40851,0.09487,0.94871
CVE-2022-40853,0.00976,0.58012
CVE-2022-40854,0.00976,0.58011
CVE-2022-40855,0.13495,0.96005
CVE-2022-40860,0.00976,0.58013
CVE-2022-40861,0.00943,0.56892
CVE-2022-40862,0.01176,0.63924
CVE-2022-40864,0.01176,0.63924
CVE-2022-40865,0.01176,0.63925
CVE-2022-40866,0.00976,0.58011
CVE-2022-40867,0.00976,0.58012
CVE-2022-40868,0.00976,0.58012
CVE-2022-40869,0.01176,0.63924
CVE-2022-40870,0.01048,0.60236
CVE-2022-40871,0.33371,0.98181
CVE-2022-40872,0.00872,0.54655
CVE-2022-40874,0.00815,0.52809
CVE-2022-40875,0.00815,0.52809
CVE-2022-40876,0.01753,0.75295
CVE-2022-40877,0.01063,0.60713
CVE-2022-40878,0.23189,0.97503
CVE-2022-40879,0.01131,0.62667
CVE-2022-40881,0.29451,0.97965
CVE-2022-40884,0.00265,0.18024
CVE-2022-40885,0.0023,0.13819
CVE-2022-40886,0.0103,0.59684
CVE-2022-40887,0.00935,0.56626
CVE-2022-40889,0.00962,0.575
CVE-2022-40890,0.00882,0.54944
CVE-2022-40895,0.01534,0.71907
CVE-2022-40896,0.00503,0.39494
CVE-2022-40897,0.02617,0.83654
CVE-2022-40898,0.02659,0.83931
CVE-2022-40899,0.01804,0.76001
CVE-2022-40903,0.00295,0.21383
CVE-2022-40912,0.00468,0.37386
CVE-2022-40916,0.00802,0.52385
CVE-2022-40918,0.01753,0.75296
CVE-2022-40921,0.0091,0.55827
CVE-2022-40922,0.00592,0.44247
CVE-2022-40923,0.00599,0.44581
CVE-2022-40924,0.00983,0.58217
CVE-2022-40925,0.00939,0.56776
CVE-2022-40926,0.00812,0.52732
CVE-2022-40927,0.0083,0.53285
CVE-2022-40928,0.0083,0.53284
CVE-2022-40929,0.01266,0.66345
CVE-2022-40931,0.00521,0.40611
CVE-2022-40932,0.00919,0.56114
CVE-2022-40933,0.00812,0.52732
CVE-2022-40934,0.0083,0.53285
CVE-2022-40935,0.0083,0.53284
CVE-2022-40939,0.0044,0.35486
CVE-2022-40942,0.08149,0.94188
CVE-2022-40943,0.01009,0.59016
CVE-2022-40944,0.01139,0.62861
CVE-2022-40946,0.07974,0.94079
CVE-2022-40954,0.01383,0.6898
CVE-2022-40955,0.02143,0.79942
CVE-2022-40956,0.00877,0.54814
CVE-2022-40957,0.01082,0.6127
CVE-2022-40958,0.01104,0.61932
CVE-2022-40959,0.01284,0.66748
CVE-2022-40960,0.00947,0.57029
CVE-2022-40961,0.00628,0.45902
CVE-2022-40962,0.01342,0.68041
CVE-2022-40963,0.00409,0.33019
CVE-2022-40964,0.00235,0.14415
CVE-2022-40965,0.11111,0.95429
CVE-2022-40966,0.00338,0.25881
CVE-2022-40967,0.07686,0.93899
CVE-2022-40968,0.00392,0.31354
CVE-2022-40969,0.05808,0.92265
CVE-2022-40971,0.00147,0.04392
CVE-2022-40972,0.00147,0.04393
CVE-2022-40974,0.00199,0.09887
CVE-2022-40975,0.00464,0.37169
CVE-2022-40976,0.00222,0.12686
CVE-2022-40977,0.00859,0.54258
CVE-2022-40978,0.00249,0.16094
CVE-2022-40979,0.003,0.21849
CVE-2022-40980,0.011,0.61831
CVE-2022-40981,0.00503,0.3952
CVE-2022-40982,0.03882,0.89011
CVE-2022-40983,0.01076,0.61101
CVE-2022-40984,0.00777,0.51558
CVE-2022-40985,0.01649,0.73772
CVE-2022-40986,0.01415,0.69626
CVE-2022-40987,0.01372,0.68765
CVE-2022-40988,0.01372,0.68765
CVE-2022-40989,0.01372,0.68765
CVE-2022-40990,0.01415,0.69625
CVE-2022-40991,0.01372,0.68764
CVE-2022-40992,0.01372,0.68763
CVE-2022-40993,0.01372,0.68764
CVE-2022-40994,0.01372,0.68766
CVE-2022-40995,0.01372,0.68764
CVE-2022-40996,0.01372,0.68766
CVE-2022-40997,0.01372,0.68765
CVE-2022-40998,0.01415,0.69626
CVE-2022-40999,0.01372,0.68766
CVE-2022-41000,0.01666,0.74024
CVE-2022-41001,0.01666,0.74022
CVE-2022-41002,0.01666,0.74021
CVE-2022-41003,0.01733,0.74994
CVE-2022-41004,0.01666,0.7402
CVE-2022-41005,0.01666,0.7402
CVE-2022-41006,0.01666,0.74023
CVE-2022-41007,0.01666,0.74024
CVE-2022-41008,0.01717,0.74783
CVE-2022-41009,0.01666,0.74023
CVE-2022-41010,0.01666,0.74023
CVE-2022-41011,0.01666,0.74024
CVE-2022-41012,0.01741,0.75115
CVE-2022-41013,0.01666,0.74023
CVE-2022-41014,0.01666,0.74022
CVE-2022-41015,0.01666,0.74021
CVE-2022-41016,0.01666,0.74021
CVE-2022-41017,0.01837,0.76464
CVE-2022-41018,0.01837,0.76463
CVE-2022-41019,0.01666,0.74021
CVE-2022-41020,0.01665,0.74005
CVE-2022-41021,0.01665,0.74005
CVE-2022-41022,0.01716,0.74775
CVE-2022-41023,0.01665,0.74006
CVE-2022-41024,0.01716,0.74775
CVE-2022-41025,0.01665,0.74005
CVE-2022-41026,0.01665,0.74006
CVE-2022-41027,0.02207,0.80511
CVE-2022-41028,0.02351,0.81737
CVE-2022-41029,0.02207,0.80511
CVE-2022-41030,0.02692,0.8415
CVE-2022-41031,0.00794,0.52125
CVE-2022-41032,0.01057,0.60522
CVE-2022-41033,0.01763,0.75426
CVE-2022-41034,0.67469,0.99228
CVE-2022-41035,0.01283,0.66727
CVE-2022-41036,0.01462,0.70578
CVE-2022-41037,0.01462,0.70578
CVE-2022-41038,0.02457,0.82549
CVE-2022-41039,0.01026,0.59587
CVE-2022-41040,0.99945,0.99972
CVE-2022-41042,0.01922,0.7754
CVE-2022-41043,0.00763,0.51096
CVE-2022-41044,0.00983,0.58208
CVE-2022-41045,0.00298,0.21629
CVE-2022-41047,0.01436,0.7004
CVE-2022-41048,0.01436,0.70041
CVE-2022-41049,0.02482,0.82723
CVE-2022-41050,0.00518,0.40426
CVE-2022-41051,0.00755,0.50813
CVE-2022-41052,0.00804,0.52449
CVE-2022-41053,0.01914,0.77434
CVE-2022-41054,0.00491,0.38808
CVE-2022-41055,0.0055,0.42205
CVE-2022-41056,0.0193,0.77634
CVE-2022-41057,0.01063,0.60713
CVE-2022-41058,0.01914,0.77434
CVE-2022-41060,0.00745,0.50492
CVE-2022-41061,0.01142,0.62945
CVE-2022-41062,0.01506,0.71406
CVE-2022-41063,0.0078,0.51666
CVE-2022-41064,0.00747,0.50571
CVE-2022-41066,0.01066,0.60837
CVE-2022-41073,0.02389,0.82024
CVE-2022-41074,0.00529,0.41009
CVE-2022-41076,0.61605,0.99068
CVE-2022-41077,0.00515,0.40263
CVE-2022-41078,0.00776,0.51524
CVE-2022-41079,0.00776,0.51524
CVE-2022-41080,0.77326,0.99504
CVE-2022-41081,0.01403,0.69399
CVE-2022-41082,0.9997,0.99978
CVE-2022-41083,0.00554,0.42386
CVE-2022-41085,0.0067,0.47693
CVE-2022-41086,0.00251,0.16334
CVE-2022-41088,0.00929,0.56448
CVE-2022-41089,0.0113,0.62654
CVE-2022-41090,0.00967,0.57703
CVE-2022-41091,0.01986,0.78275
CVE-2022-41092,0.00683,0.4826
CVE-2022-41093,0.00292,0.21021
CVE-2022-41094,0.00494,0.39003
CVE-2022-41095,0.00487,0.38616
CVE-2022-41096,0.00609,0.45007
CVE-2022-41097,0.0146,0.70535
CVE-2022-41098,0.00723,0.49732
CVE-2022-41099,0.03631,0.88211
CVE-2022-41100,0.00298,0.21629
CVE-2022-41101,0.00505,0.39637
CVE-2022-41102,0.00505,0.39637
CVE-2022-41103,0.00874,0.5472
CVE-2022-41104,0.00745,0.50493
CVE-2022-41105,0.00745,0.50493
CVE-2022-41106,0.02243,0.8082
CVE-2022-41107,0.0081,0.52677
CVE-2022-41109,0.08053,0.94123
CVE-2022-41113,0.08716,0.94524
CVE-2022-41114,0.00502,0.39422
CVE-2022-41115,0.01885,0.7709
CVE-2022-41116,0.00967,0.57703
CVE-2022-41118,0.01064,0.60719
CVE-2022-41119,0.00774,0.51474
CVE-2022-41120,0.01082,0.6128
CVE-2022-41121,0.0105,0.60295
CVE-2022-41122,0.01463,0.70592
CVE-2022-41123,0.00571,0.433
CVE-2022-41125,0.03021,0.85903
CVE-2022-41127,0.0157,0.72505
CVE-2022-41128,0.24623,0.97633
CVE-2022-41131,0.01753,0.75291
CVE-2022-41132,0.00406,0.32715
CVE-2022-41133,0.26572,0.97781
CVE-2022-41134,0.0028,0.19901
CVE-2022-41135,0.00454,0.36489
CVE-2022-41136,0.00293,0.21157
CVE-2022-41137,0.01656,0.73867
CVE-2022-41138,0.01754,0.75301
CVE-2022-41139,0.00507,0.39779
CVE-2022-41140,0.01096,0.61697
CVE-2022-41141,0.0037,0.29138
CVE-2022-41142,0.86144,0.99707
CVE-2022-41143,0.00386,0.30791
CVE-2022-41144,0.00386,0.3079
CVE-2022-41145,0.00357,0.27854
CVE-2022-41146,0.00357,0.27856
CVE-2022-41147,0.00386,0.3079
CVE-2022-41148,0.00382,0.30281
CVE-2022-41149,0.00382,0.30281
CVE-2022-41150,0.00386,0.30791
CVE-2022-41151,0.00386,0.3079
CVE-2022-41152,0.00382,0.30281
CVE-2022-41153,0.00353,0.27424
CVE-2022-41154,0.01878,0.76994
CVE-2022-41155,0.00664,0.47455
CVE-2022-41156,0.00196,0.09549
CVE-2022-41157,0.0053,0.41118
CVE-2022-41158,0.01837,0.76464
CVE-2022-41166,0.00242,0.15222
CVE-2022-41167,0.00491,0.38842
CVE-2022-41168,0.00491,0.38843
CVE-2022-41169,0.00242,0.15223
CVE-2022-41170,0.00496,0.39081
CVE-2022-41171,0.00242,0.15222
CVE-2022-41172,0.00491,0.38842
CVE-2022-41173,0.00242,0.15222
CVE-2022-41174,0.00196,0.09485
CVE-2022-41175,0.00822,0.5306
CVE-2022-41176,0.00196,0.09485
CVE-2022-41177,0.00491,0.38842
CVE-2022-41178,0.00242,0.15223
CVE-2022-41179,0.00491,0.38841
CVE-2022-41180,0.00342,0.26253
CVE-2022-41181,0.00196,0.09485
CVE-2022-41182,0.00242,0.15324
CVE-2022-41183,0.00197,0.09566
CVE-2022-41184,0.00521,0.40637
CVE-2022-41185,0.00362,0.28385
CVE-2022-41186,0.00373,0.29476
CVE-2022-41187,0.00553,0.42351
CVE-2022-41188,0.00305,0.22407
CVE-2022-41189,0.00542,0.41752
CVE-2022-41190,0.00553,0.42351
CVE-2022-41191,0.00553,0.42351
CVE-2022-41192,0.00305,0.22407
CVE-2022-41193,0.00604,0.44769
CVE-2022-41194,0.00218,0.1219
CVE-2022-41195,0.00553,0.42351
CVE-2022-41196,0.00546,0.41994
CVE-2022-41197,0.00226,0.13295
CVE-2022-41198,0.00542,0.41752
CVE-2022-41199,0.00553,0.4235
CVE-2022-41200,0.00546,0.41994
CVE-2022-41201,0.00581,0.43748
CVE-2022-41202,0.00542,0.41753
CVE-2022-41203,0.00924,0.56284
CVE-2022-41204,0.0076,0.51006
CVE-2022-41205,0.00208,0.10936
CVE-2022-41206,0.00475,0.3781
CVE-2022-41207,0.00374,0.29508
CVE-2022-41208,0.00408,0.32907
CVE-2022-41209,0.00162,0.05753
CVE-2022-41210,0.00386,0.30776
CVE-2022-41211,0.00314,0.23342
CVE-2022-41212,0.00764,0.5115
CVE-2022-41214,0.00749,0.50631
CVE-2022-41215,0.00429,0.34634
CVE-2022-41216,0.00618,0.4548
CVE-2022-41217,0.00692,0.48587
CVE-2022-41218,0.00778,0.516
CVE-2022-41220,0.01412,0.69572
CVE-2022-41221,0.003,0.21861
CVE-2022-41222,0.0045,0.36209
CVE-2022-41223,0.10571,0.95256
CVE-2022-41224,0.0089,0.55181
CVE-2022-41225,0.00602,0.44683
CVE-2022-41226,0.00787,0.51887
CVE-2022-41227,0.00462,0.37016
CVE-2022-41228,0.00827,0.53199
CVE-2022-41229,0.00469,0.37414
CVE-2022-41230,0.00516,0.40344
CVE-2022-41231,0.01231,0.65452
CVE-2022-41232,0.0046,0.36863
CVE-2022-41233,0.00516,0.40344
CVE-2022-41234,0.00827,0.532
CVE-2022-41235,0.00578,0.43625
CVE-2022-41236,0.00372,0.29319
CVE-2022-41237,0.0136,0.6849
CVE-2022-41238,0.00879,0.5486
CVE-2022-41239,0.00587,0.4401
CVE-2022-41240,0.00469,0.37414
CVE-2022-41241,0.00725,0.49796
CVE-2022-41242,0.00461,0.36957
CVE-2022-41243,0.00539,0.41587
CVE-2022-41244,0.00539,0.41587
CVE-2022-41245,0.00436,0.35169
CVE-2022-41246,0.00612,0.45167
CVE-2022-41247,0.0042,0.33983
CVE-2022-41248,0.00328,0.24858
CVE-2022-41249,0.0039,0.31162
CVE-2022-41250,0.00551,0.42217
CVE-2022-41251,0.00544,0.41877
CVE-2022-41252,0.00544,0.41877
CVE-2022-41253,0.00485,0.38425
CVE-2022-41254,0.00676,0.4799
CVE-2022-41255,0.00676,0.4799
CVE-2022-41258,0.00369,0.28983
CVE-2022-41259,0.00716,0.4948
CVE-2022-41260,0.00412,0.33257
CVE-2022-41261,0.00166,0.0613
CVE-2022-41262,0.00433,0.34966
CVE-2022-41263,0.0021,0.11269
CVE-2022-41264,0.00855,0.54115
CVE-2022-41266,0.00411,0.33192
CVE-2022-41267,0.00791,0.52033
CVE-2022-41268,0.00573,0.43365
CVE-2022-41271,0.00566,0.43043
CVE-2022-41272,0.0102,0.59365
CVE-2022-41273,0.00464,0.37152
CVE-2022-41274,0.00555,0.42442
CVE-2022-41275,0.00453,0.36415
CVE-2022-41278,0.00264,0.17856
CVE-2022-41279,0.00196,0.09431
CVE-2022-41280,0.00196,0.09431
CVE-2022-41281,0.00296,0.21503
CVE-2022-41282,0.00296,0.21504
CVE-2022-41283,0.00296,0.21504
CVE-2022-41284,0.00296,0.21504
CVE-2022-41285,0.00312,0.23118
CVE-2022-41286,0.00296,0.21503
CVE-2022-41287,0.00264,0.17856
CVE-2022-41288,0.00196,0.09431
CVE-2022-41290,0.00189,0.08633
CVE-2022-41291,0.00348,0.26971
CVE-2022-41294,0.00233,0.14118
CVE-2022-41296,0.00471,0.3759
CVE-2022-41297,0.00229,0.13681
CVE-2022-41299,0.00343,0.26417
CVE-2022-41301,0.0038,0.30132
CVE-2022-41302,0.00278,0.19698
CVE-2022-41303,0.00351,0.27277
CVE-2022-41304,0.00312,0.23186
CVE-2022-41305,0.00387,0.3087
CVE-2022-41306,0.00397,0.31913
CVE-2022-41307,0.00508,0.39828
CVE-2022-41308,0.00358,0.27978
CVE-2022-41309,0.00374,0.29585
CVE-2022-41310,0.00365,0.28638
CVE-2022-41311,0.01028,0.59634
CVE-2022-41312,0.01084,0.6133
CVE-2022-41313,0.01084,0.6133
CVE-2022-41314,0.00167,0.06255
CVE-2022-41315,0.00392,0.31332
CVE-2022-41316,0.00396,0.31729
CVE-2022-41317,0.0169,0.74412
CVE-2022-41318,0.0282,0.84928
CVE-2022-41319,0.00363,0.2845
CVE-2022-41320,0.00556,0.42485
CVE-2022-41322,0.00481,0.38179
CVE-2022-41323,0.0272,0.84319
CVE-2022-41324,0.00321,0.24059
CVE-2022-41325,0.00649,0.46848
CVE-2022-41326,0.01371,0.68727
CVE-2022-41327,0.00126,0.02652
CVE-2022-41328,0.12316,0.95723
CVE-2022-41329,0.00559,0.42681
CVE-2022-41330,0.00645,0.46658
CVE-2022-41331,0.01275,0.6655
CVE-2022-41333,0.0723,0.93601
CVE-2022-41334,0.00656,0.47119
CVE-2022-41335,0.00927,0.56346
CVE-2022-41336,0.00573,0.43393
CVE-2022-41339,0.00519,0.40525
CVE-2022-41340,0.00479,0.38091
CVE-2022-41342,0.00185,0.08221
CVE-2022-41343,0.04173,0.89733
CVE-2022-41347,0.00401,0.32282
CVE-2022-41348,0.00401,0.32286
CVE-2022-41349,0.0036,0.281
CVE-2022-41350,0.0041,0.33043
CVE-2022-41351,0.0041,0.33042
CVE-2022-41352,0.95478,0.9986
CVE-2022-41354,0.00643,0.46564
CVE-2022-41355,0.00837,0.5352
CVE-2022-41358,0.0292,0.8543
CVE-2022-41376,0.00473,0.37708
CVE-2022-41377,0.00726,0.49849
CVE-2022-41378,0.00726,0.49849
CVE-2022-41379,0.0095,0.57124
CVE-2022-41380,0.01168,0.63696
CVE-2022-41381,0.01168,0.63694
CVE-2022-41382,0.01168,0.63695
CVE-2022-41383,0.01168,0.63695
CVE-2022-41384,0.01168,0.63697
CVE-2022-41385,0.01168,0.63697
CVE-2022-41386,0.01168,0.63698
CVE-2022-41387,0.01168,0.63696
CVE-2022-41390,0.00752,0.50731
CVE-2022-41391,0.00752,0.50728
CVE-2022-41392,0.00632,0.46076
CVE-2022-41395,0.01377,0.68878
CVE-2022-41396,0.01377,0.68877
CVE-2022-41397,0.00675,0.47948
CVE-2022-41398,0.0053,0.41114
CVE-2022-41399,0.00577,0.43555
CVE-2022-41400,0.00621,0.45623
CVE-2022-41401,0.01162,0.63522
CVE-2022-41403,0.01052,0.60369
CVE-2022-41404,0.01325,0.67638
CVE-2022-41406,0.01047,0.60211
CVE-2022-41407,0.00831,0.53331
CVE-2022-41408,0.0061,0.45051
CVE-2022-41409,0.00962,0.57497
CVE-2022-41412,0.04088,0.89548
CVE-2022-41413,0.01991,0.78332
CVE-2022-41414,0.00427,0.34481
CVE-2022-41415,0.00928,0.56384
CVE-2022-41416,0.00726,0.49851
CVE-2022-41417,0.00752,0.50712
CVE-2022-41418,0.01156,0.63334
CVE-2022-41419,0.00592,0.44246
CVE-2022-41420,0.003,0.21899
CVE-2022-41423,0.00592,0.44247
CVE-2022-41424,0.00592,0.44247
CVE-2022-41425,0.00614,0.45298
CVE-2022-41426,0.00592,0.44248
CVE-2022-41427,0.00592,0.44248
CVE-2022-41428,0.00719,0.49584
CVE-2022-41429,0.00718,0.49566
CVE-2022-41430,0.00718,0.49566
CVE-2022-41431,0.00628,0.45918
CVE-2022-41432,0.00374,0.29491
CVE-2022-41433,0.00374,0.29491
CVE-2022-41434,0.00387,0.30809
CVE-2022-41435,0.00473,0.37693
CVE-2022-41436,0.00702,0.48956
CVE-2022-41437,0.01378,0.68886
CVE-2022-41439,0.00734,0.50141
CVE-2022-41440,0.00734,0.50139
CVE-2022-41441,0.05187,0.915
CVE-2022-41442,0.00433,0.3493
CVE-2022-41443,0.0109,0.61488
CVE-2022-41444,0.00631,0.46058
CVE-2022-41445,0.01015,0.59221
CVE-2022-41446,0.01056,0.60472
CVE-2022-41471,0.0055,0.42204
CVE-2022-41472,0.00384,0.30505
CVE-2022-41473,0.01012,0.5915
CVE-2022-41474,0.00298,0.21647
CVE-2022-41475,0.00375,0.29593
CVE-2022-41477,0.01075,0.61086
CVE-2022-41479,0.01101,0.61861
CVE-2022-41480,0.00701,0.48912
CVE-2022-41481,0.00782,0.5172
CVE-2022-41482,0.00701,0.48913
CVE-2022-41483,0.00782,0.51721
CVE-2022-41484,0.00701,0.48911
CVE-2022-41485,0.00782,0.5172
CVE-2022-41489,0.004,0.32152
CVE-2022-41495,0.0089,0.55163
CVE-2022-41496,0.0089,0.55163
CVE-2022-41497,0.0089,0.55163
CVE-2022-41498,0.00726,0.49849
CVE-2022-41500,0.00375,0.29594
CVE-2022-41504,0.01034,0.59842
CVE-2022-41505,0.00394,0.31604
CVE-2022-41512,0.0095,0.57123
CVE-2022-41513,0.00726,0.49854
CVE-2022-41514,0.00726,0.49853
CVE-2022-41515,0.00726,0.49853
CVE-2022-41517,0.00848,0.53842
CVE-2022-41518,0.01834,0.76415
CVE-2022-41520,0.00865,0.54421
CVE-2022-41521,0.00865,0.54421
CVE-2022-41522,0.0089,0.55191
CVE-2022-41523,0.00865,0.54421
CVE-2022-41524,0.00865,0.54422
CVE-2022-41525,0.01799,0.75925
CVE-2022-41526,0.00865,0.5442
CVE-2022-41527,0.00865,0.54421
CVE-2022-41528,0.00865,0.54422
CVE-2022-41530,0.00831,0.53331
CVE-2022-41532,0.00831,0.53331
CVE-2022-41533,0.0095,0.57124
CVE-2022-41534,0.01141,0.62926
CVE-2022-41535,0.00726,0.49849
CVE-2022-41536,0.00726,0.49853
CVE-2022-41537,0.01056,0.60481
CVE-2022-41538,0.00955,0.57291
CVE-2022-41539,0.0104,0.59991
CVE-2022-41540,0.01084,0.61331
CVE-2022-41541,0.01118,0.62324
CVE-2022-41542,0.00613,0.45227
CVE-2022-41544,0.09442,0.94852
CVE-2022-41545,0.00288,0.20678
CVE-2022-41547,0.012,0.64577
CVE-2022-41550,0.00538,0.41557
CVE-2022-41551,0.00821,0.53026
CVE-2022-41552,0.00621,0.45623
CVE-2022-41553,0.00173,0.06874
CVE-2022-41554,0.00405,0.32678
CVE-2022-41555,0.11111,0.95429
CVE-2022-41556,0.02714,0.84288
CVE-2022-41558,0.00499,0.39307
CVE-2022-41559,0.00657,0.47181
CVE-2022-41560,0.00605,0.44853
CVE-2022-41561,0.01444,0.70186
CVE-2022-41562,0.00718,0.49553
CVE-2022-41563,0.00873,0.54683
CVE-2022-41564,0.0047,0.37485
CVE-2022-41565,0.00394,0.31627
CVE-2022-41566,0.00394,0.31627
CVE-2022-41567,0.00394,0.31627
CVE-2022-41568,0.00616,0.45382
CVE-2022-41570,0.0067,0.47693
CVE-2022-41571,0.00816,0.52858
CVE-2022-41572,0.00576,0.4351
CVE-2022-41573,0.01211,0.64919
CVE-2022-41574,0.00628,0.45906
CVE-2022-41575,0.00724,0.49753
CVE-2022-41576,0.00211,0.11395
CVE-2022-41577,0.00143,0.04011
CVE-2022-41578,0.00517,0.40359
CVE-2022-41579,0.00283,0.20244
CVE-2022-41580,0.00517,0.4036
CVE-2022-41581,0.00422,0.34178
CVE-2022-41582,0.00474,0.37786
CVE-2022-41583,0.00366,0.28766
CVE-2022-41584,0.00147,0.04379
CVE-2022-41585,0.00147,0.04379
CVE-2022-41586,0.00422,0.34177
CVE-2022-41587,0.00416,0.33631
CVE-2022-41588,0.00299,0.21784
CVE-2022-41589,0.00474,0.37786
CVE-2022-41590,0.00125,0.02578
CVE-2022-41591,0.00506,0.39692
CVE-2022-41592,0.00145,0.04206
CVE-2022-41593,0.00145,0.04206
CVE-2022-41594,0.00145,0.04204
CVE-2022-41595,0.00145,0.04205
CVE-2022-41596,0.00382,0.30321
CVE-2022-41597,0.00145,0.04205
CVE-2022-41598,0.00145,0.04204
CVE-2022-41599,0.00398,0.31959
CVE-2022-41600,0.00145,0.04205
CVE-2022-41601,0.00145,0.04206
CVE-2022-41602,0.00145,0.04205
CVE-2022-41603,0.00145,0.04207
CVE-2022-41604,0.00582,0.43776
CVE-2022-41606,0.00716,0.49477
CVE-2022-41607,0.00952,0.57212
CVE-2022-41608,0.00264,0.17848
CVE-2022-41609,0.00535,0.41381
CVE-2022-41610,0.00156,0.05149
CVE-2022-41611,0.00261,0.17587
CVE-2022-41612,0.00394,0.31612
CVE-2022-41613,0.0023,0.13804
CVE-2022-41614,0.00176,0.07278
CVE-2022-41615,0.00227,0.13358
CVE-2022-41616,0.0082,0.52971
CVE-2022-41617,0.011,0.61825
CVE-2022-41618,0.00531,0.41145
CVE-2022-41619,0.00364,0.28594
CVE-2022-41620,0.00264,0.17848
CVE-2022-41621,0.00173,0.0693
CVE-2022-41622,0.87987,0.99747
CVE-2022-41623,0.00704,0.4903
CVE-2022-41624,0.00616,0.45381
CVE-2022-41627,0.00108,0.01409
CVE-2022-41628,0.00169,0.06512
CVE-2022-41629,0.00589,0.44099
CVE-2022-41633,0.00248,0.16079
CVE-2022-41634,0.00276,0.1947
CVE-2022-41635,0.00256,0.16936
CVE-2022-41636,0.00386,0.30759
CVE-2022-41638,0.00413,0.33341
CVE-2022-41639,0.01813,0.76143
CVE-2022-41640,0.00383,0.30461
CVE-2022-41642,0.02067,0.79184
CVE-2022-41643,0.00412,0.33207
CVE-2022-41644,0.00686,0.48393
CVE-2022-41645,0.00228,0.13575
CVE-2022-41646,0.00167,0.06273
CVE-2022-41648,0.00702,0.48979
CVE-2022-41649,0.01458,0.70482
CVE-2022-41650,0.00262,0.17714
CVE-2022-41651,0.11111,0.95429
CVE-2022-41652,0.00687,0.48399
CVE-2022-41653,0.00697,0.4877
CVE-2022-41654,0.18914,0.96967
CVE-2022-41655,0.00591,0.44191
CVE-2022-41656,0.00218,0.12284
CVE-2022-41657,0.20898,0.97267
CVE-2022-41658,0.00147,0.04394
CVE-2022-41659,0.00176,0.07234
CVE-2022-41660,0.00382,0.30315
CVE-2022-41661,0.00382,0.30315
CVE-2022-41662,0.00382,0.30315
CVE-2022-41663,0.00402,0.32329
CVE-2022-41664,0.00305,0.22404
CVE-2022-41665,0.01022,0.5946
CVE-2022-41666,0.00133,0.03226
CVE-2022-41667,0.00215,0.11902
CVE-2022-41668,0.00197,0.09636
CVE-2022-41669,0.0011,0.01509
CVE-2022-41670,0.00187,0.08426
CVE-2022-41671,0.0025,0.16304
CVE-2022-41672,0.01197,0.64511
CVE-2022-41674,0.03763,0.88655
CVE-2022-41675,0.00865,0.54432
CVE-2022-41676,0.00429,0.34664
CVE-2022-41677,0.0059,0.44145
CVE-2022-41678,0.8581,0.99702
CVE-2022-41679,0.00454,0.36488
CVE-2022-41680,0.00276,0.19519
CVE-2022-41681,0.00863,0.54365
CVE-2022-41684,0.00765,0.51158
CVE-2022-41685,0.004,0.322
CVE-2022-41686,0.00307,0.22615
CVE-2022-41687,0.00147,0.04391
CVE-2022-41688,0.0064,0.46429
CVE-2022-41689,0.00196,0.09434
CVE-2022-41690,0.00178,0.07512
CVE-2022-41691,0.00616,0.45378
CVE-2022-41692,0.00494,0.39016
CVE-2022-41693,0.00169,0.06511
CVE-2022-41694,0.00595,0.44356
CVE-2022-41695,0.00369,0.28974
CVE-2022-41696,0.00255,0.1684
CVE-2022-41697,0.20196,0.97163
CVE-2022-41698,0.00476,0.37885
CVE-2022-41699,0.00173,0.06872
CVE-2022-41700,0.00167,0.06294
CVE-2022-41701,0.11111,0.95429
CVE-2022-41702,0.11111,0.95428
CVE-2022-41703,0.01194,0.64409
CVE-2022-41704,0.02143,0.79937
CVE-2022-41705,0.01813,0.76141
CVE-2022-41706,0.0061,0.45059
CVE-2022-41707,0.00793,0.52081
CVE-2022-41708,0.00496,0.39107
CVE-2022-41709,0.00426,0.34476
CVE-2022-41710,0.00365,0.2868
CVE-2022-41711,0.01551,0.72223
CVE-2022-41712,0.00895,0.55325
CVE-2022-41713,0.00643,0.46558
CVE-2022-41714,0.00615,0.4531
CVE-2022-41715,0.01339,0.67984
CVE-2022-41716,0.00778,0.51592
CVE-2022-41717,0.05623,0.92028
CVE-2022-41719,0.01036,0.59889
CVE-2022-41720,0.0119,0.64304
CVE-2022-41721,0.01814,0.76156
CVE-2022-41722,0.01678,0.74216
CVE-2022-41723,0.04561,0.90505
CVE-2022-41724,0.01111,0.62128
CVE-2022-41725,0.01231,0.65457
CVE-2022-41727,0.00309,0.22773
CVE-2022-41731,0.00858,0.54207
CVE-2022-41732,0.00166,0.06204
CVE-2022-41733,0.00714,0.49429
CVE-2022-41734,0.00503,0.39551
CVE-2022-41735,0.00385,0.30676
CVE-2022-41736,0.00194,0.09235
CVE-2022-41737,0.0014,0.03793
CVE-2022-41738,0.00395,0.31701
CVE-2022-41739,0.00199,0.09831
CVE-2022-41740,0.00196,0.0955
CVE-2022-41741,0.00756,0.5084
CVE-2022-41742,0.01069,0.60919
CVE-2022-41743,0.00214,0.11771
CVE-2022-41744,0.00181,0.07826
CVE-2022-41745,0.00652,0.46959
CVE-2022-41746,0.00971,0.57822
CVE-2022-41747,0.0023,0.13812
CVE-2022-41748,0.00158,0.05347
CVE-2022-41749,0.00182,0.07918
CVE-2022-41751,0.00444,0.35793
CVE-2022-41757,0.00678,0.48058
CVE-2022-41760,0.008,0.52329
CVE-2022-41761,0.008,0.52329
CVE-2022-41762,0.0037,0.291
CVE-2022-41763,0.01209,0.64829
CVE-2022-41765,0.00641,0.46484
CVE-2022-41766,0.00573,0.43367
CVE-2022-41767,0.00641,0.46485
CVE-2022-41769,0.00164,0.05939
CVE-2022-41770,0.00595,0.44366
CVE-2022-41771,0.00178,0.07495
CVE-2022-41772,0.24945,0.97663
CVE-2022-41773,0.07897,0.94038
CVE-2022-41775,0.00619,0.45512
CVE-2022-41776,0.00511,0.40012
CVE-2022-41777,0.01478,0.7088
CVE-2022-41778,0.01035,0.59855
CVE-2022-41779,0.01053,0.60401
CVE-2022-41780,0.00531,0.4117
CVE-2022-41781,0.00649,0.46859
CVE-2022-41783,0.00175,0.07198
CVE-2022-41784,0.00177,0.07434
CVE-2022-41785,0.00383,0.30462
CVE-2022-41786,0.00481,0.38239
CVE-2022-41787,0.00616,0.45373
CVE-2022-41788,0.00397,0.31874
CVE-2022-41789,0.00255,0.16877
CVE-2022-41790,0.00466,0.37256
CVE-2022-41791,0.00646,0.46701
CVE-2022-41793,0.00816,0.52862
CVE-2022-41794,0.01854,0.76694
CVE-2022-41796,0.00204,0.10514
CVE-2022-41797,0.00858,0.54209
CVE-2022-41798,0.00588,0.44044
CVE-2022-41799,0.00782,0.51738
CVE-2022-41800,0.62406,0.99087
CVE-2022-41801,0.00174,0.07025
CVE-2022-41802,0.00183,0.08104
CVE-2022-41804,0.00312,0.23143
CVE-2022-41805,0.00231,0.13942
CVE-2022-41806,0.00616,0.45374
CVE-2022-41807,0.00491,0.38791
CVE-2022-41808,0.00222,0.12781
CVE-2022-41813,0.00595,0.44365
CVE-2022-41814,0.00255,0.16876
CVE-2022-41828,0.01479,0.70894
CVE-2022-41830,0.00823,0.53084
CVE-2022-41831,0.00383,0.30465
CVE-2022-41832,0.00616,0.45377
CVE-2022-41833,0.00616,0.45373
CVE-2022-41835,0.00147,0.04398
CVE-2022-41836,0.00616,0.45384
CVE-2022-41837,0.01581,0.72681
CVE-2022-41838,0.01813,0.76144
CVE-2022-41839,0.00479,0.38083
CVE-2022-41840,0.05116,0.914
CVE-2022-41841,0.00273,0.19221
CVE-2022-41842,0.00398,0.31972
CVE-2022-41843,0.00335,0.2559
CVE-2022-41844,0.00367,0.28792
CVE-2022-41845,0.00341,0.2624
CVE-2022-41846,0.00297,0.21536
CVE-2022-41847,0.0037,0.29129
CVE-2022-41848,0.0025,0.16227
CVE-2022-41849,0.00323,0.24348
CVE-2022-41850,0.00214,0.11767
CVE-2022-41851,0.00232,0.13968
CVE-2022-41853,0.03519,0.87865
CVE-2022-41854,0.01476,0.70847
CVE-2022-41858,0.00275,0.19396
CVE-2022-41859,0.0086,0.54266
CVE-2022-41860,0.01171,0.63765
CVE-2022-41861,0.01103,0.61892
CVE-2022-41862,0.00616,0.45401
CVE-2022-41870,0.01255,0.66053
CVE-2022-41871,0.00896,0.55362
CVE-2022-41873,0.00248,0.16015
CVE-2022-41874,0.00421,0.34045
CVE-2022-41875,0.01601,0.72987
CVE-2022-41876,0.01295,0.66983
CVE-2022-41877,0.00719,0.4958
CVE-2022-41878,0.00875,0.54754
CVE-2022-41879,0.00809,0.52636
CVE-2022-41880,0.0038,0.30167
CVE-2022-41881,0.01466,0.70654
CVE-2022-41882,0.00466,0.37277
CVE-2022-41883,0.0035,0.27083
CVE-2022-41884,0.0033,0.2504
CVE-2022-41885,0.0043,0.34744
CVE-2022-41886,0.0043,0.34744
CVE-2022-41887,0.0044,0.3549
CVE-2022-41888,0.00439,0.35463
CVE-2022-41889,0.00404,0.32552
CVE-2022-41890,0.00439,0.35462
CVE-2022-41891,0.0043,0.34744
CVE-2022-41892,0.0055,0.42179
CVE-2022-41893,0.00439,0.35462
CVE-2022-41894,0.00523,0.40709
CVE-2022-41895,0.0044,0.35531
CVE-2022-41896,0.0044,0.35533
CVE-2022-41897,0.0044,0.35532
CVE-2022-41898,0.0044,0.35531
CVE-2022-41899,0.0044,0.35531
CVE-2022-41900,0.00579,0.43632
CVE-2022-41901,0.0044,0.35532
CVE-2022-41902,0.00449,0.36198
CVE-2022-41903,0.44268,0.98614
CVE-2022-41904,0.0041,0.33106
CVE-2022-41905,0.00339,0.25969
CVE-2022-41906,0.00655,0.4707
CVE-2022-41907,0.0044,0.35532
CVE-2022-41908,0.0045,0.36216
CVE-2022-41909,0.0049,0.38757
CVE-2022-41910,0.00401,0.32246
CVE-2022-41911,0.00389,0.31092
CVE-2022-41912,0.02179,0.80258
CVE-2022-41913,0.00375,0.29611
CVE-2022-41914,0.00508,0.39805
CVE-2022-41915,0.00885,0.55022
CVE-2022-41916,0.00891,0.55218
CVE-2022-41917,0.00522,0.40675
CVE-2022-41918,0.0043,0.34741
CVE-2022-41919,0.00369,0.29013
CVE-2022-41920,0.00793,0.52106
CVE-2022-41921,0.00503,0.39517
CVE-2022-41922,0.01133,0.62713
CVE-2022-41923,0.01693,0.7445
CVE-2022-41924,0.01555,0.72287
CVE-2022-41925,0.00534,0.41358
CVE-2022-41926,0.00267,0.18436
CVE-2022-41927,0.00278,0.19731
CVE-2022-41928,0.00978,0.58076
CVE-2022-41929,0.00713,0.49352
CVE-2022-41930,0.00816,0.52854
CVE-2022-41931,0.0119,0.64306
CVE-2022-41932,0.00518,0.40426
CVE-2022-41933,0.0045,0.36253
CVE-2022-41934,0.01261,0.66221
CVE-2022-41935,0.00769,0.51308
CVE-2022-41936,0.00722,0.49683
CVE-2022-41937,0.00732,0.50052
CVE-2022-41938,0.0068,0.48135
CVE-2022-41939,0.00891,0.5522
CVE-2022-41940,0.01939,0.77757
CVE-2022-41941,0.00577,0.43556
CVE-2022-41942,0.01516,0.71582
CVE-2022-41943,0.00902,0.55527
CVE-2022-41944,0.00448,0.36112
CVE-2022-41945,0.00777,0.51574
CVE-2022-41946,0.0048,0.38132
CVE-2022-41947,0.00351,0.2718
CVE-2022-41948,0.006,0.44611
CVE-2022-41949,0.004,0.32184
CVE-2022-41950,0.00381,0.30193
CVE-2022-41951,0.00946,0.56998
CVE-2022-41952,0.00827,0.5321
CVE-2022-41953,0.06796,0.93235
CVE-2022-41954,0.00208,0.10913
CVE-2022-41955,0.01495,0.71183
CVE-2022-41956,0.01768,0.75508
CVE-2022-41957,0.0093,0.56458
CVE-2022-41958,0.00426,0.34444
CVE-2022-41960,0.00361,0.28261
CVE-2022-41961,0.0028,0.19983
CVE-2022-41962,0.00655,0.47109
CVE-2022-41963,0.00417,0.33698
CVE-2022-41964,0.00551,0.42267
CVE-2022-41965,0.00347,0.26775
CVE-2022-41966,0.08689,0.94513
CVE-2022-41967,0.00557,0.42533
CVE-2022-41968,0.00846,0.53789
CVE-2022-41969,0.00806,0.52526
CVE-2022-41970,0.00598,0.44525
CVE-2022-41971,0.00757,0.50895
CVE-2022-41972,0.00205,0.10626
CVE-2022-41973,0.00658,0.47236
CVE-2022-41974,0.00606,0.449
CVE-2022-41975,0.00177,0.07431
CVE-2022-41976,0.01626,0.73398
CVE-2022-41977,0.00677,0.48009
CVE-2022-41978,0.02971,0.85664
CVE-2022-41979,0.00588,0.4405
CVE-2022-41980,0.00437,0.35272
CVE-2022-41981,0.0104,0.5998
CVE-2022-41982,0.00169,0.06512
CVE-2022-41983,0.00249,0.16122
CVE-2022-41984,0.00169,0.06497
CVE-2022-41985,0.01488,0.71072
CVE-2022-41986,0.00608,0.44971
CVE-2022-41987,0.00246,0.15793
CVE-2022-41988,0.01169,0.63731
CVE-2022-41989,0.00769,0.5129
CVE-2022-41990,0.0023,0.13778
CVE-2022-41991,0.01468,0.70703
CVE-2022-41992,0.00469,0.37442
CVE-2022-41993,0.00549,0.42131
CVE-2022-41994,0.00586,0.43959
CVE-2022-41995,0.00321,0.24083
CVE-2022-41996,0.00457,0.36722
CVE-2022-41998,0.00169,0.06511
CVE-2022-41999,0.01439,0.70094
CVE-2022-42000,0.00255,0.16876
CVE-2022-42001,0.00255,0.16876
CVE-2022-42002,0.01066,0.60824
CVE-2022-42003,0.02706,0.84235
CVE-2022-42004,0.02706,0.84235
CVE-2022-42009,0.01212,0.64934
CVE-2022-42010,0.00831,0.53328
CVE-2022-42011,0.0131,0.67314
CVE-2022-42012,0.0131,0.67314
CVE-2022-42021,0.00832,0.53379
CVE-2022-42029,0.00702,0.48966
CVE-2022-42034,0.01007,0.58977
CVE-2022-42036,0.01168,0.63694
CVE-2022-42037,0.01168,0.63695
CVE-2022-42038,0.01168,0.63693
CVE-2022-42039,0.01168,0.63694
CVE-2022-42040,0.0483,0.90962
CVE-2022-42041,0.01168,0.63697
CVE-2022-42042,0.01168,0.63696
CVE-2022-42043,0.01168,0.63695
CVE-2022-42044,0.01168,0.63693
CVE-2022-42045,0.00555,0.42458
CVE-2022-42046,0.00471,0.3759
CVE-2022-42053,0.01004,0.58911
CVE-2022-42054,0.00451,0.3629
CVE-2022-42055,0.01721,0.7484
CVE-2022-42058,0.01207,0.64779
CVE-2022-42060,0.01048,0.60237
CVE-2022-42064,0.01133,0.62717
CVE-2022-42066,0.00551,0.42247
CVE-2022-42067,0.00389,0.31048
CVE-2022-42069,0.00316,0.23523
CVE-2022-42070,0.00331,0.25182
CVE-2022-42071,0.00347,0.26797
CVE-2022-42073,0.00726,0.49854
CVE-2022-42074,0.00726,0.49854
CVE-2022-42075,0.01104,0.61936
CVE-2022-42077,0.00325,0.24509
CVE-2022-42078,0.00325,0.24507
CVE-2022-42079,0.00815,0.52822
CVE-2022-42080,0.00815,0.52822
CVE-2022-42081,0.00815,0.52812
CVE-2022-42086,0.00325,0.24509
CVE-2022-42087,0.00325,0.24509
CVE-2022-42092,0.01468,0.70697
CVE-2022-42094,0.02505,0.82886
CVE-2022-42095,0.01947,0.77842
CVE-2022-42096,0.0196,0.77989
CVE-2022-42097,0.00774,0.51485
CVE-2022-42098,0.01233,0.65509
CVE-2022-42099,0.00477,0.37971
CVE-2022-42100,0.00477,0.37972
CVE-2022-42109,0.01122,0.62436
CVE-2022-42110,0.00562,0.42881
CVE-2022-42111,0.00515,0.40247
CVE-2022-42112,0.00479,0.38093
CVE-2022-42113,0.00496,0.39101
CVE-2022-42114,0.00479,0.38093
CVE-2022-42115,0.00479,0.38092
CVE-2022-42116,0.00496,0.39102
CVE-2022-42117,0.00496,0.39102
CVE-2022-42118,0.00897,0.55418
CVE-2022-42119,0.00392,0.31377
CVE-2022-42120,0.00729,0.49954
CVE-2022-42121,0.00958,0.57362
CVE-2022-42122,0.00714,0.49399
CVE-2022-42123,0.00702,0.48959
CVE-2022-42124,0.01232,0.65483
CVE-2022-42125,0.00702,0.48959
CVE-2022-42126,0.00619,0.45523
CVE-2022-42127,0.00663,0.47444
CVE-2022-42128,0.00663,0.47444
CVE-2022-42129,0.00592,0.4424
CVE-2022-42130,0.00592,0.44241
CVE-2022-42131,0.00243,0.15448
CVE-2022-42132,0.00466,0.37269
CVE-2022-42136,0.00874,0.54726
CVE-2022-42139,0.18158,0.96867
CVE-2022-42140,0.02354,0.81763
CVE-2022-42141,0.00477,0.37927
CVE-2022-42142,0.01034,0.59843
CVE-2022-42143,0.00821,0.53027
CVE-2022-42147,0.00395,0.31666
CVE-2022-42149,0.0219,0.80344
CVE-2022-42150,0.00859,0.54257
CVE-2022-42154,0.00916,0.56006
CVE-2022-42156,0.02729,0.84372
CVE-2022-42159,0.00646,0.46718
CVE-2022-42160,0.02729,0.84372
CVE-2022-42161,0.02729,0.84372
CVE-2022-42163,0.00928,0.56385
CVE-2022-42164,0.00928,0.56386
CVE-2022-42165,0.00928,0.56386
CVE-2022-42166,0.00928,0.56386
CVE-2022-42167,0.00928,0.56387
CVE-2022-42168,0.00928,0.56385
CVE-2022-42169,0.00928,0.56386
CVE-2022-42170,0.00928,0.56385
CVE-2022-42171,0.00928,0.56384
CVE-2022-42175,0.00627,0.4586
CVE-2022-42176,0.00323,0.24272
CVE-2022-42182,0.00888,0.55119
CVE-2022-42183,0.00686,0.48375
CVE-2022-42187,0.00406,0.32763
CVE-2022-42188,0.00935,0.56631
CVE-2022-42189,0.01438,0.70063
CVE-2022-42197,0.00565,0.43003
CVE-2022-42198,0.00979,0.58089
CVE-2022-42199,0.00472,0.37648
CVE-2022-42200,0.00459,0.36824
CVE-2022-42201,0.00973,0.57924
CVE-2022-42202,0.00423,0.34234
CVE-2022-42205,0.00447,0.36033
CVE-2022-42206,0.00447,0.36033
CVE-2022-42218,0.00726,0.49847
CVE-2022-42221,0.01834,0.76424
CVE-2022-42225,0.00735,0.50173
CVE-2022-42227,0.00909,0.55811
CVE-2022-42229,0.00995,0.58567
CVE-2022-42230,0.00617,0.45443
CVE-2022-42232,0.00854,0.5407
CVE-2022-42233,0.42704,0.98561
CVE-2022-42234,0.00814,0.52767
CVE-2022-42235,0.00465,0.37224
CVE-2022-42236,0.00388,0.30955
CVE-2022-42237,0.0085,0.53898
CVE-2022-42238,0.00827,0.53213
CVE-2022-42241,0.00854,0.54071
CVE-2022-42242,0.00854,0.54071
CVE-2022-42243,0.00854,0.54071
CVE-2022-42245,0.00788,0.51934
CVE-2022-42246,0.00334,0.25466
CVE-2022-42247,0.02524,0.83026
CVE-2022-42248,0.00373,0.29449
CVE-2022-42249,0.00854,0.54072
CVE-2022-42250,0.00837,0.5352
CVE-2022-42252,0.01448,0.70266
CVE-2022-42254,0.00268,0.18486
CVE-2022-42255,0.00268,0.18487
CVE-2022-42256,0.00268,0.18487
CVE-2022-42257,0.00278,0.19734
CVE-2022-42258,0.00278,0.19735
CVE-2022-42259,0.00262,0.1769
CVE-2022-42260,0.00255,0.16889
CVE-2022-42261,0.00258,0.17172
CVE-2022-42262,0.0022,0.12544
CVE-2022-42263,0.00265,0.18042
CVE-2022-42264,0.00278,0.19694
CVE-2022-42265,0.00269,0.1859
CVE-2022-42266,0.00187,0.08521
CVE-2022-42267,0.00115,0.01805
CVE-2022-42268,0.00572,0.43327
CVE-2022-42269,0.0018,0.07667
CVE-2022-42270,0.00196,0.09479
CVE-2022-42271,0.00253,0.16665
CVE-2022-42272,0.00771,0.5139
CVE-2022-42273,0.00849,0.53876
CVE-2022-42274,0.00253,0.16657
CVE-2022-42275,0.00196,0.09529
CVE-2022-42276,0.00184,0.0812
CVE-2022-42277,0.00184,0.0812
CVE-2022-42278,0.00575,0.43478
CVE-2022-42279,0.01075,0.61088
CVE-2022-42280,0.00262,0.17696
CVE-2022-42281,0.00234,0.14186
CVE-2022-42282,0.00484,0.3837
CVE-2022-42283,0.0021,0.11265
CVE-2022-42284,0.00125,0.02608
CVE-2022-42285,0.00154,0.04951
CVE-2022-42286,0.00188,0.08545
CVE-2022-42287,0.0022,0.12497
CVE-2022-42288,0.00458,0.36744
CVE-2022-42289,0.01015,0.59224
CVE-2022-42290,0.01015,0.59223
CVE-2022-42291,0.00219,0.12367
CVE-2022-42292,0.00184,0.08186
CVE-2022-42299,0.00633,0.46148
CVE-2022-42300,0.00612,0.45158
CVE-2022-42301,0.00555,0.4246
CVE-2022-42302,0.00529,0.41017
CVE-2022-42303,0.00511,0.40003
CVE-2022-42304,0.00511,0.40003
CVE-2022-42305,0.00572,0.43339
CVE-2022-42306,0.0018,0.07745
CVE-2022-42307,0.00531,0.41161
CVE-2022-42308,0.00201,0.10059
CVE-2022-42309,0.00272,0.19035
CVE-2022-42310,0.00264,0.17927
CVE-2022-42311,0.00245,0.15629
CVE-2022-42312,0.00245,0.15628
CVE-2022-42313,0.00245,0.15629
CVE-2022-42314,0.00245,0.15628
CVE-2022-42315,0.00245,0.15627
CVE-2022-42316,0.00245,0.15629
CVE-2022-42317,0.00245,0.15627
CVE-2022-42318,0.00245,0.15628
CVE-2022-42319,0.00269,0.18621
CVE-2022-42320,0.0027,0.18684
CVE-2022-42321,0.00269,0.18621
CVE-2022-42322,0.00277,0.19635
CVE-2022-42323,0.00277,0.19634
CVE-2022-42324,0.0027,0.18682
CVE-2022-42325,0.00277,0.19635
CVE-2022-42326,0.00277,0.19635
CVE-2022-42327,0.00226,0.13222
CVE-2022-42328,0.00213,0.11551
CVE-2022-42329,0.0021,0.11198
CVE-2022-42330,0.01362,0.68543
CVE-2022-42331,0.00273,0.19219
CVE-2022-42332,0.00268,0.18526
CVE-2022-42333,0.01189,0.6428
CVE-2022-42334,0.00267,0.18446
CVE-2022-42335,0.00264,0.17931
CVE-2022-42336,0.00264,0.17866
CVE-2022-42339,0.02872,0.85188
CVE-2022-42340,0.33841,0.98201
CVE-2022-42341,0.35527,0.98267
CVE-2022-42342,0.00528,0.40981
CVE-2022-42343,0.01364,0.68573
CVE-2022-42344,0.01091,0.61499
CVE-2022-42345,0.0048,0.38157
CVE-2022-42346,0.0048,0.38159
CVE-2022-42348,0.0051,0.39946
CVE-2022-42349,0.0048,0.3816
CVE-2022-42350,0.0048,0.38161
CVE-2022-42351,0.00922,0.56181
CVE-2022-42352,0.0048,0.38154
CVE-2022-42354,0.0048,0.38156
CVE-2022-42356,0.0048,0.38155
CVE-2022-42357,0.0048,0.38155
CVE-2022-42360,0.00708,0.49169
CVE-2022-42362,0.0048,0.38157
CVE-2022-42364,0.0048,0.38157
CVE-2022-42365,0.0048,0.38156
CVE-2022-42366,0.00708,0.4917
CVE-2022-42367,0.00708,0.49171
CVE-2022-42369,0.00353,0.27424
CVE-2022-42370,0.00382,0.30282
CVE-2022-42371,0.00386,0.30788
CVE-2022-42372,0.00386,0.30791
CVE-2022-42373,0.00386,0.30789
CVE-2022-42374,0.00386,0.30789
CVE-2022-42375,0.00357,0.27856
CVE-2022-42376,0.00332,0.25298
CVE-2022-42377,0.00339,0.26001
CVE-2022-42378,0.0036,0.28112
CVE-2022-42379,0.0036,0.28111
CVE-2022-42380,0.0036,0.28112
CVE-2022-42381,0.0036,0.28112
CVE-2022-42382,0.0036,0.28113
CVE-2022-42383,0.00341,0.26203
CVE-2022-42384,0.00366,0.28761
CVE-2022-42385,0.00357,0.27856
CVE-2022-42386,0.00332,0.25297
CVE-2022-42387,0.00332,0.25297
CVE-2022-42388,0.00357,0.27855
CVE-2022-42389,0.00357,0.27852
CVE-2022-42390,0.00357,0.27854
CVE-2022-42391,0.00357,0.27854
CVE-2022-42392,0.00357,0.27853
CVE-2022-42393,0.00357,0.27853
CVE-2022-42394,0.00381,0.30184
CVE-2022-42395,0.00386,0.30791
CVE-2022-42396,0.00364,0.28597
CVE-2022-42397,0.00357,0.27853
CVE-2022-42398,0.00357,0.27855
CVE-2022-42399,0.00386,0.30789
CVE-2022-42400,0.00386,0.30789
CVE-2022-42401,0.00357,0.27854
CVE-2022-42402,0.00377,0.29795
CVE-2022-42403,0.00536,0.4145
CVE-2022-42404,0.00357,0.27855
CVE-2022-42405,0.00364,0.28597
CVE-2022-42406,0.00366,0.28761
CVE-2022-42407,0.00366,0.28761
CVE-2022-42408,0.00401,0.32288
CVE-2022-42409,0.00341,0.26203
CVE-2022-42410,0.0036,0.28111
CVE-2022-42411,0.00332,0.25298
CVE-2022-42412,0.00332,0.25298
CVE-2022-42413,0.00332,0.25298
CVE-2022-42414,0.00412,0.33224
CVE-2022-42415,0.00434,0.35061
CVE-2022-42416,0.00434,0.35061
CVE-2022-42417,0.00434,0.3506
CVE-2022-42418,0.0041,0.33028
CVE-2022-42419,0.00434,0.35061
CVE-2022-42420,0.00434,0.35061
CVE-2022-42421,0.00428,0.34575
CVE-2022-42423,0.00434,0.3506
CVE-2022-42424,0.76134,0.99478
CVE-2022-42425,0.76134,0.99478
CVE-2022-42426,0.0287,0.85176
CVE-2022-42427,0.76134,0.99478
CVE-2022-42428,0.0287,0.85176
CVE-2022-42429,0.77617,0.9951
CVE-2022-42430,0.00364,0.2856
CVE-2022-42431,0.00312,0.23123
CVE-2022-42432,0.0061,0.45054
CVE-2022-42433,0.00603,0.44755
CVE-2022-42435,0.00257,0.17044
CVE-2022-42436,0.0018,0.07772
CVE-2022-42438,0.00532,0.4121
CVE-2022-42439,0.00671,0.47738
CVE-2022-42442,0.00179,0.07557
CVE-2022-42443,0.0046,0.36908
CVE-2022-42444,0.01129,0.62631
CVE-2022-42445,0.00544,0.41854
CVE-2022-42446,0.0038,0.301
CVE-2022-42447,0.0035,0.27171
CVE-2022-42449,0.00218,0.12209
CVE-2022-42450,0.00182,0.07914
CVE-2022-42451,0.0015,0.0458
CVE-2022-42452,0.00341,0.2623
CVE-2022-42453,0.00267,0.18443
CVE-2022-42454,0.0021,0.11217
CVE-2022-42455,0.00161,0.0565
CVE-2022-42457,0.02237,0.80765
CVE-2022-42458,0.01078,0.61144
CVE-2022-42459,0.00798,0.52255
CVE-2022-42460,0.00403,0.32429
CVE-2022-42461,0.00636,0.46264
CVE-2022-42462,0.00392,0.31332
CVE-2022-42463,0.00289,0.20779
CVE-2022-42464,0.00185,0.08255
CVE-2022-42465,0.00159,0.05503
CVE-2022-42466,0.01178,0.63997
CVE-2022-42467,0.01198,0.64536
CVE-2022-42468,0.02719,0.84313
CVE-2022-42469,0.00437,0.35302
CVE-2022-42470,0.00346,0.26723
CVE-2022-42471,0.00463,0.3712
CVE-2022-42472,0.00464,0.37146
CVE-2022-42473,0.00169,0.06529
CVE-2022-42474,0.00642,0.46548
CVE-2022-42475,0.99474,0.9994
CVE-2022-42476,0.00217,0.12155
CVE-2022-42477,0.00187,0.08441
CVE-2022-42478,0.00534,0.41347
CVE-2022-42479,0.00177,0.07378
CVE-2022-42484,0.06013,0.92492
CVE-2022-42485,0.00383,0.30462
CVE-2022-42486,0.00586,0.43959
CVE-2022-42488,0.00175,0.07207
CVE-2022-42490,0.0347,0.87707
CVE-2022-42491,0.03233,0.86802
CVE-2022-42492,0.03233,0.86802
CVE-2022-42493,0.03499,0.87802
CVE-2022-42494,0.00553,0.4236
CVE-2022-42496,0.02067,0.79184
CVE-2022-42497,0.0106,0.60594
CVE-2022-42498,0.00489,0.38694
CVE-2022-42499,0.00503,0.39546
CVE-2022-42500,0.00104,0.0124
CVE-2022-42501,0.00097,0.00909
CVE-2022-42502,0.00097,0.00909
CVE-2022-42503,0.00116,0.01893
CVE-2022-42504,0.00122,0.02387
CVE-2022-42505,0.00122,0.02387
CVE-2022-42506,0.00122,0.02387
CVE-2022-42507,0.00119,0.02101
CVE-2022-42508,0.00119,0.02101
CVE-2022-42509,0.00119,0.02102
CVE-2022-42510,0.00118,0.02007
CVE-2022-42511,0.00119,0.02102
CVE-2022-42512,0.00117,0.0196
CVE-2022-42513,0.00119,0.02101
CVE-2022-42514,0.00117,0.01959
CVE-2022-42515,0.00116,0.01893
CVE-2022-42516,0.00117,0.01959
CVE-2022-42517,0.0012,0.02202
CVE-2022-42518,0.00119,0.02129
CVE-2022-42519,0.00124,0.02529
CVE-2022-42520,0.00124,0.02532
CVE-2022-42521,0.00124,0.02531
CVE-2022-42522,0.00122,0.02356
CVE-2022-42523,0.00124,0.0253
CVE-2022-42524,0.00541,0.41702
CVE-2022-42525,0.00124,0.02531
CVE-2022-42526,0.00124,0.0253
CVE-2022-42527,0.00598,0.4452
CVE-2022-42528,0.00095,0.00832
CVE-2022-42529,0.00392,0.31368
CVE-2022-42530,0.00119,0.02102
CVE-2022-42531,0.00138,0.03602
CVE-2022-42532,0.00119,0.02102
CVE-2022-42533,0.00093,0.00719
CVE-2022-42534,0.00122,0.02299
CVE-2022-42535,0.00151,0.04677
CVE-2022-42536,0.00474,0.37771
CVE-2022-42537,0.00474,0.37771
CVE-2022-42538,0.0031,0.2289
CVE-2022-42539,0.00262,0.17612
CVE-2022-42540,0.0031,0.22889
CVE-2022-42541,0.00512,0.40099
CVE-2022-42542,0.00121,0.02272
CVE-2022-42543,0.00094,0.00758
CVE-2022-42544,0.00148,0.04433
CVE-2022-42698,0.00893,0.55285
CVE-2022-42699,0.01319,0.675
CVE-2022-42703,0.00971,0.57824
CVE-2022-42704,0.00439,0.35393
CVE-2022-42705,0.01236,0.65583
CVE-2022-42706,0.01094,0.61654
CVE-2022-42707,0.0061,0.45072
CVE-2022-42710,0.00554,0.42408
CVE-2022-42711,0.00988,0.58363
CVE-2022-42715,0.00698,0.48792
CVE-2022-42716,0.01255,0.66047
CVE-2022-42717,0.00227,0.13402
CVE-2022-42718,0.00165,0.06063
CVE-2022-42719,0.0123,0.65413
CVE-2022-42720,0.00798,0.52268
CVE-2022-42721,0.00572,0.43334
CVE-2022-42722,0.00555,0.42457
CVE-2022-42724,0.00445,0.359
CVE-2022-42725,0.01238,0.65604
CVE-2022-42731,0.01005,0.58914
CVE-2022-42732,0.00624,0.45779
CVE-2022-42733,0.00624,0.45779
CVE-2022-42734,0.00548,0.42064
CVE-2022-42735,0.0119,0.64309
CVE-2022-42743,0.00615,0.4531
CVE-2022-42744,0.01197,0.64493
CVE-2022-42745,0.00804,0.52452
CVE-2022-42746,0.01117,0.62298
CVE-2022-42747,0.01071,0.60956
CVE-2022-42748,0.01071,0.60956
CVE-2022-42749,0.01071,0.60956
CVE-2022-42750,0.00969,0.57773
CVE-2022-42751,0.00422,0.34187
CVE-2022-42753,0.00434,0.35078
CVE-2022-42754,0.00084,0.00367
CVE-2022-42755,0.00084,0.00358
CVE-2022-42756,0.00093,0.00689
CVE-2022-42757,0.00083,0.00303
CVE-2022-42758,0.00083,0.00303
CVE-2022-42759,0.00084,0.00358
CVE-2022-42760,0.00084,0.00371
CVE-2022-42761,0.00084,0.00371
CVE-2022-42762,0.00084,0.00357
CVE-2022-42763,0.00084,0.0037
CVE-2022-42764,0.00084,0.00369
CVE-2022-42765,0.00082,0.00293
CVE-2022-42766,0.0008,0.00228
CVE-2022-42767,0.0008,0.00237
CVE-2022-42768,0.00268,0.18503
CVE-2022-42769,0.00083,0.00303
CVE-2022-42770,0.00062,0.00015
CVE-2022-42771,0.00062,0.00014
CVE-2022-42772,0.00081,0.00258
CVE-2022-42773,0.00084,0.00359
CVE-2022-42774,0.00084,0.00366
CVE-2022-42775,0.00067,0.00034
CVE-2022-42776,0.00091,0.0061
CVE-2022-42777,0.00091,0.0061
CVE-2022-42778,0.0009,0.00579
CVE-2022-42779,0.00084,0.00368
CVE-2022-42780,0.00084,0.00369
CVE-2022-42781,0.00084,0.00369
CVE-2022-42782,0.00082,0.00281
CVE-2022-42783,0.00089,0.00542
CVE-2022-42784,0.00248,0.15959
CVE-2022-42785,0.01001,0.58782
CVE-2022-42786,0.00429,0.34663
CVE-2022-42787,0.00734,0.50146
CVE-2022-42788,0.00281,0.20068
CVE-2022-42789,0.00305,0.22371
CVE-2022-42790,0.00292,0.21078
CVE-2022-42791,0.00227,0.13359
CVE-2022-42792,0.00233,0.1411
CVE-2022-42793,0.00199,0.09841
CVE-2022-42795,0.01291,0.66897
CVE-2022-42796,0.00292,0.21058
CVE-2022-42797,0.0031,0.22888
CVE-2022-42798,0.00305,0.22383
CVE-2022-42799,0.01192,0.64366
CVE-2022-42800,0.00343,0.26374
CVE-2022-42801,0.00507,0.39761
CVE-2022-42803,0.00196,0.09538
CVE-2022-42805,0.00325,0.24547
CVE-2022-42806,0.00186,0.08351
CVE-2022-42807,0.00356,0.27766
CVE-2022-42808,0.01996,0.78384
CVE-2022-42809,0.00345,0.26593
CVE-2022-42810,0.00302,0.22009
CVE-2022-42811,0.00274,0.193
CVE-2022-42813,0.00928,0.56365
CVE-2022-42814,0.00284,0.20317
CVE-2022-42815,0.0027,0.18716
CVE-2022-42816,0.00227,0.13427
CVE-2022-42817,0.00694,0.48661
CVE-2022-42818,0.00688,0.48449
CVE-2022-42819,0.00286,0.20536
CVE-2022-42820,0.00311,0.23028
CVE-2022-42821,0.03897,0.89049
CVE-2022-42823,0.0141,0.69533
CVE-2022-42824,0.00326,0.24577
CVE-2022-42825,0.00275,0.19382
CVE-2022-42826,0.00775,0.5152
CVE-2022-42827,0.01136,0.62788
CVE-2022-42828,0.00617,0.4541
CVE-2022-42829,0.00307,0.22577
CVE-2022-42830,0.00307,0.22577
CVE-2022-42831,0.00176,0.0724
CVE-2022-42832,0.00176,0.0724
CVE-2022-42833,0.00255,0.16843
CVE-2022-42834,0.00233,0.14087
CVE-2022-42837,0.02062,0.79125
CVE-2022-42838,0.00224,0.12978
CVE-2022-42839,0.00173,0.0687
CVE-2022-42840,0.00372,0.29318
CVE-2022-42841,0.00361,0.28292
CVE-2022-42842,0.02227,0.80679
CVE-2022-42843,0.00384,0.30513
CVE-2022-42844,0.00368,0.2893
CVE-2022-42845,0.01646,0.73727
CVE-2022-42846,0.00335,0.25562
CVE-2022-42847,0.00371,0.29251
CVE-2022-42848,0.00286,0.20537
CVE-2022-42849,0.00252,0.16539
CVE-2022-42850,0.00387,0.30861
CVE-2022-42851,0.0034,0.26087
CVE-2022-42852,0.00939,0.56791
CVE-2022-42853,0.00242,0.15301
CVE-2022-42854,0.00294,0.21219
CVE-2022-42855,0.00525,0.40814
CVE-2022-42856,0.08523,0.94413
CVE-2022-42858,0.00248,0.16063
CVE-2022-42859,0.00325,0.24515
CVE-2022-42860,0.00157,0.05289
CVE-2022-42861,0.0027,0.18706
CVE-2022-42862,0.00317,0.23618
CVE-2022-42863,0.01119,0.62365
CVE-2022-42864,0.00856,0.54154
CVE-2022-42865,0.00307,0.22614
CVE-2022-42866,0.0032,0.23958
CVE-2022-42867,0.34574,0.9823
CVE-2022-42878,0.00185,0.08312
CVE-2022-42879,0.00206,0.10689
CVE-2022-42880,0.00216,0.11997
CVE-2022-42882,0.00785,0.51842
CVE-2022-42883,0.00652,0.46967
CVE-2022-42884,0.00439,0.35386
CVE-2022-42885,0.00816,0.52862
CVE-2022-42888,0.00689,0.48492
CVE-2022-42889,0.99931,0.99968
CVE-2022-42890,0.0232,0.81483
CVE-2022-42891,0.00548,0.42064
CVE-2022-42892,0.00575,0.4348
CVE-2022-42893,0.00548,0.42064
CVE-2022-42894,0.00577,0.43555
CVE-2022-42895,0.00395,0.31677
CVE-2022-42896,0.02014,0.78618
CVE-2022-42897,0.01504,0.71369
CVE-2022-42898,0.06419,0.92894
CVE-2022-42899,0.00649,0.46851
CVE-2022-42900,0.00286,0.20537
CVE-2022-42901,0.00285,0.20385
CVE-2022-42902,0.01259,0.66164
CVE-2022-42903,0.00492,0.38903
CVE-2022-42904,0.0767,0.9389
CVE-2022-42905,0.01959,0.77988
CVE-2022-42906,0.0042,0.33986
CVE-2022-42908,0.00368,0.28886
CVE-2022-42909,0.00363,0.28504
CVE-2022-42915,0.02927,0.85463
CVE-2022-42916,0.01644,0.73702
CVE-2022-42919,0.00625,0.45802
CVE-2022-42920,0.02836,0.85012
CVE-2022-42923,0.00585,0.43924
CVE-2022-42924,0.00437,0.35257
CVE-2022-42925,0.00863,0.54365
CVE-2022-42927,0.00414,0.3346
CVE-2022-42928,0.0083,0.53289
CVE-2022-42929,0.0073,0.49991
CVE-2022-42930,0.00391,0.3123
CVE-2022-42931,0.00136,0.03457
CVE-2022-42932,0.00712,0.4933
CVE-2022-42933,0.00338,0.25848
CVE-2022-42934,0.00338,0.25849
CVE-2022-42935,0.00338,0.25849
CVE-2022-42936,0.00374,0.29585
CVE-2022-42937,0.00338,0.25848
CVE-2022-42938,0.00338,0.25849
CVE-2022-42939,0.00374,0.29583
CVE-2022-42940,0.00374,0.29584
CVE-2022-42941,0.00374,0.29584
CVE-2022-42942,0.00374,0.29584
CVE-2022-42943,0.00374,0.29584
CVE-2022-42944,0.00374,0.29585
CVE-2022-42945,0.00255,0.16817
CVE-2022-42946,0.00266,0.18109
CVE-2022-42947,0.00277,0.19563
CVE-2022-42948,0.02706,0.84236
CVE-2022-42949,0.00524,0.40787
CVE-2022-42950,0.00956,0.57309
CVE-2022-42951,0.00657,0.47179
CVE-2022-42953,0.04834,0.9097
CVE-2022-42954,0.00341,0.2623
CVE-2022-42955,0.00356,0.27787
CVE-2022-42956,0.00356,0.27787
CVE-2022-42960,0.00353,0.27475
CVE-2022-42961,0.00527,0.40918
CVE-2022-42964,0.00816,0.52845
CVE-2022-42965,0.00816,0.52845
CVE-2022-42966,0.00909,0.55784
CVE-2022-42967,0.00821,0.53027
CVE-2022-42968,0.01051,0.60316
CVE-2022-42969,0.01546,0.72112
CVE-2022-42970,0.00712,0.49312
CVE-2022-42971,0.01071,0.6097
CVE-2022-42972,0.00177,0.07427
CVE-2022-42973,0.00163,0.05863
CVE-2022-42974,0.00168,0.06337
CVE-2022-42975,0.0052,0.40562
CVE-2022-42977,0.00956,0.57314
CVE-2022-42978,0.00803,0.52423
CVE-2022-42979,0.24328,0.97609
CVE-2022-42980,0.00764,0.51136
CVE-2022-42982,0.00661,0.47366
CVE-2022-42983,0.01217,0.65066
CVE-2022-42984,0.00714,0.4943
CVE-2022-42985,0.00358,0.27967
CVE-2022-42989,0.00838,0.53543
CVE-2022-42990,0.00804,0.52466
CVE-2022-42991,0.00447,0.36035
CVE-2022-42992,0.00447,0.36036
CVE-2022-42993,0.00447,0.36033
CVE-2022-42998,0.01191,0.64352
CVE-2022-42999,0.02682,0.84077
CVE-2022-43000,0.01191,0.64351
CVE-2022-43001,0.01191,0.6435
CVE-2022-43002,0.01191,0.64351
CVE-2022-43003,0.01191,0.64352
CVE-2022-43014,0.01278,0.66619
CVE-2022-43015,0.01278,0.66619
CVE-2022-43016,0.01333,0.67843
CVE-2022-43017,0.01333,0.67842
CVE-2022-43018,0.01333,0.67843
CVE-2022-43019,0.01842,0.7652
CVE-2022-43020,0.00777,0.51581
CVE-2022-43021,0.00777,0.5158
CVE-2022-43022,0.00777,0.51581
CVE-2022-43023,0.00777,0.5158
CVE-2022-43024,0.00755,0.50803
CVE-2022-43025,0.00755,0.50802
CVE-2022-43026,0.00755,0.50806
CVE-2022-43027,0.00755,0.50803
CVE-2022-43028,0.00755,0.50804
CVE-2022-43029,0.00755,0.50804
CVE-2022-43030,0.01856,0.76727
CVE-2022-43031,0.00528,0.40972
CVE-2022-43032,0.0061,0.45078
CVE-2022-43033,0.0061,0.45078
CVE-2022-43034,0.0061,0.45072
CVE-2022-43035,0.0061,0.45078
CVE-2022-43037,0.00586,0.43971
CVE-2022-43038,0.00586,0.43965
CVE-2022-43039,0.00329,0.24905
CVE-2022-43040,0.00313,0.23226
CVE-2022-43042,0.00346,0.26729
CVE-2022-43043,0.00274,0.19239
CVE-2022-43044,0.00274,0.19238
CVE-2022-43045,0.00274,0.19238
CVE-2022-43046,0.00457,0.36691
CVE-2022-43049,0.00726,0.49846
CVE-2022-43050,0.0095,0.57125
CVE-2022-43051,0.00726,0.49855
CVE-2022-43052,0.00726,0.49855
CVE-2022-43058,0.00639,0.46405
CVE-2022-43061,0.0095,0.57125
CVE-2022-43062,0.00726,0.49848
CVE-2022-43063,0.00726,0.49855
CVE-2022-43066,0.00821,0.53023
CVE-2022-43068,0.00726,0.49856
CVE-2022-43071,0.00333,0.25379
CVE-2022-43074,0.00916,0.56006
CVE-2022-43076,0.00457,0.36691
CVE-2022-43078,0.00457,0.3669
CVE-2022-43079,0.00473,0.37707
CVE-2022-43081,0.00751,0.50707
CVE-2022-43082,0.00473,0.37705
CVE-2022-43083,0.01056,0.60481
CVE-2022-43084,0.00457,0.3669
CVE-2022-43085,0.01056,0.6048
CVE-2022-43086,0.00726,0.49823
CVE-2022-43096,0.00536,0.41422
CVE-2022-43097,0.00546,0.41964
CVE-2022-43101,0.00928,0.5638
CVE-2022-43102,0.00928,0.5638
CVE-2022-43103,0.00928,0.56381
CVE-2022-43104,0.00928,0.56381
CVE-2022-43105,0.00928,0.56382
CVE-2022-43106,0.00928,0.56382
CVE-2022-43107,0.00928,0.56383
CVE-2022-43108,0.00928,0.56382
CVE-2022-43109,0.03735,0.88566
CVE-2022-43110,0.00616,0.45387
CVE-2022-43117,0.00767,0.51232
CVE-2022-43118,0.00406,0.32763
CVE-2022-43119,0.00473,0.37704
CVE-2022-43120,0.00498,0.39237
CVE-2022-43121,0.0058,0.43682
CVE-2022-43124,0.00726,0.4986
CVE-2022-43125,0.00726,0.49846
CVE-2022-43126,0.00726,0.49847
CVE-2022-43127,0.00726,0.49847
CVE-2022-43135,0.00752,0.50726
CVE-2022-43138,0.01203,0.64651
CVE-2022-43140,0.01949,0.77881
CVE-2022-43142,0.00423,0.34233
CVE-2022-43143,0.00823,0.53091
CVE-2022-43144,0.00949,0.57094
CVE-2022-43146,0.00979,0.58103
CVE-2022-43148,0.0027,0.18673
CVE-2022-43151,0.0027,0.18685
CVE-2022-43152,0.0027,0.18673
CVE-2022-43162,0.00726,0.49856
CVE-2022-43163,0.00726,0.49856
CVE-2022-43164,0.00874,0.54718
CVE-2022-43165,0.00874,0.54718
CVE-2022-43166,0.00874,0.54719
CVE-2022-43167,0.00929,0.56447
CVE-2022-43168,0.00831,0.53343
CVE-2022-43169,0.00874,0.54718
CVE-2022-43170,0.00874,0.54719
CVE-2022-43171,0.0066,0.47308
CVE-2022-43179,0.00726,0.49857
CVE-2022-43183,0.01602,0.73011
CVE-2022-43184,0.01748,0.75211
CVE-2022-43185,0.00961,0.57448
CVE-2022-43192,0.00345,0.26609
CVE-2022-43196,0.00682,0.48192
CVE-2022-43212,0.00871,0.54637
CVE-2022-43213,0.00787,0.51923
CVE-2022-43214,0.0089,0.55175
CVE-2022-43215,0.00871,0.54638
CVE-2022-43216,0.0049,0.38788
CVE-2022-43221,0.00845,0.5373
CVE-2022-43222,0.00845,0.53732
CVE-2022-43223,0.00845,0.53732
CVE-2022-43226,0.00826,0.53164
CVE-2022-43227,0.00726,0.49858
CVE-2022-43228,0.00848,0.53855
CVE-2022-43229,0.01066,0.60842
CVE-2022-43230,0.00804,0.52467
CVE-2022-43231,0.01091,0.61517
CVE-2022-43232,0.00848,0.53855
CVE-2022-43233,0.00804,0.52468
CVE-2022-43234,0.00935,0.5664
CVE-2022-43235,0.00825,0.53153
CVE-2022-43236,0.00856,0.54133
CVE-2022-43237,0.00856,0.54133
CVE-2022-43238,0.00856,0.54134
CVE-2022-43239,0.00844,0.53695
CVE-2022-43240,0.00844,0.53697
CVE-2022-43241,0.00844,0.53695
CVE-2022-43242,0.00856,0.54134
CVE-2022-43243,0.00844,0.53695
CVE-2022-43244,0.00844,0.53694
CVE-2022-43245,0.00844,0.53694
CVE-2022-43248,0.00844,0.53696
CVE-2022-43249,0.00844,0.53696
CVE-2022-43250,0.00844,0.53694
CVE-2022-43252,0.00844,0.53695
CVE-2022-43253,0.00844,0.53696
CVE-2022-43254,0.00277,0.19584
CVE-2022-43255,0.00284,0.2029
CVE-2022-43256,0.0085,0.539
CVE-2022-43259,0.00744,0.50462
CVE-2022-43260,0.00838,0.53557
CVE-2022-43262,0.00752,0.50731
CVE-2022-43263,0.00463,0.37102
CVE-2022-43264,0.0092,0.56136
CVE-2022-43265,0.00891,0.55209
CVE-2022-43271,0.00522,0.40674
CVE-2022-43272,0.01568,0.72472
CVE-2022-43275,0.0095,0.57124
CVE-2022-43276,0.00726,0.49859
CVE-2022-43277,0.0095,0.57125
CVE-2022-43278,0.00726,0.49861
CVE-2022-43279,0.0086,0.54267
CVE-2022-43280,0.00304,0.22321
CVE-2022-43281,0.0032,0.24031
CVE-2022-43282,0.00304,0.22321
CVE-2022-43283,0.0027,0.18685
CVE-2022-43284,0.00797,0.52215
CVE-2022-43285,0.0074,0.50338
CVE-2022-43286,0.00898,0.55424
CVE-2022-43288,0.00826,0.53165
CVE-2022-43289,0.00408,0.3287
CVE-2022-43290,0.00726,0.49858
CVE-2022-43291,0.00726,0.49861
CVE-2022-43292,0.00726,0.49861
CVE-2022-43293,0.0075,0.50675
CVE-2022-43294,0.00879,0.54868
CVE-2022-43295,0.00252,0.16433
CVE-2022-43303,0.01012,0.59141
CVE-2022-43304,0.01012,0.59141
CVE-2022-43305,0.01012,0.5914
CVE-2022-43306,0.00972,0.57854
CVE-2022-43308,0.0028,0.19892
CVE-2022-43309,0.00151,0.04723
CVE-2022-43310,0.01553,0.72265
CVE-2022-43317,0.00473,0.37708
CVE-2022-43318,0.00809,0.52616
CVE-2022-43319,0.00706,0.49083
CVE-2022-43320,0.00406,0.32764
CVE-2022-43321,0.00406,0.32764
CVE-2022-43323,0.00367,0.28822
CVE-2022-43325,0.03211,0.86698
CVE-2022-43326,0.00664,0.4748
CVE-2022-43328,0.00582,0.43783
CVE-2022-43329,0.00582,0.43782
CVE-2022-43330,0.00582,0.43782
CVE-2022-43331,0.00582,0.43783
CVE-2022-43332,0.00563,0.42912
CVE-2022-43333,0.01642,0.73668
CVE-2022-43340,0.0035,0.2715
CVE-2022-43342,0.00485,0.38431
CVE-2022-43343,0.0108,0.61205
CVE-2022-43350,0.00821,0.53025
CVE-2022-43351,0.00808,0.52594
CVE-2022-43352,0.00821,0.53025
CVE-2022-43353,0.00804,0.52467
CVE-2022-43354,0.00804,0.52468
CVE-2022-43355,0.00821,0.53024
CVE-2022-43357,0.01252,0.66001
CVE-2022-43358,0.01252,0.66001
CVE-2022-43359,0.00357,0.27819
CVE-2022-43361,0.00392,0.31379
CVE-2022-43362,0.00716,0.49471
CVE-2022-43363,0.00434,0.35078
CVE-2022-43364,0.00683,0.4825
CVE-2022-43365,0.00815,0.52806
CVE-2022-43366,0.00805,0.52496
CVE-2022-43367,0.05182,0.91492
CVE-2022-43369,0.0051,0.39979
CVE-2022-43372,0.00392,0.31379
CVE-2022-43376,0.00379,0.30075
CVE-2022-43377,0.0063,0.45987
CVE-2022-43378,0.00462,0.37048
CVE-2022-43380,0.00185,0.08237
CVE-2022-43381,0.00185,0.08237
CVE-2022-43382,0.00179,0.07543
CVE-2022-43384,0.00249,0.16138
CVE-2022-43389,0.00611,0.45091
CVE-2022-43390,0.01084,0.61342
CVE-2022-43391,0.00722,0.49697
CVE-2022-43392,0.00624,0.45775
CVE-2022-43393,0.00562,0.42825
CVE-2022-43396,0.56844,0.98953
CVE-2022-43397,0.00228,0.13601
CVE-2022-43398,0.00489,0.38737
CVE-2022-43400,0.00883,0.54988
CVE-2022-43401,0.01211,0.64889
CVE-2022-43402,0.0116,0.63442
CVE-2022-43403,0.01428,0.69893
CVE-2022-43404,0.01095,0.61663
CVE-2022-43405,0.01161,0.63504
CVE-2022-43406,0.01095,0.61663
CVE-2022-43407,0.00493,0.38956
CVE-2022-43408,0.00443,0.35707
CVE-2022-43409,0.00655,0.47076
CVE-2022-43410,0.00655,0.47066
CVE-2022-43411,0.00655,0.47066
CVE-2022-43412,0.00501,0.39377
CVE-2022-43413,0.00537,0.41503
CVE-2022-43414,0.00635,0.46223
CVE-2022-43415,0.00875,0.54771
CVE-2022-43416,0.01088,0.61443
CVE-2022-43417,0.00554,0.42399
CVE-2022-43418,0.00397,0.31885
CVE-2022-43419,0.00668,0.47623
CVE-2022-43420,0.00639,0.46382
CVE-2022-43421,0.00665,0.47519
CVE-2022-43422,0.00666,0.47542
CVE-2022-43423,0.00579,0.43642
CVE-2022-43424,0.00647,0.46745
CVE-2022-43425,0.00772,0.51411
CVE-2022-43426,0.00512,0.40076
CVE-2022-43427,0.00457,0.36717
CVE-2022-43428,0.00647,0.46745
CVE-2022-43429,0.006,0.44613
CVE-2022-43430,0.00712,0.4932
CVE-2022-43431,0.0045,0.3621
CVE-2022-43432,0.00542,0.41765
CVE-2022-43433,0.00511,0.39997
CVE-2022-43434,0.00639,0.46387
CVE-2022-43435,0.00617,0.4542
CVE-2022-43436,0.00863,0.54366
CVE-2022-43437,0.00933,0.56586
CVE-2022-43438,0.00794,0.52115
CVE-2022-43439,0.01488,0.7106
CVE-2022-43440,0.0023,0.13833
CVE-2022-43441,0.02356,0.81782
CVE-2022-43442,0.00295,0.21392
CVE-2022-43443,0.0079,0.51995
CVE-2022-43447,0.00619,0.45512
CVE-2022-43448,0.00243,0.15435
CVE-2022-43449,0.00173,0.0693
CVE-2022-43450,0.00652,0.46984
CVE-2022-43451,0.00186,0.08352
CVE-2022-43452,0.07686,0.939
CVE-2022-43453,0.00469,0.37456
CVE-2022-43454,0.00206,0.107
CVE-2022-43455,0.00587,0.43994
CVE-2022-43456,0.0015,0.04605
CVE-2022-43457,0.00619,0.45512
CVE-2022-43458,0.00386,0.30753
CVE-2022-43459,0.00271,0.18838
CVE-2022-43460,0.00536,0.41421
CVE-2022-43461,0.0038,0.30154
CVE-2022-43462,0.00723,0.49708
CVE-2022-43463,0.00392,0.31337
CVE-2022-43464,0.00999,0.58708
CVE-2022-43465,0.00156,0.05149
CVE-2022-43466,0.00778,0.51604
CVE-2022-43467,0.00843,0.53676
CVE-2022-43468,0.00846,0.53792
CVE-2022-43469,0.00264,0.17846
CVE-2022-43470,0.00225,0.13061
CVE-2022-43472,0.00552,0.42318
CVE-2022-43473,0.19807,0.97107
CVE-2022-43474,0.00169,0.0651
CVE-2022-43475,0.00168,0.06364
CVE-2022-43476,0.00359,0.28062
CVE-2022-43477,0.00216,0.11992
CVE-2022-43479,0.00918,0.56065
CVE-2022-43480,0.00392,0.31354
CVE-2022-43481,0.00258,0.17183
CVE-2022-43482,0.00494,0.39016
CVE-2022-43483,0.01236,0.65565
CVE-2022-43484,0.00407,0.3284
CVE-2022-43485,0.00474,0.37776
CVE-2022-43486,0.00363,0.28432
CVE-2022-43487,0.00785,0.51831
CVE-2022-43488,0.00243,0.15381
CVE-2022-43490,0.00264,0.17846
CVE-2022-43491,0.00277,0.19575
CVE-2022-43492,0.00593,0.44257
CVE-2022-43494,0.00546,0.4199
CVE-2022-43495,0.00616,0.45374
CVE-2022-43497,0.00958,0.57348
CVE-2022-43499,0.00826,0.53168
CVE-2022-43500,0.00729,0.49953
CVE-2022-43501,0.00565,0.43011
CVE-2022-43504,0.01404,0.69425
CVE-2022-43505,0.00158,0.05322
CVE-2022-43506,0.00685,0.48344
CVE-2022-43507,0.00611,0.45104
CVE-2022-43508,0.00249,0.16145
CVE-2022-43509,0.00242,0.15226
CVE-2022-43512,0.00255,0.1684
CVE-2022-43513,0.00965,0.57585
CVE-2022-43514,0.01543,0.72073
CVE-2022-43515,0.01207,0.64764
CVE-2022-43516,0.00913,0.55901
CVE-2022-43517,0.00206,0.10651
CVE-2022-43518,0.00703,0.49012
CVE-2022-43519,0.00952,0.57191
CVE-2022-43520,0.00952,0.5719
CVE-2022-43521,0.00952,0.57191
CVE-2022-43522,0.00952,0.5719
CVE-2022-43523,0.00952,0.5719
CVE-2022-43524,0.00507,0.39759
CVE-2022-43525,0.00462,0.36994
CVE-2022-43526,0.00462,0.36994
CVE-2022-43527,0.00462,0.36994
CVE-2022-43528,0.00368,0.28944
CVE-2022-43529,0.00425,0.34362
CVE-2022-43530,0.00952,0.5719
CVE-2022-43531,0.00805,0.52509
CVE-2022-43532,0.00421,0.34099
CVE-2022-43533,0.00218,0.12187
CVE-2022-43534,0.00218,0.12187
CVE-2022-43535,0.0018,0.07782
CVE-2022-43536,0.0141,0.69529
CVE-2022-43537,0.01437,0.70058
CVE-2022-43538,0.01437,0.70058
CVE-2022-43539,0.00272,0.1911
CVE-2022-43540,0.00176,0.07235
CVE-2022-43541,0.01525,0.71737
CVE-2022-43542,0.01163,0.63567
CVE-2022-43543,0.00488,0.38671
CVE-2022-43545,0.01355,0.6837
CVE-2022-43546,0.01504,0.71371
CVE-2022-43548,0.14024,0.96129
CVE-2022-43549,0.00719,0.49585
CVE-2022-43550,0.01793,0.75857
CVE-2022-43551,0.1654,0.96634
CVE-2022-43552,0.02511,0.82927
CVE-2022-43553,0.01046,0.60196
CVE-2022-43554,0.0046,0.3692
CVE-2022-43555,0.0046,0.3692
CVE-2022-43556,0.00615,0.45338
CVE-2022-43557,0.00218,0.1222
CVE-2022-43561,0.00634,0.46192
CVE-2022-43562,0.00412,0.33219
CVE-2022-43563,0.00595,0.44362
CVE-2022-43564,0.00794,0.52135
CVE-2022-43565,0.00595,0.44362
CVE-2022-43566,0.00778,0.51592
CVE-2022-43567,0.01194,0.64423
CVE-2022-43568,0.42801,0.98564
CVE-2022-43569,0.007,0.48884
CVE-2022-43570,0.00656,0.47135
CVE-2022-43571,0.14314,0.96186
CVE-2022-43572,0.00766,0.51199
CVE-2022-43573,0.00473,0.37681
CVE-2022-43574,0.0046,0.36905
CVE-2022-43575,0.00249,0.16139
CVE-2022-43578,0.00371,0.29238
CVE-2022-43579,0.00371,0.2924
CVE-2022-43581,0.00685,0.48341
CVE-2022-43588,0.00329,0.24939
CVE-2022-43589,0.00329,0.24938
CVE-2022-43590,0.00329,0.24938
CVE-2022-43591,0.01144,0.62999
CVE-2022-43592,0.01123,0.62453
CVE-2022-43593,0.01325,0.67632
CVE-2022-43594,0.01266,0.66333
CVE-2022-43595,0.01244,0.65789
CVE-2022-43596,0.01132,0.627
CVE-2022-43597,0.01845,0.76557
CVE-2022-43598,0.01808,0.76048
CVE-2022-43599,0.01962,0.78009
CVE-2022-43600,0.0166,0.73941
CVE-2022-43601,0.0166,0.73941
CVE-2022-43602,0.01922,0.77545
CVE-2022-43603,0.01325,0.67633
CVE-2022-43604,0.14372,0.962
CVE-2022-43605,0.14372,0.962
CVE-2022-43606,0.08047,0.94119
CVE-2022-43607,0.00796,0.52202
CVE-2022-43608,0.0083,0.53314
CVE-2022-43609,0.00534,0.41363
CVE-2022-43610,0.00807,0.52577
CVE-2022-43611,0.00828,0.53244
CVE-2022-43612,0.00828,0.53243
CVE-2022-43613,0.00926,0.56335
CVE-2022-43614,0.00873,0.5471
CVE-2022-43615,0.00828,0.53244
CVE-2022-43616,0.00873,0.5471
CVE-2022-43617,0.00873,0.5471
CVE-2022-43618,0.00873,0.54711
CVE-2022-43619,0.00813,0.52747
CVE-2022-43620,0.01052,0.60365
CVE-2022-43621,0.02172,0.80193
CVE-2022-43622,0.01006,0.58951
CVE-2022-43623,0.01085,0.61366
CVE-2022-43624,0.01085,0.61365
CVE-2022-43625,0.01075,0.61076
CVE-2022-43626,0.01085,0.61365
CVE-2022-43627,0.01085,0.61366
CVE-2022-43628,0.0087,0.546
CVE-2022-43629,0.01085,0.61367
CVE-2022-43630,0.01006,0.58951
CVE-2022-43631,0.01085,0.61367
CVE-2022-43632,0.01085,0.61365
CVE-2022-43633,0.01085,0.61366
CVE-2022-43634,0.18903,0.96965
CVE-2022-43635,0.00587,0.44026
CVE-2022-43636,0.00905,0.55639
CVE-2022-43637,0.01091,0.61512
CVE-2022-43638,0.01091,0.61512
CVE-2022-43639,0.01091,0.61512
CVE-2022-43640,0.00929,0.5643
CVE-2022-43641,0.00956,0.57302
CVE-2022-43642,0.00962,0.57517
CVE-2022-43643,0.01947,0.77843
CVE-2022-43644,0.00962,0.57516
CVE-2022-43645,0.00962,0.57516
CVE-2022-43646,0.00962,0.57516
CVE-2022-43647,0.00962,0.57516
CVE-2022-43648,0.00923,0.56231
CVE-2022-43649,0.01122,0.62425
CVE-2022-43650,0.23043,0.97488
CVE-2022-43651,0.00313,0.23209
CVE-2022-43652,0.00296,0.21497
CVE-2022-43653,0.00312,0.23125
CVE-2022-43654,0.01144,0.63
CVE-2022-43655,0.00285,0.20386
CVE-2022-43656,0.00296,0.21433
CVE-2022-43660,0.00972,0.5785
CVE-2022-43662,0.00181,0.07833
CVE-2022-43663,0.14039,0.96132
CVE-2022-43664,0.00526,0.4088
CVE-2022-43665,0.00327,0.24708
CVE-2022-43666,0.00216,0.11993
CVE-2022-43667,0.00268,0.18506
CVE-2022-43668,0.00357,0.27814
CVE-2022-43670,0.01385,0.69022
CVE-2022-43671,0.7483,0.99448
CVE-2022-43672,0.67078,0.99216
CVE-2022-43673,0.0028,0.19885
CVE-2022-43675,0.0037,0.29101
CVE-2022-43677,0.00717,0.49501
CVE-2022-43679,0.00323,0.24273
CVE-2022-43680,0.0226,0.80945
CVE-2022-43681,0.02107,0.79607
CVE-2022-43684,0.018,0.75946
CVE-2022-43685,0.00679,0.4809
CVE-2022-43686,0.00989,0.58415
CVE-2022-43687,0.00584,0.43861
CVE-2022-43688,0.0055,0.42202
CVE-2022-43689,0.00649,0.46855
CVE-2022-43690,0.00594,0.44299
CVE-2022-43691,0.00437,0.35294
CVE-2022-43692,0.0059,0.44178
CVE-2022-43693,0.0044,0.35541
CVE-2022-43694,0.0059,0.44177
CVE-2022-43695,0.006,0.44605
CVE-2022-43696,0.00428,0.34623
CVE-2022-43697,0.00428,0.34624
CVE-2022-43698,0.00462,0.37029
CVE-2022-43699,0.00462,0.37028
CVE-2022-43701,0.00173,0.06893
CVE-2022-43702,0.00159,0.05494
CVE-2022-43703,0.00183,0.08009
CVE-2022-43704,0.01868,0.76878
CVE-2022-43705,0.00415,0.33521
CVE-2022-43706,0.00389,0.31041
CVE-2022-43707,0.00469,0.37465
CVE-2022-43708,0.00365,0.28659
CVE-2022-43709,0.00645,0.46667
CVE-2022-43710,0.00236,0.1453
CVE-2022-43711,0.00312,0.23115
CVE-2022-43712,0.00392,0.31304
CVE-2022-43713,0.0043,0.34712
CVE-2022-43716,0.00954,0.57251
CVE-2022-43717,0.0124,0.65658
CVE-2022-43718,0.01302,0.67138
CVE-2022-43719,0.00567,0.43096
CVE-2022-43720,0.01243,0.65769
CVE-2022-43721,0.00994,0.58551
CVE-2022-43722,0.00217,0.12069
CVE-2022-43723,0.00919,0.56097
CVE-2022-43724,0.00622,0.45674
CVE-2022-43740,0.00772,0.51392
CVE-2022-43747,0.00864,0.54408
CVE-2022-43748,0.00706,0.49113
CVE-2022-43749,0.00605,0.44863
CVE-2022-43750,0.00325,0.24494
CVE-2022-43751,0.0022,0.12446
CVE-2022-43752,0.00313,0.23291
CVE-2022-43753,0.00733,0.50108
CVE-2022-43754,0.00382,0.30304
CVE-2022-43755,0.0172,0.74829
CVE-2022-43756,0.00684,0.48304
CVE-2022-43757,0.00553,0.42334
CVE-2022-43758,0.00981,0.58143
CVE-2022-43759,0.00677,0.47996
CVE-2022-43760,0.00714,0.49428
CVE-2022-43761,0.00551,0.42252
CVE-2022-43762,0.00619,0.45515
CVE-2022-43763,0.00616,0.45383
CVE-2022-43764,0.00776,0.51529
CVE-2022-43765,0.00616,0.45374
CVE-2022-43766,0.01341,0.68025
CVE-2022-43767,0.00723,0.49734
CVE-2022-43768,0.00954,0.5725
CVE-2022-43769,0.9767,0.99895
CVE-2022-43770,0.00483,0.38344
CVE-2022-43771,0.23894,0.9757
CVE-2022-43772,0.00392,0.31315
CVE-2022-43773,0.22179,0.97395
CVE-2022-43774,0.00696,0.48739
CVE-2022-43775,0.20591,0.97223
CVE-2022-43776,0.00656,0.47144
CVE-2022-43777,0.00138,0.03621
CVE-2022-43778,0.00198,0.09792
CVE-2022-43779,0.00136,0.03451
CVE-2022-43780,0.00859,0.54249
CVE-2022-43781,0.98076,0.99905
CVE-2022-43782,0.00888,0.55101
CVE-2022-43831,0.00168,0.06442
CVE-2022-43840,0.00261,0.17552
CVE-2022-43841,0.00158,0.05361
CVE-2022-43842,0.00533,0.41289
CVE-2022-43843,0.00411,0.33191
CVE-2022-43844,0.00687,0.4843
CVE-2022-43845,0.00425,0.34344
CVE-2022-43847,0.00202,0.10203
CVE-2022-43848,0.00185,0.08238
CVE-2022-43849,0.00185,0.08238
CVE-2022-43850,0.00202,0.10203
CVE-2022-43851,0.00194,0.09279
CVE-2022-43852,0.00279,0.19868
CVE-2022-43855,0.00158,0.05379
CVE-2022-43857,0.00989,0.58417
CVE-2022-43858,0.00989,0.58417
CVE-2022-43859,0.00579,0.43646
CVE-2022-43860,0.00474,0.37796
CVE-2022-43863,0.00741,0.50348
CVE-2022-43864,0.01966,0.78046
CVE-2022-43866,0.00371,0.29239
CVE-2022-43867,0.00281,0.2001
CVE-2022-43868,0.00445,0.35906
CVE-2022-43869,0.00994,0.58546
CVE-2022-43870,0.00632,0.46099
CVE-2022-43871,0.00371,0.29239
CVE-2022-43872,0.00491,0.3881
CVE-2022-43873,0.00614,0.4529
CVE-2022-43874,0.00392,0.31347
CVE-2022-43875,0.00183,0.08101
CVE-2022-43877,0.0019,0.08785
CVE-2022-43880,0.00169,0.06488
CVE-2022-43883,0.00586,0.43946
CVE-2022-43887,0.00527,0.40915
CVE-2022-43889,0.00453,0.36426
CVE-2022-43890,0.00418,0.3382
CVE-2022-43891,0.00533,0.41277
CVE-2022-43892,0.00258,0.17197
CVE-2022-43893,0.00415,0.33566
CVE-2022-43900,0.00168,0.06464
CVE-2022-43901,0.00194,0.09254
CVE-2022-43902,0.00785,0.51816
CVE-2022-43903,0.00607,0.44907
CVE-2022-43904,0.00666,0.47525
CVE-2022-43906,0.00407,0.32839
CVE-2022-43907,0.01017,0.59294
CVE-2022-43908,0.00607,0.44907
CVE-2022-43909,0.00321,0.24093
CVE-2022-43910,0.00162,0.05789
CVE-2022-43914,0.00371,0.29236
CVE-2022-43915,0.00389,0.31054
CVE-2022-43916,0.00265,0.17981
CVE-2022-43917,0.00531,0.41165
CVE-2022-43919,0.0071,0.49237
CVE-2022-43920,0.00549,0.42129
CVE-2022-43922,0.00358,0.27931
CVE-2022-43923,0.00189,0.08705
CVE-2022-43927,0.00641,0.46507
CVE-2022-43928,0.00638,0.4635
CVE-2022-43929,0.00739,0.50307
CVE-2022-43930,0.00492,0.38897
CVE-2022-43931,0.16841,0.96686
CVE-2022-43932,0.00998,0.58685
CVE-2022-43933,0.00261,0.17556
CVE-2022-43934,0.00473,0.37675
CVE-2022-43935,0.00223,0.12839
CVE-2022-43936,0.00766,0.51214
CVE-2022-43937,0.00457,0.36692
CVE-2022-43938,0.26633,0.97786
CVE-2022-43939,0.92266,0.99811
CVE-2022-43940,0.00555,0.4243
CVE-2022-43941,0.0053,0.41066
CVE-2022-43945,0.21314,0.97309
CVE-2022-43946,0.00701,0.48911
CVE-2022-43947,0.00405,0.32649
CVE-2022-43948,0.00626,0.45848
CVE-2022-43949,0.00359,0.28025
CVE-2022-43950,0.00422,0.3415
CVE-2022-43951,0.00593,0.4429
CVE-2022-43952,0.00392,0.31288
CVE-2022-43953,0.00249,0.16122
CVE-2022-43954,0.00687,0.48421
CVE-2022-43955,0.00642,0.46542
CVE-2022-43958,0.00317,0.23617
CVE-2022-43959,0.01013,0.59174
CVE-2022-43967,0.0059,0.44177
CVE-2022-43968,0.0059,0.44177
CVE-2022-43969,0.00536,0.41421
CVE-2022-43970,0.19304,0.97021
CVE-2022-43971,0.01682,0.74297
CVE-2022-43972,0.01313,0.67381
CVE-2022-43973,0.01855,0.76706
CVE-2022-43974,0.01697,0.74496
CVE-2022-43975,0.00916,0.56033
CVE-2022-43976,0.00704,0.49021
CVE-2022-43977,0.00621,0.45626
CVE-2022-43978,0.00304,0.22275
CVE-2022-43979,0.00821,0.53034
CVE-2022-43980,0.0028,0.19876
CVE-2022-43982,0.01435,0.70014
CVE-2022-43983,0.00635,0.46222
CVE-2022-43984,0.0061,0.45059
CVE-2022-43985,0.01494,0.71172
CVE-2022-43989,0.00807,0.52558
CVE-2022-43990,0.00807,0.52558
CVE-2022-43995,0.00271,0.18799
CVE-2022-43996,0.00454,0.36514
CVE-2022-43997,0.00363,0.28402
CVE-2022-43999,0.00949,0.57092
CVE-2022-44000,0.00949,0.57092
CVE-2022-44001,0.01104,0.61939
CVE-2022-44002,0.00353,0.27477
CVE-2022-44003,0.01488,0.71057
CVE-2022-44004,0.01182,0.64109
CVE-2022-44005,0.00612,0.45172
CVE-2022-44006,0.01877,0.76978
CVE-2022-44007,0.00804,0.52476
CVE-2022-44008,0.0082,0.52974
CVE-2022-44009,0.00604,0.44802
CVE-2022-44010,0.00968,0.57725
CVE-2022-44011,0.00705,0.49058
CVE-2022-44012,0.00509,0.39889
CVE-2022-44013,0.00931,0.5651
CVE-2022-44014,0.00747,0.50576
CVE-2022-44015,0.01166,0.63637
CVE-2022-44016,0.00879,0.54884
CVE-2022-44017,0.0072,0.49618
CVE-2022-44018,0.00837,0.53517
CVE-2022-44019,0.02002,0.78455
CVE-2022-44020,0.0022,0.12429
CVE-2022-44022,0.00746,0.5054
CVE-2022-44023,0.00746,0.5054
CVE-2022-44024,0.00353,0.27472
CVE-2022-44025,0.00353,0.27474
CVE-2022-44026,0.00353,0.27478
CVE-2022-44027,0.00353,0.27478
CVE-2022-44028,0.00353,0.27474
CVE-2022-44029,0.00353,0.27477
CVE-2022-44030,0.00644,0.46615
CVE-2022-44031,0.00402,0.32383
CVE-2022-44032,0.00323,0.24317
CVE-2022-44033,0.00323,0.24317
CVE-2022-44034,0.003,0.21801
CVE-2022-44036,0.01108,0.62053
CVE-2022-44037,0.00642,0.46535
CVE-2022-44038,0.01642,0.73668
CVE-2022-44039,0.00997,0.58658
CVE-2022-44048,0.01012,0.59142
CVE-2022-44049,0.01012,0.59141
CVE-2022-44050,0.00991,0.58464
CVE-2022-44051,0.01012,0.59142
CVE-2022-44052,0.00991,0.58465
CVE-2022-44053,0.00923,0.56228
CVE-2022-44054,0.00997,0.58636
CVE-2022-44069,0.00447,0.36035
CVE-2022-44070,0.00447,0.36034
CVE-2022-44071,0.00447,0.36034
CVE-2022-44073,0.00447,0.36036
CVE-2022-44079,0.0027,0.18673
CVE-2022-44081,0.0027,0.18684
CVE-2022-44087,0.01478,0.70876
CVE-2022-44088,0.19946,0.97129
CVE-2022-44089,0.01478,0.70876
CVE-2022-44096,0.00764,0.51137
CVE-2022-44097,0.00764,0.51136
CVE-2022-44108,0.00965,0.57579
CVE-2022-44109,0.00965,0.57579
CVE-2022-44117,0.00681,0.48148
CVE-2022-44118,0.01609,0.73112
CVE-2022-44120,0.00667,0.47563
CVE-2022-44136,0.01114,0.62199
CVE-2022-44137,0.00821,0.53026
CVE-2022-44139,0.00752,0.50727
CVE-2022-44140,0.0072,0.4963
CVE-2022-44149,0.64354,0.99142
CVE-2022-44151,0.00846,0.53782
CVE-2022-44153,0.00423,0.34234
CVE-2022-44156,0.00815,0.52809
CVE-2022-44158,0.00815,0.52807
CVE-2022-44163,0.00815,0.52808
CVE-2022-44167,0.00815,0.52808
CVE-2022-44168,0.00815,0.52807
CVE-2022-44169,0.00815,0.5282
CVE-2022-44171,0.00682,0.482
CVE-2022-44172,0.00682,0.48199
CVE-2022-44174,0.00682,0.482
CVE-2022-44175,0.00755,0.50804
CVE-2022-44176,0.00755,0.50803
CVE-2022-44177,0.00682,0.48199
CVE-2022-44178,0.00682,0.48199
CVE-2022-44180,0.00682,0.48199
CVE-2022-44183,0.01019,0.5935
CVE-2022-44184,0.00967,0.5771
CVE-2022-44186,0.01091,0.61509
CVE-2022-44187,0.01091,0.61511
CVE-2022-44188,0.01091,0.61509
CVE-2022-44190,0.01091,0.6151
CVE-2022-44191,0.01091,0.6151
CVE-2022-44193,0.01091,0.6151
CVE-2022-44194,0.01342,0.68053
CVE-2022-44196,0.01091,0.6151
CVE-2022-44197,0.01091,0.61511
CVE-2022-44198,0.00967,0.5771
CVE-2022-44199,0.00967,0.5771
CVE-2022-44200,0.00967,0.57711
CVE-2022-44201,0.01228,0.65362
CVE-2022-44202,0.01191,0.64352
CVE-2022-44204,0.01243,0.65752
CVE-2022-44211,0.00608,0.44978
CVE-2022-44212,0.00604,0.44773
CVE-2022-44213,0.00409,0.32956
CVE-2022-44215,0.00754,0.50797
CVE-2022-44216,0.00671,0.47754
CVE-2022-44232,0.00685,0.4834
CVE-2022-44235,0.00446,0.35926
CVE-2022-44236,0.00779,0.51627
CVE-2022-44244,0.01016,0.59265
CVE-2022-44249,0.0181,0.76073
CVE-2022-44250,0.0181,0.76072
CVE-2022-44251,0.0181,0.76072
CVE-2022-44252,0.0181,0.76073
CVE-2022-44253,0.0211,0.7964
CVE-2022-44254,0.0211,0.79639
CVE-2022-44255,0.02171,0.8019
CVE-2022-44256,0.0211,0.79641
CVE-2022-44257,0.0211,0.7964
CVE-2022-44258,0.02334,0.8159
CVE-2022-44259,0.0211,0.7964
CVE-2022-44260,0.0211,0.79641
CVE-2022-44261,0.00452,0.36346
CVE-2022-44262,0.0148,0.70917
CVE-2022-44263,0.00252,0.16469
CVE-2022-44264,0.00289,0.20808
CVE-2022-44267,0.76581,0.99488
CVE-2022-44268,0.89855,0.99777
CVE-2022-44276,0.02302,0.81318
CVE-2022-44277,0.00726,0.49862
CVE-2022-44278,0.00726,0.49858
CVE-2022-44279,0.00551,0.42231
CVE-2022-44280,0.00824,0.53116
CVE-2022-44283,0.01149,0.63143
CVE-2022-44284,0.00479,0.3809
CVE-2022-44289,0.02906,0.85357
CVE-2022-44290,0.03616,0.88166
CVE-2022-44291,0.03616,0.88167
CVE-2022-44294,0.00726,0.49859
CVE-2022-44295,0.00726,0.4986
CVE-2022-44296,0.00726,0.4986
CVE-2022-44297,0.00972,0.57856
CVE-2022-44298,0.00741,0.50368
CVE-2022-44299,0.00826,0.5316
CVE-2022-44303,0.00623,0.45733
CVE-2022-44310,0.00666,0.47539
CVE-2022-44311,0.01061,0.60631
CVE-2022-44312,0.00325,0.24484
CVE-2022-44313,0.00312,0.23206
CVE-2022-44314,0.00312,0.23205
CVE-2022-44315,0.00312,0.23205
CVE-2022-44316,0.00312,0.23206
CVE-2022-44317,0.00312,0.23204
CVE-2022-44318,0.0033,0.24981
CVE-2022-44319,0.00312,0.23204
CVE-2022-44320,0.00312,0.23204
CVE-2022-44321,0.00314,0.23308
CVE-2022-44343,0.00644,0.46614
CVE-2022-44345,0.00726,0.49848
CVE-2022-44347,0.00726,0.49848
CVE-2022-44348,0.00726,0.49859
CVE-2022-44349,0.00292,0.21055
CVE-2022-44351,0.00895,0.55359
CVE-2022-44354,0.02131,0.79828
CVE-2022-44355,0.01644,0.73705
CVE-2022-44356,0.02756,0.84542
CVE-2022-44361,0.00384,0.30506
CVE-2022-44362,0.00928,0.5638
CVE-2022-44363,0.00755,0.50804
CVE-2022-44365,0.00928,0.56379
CVE-2022-44366,0.09861,0.95014
CVE-2022-44367,0.00928,0.56379
CVE-2022-44368,0.00311,0.22995
CVE-2022-44369,0.00311,0.22995
CVE-2022-44370,0.00445,0.359
CVE-2022-44371,0.01332,0.67798
CVE-2022-44373,0.01444,0.70193
CVE-2022-44378,0.00984,0.58224
CVE-2022-44379,0.00821,0.53025
CVE-2022-44380,0.00488,0.38684
CVE-2022-44381,0.00646,0.46693
CVE-2022-44384,0.05009,0.91246
CVE-2022-44387,0.00261,0.17549
CVE-2022-44389,0.00224,0.13052
CVE-2022-44390,0.0032,0.23917
CVE-2022-44393,0.00821,0.53024
CVE-2022-44399,0.00752,0.50727
CVE-2022-44400,0.01057,0.60512
CVE-2022-44401,0.00851,0.53946
CVE-2022-44402,0.00726,0.49857
CVE-2022-44403,0.00726,0.49857
CVE-2022-44411,0.00442,0.35679
CVE-2022-44413,0.00821,0.53025
CVE-2022-44414,0.00804,0.52469
CVE-2022-44415,0.00821,0.53026
CVE-2022-44419,0.00089,0.00556
CVE-2022-44420,0.00071,0.00069
CVE-2022-44421,0.00094,0.00743
CVE-2022-44422,0.00083,0.00322
CVE-2022-44423,0.00083,0.0032
CVE-2022-44424,0.00083,0.0032
CVE-2022-44425,0.00084,0.00372
CVE-2022-44426,0.00084,0.00357
CVE-2022-44427,0.00084,0.00357
CVE-2022-44428,0.00084,0.00357
CVE-2022-44429,0.00084,0.00356
CVE-2022-44430,0.00084,0.00356
CVE-2022-44431,0.00084,0.00356
CVE-2022-44432,0.00084,0.00355
CVE-2022-44433,0.0009,0.00589
CVE-2022-44434,0.00083,0.00322
CVE-2022-44435,0.00083,0.0032
CVE-2022-44436,0.00083,0.00322
CVE-2022-44437,0.00083,0.00319
CVE-2022-44438,0.00083,0.00319
CVE-2022-44439,0.00083,0.00323
CVE-2022-44440,0.00084,0.00364
CVE-2022-44441,0.00084,0.00364
CVE-2022-44442,0.00084,0.00364
CVE-2022-44443,0.00084,0.0037
CVE-2022-44444,0.00084,0.0037
CVE-2022-44445,0.00084,0.00363
CVE-2022-44446,0.00084,0.00363
CVE-2022-44447,0.00089,0.0054
CVE-2022-44448,0.00089,0.00542
CVE-2022-44449,0.00742,0.50406
CVE-2022-44451,0.00816,0.52862
CVE-2022-44455,0.00207,0.1081
CVE-2022-44456,0.69877,0.99293
CVE-2022-44457,0.007,0.48874
CVE-2022-44462,0.00708,0.49169
CVE-2022-44463,0.0048,0.38158
CVE-2022-44465,0.0048,0.38158
CVE-2022-44466,0.0048,0.38154
CVE-2022-44467,0.0048,0.38154
CVE-2022-44468,0.00708,0.49169
CVE-2022-44469,0.00708,0.49169
CVE-2022-44470,0.0048,0.38159
CVE-2022-44471,0.0048,0.3816
CVE-2022-44473,0.00708,0.49168
CVE-2022-44474,0.0048,0.38157
CVE-2022-44488,0.00469,0.3746
CVE-2022-44498,0.00456,0.36606
CVE-2022-44499,0.00456,0.36606
CVE-2022-44500,0.00456,0.36607
CVE-2022-44502,0.00473,0.37734
CVE-2022-44510,0.00502,0.39432
CVE-2022-44512,0.00284,0.20353
CVE-2022-44513,0.00284,0.20353
CVE-2022-44514,0.00351,0.27187
CVE-2022-44515,0.00261,0.17547
CVE-2022-44516,0.00261,0.17547
CVE-2022-44517,0.00261,0.17547
CVE-2022-44518,0.00351,0.27186
CVE-2022-44519,0.00285,0.20454
CVE-2022-44520,0.00351,0.27187
CVE-2022-44532,0.00703,0.49012
CVE-2022-44533,0.0129,0.66883
CVE-2022-44534,0.01125,0.62514
CVE-2022-44535,0.00897,0.55418
CVE-2022-44542,0.0115,0.63175
CVE-2022-44543,0.00603,0.44756
CVE-2022-44544,0.00762,0.51084
CVE-2022-44546,0.00474,0.37785
CVE-2022-44547,0.00474,0.37785
CVE-2022-44548,0.00181,0.07826
CVE-2022-44549,0.004,0.322
CVE-2022-44550,0.00474,0.37785
CVE-2022-44551,0.00422,0.34173
CVE-2022-44552,0.00474,0.37786
CVE-2022-44553,0.00315,0.2341
CVE-2022-44554,0.00439,0.35389
CVE-2022-44555,0.00439,0.35389
CVE-2022-44556,0.00447,0.3602
CVE-2022-44557,0.004,0.32201
CVE-2022-44558,0.00571,0.43287
CVE-2022-44559,0.00571,0.43286
CVE-2022-44560,0.00298,0.21672
CVE-2022-44561,0.00347,0.26849
CVE-2022-44562,0.00571,0.43287
CVE-2022-44563,0.00317,0.23646
CVE-2022-44564,0.00183,0.0804
CVE-2022-44565,0.00427,0.34481
CVE-2022-44566,0.01265,0.66321
CVE-2022-44567,0.01657,0.73884
CVE-2022-44569,0.00761,0.5102
CVE-2022-44570,0.01626,0.73397
CVE-2022-44571,0.01503,0.71347
CVE-2022-44572,0.01617,0.73234
CVE-2022-44574,0.64818,0.99155
CVE-2022-44575,0.00359,0.28048
CVE-2022-44576,0.00412,0.33208
CVE-2022-44578,0.00513,0.40108
CVE-2022-44580,0.00634,0.46196
CVE-2022-44581,0.00679,0.4808
CVE-2022-44582,0.00392,0.31325
CVE-2022-44583,0.007,0.48877
CVE-2022-44584,0.00819,0.5297
CVE-2022-44585,0.00264,0.17847
CVE-2022-44586,0.00412,0.33207
CVE-2022-44587,0.00441,0.35608
CVE-2022-44588,0.02268,0.81008
CVE-2022-44589,0.007,0.48878
CVE-2022-44590,0.00467,0.37332
CVE-2022-44591,0.00392,0.31325
CVE-2022-44593,0.0026,0.17459
CVE-2022-44594,0.00392,0.31325
CVE-2022-44595,0.00484,0.3838
CVE-2022-44606,0.0147,0.70723
CVE-2022-44608,0.00854,0.54048
CVE-2022-44610,0.00551,0.42249
CVE-2022-44611,0.00348,0.26887
CVE-2022-44612,0.00156,0.0518
CVE-2022-44617,0.01247,0.65837
CVE-2022-44619,0.00198,0.09722
CVE-2022-44620,0.00866,0.54478
CVE-2022-44621,0.0299,0.85758
CVE-2022-44622,0.00441,0.3562
CVE-2022-44623,0.00534,0.41368
CVE-2022-44624,0.00534,0.41369
CVE-2022-44625,0.00392,0.3132
CVE-2022-44626,0.00397,0.31841
CVE-2022-44627,0.00239,0.14943
CVE-2022-44628,0.00412,0.33207
CVE-2022-44629,0.00366,0.28743
CVE-2022-44630,0.00144,0.04103
CVE-2022-44631,0.0038,0.30153
CVE-2022-44632,0.00392,0.31318
CVE-2022-44633,0.00473,0.37686
CVE-2022-44634,0.00676,0.47973
CVE-2022-44635,0.68802,0.99265
CVE-2022-44636,0.00247,0.15924
CVE-2022-44637,0.00429,0.34654
CVE-2022-44638,0.0144,0.70101
CVE-2022-44640,0.01844,0.76549
CVE-2022-44641,0.00972,0.57868
CVE-2022-44643,0.00473,0.3773
CVE-2022-44644,0.01161,0.63451
CVE-2022-44645,0.01949,0.77872
CVE-2022-44646,0.00355,0.27623
CVE-2022-44647,0.00696,0.48754
CVE-2022-44648,0.00696,0.48753
CVE-2022-44649,0.00349,0.26978
CVE-2022-44650,0.00349,0.26978
CVE-2022-44651,0.0016,0.05599
CVE-2022-44652,0.00349,0.26978
CVE-2022-44653,0.00577,0.43546
CVE-2022-44654,0.00767,0.51247
CVE-2022-44666,0.40435,0.9848
CVE-2022-44667,0.00769,0.51291
CVE-2022-44668,0.00769,0.51291
CVE-2022-44669,0.003,0.21906
CVE-2022-44670,0.01127,0.62566
CVE-2022-44671,0.00627,0.45884
CVE-2022-44673,0.05245,0.91579
CVE-2022-44674,0.00529,0.41008
CVE-2022-44675,0.05384,0.91734
CVE-2022-44676,0.0107,0.60941
CVE-2022-44677,0.00494,0.39004
CVE-2022-44678,0.00532,0.41201
CVE-2022-44679,0.00529,0.41008
CVE-2022-44680,0.00494,0.39003
CVE-2022-44681,0.00521,0.40589
CVE-2022-44682,0.00705,0.49046
CVE-2022-44683,0.08204,0.9422
CVE-2022-44684,0.01538,0.71967
CVE-2022-44687,0.00769,0.5129
CVE-2022-44688,0.0113,0.62657
CVE-2022-44689,0.00473,0.37729
CVE-2022-44690,0.82081,0.99616
CVE-2022-44691,0.00893,0.55269
CVE-2022-44692,0.00784,0.518
CVE-2022-44693,0.01941,0.77784
CVE-2022-44694,0.00726,0.49821
CVE-2022-44695,0.00822,0.53056
CVE-2022-44696,0.00822,0.53057
CVE-2022-44697,0.00519,0.40512
CVE-2022-44698,0.76106,0.99477
CVE-2022-44699,0.00449,0.36186
CVE-2022-44702,0.01365,0.6859
CVE-2022-44704,0.00704,0.49033
CVE-2022-44707,0.02544,0.83167
CVE-2022-44708,0.01887,0.77113
CVE-2022-44710,0.00594,0.44308
CVE-2022-44713,0.01488,0.71065
CVE-2022-44715,0.00734,0.50133
CVE-2022-44717,0.0028,0.19925
CVE-2022-44718,0.00323,0.24326
CVE-2022-44719,0.00734,0.50138
CVE-2022-44720,0.02532,0.83084
CVE-2022-44724,0.00713,0.49368
CVE-2022-44725,0.0017,0.06614
CVE-2022-44726,0.00438,0.35341
CVE-2022-44727,0.02397,0.82082
CVE-2022-44729,0.00786,0.51872
CVE-2022-44730,0.00749,0.50644
CVE-2022-44731,0.00532,0.41226
CVE-2022-44732,0.00157,0.0523
CVE-2022-44733,0.00194,0.0929
CVE-2022-44734,0.00392,0.31321
CVE-2022-44735,0.00392,0.31323
CVE-2022-44736,0.00392,0.31324
CVE-2022-44737,0.00283,0.20185
CVE-2022-44738,0.00823,0.53089
CVE-2022-44739,0.00295,0.21336
CVE-2022-44740,0.00276,0.1947
CVE-2022-44741,0.00293,0.21156
CVE-2022-44742,0.00392,0.31318
CVE-2022-44743,0.00386,0.30726
CVE-2022-44744,0.00165,0.06032
CVE-2022-44745,0.00148,0.04435
CVE-2022-44746,0.00135,0.03363
CVE-2022-44747,0.00184,0.08184
CVE-2022-44748,0.01323,0.67583
CVE-2022-44749,0.00407,0.32865
CVE-2022-44750,0.00646,0.4672
CVE-2022-44751,0.00646,0.4672
CVE-2022-44752,0.00646,0.4672
CVE-2022-44753,0.00646,0.4672
CVE-2022-44754,0.00646,0.46719
CVE-2022-44755,0.00704,0.49025
CVE-2022-44756,0.00402,0.32349
CVE-2022-44757,0.00329,0.24949
CVE-2022-44758,0.00336,0.25646
CVE-2022-44759,0.00182,0.07914
CVE-2022-44760,0.00218,0.12209
CVE-2022-44784,0.00984,0.58229
CVE-2022-44785,0.00835,0.53466
CVE-2022-44786,0.00685,0.48315
CVE-2022-44787,0.00423,0.34232
CVE-2022-44788,0.00615,0.45323
CVE-2022-44789,0.02248,0.80856
CVE-2022-44790,0.006,0.446
CVE-2022-44792,0.52054,0.9883
CVE-2022-44793,0.5346,0.98867
CVE-2022-44794,0.00954,0.57252
CVE-2022-44795,0.00523,0.40709
CVE-2022-44796,0.00671,0.47766
CVE-2022-44797,0.01195,0.64451
CVE-2022-44801,0.01136,0.62796
CVE-2022-44804,0.01224,0.65278
CVE-2022-44806,0.01191,0.6435
CVE-2022-44807,0.01224,0.65279
CVE-2022-44808,0.03826,0.8886
CVE-2022-44820,0.00804,0.52469
CVE-2022-44830,0.00558,0.42613
CVE-2022-44832,0.03945,0.89207
CVE-2022-44838,0.00726,0.49856
CVE-2022-44840,0.00461,0.36947
CVE-2022-44843,0.01958,0.77971
CVE-2022-44844,0.01958,0.7797
CVE-2022-44849,0.00375,0.29593
CVE-2022-44858,0.00756,0.50856
CVE-2022-44859,0.00726,0.49847
CVE-2022-44860,0.00726,0.4986
CVE-2022-44870,0.00498,0.39259
CVE-2022-44874,0.00305,0.22371
CVE-2022-44875,0.00576,0.43535
CVE-2022-44877,0.99995,0.99987
CVE-2022-44897,0.00811,0.52703
CVE-2022-44898,0.00371,0.29207
CVE-2022-44900,0.02242,0.80812
CVE-2022-44910,0.0035,0.27136
CVE-2022-44928,0.02705,0.84224
CVE-2022-44929,0.01115,0.62238
CVE-2022-44930,0.02545,0.83174
CVE-2022-44931,0.00868,0.54543
CVE-2022-44932,0.00674,0.47886
CVE-2022-44937,0.00274,0.19266
CVE-2022-44938,0.00962,0.57492
CVE-2022-44939,0.00387,0.30831
CVE-2022-44940,0.01042,0.60067
CVE-2022-44942,0.00859,0.54251
CVE-2022-44944,0.01046,0.60181
CVE-2022-44945,0.00865,0.54432
CVE-2022-44946,0.01046,0.60181
CVE-2022-44947,0.00961,0.57448
CVE-2022-44948,0.00903,0.55591
CVE-2022-44949,0.00937,0.56703
CVE-2022-44950,0.00937,0.56703
CVE-2022-44951,0.00937,0.56703
CVE-2022-44952,0.00903,0.55591
CVE-2022-44953,0.0041,0.33038
CVE-2022-44954,0.0041,0.33038
CVE-2022-44955,0.004,0.32151
CVE-2022-44956,0.0041,0.33038
CVE-2022-44957,0.01037,0.59922
CVE-2022-44959,0.0041,0.33039
CVE-2022-44960,0.004,0.3215
CVE-2022-44961,0.004,0.32151
CVE-2022-44962,0.004,0.3215
CVE-2022-45003,0.01036,0.59885
CVE-2022-45004,0.00595,0.44367
CVE-2022-45005,0.05352,0.91697
CVE-2022-45008,0.00447,0.36063
CVE-2022-45009,0.01034,0.59842
CVE-2022-45010,0.00832,0.5338
CVE-2022-45012,0.00493,0.38907
CVE-2022-45013,0.00493,0.38906
CVE-2022-45014,0.00493,0.38906
CVE-2022-45015,0.00493,0.38906
CVE-2022-45016,0.00493,0.38907
CVE-2022-45017,0.00537,0.41476
CVE-2022-45019,0.00751,0.50707
CVE-2022-45020,0.00587,0.44023
CVE-2022-45025,0.34525,0.98228
CVE-2022-45026,0.00954,0.57264
CVE-2022-45027,0.00601,0.4465
CVE-2022-45028,0.00526,0.40873
CVE-2022-45030,0.02685,0.84103
CVE-2022-45033,0.00465,0.37224
CVE-2022-45036,0.00465,0.37225
CVE-2022-45037,0.01024,0.59496
CVE-2022-45038,0.01024,0.59496
CVE-2022-45039,0.01034,0.59842
CVE-2022-45040,0.00438,0.35341
CVE-2022-45041,0.00756,0.50842
CVE-2022-45043,0.02161,0.801
CVE-2022-45044,0.00699,0.48845
CVE-2022-45045,0.01239,0.6564
CVE-2022-45047,0.03571,0.88022
CVE-2022-45048,0.01126,0.62553
CVE-2022-45049,0.00418,0.33763
CVE-2022-45050,0.00418,0.33763
CVE-2022-45051,0.00418,0.33763
CVE-2022-45052,0.00719,0.49583
CVE-2022-45059,0.0121,0.64867
CVE-2022-45060,0.00936,0.56684
CVE-2022-45061,0.02453,0.82521
CVE-2022-45062,0.01406,0.69447
CVE-2022-45063,0.04949,0.91161
CVE-2022-45064,0.01121,0.62412
CVE-2022-45065,0.0041,0.33061
CVE-2022-45066,0.00631,0.46033
CVE-2022-45067,0.00271,0.1886
CVE-2022-45068,0.00285,0.20459
CVE-2022-45069,0.00697,0.48759
CVE-2022-45070,0.00542,0.41773
CVE-2022-45071,0.00298,0.21636
CVE-2022-45072,0.00261,0.17567
CVE-2022-45073,0.00264,0.17854
CVE-2022-45074,0.00271,0.18858
CVE-2022-45076,0.00273,0.19177
CVE-2022-45077,0.00615,0.45344
CVE-2022-45078,0.0069,0.48513
CVE-2022-45079,0.00271,0.18861
CVE-2022-45080,0.00264,0.1785
CVE-2022-45082,0.00404,0.32592
CVE-2022-45083,0.00577,0.43544
CVE-2022-45084,0.00435,0.35113
CVE-2022-45085,0.00557,0.42542
CVE-2022-45086,0.00361,0.28205
CVE-2022-45087,0.00382,0.3027
CVE-2022-45088,0.00724,0.49769
CVE-2022-45089,0.00645,0.46663
CVE-2022-45090,0.00645,0.46663
CVE-2022-45091,0.00361,0.28205
CVE-2022-45092,0.31443,0.98077
CVE-2022-45093,0.01174,0.63854
CVE-2022-45094,0.01382,0.68978
CVE-2022-45095,0.00637,0.46303
CVE-2022-45096,0.00489,0.38732
CVE-2022-45097,0.00412,0.33275
CVE-2022-45098,0.00116,0.01911
CVE-2022-45099,0.00191,0.0893
CVE-2022-45100,0.00505,0.39676
CVE-2022-45101,0.00819,0.52946
CVE-2022-45102,0.00474,0.3779
CVE-2022-45103,0.00743,0.50437
CVE-2022-45104,0.01382,0.68977
CVE-2022-45109,0.00216,0.11993
CVE-2022-45112,0.00153,0.04886
CVE-2022-45113,0.00608,0.44977
CVE-2022-45115,0.00518,0.40399
CVE-2022-45118,0.00175,0.07196
CVE-2022-45121,0.00255,0.1684
CVE-2022-45122,0.00508,0.39796
CVE-2022-45124,0.14503,0.96229
CVE-2022-45126,0.00181,0.07833
CVE-2022-45127,0.00325,0.24565
CVE-2022-45128,0.00156,0.05148
CVE-2022-45129,0.01337,0.67942
CVE-2022-45130,0.00336,0.257
CVE-2022-45132,0.01859,0.76758
CVE-2022-45133,0.00315,0.23476
CVE-2022-45134,0.00575,0.43485
CVE-2022-45135,0.01102,0.61882
CVE-2022-45136,0.01525,0.71736
CVE-2022-45137,0.00375,0.29617
CVE-2022-45138,0.0074,0.50327
CVE-2022-45139,0.00254,0.16751
CVE-2022-45140,0.01067,0.60872
CVE-2022-45141,0.00454,0.36488
CVE-2022-45142,0.00491,0.38795
CVE-2022-45143,0.02505,0.82883
CVE-2022-45144,0.00657,0.47201
CVE-2022-45145,0.01268,0.66387
CVE-2022-45146,0.00434,0.35024
CVE-2022-45147,0.00227,0.13385
CVE-2022-45149,0.00399,0.32101
CVE-2022-45150,0.00671,0.47731
CVE-2022-45151,0.00655,0.47066
CVE-2022-45152,0.01352,0.68286
CVE-2022-45153,0.00223,0.1291
CVE-2022-45154,0.00173,0.06982
CVE-2022-45155,0.00206,0.10698
CVE-2022-45157,0.00438,0.35356
CVE-2022-45163,0.00572,0.43327
CVE-2022-45164,0.00411,0.33174
CVE-2022-45165,0.00644,0.46622
CVE-2022-45166,0.00481,0.38203
CVE-2022-45167,0.00456,0.36623
CVE-2022-45168,0.00496,0.39131
CVE-2022-45169,0.00265,0.18045
CVE-2022-45170,0.00444,0.35781
CVE-2022-45171,0.00752,0.50723
CVE-2022-45172,0.01074,0.61044
CVE-2022-45173,0.01033,0.59773
CVE-2022-45174,0.01033,0.59773
CVE-2022-45175,0.00717,0.4952
CVE-2022-45176,0.00314,0.2336
CVE-2022-45177,0.00539,0.41614
CVE-2022-45178,0.00964,0.57559
CVE-2022-45179,0.00397,0.31862
CVE-2022-45180,0.00713,0.49365
CVE-2022-45182,0.00902,0.55554
CVE-2022-45183,0.00768,0.51283
CVE-2022-45184,0.01911,0.77401
CVE-2022-45185,0.01136,0.62806
CVE-2022-45186,0.0055,0.42188
CVE-2022-45188,0.00586,0.43952
CVE-2022-45190,0.00257,0.17151
CVE-2022-45191,0.00201,0.10072
CVE-2022-45192,0.00194,0.09272
CVE-2022-45193,0.00465,0.37188
CVE-2022-45194,0.00399,0.32062
CVE-2022-45195,0.00582,0.43787
CVE-2022-45196,0.00797,0.52215
CVE-2022-45197,0.00469,0.37445
CVE-2022-45198,0.01184,0.6417
CVE-2022-45199,0.01102,0.61871
CVE-2022-45202,0.00344,0.2651
CVE-2022-45204,0.00275,0.19331
CVE-2022-45205,0.00596,0.44411
CVE-2022-45206,0.00741,0.50368
CVE-2022-45207,0.00905,0.55632
CVE-2022-45208,0.00506,0.39687
CVE-2022-45210,0.00506,0.39687
CVE-2022-45213,0.00634,0.46186
CVE-2022-45214,0.00423,0.34234
CVE-2022-45215,0.00377,0.29804
CVE-2022-45217,0.00548,0.42072
CVE-2022-45218,0.00439,0.35435
CVE-2022-45221,0.00458,0.36737
CVE-2022-45223,0.00467,0.3733
CVE-2022-45224,0.00467,0.3733
CVE-2022-45225,0.00484,0.38371
CVE-2022-45227,0.00717,0.49508
CVE-2022-45228,0.0022,0.12464
CVE-2022-45269,0.03092,0.86205
CVE-2022-45275,0.15323,0.96389
CVE-2022-45276,0.00829,0.53272
CVE-2022-45278,0.0072,0.49631
CVE-2022-45280,0.00343,0.26447
CVE-2022-45283,0.00431,0.34822
CVE-2022-45285,0.00495,0.3903
CVE-2022-45287,0.00953,0.57233
CVE-2022-45290,0.00937,0.56715
CVE-2022-45291,0.01326,0.67659
CVE-2022-45292,0.00497,0.39151
CVE-2022-45297,0.02798,0.84804
CVE-2022-45299,0.01349,0.68212
CVE-2022-45301,0.00353,0.27428
CVE-2022-45304,0.00353,0.27429
CVE-2022-45305,0.00353,0.27429
CVE-2022-45306,0.00353,0.27428
CVE-2022-45307,0.00353,0.27429
CVE-2022-45313,0.01442,0.70153
CVE-2022-45315,0.01255,0.66057
CVE-2022-45320,0.00479,0.38067
CVE-2022-45326,0.01139,0.62859
CVE-2022-45328,0.00726,0.4985
CVE-2022-45329,0.00751,0.50706
CVE-2022-45330,0.00772,0.51396
CVE-2022-45331,0.00772,0.51396
CVE-2022-45332,0.00308,0.22697
CVE-2022-45337,0.00815,0.52814
CVE-2022-45338,0.00223,0.12849
CVE-2022-45343,0.00324,0.24379
CVE-2022-45347,0.01388,0.69079
CVE-2022-45348,0.00785,0.51828
CVE-2022-45349,0.00405,0.32673
CVE-2022-45350,0.0083,0.53301
CVE-2022-45351,0.00465,0.37206
CVE-2022-45352,0.00405,0.32673
CVE-2022-45353,0.00497,0.39157
CVE-2022-45354,0.38083,0.98382
CVE-2022-45355,0.00628,0.45913
CVE-2022-45356,0.00536,0.41455
CVE-2022-45357,0.00854,0.54055
CVE-2022-45358,0.00393,0.31454
CVE-2022-45359,0.13514,0.96007
CVE-2022-45360,0.00611,0.45149
CVE-2022-45361,0.00394,0.31615
CVE-2022-45362,0.40506,0.98482
CVE-2022-45363,0.00383,0.30464
CVE-2022-45364,0.00248,0.16079
CVE-2022-45365,0.49315,0.98754
CVE-2022-45366,0.0041,0.33061
CVE-2022-45367,0.00256,0.16928
CVE-2022-45368,0.00936,0.56677
CVE-2022-45369,0.00497,0.39199
CVE-2022-45370,0.00847,0.53817
CVE-2022-45371,0.00248,0.16079
CVE-2022-45372,0.00256,0.16941
CVE-2022-45373,0.00517,0.40353
CVE-2022-45374,0.00843,0.53684
CVE-2022-45375,0.00393,0.31455
CVE-2022-45376,0.00273,0.19176
CVE-2022-45377,0.00599,0.44553
CVE-2022-45378,0.02251,0.80873
CVE-2022-45379,0.00468,0.37377
CVE-2022-45380,0.00617,0.45426
CVE-2022-45381,0.01328,0.67705
CVE-2022-45382,0.00589,0.44124
CVE-2022-45383,0.00649,0.46845
CVE-2022-45384,0.00649,0.46845
CVE-2022-45385,0.00566,0.43075
CVE-2022-45386,0.00262,0.17705
CVE-2022-45387,0.00602,0.44686
CVE-2022-45388,0.01061,0.6065
CVE-2022-45389,0.00614,0.45293
CVE-2022-45390,0.00522,0.40664
CVE-2022-45391,0.00396,0.31788
CVE-2022-45392,0.00636,0.4625
CVE-2022-45393,0.00363,0.28471
CVE-2022-45394,0.00531,0.41175
CVE-2022-45395,0.01057,0.60503
CVE-2022-45396,0.00961,0.57447
CVE-2022-45397,0.00961,0.57448
CVE-2022-45398,0.00361,0.28239
CVE-2022-45399,0.00531,0.41175
CVE-2022-45400,0.01057,0.60504
CVE-2022-45401,0.00589,0.44124
CVE-2022-45402,0.81836,0.99608
CVE-2022-45403,0.00696,0.48751
CVE-2022-45404,0.0061,0.45061
CVE-2022-45405,0.00639,0.464
CVE-2022-45406,0.01061,0.60652
CVE-2022-45407,0.00627,0.45873
CVE-2022-45408,0.007,0.48873
CVE-2022-45409,0.00779,0.51635
CVE-2022-45410,0.00744,0.50463
CVE-2022-45411,0.00575,0.4347
CVE-2022-45412,0.00789,0.51987
CVE-2022-45413,0.00435,0.35121
CVE-2022-45414,0.00528,0.40992
CVE-2022-45415,0.00232,0.13974
CVE-2022-45416,0.00672,0.47806
CVE-2022-45417,0.00409,0.32954
CVE-2022-45418,0.00728,0.49918
CVE-2022-45419,0.00369,0.29073
CVE-2022-45420,0.0057,0.43239
CVE-2022-45421,0.00702,0.4897
CVE-2022-45422,0.00198,0.09743
CVE-2022-45423,0.00572,0.4336
CVE-2022-45424,0.00679,0.48091
CVE-2022-45425,0.0053,0.41112
CVE-2022-45426,0.00584,0.43869
CVE-2022-45427,0.007,0.48882
CVE-2022-45428,0.00678,0.48044
CVE-2022-45429,0.0053,0.41112
CVE-2022-45430,0.00414,0.33396
CVE-2022-45431,0.00642,0.46526
CVE-2022-45432,0.00699,0.48829
CVE-2022-45433,0.00625,0.45787
CVE-2022-45434,0.00661,0.47351
CVE-2022-45435,0.00392,0.3131
CVE-2022-45436,0.00614,0.45299
CVE-2022-45437,0.00425,0.34353
CVE-2022-45438,0.01229,0.65399
CVE-2022-45439,0.00196,0.09492
CVE-2022-45440,0.00249,0.16101
CVE-2022-45441,0.00353,0.27475
CVE-2022-45442,0.00642,0.46531
CVE-2022-45444,0.00944,0.56917
CVE-2022-45447,0.00713,0.49367
CVE-2022-45448,0.00287,0.20566
CVE-2022-45449,0.00371,0.29197
CVE-2022-45450,0.00404,0.3256
CVE-2022-45451,0.00469,0.3743
CVE-2022-45452,0.00157,0.0523
CVE-2022-45453,0.00297,0.21567
CVE-2022-45454,0.00252,0.1647
CVE-2022-45455,0.00149,0.04521
CVE-2022-45456,0.00345,0.26611
CVE-2022-45457,0.0035,0.27135
CVE-2022-45458,0.0035,0.27134
CVE-2022-45459,0.00308,0.22646
CVE-2022-45460,0.05673,0.92083
CVE-2022-45461,0.00752,0.50708
CVE-2022-45462,0.02773,0.84671
CVE-2022-45468,0.01761,0.75397
CVE-2022-45469,0.00197,0.09572
CVE-2022-45470,0.01238,0.65612
CVE-2022-45471,0.00518,0.40412
CVE-2022-45472,0.00522,0.40675
CVE-2022-45473,0.00283,0.2019
CVE-2022-45474,0.00939,0.56771
CVE-2022-45475,0.00846,0.53799
CVE-2022-45476,0.0098,0.58115
CVE-2022-45477,0.02225,0.80664
CVE-2022-45478,0.00296,0.21491
CVE-2022-45479,0.01635,0.73551
CVE-2022-45480,0.00372,0.2935
CVE-2022-45481,0.01635,0.73551
CVE-2022-45482,0.01297,0.67044
CVE-2022-45483,0.00372,0.29349
CVE-2022-45484,0.00225,0.13161
CVE-2022-45491,0.00261,0.1758
CVE-2022-45492,0.00214,0.11681
CVE-2022-45493,0.00192,0.09079
CVE-2022-45494,0.00413,0.33384
CVE-2022-45496,0.00559,0.42664
CVE-2022-45497,0.02461,0.82576
CVE-2022-45498,0.00833,0.53401
CVE-2022-45499,0.00859,0.5424
CVE-2022-45501,0.00859,0.5424
CVE-2022-45503,0.00859,0.54241
CVE-2022-45504,0.1827,0.96883
CVE-2022-45505,0.00859,0.54242
CVE-2022-45506,0.02461,0.82576
CVE-2022-45507,0.00825,0.53143
CVE-2022-45508,0.00859,0.54241
CVE-2022-45509,0.00859,0.54241
CVE-2022-45510,0.00859,0.54241
CVE-2022-45511,0.00944,0.56922
CVE-2022-45512,0.00859,0.54239
CVE-2022-45513,0.00859,0.54238
CVE-2022-45514,0.00859,0.54237
CVE-2022-45515,0.00859,0.54237
CVE-2022-45516,0.00859,0.54237
CVE-2022-45517,0.00859,0.54239
CVE-2022-45518,0.00859,0.5424
CVE-2022-45519,0.00859,0.54239
CVE-2022-45520,0.00859,0.54238
CVE-2022-45521,0.00859,0.54239
CVE-2022-45522,0.00859,0.54238
CVE-2022-45523,0.00859,0.54236
CVE-2022-45524,0.00859,0.54237
CVE-2022-45525,0.00859,0.54236
CVE-2022-45526,0.00953,0.57238
CVE-2022-45527,0.00872,0.54656
CVE-2022-45529,0.00745,0.50499
CVE-2022-45535,0.00775,0.5151
CVE-2022-45536,0.00809,0.52614
CVE-2022-45537,0.00418,0.33742
CVE-2022-45538,0.00418,0.33743
CVE-2022-45539,0.00418,0.33743
CVE-2022-45540,0.00418,0.33742
CVE-2022-45541,0.00418,0.33742
CVE-2022-45542,0.00384,0.30506
CVE-2022-45543,0.00535,0.41411
CVE-2022-45544,0.01322,0.67568
CVE-2022-45546,0.00503,0.39535
CVE-2022-45548,0.00786,0.51871
CVE-2022-45550,0.01473,0.70789
CVE-2022-45551,0.23457,0.97527
CVE-2022-45552,0.00669,0.47655
CVE-2022-45553,0.011,0.61822
CVE-2022-45557,0.00448,0.36083
CVE-2022-45558,0.00448,0.36083
CVE-2022-45562,0.01003,0.58855
CVE-2022-45564,0.00761,0.51046
CVE-2022-45582,0.00674,0.4788
CVE-2022-45586,0.00319,0.23906
CVE-2022-45587,0.00317,0.2363
CVE-2022-45588,0.00185,0.08225
CVE-2022-45589,0.00617,0.45443
CVE-2022-45597,0.00465,0.37204
CVE-2022-45598,0.00452,0.36348
CVE-2022-45599,0.00978,0.58057
CVE-2022-45600,0.02347,0.81708
CVE-2022-45608,0.00864,0.54385
CVE-2022-45611,0.00942,0.56876
CVE-2022-45613,0.00459,0.36824
CVE-2022-45634,0.0066,0.47283
CVE-2022-45635,0.00783,0.51755
CVE-2022-45636,0.00688,0.48448
CVE-2022-45637,0.00771,0.51384
CVE-2022-45639,0.0466,0.90685
CVE-2022-45640,0.00995,0.58571
CVE-2022-45641,0.00815,0.52815
CVE-2022-45643,0.00815,0.52814
CVE-2022-45644,0.00815,0.52815
CVE-2022-45645,0.00815,0.52816
CVE-2022-45646,0.00815,0.52816
CVE-2022-45647,0.00815,0.52813
CVE-2022-45648,0.00815,0.52813
CVE-2022-45649,0.00815,0.52813
CVE-2022-45650,0.00815,0.52806
CVE-2022-45651,0.00824,0.53108
CVE-2022-45652,0.00824,0.53108
CVE-2022-45653,0.00815,0.52805
CVE-2022-45654,0.00815,0.52813
CVE-2022-45655,0.00815,0.52809
CVE-2022-45656,0.00815,0.52812
CVE-2022-45657,0.00815,0.52823
CVE-2022-45658,0.00815,0.52819
CVE-2022-45659,0.00815,0.52819
CVE-2022-45660,0.00815,0.5282
CVE-2022-45661,0.00815,0.52814
CVE-2022-45663,0.00815,0.5282
CVE-2022-45664,0.00815,0.5281
CVE-2022-45665,0.00815,0.5281
CVE-2022-45666,0.00815,0.5281
CVE-2022-45667,0.00325,0.24508
CVE-2022-45668,0.00325,0.24508
CVE-2022-45669,0.00815,0.52806
CVE-2022-45670,0.00815,0.52805
CVE-2022-45671,0.00815,0.52805
CVE-2022-45672,0.09141,0.94723
CVE-2022-45673,0.00325,0.24508
CVE-2022-45674,0.00325,0.24508
CVE-2022-45677,0.0086,0.54276
CVE-2022-45685,0.01395,0.69208
CVE-2022-45688,0.01181,0.64092
CVE-2022-45689,0.00762,0.5106
CVE-2022-45690,0.00943,0.5689
CVE-2022-45693,0.01395,0.69208
CVE-2022-45697,0.00266,0.18077
CVE-2022-45699,0.76604,0.99489
CVE-2022-45701,0.42326,0.98542
CVE-2022-45703,0.00513,0.40128
CVE-2022-45706,0.01056,0.60484
CVE-2022-45707,0.01056,0.60486
CVE-2022-45708,0.01056,0.60485
CVE-2022-45709,0.04253,0.89908
CVE-2022-45710,0.01056,0.60486
CVE-2022-45711,0.20185,0.97162
CVE-2022-45712,0.01056,0.60485
CVE-2022-45714,0.01056,0.60485
CVE-2022-45715,0.01056,0.60483
CVE-2022-45716,0.01056,0.60486
CVE-2022-45717,0.04253,0.89909
CVE-2022-45718,0.01056,0.60484
CVE-2022-45719,0.01056,0.60483
CVE-2022-45720,0.01056,0.60484
CVE-2022-45721,0.01056,0.60484
CVE-2022-45722,0.00357,0.27818
CVE-2022-45724,0.00504,0.39628
CVE-2022-45725,0.06946,0.93364
CVE-2022-45728,0.0053,0.41081
CVE-2022-45729,0.00497,0.39178
CVE-2022-45730,0.00503,0.39512
CVE-2022-45748,0.00723,0.49725
CVE-2022-45755,0.00447,0.3604
CVE-2022-45756,0.00338,0.25876
CVE-2022-45758,0.00343,0.26446
CVE-2022-45759,0.00605,0.44821
CVE-2022-45760,0.00569,0.43183
CVE-2022-45766,0.00822,0.53047
CVE-2022-45768,0.28662,0.97916
CVE-2022-45769,0.00473,0.37705
CVE-2022-45770,0.00611,0.45146
CVE-2022-45771,0.01751,0.75249
CVE-2022-45778,0.0073,0.50003
CVE-2022-45781,0.00739,0.50287
CVE-2022-45782,0.00644,0.46633
CVE-2022-45783,0.08469,0.94386
CVE-2022-45786,0.00948,0.57051
CVE-2022-45787,0.00271,0.18868
CVE-2022-45788,0.01163,0.63559
CVE-2022-45789,0.01443,0.70165
CVE-2022-45790,0.00703,0.49014
CVE-2022-45792,0.00326,0.24662
CVE-2022-45793,0.00249,0.16119
CVE-2022-45794,0.00536,0.41421
CVE-2022-45796,0.03232,0.86801
CVE-2022-45797,0.00649,0.46837
CVE-2022-45798,0.003,0.21796
CVE-2022-45801,0.01103,0.61886
CVE-2022-45802,0.01308,0.67252
CVE-2022-45803,0.00486,0.38547
CVE-2022-45804,0.00231,0.13944
CVE-2022-45805,0.02327,0.81532
CVE-2022-45806,0.00512,0.4004
CVE-2022-45807,0.00264,0.17845
CVE-2022-45808,0.04269,0.89943
CVE-2022-45809,0.00403,0.32426
CVE-2022-45810,0.00629,0.45971
CVE-2022-45811,0.00356,0.27744
CVE-2022-45812,0.00361,0.2828
CVE-2022-45813,0.00227,0.13338
CVE-2022-45814,0.00393,0.31454
CVE-2022-45815,0.00271,0.18861
CVE-2022-45816,0.00418,0.33771
CVE-2022-45817,0.00384,0.30479
CVE-2022-45818,0.00361,0.28276
CVE-2022-45819,0.00409,0.33007
CVE-2022-45820,0.01005,0.58931
CVE-2022-45821,0.00358,0.27964
CVE-2022-45822,0.00748,0.506
CVE-2022-45823,0.00256,0.16931
CVE-2022-45824,0.00234,0.14226
CVE-2022-45825,0.00521,0.40592
CVE-2022-45826,0.00413,0.33339
CVE-2022-45827,0.00369,0.29045
CVE-2022-45828,0.00253,0.16669
CVE-2022-45829,0.00839,0.53582
CVE-2022-45830,0.00378,0.29876
CVE-2022-45831,0.00408,0.32926
CVE-2022-45832,0.00421,0.34029
CVE-2022-45833,0.0077,0.51325
CVE-2022-45835,0.37673,0.98364
CVE-2022-45836,0.00685,0.48354
CVE-2022-45837,0.00408,0.32926
CVE-2022-45838,0.00406,0.32718
CVE-2022-45839,0.0038,0.30118
CVE-2022-45840,0.00637,0.4631
CVE-2022-45841,0.00366,0.28752
CVE-2022-45842,0.0033,0.25013
CVE-2022-45843,0.00383,0.30464
CVE-2022-45845,0.00538,0.41561
CVE-2022-45846,0.00253,0.16634
CVE-2022-45847,0.00229,0.13645
CVE-2022-45848,0.00406,0.32719
CVE-2022-45849,0.00471,0.3757
CVE-2022-45850,0.00229,0.13645
CVE-2022-45851,0.00465,0.37205
CVE-2022-45852,0.00742,0.50387
CVE-2022-45853,0.0017,0.06601
CVE-2022-45854,0.00279,0.19869
CVE-2022-45855,0.01212,0.64934
CVE-2022-45856,0.00231,0.13926
CVE-2022-45857,0.00305,0.2239
CVE-2022-45858,0.00204,0.10411
CVE-2022-45859,0.00143,0.04003
CVE-2022-45860,0.00488,0.38681
CVE-2022-45861,0.00818,0.52913
CVE-2022-45862,0.00443,0.35727
CVE-2022-45866,0.01299,0.67068
CVE-2022-45867,0.01497,0.7122
CVE-2022-45868,0.00301,0.21938
CVE-2022-45869,0.00256,0.16988
CVE-2022-45871,0.00386,0.30777
CVE-2022-45872,0.00882,0.54961
CVE-2022-45873,0.00254,0.16713
CVE-2022-45874,0.00143,0.03975
CVE-2022-45875,0.0255,0.83204
CVE-2022-45876,0.03332,0.87208
CVE-2022-45877,0.00169,0.06537
CVE-2022-45884,0.00309,0.22852
CVE-2022-45885,0.00314,0.23364
CVE-2022-45886,0.00319,0.23884
CVE-2022-45887,0.00289,0.20821
CVE-2022-45888,0.00701,0.4893
CVE-2022-45889,0.01282,0.66695
CVE-2022-45890,0.00463,0.37102
CVE-2022-45891,0.00723,0.49715
CVE-2022-45892,0.00438,0.3534
CVE-2022-45893,0.00778,0.51598
CVE-2022-45894,0.01022,0.59411
CVE-2022-45895,0.0073,0.49989
CVE-2022-45896,0.01108,0.62043
CVE-2022-45897,0.00389,0.31041
CVE-2022-45899,0.00826,0.53177
CVE-2022-45907,0.01192,0.64374
CVE-2022-45908,0.01281,0.66687
CVE-2022-45909,0.00972,0.57862
CVE-2022-45910,0.0147,0.70737
CVE-2022-45911,0.0041,0.33042
CVE-2022-45912,0.0114,0.62898
CVE-2022-45913,0.0041,0.33043
CVE-2022-45914,0.00714,0.49428
CVE-2022-45915,0.04657,0.90681
CVE-2022-45916,0.00871,0.54626
CVE-2022-45917,0.0199,0.78316
CVE-2022-45918,0.01178,0.6399
CVE-2022-45919,0.00252,0.16478
CVE-2022-45920,0.0088,0.54908
CVE-2022-45921,0.00667,0.47578
CVE-2022-45922,0.016,0.72971
CVE-2022-45923,0.01874,0.76944
CVE-2022-45924,0.01374,0.68808
CVE-2022-45925,0.16939,0.96702
CVE-2022-45926,0.16972,0.96707
CVE-2022-45927,0.0187,0.76896
CVE-2022-45928,0.01743,0.75137
CVE-2022-45929,0.00384,0.30499
CVE-2022-45930,0.00687,0.48401
CVE-2022-45931,0.00543,0.41809
CVE-2022-45932,0.00599,0.44561
CVE-2022-45933,0.51696,0.98823
CVE-2022-45934,0.00747,0.50559
CVE-2022-45935,0.0036,0.28162
CVE-2022-45936,0.00705,0.49071
CVE-2022-45937,0.00613,0.45207
CVE-2022-45938,0.4611,0.9867
CVE-2022-45939,0.0063,0.46
CVE-2022-45942,0.21987,0.97379
CVE-2022-45956,0.00815,0.52787
CVE-2022-45957,0.11483,0.95519
CVE-2022-45962,0.00901,0.55516
CVE-2022-45963,0.00672,0.4777
CVE-2022-45966,0.00731,0.50025
CVE-2022-45968,0.00973,0.57876
CVE-2022-45969,0.01175,0.63884
CVE-2022-45970,0.00465,0.37225
CVE-2022-45977,0.021,0.7955
CVE-2022-45979,0.00815,0.52808
CVE-2022-45980,0.07454,0.93751
CVE-2022-45982,0.01232,0.65471
CVE-2022-45988,0.00417,0.3371
CVE-2022-45990,0.00463,0.37102
CVE-2022-45995,0.01069,0.60922
CVE-2022-45996,0.02288,0.81191
CVE-2022-45997,0.00896,0.55381
CVE-2022-46020,0.38953,0.98418
CVE-2022-46021,0.00556,0.42503
CVE-2022-46025,0.01134,0.62737
CVE-2022-46047,0.00756,0.50836
CVE-2022-46051,0.00854,0.54071
CVE-2022-46058,0.00457,0.3669
CVE-2022-46059,0.00327,0.24725
CVE-2022-46061,0.00467,0.37303
CVE-2022-46062,0.00316,0.23537
CVE-2022-46070,0.00451,0.3631
CVE-2022-46071,0.0431,0.90027
CVE-2022-46072,0.01105,0.61956
CVE-2022-46073,0.01235,0.65562
CVE-2022-46074,0.00487,0.38632
CVE-2022-46076,0.01112,0.62167
CVE-2022-46080,0.02556,0.83248
CVE-2022-46081,0.00705,0.49076
CVE-2022-46087,0.00602,0.4468
CVE-2022-46088,0.00386,0.30752
CVE-2022-46089,0.00386,0.30707
CVE-2022-46091,0.00381,0.30174
CVE-2022-46093,0.00674,0.47892
CVE-2022-46095,0.00486,0.38512
CVE-2022-46096,0.00524,0.40758
CVE-2022-46101,0.01069,0.60915
CVE-2022-46102,0.00731,0.50026
CVE-2022-46109,0.00894,0.55302
CVE-2022-46117,0.00726,0.49851
CVE-2022-46118,0.00726,0.49851
CVE-2022-46119,0.00726,0.49862
CVE-2022-46120,0.00726,0.49852
CVE-2022-46121,0.00726,0.49852
CVE-2022-46122,0.00726,0.4985
CVE-2022-46123,0.00726,0.4985
CVE-2022-46124,0.00726,0.49851
CVE-2022-46125,0.00804,0.52467
CVE-2022-46126,0.00804,0.52467
CVE-2022-46127,0.00804,0.52468
CVE-2022-46128,0.00478,0.38023
CVE-2022-46135,0.0118,0.64046
CVE-2022-46137,0.01416,0.69665
CVE-2022-46139,0.00289,0.20823
CVE-2022-46140,0.00233,0.14126
CVE-2022-46141,0.00142,0.03881
CVE-2022-46142,0.00262,0.1768
CVE-2022-46143,0.007,0.48865
CVE-2022-46144,0.0087,0.546
CVE-2022-46145,0.01177,0.63938
CVE-2022-46146,0.01166,0.63644
CVE-2022-46147,0.00806,0.52523
CVE-2022-46148,0.00452,0.36373
CVE-2022-46149,0.00852,0.53978
CVE-2022-46150,0.00524,0.40774
CVE-2022-46151,0.00415,0.33487
CVE-2022-46152,0.00466,0.37279
CVE-2022-46153,0.00488,0.38667
CVE-2022-46154,0.0082,0.52972
CVE-2022-46155,0.00448,0.36094
CVE-2022-46156,0.00473,0.37722
CVE-2022-46157,0.01406,0.69462
CVE-2022-46158,0.00456,0.36665
CVE-2022-46159,0.00605,0.44843
CVE-2022-46160,0.00498,0.39217
CVE-2022-46161,0.01585,0.72745
CVE-2022-46162,0.0113,0.6265
CVE-2022-46163,0.01019,0.59327
CVE-2022-46164,0.48994,0.98745
CVE-2022-46165,0.00778,0.51611
CVE-2022-46166,0.01437,0.70048
CVE-2022-46167,0.00861,0.54306
CVE-2022-46168,0.00523,0.40742
CVE-2022-46169,0.99826,0.99959
CVE-2022-46170,0.00841,0.53614
CVE-2022-46171,0.01006,0.58954
CVE-2022-46172,0.00539,0.41602
CVE-2022-46173,0.00724,0.49768
CVE-2022-46174,0.0059,0.44139
CVE-2022-46175,0.09304,0.94796
CVE-2022-46176,0.00649,0.46848
CVE-2022-46177,0.00679,0.48078
CVE-2022-46178,0.00717,0.49494
CVE-2022-46179,0.00331,0.25148
CVE-2022-46180,0.0047,0.37491
CVE-2022-46181,0.00502,0.3945
CVE-2022-46255,0.01449,0.70281
CVE-2022-46256,0.01938,0.7775
CVE-2022-46257,0.00566,0.43029
CVE-2022-46258,0.0056,0.42711
CVE-2022-46265,0.00375,0.29617
CVE-2022-46279,0.00171,0.06745
CVE-2022-46280,0.00843,0.53676
CVE-2022-46282,0.00237,0.14661
CVE-2022-46285,0.01273,0.66504
CVE-2022-46286,0.01761,0.75397
CVE-2022-46287,0.00549,0.42132
CVE-2022-46288,0.00537,0.41481
CVE-2022-46289,0.00816,0.52855
CVE-2022-46290,0.00816,0.52855
CVE-2022-46291,0.00816,0.52855
CVE-2022-46292,0.00816,0.52856
CVE-2022-46293,0.00863,0.54368
CVE-2022-46294,0.00863,0.54368
CVE-2022-46295,0.00863,0.54369
CVE-2022-46298,0.00185,0.08292
CVE-2022-46299,0.00216,0.11992
CVE-2022-46300,0.04148,0.89681
CVE-2022-46301,0.00185,0.08292
CVE-2022-46302,0.00385,0.30688
CVE-2022-46303,0.01096,0.61699
CVE-2022-46304,0.01507,0.71415
CVE-2022-46305,0.00398,0.31937
CVE-2022-46306,0.00917,0.56049
CVE-2022-46307,0.00734,0.50133
CVE-2022-46308,0.00734,0.50133
CVE-2022-46309,0.01193,0.644
CVE-2022-46310,0.00394,0.31587
CVE-2022-46311,0.00342,0.26299
CVE-2022-46312,0.00327,0.24743
CVE-2022-46313,0.00419,0.33858
CVE-2022-46314,0.00434,0.35017
CVE-2022-46315,0.00595,0.44343
CVE-2022-46316,0.00493,0.38927
CVE-2022-46317,0.00447,0.3602
CVE-2022-46318,0.00296,0.21507
CVE-2022-46319,0.00487,0.38606
CVE-2022-46320,0.00487,0.38604
CVE-2022-46321,0.00398,0.31959
CVE-2022-46322,0.00447,0.3602
CVE-2022-46323,0.00487,0.38606
CVE-2022-46324,0.00487,0.38605
CVE-2022-46325,0.00487,0.38606
CVE-2022-46326,0.00487,0.38606
CVE-2022-46327,0.0045,0.36268
CVE-2022-46328,0.00398,0.3196
CVE-2022-46329,0.00278,0.19684
CVE-2022-46330,0.00393,0.31492
CVE-2022-46331,0.00522,0.40657
CVE-2022-46332,0.00612,0.45181
CVE-2022-46333,0.01468,0.70704
CVE-2022-46334,0.00165,0.06063
CVE-2022-46337,0.01418,0.6969
CVE-2022-46338,0.00659,0.47261
CVE-2022-46340,0.02484,0.82733
CVE-2022-46341,0.02516,0.82974
CVE-2022-46342,0.01303,0.67161
CVE-2022-46343,0.02367,0.81853
CVE-2022-46344,0.02685,0.841
CVE-2022-46345,0.00331,0.25127
CVE-2022-46346,0.00324,0.24417
CVE-2022-46347,0.00499,0.39317
CVE-2022-46348,0.00324,0.24417
CVE-2022-46349,0.0051,0.3994
CVE-2022-46350,0.00446,0.3594
CVE-2022-46351,0.00227,0.1335
CVE-2022-46352,0.00665,0.47494
CVE-2022-46353,0.01001,0.58802
CVE-2022-46354,0.00677,0.47994
CVE-2022-46355,0.00604,0.4478
CVE-2022-46356,0.0019,0.08828
CVE-2022-46357,0.0019,0.08829
CVE-2022-46358,0.0019,0.08828
CVE-2022-46359,0.0019,0.08829
CVE-2022-46360,0.00243,0.15435
CVE-2022-46361,0.00288,0.20741
CVE-2022-46363,0.01193,0.6439
CVE-2022-46364,0.0193,0.7764
CVE-2022-46365,0.01475,0.7081
CVE-2022-46366,0.0356,0.87989
CVE-2022-46367,0.00263,0.17831
CVE-2022-46368,0.00263,0.17831
CVE-2022-46369,0.00427,0.34518
CVE-2022-46370,0.00225,0.13071
CVE-2022-46371,0.0045,0.36243
CVE-2022-46372,0.00914,0.55949
CVE-2022-46377,0.0148,0.70918
CVE-2022-46378,0.01419,0.69711
CVE-2022-46381,0.01739,0.75075
CVE-2022-46382,0.00625,0.45804
CVE-2022-46383,0.00692,0.48587
CVE-2022-46387,0.00866,0.54469
CVE-2022-46389,0.00595,0.44363
CVE-2022-46391,0.00655,0.47072
CVE-2022-46392,0.00787,0.5189
CVE-2022-46393,0.01147,0.63075
CVE-2022-46394,0.00699,0.48829
CVE-2022-46395,0.02703,0.84217
CVE-2022-46396,0.00223,0.12821
CVE-2022-46397,0.0062,0.45575
CVE-2022-46399,0.00746,0.50549
CVE-2022-46400,0.00621,0.45627
CVE-2022-46401,0.00657,0.47191
CVE-2022-46402,0.00479,0.381
CVE-2022-46403,0.00832,0.53383
CVE-2022-46404,0.0181,0.76094
CVE-2022-46405,0.00918,0.5609
CVE-2022-46407,0.00347,0.26855
CVE-2022-46408,0.00924,0.5627
CVE-2022-46410,0.00568,0.43142
CVE-2022-46411,0.00568,0.43141
CVE-2022-46412,0.00683,0.48253
CVE-2022-46413,0.01395,0.69226
CVE-2022-46414,0.01261,0.6622
CVE-2022-46415,0.00908,0.55753
CVE-2022-46416,0.00875,0.54741
CVE-2022-46421,0.0322,0.86751
CVE-2022-46422,0.00266,0.1811
CVE-2022-46423,0.00397,0.31833
CVE-2022-46424,0.0084,0.53588
CVE-2022-46428,0.00343,0.26428
CVE-2022-46430,0.00343,0.26428
CVE-2022-46432,0.00836,0.53498
CVE-2022-46434,0.00912,0.55897
CVE-2022-46435,0.01009,0.59027
CVE-2022-46438,0.004,0.32172
CVE-2022-46440,0.00288,0.20755
CVE-2022-46442,0.00602,0.44708
CVE-2022-46443,0.37729,0.98369
CVE-2022-46449,0.00933,0.56577
CVE-2022-46456,0.00357,0.27849
CVE-2022-46457,0.00337,0.25738
CVE-2022-46463,0.06237,0.92725
CVE-2022-46471,0.00832,0.5338
CVE-2022-46472,0.00726,0.49858
CVE-2022-46475,0.09529,0.9489
CVE-2022-46476,0.41055,0.985
CVE-2022-46478,0.01091,0.61506
CVE-2022-46480,0.00466,0.37243
CVE-2022-46484,0.00711,0.49294
CVE-2022-46485,0.01038,0.59953
CVE-2022-46486,0.00335,0.25612
CVE-2022-46487,0.00596,0.44394
CVE-2022-46489,0.0027,0.18685
CVE-2022-46490,0.0027,0.18685
CVE-2022-46491,0.00274,0.19266
CVE-2022-46492,0.00496,0.39118
CVE-2022-46493,0.00809,0.52633
CVE-2022-46496,0.00949,0.57098
CVE-2022-46497,0.005,0.39354
CVE-2022-46498,0.00443,0.35726
CVE-2022-46499,0.00547,0.42047
CVE-2022-46501,0.00602,0.44706
CVE-2022-46502,0.13732,0.96069
CVE-2022-46503,0.004,0.3217
CVE-2022-46505,0.00861,0.54312
CVE-2022-46527,0.00701,0.48913
CVE-2022-46530,0.00815,0.52822
CVE-2022-46531,0.00815,0.52822
CVE-2022-46532,0.00815,0.52818
CVE-2022-46533,0.00815,0.52818
CVE-2022-46534,0.00815,0.52818
CVE-2022-46535,0.00815,0.52818
CVE-2022-46536,0.00815,0.5282
CVE-2022-46537,0.00815,0.52817
CVE-2022-46538,0.02446,0.82458
CVE-2022-46539,0.00815,0.52817
CVE-2022-46540,0.00815,0.52816
CVE-2022-46541,0.00815,0.52817
CVE-2022-46542,0.00815,0.52812
CVE-2022-46543,0.00815,0.52811
CVE-2022-46544,0.00815,0.52811
CVE-2022-46545,0.00815,0.52811
CVE-2022-46546,0.00815,0.52811
CVE-2022-46547,0.00844,0.53707
CVE-2022-46548,0.00815,0.52807
CVE-2022-46549,0.00815,0.52807
CVE-2022-46550,0.00815,0.52815
CVE-2022-46551,0.00815,0.52815
CVE-2022-46552,0.10503,0.95235
CVE-2022-46560,0.01445,0.70219
CVE-2022-46561,0.01445,0.70219
CVE-2022-46562,0.01414,0.6961
CVE-2022-46563,0.01414,0.6961
CVE-2022-46566,0.01414,0.6961
CVE-2022-46568,0.01414,0.69609
CVE-2022-46569,0.01645,0.73708
CVE-2022-46570,0.01445,0.70219
CVE-2022-46580,0.00873,0.54691
CVE-2022-46581,0.00873,0.54688
CVE-2022-46582,0.00873,0.54688
CVE-2022-46583,0.00873,0.54691
CVE-2022-46584,0.00966,0.57602
CVE-2022-46585,0.00873,0.5469
CVE-2022-46586,0.00966,0.57601
CVE-2022-46588,0.00873,0.5469
CVE-2022-46589,0.00966,0.57601
CVE-2022-46590,0.00966,0.576
CVE-2022-46591,0.00873,0.54689
CVE-2022-46592,0.00873,0.54688
CVE-2022-46593,0.00873,0.5469
CVE-2022-46594,0.00873,0.5469
CVE-2022-46596,0.00873,0.54689
CVE-2022-46597,0.02291,0.81219
CVE-2022-46598,0.02291,0.81219
CVE-2022-46599,0.00966,0.57599
CVE-2022-46600,0.00873,0.54689
CVE-2022-46601,0.00966,0.57599
CVE-2022-46603,0.00549,0.42126
CVE-2022-46604,0.08627,0.94475
CVE-2022-46609,0.01416,0.69646
CVE-2022-46610,0.18087,0.9686
CVE-2022-46622,0.00497,0.39178
CVE-2022-46623,0.00356,0.27743
CVE-2022-46624,0.00488,0.38656
CVE-2022-46631,0.0205,0.79003
CVE-2022-46634,0.0205,0.79003
CVE-2022-46637,0.01525,0.71733
CVE-2022-46639,0.00957,0.57315
CVE-2022-46640,0.0186,0.76775
CVE-2022-46641,0.03081,0.86162
CVE-2022-46642,0.03081,0.86163
CVE-2022-46645,0.00174,0.07024
CVE-2022-46646,0.00183,0.08088
CVE-2022-46647,0.00183,0.08088
CVE-2022-46648,0.01351,0.68276
CVE-2022-46649,0.02297,0.81285
CVE-2022-46650,0.1228,0.95714
CVE-2022-46651,0.01191,0.64328
CVE-2022-46656,0.00147,0.04391
CVE-2022-46658,0.01229,0.65399
CVE-2022-46660,0.00556,0.42514
CVE-2022-46662,0.00431,0.34792
CVE-2022-46663,0.01412,0.69568
CVE-2022-46664,0.00691,0.48547
CVE-2022-46670,0.00543,0.41837
CVE-2022-46675,0.0047,0.37515
CVE-2022-46676,0.0055,0.42202
CVE-2022-46677,0.0055,0.42203
CVE-2022-46678,0.0055,0.42202
CVE-2022-46679,0.0077,0.51347
CVE-2022-46680,0.00379,0.29984
CVE-2022-46682,0.00947,0.57035
CVE-2022-46683,0.00529,0.41051
CVE-2022-46684,0.00456,0.36638
CVE-2022-46685,0.00332,0.25207
CVE-2022-46686,0.00456,0.36637
CVE-2022-46687,0.00456,0.36639
CVE-2022-46688,0.00429,0.34673
CVE-2022-46689,0.44678,0.98628
CVE-2022-46690,0.00533,0.41287
CVE-2022-46691,0.01508,0.71452
CVE-2022-46692,0.00197,0.09662
CVE-2022-46693,0.00372,0.29304
CVE-2022-46694,0.00352,0.27356
CVE-2022-46695,0.01309,0.67272
CVE-2022-46696,0.01228,0.65375
CVE-2022-46697,0.0038,0.30152
CVE-2022-46698,0.00905,0.55625
CVE-2022-46699,0.0119,0.64312
CVE-2022-46700,0.01204,0.64685
CVE-2022-46701,0.00323,0.24353
CVE-2022-46702,0.0024,0.14993
CVE-2022-46703,0.00221,0.12654
CVE-2022-46704,0.00209,0.11131
CVE-2022-46705,0.00965,0.57583
CVE-2022-46706,0.00233,0.14135
CVE-2022-46709,0.00763,0.51111
CVE-2022-46710,0.00211,0.11385
CVE-2022-46712,0.00261,0.17559
CVE-2022-46713,0.00158,0.05349
CVE-2022-46715,0.00261,0.17498
CVE-2022-46716,0.00491,0.38832
CVE-2022-46717,0.00258,0.17214
CVE-2022-46718,0.00357,0.27888
CVE-2022-46720,0.00234,0.14285
CVE-2022-46721,0.00224,0.12936
CVE-2022-46722,0.0019,0.08744
CVE-2022-46723,0.00928,0.56412
CVE-2022-46724,0.00235,0.14343
CVE-2022-46725,0.00578,0.43619
CVE-2022-46732,0.00823,0.53082
CVE-2022-46733,0.00567,0.43111
CVE-2022-46738,0.00581,0.43761
CVE-2022-46740,0.00309,0.22834
CVE-2022-46741,0.00667,0.47584
CVE-2022-46742,0.01087,0.61416
CVE-2022-46751,0.01855,0.76706
CVE-2022-46752,0.00287,0.20636
CVE-2022-46754,0.00512,0.40093
CVE-2022-46755,0.0055,0.42201
CVE-2022-46756,0.00206,0.10672
CVE-2022-46761,0.00327,0.24742
CVE-2022-46762,0.00445,0.3592
CVE-2022-46763,0.01056,0.60492
CVE-2022-46764,0.02067,0.7919
CVE-2022-46768,0.47772,0.98712
CVE-2022-46769,0.01382,0.68975
CVE-2022-46770,0.21478,0.97327
CVE-2022-46771,0.00371,0.29237
CVE-2022-46773,0.00503,0.3955
CVE-2022-46774,0.00334,0.25435
CVE-2022-46781,0.00219,0.12381
CVE-2022-46782,0.00178,0.07492
CVE-2022-46783,0.00243,0.15352
CVE-2022-46784,0.00373,0.29485
CVE-2022-46785,0.00402,0.32383
CVE-2022-46786,0.00393,0.31403
CVE-2022-46792,0.0081,0.5267
CVE-2022-46793,0.00248,0.16076
CVE-2022-46794,0.00249,0.16121
CVE-2022-46795,0.00581,0.43736
CVE-2022-46796,0.00637,0.4631
CVE-2022-46797,0.00233,0.141
CVE-2022-46798,0.00229,0.13702
CVE-2022-46799,0.00382,0.30342
CVE-2022-46800,0.00264,0.1785
CVE-2022-46801,0.00702,0.48968
CVE-2022-46802,0.00702,0.48967
CVE-2022-46803,0.00702,0.48968
CVE-2022-46804,0.00802,0.52373
CVE-2022-46805,0.00215,0.11855
CVE-2022-46806,0.00218,0.12223
CVE-2022-46807,0.00512,0.40091
CVE-2022-46808,0.00639,0.46383
CVE-2022-46809,0.00794,0.52141
CVE-2022-46810,0.00226,0.13327
CVE-2022-46811,0.00512,0.40091
CVE-2022-46812,0.00256,0.16926
CVE-2022-46813,0.00256,0.16925
CVE-2022-46814,0.00271,0.18856
CVE-2022-46815,0.00264,0.17853
CVE-2022-46816,0.00256,0.16934
CVE-2022-46817,0.00369,0.29057
CVE-2022-46818,0.00652,0.46966
CVE-2022-46819,0.00392,0.31334
CVE-2022-46820,0.00264,0.17844
CVE-2022-46821,0.00779,0.51616
CVE-2022-46822,0.00382,0.30347
CVE-2022-46823,0.0047,0.37484
CVE-2022-46824,0.00172,0.06833
CVE-2022-46825,0.00126,0.02669
CVE-2022-46826,0.00222,0.1279
CVE-2022-46827,0.00194,0.09298
CVE-2022-46828,0.00269,0.18611
CVE-2022-46829,0.00428,0.34578
CVE-2022-46830,0.00469,0.37408
CVE-2022-46831,0.00449,0.36172
CVE-2022-46832,0.00312,0.23154
CVE-2022-46833,0.00312,0.23154
CVE-2022-46834,0.00312,0.23154
CVE-2022-46835,0.00935,0.56637
CVE-2022-46836,0.01126,0.62552
CVE-2022-46838,0.00703,0.48987
CVE-2022-46839,0.00827,0.53202
CVE-2022-46840,0.00441,0.35594
CVE-2022-46841,0.00208,0.10941
CVE-2022-46842,0.00264,0.17846
CVE-2022-46843,0.00406,0.32718
CVE-2022-46844,0.00361,0.28281
CVE-2022-46845,0.00213,0.11611
CVE-2022-46846,0.00513,0.40107
CVE-2022-46848,0.00508,0.39801
CVE-2022-46849,0.00675,0.47945
CVE-2022-46850,0.00596,0.44382
CVE-2022-46851,0.00256,0.1694
CVE-2022-46852,0.00396,0.31768
CVE-2022-46853,0.00256,0.16939
CVE-2022-46854,0.00264,0.17844
CVE-2022-46855,0.00492,0.38884
CVE-2022-46856,0.00264,0.17851
CVE-2022-46857,0.00221,0.12618
CVE-2022-46858,0.00382,0.30353
CVE-2022-46859,0.0055,0.42162
CVE-2022-46860,0.00685,0.48346
CVE-2022-46861,0.00369,0.29046
CVE-2022-46862,0.00384,0.30525
CVE-2022-46863,0.00369,0.29046
CVE-2022-46864,0.00382,0.30351
CVE-2022-46865,0.00256,0.16941
CVE-2022-46866,0.00256,0.1694
CVE-2022-46867,0.00271,0.18858
CVE-2022-46868,0.00166,0.06196
CVE-2022-46869,0.00236,0.14576
CVE-2022-46870,0.01118,0.62346
CVE-2022-46871,0.00892,0.55243
CVE-2022-46872,0.00772,0.51405
CVE-2022-46873,0.00697,0.48759
CVE-2022-46874,0.00884,0.55008
CVE-2022-46875,0.00634,0.46189
CVE-2022-46877,0.00699,0.48829
CVE-2022-46878,0.00722,0.49698
CVE-2022-46879,0.00639,0.4641
CVE-2022-46880,0.00653,0.46992
CVE-2022-46881,0.00722,0.49698
CVE-2022-46882,0.00921,0.56145
CVE-2022-46883,0.00568,0.4315
CVE-2022-46884,0.0041,0.33091
CVE-2022-46885,0.00506,0.39704
CVE-2022-46886,0.00299,0.21748
CVE-2022-46887,0.19374,0.97034
CVE-2022-46888,0.01543,0.72065
CVE-2022-46889,0.60115,0.99029
CVE-2022-46890,0.00635,0.46229
CVE-2022-46891,0.00806,0.52525
CVE-2022-46892,0.00621,0.45622
CVE-2022-46897,0.00148,0.04466
CVE-2022-46898,0.00683,0.48244
CVE-2022-46899,0.0041,0.33081
CVE-2022-46900,0.0048,0.38132
CVE-2022-46901,0.00514,0.40202
CVE-2022-46902,0.00532,0.41209
CVE-2022-46903,0.00341,0.2623
CVE-2022-46904,0.00341,0.26229
CVE-2022-46905,0.00385,0.30589
CVE-2022-46906,0.00341,0.26229
CVE-2022-46907,0.01162,0.63538
CVE-2022-46908,0.00425,0.344
CVE-2022-46910,0.00967,0.57637
CVE-2022-46912,0.00967,0.57638
CVE-2022-46914,0.00967,0.57638
CVE-2022-46934,0.01084,0.61328
CVE-2022-46945,0.04135,0.8966
CVE-2022-46946,0.00821,0.53022
CVE-2022-46947,0.00821,0.53022
CVE-2022-46949,0.00821,0.53022
CVE-2022-46950,0.00821,0.53023
CVE-2022-46951,0.00821,0.53024
CVE-2022-46952,0.00821,0.53023
CVE-2022-46953,0.00821,0.53023
CVE-2022-46954,0.00602,0.44706
CVE-2022-46955,0.00602,0.44708
CVE-2022-46956,0.00804,0.52466
CVE-2022-46957,0.00516,0.40306
CVE-2022-46959,0.0077,0.51348
CVE-2022-46965,0.00831,0.53345
CVE-2022-46966,0.0115,0.63166
CVE-2022-46967,0.01141,0.62912
CVE-2022-46968,0.00513,0.40143
CVE-2022-46973,0.00833,0.53404
CVE-2022-46996,0.01263,0.66276
CVE-2022-46997,0.01144,0.62999
CVE-2022-46998,0.01142,0.62939
CVE-2022-46999,0.00957,0.57324
CVE-2022-47002,0.06253,0.9274
CVE-2022-47003,0.03614,0.88158
CVE-2022-47007,0.00403,0.32512
CVE-2022-47008,0.00403,0.32512
CVE-2022-47010,0.00403,0.32512
CVE-2022-47011,0.00403,0.32512
CVE-2022-47012,0.00858,0.54205
CVE-2022-47015,0.01486,0.71036
CVE-2022-47021,0.00395,0.31662
CVE-2022-47022,0.00286,0.20511
CVE-2022-47024,0.0026,0.17442
CVE-2022-47027,0.01474,0.70799
CVE-2022-47028,0.00336,0.25686
CVE-2022-47029,0.0036,0.28156
CVE-2022-47034,0.00827,0.53208
CVE-2022-47035,0.01174,0.6386
CVE-2022-47036,0.00519,0.40528
CVE-2022-47037,0.0055,0.42171
CVE-2022-47040,0.00345,0.26619
CVE-2022-47042,0.01025,0.59551
CVE-2022-47052,0.00649,0.46853
CVE-2022-47053,0.00428,0.34581
CVE-2022-47065,0.01095,0.61684
CVE-2022-47069,0.00298,0.21657
CVE-2022-47070,0.00854,0.54058
CVE-2022-47071,0.25905,0.97738
CVE-2022-47072,0.00629,0.4596
CVE-2022-47073,0.00617,0.45441
CVE-2022-47075,0.59407,0.99014
CVE-2022-47076,0.06182,0.92673
CVE-2022-47083,0.18233,0.96878
CVE-2022-47085,0.00744,0.50438
CVE-2022-47086,0.00277,0.19649
CVE-2022-47087,0.00314,0.23331
CVE-2022-47088,0.00314,0.23331
CVE-2022-47089,0.00314,0.23331
CVE-2022-47090,0.00248,0.16055
CVE-2022-47091,0.00344,0.2651
CVE-2022-47092,0.00285,0.20444
CVE-2022-47093,0.00325,0.24522
CVE-2022-47094,0.00321,0.24107
CVE-2022-47095,0.00377,0.29866
CVE-2022-47100,0.01,0.58741
CVE-2022-47102,0.00534,0.41308
CVE-2022-47105,0.01066,0.60831
CVE-2022-47111,0.00215,0.11848
CVE-2022-47112,0.00174,0.07017
CVE-2022-47115,0.00873,0.54685
CVE-2022-47116,0.00775,0.51504
CVE-2022-47117,0.00873,0.54691
CVE-2022-47118,0.00873,0.54685
CVE-2022-47119,0.00873,0.54686
CVE-2022-47120,0.00873,0.54686
CVE-2022-47121,0.00873,0.54686
CVE-2022-47122,0.00873,0.54686
CVE-2022-47123,0.00966,0.57599
CVE-2022-47124,0.00873,0.54687
CVE-2022-47125,0.00873,0.54687
CVE-2022-47126,0.00873,0.54688
CVE-2022-47127,0.00873,0.54687
CVE-2022-47128,0.00966,0.576
CVE-2022-47129,0.01192,0.64371
CVE-2022-47130,0.00617,0.4541
CVE-2022-47131,0.00408,0.32903
CVE-2022-47132,0.00857,0.54175
CVE-2022-47134,0.00271,0.18862
CVE-2022-47135,0.0026,0.17492
CVE-2022-47136,0.00271,0.18859
CVE-2022-47137,0.0042,0.3397
CVE-2022-47138,0.0026,0.17492
CVE-2022-47139,0.00253,0.16636
CVE-2022-47140,0.00382,0.30346
CVE-2022-47141,0.00253,0.16636
CVE-2022-47142,0.00271,0.18861
CVE-2022-47143,0.0026,0.17491
CVE-2022-47144,0.00226,0.13326
CVE-2022-47145,0.0046,0.36864
CVE-2022-47146,0.00382,0.30346
CVE-2022-47147,0.00269,0.18584
CVE-2022-47148,0.00231,0.13942
CVE-2022-47149,0.003,0.21845
CVE-2022-47150,0.00113,0.01699
CVE-2022-47151,0.00443,0.35696
CVE-2022-47152,0.00253,0.16636
CVE-2022-47153,0.00372,0.29326
CVE-2022-47154,0.0026,0.17493
CVE-2022-47155,0.00276,0.1955
CVE-2022-47157,0.00369,0.29025
CVE-2022-47158,0.00392,0.31328
CVE-2022-47159,0.00276,0.1955
CVE-2022-47160,0.00558,0.42616
CVE-2022-47161,0.00271,0.18859
CVE-2022-47162,0.00276,0.19549
CVE-2022-47163,0.00246,0.15841
CVE-2022-47164,0.00293,0.21146
CVE-2022-47165,0.00249,0.1612
CVE-2022-47166,0.00273,0.19176
CVE-2022-47167,0.00264,0.17853
CVE-2022-47168,0.0042,0.33956
CVE-2022-47169,0.00253,0.1667
CVE-2022-47170,0.00392,0.31335
CVE-2022-47171,0.00394,0.31615
CVE-2022-47172,0.00253,0.1667
CVE-2022-47173,0.00392,0.31328
CVE-2022-47174,0.00256,0.16941
CVE-2022-47175,0.00214,0.11794
CVE-2022-47176,0.00518,0.40426
CVE-2022-47177,0.003,0.21846
CVE-2022-47178,0.00271,0.18862
CVE-2022-47179,0.00231,0.13944
CVE-2022-47180,0.00318,0.23797
CVE-2022-47181,0.00277,0.19624
CVE-2022-47182,0.00431,0.34797
CVE-2022-47183,0.00264,0.17849
CVE-2022-47184,0.01879,0.77011
CVE-2022-47185,0.01492,0.71145
CVE-2022-47186,0.00634,0.46197
CVE-2022-47187,0.00387,0.30844
CVE-2022-47188,0.00914,0.55977
CVE-2022-47189,0.00853,0.54004
CVE-2022-47190,0.0157,0.7251
CVE-2022-47191,0.01057,0.60511
CVE-2022-47192,0.01301,0.67124
CVE-2022-47194,0.00823,0.53086
CVE-2022-47195,0.00682,0.48214
CVE-2022-47196,0.00682,0.48214
CVE-2022-47197,0.01024,0.59495
CVE-2022-47208,0.01203,0.64651
CVE-2022-47209,0.00482,0.38295
CVE-2022-47210,0.00402,0.32403
CVE-2022-47211,0.00824,0.53105
CVE-2022-47212,0.00705,0.49057
CVE-2022-47213,0.00705,0.49057
CVE-2022-47311,0.00517,0.4035
CVE-2022-47317,0.00228,0.13574
CVE-2022-47318,0.0136,0.68492
CVE-2022-47320,0.00506,0.39709
CVE-2022-47322,0.00089,0.00541
CVE-2022-47323,0.00083,0.00315
CVE-2022-47324,0.00085,0.004
CVE-2022-47325,0.00085,0.00401
CVE-2022-47326,0.00085,0.004
CVE-2022-47327,0.00089,0.00554
CVE-2022-47328,0.00085,0.004
CVE-2022-47329,0.00085,0.00399
CVE-2022-47330,0.00089,0.00554
CVE-2022-47331,0.00068,0.00038
CVE-2022-47332,0.00089,0.00555
CVE-2022-47333,0.00089,0.00555
CVE-2022-47334,0.00093,0.00713
CVE-2022-47335,0.00084,0.00362
CVE-2022-47336,0.00084,0.00362
CVE-2022-47337,0.00084,0.00361
CVE-2022-47338,0.00088,0.00502
CVE-2022-47339,0.00268,0.18543
CVE-2022-47340,0.0009,0.00582
CVE-2022-47341,0.001,0.01026
CVE-2022-47342,0.00092,0.00656
CVE-2022-47343,0.00092,0.00656
CVE-2022-47344,0.00092,0.00657
CVE-2022-47345,0.00092,0.00658
CVE-2022-47346,0.00092,0.00658
CVE-2022-47347,0.00092,0.00658
CVE-2022-47348,0.00092,0.00657
CVE-2022-47350,0.00086,0.00424
CVE-2022-47351,0.00086,0.00424
CVE-2022-47352,0.00088,0.00483
CVE-2022-47353,0.00088,0.00483
CVE-2022-47354,0.00081,0.0026
CVE-2022-47355,0.00081,0.00259
CVE-2022-47356,0.00081,0.00259
CVE-2022-47357,0.00087,0.00467
CVE-2022-47358,0.00087,0.00467
CVE-2022-47359,0.00087,0.00466
CVE-2022-47360,0.00087,0.00466
CVE-2022-47361,0.00095,0.0077
CVE-2022-47362,0.00084,0.00371
CVE-2022-47363,0.00091,0.00608
CVE-2022-47364,0.00091,0.00607
CVE-2022-47365,0.00089,0.00541
CVE-2022-47366,0.00089,0.00541
CVE-2022-47367,0.00088,0.00505
CVE-2022-47368,0.00091,0.00607
CVE-2022-47369,0.00091,0.00607
CVE-2022-47370,0.00089,0.0054
CVE-2022-47371,0.00088,0.00502
CVE-2022-47372,0.00234,0.14249
CVE-2022-47373,0.00338,0.25896
CVE-2022-47374,0.0072,0.49627
CVE-2022-47375,0.00722,0.49694
CVE-2022-47376,0.00162,0.05791
CVE-2022-47377,0.00883,0.54967
CVE-2022-47378,0.00914,0.5595
CVE-2022-47379,0.0199,0.78324
CVE-2022-47380,0.01334,0.67853
CVE-2022-47381,0.01334,0.67853
CVE-2022-47382,0.01334,0.67852
CVE-2022-47383,0.01334,0.67853
CVE-2022-47384,0.01334,0.67852
CVE-2022-47385,0.01361,0.68519
CVE-2022-47386,0.01361,0.68519
CVE-2022-47387,0.01334,0.67852
CVE-2022-47388,0.01334,0.67852
CVE-2022-47389,0.01333,0.67825
CVE-2022-47390,0.01333,0.67825
CVE-2022-47391,0.01871,0.76914
CVE-2022-47392,0.00862,0.54338
CVE-2022-47393,0.00976,0.58
CVE-2022-47395,0.00325,0.24565
CVE-2022-47406,0.00441,0.35582
CVE-2022-47407,0.00364,0.28542
CVE-2022-47408,0.00651,0.46922
CVE-2022-47409,0.006,0.4463
CVE-2022-47410,0.00674,0.47884
CVE-2022-47411,0.00674,0.47884
CVE-2022-47412,0.00582,0.43785
CVE-2022-47413,0.0053,0.41086
CVE-2022-47414,0.00506,0.39702
CVE-2022-47415,0.00477,0.37979
CVE-2022-47416,0.00497,0.39171
CVE-2022-47417,0.00497,0.39171
CVE-2022-47418,0.00497,0.39171
CVE-2022-47419,0.00536,0.41445
CVE-2022-47420,0.00479,0.38066
CVE-2022-47421,0.00388,0.30961
CVE-2022-47422,0.0026,0.17491
CVE-2022-47423,0.00392,0.31329
CVE-2022-47424,0.00219,0.12317
CVE-2022-47425,0.00255,0.16895
CVE-2022-47426,0.00547,0.42005
CVE-2022-47427,0.00269,0.18584
CVE-2022-47428,0.00675,0.47946
CVE-2022-47429,0.00504,0.39585
CVE-2022-47430,0.00681,0.48168
CVE-2022-47431,0.00382,0.30352
CVE-2022-47432,0.00695,0.48714
CVE-2022-47433,0.00382,0.30351
CVE-2022-47434,0.00369,0.29056
CVE-2022-47435,0.00392,0.31331
CVE-2022-47436,0.00369,0.29057
CVE-2022-47437,0.00369,0.29051
CVE-2022-47438,0.0038,0.30154
CVE-2022-47439,0.00382,0.30352
CVE-2022-47440,0.00276,0.19549
CVE-2022-47441,0.00382,0.30343
CVE-2022-47442,0.00682,0.4821
CVE-2022-47443,0.00326,0.24655
CVE-2022-47444,0.00411,0.33148
CVE-2022-47445,0.00633,0.46151
CVE-2022-47446,0.00269,0.18584
CVE-2022-47447,0.0026,0.17492
CVE-2022-47448,0.00269,0.18584
CVE-2022-47449,0.00382,0.30341
CVE-2022-47450,0.00089,0.00555
CVE-2022-47451,0.00161,0.05708
CVE-2022-47452,0.00092,0.00657
CVE-2022-47453,0.00088,0.00509
CVE-2022-47454,0.00088,0.00511
CVE-2022-47455,0.00088,0.0051
CVE-2022-47456,0.00088,0.0051
CVE-2022-47457,0.00088,0.0051
CVE-2022-47458,0.00088,0.00509
CVE-2022-47459,0.00088,0.00511
CVE-2022-47460,0.00088,0.00509
CVE-2022-47461,0.00096,0.00834
CVE-2022-47462,0.00096,0.00835
CVE-2022-47463,0.00084,0.00362
CVE-2022-47464,0.00084,0.00359
CVE-2022-47465,0.00084,0.00364
CVE-2022-47466,0.00084,0.00362
CVE-2022-47467,0.00084,0.0036
CVE-2022-47468,0.00084,0.0037
CVE-2022-47469,0.00096,0.00853
CVE-2022-47470,0.00096,0.00852
CVE-2022-47471,0.00089,0.00527
CVE-2022-47472,0.00089,0.00529
CVE-2022-47473,0.00089,0.00527
CVE-2022-47474,0.00089,0.00527
CVE-2022-47475,0.00089,0.00529
CVE-2022-47476,0.00089,0.00527
CVE-2022-47477,0.00089,0.00528
CVE-2022-47478,0.00089,0.00528
CVE-2022-47479,0.00089,0.0053
CVE-2022-47480,0.00087,0.00475
CVE-2022-47481,0.00087,0.00473
CVE-2022-47482,0.00087,0.00474
CVE-2022-47483,0.00087,0.00473
CVE-2022-47484,0.00087,0.00476
CVE-2022-47485,0.00096,0.00846
CVE-2022-47486,0.00096,0.00847
CVE-2022-47487,0.0009,0.00582
CVE-2022-47488,0.00096,0.0085
CVE-2022-47489,0.00096,0.0085
CVE-2022-47490,0.00087,0.00476
CVE-2022-47491,0.00096,0.0085
CVE-2022-47492,0.00087,0.00475
CVE-2022-47493,0.00087,0.00475
CVE-2022-47494,0.00096,0.00851
CVE-2022-47495,0.00096,0.00851
CVE-2022-47496,0.00096,0.00851
CVE-2022-47497,0.00096,0.00851
CVE-2022-47498,0.00096,0.00848
CVE-2022-47499,0.00096,0.00849
CVE-2022-47500,0.01052,0.60361
CVE-2022-47501,0.1018,0.95124
CVE-2022-47502,0.00958,0.5735
CVE-2022-47503,0.24439,0.97618
CVE-2022-47504,0.25061,0.97672
CVE-2022-47505,0.00242,0.15237
CVE-2022-47506,0.00627,0.45864
CVE-2022-47507,0.07234,0.93603
CVE-2022-47508,0.00754,0.50781
CVE-2022-47509,0.00511,0.39984
CVE-2022-47512,0.00242,0.15247
CVE-2022-47514,0.01239,0.65643
CVE-2022-47515,0.01152,0.63256
CVE-2022-47516,0.01647,0.73747
CVE-2022-47517,0.01464,0.70601
CVE-2022-47518,0.00329,0.2497
CVE-2022-47519,0.00298,0.21625
CVE-2022-47520,0.00307,0.22595
CVE-2022-47521,0.00335,0.25549
CVE-2022-47522,0.00897,0.55391
CVE-2022-47523,0.70578,0.99316
CVE-2022-47524,0.00353,0.27473
CVE-2022-47525,0.0084,0.53588
CVE-2022-47526,0.01302,0.67146
CVE-2022-47529,0.0157,0.72501
CVE-2022-47531,0.00969,0.57768
CVE-2022-47532,0.00628,0.45928
CVE-2022-47542,0.00571,0.43313
CVE-2022-47543,0.00418,0.33787
CVE-2022-47544,0.00692,0.48586
CVE-2022-47547,0.0053,0.41065
CVE-2022-47549,0.004,0.32174
CVE-2022-47551,0.00604,0.44777
CVE-2022-47553,0.00587,0.44009
CVE-2022-47554,0.00485,0.38459
CVE-2022-47555,0.00984,0.58242
CVE-2022-47556,0.00482,0.38259
CVE-2022-47557,0.00115,0.01832
CVE-2022-47558,0.00519,0.40473
CVE-2022-47559,0.002,0.09918
CVE-2022-47560,0.00284,0.20325
CVE-2022-47561,0.00165,0.06017
CVE-2022-47562,0.00615,0.45309
CVE-2022-47577,0.01124,0.62491
CVE-2022-47578,0.00952,0.57204
CVE-2022-47581,0.00616,0.45376
CVE-2022-47583,0.01113,0.62197
CVE-2022-47586,0.00652,0.46965
CVE-2022-47587,0.00369,0.2904
CVE-2022-47588,0.00717,0.49497
CVE-2022-47589,0.00392,0.3132
CVE-2022-47590,0.00382,0.30349
CVE-2022-47591,0.00406,0.32717
CVE-2022-47592,0.00406,0.32716
CVE-2022-47593,0.00635,0.46243
CVE-2022-47594,0.00419,0.33853
CVE-2022-47595,0.00754,0.50783
CVE-2022-47596,0.00392,0.3133
CVE-2022-47597,0.00612,0.45181
CVE-2022-47598,0.00392,0.31326
CVE-2022-47599,0.00516,0.4034
CVE-2022-47600,0.00382,0.30339
CVE-2022-47601,0.004,0.32165
CVE-2022-47602,0.00417,0.3371
CVE-2022-47603,0.00422,0.3413
CVE-2022-47604,0.00526,0.40891
CVE-2022-47605,0.00668,0.47629
CVE-2022-47606,0.00369,0.29055
CVE-2022-47607,0.00407,0.32853
CVE-2022-47608,0.00369,0.29054
CVE-2022-47609,0.00246,0.15793
CVE-2022-47610,0.00421,0.34073
CVE-2022-47611,0.00271,0.18863
CVE-2022-47612,0.00231,0.13942
CVE-2022-47613,0.00421,0.34073
CVE-2022-47614,0.00571,0.43306
CVE-2022-47615,0.05063,0.91331
CVE-2022-47616,0.01281,0.66683
CVE-2022-47617,0.0051,0.39948
CVE-2022-47618,0.01022,0.59416
CVE-2022-47629,0.0155,0.72205
CVE-2022-47630,0.00629,0.45942
CVE-2022-47631,0.00378,0.29927
CVE-2022-47632,0.00633,0.46147
CVE-2022-47633,0.00956,0.57314
CVE-2022-47634,0.00474,0.37753
CVE-2022-47635,0.00621,0.45621
CVE-2022-47636,0.01135,0.62771
CVE-2022-47637,0.00239,0.14913
CVE-2022-47648,0.00425,0.34398
CVE-2022-47653,0.00313,0.23226
CVE-2022-47654,0.00316,0.23563
CVE-2022-47655,0.00385,0.3061
CVE-2022-47656,0.00316,0.23564
CVE-2022-47657,0.00352,0.27339
CVE-2022-47658,0.00316,0.23564
CVE-2022-47659,0.00352,0.27339
CVE-2022-47660,0.00324,0.2438
CVE-2022-47661,0.00347,0.268
CVE-2022-47662,0.00308,0.22727
CVE-2022-47663,0.00352,0.27338
CVE-2022-47664,0.00312,0.23117
CVE-2022-47665,0.00325,0.24528
CVE-2022-47673,0.00434,0.3499
CVE-2022-47695,0.00461,0.36952
CVE-2022-47696,0.00404,0.32545
CVE-2022-47697,0.00621,0.45621
CVE-2022-47698,0.00353,0.27476
CVE-2022-47699,0.00621,0.45624
CVE-2022-47700,0.00509,0.39867
CVE-2022-47701,0.00353,0.27473
CVE-2022-47703,0.00829,0.53261
CVE-2022-47714,0.00607,0.44906
CVE-2022-47715,0.00394,0.31579
CVE-2022-47717,0.00735,0.50164
CVE-2022-47732,0.00544,0.41875
CVE-2022-47740,0.00752,0.5073
CVE-2022-47745,0.15394,0.96403
CVE-2022-47747,0.00799,0.52297
CVE-2022-47757,0.00956,0.57294
CVE-2022-47758,0.01124,0.62477
CVE-2022-47762,0.00928,0.56416
CVE-2022-47766,0.00803,0.52418
CVE-2022-47767,0.01248,0.65857
CVE-2022-47768,0.01148,0.63103
CVE-2022-47769,0.01072,0.60981
CVE-2022-47770,0.00924,0.56264
CVE-2022-47780,0.00934,0.56609
CVE-2022-47790,0.00752,0.5073
CVE-2022-47848,0.00737,0.5024
CVE-2022-47853,0.0192,0.77527
CVE-2022-47854,0.00888,0.551
CVE-2022-47859,0.00872,0.54655
CVE-2022-47860,0.0089,0.55184
CVE-2022-47861,0.00926,0.56309
CVE-2022-47862,0.00907,0.55698
CVE-2022-47864,0.00907,0.55698
CVE-2022-47865,0.00926,0.56309
CVE-2022-47866,0.0089,0.55182
CVE-2022-47870,0.02229,0.80688
CVE-2022-47872,0.00873,0.54703
CVE-2022-47873,0.00839,0.53579
CVE-2022-47874,0.21127,0.97292
CVE-2022-47875,0.1016,0.95117
CVE-2022-47876,0.07048,0.93453
CVE-2022-47877,0.02631,0.83763
CVE-2022-47878,0.35716,0.98276
CVE-2022-47879,0.06247,0.92737
CVE-2022-47880,0.02902,0.85336
CVE-2022-47881,0.00698,0.48814
CVE-2022-47891,0.00613,0.45207
CVE-2022-47892,0.00478,0.38035
CVE-2022-47893,0.01178,0.63999
CVE-2022-47894,0.01327,0.67672
CVE-2022-47895,0.0021,0.1127
CVE-2022-47896,0.00254,0.1678
CVE-2022-47908,0.00253,0.16608
CVE-2022-47909,0.00392,0.31342
CVE-2022-47911,0.01236,0.65564
CVE-2022-47915,0.00224,0.12936
CVE-2022-47917,0.00683,0.48264
CVE-2022-47924,0.00261,0.17571
CVE-2022-47925,0.00924,0.56277
CVE-2022-47926,0.0079,0.52013
CVE-2022-47927,0.00269,0.18616
CVE-2022-47928,0.00415,0.33488
CVE-2022-47929,0.00964,0.57548
CVE-2022-47930,0.00523,0.40729
CVE-2022-47931,0.00453,0.36418
CVE-2022-47932,0.01047,0.60211
CVE-2022-47933,0.00817,0.52894
CVE-2022-47934,0.01032,0.59751
CVE-2022-47935,0.00279,0.19783
CVE-2022-47936,0.00226,0.13321
CVE-2022-47937,0.02187,0.80325
CVE-2022-47938,0.58461,0.98991
CVE-2022-47939,0.46428,0.98679
CVE-2022-47940,0.01393,0.69183
CVE-2022-47941,0.04906,0.91091
CVE-2022-47942,0.03576,0.88036
CVE-2022-47943,0.03503,0.87816
CVE-2022-47945,0.15505,0.96424
CVE-2022-47946,0.00373,0.29469
CVE-2022-47949,0.16888,0.96692
CVE-2022-47950,0.01001,0.58762
CVE-2022-47951,0.01025,0.59558
CVE-2022-47952,0.00702,0.48946
CVE-2022-47965,0.00224,0.12936
CVE-2022-47966,0.99753,0.99954
CVE-2022-47967,0.00279,0.19782
CVE-2022-47968,0.00404,0.32605
CVE-2022-47974,0.00198,0.09797
CVE-2022-47975,0.00595,0.44343
CVE-2022-47976,0.00413,0.33372
CVE-2022-47977,0.00223,0.1285
CVE-2022-47983,0.00434,0.35038
CVE-2022-47984,0.00679,0.48083
CVE-2022-47986,0.99968,0.99977
CVE-2022-47990,0.0021,0.11222
CVE-2022-48006,0.00935,0.5664
CVE-2022-48007,0.00419,0.33915
CVE-2022-48008,0.01267,0.66356
CVE-2022-48010,0.00483,0.38327
CVE-2022-48011,0.01072,0.60986
CVE-2022-48012,0.0137,0.68706
CVE-2022-48013,0.00516,0.40297
CVE-2022-48019,0.00339,0.26027
CVE-2022-48020,0.0061,0.45079
CVE-2022-48021,0.00879,0.54868
CVE-2022-48022,0.00496,0.39082
CVE-2022-48023,0.00449,0.36201
CVE-2022-48063,0.00483,0.38338
CVE-2022-48064,0.0059,0.44171
CVE-2022-48065,0.00654,0.47048
CVE-2022-48066,0.01051,0.60316
CVE-2022-48067,0.0024,0.14977
CVE-2022-48069,0.01358,0.68446
CVE-2022-48070,0.00899,0.55447
CVE-2022-48071,0.00441,0.35565
CVE-2022-48072,0.00899,0.55447
CVE-2022-48073,0.00452,0.36385
CVE-2022-48074,0.00207,0.10767
CVE-2022-48077,0.0031,0.22884
CVE-2022-48078,0.00928,0.56383
CVE-2022-48079,0.01377,0.68876
CVE-2022-48082,0.00602,0.44706
CVE-2022-48085,0.00591,0.44197
CVE-2022-48090,0.0071,0.49259
CVE-2022-48091,0.00447,0.36035
CVE-2022-48093,0.01428,0.69881
CVE-2022-48094,0.0067,0.47707
CVE-2022-48107,0.03113,0.86282
CVE-2022-48108,0.03113,0.86282
CVE-2022-48110,0.02097,0.79508
CVE-2022-48111,0.00639,0.46381
CVE-2022-48113,0.00937,0.56702
CVE-2022-48114,0.0085,0.53898
CVE-2022-48115,0.00411,0.33198
CVE-2022-48116,0.01357,0.68427
CVE-2022-48118,0.00473,0.37704
CVE-2022-48120,0.0087,0.54598
CVE-2022-48121,0.01958,0.77974
CVE-2022-48122,0.01958,0.77974
CVE-2022-48123,0.01958,0.77974
CVE-2022-48124,0.01958,0.7797
CVE-2022-48125,0.01958,0.7797
CVE-2022-48126,0.01958,0.77971
CVE-2022-48130,0.00928,0.56379
CVE-2022-48140,0.004,0.32172
CVE-2022-48149,0.00647,0.46747
CVE-2022-48150,0.0058,0.43707
CVE-2022-48152,0.00792,0.52057
CVE-2022-48161,0.00759,0.50979
CVE-2022-48164,0.03096,0.86221
CVE-2022-48165,0.03284,0.87022
CVE-2022-48166,0.02823,0.84945
CVE-2022-48174,0.02979,0.85707
CVE-2022-48175,0.0174,0.75093
CVE-2022-48176,0.00448,0.36082
CVE-2022-48177,0.01831,0.76375
CVE-2022-48178,0.01831,0.76375
CVE-2022-48181,0.00193,0.09115
CVE-2022-48182,0.00255,0.16886
CVE-2022-48183,0.00255,0.16886
CVE-2022-48186,0.00257,0.17133
CVE-2022-48188,0.00193,0.09115
CVE-2022-48189,0.00195,0.09331
CVE-2022-48191,0.00192,0.09041
CVE-2022-48192,0.00383,0.30454
CVE-2022-48193,0.0027,0.18725
CVE-2022-48194,0.33482,0.98185
CVE-2022-48195,0.00883,0.54972
CVE-2022-48196,0.00939,0.56775
CVE-2022-48197,0.06608,0.93068
CVE-2022-48198,0.01085,0.6137
CVE-2022-48199,0.00689,0.48488
CVE-2022-48216,0.0076,0.51009
CVE-2022-48217,0.00742,0.50387
CVE-2022-48219,0.00278,0.19713
CVE-2022-48220,0.00278,0.19712
CVE-2022-48221,0.00507,0.3974
CVE-2022-48222,0.00135,0.03321
CVE-2022-48223,0.00115,0.01844
CVE-2022-48224,0.00216,0.12037
CVE-2022-48225,0.00199,0.09822
CVE-2022-48226,0.00182,0.07965
CVE-2022-48227,0.00171,0.06752
CVE-2022-48228,0.00187,0.0843
CVE-2022-48230,0.00468,0.37385
CVE-2022-48231,0.00092,0.00668
CVE-2022-48232,0.00088,0.00508
CVE-2022-48233,0.00088,0.00508
CVE-2022-48234,0.00088,0.00486
CVE-2022-48235,0.00096,0.00852
CVE-2022-48236,0.00093,0.00713
CVE-2022-48237,0.00096,0.00847
CVE-2022-48238,0.00096,0.00852
CVE-2022-48239,0.00096,0.00848
CVE-2022-48240,0.00096,0.00848
CVE-2022-48241,0.00092,0.00668
CVE-2022-48242,0.00089,0.00529
CVE-2022-48243,0.0009,0.0059
CVE-2022-48244,0.0009,0.00592
CVE-2022-48245,0.0009,0.00589
CVE-2022-48246,0.0009,0.00591
CVE-2022-48247,0.0009,0.0059
CVE-2022-48248,0.0009,0.00589
CVE-2022-48249,0.0009,0.0059
CVE-2022-48250,0.0009,0.00588
CVE-2022-48251,0.00828,0.53241
CVE-2022-48252,0.02724,0.84345
CVE-2022-48253,0.03406,0.87476
CVE-2022-48254,0.00212,0.11534
CVE-2022-48255,0.01109,0.62073
CVE-2022-48256,0.00689,0.48477
CVE-2022-48257,0.00884,0.55015
CVE-2022-48258,0.01071,0.60959
CVE-2022-48259,0.00929,0.56421
CVE-2022-48260,0.00468,0.37349
CVE-2022-48261,0.0046,0.36919
CVE-2022-48279,0.01169,0.63725
CVE-2022-48281,0.00461,0.36963
CVE-2022-48282,0.01049,0.60256
CVE-2022-48283,0.00472,0.37632
CVE-2022-48284,0.00472,0.37631
CVE-2022-48285,0.01411,0.69548
CVE-2022-48286,0.00377,0.29832
CVE-2022-48287,0.00362,0.28336
CVE-2022-48288,0.00417,0.33688
CVE-2022-48289,0.00417,0.33687
CVE-2022-48290,0.00445,0.3592
CVE-2022-48291,0.00226,0.13303
CVE-2022-48292,0.00202,0.102
CVE-2022-48293,0.00202,0.102
CVE-2022-48294,0.00417,0.33688
CVE-2022-48295,0.00327,0.24742
CVE-2022-48296,0.00281,0.20033
CVE-2022-48297,0.00398,0.3196
CVE-2022-48298,0.00398,0.31958
CVE-2022-48299,0.00417,0.33687
CVE-2022-48300,0.00417,0.33688
CVE-2022-48301,0.00327,0.24742
CVE-2022-48302,0.00377,0.29832
CVE-2022-48303,0.04524,0.90437
CVE-2022-48305,0.00138,0.03629
CVE-2022-48306,0.00258,0.1723
CVE-2022-48307,0.00206,0.10709
CVE-2022-48308,0.00191,0.08871
CVE-2022-48309,0.00343,0.26443
CVE-2022-48310,0.00128,0.02796
CVE-2022-48311,0.01006,0.58941
CVE-2022-48312,0.00398,0.31959
CVE-2022-48313,0.00197,0.09683
CVE-2022-48314,0.00197,0.09683
CVE-2022-48317,0.00456,0.36608
CVE-2022-48318,0.00486,0.38528
CVE-2022-48319,0.00219,0.12337
CVE-2022-48320,0.00229,0.13708
CVE-2022-48321,0.00277,0.19579
CVE-2022-48322,0.00682,0.48198
CVE-2022-48323,0.56787,0.98952
CVE-2022-48324,0.00628,0.45912
CVE-2022-48325,0.00637,0.46311
CVE-2022-48326,0.00645,0.46679
CVE-2022-48327,0.00628,0.45912
CVE-2022-48328,0.01298,0.67055
CVE-2022-48329,0.00929,0.5644
CVE-2022-48330,0.00239,0.14925
CVE-2022-48331,0.00928,0.56378
CVE-2022-48332,0.00928,0.56378
CVE-2022-48333,0.00928,0.56381
CVE-2022-48334,0.00928,0.56378
CVE-2022-48335,0.01086,0.61401
CVE-2022-48336,0.01086,0.61401
CVE-2022-48337,0.01603,0.73027
CVE-2022-48338,0.01639,0.73612
CVE-2022-48339,0.01132,0.62695
CVE-2022-48340,0.00871,0.5462
CVE-2022-48341,0.00986,0.58296
CVE-2022-48342,0.00314,0.23391
CVE-2022-48343,0.59462,0.99016
CVE-2022-48344,0.00378,0.29936
CVE-2022-48345,0.0056,0.42704
CVE-2022-48346,0.00473,0.37685
CVE-2022-48347,0.00422,0.34179
CVE-2022-48348,0.00422,0.34177
CVE-2022-48349,0.00478,0.38011
CVE-2022-48350,0.004,0.322
CVE-2022-48351,0.00474,0.37785
CVE-2022-48352,0.00474,0.37787
CVE-2022-48353,0.00478,0.38011
CVE-2022-48354,0.00233,0.14145
CVE-2022-48355,0.00233,0.14145
CVE-2022-48356,0.00474,0.37787
CVE-2022-48357,0.00474,0.37787
CVE-2022-48358,0.00343,0.26398
CVE-2022-48359,0.00466,0.37296
CVE-2022-48360,0.004,0.322
CVE-2022-48361,0.004,0.32159
CVE-2022-48362,0.08667,0.94501
CVE-2022-48363,0.01175,0.63897
CVE-2022-48364,0.00685,0.48313
CVE-2022-48365,0.00862,0.54315
CVE-2022-48366,0.00458,0.36754
CVE-2022-48367,0.00721,0.4967
CVE-2022-48368,0.0009,0.00591
CVE-2022-48369,0.0009,0.00591
CVE-2022-48370,0.00089,0.00528
CVE-2022-48371,0.00089,0.00529
CVE-2022-48372,0.00096,0.00849
CVE-2022-48373,0.00096,0.00849
CVE-2022-48374,0.00096,0.00849
CVE-2022-48375,0.00087,0.00474
CVE-2022-48376,0.00087,0.00477
CVE-2022-48377,0.00087,0.00475
CVE-2022-48378,0.00085,0.00396
CVE-2022-48379,0.00087,0.00476
CVE-2022-48380,0.00118,0.01992
CVE-2022-48381,0.00121,0.02226
CVE-2022-48382,0.00121,0.02226
CVE-2022-48383,0.00111,0.01571
CVE-2022-48384,0.00114,0.01745
CVE-2022-48385,0.00096,0.00847
CVE-2022-48386,0.00093,0.00714
CVE-2022-48387,0.00093,0.00713
CVE-2022-48388,0.0009,0.0059
CVE-2022-48389,0.00121,0.02225
CVE-2022-48390,0.00084,0.00336
CVE-2022-48391,0.00083,0.00322
CVE-2022-48392,0.00084,0.0035
CVE-2022-48422,0.003,0.2184
CVE-2022-48423,0.00266,0.18119
CVE-2022-48424,0.00266,0.18119
CVE-2022-48425,0.00264,0.17912
CVE-2022-48426,0.01057,0.60502
CVE-2022-48427,0.00996,0.58604
CVE-2022-48428,0.6796,0.99241
CVE-2022-48429,0.00603,0.44726
CVE-2022-48430,0.00329,0.24913
CVE-2022-48431,0.00104,0.01248
CVE-2022-48432,0.00155,0.05116
CVE-2022-48433,0.00646,0.46713
CVE-2022-48434,0.01512,0.71522
CVE-2022-48435,0.00173,0.06906
CVE-2022-48437,0.00362,0.28313
CVE-2022-48438,0.00085,0.00379
CVE-2022-48439,0.00092,0.00643
CVE-2022-48440,0.00075,0.00125
CVE-2022-48441,0.00075,0.00125
CVE-2022-48442,0.00075,0.00125
CVE-2022-48443,0.00083,0.00305
CVE-2022-48444,0.00083,0.00306
CVE-2022-48445,0.00083,0.00305
CVE-2022-48446,0.00083,0.00321
CVE-2022-48447,0.00083,0.00321
CVE-2022-48448,0.00081,0.00266
CVE-2022-48450,0.00089,0.00539
CVE-2022-48451,0.00065,0.00026
CVE-2022-48452,0.00084,0.00353
CVE-2022-48453,0.00088,0.00483
CVE-2022-48454,0.00081,0.00244
CVE-2022-48455,0.00081,0.00244
CVE-2022-48456,0.00083,0.00331
CVE-2022-48457,0.00081,0.00256
CVE-2022-48458,0.00081,0.00244
CVE-2022-48459,0.00081,0.00254
CVE-2022-48460,0.00081,0.00244
CVE-2022-48461,0.00083,0.00331
CVE-2022-48462,0.00099,0.01001
CVE-2022-48463,0.00099,0.01
CVE-2022-48464,0.00099,0.01001
CVE-2022-48468,0.00369,0.28969
CVE-2022-48469,0.00304,0.22263
CVE-2022-48470,0.00141,0.03858
CVE-2022-48471,0.00441,0.35598
CVE-2022-48472,0.01074,0.61034
CVE-2022-48473,0.00441,0.35598
CVE-2022-48474,0.00983,0.58214
CVE-2022-48475,0.00458,0.36776
CVE-2022-48476,0.00751,0.50706
CVE-2022-48477,0.00482,0.3827
CVE-2022-48478,0.00473,0.37695
CVE-2022-48479,0.00473,0.37695
CVE-2022-48480,0.00394,0.31587
CVE-2022-48481,0.00208,0.10937
CVE-2022-48482,0.01822,0.76249
CVE-2022-48483,0.01667,0.74037
CVE-2022-48486,0.00434,0.35014
CVE-2022-48487,0.00434,0.35017
CVE-2022-48488,0.00297,0.21556
CVE-2022-48489,0.00434,0.35013
CVE-2022-48490,0.00434,0.35016
CVE-2022-48491,0.00308,0.22632
CVE-2022-48492,0.00434,0.35016
CVE-2022-48493,0.00434,0.35014
CVE-2022-48494,0.00324,0.24411
CVE-2022-48495,0.003,0.21893
CVE-2022-48496,0.00324,0.24411
CVE-2022-48497,0.00434,0.35016
CVE-2022-48498,0.00434,0.35014
CVE-2022-48499,0.00434,0.35015
CVE-2022-48500,0.00434,0.35015
CVE-2022-48501,0.00434,0.35015
CVE-2022-48502,0.00545,0.41925
CVE-2022-48503,0.03213,0.86712
CVE-2022-48504,0.00196,0.09497
CVE-2022-48505,0.0025,0.16238
CVE-2022-48506,0.00359,0.28057
CVE-2022-48507,0.0038,0.30146
CVE-2022-48508,0.00327,0.24743
CVE-2022-48509,0.00334,0.25509
CVE-2022-48510,0.00487,0.38604
CVE-2022-48511,0.00487,0.38605
CVE-2022-48512,0.00487,0.38604
CVE-2022-48513,0.00454,0.36502
CVE-2022-48514,0.00394,0.31587
CVE-2022-48515,0.00377,0.29833
CVE-2022-48516,0.00398,0.3196
CVE-2022-48517,0.00447,0.3602
CVE-2022-48518,0.00131,0.03066
CVE-2022-48519,0.00444,0.35807
CVE-2022-48520,0.00444,0.35807
CVE-2022-48521,0.00752,0.5071
CVE-2022-48522,0.02046,0.78956
CVE-2022-48538,0.00657,0.47167
CVE-2022-48541,0.01188,0.64254
CVE-2022-48545,0.00232,0.13998
CVE-2022-48547,0.00719,0.49585
CVE-2022-48554,0.00656,0.47149
CVE-2022-48560,0.0177,0.75544
CVE-2022-48564,0.01447,0.70252
CVE-2022-48565,0.04268,0.8994
CVE-2022-48566,0.01148,0.63082
CVE-2022-48570,0.00823,0.53079
CVE-2022-48571,0.00912,0.55873
CVE-2022-48575,0.00153,0.04868
CVE-2022-48577,0.00196,0.09497
CVE-2022-48578,0.00168,0.06465
CVE-2022-48579,0.00722,0.49684
CVE-2022-48580,0.0131,0.67317
CVE-2022-48581,0.01343,0.68083
CVE-2022-48582,0.01322,0.67561
CVE-2022-48583,0.01322,0.67561
CVE-2022-48584,0.01322,0.67561
CVE-2022-48585,0.00608,0.44986
CVE-2022-48586,0.00608,0.44986
CVE-2022-48587,0.00608,0.44987
CVE-2022-48588,0.00596,0.44385
CVE-2022-48589,0.00608,0.44989
CVE-2022-48590,0.00608,0.44988
CVE-2022-48591,0.00608,0.44984
CVE-2022-48592,0.00608,0.44985
CVE-2022-48593,0.00596,0.44385
CVE-2022-48594,0.00608,0.44985
CVE-2022-48595,0.00608,0.44985
CVE-2022-48596,0.00608,0.44987
CVE-2022-48597,0.00608,0.44988
CVE-2022-48598,0.00608,0.44988
CVE-2022-48599,0.00608,0.44988
CVE-2022-48600,0.00608,0.44987
CVE-2022-48601,0.00608,0.44984
CVE-2022-48602,0.00608,0.44989
CVE-2022-48603,0.00608,0.44986
CVE-2022-48604,0.00608,0.44986
CVE-2022-48605,0.00412,0.33266
CVE-2022-48606,0.00395,0.31677
CVE-2022-48610,0.00185,0.08282
CVE-2022-48611,0.00225,0.13188
CVE-2022-48612,0.00434,0.35028
CVE-2022-48613,0.00316,0.2351
CVE-2022-48614,0.00422,0.34169
CVE-2022-48615,0.00301,0.21964
CVE-2022-48616,0.01176,0.63923
CVE-2022-48618,0.00487,0.38603
CVE-2022-48619,0.00213,0.11541
CVE-2022-48620,0.0133,0.67768
CVE-2022-48621,0.00242,0.1523
CVE-2022-48622,0.00415,0.33516
CVE-2022-48623,0.00788,0.51925
CVE-2022-48624,0.01059,0.60587
CVE-2022-48625,0.00444,0.35771
CVE-2022-48626,0.0031,0.22962
CVE-2022-48627,0.00278,0.19703
CVE-2022-48628,0.00237,0.14691
CVE-2022-48629,0.00378,0.29891
CVE-2022-48630,0.00226,0.1327
CVE-2022-48631,0.00235,0.14437
CVE-2022-48632,0.00253,0.16628
CVE-2022-48633,0.00195,0.09383
CVE-2022-48634,0.00167,0.06258
CVE-2022-48635,0.00234,0.14246
CVE-2022-48636,0.00226,0.13261
CVE-2022-48637,0.00227,0.13465
CVE-2022-48638,0.00227,0.13435
CVE-2022-48639,0.00232,0.14037
CVE-2022-48640,0.00232,0.14036
CVE-2022-48641,0.00238,0.1481
CVE-2022-48642,0.00232,0.14031
CVE-2022-48643,0.00232,0.14032
CVE-2022-48644,0.00232,0.14034
CVE-2022-48645,0.00225,0.13135
CVE-2022-48646,0.00203,0.10372
CVE-2022-48647,0.00226,0.13245
CVE-2022-48648,0.00226,0.13244
CVE-2022-48649,0.00217,0.12125
CVE-2022-48650,0.00229,0.13617
CVE-2022-48651,0.00251,0.16425
CVE-2022-48652,0.00197,0.09592
CVE-2022-48653,0.00226,0.13245
CVE-2022-48654,0.00238,0.14742
CVE-2022-48655,0.00737,0.50211
CVE-2022-48656,0.00262,0.17609
CVE-2022-48657,0.00248,0.15976
CVE-2022-48658,0.00242,0.153
CVE-2022-48659,0.00241,0.15193
CVE-2022-48660,0.00236,0.14539
CVE-2022-48661,0.00223,0.12834
CVE-2022-48662,0.00248,0.16053
CVE-2022-48663,0.00226,0.13244
CVE-2022-48664,0.00236,0.14539
CVE-2022-48665,0.00194,0.0928
CVE-2022-48666,0.00252,0.16502
CVE-2022-48667,0.00195,0.09354
CVE-2022-48668,0.00195,0.09355
CVE-2022-48669,0.00272,0.19025
CVE-2022-48670,0.00216,0.12054
CVE-2022-48671,0.00179,0.07593
CVE-2022-48672,0.00248,0.15999
CVE-2022-48673,0.0021,0.11188
CVE-2022-48674,0.00232,0.14068
CVE-2022-48675,0.00178,0.0752
CVE-2022-48681,0.00194,0.09316
CVE-2022-48682,0.00195,0.09346
CVE-2022-48683,0.00161,0.05693
CVE-2022-48684,0.00639,0.46392
CVE-2022-48685,0.00166,0.06117
CVE-2022-48686,0.0025,0.16315
CVE-2022-48687,0.00242,0.1528
CVE-2022-48688,0.00236,0.14561
CVE-2022-48689,0.00192,0.09055
CVE-2022-48690,0.00193,0.09207
CVE-2022-48691,0.0023,0.13809
CVE-2022-48692,0.00225,0.13135
CVE-2022-48693,0.00228,0.13548
CVE-2022-48694,0.00234,0.14252
CVE-2022-48695,0.00241,0.15136
CVE-2022-48696,0.00194,0.0922
CVE-2022-48697,0.00228,0.13576
CVE-2022-48698,0.00214,0.1182
CVE-2022-48699,0.00237,0.14676
CVE-2022-48701,0.00238,0.14819
CVE-2022-48702,0.00237,0.14662
CVE-2022-48703,0.00229,0.13662
CVE-2022-48704,0.00238,0.1481
CVE-2022-48705,0.00193,0.09206
CVE-2022-48706,0.00207,0.10815
CVE-2022-48707,0.00205,0.10612
CVE-2022-48708,0.0024,0.15
CVE-2022-48709,0.00205,0.10612
CVE-2022-48710,0.00259,0.1727
CVE-2022-48711,0.00236,0.14533
CVE-2022-48712,0.00228,0.13548
CVE-2022-48713,0.00248,0.16001
CVE-2022-48714,0.00238,0.14766
CVE-2022-48715,0.0021,0.1129
CVE-2022-48716,0.00693,0.4864
CVE-2022-48717,0.00219,0.1234
CVE-2022-48718,0.00207,0.10784
CVE-2022-48719,0.00141,0.03854
CVE-2022-48720,0.00223,0.12818
CVE-2022-48721,0.00222,0.12801
CVE-2022-48722,0.00223,0.12915
CVE-2022-48723,0.00222,0.12799
CVE-2022-48724,0.00236,0.14562
CVE-2022-48725,0.00225,0.1308
CVE-2022-48726,0.00238,0.14754
CVE-2022-48727,0.00225,0.13148
CVE-2022-48728,0.00235,0.14436
CVE-2022-48729,0.00196,0.09507
CVE-2022-48730,0.00257,0.17146
CVE-2022-48731,0.00168,0.06445
CVE-2022-48732,0.00235,0.14392
CVE-2022-48733,0.0023,0.13789
CVE-2022-48734,0.00178,0.07521
CVE-2022-48735,0.00234,0.14254
CVE-2022-48738,0.00234,0.14291
CVE-2022-48739,0.00233,0.14176
CVE-2022-48740,0.00245,0.15583
CVE-2022-48741,0.00222,0.12697
CVE-2022-48742,0.00239,0.14884
CVE-2022-48743,0.00251,0.16394
CVE-2022-48744,0.00236,0.14529
CVE-2022-48745,0.00178,0.07517
CVE-2022-48746,0.00235,0.1444
CVE-2022-48747,0.00915,0.55998
CVE-2022-48748,0.01128,0.62587
CVE-2022-48749,0.00225,0.13145
CVE-2022-48750,0.00223,0.1282
CVE-2022-48751,0.0021,0.11196
CVE-2022-48752,0.0021,0.11174
CVE-2022-48753,0.00179,0.0762
CVE-2022-48754,0.00233,0.14165
CVE-2022-48755,0.0021,0.11175
CVE-2022-48756,0.0021,0.11286
CVE-2022-48757,0.00222,0.12772
CVE-2022-48758,0.00215,0.11932
CVE-2022-48759,0.00172,0.06771
CVE-2022-48760,0.00186,0.08326
CVE-2022-48761,0.00212,0.11461
CVE-2022-48762,0.00188,0.08531
CVE-2022-48763,0.00219,0.12374
CVE-2022-48764,0.00179,0.07559
CVE-2022-48765,0.0021,0.11166
CVE-2022-48766,0.00182,0.07927
CVE-2022-48767,0.00217,0.12155
CVE-2022-48768,0.0021,0.11167
CVE-2022-48769,0.00219,0.12374
CVE-2022-48770,0.00216,0.12033
CVE-2022-48771,0.00213,0.11563
CVE-2022-48772,0.00244,0.15524
CVE-2022-48773,0.0025,0.16201
CVE-2022-48774,0.00225,0.13082
CVE-2022-48775,0.00227,0.13362
CVE-2022-48776,0.00225,0.13081
CVE-2022-48777,0.00225,0.1315
CVE-2022-48778,0.00234,0.14253
CVE-2022-48779,0.00216,0.12054
CVE-2022-48780,0.00225,0.13151
CVE-2022-48781,0.00195,0.09383
CVE-2022-48782,0.00216,0.12027
CVE-2022-48783,0.00227,0.13466
CVE-2022-48784,0.00171,0.06691
CVE-2022-48785,0.00172,0.06785
CVE-2022-48786,0.0024,0.15003
CVE-2022-48787,0.00242,0.15322
CVE-2022-48788,0.00324,0.24448
CVE-2022-48789,0.00246,0.15839
CVE-2022-48790,0.00259,0.17314
CVE-2022-48791,0.00244,0.15513
CVE-2022-48792,0.00238,0.14804
CVE-2022-48793,0.00239,0.14867
CVE-2022-48794,0.00239,0.14968
CVE-2022-48795,0.00239,0.14968
CVE-2022-48796,0.00252,0.16547
CVE-2022-48797,0.00239,0.14868
CVE-2022-48798,0.00239,0.14869
CVE-2022-48799,0.0024,0.15005
CVE-2022-48800,0.00156,0.05133
CVE-2022-48801,0.00284,0.20273
CVE-2022-48802,0.00289,0.2081
CVE-2022-48803,0.00288,0.20713
CVE-2022-48804,0.00306,0.22478
CVE-2022-48805,0.00316,0.23516
CVE-2022-48806,0.00281,0.20045
CVE-2022-48807,0.00288,0.20714
CVE-2022-48808,0.00268,0.18549
CVE-2022-48809,0.00282,0.2011
CVE-2022-48810,0.00211,0.11374
CVE-2022-48811,0.00268,0.1855
CVE-2022-48812,0.00268,0.1855
CVE-2022-48813,0.00273,0.19201
CVE-2022-48814,0.00268,0.18549
CVE-2022-48815,0.00268,0.18548
CVE-2022-48816,0.00254,0.16756
CVE-2022-48817,0.00268,0.18549
CVE-2022-48818,0.00273,0.19201
CVE-2022-48819,0.00229,0.13689
CVE-2022-48820,0.00278,0.19747
CVE-2022-48821,0.00271,0.18868
CVE-2022-48822,0.00272,0.19115
CVE-2022-48823,0.00281,0.2
CVE-2022-48824,0.00268,0.18548
CVE-2022-48825,0.00268,0.1855
CVE-2022-48826,0.00198,0.09764
CVE-2022-48827,0.00263,0.17825
CVE-2022-48828,0.00251,0.1635
CVE-2022-48829,0.00254,0.16741
CVE-2022-48830,0.00199,0.09855
CVE-2022-48831,0.00268,0.18551
CVE-2022-48832,0.00216,0.12006
CVE-2022-48833,0.00237,0.14713
CVE-2022-48834,0.0026,0.17411
CVE-2022-48835,0.00239,0.14865
CVE-2022-48836,0.00242,0.15326
CVE-2022-48837,0.00255,0.16821
CVE-2022-48838,0.00233,0.14142
CVE-2022-48839,0.00257,0.17084
CVE-2022-48840,0.00236,0.1448
CVE-2022-48841,0.00207,0.10815
CVE-2022-48842,0.00182,0.0791
CVE-2022-48844,0.00222,0.12797
CVE-2022-48845,0.00223,0.12913
CVE-2022-48846,0.00219,0.12403
CVE-2022-48847,0.00239,0.14847
CVE-2022-48848,0.00217,0.12073
CVE-2022-48849,0.00216,0.12027
CVE-2022-48850,0.00211,0.11391
CVE-2022-48851,0.00214,0.11667
CVE-2022-48852,0.00201,0.10158
CVE-2022-48853,0.00265,0.18011
CVE-2022-48854,0.00202,0.1023
CVE-2022-48855,0.00231,0.13909
CVE-2022-48856,0.00211,0.11391
CVE-2022-48857,0.00205,0.10614
CVE-2022-48858,0.00178,0.07482
CVE-2022-48859,0.0021,0.11267
CVE-2022-48860,0.00216,0.11975
CVE-2022-48861,0.00201,0.10155
CVE-2022-48862,0.00207,0.10885
CVE-2022-48863,0.00247,0.15908
CVE-2022-48864,0.00241,0.1515
CVE-2022-48865,0.00259,0.1736
CVE-2022-48866,0.00269,0.18614
CVE-2022-48867,0.00233,0.14109
CVE-2022-48868,0.00239,0.14874
CVE-2022-48869,0.00232,0.14052
CVE-2022-48870,0.0025,0.16228
CVE-2022-48871,0.00248,0.1597
CVE-2022-48872,0.00242,0.15225
CVE-2022-48873,0.00241,0.15202
CVE-2022-48874,0.0023,0.1374
CVE-2022-48875,0.00245,0.15573
CVE-2022-48876,0.00208,0.10925
CVE-2022-48877,0.0024,0.15007
CVE-2022-48878,0.00241,0.15203
CVE-2022-48879,0.0024,0.15004
CVE-2022-48880,0.00239,0.14864
CVE-2022-48881,0.00226,0.13314
CVE-2022-48882,0.00205,0.1061
CVE-2022-48883,0.0023,0.13739
CVE-2022-48884,0.00205,0.10571
CVE-2022-48885,0.00205,0.10611
CVE-2022-48886,0.00205,0.10571
CVE-2022-48887,0.00225,0.13187
CVE-2022-48888,0.00205,0.10611
CVE-2022-48889,0.00205,0.10611
CVE-2022-48890,0.00208,0.10958
CVE-2022-48891,0.0024,0.15002
CVE-2022-48892,0.00249,0.16143
CVE-2022-48893,0.00241,0.15112
CVE-2022-48894,0.00205,0.1061
CVE-2022-48895,0.00209,0.1103
CVE-2022-48896,0.00239,0.14864
CVE-2022-48897,0.00205,0.10574
CVE-2022-48898,0.00181,0.07859
CVE-2022-48899,0.00233,0.14158
CVE-2022-48901,0.0021,0.11165
CVE-2022-48902,0.0021,0.11166
CVE-2022-48903,0.0021,0.11163
CVE-2022-48904,0.0021,0.11163
CVE-2022-48905,0.0021,0.11287
CVE-2022-48906,0.00207,0.10784
CVE-2022-48907,0.0021,0.11174
CVE-2022-48908,0.0021,0.11257
CVE-2022-48909,0.00238,0.14756
CVE-2022-48910,0.0021,0.11285
CVE-2022-48911,0.00207,0.108
CVE-2022-48912,0.00227,0.13383
CVE-2022-48913,0.00212,0.11477
CVE-2022-48914,0.00215,0.11889
CVE-2022-48915,0.0021,0.11173
CVE-2022-48916,0.0021,0.11168
CVE-2022-48918,0.0021,0.11169
CVE-2022-48919,0.00224,0.1293
CVE-2022-48920,0.00164,0.05973
CVE-2022-48921,0.00168,0.06361
CVE-2022-48922,0.00207,0.10785
CVE-2022-48923,0.0021,0.11169
CVE-2022-48924,0.0021,0.11287
CVE-2022-48925,0.00222,0.12681
CVE-2022-48926,0.00219,0.12339
CVE-2022-48927,0.00218,0.1223
CVE-2022-48928,0.0021,0.11284
CVE-2022-48929,0.0021,0.11172
CVE-2022-48930,0.00165,0.06035
CVE-2022-48931,0.00165,0.06047
CVE-2022-48932,0.00183,0.08026
CVE-2022-48933,0.0021,0.11171
CVE-2022-48934,0.0021,0.1117
CVE-2022-48935,0.00204,0.10425
CVE-2022-48937,0.0016,0.05563
CVE-2022-48938,0.00213,0.11569
CVE-2022-48939,0.00201,0.10153
CVE-2022-48940,0.00207,0.10785
CVE-2022-48941,0.00164,0.05987
CVE-2022-48942,0.00214,0.1173
CVE-2022-48943,0.00244,0.15537
CVE-2022-48944,0.0021,0.11172
CVE-2022-48945,0.00209,0.11026
CVE-2022-48946,0.00254,0.16711
CVE-2022-48947,0.00246,0.15793
CVE-2022-48948,0.00271,0.18836
CVE-2022-48949,0.00252,0.16488
CVE-2022-48950,0.00253,0.16588
CVE-2022-48951,0.00245,0.15589
CVE-2022-48952,0.00233,0.14117
CVE-2022-48953,0.00245,0.15626
CVE-2022-48954,0.00238,0.14818
CVE-2022-48955,0.00233,0.14116
CVE-2022-48956,0.00265,0.17989
CVE-2022-48957,0.00233,0.14116
CVE-2022-48958,0.00234,0.14218
CVE-2022-48959,0.00234,0.14297
CVE-2022-48960,0.00238,0.14759
CVE-2022-48961,0.00243,0.15446
CVE-2022-48962,0.00238,0.1476
CVE-2022-48963,0.002,0.09998
CVE-2022-48964,0.00227,0.13338
CVE-2022-48965,0.00229,0.13712
CVE-2022-48966,0.00244,0.15514
CVE-2022-48967,0.00236,0.14529
CVE-2022-48968,0.00233,0.14113
CVE-2022-48969,0.0026,0.17414
CVE-2022-48970,0.00245,0.15626
CVE-2022-48971,0.00235,0.1445
CVE-2022-48972,0.0028,0.1996
CVE-2022-48973,0.00235,0.14452
CVE-2022-48974,0.00203,0.10333
CVE-2022-48975,0.00245,0.15626
CVE-2022-48976,0.00203,0.10365
CVE-2022-48977,0.00243,0.15446
CVE-2022-48978,0.0025,0.163
CVE-2022-48979,0.00206,0.107
CVE-2022-48980,0.00245,0.15667
CVE-2022-48981,0.00249,0.16175
CVE-2022-48982,0.00203,0.10335
CVE-2022-48983,0.00259,0.17373
CVE-2022-48984,0.002,0.10001
CVE-2022-48985,0.00226,0.13232
CVE-2022-48986,0.00243,0.15446
CVE-2022-48987,0.00248,0.16046
CVE-2022-48988,0.00242,0.15231
CVE-2022-48989,0.00146,0.04248
CVE-2022-48990,0.00234,0.14261
CVE-2022-48991,0.00251,0.16372
CVE-2022-48992,0.00235,0.14451
CVE-2022-48994,0.00235,0.14446
CVE-2022-48995,0.00233,0.14116
CVE-2022-48996,0.00211,0.11323
CVE-2022-48997,0.00236,0.14528
CVE-2022-48998,0.00227,0.13423
CVE-2022-48999,0.00254,0.16766
CVE-2022-49000,0.00245,0.15625
CVE-2022-49001,0.00191,0.08887
CVE-2022-49002,0.00248,0.16046
CVE-2022-49003,0.00229,0.13711
CVE-2022-49004,0.00243,0.15446
CVE-2022-49005,0.00234,0.14217
CVE-2022-49006,0.00255,0.16848
CVE-2022-49007,0.00247,0.1586
CVE-2022-49008,0.002,0.1
CVE-2022-49009,0.002,0.09998
CVE-2022-49010,0.00235,0.14446
CVE-2022-49011,0.00235,0.14447
CVE-2022-49012,0.00203,0.10333
CVE-2022-49013,0.0024,0.15041
CVE-2022-49014,0.00263,0.17725
CVE-2022-49015,0.00251,0.16372
CVE-2022-49016,0.00243,0.15445
CVE-2022-49017,0.00249,0.16175
CVE-2022-49018,0.00152,0.04757
CVE-2022-49019,0.00233,0.14115
CVE-2022-49020,0.00234,0.14218
CVE-2022-49021,0.0028,0.1996
CVE-2022-49022,0.00244,0.15485
CVE-2022-49023,0.00264,0.1784
CVE-2022-49024,0.00235,0.14347
CVE-2022-49025,0.00248,0.15979
CVE-2022-49026,0.00237,0.14638
CVE-2022-49027,0.00249,0.16129
CVE-2022-49028,0.00245,0.15627
CVE-2022-49029,0.00245,0.15589
CVE-2022-49030,0.00277,0.19644
CVE-2022-49031,0.00244,0.15514
CVE-2022-49032,0.00244,0.15513
CVE-2022-49033,0.0025,0.16301
CVE-2022-49034,0.00242,0.15313
CVE-2022-49035,0.00203,0.10297
CVE-2022-49036,0.00123,0.02442
CVE-2022-49037,0.00547,0.42028
CVE-2022-49038,0.00202,0.10212
CVE-2022-49039,0.00207,0.10859
CVE-2022-49040,0.00173,0.06954
CVE-2022-49041,0.00173,0.06954
CVE-2022-49042,0.00123,0.02442
CVE-2022-49043,0.00257,0.17119
CVE-2022-49044,0.00267,0.18419
CVE-2022-49046,0.00251,0.16336
CVE-2022-49047,0.00234,0.14262
CVE-2022-49048,0.00253,0.16654
CVE-2022-49049,0.00243,0.15339
CVE-2022-49050,0.00252,0.16525
CVE-2022-49051,0.00411,0.33127
CVE-2022-49052,0.00274,0.19277
CVE-2022-49053,0.00265,0.18026
CVE-2022-49054,0.00264,0.17885
CVE-2022-49055,0.00253,0.16656
CVE-2022-49057,0.00209,0.1105
CVE-2022-49058,0.00312,0.23199
CVE-2022-49059,0.00285,0.20437
CVE-2022-49060,0.00252,0.1652
CVE-2022-49061,0.00245,0.15695
CVE-2022-49062,0.00241,0.15111
CVE-2022-49063,0.0026,0.17416
CVE-2022-49064,0.00209,0.1108
CVE-2022-49065,0.00252,0.16524
CVE-2022-49066,0.00253,0.16653
CVE-2022-49067,0.00247,0.15846
CVE-2022-49068,0.00243,0.15368
CVE-2022-49069,0.00245,0.15597
CVE-2022-49070,0.00245,0.15695
CVE-2022-49071,0.00245,0.15694
CVE-2022-49072,0.00254,0.16781
CVE-2022-49073,0.0026,0.17432
CVE-2022-49074,0.00253,0.16649
CVE-2022-49075,0.00239,0.1485
CVE-2022-49076,0.00244,0.15462
CVE-2022-49077,0.00237,0.14684
CVE-2022-49078,0.00254,0.16747
CVE-2022-49079,0.00173,0.06976
CVE-2022-49080,0.00262,0.17658
CVE-2022-49081,0.00231,0.1395
CVE-2022-49082,0.00237,0.14649
CVE-2022-49083,0.00231,0.13915
CVE-2022-49084,0.00239,0.1485
CVE-2022-49085,0.00269,0.18652
CVE-2022-49086,0.00258,0.17231
CVE-2022-49087,0.00238,0.14778
CVE-2022-49088,0.00232,0.14054
CVE-2022-49089,0.0016,0.05575
CVE-2022-49090,0.00231,0.13916
CVE-2022-49091,0.00238,0.14724
CVE-2022-49092,0.00254,0.16714
CVE-2022-49093,0.00244,0.15462
CVE-2022-49094,0.00238,0.14798
CVE-2022-49095,0.00244,0.15518
CVE-2022-49096,0.00231,0.13949
CVE-2022-49097,0.00238,0.14731
CVE-2022-49098,0.0024,0.15059
CVE-2022-49099,0.00197,0.09609
CVE-2022-49100,0.00244,0.15517
CVE-2022-49102,0.00228,0.13551
CVE-2022-49103,0.00236,0.14547
CVE-2022-49104,0.00228,0.1355
CVE-2022-49105,0.00234,0.14279
CVE-2022-49106,0.00228,0.1355
CVE-2022-49107,0.00234,0.1428
CVE-2022-49108,0.0025,0.1629
CVE-2022-49109,0.00238,0.1473
CVE-2022-49110,0.00238,0.14731
CVE-2022-49111,0.00247,0.15944
CVE-2022-49112,0.00231,0.13916
CVE-2022-49113,0.00249,0.16091
CVE-2022-49114,0.00284,0.20324
CVE-2022-49115,0.00263,0.17759
CVE-2022-49116,0.00242,0.15231
CVE-2022-49117,0.00243,0.15396
CVE-2022-49118,0.00252,0.1652
CVE-2022-49119,0.00254,0.16702
CVE-2022-49120,0.00252,0.16517
CVE-2022-49121,0.00252,0.16514
CVE-2022-49122,0.00295,0.21404
CVE-2022-49123,0.00162,0.05798
CVE-2022-49124,0.00244,0.15459
CVE-2022-49125,0.0022,0.12444
CVE-2022-49126,0.00242,0.15271
CVE-2022-49127,0.00234,0.14293
CVE-2022-49128,0.00242,0.15271
CVE-2022-49129,0.00252,0.16437
CVE-2022-49130,0.00249,0.1609
CVE-2022-49131,0.00249,0.16091
CVE-2022-49132,0.00245,0.15694
CVE-2022-49133,0.00252,0.16435
CVE-2022-49134,0.0022,0.12444
CVE-2022-49135,0.00249,0.16092
CVE-2022-49136,0.00241,0.1511
CVE-2022-49137,0.0025,0.16213
CVE-2022-49138,0.00334,0.25453
CVE-2022-49139,0.00249,0.16091
CVE-2022-49141,0.00209,0.1105
CVE-2022-49142,0.00252,0.16515
CVE-2022-49144,0.00249,0.1609
CVE-2022-49145,0.00264,0.17934
CVE-2022-49146,0.00243,0.15336
CVE-2022-49147,0.00245,0.15692
CVE-2022-49148,0.00245,0.15692
CVE-2022-49149,0.00165,0.06016
CVE-2022-49150,0.00209,0.11048
CVE-2022-49151,0.00253,0.16645
CVE-2022-49152,0.00187,0.08507
CVE-2022-49153,0.00245,0.1569
CVE-2022-49154,0.00252,0.16524
CVE-2022-49155,0.00255,0.16844
CVE-2022-49156,0.00252,0.16522
CVE-2022-49157,0.00252,0.16523
CVE-2022-49158,0.00252,0.16523
CVE-2022-49159,0.00252,0.16512
CVE-2022-49160,0.00273,0.19174
CVE-2022-49161,0.0021,0.11282
CVE-2022-49162,0.00259,0.17318
CVE-2022-49163,0.00252,0.1646
CVE-2022-49164,0.00249,0.16191
CVE-2022-49165,0.00245,0.15702
CVE-2022-49166,0.00252,0.16494
CVE-2022-49167,0.00243,0.15337
CVE-2022-49168,0.00276,0.1955
CVE-2022-49169,0.00245,0.15652
CVE-2022-49170,0.00259,0.17283
CVE-2022-49171,0.00259,0.1732
CVE-2022-49172,0.00252,0.16454
CVE-2022-49173,0.00245,0.15566
CVE-2022-49174,0.00252,0.16521
CVE-2022-49175,0.00259,0.17318
CVE-2022-49176,0.00262,0.17663
CVE-2022-49177,0.00216,0.12058
CVE-2022-49178,0.00252,0.16435
CVE-2022-49179,0.00262,0.17663
CVE-2022-49180,0.00253,0.16649
CVE-2022-49182,0.00258,0.17248
CVE-2022-49183,0.00252,0.16523
CVE-2022-49184,0.00245,0.15698
CVE-2022-49185,0.00259,0.17315
CVE-2022-49186,0.00234,0.14262
CVE-2022-49187,0.00252,0.16521
CVE-2022-49188,0.00252,0.16514
CVE-2022-49189,0.00253,0.16654
CVE-2022-49190,0.0025,0.16212
CVE-2022-49191,0.00259,0.17317
CVE-2022-49192,0.00252,0.16525
CVE-2022-49193,0.00252,0.16525
CVE-2022-49194,0.00245,0.1569
CVE-2022-49195,0.00245,0.15651
CVE-2022-49196,0.00258,0.17247
CVE-2022-49197,0.00259,0.17317
CVE-2022-49198,0.00245,0.15651
CVE-2022-49199,0.00249,0.16191
CVE-2022-49200,0.00253,0.16647
CVE-2022-49201,0.00169,0.0654
CVE-2022-49202,0.00245,0.15699
CVE-2022-49203,0.00209,0.11078
CVE-2022-49204,0.00253,0.16651
CVE-2022-49205,0.00267,0.18418
CVE-2022-49206,0.00253,0.16646
CVE-2022-49207,0.00252,0.16516
CVE-2022-49208,0.00252,0.16516
CVE-2022-49209,0.00253,0.16647
CVE-2022-49210,0.00245,0.157
CVE-2022-49211,0.00245,0.15692
CVE-2022-49212,0.00253,0.16645
CVE-2022-49213,0.00245,0.15702
CVE-2022-49214,0.00252,0.16512
CVE-2022-49215,0.00169,0.06541
CVE-2022-49216,0.00259,0.17316
CVE-2022-49217,0.00295,0.21404
CVE-2022-49218,0.0023,0.13777
CVE-2022-49219,0.00253,0.16645
CVE-2022-49220,0.00253,0.16648
CVE-2022-49221,0.00252,0.16512
CVE-2022-49222,0.00252,0.16514
CVE-2022-49223,0.00252,0.16437
CVE-2022-49224,0.00252,0.16496
CVE-2022-49225,0.00209,0.11081
CVE-2022-49226,0.00252,0.1651
CVE-2022-49227,0.00252,0.1651
CVE-2022-49228,0.00243,0.1537
CVE-2022-49229,0.00245,0.15652
CVE-2022-49230,0.00243,0.15369
CVE-2022-49231,0.00209,0.1108
CVE-2022-49232,0.00253,0.16651
CVE-2022-49233,0.00209,0.11047
CVE-2022-49234,0.0023,0.13737
CVE-2022-49235,0.00259,0.17316
CVE-2022-49236,0.00258,0.17247
CVE-2022-49237,0.00209,0.11079
CVE-2022-49238,0.00241,0.15112
CVE-2022-49239,0.00252,0.16524
CVE-2022-49240,0.00209,0.11079
CVE-2022-49241,0.00245,0.15694
CVE-2022-49242,0.00252,0.16471
CVE-2022-49243,0.00252,0.16496
CVE-2022-49244,0.00252,0.16511
CVE-2022-49245,0.00243,0.15371
CVE-2022-49246,0.00245,0.15698
CVE-2022-49247,0.00253,0.16647
CVE-2022-49248,0.00253,0.16616
CVE-2022-49249,0.00259,0.17268
CVE-2022-49250,0.00252,0.1646
CVE-2022-49251,0.00252,0.16461
CVE-2022-49252,0.00252,0.16461
CVE-2022-49253,0.00259,0.17316
CVE-2022-49254,0.00252,0.16519
CVE-2022-49255,0.00247,0.15846
CVE-2022-49256,0.00245,0.15694
CVE-2022-49257,0.00245,0.1569
CVE-2022-49258,0.00252,0.16438
CVE-2022-49259,0.00253,0.16655
CVE-2022-49260,0.00245,0.15699
CVE-2022-49261,0.00276,0.19494
CVE-2022-49262,0.00245,0.157
CVE-2022-49263,0.00253,0.16655
CVE-2022-49264,0.00283,0.20192
CVE-2022-49265,0.00252,0.16526
CVE-2022-49266,0.00273,0.19173
CVE-2022-49268,0.00247,0.15845
CVE-2022-49269,0.00252,0.16511
CVE-2022-49270,0.00252,0.16437
CVE-2022-49271,0.00252,0.16511
CVE-2022-49272,0.00192,0.09021
CVE-2022-49273,0.00245,0.15701
CVE-2022-49274,0.00245,0.1565
CVE-2022-49275,0.00264,0.17915
CVE-2022-49276,0.00252,0.16496
CVE-2022-49277,0.00259,0.17317
CVE-2022-49278,0.00252,0.1649
CVE-2022-49279,0.00253,0.1665
CVE-2022-49280,0.00252,0.16518
CVE-2022-49281,0.00252,0.16519
CVE-2022-49282,0.00247,0.15847
CVE-2022-49283,0.00245,0.15696
CVE-2022-49284,0.00245,0.15695
CVE-2022-49285,0.00243,0.15337
CVE-2022-49286,0.00224,0.12994
CVE-2022-49287,0.00281,0.2002
CVE-2022-49288,0.00267,0.18419
CVE-2022-49289,0.00251,0.16425
CVE-2022-49290,0.00243,0.15454
CVE-2022-49291,0.00291,0.21012
CVE-2022-49292,0.00267,0.18419
CVE-2022-49293,0.0028,0.19953
CVE-2022-49294,0.00252,0.1651
CVE-2022-49295,0.00224,0.12994
CVE-2022-49296,0.0016,0.05547
CVE-2022-49297,0.00276,0.19552
CVE-2022-49298,0.00252,0.16494
CVE-2022-49300,0.00185,0.08308
CVE-2022-49301,0.00246,0.15814
CVE-2022-49302,0.00252,0.16494
CVE-2022-49303,0.0016,0.05546
CVE-2022-49304,0.00191,0.08903
CVE-2022-49305,0.00192,0.09022
CVE-2022-49306,0.00245,0.15566
CVE-2022-49307,0.00283,0.20191
CVE-2022-49308,0.00276,0.19553
CVE-2022-49309,0.00187,0.08454
CVE-2022-49310,0.00252,0.16513
CVE-2022-49311,0.00186,0.08361
CVE-2022-49312,0.00252,0.16515
CVE-2022-49313,0.00196,0.09536
CVE-2022-49314,0.00259,0.17315
CVE-2022-49315,0.00193,0.09216
CVE-2022-49316,0.00205,0.10535
CVE-2022-49317,0.00214,0.11695
CVE-2022-49318,0.00247,0.15846
CVE-2022-49319,0.00249,0.16091
CVE-2022-49320,0.00255,0.16899
CVE-2022-49321,0.00272,0.19111
CVE-2022-49322,0.0021,0.11156
CVE-2022-49323,0.00269,0.18618
CVE-2022-49324,0.00243,0.15396
CVE-2022-49325,0.00252,0.16513
CVE-2022-49326,0.00278,0.1969
CVE-2022-49327,0.00183,0.081
CVE-2022-49328,0.00284,0.20318
CVE-2022-49329,0.00245,0.15652
CVE-2022-49330,0.00283,0.20192
CVE-2022-49331,0.00255,0.16885
CVE-2022-49332,0.00215,0.1185
CVE-2022-49333,0.00245,0.15565
CVE-2022-49334,0.00243,0.1537
CVE-2022-49335,0.00262,0.17608
CVE-2022-49336,0.00253,0.16652
CVE-2022-49337,0.00191,0.08927
CVE-2022-49338,0.00209,0.11048
CVE-2022-49339,0.00269,0.18627
CVE-2022-49340,0.00267,0.18391
CVE-2022-49341,0.00274,0.19277
CVE-2022-49342,0.00244,0.15501
CVE-2022-49343,0.00276,0.19554
CVE-2022-49344,0.00186,0.08416
CVE-2022-49345,0.00283,0.20193
CVE-2022-49346,0.00253,0.16656
CVE-2022-49347,0.00283,0.20192
CVE-2022-49348,0.00268,0.18542
CVE-2022-49349,0.00288,0.20743
CVE-2022-49350,0.00276,0.19553
CVE-2022-49351,0.00259,0.17319
CVE-2022-49352,0.00273,0.19175
CVE-2022-49353,0.00215,0.1185
CVE-2022-49354,0.00259,0.17319
CVE-2022-49356,0.00245,0.15653
CVE-2022-49357,0.00158,0.05393
CVE-2022-49358,0.00274,0.19278
CVE-2022-49359,0.00258,0.17185
CVE-2022-49360,0.00245,0.15698
CVE-2022-49361,0.00245,0.15689
CVE-2022-49362,0.00252,0.16436
CVE-2022-49363,0.00247,0.15849
CVE-2022-49364,0.00247,0.15848
CVE-2022-49365,0.00252,0.16527
CVE-2022-49366,0.00245,0.15696
CVE-2022-49367,0.00253,0.16647
CVE-2022-49368,0.00264,0.17934
CVE-2022-49369,0.00243,0.15337
CVE-2022-49370,0.00283,0.2019
CVE-2022-49371,0.00208,0.10911
CVE-2022-49372,0.00283,0.20191
CVE-2022-49373,0.00247,0.15847
CVE-2022-49374,0.00274,0.19278
CVE-2022-49375,0.00252,0.16495
CVE-2022-49376,0.00252,0.16513
CVE-2022-49377,0.0028,0.19889
CVE-2022-49378,0.00252,0.16513
CVE-2022-49379,0.00191,0.08943
CVE-2022-49380,0.00247,0.15845
CVE-2022-49381,0.00252,0.16496
CVE-2022-49382,0.00253,0.16646
CVE-2022-49383,0.00243,0.1537
CVE-2022-49384,0.00259,0.17283
CVE-2022-49385,0.00289,0.20794
CVE-2022-49386,0.00245,0.15693
CVE-2022-49387,0.00243,0.15338
CVE-2022-49388,0.00283,0.20247
CVE-2022-49389,0.00283,0.20191
CVE-2022-49390,0.00256,0.16991
CVE-2022-49391,0.00234,0.14294
CVE-2022-49392,0.00245,0.15702
CVE-2022-49393,0.00209,0.1108
CVE-2022-49394,0.00253,0.16653
CVE-2022-49395,0.00267,0.18369
CVE-2022-49396,0.00253,0.16654
CVE-2022-49397,0.00253,0.16655
CVE-2022-49398,0.00252,0.16525
CVE-2022-49399,0.00246,0.15813
CVE-2022-49400,0.00273,0.19174
CVE-2022-49401,0.00247,0.15851
CVE-2022-49402,0.00273,0.19172
CVE-2022-49403,0.00243,0.15371
CVE-2022-49404,0.00259,0.17319
CVE-2022-49405,0.00245,0.15701
CVE-2022-49406,0.00184,0.08167
CVE-2022-49407,0.00289,0.20766
CVE-2022-49408,0.00243,0.15339
CVE-2022-49409,0.00253,0.1665
CVE-2022-49410,0.00289,0.20795
CVE-2022-49411,0.00281,0.2002
CVE-2022-49412,0.00272,0.19089
CVE-2022-49413,0.00281,0.20019
CVE-2022-49414,0.00184,0.08137
CVE-2022-49415,0.00209,0.11078
CVE-2022-49416,0.00257,0.17121
CVE-2022-49417,0.00243,0.15338
CVE-2022-49418,0.00215,0.1185
CVE-2022-49419,0.00251,0.16405
CVE-2022-49420,0.00216,0.12059
CVE-2022-49421,0.00283,0.20192
CVE-2022-49422,0.00245,0.15691
CVE-2022-49423,0.00209,0.1105
CVE-2022-49424,0.00252,0.16517
CVE-2022-49425,0.00247,0.15848
CVE-2022-49426,0.00282,0.20124
CVE-2022-49427,0.00252,0.16518
CVE-2022-49428,0.00245,0.15691
CVE-2022-49429,0.00253,0.16648
CVE-2022-49430,0.00245,0.15702
CVE-2022-49431,0.00253,0.16653
CVE-2022-49432,0.00259,0.17317
CVE-2022-49433,0.00253,0.1665
CVE-2022-49434,0.0021,0.11156
CVE-2022-49435,0.00247,0.15847
CVE-2022-49436,0.00209,0.1108
CVE-2022-49437,0.00252,0.16517
CVE-2022-49438,0.00259,0.17319
CVE-2022-49439,0.00247,0.15847
CVE-2022-49440,0.00245,0.15698
CVE-2022-49441,0.0023,0.13779
CVE-2022-49442,0.00283,0.20193
CVE-2022-49443,0.00169,0.06541
CVE-2022-49444,0.00282,0.20137
CVE-2022-49445,0.00245,0.15697
CVE-2022-49446,0.00191,0.08943
CVE-2022-49447,0.00259,0.17314
CVE-2022-49448,0.00245,0.15649
CVE-2022-49449,0.00252,0.16515
CVE-2022-49450,0.00283,0.2019
CVE-2022-49451,0.00262,0.177
CVE-2022-49452,0.00209,0.11048
CVE-2022-49453,0.00245,0.15696
CVE-2022-49454,0.00245,0.15697
CVE-2022-49455,0.0026,0.17432
CVE-2022-49456,0.00243,0.15368
CVE-2022-49457,0.00259,0.17318
CVE-2022-49458,0.00245,0.15651
CVE-2022-49459,0.00253,0.16646
CVE-2022-49460,0.00253,0.16648
CVE-2022-49461,0.00243,0.15339
CVE-2022-49462,0.00253,0.16651
CVE-2022-49463,0.00252,0.16522
CVE-2022-49464,0.00249,0.16089
CVE-2022-49465,0.00259,0.1731
CVE-2022-49466,0.00245,0.15699
CVE-2022-49467,0.00253,0.16652
CVE-2022-49468,0.00308,0.22702
CVE-2022-49469,0.00245,0.15566
CVE-2022-49470,0.00252,0.16437
CVE-2022-49471,0.00258,0.17193
CVE-2022-49472,0.00276,0.19552
CVE-2022-49473,0.00245,0.157
CVE-2022-49474,0.00264,0.17915
CVE-2022-49475,0.00275,0.19415
CVE-2022-49476,0.00245,0.15597
CVE-2022-49477,0.00245,0.15693
CVE-2022-49478,0.00274,0.19318
CVE-2022-49479,0.00249,0.16089
CVE-2022-49480,0.00245,0.1565
CVE-2022-49481,0.00252,0.16495
CVE-2022-49482,0.00252,0.16471
CVE-2022-49483,0.00243,0.1534
CVE-2022-49484,0.0021,0.11281
CVE-2022-49485,0.00252,0.16518
CVE-2022-49486,0.00247,0.15845
CVE-2022-49487,0.00245,0.15697
CVE-2022-49488,0.00253,0.16651
CVE-2022-49489,0.00267,0.18418
CVE-2022-49490,0.00253,0.16649
CVE-2022-49491,0.00259,0.17315
CVE-2022-49492,0.00285,0.2043
CVE-2022-49493,0.00252,0.16536
CVE-2022-49494,0.00252,0.16522
CVE-2022-49495,0.00259,0.1732
CVE-2022-49496,0.0016,0.0552
CVE-2022-49497,0.00252,0.1652
CVE-2022-49498,0.00253,0.16649
CVE-2022-49499,0.00209,0.11082
CVE-2022-49500,0.00209,0.11047
CVE-2022-49501,0.00251,0.16405
CVE-2022-49502,0.00245,0.15653
CVE-2022-49503,0.00264,0.17935
CVE-2022-49504,0.00216,0.12059
CVE-2022-49505,0.00264,0.17915
CVE-2022-49506,0.00245,0.15693
CVE-2022-49507,0.00245,0.15692
CVE-2022-49508,0.00289,0.20795
CVE-2022-49509,0.00276,0.19466
CVE-2022-49510,0.00243,0.1534
CVE-2022-49511,0.00243,0.15338
CVE-2022-49512,0.00245,0.15689
CVE-2022-49513,0.00249,0.1619
CVE-2022-49514,0.00252,0.16495
CVE-2022-49515,0.00249,0.16144
CVE-2022-49516,0.00216,0.12058
CVE-2022-49517,0.00253,0.16656
CVE-2022-49518,0.00234,0.14277
CVE-2022-49519,0.00266,0.18076
CVE-2022-49520,0.00289,0.20804
CVE-2022-49521,0.00252,0.16521
CVE-2022-49522,0.00247,0.15848
CVE-2022-49523,0.00245,0.1565
CVE-2022-49524,0.00253,0.16558
CVE-2022-49525,0.00259,0.1732
CVE-2022-49526,0.0031,0.22858
CVE-2022-49527,0.0025,0.16211
CVE-2022-49528,0.00211,0.11312
CVE-2022-49529,0.00214,0.11727
CVE-2022-49530,0.00267,0.18388
CVE-2022-49531,0.0016,0.0552
CVE-2022-49532,0.00315,0.23418
CVE-2022-49533,0.00265,0.17977
CVE-2022-49534,0.0022,0.12443
CVE-2022-49535,0.00256,0.16923
CVE-2022-49536,0.00188,0.08614
CVE-2022-49537,0.00252,0.16523
CVE-2022-49538,0.00255,0.16885
CVE-2022-49539,0.00209,0.11049
CVE-2022-49540,0.00183,0.08049
CVE-2022-49541,0.00291,0.20919
CVE-2022-49542,0.00188,0.08614
CVE-2022-49543,0.00245,0.15598
CVE-2022-49544,0.00248,0.16074
CVE-2022-49545,0.00252,0.16519
CVE-2022-49546,0.0027,0.18732
CVE-2022-49547,0.0016,0.0552
CVE-2022-49548,0.00288,0.20667
CVE-2022-49549,0.00252,0.16517
CVE-2022-49550,0.00209,0.11051
CVE-2022-49551,0.00252,0.16461
CVE-2022-49552,0.00245,0.15598
CVE-2022-49553,0.00245,0.15652
CVE-2022-49554,0.00185,0.08307
CVE-2022-49555,0.00245,0.15691
CVE-2022-49556,0.00259,0.17267
CVE-2022-49557,0.00249,0.16192
CVE-2022-49558,0.00253,0.16655
CVE-2022-49559,0.0029,0.20907
CVE-2022-49560,0.0028,0.19913
CVE-2022-49561,0.00276,0.19551
CVE-2022-49562,0.00243,0.15366
CVE-2022-49563,0.00254,0.16772
CVE-2022-49564,0.0025,0.16294
CVE-2022-49565,0.00209,0.11048
CVE-2022-49566,0.00249,0.1609
CVE-2022-49567,0.00269,0.18618
CVE-2022-49568,0.00292,0.21023
CVE-2022-49569,0.00245,0.157
CVE-2022-49570,0.00243,0.1534
CVE-2022-49571,0.00181,0.07849
CVE-2022-49572,0.00181,0.07849
CVE-2022-49573,0.00181,0.07849
CVE-2022-49574,0.00181,0.07849
CVE-2022-49575,0.00181,0.07851
CVE-2022-49576,0.00176,0.07295
CVE-2022-49577,0.0018,0.07787
CVE-2022-49578,0.0018,0.07787
CVE-2022-49579,0.0018,0.07787
CVE-2022-49580,0.0018,0.07788
CVE-2022-49581,0.00289,0.20781
CVE-2022-49582,0.00209,0.11079
CVE-2022-49583,0.00252,0.16515
CVE-2022-49584,0.00191,0.08943
CVE-2022-49585,0.0018,0.07788
CVE-2022-49586,0.00181,0.07851
CVE-2022-49587,0.00181,0.0785
CVE-2022-49588,0.00176,0.07311
CVE-2022-49589,0.00181,0.0785
CVE-2022-49590,0.00181,0.07852
CVE-2022-49591,0.00243,0.15371
CVE-2022-49592,0.00267,0.18418
CVE-2022-49593,0.00181,0.07851
CVE-2022-49594,0.00183,0.08049
CVE-2022-49595,0.00181,0.07852
CVE-2022-49596,0.0018,0.07788
CVE-2022-49597,0.0018,0.07788
CVE-2022-49598,0.00181,0.07852
CVE-2022-49599,0.00193,0.09115
CVE-2022-49600,0.00183,0.08049
CVE-2022-49601,0.00181,0.07853
CVE-2022-49602,0.00181,0.0785
CVE-2022-49603,0.00183,0.08049
CVE-2022-49604,0.00183,0.08016
CVE-2022-49605,0.00245,0.15701
CVE-2022-49606,0.00184,0.08167
CVE-2022-49607,0.00181,0.07851
CVE-2022-49608,0.00263,0.17751
CVE-2022-49609,0.0025,0.16211
CVE-2022-49610,0.00215,0.1185
CVE-2022-49611,0.00276,0.19552
CVE-2022-49612,0.0026,0.1746
CVE-2022-49613,0.00245,0.15653
CVE-2022-49615,0.00242,0.15231
CVE-2022-49616,0.00243,0.15367
CVE-2022-49617,0.00243,0.15368
CVE-2022-49618,0.00242,0.15232
CVE-2022-49619,0.0025,0.16212
CVE-2022-49620,0.0025,0.16214
CVE-2022-49621,0.00243,0.15355
CVE-2022-49622,0.00241,0.15111
CVE-2022-49623,0.00261,0.1756
CVE-2022-49624,0.00254,0.16781
CVE-2022-49625,0.0027,0.18721
CVE-2022-49626,0.0026,0.17388
CVE-2022-49627,0.00252,0.16526
CVE-2022-49628,0.00243,0.15368
CVE-2022-49629,0.00169,0.0654
CVE-2022-49630,0.00167,0.06243
CVE-2022-49631,0.00169,0.0654
CVE-2022-49632,0.00167,0.06243
CVE-2022-49633,0.00167,0.06308
CVE-2022-49634,0.00178,0.07501
CVE-2022-49635,0.00264,0.17917
CVE-2022-49636,0.00252,0.16526
CVE-2022-49637,0.00169,0.06539
CVE-2022-49638,0.00167,0.06321
CVE-2022-49639,0.00167,0.06321
CVE-2022-49640,0.00167,0.06243
CVE-2022-49641,0.00167,0.06242
CVE-2022-49642,0.00245,0.1565
CVE-2022-49643,0.00252,0.16519
CVE-2022-49644,0.00263,0.1776
CVE-2022-49645,0.00266,0.18076
CVE-2022-49646,0.00252,0.16516
CVE-2022-49647,0.00281,0.20019
CVE-2022-49648,0.00253,0.16652
CVE-2022-49649,0.0025,0.16213
CVE-2022-49650,0.00249,0.1619
CVE-2022-49651,0.00241,0.15111
CVE-2022-49652,0.0025,0.16212
CVE-2022-49653,0.00264,0.17924
CVE-2022-49654,0.00243,0.15337
CVE-2022-49655,0.0014,0.03741
CVE-2022-49656,0.0025,0.16211
CVE-2022-49657,0.0027,0.18732
CVE-2022-49658,0.00273,0.19173
CVE-2022-49659,0.00243,0.15367
CVE-2022-49661,0.00253,0.16653
CVE-2022-49662,0.00263,0.17739
CVE-2022-49663,0.00266,0.18058
CVE-2022-49664,0.00266,0.18058
CVE-2022-49665,0.00209,0.11081
CVE-2022-49666,0.00243,0.15339
CVE-2022-49667,0.00281,0.2002
CVE-2022-49668,0.00249,0.16092
CVE-2022-49669,0.00234,0.14262
CVE-2022-49670,0.00273,0.19172
CVE-2022-49671,0.00273,0.19172
CVE-2022-49672,0.00274,0.19279
CVE-2022-49673,0.00274,0.19277
CVE-2022-49674,0.00283,0.20258
CVE-2022-49675,0.00273,0.19173
CVE-2022-49676,0.00245,0.15696
CVE-2022-49677,0.00243,0.15354
CVE-2022-49678,0.0025,0.16214
CVE-2022-49679,0.0025,0.16213
CVE-2022-49680,0.00243,0.15354
CVE-2022-49681,0.00243,0.15354
CVE-2022-49682,0.00243,0.15396
CVE-2022-49683,0.00252,0.1651
CVE-2022-49684,0.00209,0.11049
CVE-2022-49685,0.0026,0.17388
CVE-2022-49686,0.00234,0.14294
CVE-2022-49687,0.00281,0.2004
CVE-2022-49688,0.0029,0.209
CVE-2022-49691,0.00274,0.19278
CVE-2022-49692,0.00227,0.13439
CVE-2022-49693,0.00249,0.16092
CVE-2022-49694,0.00234,0.14262
CVE-2022-49695,0.00282,0.20158
CVE-2022-49696,0.0028,0.19889
CVE-2022-49697,0.00265,0.18026
CVE-2022-49698,0.0029,0.20891
CVE-2022-49699,0.00215,0.11851
CVE-2022-49700,0.00283,0.20246
CVE-2022-49701,0.00243,0.15369
CVE-2022-49702,0.00199,0.0987
CVE-2022-49703,0.00249,0.16192
CVE-2022-49704,0.00243,0.15369
CVE-2022-49705,0.00243,0.15371
CVE-2022-49706,0.00252,0.16462
CVE-2022-49707,0.00272,0.19111
CVE-2022-49708,0.00276,0.19552
CVE-2022-49709,0.00243,0.15367
CVE-2022-49710,0.00273,0.19174
CVE-2022-49711,0.00258,0.17248
CVE-2022-49712,0.00243,0.15396
CVE-2022-49713,0.00268,0.18534
CVE-2022-49714,0.00249,0.16191
CVE-2022-49715,0.0027,0.18733
CVE-2022-49716,0.00273,0.19174
CVE-2022-49717,0.00209,0.11081
CVE-2022-49718,0.00209,0.11049
CVE-2022-49719,0.0025,0.16212
CVE-2022-49720,0.00291,0.20919
CVE-2022-49721,0.00252,0.16521
CVE-2022-49722,0.00256,0.16917
CVE-2022-49723,0.00266,0.18058
CVE-2022-49724,0.0026,0.17432
CVE-2022-49725,0.00276,0.19553
CVE-2022-49726,0.00266,0.18059
CVE-2022-49727,0.00272,0.19111
CVE-2022-49728,0.0025,0.16295
CVE-2022-49729,0.0025,0.16214
CVE-2022-49731,0.00275,0.19348
CVE-2022-49732,0.00195,0.09354
CVE-2022-49733,0.00135,0.03303
CVE-2022-49737,0.00305,0.22408
CVE-2022-49738,0.00182,0.07979
CVE-2022-49739,0.00193,0.0916
CVE-2022-49740,0.00182,0.07979
CVE-2022-49741,0.00178,0.07464
CVE-2022-49742,0.00114,0.01744
CVE-2022-49743,0.00178,0.07465
CVE-2022-49744,0.0015,0.0464
CVE-2022-49745,0.0015,0.0464
CVE-2022-49746,0.00178,0.07537
CVE-2022-49747,0.00176,0.07262
CVE-2022-49748,0.00178,0.07464
CVE-2022-49749,0.00178,0.07464
CVE-2022-49750,0.0015,0.0464
CVE-2022-49751,0.00178,0.07536
CVE-2022-49752,0.00188,0.08605
CVE-2022-49753,0.00219,0.12361
CVE-2022-49754,0.00197,0.09664
CVE-2022-49755,0.0022,0.12427
CVE-2022-49756,0.00159,0.05489
CVE-2022-49757,0.00189,0.08717
CVE-2022-49758,0.00187,0.08425
CVE-2022-49759,0.00121,0.02267
CVE-2022-49760,0.0015,0.04627
CVE-2022-49761,0.00182,0.07967
CVE-2022-49762,0.00184,0.08173
CVE-2022-49763,0.00189,0.08641
CVE-2022-49764,0.00151,0.04698
CVE-2022-49765,0.00124,0.02521
CVE-2022-49766,0.0014,0.03751
CVE-2022-49767,0.00166,0.06191
CVE-2022-49768,0.00126,0.02664
CVE-2022-49769,0.00186,0.08345
CVE-2022-49770,0.0019,0.08823
CVE-2022-49771,0.00137,0.03482
CVE-2022-49772,0.00166,0.06186
CVE-2022-49773,0.0014,0.03752
CVE-2022-49774,0.0014,0.03753
CVE-2022-49775,0.00175,0.07196
CVE-2022-49776,0.00186,0.08343
CVE-2022-49777,0.00184,0.08151
CVE-2022-49778,0.0014,0.03758
CVE-2022-49779,0.00188,0.08562
CVE-2022-49780,0.00184,0.08174
CVE-2022-49781,0.00098,0.00964
CVE-2022-49782,0.00163,0.05903
CVE-2022-49783,0.00141,0.03849
CVE-2022-49784,0.0014,0.03758
CVE-2022-49785,0.00164,0.05924
CVE-2022-49786,0.0014,0.03737
CVE-2022-49787,0.00186,0.08343
CVE-2022-49788,0.00187,0.08508
CVE-2022-49789,0.00174,0.07102
CVE-2022-49790,0.00165,0.06098
CVE-2022-49791,0.0014,0.03753
CVE-2022-49792,0.0017,0.0659
CVE-2022-49793,0.00188,0.08534
CVE-2022-49794,0.00166,0.06189
CVE-2022-49795,0.0014,0.03753
CVE-2022-49796,0.00165,0.06074
CVE-2022-49797,0.00165,0.06098
CVE-2022-49798,0.00117,0.01951
CVE-2022-49799,0.0017,0.06591
CVE-2022-49800,0.00165,0.06096
CVE-2022-49801,0.00164,0.05922
CVE-2022-49802,0.0019,0.08747
CVE-2022-49803,0.00165,0.06096
CVE-2022-49804,0.0016,0.05587
CVE-2022-49805,0.0014,0.03735
CVE-2022-49806,0.00164,0.05923
CVE-2022-49807,0.0014,0.03735
CVE-2022-49808,0.0014,0.03736
CVE-2022-49809,0.00166,0.06193
CVE-2022-49810,0.0014,0.03755
CVE-2022-49811,0.00194,0.093
CVE-2022-49812,0.00183,0.08097
CVE-2022-49813,0.00165,0.061
CVE-2022-49814,0.00133,0.03177
CVE-2022-49815,0.0014,0.03754
CVE-2022-49817,0.00164,0.0592
CVE-2022-49818,0.00166,0.06155
CVE-2022-49819,0.0014,0.03754
CVE-2022-49820,0.0014,0.03756
CVE-2022-49821,0.00166,0.0619
CVE-2022-49822,0.00167,0.06256
CVE-2022-49823,0.00183,0.08095
CVE-2022-49824,0.00185,0.0825
CVE-2022-49825,0.00183,0.08097
CVE-2022-49826,0.00194,0.09279
CVE-2022-49827,0.00183,0.08096
CVE-2022-49828,0.00165,0.06047
CVE-2022-49829,0.00141,0.0385
CVE-2022-49830,0.00183,0.08099
CVE-2022-49831,0.00164,0.0592
CVE-2022-49832,0.00186,0.08343
CVE-2022-49833,0.0014,0.03758
CVE-2022-49834,0.0019,0.08831
CVE-2022-49835,0.00166,0.06188
CVE-2022-49836,0.00166,0.06186
CVE-2022-49837,0.00164,0.05925
CVE-2022-49838,0.00183,0.08097
CVE-2022-49839,0.00183,0.08097
CVE-2022-49840,0.0019,0.08831
CVE-2022-49841,0.00166,0.06187
CVE-2022-49842,0.0019,0.08831
CVE-2022-49844,0.00153,0.04844
CVE-2022-49845,0.00183,0.08098
CVE-2022-49846,0.00196,0.09454
CVE-2022-49847,0.0014,0.03751
CVE-2022-49848,0.0014,0.03737
CVE-2022-49849,0.00167,0.06262
CVE-2022-49850,0.00141,0.03827
CVE-2022-49851,0.00171,0.0673
CVE-2022-49852,0.0017,0.06659
CVE-2022-49853,0.0019,0.08748
CVE-2022-49854,0.00163,0.05904
CVE-2022-49855,0.00164,0.05922
CVE-2022-49857,0.00165,0.06099
CVE-2022-49858,0.0014,0.0376
CVE-2022-49859,0.00172,0.06868
CVE-2022-49860,0.00164,0.05921
CVE-2022-49861,0.00166,0.06191
CVE-2022-49862,0.00166,0.06189
CVE-2022-49863,0.00165,0.06096
CVE-2022-49864,0.00164,0.05924
CVE-2022-49865,0.0019,0.08856
CVE-2022-49866,0.00163,0.05903
CVE-2022-49867,0.00164,0.05925
CVE-2022-49868,0.00164,0.05926
CVE-2022-49869,0.00183,0.08098
CVE-2022-49870,0.0019,0.08856
CVE-2022-49871,0.00184,0.08173
CVE-2022-49872,0.00166,0.06188
CVE-2022-49873,0.00183,0.08099
CVE-2022-49874,0.00186,0.08344
CVE-2022-49875,0.00183,0.08098
CVE-2022-49876,0.0014,0.03758
CVE-2022-49877,0.00165,0.06095
CVE-2022-49878,0.00164,0.05926
CVE-2022-49879,0.00185,0.08255
CVE-2022-49880,0.00186,0.08345
CVE-2022-49881,0.00166,0.06193
CVE-2022-49882,0.00157,0.05239
CVE-2022-49883,0.00153,0.04845
CVE-2022-49884,0.00098,0.00958
CVE-2022-49885,0.0019,0.08857
CVE-2022-49886,0.0014,0.03755
CVE-2022-49887,0.00165,0.06095
CVE-2022-49888,0.00211,0.11379
CVE-2022-49889,0.00164,0.05921
CVE-2022-49890,0.00186,0.08344
CVE-2022-49891,0.00165,0.061
CVE-2022-49892,0.00188,0.08561
CVE-2022-49893,0.0014,0.03734
CVE-2022-49894,0.0014,0.03734
CVE-2022-49895,0.0014,0.03759
CVE-2022-49896,0.0014,0.03736
CVE-2022-49898,0.00164,0.05922
CVE-2022-49899,0.00185,0.08219
CVE-2022-49900,0.00174,0.07101
CVE-2022-49901,0.0014,0.03754
CVE-2022-49902,0.00163,0.05903
CVE-2022-49903,0.00186,0.08345
CVE-2022-49904,0.00166,0.0619
CVE-2022-49905,0.00164,0.05918
CVE-2022-49906,0.00164,0.05922
CVE-2022-49907,0.00196,0.09454
CVE-2022-49908,0.00164,0.05917
CVE-2022-49910,0.00188,0.08619
CVE-2022-49911,0.00152,0.04815
CVE-2022-49912,0.00173,0.06932
CVE-2022-49913,0.00172,0.06839
CVE-2022-49914,0.00173,0.06931
CVE-2022-49915,0.00173,0.06932
CVE-2022-49916,0.00155,0.0504
CVE-2022-49917,0.00182,0.07993
CVE-2022-49918,0.00173,0.06932
CVE-2022-49919,0.00134,0.03288
CVE-2022-49920,0.00115,0.01827
CVE-2022-49921,0.00159,0.0541
CVE-2022-49922,0.00155,0.0504
CVE-2022-49923,0.00154,0.04965
CVE-2022-49924,0.00154,0.04964
CVE-2022-49925,0.00172,0.06839
CVE-2022-49926,0.00155,0.05018
CVE-2022-49927,0.00173,0.06932
CVE-2022-49928,0.00152,0.0483
CVE-2022-49929,0.0013,0.03004
CVE-2022-49930,0.0013,0.03014
CVE-2022-49931,0.00154,0.04966
CVE-2022-49932,0.00176,0.07294
CVE-2022-49934,0.00159,0.05412
CVE-2022-49935,0.00148,0.0443
CVE-2022-49936,0.00154,0.04927
CVE-2022-49937,0.00151,0.04704
CVE-2022-49938,0.00149,0.04565
CVE-2022-49939,0.00131,0.03091
CVE-2022-49940,0.0019,0.08836
CVE-2022-49942,0.00216,0.11987
CVE-2022-49943,0.00141,0.03811
CVE-2022-49944,0.00179,0.0756
CVE-2022-49945,0.00196,0.09494
CVE-2022-49946,0.00195,0.09402
CVE-2022-49947,0.00188,0.08579
CVE-2022-49948,0.00213,0.11625
CVE-2022-49949,0.00183,0.08104
CVE-2022-49950,0.00206,0.10727
CVE-2022-49951,0.00211,0.11419
CVE-2022-49952,0.00206,0.10727
CVE-2022-49953,0.00179,0.0756
CVE-2022-49954,0.00208,0.10889
CVE-2022-49955,0.00179,0.0758
CVE-2022-49956,0.00214,0.1167
CVE-2022-49957,0.00221,0.12585
CVE-2022-49958,0.00209,0.11114
CVE-2022-49959,0.00157,0.05284
CVE-2022-49960,0.0014,0.03755
CVE-2022-49961,0.00222,0.12699
CVE-2022-49962,0.00184,0.08141
CVE-2022-49963,0.00179,0.07579
CVE-2022-49964,0.00184,0.08141
CVE-2022-49965,0.00179,0.0756
CVE-2022-49966,0.00202,0.10194
CVE-2022-49967,0.00123,0.02478
CVE-2022-49968,0.00136,0.03414
CVE-2022-49969,0.00239,0.14912
CVE-2022-49970,0.00234,0.14209
CVE-2022-49971,0.00179,0.07579
CVE-2022-49972,0.00184,0.0814
CVE-2022-49973,0.002,0.09909
CVE-2022-49974,0.00179,0.0756
CVE-2022-49975,0.00221,0.12572
CVE-2022-49976,0.00179,0.07578
CVE-2022-49977,0.00208,0.11003
CVE-2022-49978,0.00208,0.11001
CVE-2022-49979,0.00205,0.10605
CVE-2022-49980,0.00208,0.10931
CVE-2022-49981,0.0021,0.11245
CVE-2022-49982,0.00208,0.11
CVE-2022-49983,0.00202,0.10223
CVE-2022-49984,0.00208,0.11
CVE-2022-49985,0.00215,0.11839
CVE-2022-49986,0.00159,0.05487
CVE-2022-49987,0.0021,0.11244
CVE-2022-49989,0.00202,0.10194
CVE-2022-49990,0.0022,0.12431
CVE-2022-49991,0.00205,0.10605
CVE-2022-49992,0.00179,0.07578
CVE-2022-49993,0.0021,0.11244
CVE-2022-49994,0.002,0.09927
CVE-2022-49995,0.00205,0.10534
CVE-2022-49996,0.002,0.09909
CVE-2022-49997,0.00179,0.07579
CVE-2022-49998,0.00153,0.04874
CVE-2022-49999,0.00211,0.11307
CVE-2022-4000,0.0047,0.37472
CVE-2022-4001,0.00342,0.2635
CVE-2022-4002,0.00954,0.57249
CVE-2022-4003,0.00396,0.31793
CVE-2022-4004,0.00486,0.38548
CVE-2022-4005,0.00534,0.41306
CVE-2022-4006,0.00788,0.51961
CVE-2022-4007,0.0055,0.422
CVE-2022-4008,0.00184,0.08191
CVE-2022-4009,0.00721,0.4966
CVE-2022-4010,0.00532,0.41222
CVE-2022-4011,0.00967,0.57636
CVE-2022-4012,0.00494,0.38978
CVE-2022-4013,0.00246,0.15713
CVE-2022-4014,0.00201,0.10128
CVE-2022-4015,0.00481,0.38212
CVE-2022-4016,0.00338,0.25854
CVE-2022-4017,0.00339,0.25933
CVE-2022-4018,0.00809,0.52642
CVE-2022-4019,0.00726,0.49825
CVE-2022-4020,0.00239,0.1494
CVE-2022-4021,0.00421,0.34079
CVE-2022-4022,0.00413,0.33342
CVE-2022-4023,0.003,0.21835
CVE-2022-4024,0.00334,0.25489
CVE-2022-4025,0.00458,0.36765
CVE-2022-4027,0.00571,0.43281
CVE-2022-4028,0.00495,0.3903
CVE-2022-4029,0.00558,0.42609
CVE-2022-4030,0.01563,0.72407
CVE-2022-4031,0.00669,0.4766
CVE-2022-4032,0.00724,0.49746
CVE-2022-4033,0.00674,0.47873
CVE-2022-4034,0.00614,0.45279
CVE-2022-4035,0.00687,0.48435
CVE-2022-4036,0.00436,0.35237
CVE-2022-4037,0.00639,0.4638
CVE-2022-4039,0.00789,0.51991
CVE-2022-4041,0.006,0.44632
CVE-2022-4042,0.0047,0.37473
CVE-2022-4043,0.17686,0.96803
CVE-2022-4044,0.01069,0.60923
CVE-2022-4045,0.00597,0.44472
CVE-2022-4046,0.00655,0.47111
CVE-2022-4047,0.06152,0.92645
CVE-2022-4048,0.00083,0.00332
CVE-2022-4049,0.04756,0.90847
CVE-2022-4050,0.04756,0.90846
CVE-2022-4051,0.00556,0.42501
CVE-2022-4052,0.00522,0.40647
CVE-2022-4053,0.00427,0.34502
CVE-2022-4054,0.00707,0.49155
CVE-2022-4055,0.00652,0.46976
CVE-2022-4057,0.0146,0.70539
CVE-2022-4058,0.00244,0.15492
CVE-2022-4059,0.04756,0.90846
CVE-2022-4060,0.42723,0.98562
CVE-2022-4061,0.01354,0.68341
CVE-2022-4062,0.00165,0.06063
CVE-2022-4063,0.09519,0.94885
CVE-2022-4064,0.01284,0.66753
CVE-2022-4065,0.00876,0.5478
CVE-2022-4066,0.01056,0.60496
CVE-2022-4067,0.93712,0.9983
CVE-2022-4068,0.33968,0.98206
CVE-2022-4069,0.93343,0.99824
CVE-2022-4070,0.00598,0.44502
CVE-2022-4087,0.00481,0.38182
CVE-2022-4088,0.00563,0.42883
CVE-2022-4089,0.00377,0.29786
CVE-2022-4090,0.00246,0.15713
CVE-2022-4091,0.00411,0.33152
CVE-2022-4092,0.01396,0.69245
CVE-2022-4093,0.03954,0.89229
CVE-2022-4095,0.00258,0.17221
CVE-2022-4096,0.01435,0.70015
CVE-2022-4097,0.00576,0.43537
CVE-2022-4098,0.00337,0.25719
CVE-2022-4099,0.01037,0.59923
CVE-2022-4100,0.00347,0.2684
CVE-2022-4101,0.29369,0.97959
CVE-2022-4102,0.00251,0.16366
CVE-2022-4103,0.00262,0.17688
CVE-2022-4104,0.0032,0.2397
CVE-2022-4105,0.00454,0.36509
CVE-2022-4106,0.00857,0.5419
CVE-2022-4107,0.00382,0.3028
CVE-2022-4108,0.00798,0.52252
CVE-2022-4109,0.00705,0.4907
CVE-2022-4110,0.00532,0.4122
CVE-2022-4111,0.00753,0.50754
CVE-2022-4112,0.00535,0.4139
CVE-2022-4114,0.00484,0.38368
CVE-2022-4115,0.00444,0.35792
CVE-2022-4116,0.32516,0.98138
CVE-2022-4117,0.04955,0.91172
CVE-2022-4118,0.00898,0.55428
CVE-2022-4119,0.0047,0.37475
CVE-2022-4120,0.18121,0.96863
CVE-2022-4121,0.00542,0.41791
CVE-2022-4122,0.00797,0.5221
CVE-2022-4123,0.00238,0.14737
CVE-2022-4124,0.00274,0.19248
CVE-2022-4125,0.00285,0.20442
CVE-2022-4126,0.00621,0.45624
CVE-2022-4127,0.00206,0.10746
CVE-2022-4128,0.00239,0.14884
CVE-2022-4129,0.00172,0.06776
CVE-2022-4130,0.00669,0.47673
CVE-2022-4131,0.00842,0.53634
CVE-2022-4132,0.00695,0.4872
CVE-2022-4134,0.00323,0.24336
CVE-2022-4135,0.31864,0.98101
CVE-2022-4136,0.00936,0.56683
CVE-2022-4137,0.01149,0.63152
CVE-2022-4138,0.00445,0.35905
CVE-2022-4139,0.00252,0.1655
CVE-2022-4140,0.02941,0.85525
CVE-2022-4141,0.00423,0.34251
CVE-2022-4142,0.0047,0.37474
CVE-2022-4143,0.0076,0.51004
CVE-2022-4144,0.00281,0.20059
CVE-2022-4145,0.00601,0.44654
CVE-2022-4146,0.00451,0.36273
CVE-2022-4147,0.00577,0.43582
CVE-2022-4148,0.00262,0.17688
CVE-2022-4149,0.00161,0.05619
CVE-2022-4150,0.00854,0.54068
CVE-2022-4151,0.00854,0.54067
CVE-2022-4152,0.00854,0.5407
CVE-2022-4153,0.00854,0.54068
CVE-2022-4154,0.00852,0.53974
CVE-2022-4155,0.00846,0.53802
CVE-2022-4156,0.0092,0.5613
CVE-2022-4157,0.00883,0.54978
CVE-2022-4158,0.00882,0.54951
CVE-2022-4159,0.00854,0.54068
CVE-2022-4160,0.00911,0.55852
CVE-2022-4161,0.00854,0.54067
CVE-2022-4162,0.00854,0.54069
CVE-2022-4163,0.00854,0.54069
CVE-2022-4164,0.00854,0.54069
CVE-2022-4165,0.00854,0.5407
CVE-2022-4166,0.00854,0.54069
CVE-2022-4167,0.00541,0.41687
CVE-2022-4169,0.00665,0.4749
CVE-2022-4170,0.02058,0.79083
CVE-2022-4171,0.00689,0.48495
CVE-2022-4172,0.00382,0.30283
CVE-2022-4173,0.00681,0.48165
CVE-2022-4174,0.00881,0.54917
CVE-2022-4175,0.0071,0.49259
CVE-2022-4176,0.00607,0.44922
CVE-2022-4177,0.00473,0.37688
CVE-2022-4178,0.23918,0.97573
CVE-2022-4179,0.0048,0.38173
CVE-2022-4180,0.00473,0.37688
CVE-2022-4181,0.00667,0.4758
CVE-2022-4182,0.00549,0.42117
CVE-2022-4183,0.0054,0.41664
CVE-2022-4184,0.00622,0.45676
CVE-2022-4185,0.00752,0.50743
CVE-2022-4186,0.00437,0.35314
CVE-2022-4187,0.00623,0.45696
CVE-2022-4188,0.00551,0.42225
CVE-2022-4189,0.00393,0.31485
CVE-2022-4190,0.00662,0.47383
CVE-2022-4191,0.00576,0.43533
CVE-2022-4192,0.0083,0.53295
CVE-2022-4193,0.00662,0.47383
CVE-2022-4194,0.00643,0.46582
CVE-2022-4195,0.00471,0.37547
CVE-2022-4196,0.0047,0.3748
CVE-2022-4197,0.00532,0.41219
CVE-2022-4198,0.006,0.44625
CVE-2022-4199,0.0047,0.37471
CVE-2022-4200,0.00532,0.41218
CVE-2022-4201,0.00546,0.41984
CVE-2022-4202,0.00802,0.52371
CVE-2022-4203,0.01481,0.70939
CVE-2022-4205,0.00603,0.44748
CVE-2022-4206,0.00636,0.46273
CVE-2022-4207,0.00526,0.4088
CVE-2022-4208,0.00824,0.53103
CVE-2022-4209,0.00824,0.53103
CVE-2022-4210,0.00824,0.53104
CVE-2022-4211,0.00824,0.53103
CVE-2022-4212,0.00824,0.53104
CVE-2022-4213,0.00638,0.46345
CVE-2022-4214,0.00777,0.51583
CVE-2022-4215,0.00881,0.5492
CVE-2022-4216,0.00642,0.46518
CVE-2022-4217,0.00642,0.46518
CVE-2022-4218,0.00422,0.34181
CVE-2022-4219,0.00397,0.31859
CVE-2022-4220,0.00397,0.31859
CVE-2022-4221,0.04803,0.90922
CVE-2022-4222,0.00662,0.47374
CVE-2022-4223,0.79933,0.99566
CVE-2022-4224,0.00883,0.54963
CVE-2022-4226,0.00532,0.41221
CVE-2022-4227,0.00406,0.32716
CVE-2022-4228,0.01211,0.64887
CVE-2022-4229,0.00897,0.55412
CVE-2022-4230,0.35679,0.98273
CVE-2022-4231,0.00443,0.35697
CVE-2022-4232,0.00439,0.35389
CVE-2022-4233,0.00335,0.25588
CVE-2022-4234,0.00411,0.33152
CVE-2022-4235,0.00566,0.43055
CVE-2022-4236,0.00795,0.52155
CVE-2022-4237,0.01073,0.61032
CVE-2022-4239,0.00593,0.44283
CVE-2022-4240,0.00527,0.40929
CVE-2022-4242,0.00532,0.41219
CVE-2022-4243,0.00532,0.41221
CVE-2022-4244,0.01347,0.68173
CVE-2022-4245,0.00694,0.48677
CVE-2022-4246,0.00677,0.48007
CVE-2022-4247,0.00496,0.39114
CVE-2022-4248,0.00476,0.37878
CVE-2022-4249,0.00356,0.27751
CVE-2022-4250,0.00398,0.31962
CVE-2022-4251,0.00395,0.31644
CVE-2022-4252,0.00411,0.33153
CVE-2022-4253,0.00411,0.33132
CVE-2022-4254,0.0095,0.57141
CVE-2022-4255,0.00491,0.38834
CVE-2022-4256,0.0047,0.37478
CVE-2022-4257,0.4393,0.98603
CVE-2022-4258,0.0021,0.11196
CVE-2022-4259,0.00598,0.44544
CVE-2022-4260,0.00851,0.53938
CVE-2022-4261,0.00308,0.22695
CVE-2022-4262,0.16109,0.96548
CVE-2022-4264,0.00516,0.40292
CVE-2022-4265,0.00511,0.39981
CVE-2022-4266,0.00326,0.24593
CVE-2022-4267,0.00486,0.38542
CVE-2022-4268,0.01091,0.61503
CVE-2022-4269,0.00198,0.09756
CVE-2022-4270,0.00514,0.40193
CVE-2022-4271,0.00673,0.47828
CVE-2022-4272,0.00791,0.52017
CVE-2022-4273,0.00771,0.51371
CVE-2022-4274,0.00628,0.45923
CVE-2022-4275,0.00628,0.45923
CVE-2022-4276,0.00584,0.4386
CVE-2022-4277,0.00646,0.46726
CVE-2022-4278,0.00685,0.48351
CVE-2022-4279,0.00511,0.40019
CVE-2022-4280,0.00709,0.49231
CVE-2022-4281,0.00438,0.35369
CVE-2022-4282,0.007,0.48896
CVE-2022-4283,0.00958,0.57342
CVE-2022-4285,0.00437,0.35298
CVE-2022-4286,0.00564,0.42946
CVE-2022-4287,0.01021,0.59387
CVE-2022-4289,0.0069,0.48535
CVE-2022-4290,0.00766,0.51194
CVE-2022-4291,0.00421,0.34109
CVE-2022-4292,0.00655,0.47104
CVE-2022-4293,0.00463,0.37059
CVE-2022-4294,0.0019,0.0876
CVE-2022-4295,0.00897,0.55388
CVE-2022-4296,0.00301,0.21933
CVE-2022-4297,0.03595,0.881
CVE-2022-4298,0.01833,0.76406
CVE-2022-4299,0.0047,0.37476
CVE-2022-4300,0.00793,0.52112
CVE-2022-4301,0.00902,0.55549
CVE-2022-4302,0.17686,0.96803
CVE-2022-4303,0.00703,0.49014
CVE-2022-4304,0.16195,0.96568
CVE-2022-4305,0.38625,0.98407
CVE-2022-4306,0.00841,0.53613
CVE-2022-4307,0.00526,0.40875
CVE-2022-4308,0.0017,0.06584
CVE-2022-4309,0.00238,0.1477
CVE-2022-4310,0.00642,0.46521
CVE-2022-4311,0.00329,0.24889
CVE-2022-4312,0.00114,0.01782
CVE-2022-4313,0.01236,0.65582
CVE-2022-4314,0.00789,0.51989
CVE-2022-4315,0.00805,0.525
CVE-2022-4317,0.00541,0.41734
CVE-2022-4318,0.00266,0.18107
CVE-2022-4320,0.00891,0.55204
CVE-2022-4321,0.01193,0.64394
CVE-2022-4322,0.00796,0.52195
CVE-2022-4323,0.01046,0.60192
CVE-2022-4324,0.17686,0.96802
CVE-2022-4325,0.00902,0.55548
CVE-2022-4326,0.00224,0.12949
CVE-2022-4328,0.04427,0.90254
CVE-2022-4329,0.00483,0.38335
CVE-2022-4330,0.0047,0.37473
CVE-2022-4331,0.00744,0.50462
CVE-2022-4332,0.00335,0.25575
CVE-2022-4333,0.00851,0.53928
CVE-2022-4335,0.0075,0.50664
CVE-2022-4336,0.00334,0.25453
CVE-2022-4337,0.01324,0.67602
CVE-2022-4338,0.01324,0.67601
CVE-2022-4340,0.00669,0.47659
CVE-2022-4341,0.00411,0.33153
CVE-2022-4342,0.00731,0.50012
CVE-2022-4343,0.00393,0.31404
CVE-2022-4344,0.00569,0.43212
CVE-2022-4345,0.00675,0.47945
CVE-2022-4346,0.00658,0.47219
CVE-2022-4347,0.0039,0.31124
CVE-2022-4348,0.00398,0.31962
CVE-2022-4349,0.00237,0.14682
CVE-2022-4350,0.00398,0.31962
CVE-2022-4351,0.01096,0.61728
CVE-2022-4352,0.00983,0.58199
CVE-2022-4353,0.00356,0.27738
CVE-2022-4354,0.00536,0.41418
CVE-2022-4355,0.00874,0.54736
CVE-2022-4356,0.00874,0.54735
CVE-2022-4357,0.00997,0.58636
CVE-2022-4358,0.00983,0.582
CVE-2022-4359,0.00983,0.58199
CVE-2022-4360,0.01096,0.61728
CVE-2022-4361,0.00626,0.45838
CVE-2022-4362,0.00562,0.42807
CVE-2022-4363,0.00166,0.06194
CVE-2022-4364,0.04197,0.89787
CVE-2022-4365,0.00711,0.49282
CVE-2022-4366,0.00701,0.48927
CVE-2022-4368,0.00251,0.16407
CVE-2022-4369,0.00486,0.38542
CVE-2022-4370,0.00983,0.58199
CVE-2022-4371,0.00983,0.582
CVE-2022-4372,0.00983,0.58198
CVE-2022-4373,0.00902,0.55555
CVE-2022-4374,0.00551,0.42231
CVE-2022-4375,0.0289,0.85277
CVE-2022-4376,0.00762,0.51085
CVE-2022-4377,0.00365,0.28604
CVE-2022-4378,0.00431,0.34824
CVE-2022-4379,0.06346,0.9283
CVE-2022-4381,0.00534,0.4131
CVE-2022-4382,0.00484,0.38382
CVE-2022-4383,0.01037,0.59923
CVE-2022-4384,0.0091,0.55823
CVE-2022-4385,0.00486,0.38548
CVE-2022-4386,0.00267,0.18408
CVE-2022-4390,0.00902,0.55529
CVE-2022-4391,0.00471,0.37573
CVE-2022-4392,0.00471,0.37569
CVE-2022-4393,0.00471,0.37573
CVE-2022-4394,0.00471,0.37572
CVE-2022-4395,0.17569,0.96788
CVE-2022-4396,0.0056,0.42697
CVE-2022-4397,0.00238,0.14804
CVE-2022-4398,0.00326,0.24605
CVE-2022-4399,0.00717,0.49544
CVE-2022-4400,0.00362,0.28383
CVE-2022-4401,0.00356,0.27738
CVE-2022-4402,0.00722,0.49673
CVE-2022-4403,0.00574,0.43419
CVE-2022-4407,0.04381,0.9017
CVE-2022-4408,0.00479,0.38078
CVE-2022-4409,0.00422,0.34153
CVE-2022-4410,0.00555,0.42441
CVE-2022-4413,0.00509,0.39893
CVE-2022-4414,0.00443,0.35733
CVE-2022-4415,0.00867,0.54512
CVE-2022-4416,0.00494,0.3897
CVE-2022-4417,0.00671,0.4774
CVE-2022-4418,0.00121,0.0222
CVE-2022-4421,0.00409,0.32944
CVE-2022-4422,0.0062,0.45588
CVE-2022-4426,0.00308,0.22659
CVE-2022-4427,0.00715,0.49445
CVE-2022-4428,0.00695,0.48715
CVE-2022-4429,0.00146,0.04308
CVE-2022-4431,0.00503,0.39517
CVE-2022-4432,0.00183,0.08057
CVE-2022-4433,0.00183,0.08056
CVE-2022-4434,0.00183,0.08056
CVE-2022-4435,0.00183,0.08057
CVE-2022-4436,0.00628,0.45918
CVE-2022-4437,0.00651,0.46943
CVE-2022-4438,0.00651,0.46943
CVE-2022-4439,0.00599,0.44579
CVE-2022-4440,0.00612,0.45155
CVE-2022-4441,0.00618,0.45458
CVE-2022-4442,0.0047,0.37477
CVE-2022-4443,0.00332,0.25239
CVE-2022-4444,0.0048,0.38173
CVE-2022-4445,0.0105,0.60285
CVE-2022-4446,0.01267,0.66355
CVE-2022-4447,0.04795,0.90909
CVE-2022-4448,0.00555,0.42441
CVE-2022-4449,0.00471,0.37571
CVE-2022-4450,0.20444,0.97194
CVE-2022-4451,0.00471,0.37576
CVE-2022-4452,0.00382,0.30311
CVE-2022-4453,0.00534,0.41323
CVE-2022-4454,0.00496,0.39129
CVE-2022-4455,0.00571,0.43315
CVE-2022-4456,0.00365,0.28678
CVE-2022-4457,0.00167,0.06262
CVE-2022-4458,0.00477,0.37943
CVE-2022-4459,0.00695,0.48692
CVE-2022-4460,0.00471,0.37571
CVE-2022-4462,0.00661,0.47366
CVE-2022-4464,0.00534,0.41305
CVE-2022-4465,0.00471,0.37556
CVE-2022-4466,0.00478,0.38017
CVE-2022-4467,0.00471,0.37556
CVE-2022-4468,0.00534,0.41305
CVE-2022-4469,0.00534,0.41309
CVE-2022-4470,0.00507,0.39786
CVE-2022-4471,0.00707,0.49161
CVE-2022-4472,0.00519,0.40524
CVE-2022-4473,0.0054,0.41658
CVE-2022-4474,0.00471,0.3757
CVE-2022-4475,0.00534,0.4131
CVE-2022-4476,0.00575,0.43457
CVE-2022-4477,0.00507,0.39787
CVE-2022-4478,0.00471,0.37575
CVE-2022-4479,0.00575,0.43457
CVE-2022-4480,0.00534,0.41303
CVE-2022-4481,0.00575,0.43457
CVE-2022-4482,0.00471,0.37555
CVE-2022-4483,0.00534,0.4131
CVE-2022-4484,0.00471,0.37554
CVE-2022-4485,0.00471,0.37557
CVE-2022-4486,0.00534,0.41304
CVE-2022-4487,0.00534,0.41304
CVE-2022-4488,0.00707,0.49161
CVE-2022-4489,0.01313,0.67367
CVE-2022-4491,0.00471,0.37576
CVE-2022-4492,0.00596,0.44417
CVE-2022-4493,0.00536,0.41425
CVE-2022-4494,0.00505,0.39656
CVE-2022-4495,0.00492,0.38904
CVE-2022-4496,0.0061,0.45084
CVE-2022-4497,0.00534,0.41304
CVE-2022-4498,0.01781,0.75686
CVE-2022-4499,0.00709,0.49218
CVE-2022-4501,0.00692,0.4862
CVE-2022-4502,0.00639,0.46408
CVE-2022-4503,0.00578,0.43623
CVE-2022-4504,0.00862,0.5432
CVE-2022-4505,0.00696,0.48742
CVE-2022-4506,0.01057,0.6051
CVE-2022-4507,0.00534,0.41304
CVE-2022-4508,0.00534,0.41308
CVE-2022-4509,0.00471,0.37574
CVE-2022-4510,0.22013,0.97382
CVE-2022-4511,0.00782,0.5173
CVE-2022-4512,0.00762,0.51064
CVE-2022-4513,0.0056,0.42717
CVE-2022-4514,0.0056,0.42717
CVE-2022-4515,0.00577,0.43575
CVE-2022-4519,0.00552,0.42305
CVE-2022-4520,0.00653,0.46989
CVE-2022-4521,0.00568,0.43161
CVE-2022-4522,0.00533,0.41252
CVE-2022-4523,0.0051,0.3993
CVE-2022-4524,0.00555,0.42431
CVE-2022-4525,0.00529,0.41032
CVE-2022-4526,0.0051,0.3993
CVE-2022-4527,0.00542,0.41781
CVE-2022-4529,0.00228,0.135
CVE-2022-4532,0.00209,0.11071
CVE-2022-4533,0.00218,0.12224
CVE-2022-4534,0.00332,0.25224
CVE-2022-4536,0.00242,0.15227
CVE-2022-4537,0.0032,0.24006
CVE-2022-4539,0.00628,0.45894
CVE-2022-4541,0.00438,0.35339
CVE-2022-4542,0.00471,0.37586
CVE-2022-4543,0.00954,0.5727
CVE-2022-4544,0.00534,0.41312
CVE-2022-4545,0.00471,0.37568
CVE-2022-4546,0.00957,0.57316
CVE-2022-4547,0.00945,0.5695
CVE-2022-4548,0.00332,0.25239
CVE-2022-4549,0.00292,0.21069
CVE-2022-4550,0.00658,0.47221
CVE-2022-4551,0.00477,0.37946
CVE-2022-4552,0.00285,0.20384
CVE-2022-4553,0.00267,0.18408
CVE-2022-4554,0.00337,0.25773
CVE-2022-4555,0.00665,0.47489
CVE-2022-4556,0.00559,0.4265
CVE-2022-4557,0.00664,0.47462
CVE-2022-4558,0.00559,0.4265
CVE-2022-4559,0.00545,0.41929
CVE-2022-4560,0.00529,0.41033
CVE-2022-4561,0.00365,0.28677
CVE-2022-4562,0.0054,0.41657
CVE-2022-4563,0.00297,0.21562
CVE-2022-4564,0.00361,0.28251
CVE-2022-4565,0.00897,0.55397
CVE-2022-4566,0.00818,0.52925
CVE-2022-4567,0.00607,0.44924
CVE-2022-4568,0.00187,0.08508
CVE-2022-4569,0.00193,0.09188
CVE-2022-4570,0.00471,0.37563
CVE-2022-4571,0.00534,0.41305
CVE-2022-4572,0.00537,0.41503
CVE-2022-4573,0.00189,0.08672
CVE-2022-4574,0.00191,0.0887
CVE-2022-4575,0.0018,0.07745
CVE-2022-4576,0.00471,0.37563
CVE-2022-4577,0.00649,0.46846
CVE-2022-4578,0.00471,0.3756
CVE-2022-4580,0.00477,0.37944
CVE-2022-4581,0.00385,0.30635
CVE-2022-4582,0.00502,0.39451
CVE-2022-4583,0.00827,0.532
CVE-2022-4584,0.01022,0.59415
CVE-2022-4585,0.00502,0.39451
CVE-2022-4586,0.00502,0.3945
CVE-2022-4587,0.00492,0.38851
CVE-2022-4588,0.00511,0.40031
CVE-2022-4589,0.00453,0.36395
CVE-2022-4590,0.00492,0.3885
CVE-2022-4591,0.00502,0.39451
CVE-2022-4592,0.00468,0.37363
CVE-2022-4593,0.00385,0.30636
CVE-2022-4594,0.00598,0.44536
CVE-2022-4595,0.00502,0.3945
CVE-2022-4596,0.00581,0.43742
CVE-2022-4597,0.00581,0.43742
CVE-2022-4598,0.00503,0.39548
CVE-2022-4599,0.00503,0.39548
CVE-2022-4600,0.00503,0.39549
CVE-2022-4601,0.00503,0.39548
CVE-2022-4602,0.00503,0.39547
CVE-2022-4603,0.00821,0.53032
CVE-2022-4604,0.0032,0.24002
CVE-2022-4605,0.00535,0.41383
CVE-2022-4606,0.35435,0.98264
CVE-2022-4607,0.00737,0.50232
CVE-2022-4608,0.00596,0.44393
CVE-2022-4609,0.00704,0.49018
CVE-2022-4610,0.00238,0.14725
CVE-2022-4611,0.01225,0.65295
CVE-2022-4612,0.00853,0.54042
CVE-2022-4613,0.00726,0.49824
CVE-2022-4614,0.00387,0.30841
CVE-2022-4615,0.00651,0.46932
CVE-2022-4616,0.04757,0.90853
CVE-2022-4617,0.00616,0.45386
CVE-2022-4619,0.00541,0.41711
CVE-2022-4621,0.00332,0.2527
CVE-2022-4622,0.00471,0.37558
CVE-2022-4623,0.00444,0.35787
CVE-2022-4624,0.00471,0.37558
CVE-2022-4625,0.00534,0.41306
CVE-2022-4626,0.00649,0.46847
CVE-2022-4627,0.00471,0.37562
CVE-2022-4628,0.00477,0.37944
CVE-2022-4629,0.00471,0.3756
CVE-2022-4630,0.00629,0.45964
CVE-2022-4631,0.00385,0.30635
CVE-2022-4632,0.00517,0.40348
CVE-2022-4633,0.00345,0.26582
CVE-2022-4634,0.05322,0.91661
CVE-2022-4636,0.00876,0.54801
CVE-2022-4637,0.00506,0.39725
CVE-2022-4638,0.00385,0.30638
CVE-2022-4639,0.00855,0.54111
CVE-2022-4640,0.00408,0.3289
CVE-2022-4641,0.00228,0.13612
CVE-2022-4642,0.00508,0.39823
CVE-2022-4643,0.01734,0.74999
CVE-2022-4644,0.00599,0.44593
CVE-2022-4645,0.00425,0.34379
CVE-2022-4646,0.00313,0.23242
CVE-2022-4647,0.00488,0.38646
CVE-2022-4648,0.00471,0.37572
CVE-2022-4649,0.00484,0.38379
CVE-2022-4650,0.00534,0.41307
CVE-2022-4651,0.0049,0.38778
CVE-2022-4652,0.00534,0.41308
CVE-2022-4653,0.00393,0.31452
CVE-2022-4654,0.00471,0.37566
CVE-2022-4655,0.00471,0.37564
CVE-2022-4656,0.00477,0.37943
CVE-2022-4657,0.00667,0.47593
CVE-2022-4658,0.00471,0.37553
CVE-2022-4661,0.00471,0.37562
CVE-2022-4662,0.00317,0.23599
CVE-2022-4663,0.00653,0.4702
CVE-2022-4664,0.00578,0.43587
CVE-2022-4665,0.00758,0.50913
CVE-2022-4666,0.00471,0.37562
CVE-2022-4667,0.00507,0.39786
CVE-2022-4668,0.00471,0.37563
CVE-2022-4669,0.00393,0.31453
CVE-2022-4670,0.00562,0.42855
CVE-2022-4671,0.00471,0.37561
CVE-2022-4672,0.00534,0.41307
CVE-2022-4673,0.00471,0.37567
CVE-2022-4674,0.00555,0.4244
CVE-2022-4675,0.00471,0.37566
CVE-2022-4676,0.00444,0.35788
CVE-2022-4677,0.00562,0.42856
CVE-2022-4678,0.0054,0.41658
CVE-2022-4679,0.00528,0.40998
CVE-2022-4680,0.01046,0.60192
CVE-2022-4681,0.03824,0.88852
CVE-2022-4682,0.00707,0.49161
CVE-2022-4683,0.00376,0.2972
CVE-2022-4684,0.00607,0.44935
CVE-2022-4686,0.00731,0.50032
CVE-2022-4687,0.00633,0.46152
CVE-2022-4688,0.00741,0.50379
CVE-2022-4689,0.00741,0.50378
CVE-2022-4690,0.00601,0.44653
CVE-2022-4691,0.00695,0.48708
CVE-2022-4692,0.00564,0.42947
CVE-2022-4693,0.01598,0.72937
CVE-2022-4694,0.00539,0.41609
CVE-2022-4695,0.00652,0.46965
CVE-2022-4696,0.00407,0.32789
CVE-2022-4697,0.00679,0.48091
CVE-2022-4698,0.00634,0.46164
CVE-2022-4699,0.00534,0.41311
CVE-2022-4700,0.00818,0.52914
CVE-2022-4701,0.00754,0.50785
CVE-2022-4702,0.00798,0.52264
CVE-2022-4703,0.00945,0.56965
CVE-2022-4704,0.00792,0.52051
CVE-2022-4705,0.00603,0.44736
CVE-2022-4706,0.00471,0.37559
CVE-2022-4707,0.00348,0.26921
CVE-2022-4708,0.00603,0.44736
CVE-2022-4709,0.00603,0.44735
CVE-2022-4710,0.00728,0.49896
CVE-2022-4711,0.00688,0.48437
CVE-2022-4712,0.00478,0.3802
CVE-2022-4714,0.00457,0.36704
CVE-2022-4715,0.00471,0.37559
CVE-2022-4716,0.00471,0.37561
CVE-2022-4717,0.00649,0.46847
CVE-2022-4718,0.00471,0.37561
CVE-2022-4719,0.00967,0.5764
CVE-2022-4720,0.00481,0.38233
CVE-2022-4721,0.00485,0.3843
CVE-2022-4722,0.0113,0.62655
CVE-2022-4723,0.00632,0.46067
CVE-2022-4724,0.00827,0.53207
CVE-2022-4725,0.00669,0.47684
CVE-2022-4726,0.00437,0.3526
CVE-2022-4727,0.00879,0.54886
CVE-2022-4728,0.00765,0.51162
CVE-2022-4729,0.00733,0.50107
CVE-2022-4730,0.00765,0.51162
CVE-2022-4731,0.00513,0.40144
CVE-2022-4732,0.38236,0.98392
CVE-2022-4733,0.00582,0.43793
CVE-2022-4734,0.00773,0.51448
CVE-2022-4735,0.00516,0.40319
CVE-2022-4736,0.00541,0.41732
CVE-2022-4737,0.00605,0.44828
CVE-2022-4738,0.00414,0.33452
CVE-2022-4739,0.00483,0.38329
CVE-2022-4740,0.00547,0.42042
CVE-2022-4741,0.00763,0.5109
CVE-2022-4742,0.01005,0.58913
CVE-2022-4743,0.01265,0.66321
CVE-2022-4744,0.00456,0.366
CVE-2022-4745,0.00276,0.19467
CVE-2022-4746,0.00727,0.49892
CVE-2022-4747,0.00685,0.48353
CVE-2022-4748,0.00867,0.54516
CVE-2022-4749,0.00471,0.37557
CVE-2022-4750,0.00471,0.37556
CVE-2022-4751,0.00471,0.37576
CVE-2022-4752,0.00471,0.37552
CVE-2022-4753,0.00471,0.37575
CVE-2022-4754,0.00471,0.37553
CVE-2022-4755,0.00518,0.40409
CVE-2022-4756,0.00605,0.44836
CVE-2022-4757,0.0049,0.38779
CVE-2022-4758,0.00471,0.37559
CVE-2022-4759,0.00707,0.49161
CVE-2022-4760,0.00471,0.37569
CVE-2022-4761,0.00627,0.45871
CVE-2022-4762,0.00605,0.44837
CVE-2022-4763,0.00471,0.37555
CVE-2022-4764,0.00627,0.45871
CVE-2022-4765,0.00534,0.41309
CVE-2022-4766,0.00305,0.2239
CVE-2022-4767,0.00678,0.48036
CVE-2022-4768,0.00666,0.47535
CVE-2022-4769,0.00435,0.35108
CVE-2022-4770,0.00435,0.35107
CVE-2022-4771,0.00353,0.27476
CVE-2022-4772,0.00283,0.202
CVE-2022-4773,0.00363,0.28468
CVE-2022-4774,0.01785,0.75745
CVE-2022-4775,0.00471,0.37571
CVE-2022-4776,0.00534,0.41307
CVE-2022-4777,0.00471,0.37567
CVE-2022-4778,0.00657,0.47192
CVE-2022-4779,0.01194,0.64419
CVE-2022-4780,0.0015,0.0464
CVE-2022-4781,0.00471,0.37567
CVE-2022-4782,0.00444,0.35786
CVE-2022-4783,0.0047,0.37525
CVE-2022-4784,0.00471,0.37558
CVE-2022-4785,0.00471,0.37557
CVE-2022-4786,0.00471,0.37557
CVE-2022-4787,0.00471,0.37555
CVE-2022-4788,0.0049,0.38778
CVE-2022-4789,0.00471,0.37565
CVE-2022-4790,0.00471,0.37573
CVE-2022-4791,0.00471,0.37574
CVE-2022-4792,0.00438,0.35379
CVE-2022-4793,0.00627,0.4587
CVE-2022-4794,0.00797,0.52242
CVE-2022-4795,0.00466,0.37289
CVE-2022-4796,0.00761,0.51025
CVE-2022-4797,0.00713,0.49348
CVE-2022-4798,0.00702,0.48972
CVE-2022-4799,0.00762,0.51054
CVE-2022-4800,0.00586,0.43972
CVE-2022-4801,0.00681,0.48174
CVE-2022-4802,0.00568,0.43121
CVE-2022-4803,0.00811,0.52701
CVE-2022-4804,0.0059,0.44159
CVE-2022-4805,0.00507,0.39748
CVE-2022-4806,0.00756,0.50847
CVE-2022-4807,0.00571,0.43283
CVE-2022-4808,0.00421,0.34098
CVE-2022-4809,0.00911,0.55867
CVE-2022-4810,0.00465,0.37189
CVE-2022-4811,0.00564,0.42948
CVE-2022-4812,0.00578,0.43592
CVE-2022-4813,0.00534,0.41364
CVE-2022-4814,0.00534,0.41365
CVE-2022-4815,0.00628,0.4591
CVE-2022-4816,0.00162,0.05813
CVE-2022-4817,0.00508,0.3985
CVE-2022-4818,0.00522,0.40646
CVE-2022-4819,0.00511,0.40031
CVE-2022-4820,0.00518,0.40409
CVE-2022-4821,0.00512,0.4006
CVE-2022-4822,0.00512,0.4006
CVE-2022-4823,0.0063,0.46014
CVE-2022-4824,0.00649,0.46847
CVE-2022-4825,0.00573,0.43375
CVE-2022-4826,0.00605,0.44836
CVE-2022-4827,0.00471,0.37569
CVE-2022-4828,0.01011,0.59107
CVE-2022-4829,0.0049,0.38778
CVE-2022-4830,0.65006,0.9916
CVE-2022-4831,0.00548,0.42079
CVE-2022-4832,0.00471,0.37554
CVE-2022-4833,0.0055,0.42206
CVE-2022-4834,0.00534,0.41311
CVE-2022-4835,0.00471,0.37565
CVE-2022-4836,0.00588,0.44033
CVE-2022-4837,0.00534,0.41312
CVE-2022-4838,0.00573,0.43375
CVE-2022-4839,0.00766,0.51226
CVE-2022-4840,0.00652,0.46965
CVE-2022-4841,0.00601,0.44661
CVE-2022-4842,0.00196,0.09479
CVE-2022-4843,0.00698,0.48819
CVE-2022-4844,0.00308,0.22628
CVE-2022-4845,0.00259,0.17263
CVE-2022-4846,0.00256,0.17026
CVE-2022-4847,0.00642,0.46523
CVE-2022-4848,0.00528,0.40999
CVE-2022-4849,0.00346,0.26715
CVE-2022-4850,0.00328,0.24834
CVE-2022-4851,0.00772,0.51415
CVE-2022-4855,0.26463,0.97773
CVE-2022-4856,0.00589,0.44092
CVE-2022-4857,0.00658,0.47215
CVE-2022-4858,0.00468,0.37364
CVE-2022-4859,0.00499,0.39318
CVE-2022-4860,0.00604,0.44801
CVE-2022-4861,0.00548,0.42061
CVE-2022-4862,0.00358,0.27968
CVE-2022-4863,0.00679,0.48084
CVE-2022-4864,0.00479,0.38078
CVE-2022-4865,0.00991,0.58468
CVE-2022-4866,0.00991,0.58468
CVE-2022-4867,0.00346,0.2675
CVE-2022-4868,0.00641,0.46505
CVE-2022-4869,0.00632,0.46099
CVE-2022-4870,0.0045,0.36242
CVE-2022-4871,0.00651,0.46937
CVE-2022-4872,0.00281,0.20064
CVE-2022-4873,0.0717,0.93557
CVE-2022-4874,0.11009,0.95391
CVE-2022-4875,0.0051,0.39956
CVE-2022-4876,0.0051,0.39941
CVE-2022-4877,0.00535,0.41394
CVE-2022-4878,0.00655,0.47071
CVE-2022-4879,0.00528,0.40973
CVE-2022-4880,0.01063,0.60683
CVE-2022-4881,0.00566,0.43061
CVE-2022-4882,0.00555,0.42433
CVE-2022-4883,0.01199,0.64562
CVE-2022-4884,0.00485,0.38435
CVE-2022-4885,0.0074,0.50333
CVE-2022-4886,0.01567,0.72455
CVE-2022-4888,0.00313,0.23221
CVE-2022-4889,0.00617,0.45424
CVE-2022-4890,0.00792,0.52052
CVE-2022-4891,0.01336,0.67909
CVE-2022-4892,0.00499,0.39286
CVE-2022-4894,0.00188,0.08556
CVE-2022-4895,0.0028,0.19876
CVE-2022-4896,0.01036,0.59886
CVE-2022-4897,0.00858,0.54218
CVE-2022-4898,0.00389,0.31037
CVE-2022-4899,0.01588,0.72789
CVE-2022-4900,0.00367,0.2879
CVE-2022-4901,0.00337,0.25791
CVE-2022-4902,0.00593,0.44256
CVE-2022-4903,0.00649,0.46827
CVE-2022-4904,0.01232,0.65469
CVE-2022-4905,0.00654,0.47052
CVE-2022-4906,0.12957,0.95865
CVE-2022-4907,0.01252,0.66002
CVE-2022-4908,0.00538,0.41528
CVE-2022-4909,0.00364,0.28531
CVE-2022-4910,0.00373,0.29411
CVE-2022-4911,0.00491,0.38796
CVE-2022-4912,0.00566,0.43031
CVE-2022-4913,0.0048,0.38128
CVE-2022-4914,0.00477,0.37935
CVE-2022-4915,0.0048,0.38128
CVE-2022-4916,0.0055,0.42164
CVE-2022-4917,0.00269,0.18562
CVE-2022-4918,0.0055,0.42163
CVE-2022-4919,0.0055,0.42163
CVE-2022-4920,0.00615,0.45316
CVE-2022-4921,0.00535,0.41379
CVE-2022-4922,0.00467,0.37299
CVE-2022-4923,0.00238,0.14754
CVE-2022-4924,0.00535,0.41379
CVE-2022-4925,0.00457,0.36698
CVE-2022-4926,0.00459,0.36845
CVE-2022-4927,0.00485,0.38474
CVE-2022-4928,0.0051,0.3994
CVE-2022-4929,0.0051,0.3994
CVE-2022-4930,0.00522,0.40676
CVE-2022-4931,0.00458,0.36774
CVE-2022-4932,0.00572,0.43355
CVE-2022-4933,0.00604,0.448
CVE-2022-4934,0.01819,0.76221
CVE-2022-4935,0.00723,0.49715
CVE-2022-4936,0.00248,0.16004
CVE-2022-4937,0.00643,0.46593
CVE-2022-4938,0.00248,0.16005
CVE-2022-4939,0.02099,0.79538
CVE-2022-4940,0.01084,0.61346
CVE-2022-4941,0.00321,0.24095
CVE-2022-4942,0.0051,0.39941
CVE-2022-4943,0.00543,0.4182
CVE-2022-4944,0.02666,0.8398
CVE-2022-4945,0.00174,0.07083
CVE-2022-4946,0.00433,0.34984
CVE-2022-4948,0.00535,0.4138
CVE-2022-4949,0.02196,0.80415
CVE-2022-4950,0.01377,0.68874
CVE-2022-4952,0.00718,0.49565
CVE-2022-4953,0.02027,0.78765
CVE-2022-4954,0.00332,0.2526
CVE-2022-4955,0.00296,0.21483
CVE-2022-4956,0.00387,0.30876
CVE-2022-4957,0.00556,0.42502
CVE-2022-4958,0.00432,0.34852
CVE-2022-4959,0.00441,0.35593
CVE-2022-4960,0.00502,0.3944
CVE-2022-4961,0.00549,0.42139
CVE-2022-4962,0.00463,0.37074
CVE-2022-4963,0.00596,0.44391
CVE-2022-4964,0.00279,0.19864
CVE-2022-4965,0.00489,0.38711
CVE-2022-4966,0.00457,0.36683
CVE-2022-4967,0.00468,0.37392
CVE-2022-4968,0.00264,0.17936
CVE-2022-4969,0.00233,0.14181
CVE-2022-4971,0.1544,0.96411
CVE-2022-4972,0.0046,0.36856
CVE-2022-4973,0.00456,0.36658
CVE-2022-4974,0.00424,0.34332
CVE-2022-4975,0.00318,0.23711
CVE-2022-4976,0.00348,0.26949
CVE-2022-4978,0.01561,0.72366
CVE-2022-4979,0.00609,0.45004
CVE-2022-4980,0.00813,0.52742
CVE-2022-4981,0.00255,0.16898
CVE-2022-4982,0.00484,0.38417
CVE-2022-4983,0.00373,0.29417
CVE-2022-4984,0.0044,0.35505
CVE-2022-4985,0.0045,0.36221
CVE-2022-4986,0.00438,0.35362
CVE-2022-4987,0.00122,0.02371
CVE-2022-4988,0.00291,0.20957
CVE-2022-4989,0.00103,0.01197
CVE-2022-4990,0.00096,0.00845
CVE-2022-4991,0.00254,0.16691
CVE-2022-4992,0.0016,0.05601
CVE-2022-50000,0.00194,0.0929
CVE-2022-50001,0.00159,0.05505
CVE-2022-50002,0.00198,0.09786
CVE-2022-50003,0.00159,0.05456
CVE-2022-50004,0.00209,0.11114
CVE-2022-50005,0.00207,0.10812
CVE-2022-50006,0.00202,0.10222
CVE-2022-50007,0.0021,0.11245
CVE-2022-50008,0.00208,0.11002
CVE-2022-50009,0.00157,0.05285
CVE-2022-50010,0.00208,0.11003
CVE-2022-50011,0.002,0.09927
CVE-2022-50012,0.00205,0.10606
CVE-2022-50013,0.00203,0.10322
CVE-2022-50014,0.00145,0.04182
CVE-2022-50015,0.00179,0.0758
CVE-2022-50016,0.00184,0.0814
CVE-2022-50017,0.0016,0.05531
CVE-2022-50019,0.0016,0.05531
CVE-2022-50020,0.00161,0.05671
CVE-2022-50021,0.00168,0.0634
CVE-2022-50022,0.00215,0.11938
CVE-2022-50023,0.00157,0.05264
CVE-2022-50024,0.00157,0.05285
CVE-2022-50025,0.0016,0.05536
CVE-2022-50026,0.00161,0.05688
CVE-2022-50027,0.00157,0.05284
CVE-2022-50028,0.0016,0.05537
CVE-2022-50029,0.0016,0.05537
CVE-2022-50030,0.00185,0.08259
CVE-2022-50032,0.0016,0.0553
CVE-2022-50033,0.00164,0.05989
CVE-2022-50034,0.00163,0.05854
CVE-2022-50035,0.00157,0.05257
CVE-2022-50036,0.00159,0.05459
CVE-2022-50037,0.00184,0.08141
CVE-2022-50038,0.00208,0.11002
CVE-2022-50039,0.00202,0.10222
CVE-2022-50040,0.0023,0.13817
CVE-2022-50041,0.00203,0.10304
CVE-2022-50042,0.00209,0.11114
CVE-2022-50043,0.0016,0.056
CVE-2022-50044,0.00112,0.01648
CVE-2022-50045,0.00122,0.02357
CVE-2022-50046,0.00157,0.05281
CVE-2022-50047,0.00159,0.05457
CVE-2022-50048,0.00157,0.0528
CVE-2022-50049,0.00157,0.05264
CVE-2022-50050,0.00183,0.08048
CVE-2022-50051,0.00183,0.08048
CVE-2022-50052,0.00173,0.06966
CVE-2022-50053,0.0012,0.02184
CVE-2022-50054,0.0014,0.03754
CVE-2022-50055,0.00159,0.05459
CVE-2022-50056,0.00157,0.05282
CVE-2022-50057,0.00157,0.05281
CVE-2022-50058,0.0014,0.03752
CVE-2022-50059,0.00159,0.05456
CVE-2022-50060,0.00157,0.05283
CVE-2022-50061,0.0016,0.05529
CVE-2022-50062,0.00159,0.05458
CVE-2022-50063,0.0014,0.03752
CVE-2022-50064,0.00157,0.05256
CVE-2022-50065,0.00159,0.05458
CVE-2022-50066,0.00169,0.06526
CVE-2022-50067,0.00189,0.08636
CVE-2022-50068,0.002,0.09928
CVE-2022-50069,0.002,0.09927
CVE-2022-50070,0.00216,0.12052
CVE-2022-50071,0.00201,0.1006
CVE-2022-50072,0.00165,0.06042
CVE-2022-50073,0.00159,0.05459
CVE-2022-50074,0.00159,0.05506
CVE-2022-50075,0.00157,0.05265
CVE-2022-50076,0.00157,0.05265
CVE-2022-50077,0.00161,0.0567
CVE-2022-50078,0.002,0.09909
CVE-2022-50079,0.00223,0.12868
CVE-2022-50080,0.00223,0.12816
CVE-2022-50082,0.00159,0.05507
CVE-2022-50084,0.00168,0.06414
CVE-2022-50085,0.0017,0.066
CVE-2022-50086,0.00159,0.05432
CVE-2022-50087,0.00165,0.06042
CVE-2022-50088,0.00157,0.05263
CVE-2022-50089,0.00159,0.05431
CVE-2022-50090,0.00167,0.06324
CVE-2022-50091,0.00208,0.1089
CVE-2022-50092,0.00204,0.1048
CVE-2022-50093,0.00215,0.11949
CVE-2022-50094,0.00218,0.12174
CVE-2022-50095,0.00213,0.1155
CVE-2022-50096,0.00202,0.10194
CVE-2022-50097,0.00168,0.06446
CVE-2022-50098,0.00208,0.1089
CVE-2022-50099,0.00214,0.1171
CVE-2022-50100,0.00208,0.1089
CVE-2022-50101,0.0022,0.1243
CVE-2022-50102,0.0016,0.05536
CVE-2022-50103,0.00163,0.05866
CVE-2022-50104,0.0016,0.05534
CVE-2022-50105,0.00159,0.05505
CVE-2022-50106,0.00163,0.05851
CVE-2022-50107,0.00157,0.05264
CVE-2022-50108,0.00203,0.10323
CVE-2022-50109,0.00208,0.11
CVE-2022-50110,0.00202,0.10192
CVE-2022-50111,0.00202,0.10222
CVE-2022-50112,0.00203,0.10306
CVE-2022-50113,0.002,0.09928
CVE-2022-50114,0.00159,0.05456
CVE-2022-50115,0.00166,0.06136
CVE-2022-50116,0.00122,0.02295
CVE-2022-50117,0.0014,0.03752
CVE-2022-50118,0.00159,0.0546
CVE-2022-50119,0.00159,0.05506
CVE-2022-50120,0.00159,0.05431
CVE-2022-50121,0.00159,0.05431
CVE-2022-50122,0.00203,0.10305
CVE-2022-50123,0.0016,0.05534
CVE-2022-50124,0.0016,0.05536
CVE-2022-50125,0.00159,0.0546
CVE-2022-50126,0.0016,0.05538
CVE-2022-50127,0.00161,0.0567
CVE-2022-50129,0.00163,0.05845
CVE-2022-50130,0.00159,0.05432
CVE-2022-50131,0.00187,0.0843
CVE-2022-50132,0.00159,0.05433
CVE-2022-50133,0.00179,0.07578
CVE-2022-50134,0.00208,0.11001
CVE-2022-50135,0.00179,0.0758
CVE-2022-50136,0.00203,0.10323
CVE-2022-50137,0.00213,0.1155
CVE-2022-50138,0.00208,0.10889
CVE-2022-50139,0.00159,0.05432
CVE-2022-50140,0.0016,0.05535
CVE-2022-50141,0.0016,0.05537
CVE-2022-50142,0.00168,0.06446
CVE-2022-50143,0.0016,0.05533
CVE-2022-50144,0.00159,0.05455
CVE-2022-50145,0.00159,0.05458
CVE-2022-50146,0.00159,0.0543
CVE-2022-50147,0.00163,0.05865
CVE-2022-50148,0.00157,0.05281
CVE-2022-50149,0.00122,0.02357
CVE-2022-50151,0.00166,0.06136
CVE-2022-50152,0.0016,0.05535
CVE-2022-50153,0.0016,0.05535
CVE-2022-50154,0.00159,0.0546
CVE-2022-50155,0.00159,0.0546
CVE-2022-50156,0.00186,0.08351
CVE-2022-50157,0.00159,0.05457
CVE-2022-50158,0.0016,0.0553
CVE-2022-50159,0.0016,0.05597
CVE-2022-50160,0.0016,0.0553
CVE-2022-50161,0.0016,0.05529
CVE-2022-50162,0.0016,0.05529
CVE-2022-50163,0.00211,0.11307
CVE-2022-50164,0.0022,0.1243
CVE-2022-50165,0.00203,0.10322
CVE-2022-50166,0.00151,0.04736
CVE-2022-50167,0.00205,0.10605
CVE-2022-50168,0.00211,0.11306
CVE-2022-50169,0.00214,0.1169
CVE-2022-50170,0.002,0.09908
CVE-2022-50171,0.00131,0.03065
CVE-2022-50172,0.00202,0.10221
CVE-2022-50173,0.00158,0.05349
CVE-2022-50174,0.00153,0.04874
CVE-2022-50175,0.00202,0.10193
CVE-2022-50176,0.00209,0.11111
CVE-2022-50177,0.00202,0.10192
CVE-2022-50178,0.002,0.09908
CVE-2022-50179,0.00214,0.1167
CVE-2022-50181,0.00208,0.10889
CVE-2022-50182,0.00207,0.10807
CVE-2022-50183,0.002,0.09927
CVE-2022-50184,0.00202,0.10223
CVE-2022-50185,0.00238,0.14722
CVE-2022-50186,0.00205,0.10605
CVE-2022-50187,0.00135,0.03384
CVE-2022-50188,0.00202,0.10194
CVE-2022-50189,0.00195,0.09376
CVE-2022-50190,0.00213,0.11553
CVE-2022-50191,0.0021,0.11245
CVE-2022-50192,0.00213,0.11553
CVE-2022-50193,0.002,0.09909
CVE-2022-50194,0.00203,0.10322
CVE-2022-50195,0.00179,0.07578
CVE-2022-50196,0.00202,0.10193
CVE-2022-50197,0.00203,0.10322
CVE-2022-50198,0.00203,0.10305
CVE-2022-50199,0.00203,0.10306
CVE-2022-50200,0.00214,0.1169
CVE-2022-50201,0.00202,0.10193
CVE-2022-50202,0.00208,0.11001
CVE-2022-50203,0.00203,0.10306
CVE-2022-50204,0.00208,0.10889
CVE-2022-50205,0.00208,0.11002
CVE-2022-50206,0.00203,0.10323
CVE-2022-50207,0.00208,0.11002
CVE-2022-50208,0.00188,0.08588
CVE-2022-50209,0.00194,0.09281
CVE-2022-50210,0.00193,0.09149
CVE-2022-50211,0.00204,0.10496
CVE-2022-50212,0.00193,0.0913
CVE-2022-50213,0.00199,0.09844
CVE-2022-50214,0.00193,0.09197
CVE-2022-50215,0.00199,0.0981
CVE-2022-50217,0.00186,0.08361
CVE-2022-50218,0.00194,0.09281
CVE-2022-50219,0.00193,0.09089
CVE-2022-50220,0.00202,0.10276
CVE-2022-50221,0.00182,0.07942
CVE-2022-50222,0.00194,0.09282
CVE-2022-50223,0.00167,0.06242
CVE-2022-50224,0.00171,0.06741
CVE-2022-50225,0.00147,0.04381
CVE-2022-50226,0.00193,0.09191
CVE-2022-50227,0.00166,0.06224
CVE-2022-50228,0.00224,0.13022
CVE-2022-50229,0.00204,0.10473
CVE-2022-50230,0.00171,0.06741
CVE-2022-50231,0.00198,0.09778
CVE-2022-50232,0.00173,0.06898
CVE-2022-50233,0.0013,0.02971
CVE-2022-50234,0.00153,0.04908
CVE-2022-50235,0.0017,0.06636
CVE-2022-50236,0.00143,0.0404
CVE-2022-50237,0.00183,0.08057
CVE-2022-50238,0.00221,0.12615
CVE-2022-50239,0.00148,0.04471
CVE-2022-50240,0.00153,0.04894
CVE-2022-50241,0.0015,0.04593
CVE-2022-50242,0.00149,0.0451
CVE-2022-50243,0.0015,0.04646
CVE-2022-50244,0.00149,0.04516
CVE-2022-50245,0.00156,0.05163
CVE-2022-50246,0.00147,0.04353
CVE-2022-50247,0.00145,0.04182
CVE-2022-50248,0.0015,0.04646
CVE-2022-50249,0.00149,0.04516
CVE-2022-50250,0.00147,0.04352
CVE-2022-50251,0.00149,0.04517
CVE-2022-50252,0.00153,0.04882
CVE-2022-50253,0.00147,0.04345
CVE-2022-50254,0.00128,0.0279
CVE-2022-50255,0.00149,0.04485
CVE-2022-50256,0.00147,0.0434
CVE-2022-50257,0.00149,0.04513
CVE-2022-50258,0.00153,0.0491
CVE-2022-50259,0.00101,0.01097
CVE-2022-50260,0.00143,0.0403
CVE-2022-50261,0.00149,0.04514
CVE-2022-50262,0.00145,0.04144
CVE-2022-50263,0.00143,0.04025
CVE-2022-50264,0.00146,0.04236
CVE-2022-50265,0.00145,0.04208
CVE-2022-50266,0.00143,0.04028
CVE-2022-50267,0.00145,0.04163
CVE-2022-50268,0.00149,0.04514
CVE-2022-50269,0.00145,0.04178
CVE-2022-50270,0.00147,0.04358
CVE-2022-50271,0.00146,0.04224
CVE-2022-50272,0.0015,0.04624
CVE-2022-50273,0.00145,0.04208
CVE-2022-50274,0.0015,0.04647
CVE-2022-50275,0.00145,0.04207
CVE-2022-50276,0.00145,0.04208
CVE-2022-50277,0.00093,0.00721
CVE-2022-50278,0.0015,0.04623
CVE-2022-50279,0.00149,0.04552
CVE-2022-50280,0.0015,0.04623
CVE-2022-50281,0.00145,0.04143
CVE-2022-50282,0.00169,0.06571
CVE-2022-50283,0.00153,0.04902
CVE-2022-50284,0.00143,0.04035
CVE-2022-50285,0.00147,0.04352
CVE-2022-50286,0.00146,0.04227
CVE-2022-50287,0.00143,0.04035
CVE-2022-50288,0.00148,0.04408
CVE-2022-50289,0.00149,0.04509
CVE-2022-50291,0.00146,0.04239
CVE-2022-50292,0.00127,0.0277
CVE-2022-50293,0.00145,0.04162
CVE-2022-50294,0.00145,0.04207
CVE-2022-50295,0.00127,0.02771
CVE-2022-50296,0.00149,0.0449
CVE-2022-50297,0.00149,0.04508
CVE-2022-50298,0.00145,0.04162
CVE-2022-50299,0.00147,0.04351
CVE-2022-50300,0.00148,0.0446
CVE-2022-50301,0.00172,0.06857
CVE-2022-50302,0.00145,0.04144
CVE-2022-50303,0.00151,0.04707
CVE-2022-50304,0.00145,0.0412
CVE-2022-50305,0.00147,0.04361
CVE-2022-50306,0.00147,0.04369
CVE-2022-50307,0.00147,0.04358
CVE-2022-50308,0.00145,0.04144
CVE-2022-50309,0.00149,0.04512
CVE-2022-50310,0.00143,0.03981
CVE-2022-50311,0.00146,0.04234
CVE-2022-50312,0.00149,0.0451
CVE-2022-50313,0.00146,0.04223
CVE-2022-50314,0.00147,0.04344
CVE-2022-50315,0.00153,0.04908
CVE-2022-50316,0.00143,0.04039
CVE-2022-50317,0.00146,0.04228
CVE-2022-50318,0.00146,0.04228
CVE-2022-50319,0.00145,0.04142
CVE-2022-50320,0.00153,0.04843
CVE-2022-50321,0.00146,0.04233
CVE-2022-50322,0.00143,0.04037
CVE-2022-50323,0.00143,0.04026
CVE-2022-50324,0.00149,0.04489
CVE-2022-50325,0.00167,0.0626
CVE-2022-50326,0.00128,0.02787
CVE-2022-50327,0.00146,0.04236
CVE-2022-50328,0.00149,0.04476
CVE-2022-50329,0.00153,0.04858
CVE-2022-50330,0.00146,0.04221
CVE-2022-50331,0.00143,0.04014
CVE-2022-50332,0.00125,0.02602
CVE-2022-50333,0.00152,0.04758
CVE-2022-50334,0.00147,0.04343
CVE-2022-50335,0.00141,0.03821
CVE-2022-50336,0.00145,0.04171
CVE-2022-50337,0.00145,0.04172
CVE-2022-50339,0.00098,0.00926
CVE-2022-50340,0.00145,0.04163
CVE-2022-50341,0.00096,0.00835
CVE-2022-50342,0.00145,0.04142
CVE-2022-50343,0.00149,0.04516
CVE-2022-50344,0.00149,0.04516
CVE-2022-50346,0.00149,0.04517
CVE-2022-50347,0.0015,0.04624
CVE-2022-50348,0.00147,0.0435
CVE-2022-50349,0.00149,0.0451
CVE-2022-50350,0.00103,0.01157
CVE-2022-50351,0.00143,0.04024
CVE-2022-50352,0.00147,0.04351
CVE-2022-50353,0.00185,0.08252
CVE-2022-50354,0.00187,0.08493
CVE-2022-50355,0.0019,0.08784
CVE-2022-50356,0.00191,0.08886
CVE-2022-50357,0.00187,0.08494
CVE-2022-50358,0.00275,0.19425
CVE-2022-50359,0.00196,0.09486
CVE-2022-50360,0.00163,0.05876
CVE-2022-50361,0.00206,0.1066
CVE-2022-50362,0.00184,0.08178
CVE-2022-50363,0.00163,0.05876
CVE-2022-50364,0.00189,0.08705
CVE-2022-50365,0.00196,0.09487
CVE-2022-50366,0.002,0.09956
CVE-2022-50367,0.00206,0.1064
CVE-2022-50368,0.002,0.10016
CVE-2022-50369,0.00184,0.08179
CVE-2022-50370,0.00189,0.08704
CVE-2022-50371,0.00138,0.03603
CVE-2022-50372,0.00168,0.06338
CVE-2022-50373,0.00135,0.03341
CVE-2022-50374,0.00191,0.08886
CVE-2022-50375,0.00146,0.0424
CVE-2022-50376,0.00146,0.04226
CVE-2022-50378,0.00149,0.04476
CVE-2022-50379,0.00101,0.01097
CVE-2022-50380,0.00146,0.04226
CVE-2022-50381,0.0015,0.04623
CVE-2022-50382,0.0011,0.01508
CVE-2022-50383,0.00143,0.0403
CVE-2022-50384,0.00156,0.05195
CVE-2022-50385,0.00146,0.04293
CVE-2022-50386,0.0033,0.25033
CVE-2022-50387,0.00145,0.04166
CVE-2022-50388,0.00145,0.04172
CVE-2022-50389,0.00146,0.04224
CVE-2022-50390,0.00152,0.04751
CVE-2022-50391,0.00143,0.04029
CVE-2022-50392,0.00148,0.04436
CVE-2022-50393,0.00143,0.04028
CVE-2022-50394,0.00152,0.04776
CVE-2022-50395,0.00147,0.04348
CVE-2022-50396,0.00159,0.05425
CVE-2022-50398,0.00128,0.02789
CVE-2022-50399,0.00145,0.04165
CVE-2022-50400,0.00135,0.03343
CVE-2022-50401,0.00153,0.04882
CVE-2022-50402,0.00147,0.04347
CVE-2022-50404,0.0015,0.04591
CVE-2022-50405,0.00153,0.04894
CVE-2022-50406,0.00152,0.04825
CVE-2022-50407,0.0016,0.05528
CVE-2022-50408,0.0015,0.04649
CVE-2022-50409,0.00147,0.04348
CVE-2022-50410,0.0017,0.06636
CVE-2022-50411,0.00152,0.04762
CVE-2022-50412,0.00161,0.05669
CVE-2022-50413,0.00143,0.03995
CVE-2022-50414,0.00149,0.04515
CVE-2022-50415,0.00152,0.04783
CVE-2022-50416,0.00145,0.04162
CVE-2022-50417,0.00149,0.04476
CVE-2022-50418,0.00143,0.04031
CVE-2022-50419,0.00156,0.05196
CVE-2022-50420,0.00146,0.04296
CVE-2022-50421,0.00147,0.04362
CVE-2022-50422,0.0015,0.04648
CVE-2022-50423,0.00153,0.04883
CVE-2022-50424,0.00128,0.02786
CVE-2022-50425,0.00128,0.02789
CVE-2022-50426,0.00143,0.04038
CVE-2022-50427,0.00146,0.04237
CVE-2022-50428,0.00146,0.04297
CVE-2022-50429,0.00145,0.04174
CVE-2022-50430,0.00149,0.04515
CVE-2022-50431,0.00146,0.04221
CVE-2022-50432,0.0015,0.04648
CVE-2022-50433,0.00143,0.03999
CVE-2022-50434,0.00168,0.06423
CVE-2022-50435,0.00149,0.04551
CVE-2022-50436,0.00095,0.00819
CVE-2022-50437,0.00153,0.0491
CVE-2022-50438,0.00145,0.04173
CVE-2022-50439,0.00146,0.04222
CVE-2022-50440,0.00149,0.04512
CVE-2022-50441,0.00143,0.04029
CVE-2022-50442,0.00149,0.04485
CVE-2022-50443,0.00145,0.04169
CVE-2022-50444,0.00149,0.04511
CVE-2022-50445,0.00146,0.04292
CVE-2022-50446,0.00143,0.04031
CVE-2022-50447,0.0015,0.04592
CVE-2022-50448,0.0015,0.04592
CVE-2022-50449,0.00153,0.04896
CVE-2022-50451,0.00151,0.04732
CVE-2022-50452,0.00146,0.04231
CVE-2022-50453,0.00149,0.04551
CVE-2022-50454,0.0015,0.04648
CVE-2022-50456,0.00146,0.04225
CVE-2022-50457,0.00143,0.04025
CVE-2022-50458,0.00149,0.04508
CVE-2022-50459,0.00153,0.04847
CVE-2022-50460,0.00145,0.04161
CVE-2022-50461,0.00143,0.04041
CVE-2022-50462,0.00149,0.04518
CVE-2022-50463,0.00149,0.0451
CVE-2022-50464,0.00143,0.04027
CVE-2022-50465,0.00146,0.04294
CVE-2022-50466,0.00146,0.04295
CVE-2022-50467,0.00143,0.04033
CVE-2022-50468,0.00145,0.04163
CVE-2022-50469,0.00145,0.04161
CVE-2022-50470,0.00158,0.05347
CVE-2022-50471,0.00148,0.04436
CVE-2022-50472,0.00146,0.04296
CVE-2022-50473,0.00146,0.04235
CVE-2022-50474,0.00152,0.04784
CVE-2022-50475,0.00145,0.04179
CVE-2022-50476,0.00149,0.04489
CVE-2022-50477,0.00143,0.04013
CVE-2022-50478,0.00155,0.05073
CVE-2022-50479,0.00128,0.02791
CVE-2022-50480,0.00146,0.04239
CVE-2022-50481,0.00149,0.04512
CVE-2022-50482,0.0015,0.04606
CVE-2022-50483,0.00154,0.04946
CVE-2022-50484,0.00149,0.04508
CVE-2022-50485,0.00158,0.05362
CVE-2022-50486,0.00152,0.04763
CVE-2022-50488,0.00153,0.04868
CVE-2022-50489,0.0015,0.04625
CVE-2022-50490,0.00149,0.04483
CVE-2022-50491,0.00145,0.04163
CVE-2022-50492,0.00143,0.03997
CVE-2022-50493,0.00145,0.04179
CVE-2022-50494,0.0015,0.04625
CVE-2022-50496,0.00157,0.05311
CVE-2022-50497,0.00152,0.04776
CVE-2022-50498,0.00145,0.04168
CVE-2022-50499,0.00153,0.04882
CVE-2022-50500,0.00129,0.02895
CVE-2022-50501,0.00149,0.04517
CVE-2022-50503,0.00152,0.04783
CVE-2022-50504,0.00149,0.04511
CVE-2022-50505,0.0015,0.04606
CVE-2022-50506,0.00128,0.02789
CVE-2022-50507,0.00149,0.04477
CVE-2022-50508,0.00139,0.03674
CVE-2022-50509,0.0015,0.04625
CVE-2022-50510,0.00147,0.04349
CVE-2022-50511,0.00147,0.0435
CVE-2022-50512,0.00146,0.04293
CVE-2022-50513,0.00147,0.04352
CVE-2022-50514,0.00147,0.04348
CVE-2022-50515,0.00146,0.04294
CVE-2022-50516,0.00155,0.05114
CVE-2022-50517,0.00129,0.02896
CVE-2022-50518,0.00128,0.02796
CVE-2022-50519,0.0015,0.04624
CVE-2022-50520,0.00153,0.04894
CVE-2022-50521,0.00147,0.04352
CVE-2022-50522,0.00149,0.04487
CVE-2022-50523,0.0015,0.04625
CVE-2022-50524,0.00145,0.04118
CVE-2022-50525,0.0015,0.04622
CVE-2022-50526,0.00144,0.04094
CVE-2022-50527,0.00145,0.04119
CVE-2022-50528,0.00146,0.04292
CVE-2022-50529,0.00147,0.04343
CVE-2022-50530,0.00129,0.02895
CVE-2022-50531,0.00147,0.04342
CVE-2022-50532,0.00147,0.04343
CVE-2022-50533,0.00145,0.04119
CVE-2022-50534,0.0015,0.04626
CVE-2022-50535,0.00147,0.04342
CVE-2022-50536,0.00158,0.05339
CVE-2022-50537,0.00146,0.04222
CVE-2022-50538,0.00149,0.04489
CVE-2022-50539,0.00143,0.04033
CVE-2022-50540,0.00143,0.04033
CVE-2022-50541,0.00145,0.04173
CVE-2022-50542,0.00152,0.04761
CVE-2022-50543,0.00151,0.04708
CVE-2022-50544,0.0015,0.04622
CVE-2022-50545,0.00196,0.09486
CVE-2022-50546,0.00202,0.10214
CVE-2022-50547,0.0019,0.08858
CVE-2022-50548,0.00184,0.08125
CVE-2022-50549,0.00141,0.03865
CVE-2022-50550,0.00184,0.08125
CVE-2022-50551,0.00205,0.10618
CVE-2022-50552,0.00195,0.09429
CVE-2022-50553,0.00192,0.08985
CVE-2022-50554,0.00189,0.08645
CVE-2022-50555,0.00192,0.08985
CVE-2022-50556,0.00195,0.09368
CVE-2022-50557,0.00193,0.09128
CVE-2022-50558,0.00193,0.09129
CVE-2022-50559,0.00195,0.09369
CVE-2022-50560,0.00195,0.09369
CVE-2022-50561,0.00195,0.0937
CVE-2022-50562,0.00195,0.09368
CVE-2022-50563,0.00229,0.13616
CVE-2022-50564,0.00227,0.13348
CVE-2022-50565,0.00193,0.09127
CVE-2022-50566,0.00229,0.13616
CVE-2022-50567,0.00227,0.13348
CVE-2022-50568,0.002,0.1003
CVE-2022-50569,0.00227,0.13348
CVE-2022-50570,0.002,0.1003
CVE-2022-50571,0.00181,0.07809
CVE-2022-50572,0.002,0.10031
CVE-2022-50573,0.00181,0.07809
CVE-2022-50574,0.002,0.1003
CVE-2022-50575,0.002,0.10029
CVE-2022-50576,0.00227,0.13347
CVE-2022-50577,0.00193,0.09129
CVE-2022-50578,0.00221,0.12585
CVE-2022-50579,0.00197,0.0956
CVE-2022-50580,0.00195,0.09367
CVE-2022-50581,0.00237,0.14611
CVE-2022-50582,0.00195,0.09367
CVE-2022-50583,0.00172,0.06863
CVE-2022-50584,0.00383,0.3041
CVE-2022-50585,0.00405,0.32631
CVE-2022-50586,0.00405,0.32631
CVE-2022-50587,0.00405,0.32631
CVE-2022-50588,0.00405,0.3263
CVE-2022-50589,0.00629,0.45934
CVE-2022-50590,0.00354,0.27606
CVE-2022-50591,0.00502,0.3946
CVE-2022-50592,0.00638,0.46354
CVE-2022-50593,0.00695,0.48705
CVE-2022-50594,0.00463,0.37072
CVE-2022-50595,0.00638,0.46354
CVE-2022-50596,0.04115,0.89605
CVE-2022-50614,0.00174,0.07093
CVE-2022-50615,0.00174,0.07094
CVE-2022-50616,0.00172,0.06838
CVE-2022-50617,0.00174,0.07094
CVE-2022-50618,0.00179,0.07616
CVE-2022-50619,0.00172,0.06861
CVE-2022-50620,0.00174,0.07092
CVE-2022-50621,0.00165,0.06043
CVE-2022-50622,0.00174,0.07097
CVE-2022-50623,0.00174,0.07094
CVE-2022-50624,0.00179,0.07617
CVE-2022-50625,0.00207,0.10813
CVE-2022-50626,0.00203,0.10312
CVE-2022-50627,0.00172,0.06863
CVE-2022-50628,0.00172,0.06861
CVE-2022-50629,0.00183,0.08053
CVE-2022-50630,0.00174,0.07093
CVE-2022-50631,0.00172,0.06862
CVE-2022-50632,0.00172,0.06862
CVE-2022-50633,0.00174,0.07093
CVE-2022-50634,0.00172,0.06862
CVE-2022-50635,0.00178,0.0749
CVE-2022-50636,0.00184,0.08107
CVE-2022-50637,0.00174,0.07095
CVE-2022-50638,0.00213,0.1157
CVE-2022-50639,0.00172,0.06861
CVE-2022-50640,0.00184,0.08108
CVE-2022-50641,0.00207,0.10814
CVE-2022-50642,0.00174,0.07096
CVE-2022-50643,0.00174,0.07097
CVE-2022-50644,0.00207,0.10814
CVE-2022-50645,0.00179,0.07614
CVE-2022-50646,0.00179,0.07613
CVE-2022-50647,0.00179,0.07613
CVE-2022-50648,0.00162,0.05722
CVE-2022-50649,0.00183,0.08053
CVE-2022-50650,0.00188,0.08546
CVE-2022-50651,0.00172,0.06861
CVE-2022-50652,0.00203,0.10312
CVE-2022-50653,0.00179,0.07614
CVE-2022-50654,0.00172,0.06865
CVE-2022-50655,0.00183,0.08053
CVE-2022-50656,0.00203,0.10312
CVE-2022-50657,0.00197,0.096
CVE-2022-50658,0.00214,0.11678
CVE-2022-50659,0.00242,0.15234
CVE-2022-50660,0.00219,0.12323
CVE-2022-50661,0.00214,0.11679
CVE-2022-50662,0.00208,0.10929
CVE-2022-50663,0.00208,0.10928
CVE-2022-50664,0.00248,0.16051
CVE-2022-50665,0.00206,0.10647
CVE-2022-50666,0.00214,0.11678
CVE-2022-50667,0.00208,0.10927
CVE-2022-50668,0.0022,0.12422
CVE-2022-50669,0.0022,0.12422
CVE-2022-50670,0.00214,0.11694
CVE-2022-50671,0.00248,0.16052
CVE-2022-50672,0.00214,0.11694
CVE-2022-50673,0.0022,0.12421
CVE-2022-50674,0.00206,0.10647
CVE-2022-50675,0.00211,0.11397
CVE-2022-50676,0.00248,0.16051
CVE-2022-50677,0.0022,0.12421
CVE-2022-50678,0.00225,0.13078
CVE-2022-50679,0.00214,0.1168
CVE-2022-50680,0.0017,0.0667
CVE-2022-50681,0.00183,0.08015
CVE-2022-50682,0.00175,0.07132
CVE-2022-50683,0.00138,0.03594
CVE-2022-50684,0.00165,0.06025
CVE-2022-50685,0.00138,0.03597
CVE-2022-50686,0.00259,0.17301
CVE-2022-50687,0.00185,0.0824
CVE-2022-50688,0.00125,0.02614
CVE-2022-50689,0.00177,0.07438
CVE-2022-50690,0.00112,0.01615
CVE-2022-50691,0.01261,0.66204
CVE-2022-50692,0.00502,0.39486
CVE-2022-50693,0.00167,0.06327
CVE-2022-50694,0.00815,0.52803
CVE-2022-50695,0.0074,0.50342
CVE-2022-50696,0.00512,0.40061
CVE-2022-50697,0.00196,0.09453
CVE-2022-50698,0.00168,0.06477
CVE-2022-50699,0.00168,0.06476
CVE-2022-50700,0.00167,0.06236
CVE-2022-50701,0.00167,0.06235
CVE-2022-50702,0.00168,0.06476
CVE-2022-50703,0.00196,0.09454
CVE-2022-50704,0.0017,0.06635
CVE-2022-50705,0.00167,0.06237
CVE-2022-50706,0.00173,0.06949
CVE-2022-50707,0.00168,0.06469
CVE-2022-50708,0.00167,0.06237
CVE-2022-50709,0.00181,0.07831
CVE-2022-50710,0.00168,0.06476
CVE-2022-50711,0.00156,0.05176
CVE-2022-50712,0.00198,0.09746
CVE-2022-50713,0.00198,0.09749
CVE-2022-50714,0.00203,0.10379
CVE-2022-50715,0.00239,0.14902
CVE-2022-50716,0.00239,0.14905
CVE-2022-50717,0.00211,0.11414
CVE-2022-50718,0.002,0.09974
CVE-2022-50719,0.00258,0.17247
CVE-2022-50720,0.00203,0.10378
CVE-2022-50721,0.00198,0.09748
CVE-2022-50722,0.00203,0.10378
CVE-2022-50723,0.00189,0.08729
CVE-2022-50724,0.00221,0.1266
CVE-2022-50725,0.002,0.09976
CVE-2022-50726,0.002,0.09976
CVE-2022-50727,0.00206,0.10637
CVE-2022-50728,0.00239,0.14904
CVE-2022-50729,0.002,0.09977
CVE-2022-50730,0.00206,0.10637
CVE-2022-50731,0.00211,0.11413
CVE-2022-50732,0.00233,0.1409
CVE-2022-50733,0.00239,0.14905
CVE-2022-50734,0.002,0.09978
CVE-2022-50735,0.00206,0.10638
CVE-2022-50736,0.00206,0.10661
CVE-2022-50737,0.002,0.09977
CVE-2022-50738,0.00198,0.09745
CVE-2022-50739,0.002,0.09973
CVE-2022-50740,0.00239,0.14902
CVE-2022-50741,0.002,0.09974
CVE-2022-50742,0.00211,0.11414
CVE-2022-50743,0.00198,0.09748
CVE-2022-50744,0.00206,0.10636
CVE-2022-50745,0.002,0.09975
CVE-2022-50746,0.00203,0.10379
CVE-2022-50747,0.00239,0.14906
CVE-2022-50748,0.00198,0.09745
CVE-2022-50749,0.00239,0.14905
CVE-2022-50750,0.00211,0.11414
CVE-2022-50751,0.00211,0.11415
CVE-2022-50752,0.002,0.09974
CVE-2022-50753,0.00206,0.10662
CVE-2022-50754,0.00216,0.12046
CVE-2022-50755,0.00239,0.14905
CVE-2022-50756,0.00206,0.10635
CVE-2022-50757,0.00216,0.12046
CVE-2022-50758,0.00215,0.11881
CVE-2022-50759,0.00207,0.10773
CVE-2022-50760,0.00243,0.15394
CVE-2022-50761,0.00243,0.15394
CVE-2022-50762,0.00209,0.11083
CVE-2022-50763,0.00209,0.11083
CVE-2022-50764,0.00209,0.11084
CVE-2022-50765,0.00198,0.09748
CVE-2022-50766,0.002,0.09976
CVE-2022-50767,0.00211,0.11299
CVE-2022-50768,0.00198,0.09747
CVE-2022-50769,0.00233,0.1409
CVE-2022-50770,0.00211,0.11414
CVE-2022-50771,0.00206,0.10662
CVE-2022-50772,0.00195,0.09331
CVE-2022-50773,0.00239,0.14901
CVE-2022-50774,0.00209,0.11082
CVE-2022-50775,0.00207,0.10773
CVE-2022-50776,0.00243,0.15394
CVE-2022-50777,0.0022,0.12457
CVE-2022-50778,0.00199,0.09815
CVE-2022-50779,0.00244,0.15485
CVE-2022-50780,0.0018,0.07776
CVE-2022-50781,0.0018,0.07776
CVE-2022-50782,0.0019,0.08778
CVE-2022-50783,0.00209,0.11083
CVE-2022-50784,0.00155,0.0503
CVE-2022-50785,0.00155,0.0506
CVE-2022-50786,0.00173,0.06933
CVE-2022-50787,0.00393,0.31457
CVE-2022-50788,0.00741,0.5037
CVE-2022-50789,0.03744,0.88595
CVE-2022-50790,0.00726,0.49844
CVE-2022-50791,0.03353,0.8729
CVE-2022-50792,0.01349,0.68221
CVE-2022-50793,0.02789,0.84756
CVE-2022-50794,0.03264,0.8694
CVE-2022-50795,0.03713,0.88493
CVE-2022-50796,0.01442,0.70157
CVE-2022-50797,0.00391,0.31213
CVE-2022-50799,0.00358,0.27907
CVE-2022-50800,0.00315,0.23461
CVE-2022-50801,0.00223,0.12879
CVE-2022-50802,0.00297,0.21522
CVE-2022-50803,0.00364,0.2858
CVE-2022-50804,0.00219,0.12373
CVE-2022-50805,0.00307,0.22548
CVE-2022-50806,0.01088,0.61439
CVE-2022-50808,0.00132,0.03116
CVE-2022-50809,0.00206,0.10636
CVE-2022-50810,0.00233,0.1409
CVE-2022-50811,0.00198,0.09723
CVE-2022-50812,0.00201,0.10041
CVE-2022-50813,0.00233,0.1409
CVE-2022-50814,0.00206,0.10635
CVE-2022-50815,0.00198,0.0979
CVE-2022-50816,0.00211,0.11413
CVE-2022-50817,0.002,0.09977
CVE-2022-50818,0.00203,0.10379
CVE-2022-50819,0.00201,0.10067
CVE-2022-50820,0.002,0.09976
CVE-2022-50821,0.00215,0.11881
CVE-2022-50822,0.002,0.0994
CVE-2022-50823,0.00233,0.14091
CVE-2022-50824,0.00216,0.12045
CVE-2022-50825,0.00222,0.12782
CVE-2022-50826,0.00206,0.10637
CVE-2022-50827,0.00198,0.09746
CVE-2022-50828,0.00206,0.10749
CVE-2022-50829,0.00239,0.14904
CVE-2022-50830,0.00206,0.10638
CVE-2022-50832,0.00211,0.11416
CVE-2022-50833,0.00198,0.09747
CVE-2022-50834,0.00216,0.12046
CVE-2022-50835,0.00201,0.10067
CVE-2022-50836,0.00211,0.11416
CVE-2022-50837,0.002,0.09975
CVE-2022-50838,0.00239,0.14904
CVE-2022-50839,0.00206,0.10734
CVE-2022-50840,0.00239,0.14902
CVE-2022-50841,0.00217,0.12099
CVE-2022-50842,0.00201,0.10067
CVE-2022-50843,0.00206,0.10662
CVE-2022-50844,0.00201,0.10068
CVE-2022-50845,0.00211,0.11405
CVE-2022-50846,0.00239,0.14903
CVE-2022-50847,0.00198,0.09746
CVE-2022-50848,0.00239,0.14902
CVE-2022-50849,0.00195,0.09391
CVE-2022-50850,0.00195,0.0939
CVE-2022-50851,0.00198,0.09724
CVE-2022-50852,0.00155,0.05124
CVE-2022-50853,0.00168,0.0638
CVE-2022-50854,0.00166,0.06168
CVE-2022-50855,0.00198,0.09747
CVE-2022-50856,0.00168,0.0638
CVE-2022-50857,0.00204,0.10436
CVE-2022-50858,0.00206,0.10661
CVE-2022-50859,0.00206,0.10662
CVE-2022-50860,0.00206,0.10637
CVE-2022-50861,0.002,0.09975
CVE-2022-50862,0.00155,0.05125
CVE-2022-50863,0.00166,0.06214
CVE-2022-50864,0.00168,0.0647
CVE-2022-50865,0.00168,0.06391
CVE-2022-50866,0.00195,0.0939
CVE-2022-50867,0.00156,0.05175
CVE-2022-50868,0.00204,0.10437
CVE-2022-50869,0.00168,0.0644
CVE-2022-50870,0.00177,0.07421
CVE-2022-50871,0.00166,0.06213
CVE-2022-50872,0.00177,0.07364
CVE-2022-50873,0.00166,0.06171
CVE-2022-50874,0.00166,0.06172
CVE-2022-50875,0.00173,0.0689
CVE-2022-50876,0.00196,0.09453
CVE-2022-50877,0.00166,0.0616
CVE-2022-50878,0.00168,0.0647
CVE-2022-50879,0.00173,0.06946
CVE-2022-50880,0.00195,0.09389
CVE-2022-50881,0.00168,0.06476
CVE-2022-50882,0.00168,0.0639
CVE-2022-50883,0.00167,0.06237
CVE-2022-50884,0.00196,0.09453
CVE-2022-50885,0.00177,0.07364
CVE-2022-50886,0.00195,0.09389
CVE-2022-50887,0.00199,0.09873
CVE-2022-50888,0.00168,0.06384
CVE-2022-50889,0.00176,0.07313
CVE-2022-50890,0.00932,0.56554
CVE-2022-50891,0.00244,0.155
CVE-2022-50892,0.006,0.44606
CVE-2022-50893,0.00831,0.5333
CVE-2022-50894,0.00417,0.33691
CVE-2022-50895,0.00554,0.42402
CVE-2022-50896,0.00327,0.24707
CVE-2022-50897,0.00471,0.37597
CVE-2022-50898,0.01112,0.62168
CVE-2022-50899,0.00463,0.37117
CVE-2022-50900,0.00202,0.10219
CVE-2022-50901,0.00226,0.13276
CVE-2022-50902,0.0015,0.04627
CVE-2022-50903,0.00226,0.13276
CVE-2022-50904,0.00132,0.03116
CVE-2022-50905,0.00574,0.43424
CVE-2022-50906,0.00353,0.27409
CVE-2022-50907,0.01049,0.60264
CVE-2022-50908,0.00247,0.15916
CVE-2022-50909,0.021,0.79544
CVE-2022-50910,0.0065,0.46906
CVE-2022-50912,0.00983,0.5821
CVE-2022-50913,0.00132,0.03115
CVE-2022-50914,0.00179,0.0763
CVE-2022-50915,0.00193,0.0909
CVE-2022-50916,0.00804,0.52475
CVE-2022-50917,0.00193,0.0909
CVE-2022-50918,0.00169,0.06556
CVE-2022-50919,0.0119,0.64324
CVE-2022-50920,0.00132,0.03116
CVE-2022-50921,0.00185,0.0824
CVE-2022-50922,0.00792,0.52051
CVE-2022-50923,0.00195,0.0934
CVE-2022-50924,0.00182,0.0795
CVE-2022-50925,0.00336,0.25666
CVE-2022-50926,0.00476,0.37893
CVE-2022-50927,0.00136,0.03414
CVE-2022-50928,0.00185,0.0824
CVE-2022-50929,0.00167,0.06327
CVE-2022-50930,0.00133,0.03214
CVE-2022-50931,0.00194,0.09296
CVE-2022-50932,0.03534,0.87905
CVE-2022-50933,0.00172,0.0682
CVE-2022-50935,0.00356,0.27749
CVE-2022-50936,0.00785,0.51837
CVE-2022-50937,0.00262,0.17709
CVE-2022-50938,0.00167,0.06301
CVE-2022-50939,0.01087,0.61404
CVE-2022-50940,0.00301,0.21961
CVE-2022-50941,0.00301,0.21961
CVE-2022-50942,0.00256,0.17013
CVE-2022-50943,0.00331,0.25171
CVE-2022-50944,0.00347,0.26861
CVE-2022-50945,0.00217,0.1213
CVE-2022-50946,0.00187,0.08458
CVE-2022-50947,0.00197,0.09658
CVE-2022-50948,0.00191,0.08889
CVE-2022-50949,0.00191,0.08888
CVE-2022-50950,0.00875,0.54771
CVE-2022-50951,0.00305,0.22399
CVE-2022-50952,0.00243,0.15335
CVE-2022-50953,0.00342,0.26289
CVE-2022-50954,0.00385,0.30675
CVE-2022-50955,0.0013,0.03011
CVE-2022-50956,0.00152,0.04786
CVE-2022-50957,0.00244,0.1553
CVE-2022-50958,0.00204,0.10453
CVE-2022-50959,0.00208,0.1097
CVE-2022-50960,0.00187,0.08512
CVE-2022-50961,0.00191,0.0889
CVE-2022-50962,0.00252,0.16464
CVE-2022-50963,0.00247,0.15865
CVE-2022-50964,0.00252,0.16466
CVE-2022-50965,0.00252,0.16466
CVE-2022-50966,0.00252,0.16466
CVE-2022-50967,0.00252,0.16465
CVE-2022-50968,0.00252,0.16465
CVE-2022-50969,0.00252,0.16465
CVE-2022-50970,0.00172,0.06867
CVE-2022-50971,0.00205,0.10579
CVE-2022-50972,0.00629,0.45943
CVE-2022-50973,0.0086,0.54272
CVE-2022-50975,0.00226,0.13307
CVE-2022-50976,0.00138,0.03619
CVE-2022-50977,0.00441,0.35607
CVE-2022-50978,0.0045,0.36237
CVE-2022-50979,0.00211,0.11395
CVE-2022-50980,0.00208,0.10938
CVE-2022-50981,0.00527,0.40949
CVE-2022-50992,0.00705,0.49064
CVE-2022-50993,0.00774,0.51485
CVE-2022-50994,0.01432,0.69956
