#model_version:v2026.06.15,score_date:2026-09-14T12:00:22Z
cve,epss,percentile
CVE-2011-0001,0.05108,0.91891
CVE-2011-0002,0.0379,0.8937
CVE-2011-0003,0.02364,0.82845
CVE-2011-0004,0.01562,0.73859
CVE-2011-0005,0.01774,0.76927
CVE-2011-0006,0.0034,0.27205
CVE-2011-0007,0.00342,0.27347
CVE-2011-0008,0.00333,0.26284
CVE-2011-0009,0.01879,0.78259
CVE-2011-0010,0.00496,0.41066
CVE-2011-0011,0.01305,0.68915
CVE-2011-0012,0.00332,0.26227
CVE-2011-0013,0.10009,0.95341
CVE-2011-0014,0.09854,0.95287
CVE-2011-0015,0.03105,0.87034
CVE-2011-0016,0.00402,0.33722
CVE-2011-0017,0.00379,0.31304
CVE-2011-0018,0.09266,0.95068
CVE-2011-0019,0.01422,0.71391
CVE-2011-0020,0.18944,0.97136
CVE-2011-0021,0.05827,0.92732
CVE-2011-0022,0.00294,0.21876
CVE-2011-0024,0.04958,0.91688
CVE-2011-0025,0.02578,0.84335
CVE-2011-0026,0.34399,0.98318
CVE-2011-0027,0.54372,0.98948
CVE-2011-0028,0.23596,0.97672
CVE-2011-0029,0.0716,0.93923
CVE-2011-0030,0.01764,0.76785
CVE-2011-0031,0.17026,0.96894
CVE-2011-0032,0.10391,0.95461
CVE-2011-0033,0.20731,0.97394
CVE-2011-0034,0.27925,0.97986
CVE-2011-0035,0.19535,0.97223
CVE-2011-0036,0.19535,0.97223
CVE-2011-0037,0.01781,0.77014
CVE-2011-0038,0.11153,0.95692
CVE-2011-0039,0.01924,0.7879
CVE-2011-0040,0.2276,0.97597
CVE-2011-0041,0.28157,0.97998
CVE-2011-0042,0.33276,0.98271
CVE-2011-0043,0.01573,0.7402
CVE-2011-0045,0.03796,0.89388
CVE-2011-0046,0.01136,0.6471
CVE-2011-0047,0.02346,0.82708
CVE-2011-0048,0.01785,0.77064
CVE-2011-0049,0.95388,0.99865
CVE-2011-0050,0.02658,0.8484
CVE-2011-0051,0.01823,0.77564
CVE-2011-0053,0.05787,0.92672
CVE-2011-0054,0.04554,0.91058
CVE-2011-0055,0.072,0.93952
CVE-2011-0056,0.04554,0.91058
CVE-2011-0057,0.0472,0.91316
CVE-2011-0058,0.05497,0.92329
CVE-2011-0059,0.00967,0.59874
CVE-2011-0061,0.04698,0.91286
CVE-2011-0062,0.03849,0.89543
CVE-2011-0063,0.85451,0.99707
CVE-2011-0064,0.03333,0.87939
CVE-2011-0065,0.73835,0.99448
CVE-2011-0066,0.0478,0.91411
CVE-2011-0067,0.02193,0.81459
CVE-2011-0069,0.06914,0.93715
CVE-2011-0070,0.06914,0.93714
CVE-2011-0071,0.02818,0.85773
CVE-2011-0072,0.05302,0.92123
CVE-2011-0073,0.70213,0.99342
CVE-2011-0074,0.05302,0.92124
CVE-2011-0075,0.05302,0.92123
CVE-2011-0076,0.01779,0.76992
CVE-2011-0077,0.05302,0.92123
CVE-2011-0078,0.05302,0.92123
CVE-2011-0079,0.06597,0.93458
CVE-2011-0080,0.05503,0.92337
CVE-2011-0081,0.05118,0.91903
CVE-2011-0082,0.01502,0.72864
CVE-2011-0083,0.05772,0.92659
CVE-2011-0084,0.04805,0.91445
CVE-2011-0085,0.05572,0.92422
CVE-2011-0086,0.01676,0.7557
CVE-2011-0087,0.01831,0.77663
CVE-2011-0088,0.01831,0.77663
CVE-2011-0089,0.01676,0.7557
CVE-2011-0090,0.02078,0.80436
CVE-2011-0091,0.05486,0.9232
CVE-2011-0092,0.24225,0.97724
CVE-2011-0093,0.19535,0.97223
CVE-2011-0094,0.21905,0.97509
CVE-2011-0096,0.46819,0.98757
CVE-2011-0097,0.38221,0.98476
CVE-2011-0098,0.30499,0.98132
CVE-2011-0101,0.29971,0.98104
CVE-2011-0103,0.25459,0.97827
CVE-2011-0104,0.53431,0.98925
CVE-2011-0105,0.70166,0.99341
CVE-2011-0107,0.1111,0.95682
CVE-2011-0111,0.02631,0.8467
CVE-2011-0112,0.02631,0.8467
CVE-2011-0113,0.02631,0.84674
CVE-2011-0114,0.02631,0.84671
CVE-2011-0115,0.03181,0.87343
CVE-2011-0116,0.03181,0.87342
CVE-2011-0117,0.02631,0.8467
CVE-2011-0118,0.02631,0.84676
CVE-2011-0119,0.02631,0.84674
CVE-2011-0120,0.02631,0.84673
CVE-2011-0121,0.02631,0.84673
CVE-2011-0122,0.02631,0.84672
CVE-2011-0123,0.02631,0.84672
CVE-2011-0124,0.02631,0.84671
CVE-2011-0125,0.02631,0.84679
CVE-2011-0126,0.02631,0.84679
CVE-2011-0127,0.02631,0.8467
CVE-2011-0128,0.02631,0.84669
CVE-2011-0129,0.02631,0.84674
CVE-2011-0130,0.02631,0.84676
CVE-2011-0131,0.02631,0.84677
CVE-2011-0132,0.03181,0.87343
CVE-2011-0133,0.03181,0.87343
CVE-2011-0134,0.02631,0.84675
CVE-2011-0135,0.02631,0.84678
CVE-2011-0136,0.02631,0.84677
CVE-2011-0137,0.02631,0.84675
CVE-2011-0138,0.02631,0.84675
CVE-2011-0139,0.02341,0.8267
CVE-2011-0140,0.02631,0.84671
CVE-2011-0141,0.02631,0.84678
CVE-2011-0142,0.02631,0.84669
CVE-2011-0143,0.02631,0.84675
CVE-2011-0144,0.02631,0.84678
CVE-2011-0145,0.02631,0.84674
CVE-2011-0146,0.02631,0.84678
CVE-2011-0147,0.02631,0.84679
CVE-2011-0148,0.02631,0.84672
CVE-2011-0149,0.03181,0.87343
CVE-2011-0150,0.02631,0.84671
CVE-2011-0151,0.02631,0.84673
CVE-2011-0152,0.02707,0.85135
CVE-2011-0153,0.02631,0.84672
CVE-2011-0154,0.02675,0.84958
CVE-2011-0155,0.02707,0.85135
CVE-2011-0156,0.02631,0.84679
CVE-2011-0157,0.01851,0.77928
CVE-2011-0158,0.0125,0.67713
CVE-2011-0159,0.01717,0.76153
CVE-2011-0160,0.01549,0.73659
CVE-2011-0161,0.01655,0.75246
CVE-2011-0162,0.02889,0.86121
CVE-2011-0163,0.01592,0.74305
CVE-2011-0164,0.02654,0.84817
CVE-2011-0165,0.02341,0.82669
CVE-2011-0166,0.02063,0.80286
CVE-2011-0167,0.03344,0.87979
CVE-2011-0168,0.02631,0.84676
CVE-2011-0169,0.01478,0.7243
CVE-2011-0170,0.04756,0.91376
CVE-2011-0172,0.0053,0.43217
CVE-2011-0173,0.01762,0.76761
CVE-2011-0174,0.02158,0.81174
CVE-2011-0175,0.0284,0.85889
CVE-2011-0176,0.0284,0.85887
CVE-2011-0177,0.0284,0.85888
CVE-2011-0178,0.00333,0.26301
CVE-2011-0179,0.02449,0.83463
CVE-2011-0180,0.00682,0.50525
CVE-2011-0181,0.02842,0.85898
CVE-2011-0182,0.01691,0.75792
CVE-2011-0183,0.01927,0.7882
CVE-2011-0184,0.02929,0.86309
CVE-2011-0185,0.00329,0.2585
CVE-2011-0186,0.02606,0.84517
CVE-2011-0187,0.02033,0.79982
CVE-2011-0188,0.03025,0.86721
CVE-2011-0189,0.00981,0.60308
CVE-2011-0190,0.01283,0.68441
CVE-2011-0191,0.06722,0.93556
CVE-2011-0192,0.07474,0.9412
CVE-2011-0193,0.0284,0.85888
CVE-2011-0194,0.025,0.838
CVE-2011-0195,0.01027,0.61696
CVE-2011-0196,0.01736,0.76396
CVE-2011-0197,0.00347,0.27972
CVE-2011-0198,0.03773,0.89324
CVE-2011-0199,0.00754,0.53094
CVE-2011-0200,0.03903,0.89683
CVE-2011-0201,0.0255,0.84151
CVE-2011-0202,0.02171,0.81275
CVE-2011-0203,0.02044,0.80094
CVE-2011-0204,0.03866,0.89593
CVE-2011-0205,0.03773,0.89324
CVE-2011-0206,0.03093,0.86991
CVE-2011-0207,0.01877,0.78244
CVE-2011-0208,0.02924,0.86286
CVE-2011-0209,0.02924,0.86287
CVE-2011-0210,0.02895,0.86157
CVE-2011-0211,0.02924,0.86287
CVE-2011-0212,0.0235,0.82743
CVE-2011-0213,0.0332,0.87896
CVE-2011-0214,0.00721,0.51975
CVE-2011-0215,0.0448,0.90912
CVE-2011-0216,0.04994,0.91737
CVE-2011-0217,0.00968,0.59889
CVE-2011-0218,0.03923,0.89756
CVE-2011-0219,0.01611,0.7458
CVE-2011-0220,0.00257,0.17438
CVE-2011-0221,0.03923,0.89756
CVE-2011-0222,0.21639,0.97486
CVE-2011-0223,0.03564,0.88691
CVE-2011-0224,0.02895,0.86158
CVE-2011-0225,0.03923,0.89753
CVE-2011-0226,0.06646,0.9349
CVE-2011-0227,0.00315,0.24296
CVE-2011-0228,0.06335,0.93233
CVE-2011-0229,0.02171,0.81275
CVE-2011-0230,0.03764,0.89294
CVE-2011-0231,0.014,0.70987
CVE-2011-0232,0.03923,0.89753
CVE-2011-0233,0.03923,0.89755
CVE-2011-0234,0.03923,0.89754
CVE-2011-0235,0.03923,0.89755
CVE-2011-0237,0.03564,0.88691
CVE-2011-0238,0.03923,0.89755
CVE-2011-0240,0.03564,0.88691
CVE-2011-0241,0.06532,0.93401
CVE-2011-0242,0.01693,0.75816
CVE-2011-0244,0.0148,0.72463
CVE-2011-0245,0.0418,0.90347
CVE-2011-0246,0.0418,0.90347
CVE-2011-0247,0.04982,0.9172
CVE-2011-0248,0.0302,0.86696
CVE-2011-0249,0.05084,0.91864
CVE-2011-0250,0.05084,0.91863
CVE-2011-0251,0.05084,0.91864
CVE-2011-0252,0.05084,0.91864
CVE-2011-0253,0.03564,0.8869
CVE-2011-0254,0.03923,0.89753
CVE-2011-0255,0.03923,0.89754
CVE-2011-0256,0.03682,0.89053
CVE-2011-0257,0.60106,0.99082
CVE-2011-0258,0.04783,0.91416
CVE-2011-0259,0.02577,0.8433
CVE-2011-0260,0.00364,0.2979
CVE-2011-0261,0.1582,0.96682
CVE-2011-0262,0.17101,0.96901
CVE-2011-0263,0.17101,0.96902
CVE-2011-0264,0.17101,0.96902
CVE-2011-0265,0.16546,0.96822
CVE-2011-0266,0.70111,0.99339
CVE-2011-0267,0.7166,0.99385
CVE-2011-0268,0.15629,0.96638
CVE-2011-0269,0.16546,0.96822
CVE-2011-0270,0.1631,0.96768
CVE-2011-0271,0.0733,0.94037
CVE-2011-0272,0.13442,0.96208
CVE-2011-0273,0.13394,0.96199
CVE-2011-0274,0.02071,0.80375
CVE-2011-0275,0.04167,0.90316
CVE-2011-0276,0.82426,0.99642
CVE-2011-0277,0.01607,0.74532
CVE-2011-0278,0.0028,0.20426
CVE-2011-0279,0.00582,0.45983
CVE-2011-0280,0.01728,0.76292
CVE-2011-0281,0.04202,0.90389
CVE-2011-0282,0.03475,0.88426
CVE-2011-0283,0.02624,0.84626
CVE-2011-0284,0.08267,0.94592
CVE-2011-0285,0.20765,0.97398
CVE-2011-0286,0.01931,0.7888
CVE-2011-0287,0.02194,0.81462
CVE-2011-0290,0.02104,0.80701
CVE-2011-0291,0.00364,0.29785
CVE-2011-0310,0.03012,0.86666
CVE-2011-0311,0.01781,0.7701
CVE-2011-0314,0.02958,0.86432
CVE-2011-0315,0.0192,0.78755
CVE-2011-0316,0.02219,0.81687
CVE-2011-0317,0.03575,0.88722
CVE-2011-0318,0.03575,0.88722
CVE-2011-0319,0.03575,0.88723
CVE-2011-0320,0.03575,0.88721
CVE-2011-0321,0.02602,0.84489
CVE-2011-0322,0.01661,0.75352
CVE-2011-0323,0.04765,0.9139
CVE-2011-0324,0.05539,0.92385
CVE-2011-0329,0.01581,0.74139
CVE-2011-0330,0.01242,0.67533
CVE-2011-0331,0.04488,0.90928
CVE-2011-0332,0.06189,0.93094
CVE-2011-0333,0.06119,0.93031
CVE-2011-0334,0.04822,0.91469
CVE-2011-0335,0.03575,0.88722
CVE-2011-0340,0.32349,0.98228
CVE-2011-0341,0.03796,0.89391
CVE-2011-0342,0.05922,0.92828
CVE-2011-0343,0.00377,0.31159
CVE-2011-0344,0.02318,0.82492
CVE-2011-0345,0.00941,0.59
CVE-2011-0346,0.31016,0.98158
CVE-2011-0347,0.22292,0.97546
CVE-2011-0348,0.02265,0.82045
CVE-2011-0349,0.04086,0.90143
CVE-2011-0350,0.04086,0.90143
CVE-2011-0352,0.02151,0.81118
CVE-2011-0354,0.13988,0.96336
CVE-2011-0355,0.01983,0.79431
CVE-2011-0364,0.19617,0.97233
CVE-2011-0372,0.03346,0.87986
CVE-2011-0373,0.02795,0.8565
CVE-2011-0374,0.02795,0.85651
CVE-2011-0375,0.02795,0.85651
CVE-2011-0376,0.02631,0.84668
CVE-2011-0377,0.02542,0.84097
CVE-2011-0378,0.01382,0.70624
CVE-2011-0379,0.0215,0.81109
CVE-2011-0380,0.02381,0.8295
CVE-2011-0381,0.05458,0.92286
CVE-2011-0382,0.04194,0.90372
CVE-2011-0383,0.06472,0.93354
CVE-2011-0384,0.05942,0.9285
CVE-2011-0385,0.05226,0.92044
CVE-2011-0386,0.0448,0.90912
CVE-2011-0387,0.02037,0.80018
CVE-2011-0388,0.02599,0.84478
CVE-2011-0389,0.02573,0.84299
CVE-2011-0390,0.0257,0.84285
CVE-2011-0391,0.0257,0.84285
CVE-2011-0392,0.02388,0.83002
CVE-2011-0393,0.02599,0.84477
CVE-2011-0394,0.03442,0.8831
CVE-2011-0395,0.02599,0.84479
CVE-2011-0396,0.01401,0.71002
CVE-2011-0398,0.01338,0.6967
CVE-2011-0399,0.01381,0.70599
CVE-2011-0400,0.01281,0.68406
CVE-2011-0401,0.01653,0.75222
CVE-2011-0402,0.02873,0.86042
CVE-2011-0403,0.0707,0.93844
CVE-2011-0404,0.64739,0.99197
CVE-2011-0405,0.06055,0.92967
CVE-2011-0406,0.20939,0.97419
CVE-2011-0407,0.0115,0.65085
CVE-2011-0408,0.05608,0.92474
CVE-2011-0410,0.01921,0.78769
CVE-2011-0411,0.16334,0.96774
CVE-2011-0412,0.00381,0.31572
CVE-2011-0413,0.32923,0.9826
CVE-2011-0414,0.13598,0.96247
CVE-2011-0418,0.07255,0.93986
CVE-2011-0419,0.30406,0.98127
CVE-2011-0420,0.14409,0.96417
CVE-2011-0421,0.13514,0.96227
CVE-2011-0423,0.02261,0.8202
CVE-2011-0426,0.02147,0.81077
CVE-2011-0427,0.04444,0.90852
CVE-2011-0428,0.00839,0.55827
CVE-2011-0430,0.03017,0.86688
CVE-2011-0431,0.02,0.79625
CVE-2011-0432,0.01811,0.77401
CVE-2011-0433,0.0421,0.90409
CVE-2011-0434,0.01607,0.74529
CVE-2011-0435,0.01973,0.79311
CVE-2011-0436,0.01854,0.77974
CVE-2011-0437,0.01614,0.7462
CVE-2011-0438,0.01527,0.73267
CVE-2011-0439,0.019,0.78521
CVE-2011-0440,0.01035,0.61937
CVE-2011-0441,0.00339,0.2701
CVE-2011-0442,0.01061,0.62677
CVE-2011-0443,0.01116,0.6422
CVE-2011-0444,0.07169,0.93928
CVE-2011-0445,0.02784,0.856
CVE-2011-0446,0.0235,0.82737
CVE-2011-0447,0.01418,0.71316
CVE-2011-0448,0.02173,0.81294
CVE-2011-0449,0.02498,0.8379
CVE-2011-0450,0.04513,0.90972
CVE-2011-0451,0.01937,0.78946
CVE-2011-0452,0.00285,0.20888
CVE-2011-0453,0.02347,0.82719
CVE-2011-0454,0.02608,0.84531
CVE-2011-0455,0.01263,0.68016
CVE-2011-0456,0.03001,0.86623
CVE-2011-0457,0.01042,0.62144
CVE-2011-0458,0.0032,0.24846
CVE-2011-0459,0.01053,0.6247
CVE-2011-0460,0.00341,0.27318
CVE-2011-0461,0.00296,0.22119
CVE-2011-0462,0.00943,0.59083
CVE-2011-0463,0.00518,0.42546
CVE-2011-0464,0.06016,0.92923
CVE-2011-0465,0.05781,0.92666
CVE-2011-0466,0.0107,0.62967
CVE-2011-0467,0.0129,0.68594
CVE-2011-0468,0.00326,0.2553
CVE-2011-0469,0.02406,0.83144
CVE-2011-0470,0.01854,0.77972
CVE-2011-0471,0.02411,0.83177
CVE-2011-0472,0.0219,0.81433
CVE-2011-0473,0.02411,0.83177
CVE-2011-0474,0.02829,0.85832
CVE-2011-0475,0.02008,0.79743
CVE-2011-0476,0.02555,0.84177
CVE-2011-0477,0.02616,0.84575
CVE-2011-0478,0.02616,0.84575
CVE-2011-0479,0.01611,0.74576
CVE-2011-0480,0.02304,0.82375
CVE-2011-0481,0.02364,0.82845
CVE-2011-0482,0.0188,0.78279
CVE-2011-0483,0.01696,0.75861
CVE-2011-0484,0.01893,0.78438
CVE-2011-0485,0.03394,0.88142
CVE-2011-0486,0.01263,0.68024
CVE-2011-0487,0.02547,0.84124
CVE-2011-0488,0.08598,0.94773
CVE-2011-0489,0.12551,0.96001
CVE-2011-0490,0.02517,0.8393
CVE-2011-0491,0.02517,0.8393
CVE-2011-0492,0.02524,0.83977
CVE-2011-0493,0.02524,0.83977
CVE-2011-0494,0.02138,0.80996
CVE-2011-0495,0.04206,0.90399
CVE-2011-0496,0.04549,0.91049
CVE-2011-0497,0.02218,0.81676
CVE-2011-0498,0.05739,0.92626
CVE-2011-0499,0.31045,0.9816
CVE-2011-0500,0.30708,0.98143
CVE-2011-0501,0.16272,0.96762
CVE-2011-0502,0.05704,0.9258
CVE-2011-0503,0.02108,0.80739
CVE-2011-0504,0.04006,0.89969
CVE-2011-0505,0.02447,0.83447
CVE-2011-0506,0.03289,0.87784
CVE-2011-0507,0.04918,0.91618
CVE-2011-0508,0.0192,0.78754
CVE-2011-0509,0.0206,0.80262
CVE-2011-0510,0.0204,0.80047
CVE-2011-0511,0.01021,0.61502
CVE-2011-0512,0.01942,0.79004
CVE-2011-0513,0.00975,0.60144
CVE-2011-0514,0.48867,0.98808
CVE-2011-0515,0.0088,0.57096
CVE-2011-0516,0.01021,0.615
CVE-2011-0517,0.40462,0.98565
CVE-2011-0518,0.15833,0.96684
CVE-2011-0519,0.00907,0.57944
CVE-2011-0520,0.05169,0.91969
CVE-2011-0521,0.00404,0.34011
CVE-2011-0522,0.51538,0.98878
CVE-2011-0523,0.00477,0.39801
CVE-2011-0524,0.00411,0.34592
CVE-2011-0525,0.00514,0.42254
CVE-2011-0526,0.01272,0.68213
CVE-2011-0527,0.01561,0.73852
CVE-2011-0528,0.01652,0.75213
CVE-2011-0529,0.01309,0.69018
CVE-2011-0530,0.05278,0.92101
CVE-2011-0531,0.4185,0.98607
CVE-2011-0532,0.00284,0.20865
CVE-2011-0533,0.04198,0.9038
CVE-2011-0534,0.07885,0.94377
CVE-2011-0535,0.01434,0.71602
CVE-2011-0536,0.00787,0.54157
CVE-2011-0537,0.02922,0.86277
CVE-2011-0538,0.07508,0.94141
CVE-2011-0539,0.01812,0.77416
CVE-2011-0541,0.0032,0.24883
CVE-2011-0542,0.00321,0.24942
CVE-2011-0543,0.00329,0.25824
CVE-2011-0544,0.00796,0.54443
CVE-2011-0545,0.02937,0.8634
CVE-2011-0546,0.01605,0.74499
CVE-2011-0547,0.06646,0.93491
CVE-2011-0548,0.05137,0.91926
CVE-2011-0549,0.02237,0.81842
CVE-2011-0550,0.01328,0.69418
CVE-2011-0551,0.00642,0.48836
CVE-2011-0552,0.03456,0.88357
CVE-2011-0553,0.01811,0.77403
CVE-2011-0554,0.03721,0.89168
CVE-2011-0555,0.04964,0.91697
CVE-2011-0556,0.04256,0.90501
CVE-2011-0557,0.04926,0.9163
CVE-2011-0558,0.06713,0.93541
CVE-2011-0559,0.05238,0.92054
CVE-2011-0560,0.06287,0.93192
CVE-2011-0561,0.06287,0.93192
CVE-2011-0562,0.00673,0.50126
CVE-2011-0563,0.04328,0.90632
CVE-2011-0564,0.03262,0.87677
CVE-2011-0565,0.05687,0.92562
CVE-2011-0566,0.07913,0.94387
CVE-2011-0567,0.40268,0.98557
CVE-2011-0568,0.04797,0.91436
CVE-2011-0569,0.05429,0.92257
CVE-2011-0570,0.00647,0.49062
CVE-2011-0571,0.05218,0.92038
CVE-2011-0572,0.05218,0.92037
CVE-2011-0573,0.05523,0.92359
CVE-2011-0574,0.05218,0.92037
CVE-2011-0575,0.00699,0.51156
CVE-2011-0577,0.0769,0.94254
CVE-2011-0578,0.06103,0.93019
CVE-2011-0579,0.03857,0.89568
CVE-2011-0580,0.02549,0.84142
CVE-2011-0581,0.02571,0.84294
CVE-2011-0582,0.03806,0.89424
CVE-2011-0583,0.02571,0.84294
CVE-2011-0584,0.02549,0.84142
CVE-2011-0585,0.0605,0.92961
CVE-2011-0586,0.06198,0.93103
CVE-2011-0587,0.03155,0.8724
CVE-2011-0588,0.00647,0.49062
CVE-2011-0589,0.05005,0.91751
CVE-2011-0590,0.06417,0.933
CVE-2011-0591,0.47599,0.98775
CVE-2011-0592,0.47599,0.98775
CVE-2011-0593,0.4954,0.98823
CVE-2011-0594,0.07221,0.93964
CVE-2011-0595,0.0992,0.95313
CVE-2011-0596,0.07159,0.93922
CVE-2011-0598,0.09839,0.95281
CVE-2011-0599,0.09305,0.95083
CVE-2011-0600,0.40134,0.98552
CVE-2011-0602,0.07221,0.93964
CVE-2011-0603,0.08899,0.94929
CVE-2011-0604,0.03155,0.8724
CVE-2011-0605,0.04215,0.9042
CVE-2011-0606,0.0689,0.93692
CVE-2011-0607,0.05218,0.92036
CVE-2011-0608,0.05218,0.92037
CVE-2011-0609,0.66821,0.99249
CVE-2011-0610,0.03547,0.88639
CVE-2011-0611,0.9941,0.9994
CVE-2011-0612,0.02174,0.813
CVE-2011-0613,0.01732,0.76339
CVE-2011-0614,0.13711,0.9628
CVE-2011-0615,0.06962,0.93753
CVE-2011-0618,0.04937,0.91648
CVE-2011-0619,0.0388,0.89628
CVE-2011-0620,0.0388,0.89629
CVE-2011-0621,0.0388,0.89628
CVE-2011-0622,0.0388,0.89629
CVE-2011-0623,0.04937,0.91649
CVE-2011-0624,0.04937,0.91649
CVE-2011-0625,0.04937,0.91648
CVE-2011-0626,0.04937,0.91648
CVE-2011-0627,0.05107,0.9189
CVE-2011-0628,0.0627,0.93173
CVE-2011-0629,0.01443,0.71766
CVE-2011-0633,0.04246,0.90481
CVE-2011-0635,0.01919,0.78737
CVE-2011-0636,0.00379,0.31376
CVE-2011-0637,0.00352,0.28537
CVE-2011-0638,0.01431,0.71554
CVE-2011-0639,0.003,0.22487
CVE-2011-0640,0.00352,0.28508
CVE-2011-0641,0.0183,0.77652
CVE-2011-0642,0.00863,0.56581
CVE-2011-0643,0.00973,0.60047
CVE-2011-0644,0.01165,0.65514
CVE-2011-0645,0.00999,0.60834
CVE-2011-0646,0.01021,0.61501
CVE-2011-0647,0.63676,0.99171
CVE-2011-0648,0.02518,0.83941
CVE-2011-0649,0.00375,0.30987
CVE-2011-0650,0.01058,0.62584
CVE-2011-0651,0.04891,0.91581
CVE-2011-0652,0.00747,0.52865
CVE-2011-0653,0.16912,0.96877
CVE-2011-0654,0.68084,0.99285
CVE-2011-0655,0.22593,0.97583
CVE-2011-0656,0.29604,0.98083
CVE-2011-0657,0.62495,0.99141
CVE-2011-0658,0.21202,0.97447
CVE-2011-0660,0.16627,0.96834
CVE-2011-0661,0.44581,0.98695
CVE-2011-0662,0.01561,0.73852
CVE-2011-0663,0.26221,0.97878
CVE-2011-0664,0.16006,0.96716
CVE-2011-0665,0.01434,0.71599
CVE-2011-0666,0.01434,0.71597
CVE-2011-0667,0.01434,0.71596
CVE-2011-0670,0.01434,0.71596
CVE-2011-0671,0.01345,0.69825
CVE-2011-0672,0.01434,0.71597
CVE-2011-0673,0.01398,0.70921
CVE-2011-0674,0.01434,0.71596
CVE-2011-0675,0.01434,0.71599
CVE-2011-0676,0.01173,0.65733
CVE-2011-0677,0.01398,0.70921
CVE-2011-0678,0.09211,0.95044
CVE-2011-0679,0.03844,0.89534
CVE-2011-0680,0.0184,0.77783
CVE-2011-0681,0.02453,0.83492
CVE-2011-0682,0.05637,0.92515
CVE-2011-0683,0.01766,0.76818
CVE-2011-0684,0.02052,0.80184
CVE-2011-0685,0.004,0.33535
CVE-2011-0686,0.02624,0.84627
CVE-2011-0687,0.02234,0.81819
CVE-2011-0688,0.03958,0.8985
CVE-2011-0694,0.06582,0.93447
CVE-2011-0695,0.01184,0.6605
CVE-2011-0696,0.01602,0.74445
CVE-2011-0697,0.02592,0.84436
CVE-2011-0698,0.02856,0.85959
CVE-2011-0699,0.00315,0.24206
CVE-2011-0700,0.02669,0.84914
CVE-2011-0701,0.03168,0.87292
CVE-2011-0702,0.00333,0.2633
CVE-2011-0703,0.01267,0.68118
CVE-2011-0704,0.01198,0.66372
CVE-2011-0706,0.03086,0.86962
CVE-2011-0707,0.04248,0.90485
CVE-2011-0708,0.09826,0.95277
CVE-2011-0709,0.04005,0.89966
CVE-2011-0710,0.004,0.33572
CVE-2011-0711,0.00396,0.33124
CVE-2011-0712,0.00435,0.3678
CVE-2011-0713,0.0348,0.88443
CVE-2011-0714,0.00947,0.59206
CVE-2011-0715,0.06309,0.9321
CVE-2011-0716,0.00368,0.3017
CVE-2011-0717,0.02015,0.798
CVE-2011-0718,0.01262,0.68001
CVE-2011-0719,0.04648,0.9121
CVE-2011-0720,0.03198,0.8741
CVE-2011-0721,0.02309,0.82416
CVE-2011-0722,0.0423,0.90452
CVE-2011-0723,0.04433,0.90825
CVE-2011-0724,0.0293,0.86315
CVE-2011-0725,0.00392,0.32676
CVE-2011-0726,0.00339,0.2703
CVE-2011-0727,0.00376,0.31066
CVE-2011-0728,0.01829,0.7764
CVE-2011-0729,0.00333,0.26326
CVE-2011-0730,0.02174,0.81305
CVE-2011-0731,0.0446,0.90885
CVE-2011-0732,0.01572,0.74014
CVE-2011-0733,0.04085,0.90142
CVE-2011-0734,0.04085,0.90142
CVE-2011-0735,0.02619,0.84598
CVE-2011-0736,0.02718,0.85204
CVE-2011-0737,0.02775,0.85559
CVE-2011-0738,0.01585,0.74195
CVE-2011-0739,0.02706,0.85132
CVE-2011-0740,0.04657,0.91223
CVE-2011-0741,0.0167,0.75483
CVE-2011-0742,0.09467,0.95142
CVE-2011-0745,0.06264,0.93167
CVE-2011-0746,0.00539,0.4375
CVE-2011-0748,0.01473,0.72344
CVE-2011-0751,0.03664,0.89007
CVE-2011-0752,0.01337,0.6964
CVE-2011-0753,0.008,0.54565
CVE-2011-0754,0.00339,0.27056
CVE-2011-0755,0.01937,0.78948
CVE-2011-0756,0.01064,0.62785
CVE-2011-0757,0.02353,0.82767
CVE-2011-0758,0.08205,0.94556
CVE-2011-0759,0.01065,0.62803
CVE-2011-0760,0.00964,0.59735
CVE-2011-0761,0.08878,0.94917
CVE-2011-0762,0.73946,0.99451
CVE-2011-0764,0.13055,0.96122
CVE-2011-0765,0.00388,0.32344
CVE-2011-0766,0.03046,0.868
CVE-2011-0767,0.01248,0.67648
CVE-2011-0770,0.03503,0.88515
CVE-2011-0771,0.02062,0.80276
CVE-2011-0772,0.02518,0.83938
CVE-2011-0773,0.0236,0.82821
CVE-2011-0774,0.0135,0.69926
CVE-2011-0775,0.01242,0.67533
CVE-2011-0776,0.00893,0.57494
CVE-2011-0777,0.01458,0.72049
CVE-2011-0778,0.01398,0.70917
CVE-2011-0779,0.01436,0.71645
CVE-2011-0780,0.00893,0.57474
CVE-2011-0781,0.00592,0.4649
CVE-2011-0782,0.01002,0.60949
CVE-2011-0783,0.01228,0.67181
CVE-2011-0784,0.01248,0.67675
CVE-2011-0785,0.01361,0.70179
CVE-2011-0786,0.02437,0.83376
CVE-2011-0787,0.01262,0.68004
CVE-2011-0788,0.02347,0.82718
CVE-2011-0789,0.01349,0.69904
CVE-2011-0790,0.00309,0.23561
CVE-2011-0791,0.01018,0.614
CVE-2011-0792,0.01447,0.71838
CVE-2011-0793,0.01053,0.6246
CVE-2011-0794,0.00387,0.3221
CVE-2011-0795,0.00723,0.52047
CVE-2011-0796,0.00337,0.26803
CVE-2011-0797,0.01057,0.62567
CVE-2011-0798,0.01349,0.69902
CVE-2011-0799,0.01735,0.76382
CVE-2011-0800,0.00335,0.26543
CVE-2011-0801,0.00355,0.28879
CVE-2011-0802,0.06277,0.9318
CVE-2011-0803,0.01003,0.60965
CVE-2011-0804,0.01017,0.61385
CVE-2011-0805,0.01414,0.71244
CVE-2011-0806,0.01701,0.75918
CVE-2011-0807,0.60878,0.99102
CVE-2011-0808,0.00387,0.32209
CVE-2011-0809,0.01349,0.69903
CVE-2011-0810,0.01163,0.65446
CVE-2011-0811,0.00411,0.34577
CVE-2011-0812,0.00244,0.15696
CVE-2011-0813,0.00329,0.25898
CVE-2011-0814,0.06277,0.9318
CVE-2011-0815,0.03679,0.89046
CVE-2011-0816,0.01448,0.71854
CVE-2011-0817,0.02734,0.85289
CVE-2011-0818,0.01163,0.65446
CVE-2011-0819,0.01026,0.61664
CVE-2011-0820,0.0147,0.72289
CVE-2011-0821,0.00291,0.21589
CVE-2011-0822,0.02433,0.83349
CVE-2011-0823,0.01026,0.61665
CVE-2011-0824,0.01132,0.64623
CVE-2011-0825,0.0115,0.65101
CVE-2011-0826,0.01052,0.62436
CVE-2011-0827,0.00723,0.52047
CVE-2011-0828,0.01349,0.69903
CVE-2011-0829,0.00329,0.25898
CVE-2011-0830,0.01567,0.73933
CVE-2011-0831,0.01448,0.71854
CVE-2011-0832,0.01506,0.72926
CVE-2011-0833,0.01349,0.69902
CVE-2011-0834,0.01402,0.71023
CVE-2011-0835,0.01743,0.76495
CVE-2011-0836,0.03403,0.88177
CVE-2011-0837,0.01018,0.61401
CVE-2011-0838,0.01646,0.75122
CVE-2011-0839,0.00253,0.16781
CVE-2011-0840,0.00878,0.5706
CVE-2011-0841,0.0126,0.67949
CVE-2011-0843,0.01402,0.71023
CVE-2011-0844,0.01453,0.71966
CVE-2011-0845,0.01413,0.7121
CVE-2011-0846,0.01715,0.76133
CVE-2011-0847,0.01409,0.71134
CVE-2011-0848,0.01845,0.7785
CVE-2011-0849,0.01361,0.70179
CVE-2011-0850,0.00872,0.56861
CVE-2011-0851,0.00872,0.56861
CVE-2011-0852,0.01845,0.77849
CVE-2011-0853,0.00906,0.57901
CVE-2011-0854,0.00906,0.57901
CVE-2011-0855,0.01262,0.68004
CVE-2011-0856,0.00878,0.57061
CVE-2011-0857,0.00872,0.56861
CVE-2011-0858,0.00872,0.56862
CVE-2011-0859,0.01262,0.68004
CVE-2011-0860,0.01312,0.69079
CVE-2011-0861,0.01312,0.69079
CVE-2011-0862,0.06329,0.93226
CVE-2011-0863,0.03051,0.86825
CVE-2011-0864,0.03039,0.86772
CVE-2011-0865,0.02612,0.84553
CVE-2011-0866,0.02948,0.86394
CVE-2011-0867,0.03061,0.86874
CVE-2011-0868,0.04274,0.90537
CVE-2011-0869,0.03246,0.87611
CVE-2011-0870,0.02413,0.83197
CVE-2011-0871,0.03648,0.88957
CVE-2011-0872,0.04543,0.91023
CVE-2011-0873,0.0627,0.93174
CVE-2011-0875,0.0199,0.79514
CVE-2011-0876,0.01495,0.7272
CVE-2011-0877,0.01495,0.72721
CVE-2011-0879,0.01508,0.72962
CVE-2011-0880,0.01743,0.76495
CVE-2011-0881,0.0096,0.59591
CVE-2011-0882,0.0183,0.77652
CVE-2011-0883,0.00861,0.56527
CVE-2011-0884,0.00995,0.60714
CVE-2011-0885,0.10069,0.95359
CVE-2011-0886,0.02611,0.84547
CVE-2011-0887,0.04668,0.9124
CVE-2011-0889,0.13442,0.96208
CVE-2011-0890,0.02538,0.84075
CVE-2011-0891,0.0028,0.20451
CVE-2011-0892,0.01782,0.77025
CVE-2011-0893,0.01782,0.77025
CVE-2011-0894,0.01203,0.66507
CVE-2011-0895,0.01942,0.79005
CVE-2011-0896,0.02924,0.86291
CVE-2011-0897,0.00308,0.23485
CVE-2011-0898,0.03119,0.871
CVE-2011-0899,0.00904,0.57818
CVE-2011-0900,0.05207,0.92017
CVE-2011-0901,0.04523,0.90987
CVE-2011-0902,0.01517,0.7311
CVE-2011-0903,0.0194,0.78987
CVE-2011-0904,0.02303,0.82369
CVE-2011-0905,0.01496,0.7274
CVE-2011-0908,0.00959,0.59564
CVE-2011-0909,0.00855,0.56311
CVE-2011-0910,0.01047,0.62288
CVE-2011-0911,0.00855,0.56312
CVE-2011-0912,0.03539,0.88618
CVE-2011-0913,0.04658,0.91225
CVE-2011-0914,0.04658,0.91225
CVE-2011-0915,0.11584,0.95791
CVE-2011-0916,0.05849,0.92758
CVE-2011-0917,0.14302,0.96396
CVE-2011-0918,0.05849,0.92759
CVE-2011-0919,0.05912,0.92817
CVE-2011-0920,0.10078,0.95362
CVE-2011-0921,0.11333,0.95733
CVE-2011-0922,0.64219,0.99183
CVE-2011-0923,0.81081,0.9961
CVE-2011-0924,0.04625,0.91175
CVE-2011-0925,0.03285,0.87764
CVE-2011-0926,0.06812,0.93631
CVE-2011-0935,0.03987,0.89923
CVE-2011-0939,0.0177,0.76876
CVE-2011-0941,0.0121,0.66724
CVE-2011-0943,0.01205,0.66567
CVE-2011-0944,0.01785,0.7706
CVE-2011-0945,0.0177,0.76877
CVE-2011-0946,0.01787,0.77084
CVE-2011-0949,0.01205,0.66568
CVE-2011-0951,0.1464,0.96458
CVE-2011-0959,0.21464,0.97471
CVE-2011-0960,0.03779,0.89339
CVE-2011-0961,0.05154,0.91951
CVE-2011-0962,0.06449,0.93336
CVE-2011-0963,0.01802,0.77283
CVE-2011-0966,0.41348,0.98588
CVE-2011-0975,0.06826,0.9364
CVE-2011-0976,0.25459,0.97827
CVE-2011-0977,0.32172,0.98218
CVE-2011-0978,0.42562,0.98629
CVE-2011-0979,0.26523,0.97894
CVE-2011-0980,0.26374,0.97886
CVE-2011-0981,0.02075,0.80412
CVE-2011-0982,0.02631,0.84683
CVE-2011-0983,0.02117,0.80811
CVE-2011-0984,0.01871,0.78183
CVE-2011-0985,0.01461,0.72121
CVE-2011-0986,0.01558,0.73797
CVE-2011-0987,0.02728,0.85253
CVE-2011-0988,0.00344,0.27631
CVE-2011-0989,0.02692,0.85057
CVE-2011-0990,0.02164,0.81218
CVE-2011-0991,0.02928,0.86304
CVE-2011-0992,0.02692,0.85057
CVE-2011-0993,0.00369,0.30289
CVE-2011-0994,0.17936,0.97008
CVE-2011-0995,0.00378,0.31229
CVE-2011-0996,0.03748,0.89247
CVE-2011-0997,0.84292,0.99682
CVE-2011-0999,0.00387,0.32188
CVE-2011-10001,0.00658,0.49568
CVE-2011-10002,0.00735,0.52453
CVE-2011-10003,0.00608,0.47228
CVE-2011-10004,0.00599,0.46823
CVE-2011-10005,0.0351,0.88536
CVE-2011-10006,0.00433,0.36616
CVE-2011-10007,0.008,0.54553
CVE-2011-10008,0.01152,0.65147
CVE-2011-10009,0.01286,0.68516
CVE-2011-10010,0.01628,0.74841
CVE-2011-10011,0.01704,0.75972
CVE-2011-10012,0.00429,0.36285
CVE-2011-10013,0.01596,0.74354
CVE-2011-10014,0.00369,0.30232
CVE-2011-10015,0.00429,0.36285
CVE-2011-10016,0.00427,0.36053
CVE-2011-10017,0.01915,0.7869
CVE-2011-10018,0.01977,0.79363
CVE-2011-10019,0.04038,0.90035
CVE-2011-10020,0.00911,0.58026
CVE-2011-10021,0.00345,0.27691
CVE-2011-10022,0.00803,0.54684
CVE-2011-10023,0.00347,0.27941
CVE-2011-10024,0.00354,0.28791
CVE-2011-10025,0.00343,0.27466
CVE-2011-10026,0.0264,0.84727
CVE-2011-10027,0.0051,0.41976
CVE-2011-10028,0.01138,0.64763
CVE-2011-10029,0.00723,0.5205
CVE-2011-10030,0.00378,0.31196
CVE-2011-10032,0.01085,0.63383
CVE-2011-10033,0.00446,0.37705
CVE-2011-10034,0.00582,0.45986
CVE-2011-10035,0.00218,0.12274
CVE-2011-10036,0.00414,0.3492
CVE-2011-10037,0.00566,0.45231
CVE-2011-10038,0.0044,0.37175
CVE-2011-10039,0.00392,0.32672
CVE-2011-10040,0.00414,0.34921
CVE-2011-10041,0.00825,0.55373
CVE-2011-10043,0.00775,0.53775
CVE-2011-1000,0.02901,0.86182
CVE-2011-1001,0.01231,0.67261
CVE-2011-1002,0.29361,0.9807
CVE-2011-1003,0.04215,0.90421
CVE-2011-1004,0.00385,0.32041
CVE-2011-1005,0.02772,0.85514
CVE-2011-1006,0.00419,0.35403
CVE-2011-1007,0.00397,0.33276
CVE-2011-1008,0.01533,0.7338
CVE-2011-1009,0.00804,0.5469
CVE-2011-1010,0.00509,0.4191
CVE-2011-1011,0.00368,0.30198
CVE-2011-1012,0.00463,0.38876
CVE-2011-1013,0.00407,0.34264
CVE-2011-1015,0.03803,0.89414
CVE-2011-1016,0.00342,0.27402
CVE-2011-1017,0.00614,0.47539
CVE-2011-1018,0.18321,0.97057
CVE-2011-1019,0.00443,0.37427
CVE-2011-1020,0.00923,0.58424
CVE-2011-1021,0.00928,0.58591
CVE-2011-1022,0.00386,0.32062
CVE-2011-1023,0.00485,0.40369
CVE-2011-1024,0.02593,0.84441
CVE-2011-1025,0.03874,0.89614
CVE-2011-1026,0.02135,0.80976
CVE-2011-1027,0.03746,0.89242
CVE-2011-1028,0.01613,0.74612
CVE-2011-1029,0.00885,0.57237
CVE-2011-1030,0.01053,0.62467
CVE-2011-1031,0.00332,0.26185
CVE-2011-1032,0.01442,0.7175
CVE-2011-1033,0.04756,0.91375
CVE-2011-1034,0.01223,0.67052
CVE-2011-1035,0.04019,0.89994
CVE-2011-1036,0.02547,0.84124
CVE-2011-1038,0.03053,0.86837
CVE-2011-1042,0.00877,0.57028
CVE-2011-1044,0.00386,0.32059
CVE-2011-1045,0.01225,0.67126
CVE-2011-1046,0.01246,0.67628
CVE-2011-1047,0.05021,0.91772
CVE-2011-1048,0.0099,0.60591
CVE-2011-1049,0.03665,0.89009
CVE-2011-1050,0.01524,0.73218
CVE-2011-1051,0.01474,0.72371
CVE-2011-1052,0.01474,0.72371
CVE-2011-1053,0.01199,0.66395
CVE-2011-1054,0.01474,0.72371
CVE-2011-1055,0.01151,0.65132
CVE-2011-1056,0.00276,0.19947
CVE-2011-1058,0.02538,0.84072
CVE-2011-1059,0.01421,0.71355
CVE-2011-1060,0.02266,0.82048
CVE-2011-1061,0.0134,0.69717
CVE-2011-1062,0.01751,0.76597
CVE-2011-1063,0.0113,0.64575
CVE-2011-1064,0.01018,0.61415
CVE-2011-1065,0.04172,0.90325
CVE-2011-1066,0.01081,0.63244
CVE-2011-1067,0.01418,0.71305
CVE-2011-1068,0.09602,0.95196
CVE-2011-1069,0.00686,0.50695
CVE-2011-1070,0.00372,0.306
CVE-2011-1071,0.14323,0.96401
CVE-2011-1072,0.00477,0.39859
CVE-2011-1073,0.00438,0.37026
CVE-2011-1074,0.00521,0.42699
CVE-2011-1075,0.00758,0.53231
CVE-2011-1076,0.00516,0.42371
CVE-2011-1077,0.07006,0.93794
CVE-2011-1078,0.00362,0.29555
CVE-2011-1079,0.00662,0.49732
CVE-2011-1080,0.0035,0.28259
CVE-2011-1081,0.14474,0.96429
CVE-2011-1082,0.00778,0.53869
CVE-2011-1083,0.00795,0.5439
CVE-2011-1084,0.00649,0.49143
CVE-2011-1085,0.00457,0.38463
CVE-2011-1086,0.01666,0.75423
CVE-2011-1087,0.08074,0.94472
CVE-2011-1088,0.06453,0.93339
CVE-2011-1089,0.00417,0.35199
CVE-2011-1090,0.00417,0.35199
CVE-2011-1091,0.02639,0.84719
CVE-2011-1092,0.17881,0.97002
CVE-2011-1093,0.03477,0.88432
CVE-2011-1094,0.00999,0.60866
CVE-2011-1095,0.00518,0.42526
CVE-2011-1096,0.02587,0.84392
CVE-2011-1097,0.03189,0.87374
CVE-2011-1098,0.00281,0.20549
CVE-2011-1099,0.03172,0.87309
CVE-2011-1100,0.01297,0.68765
CVE-2011-1101,0.01448,0.71851
CVE-2011-1102,0.01859,0.78035
CVE-2011-1103,0.01955,0.79148
CVE-2011-1104,0.0068,0.50459
CVE-2011-1105,0.00908,0.57958
CVE-2011-1106,0.0148,0.72465
CVE-2011-1107,0.01438,0.71677
CVE-2011-1108,0.01308,0.68989
CVE-2011-1109,0.01815,0.77465
CVE-2011-1110,0.01556,0.73779
CVE-2011-1111,0.02088,0.80548
CVE-2011-1112,0.01556,0.73778
CVE-2011-1113,0.01524,0.73226
CVE-2011-1114,0.01977,0.79362
CVE-2011-1115,0.01977,0.79363
CVE-2011-1116,0.01556,0.73778
CVE-2011-1117,0.01977,0.79363
CVE-2011-1118,0.01308,0.68989
CVE-2011-1119,0.01503,0.7288
CVE-2011-1120,0.01533,0.7338
CVE-2011-1121,0.01977,0.79363
CVE-2011-1122,0.01533,0.7338
CVE-2011-1123,0.01226,0.67151
CVE-2011-1124,0.01556,0.73779
CVE-2011-1125,0.01556,0.73779
CVE-2011-1126,0.00384,0.31927
CVE-2011-1127,0.02211,0.81631
CVE-2011-1128,0.01596,0.74355
CVE-2011-1129,0.00996,0.60743
CVE-2011-1130,0.01084,0.63344
CVE-2011-1131,0.01242,0.67533
CVE-2011-1132,0.00362,0.29636
CVE-2011-1133,0.01773,0.76919
CVE-2011-1134,0.03044,0.86789
CVE-2011-1135,0.01773,0.76919
CVE-2011-1136,0.00451,0.38067
CVE-2011-1137,0.28068,0.97994
CVE-2011-1138,0.03286,0.8777
CVE-2011-1139,0.03277,0.87724
CVE-2011-1140,0.13064,0.96124
CVE-2011-1141,0.03533,0.88597
CVE-2011-1142,0.02551,0.84154
CVE-2011-1143,0.0859,0.94769
CVE-2011-1144,0.00311,0.23792
CVE-2011-1145,0.0045,0.37972
CVE-2011-1146,0.01532,0.73341
CVE-2011-1147,0.03525,0.88575
CVE-2011-1148,0.04736,0.91346
CVE-2011-1149,0.0032,0.24815
CVE-2011-1150,0.0082,0.55241
CVE-2011-1151,0.01864,0.78096
CVE-2011-1153,0.06833,0.93645
CVE-2011-1154,0.00412,0.34707
CVE-2011-1155,0.00387,0.32156
CVE-2011-1156,0.03261,0.87675
CVE-2011-1157,0.02464,0.83565
CVE-2011-1158,0.02346,0.82708
CVE-2011-1159,0.01095,0.63685
CVE-2011-1160,0.00478,0.39942
CVE-2011-1162,0.00344,0.27549
CVE-2011-1163,0.00414,0.34903
CVE-2011-1164,0.01627,0.74824
CVE-2011-1165,0.02273,0.82111
CVE-2011-1166,0.00667,0.49917
CVE-2011-1167,0.06233,0.93137
CVE-2011-1168,0.02673,0.84944
CVE-2011-1169,0.0044,0.37218
CVE-2011-1170,0.00376,0.31037
CVE-2011-1171,0.00376,0.31037
CVE-2011-1172,0.0037,0.30468
CVE-2011-1173,0.02608,0.84529
CVE-2011-1174,0.02724,0.85228
CVE-2011-1175,0.02724,0.85229
CVE-2011-1176,0.02721,0.85218
CVE-2011-1178,0.05325,0.92148
CVE-2011-1179,0.03889,0.89648
CVE-2011-1180,0.02983,0.86542
CVE-2011-1182,0.00485,0.40346
CVE-2011-1183,0.06156,0.93066
CVE-2011-1184,0.08236,0.94572
CVE-2011-1185,0.01418,0.71303
CVE-2011-1186,0.02694,0.85066
CVE-2011-1187,0.01677,0.75575
CVE-2011-1188,0.01846,0.77857
CVE-2011-1189,0.01591,0.74276
CVE-2011-1190,0.019,0.78517
CVE-2011-1191,0.01651,0.75191
CVE-2011-1192,0.01607,0.7453
CVE-2011-1193,0.01774,0.76928
CVE-2011-1194,0.01427,0.71475
CVE-2011-1195,0.01631,0.74898
CVE-2011-1196,0.01631,0.74899
CVE-2011-1197,0.01605,0.74486
CVE-2011-1198,0.01631,0.74899
CVE-2011-1199,0.01575,0.74064
CVE-2011-1200,0.01375,0.70491
CVE-2011-1201,0.01575,0.74064
CVE-2011-1202,0.02436,0.83369
CVE-2011-1203,0.01851,0.7793
CVE-2011-1204,0.01543,0.73547
CVE-2011-1205,0.00372,0.30592
CVE-2011-1206,0.15723,0.96664
CVE-2011-1207,0.05261,0.92082
CVE-2011-1208,0.0326,0.87671
CVE-2011-1209,0.00671,0.50068
CVE-2011-1213,0.32961,0.98261
CVE-2011-1214,0.05539,0.92385
CVE-2011-1215,0.05539,0.92384
CVE-2011-1216,0.05539,0.92384
CVE-2011-1217,0.05093,0.91875
CVE-2011-1218,0.05093,0.91876
CVE-2011-1220,0.62663,0.99145
CVE-2011-1221,0.00869,0.56766
CVE-2011-1222,0.00394,0.32901
CVE-2011-1223,0.00394,0.32901
CVE-2011-1224,0.00765,0.53461
CVE-2011-1225,0.01398,0.70921
CVE-2011-1226,0.01398,0.70922
CVE-2011-1227,0.01398,0.7092
CVE-2011-1228,0.01398,0.7092
CVE-2011-1229,0.01468,0.72261
CVE-2011-1230,0.01398,0.7092
CVE-2011-1231,0.01349,0.69909
CVE-2011-1232,0.01398,0.70921
CVE-2011-1233,0.01398,0.7092
CVE-2011-1234,0.01443,0.71762
CVE-2011-1235,0.01434,0.71597
CVE-2011-1236,0.0117,0.65638
CVE-2011-1237,0.02692,0.85061
CVE-2011-1238,0.01434,0.71598
CVE-2011-1239,0.01446,0.7183
CVE-2011-1240,0.01434,0.71597
CVE-2011-1241,0.01434,0.71598
CVE-2011-1242,0.01434,0.71598
CVE-2011-1243,0.29323,0.98068
CVE-2011-1244,0.15136,0.96539
CVE-2011-1245,0.16726,0.9685
CVE-2011-1246,0.05552,0.92397
CVE-2011-1247,0.11067,0.95666
CVE-2011-1248,0.47566,0.98774
CVE-2011-1249,0.08488,0.94716
CVE-2011-1250,0.21586,0.97482
CVE-2011-1251,0.17977,0.97014
CVE-2011-1252,0.13973,0.96333
CVE-2011-1253,0.13241,0.96157
CVE-2011-1254,0.17977,0.97015
CVE-2011-1255,0.42103,0.98613
CVE-2011-1256,0.18647,0.97098
CVE-2011-1257,0.15279,0.96568
CVE-2011-1258,0.1465,0.96459
CVE-2011-1260,0.60849,0.99101
CVE-2011-1261,0.16935,0.96881
CVE-2011-1262,0.16935,0.96881
CVE-2011-1263,0.15242,0.96563
CVE-2011-1264,0.0515,0.91948
CVE-2011-1265,0.05948,0.92854
CVE-2011-1266,0.17977,0.97014
CVE-2011-1267,0.24153,0.97718
CVE-2011-1268,0.1076,0.95573
CVE-2011-1269,0.14883,0.96499
CVE-2011-1270,0.16308,0.96767
CVE-2011-1271,0.20096,0.97299
CVE-2011-1272,0.17592,0.96968
CVE-2011-1273,0.16968,0.96885
CVE-2011-1274,0.1332,0.96176
CVE-2011-1275,0.1332,0.96176
CVE-2011-1276,0.28222,0.98002
CVE-2011-1277,0.16071,0.96727
CVE-2011-1278,0.16968,0.96885
CVE-2011-1279,0.16968,0.96886
CVE-2011-1280,0.15254,0.96565
CVE-2011-1281,0.02116,0.80803
CVE-2011-1282,0.01553,0.7372
CVE-2011-1283,0.02116,0.80803
CVE-2011-1284,0.02098,0.80641
CVE-2011-1285,0.01549,0.7366
CVE-2011-1286,0.01601,0.74426
CVE-2011-1288,0.03923,0.89756
CVE-2011-1290,0.09754,0.95249
CVE-2011-1291,0.0167,0.75473
CVE-2011-1292,0.01767,0.76833
CVE-2011-1293,0.01975,0.79333
CVE-2011-1294,0.01575,0.74064
CVE-2011-1295,0.01821,0.7754
CVE-2011-1296,0.02014,0.79795
CVE-2011-1298,0.00864,0.56603
CVE-2011-1300,0.03009,0.86651
CVE-2011-1301,0.03631,0.88884
CVE-2011-1302,0.03284,0.87758
CVE-2011-1303,0.01023,0.61566
CVE-2011-1304,0.00899,0.57652
CVE-2011-1305,0.00684,0.50629
CVE-2011-1306,0.00677,0.50335
CVE-2011-1307,0.00306,0.23183
CVE-2011-1308,0.01086,0.63405
CVE-2011-1309,0.01187,0.66107
CVE-2011-1310,0.0027,0.19132
CVE-2011-1311,0.00857,0.56413
CVE-2011-1312,0.01027,0.6169
CVE-2011-1313,0.00926,0.58489
CVE-2011-1314,0.01105,0.63952
CVE-2011-1315,0.01105,0.63949
CVE-2011-1316,0.01105,0.63951
CVE-2011-1317,0.01105,0.6395
CVE-2011-1318,0.01105,0.6395
CVE-2011-1319,0.01402,0.71024
CVE-2011-1320,0.01052,0.62433
CVE-2011-1321,0.00967,0.59885
CVE-2011-1322,0.01631,0.74896
CVE-2011-1323,0.01633,0.74931
CVE-2011-1324,0.00475,0.39697
CVE-2011-1325,0.0061,0.47345
CVE-2011-1326,0.00795,0.54388
CVE-2011-1327,0.0023,0.1391
CVE-2011-1328,0.01258,0.67918
CVE-2011-1329,0.01424,0.71416
CVE-2011-1330,0.01086,0.63406
CVE-2011-1331,0.05564,0.92412
CVE-2011-1332,0.01042,0.62144
CVE-2011-1333,0.01223,0.67047
CVE-2011-1334,0.01223,0.6705
CVE-2011-1335,0.01263,0.68016
CVE-2011-1336,0.05539,0.92383
CVE-2011-1337,0.02587,0.8439
CVE-2011-1338,0.00344,0.27558
CVE-2011-1339,0.00489,0.40664
CVE-2011-1340,0.01153,0.65176
CVE-2011-1341,0.00586,0.4618
CVE-2011-1342,0.01072,0.63009
CVE-2011-1343,0.01117,0.64269
CVE-2011-1344,0.05916,0.92822
CVE-2011-1345,0.40875,0.98575
CVE-2011-1346,0.26172,0.97876
CVE-2011-1347,0.27967,0.97988
CVE-2011-1350,0.01109,0.64055
CVE-2011-1352,0.00237,0.14724
CVE-2011-1353,0.00653,0.49353
CVE-2011-1355,0.01867,0.7813
CVE-2011-1356,0.00358,0.29172
CVE-2011-1357,0.00845,0.55982
CVE-2011-1359,0.0178,0.77004
CVE-2011-1360,0.01674,0.75536
CVE-2011-1362,0.01674,0.75536
CVE-2011-1364,0.00495,0.41023
CVE-2011-1366,0.02034,0.79988
CVE-2011-1367,0.03628,0.88874
CVE-2011-1368,0.01931,0.78868
CVE-2011-1370,0.01135,0.64705
CVE-2011-1371,0.00845,0.55979
CVE-2011-1372,0.01724,0.76243
CVE-2011-1373,0.00291,0.21529
CVE-2011-1374,0.04997,0.9174
CVE-2011-1375,0.00361,0.29486
CVE-2011-1376,0.00361,0.29529
CVE-2011-1377,0.02317,0.8248
CVE-2011-1378,0.00278,0.20173
CVE-2011-1381,0.01212,0.66795
CVE-2011-1384,0.00333,0.26382
CVE-2011-1385,0.03537,0.8861
CVE-2011-1386,0.01182,0.66007
CVE-2011-1388,0.03433,0.88278
CVE-2011-1389,0.06788,0.93613
CVE-2011-1390,0.02056,0.80218
CVE-2011-1391,0.03433,0.88278
CVE-2011-1392,0.03433,0.88278
CVE-2011-1393,0.01849,0.77897
CVE-2011-1394,0.02555,0.84183
CVE-2011-1395,0.01148,0.64997
CVE-2011-1396,0.01148,0.64995
CVE-2011-1397,0.01035,0.6195
CVE-2011-1398,0.10173,0.95391
CVE-2011-1400,0.04061,0.90085
CVE-2011-1401,0.0106,0.62662
CVE-2011-1402,0.02529,0.84013
CVE-2011-1403,0.01035,0.61937
CVE-2011-1404,0.02041,0.80067
CVE-2011-1405,0.01503,0.72873
CVE-2011-1406,0.0173,0.76315
CVE-2011-1407,0.03802,0.89412
CVE-2011-1408,0.01596,0.74348
CVE-2011-1409,0.02289,0.82246
CVE-2011-1411,0.02291,0.82268
CVE-2011-1412,0.04212,0.90414
CVE-2011-1413,0.01595,0.74339
CVE-2011-1414,0.01292,0.68646
CVE-2011-1416,0.00933,0.58771
CVE-2011-1417,0.05472,0.92303
CVE-2011-1418,0.0146,0.72103
CVE-2011-1419,0.0654,0.93412
CVE-2011-1420,0.00377,0.31169
CVE-2011-1421,0.00308,0.23363
CVE-2011-1422,0.01269,0.68149
CVE-2011-1423,0.01053,0.62467
CVE-2011-1424,0.00773,0.53703
CVE-2011-1425,0.08057,0.94464
CVE-2011-1426,0.05039,0.91804
CVE-2011-1427,0.01569,0.73949
CVE-2011-1428,0.01082,0.63289
CVE-2011-1429,0.01475,0.7238
CVE-2011-1430,0.03212,0.87473
CVE-2011-1431,0.04593,0.91121
CVE-2011-1432,0.02283,0.8219
CVE-2011-1433,0.01467,0.72249
CVE-2011-1434,0.01352,0.69987
CVE-2011-1435,0.01102,0.63851
CVE-2011-1436,0.01004,0.61024
CVE-2011-1437,0.01094,0.63635
CVE-2011-1438,0.01313,0.69094
CVE-2011-1439,0.00848,0.56075
CVE-2011-1440,0.01598,0.7438
CVE-2011-1441,0.0109,0.63496
CVE-2011-1442,0.01044,0.62205
CVE-2011-1443,0.01094,0.63636
CVE-2011-1444,0.00979,0.60267
CVE-2011-1445,0.01051,0.62384
CVE-2011-1446,0.01232,0.67295
CVE-2011-1447,0.01094,0.63635
CVE-2011-1448,0.01094,0.63635
CVE-2011-1449,0.01647,0.75137
CVE-2011-1450,0.01261,0.67981
CVE-2011-1451,0.01822,0.77552
CVE-2011-1452,0.00971,0.60007
CVE-2011-1453,0.03923,0.89754
CVE-2011-1454,0.01104,0.63921
CVE-2011-1455,0.01423,0.71396
CVE-2011-1456,0.01044,0.62205
CVE-2011-1457,0.03923,0.89754
CVE-2011-1459,0.00654,0.49394
CVE-2011-1460,0.00914,0.58139
CVE-2011-1462,0.03923,0.89756
CVE-2011-1464,0.02801,0.85685
CVE-2011-1465,0.01769,0.76869
CVE-2011-1466,0.05856,0.92767
CVE-2011-1467,0.12718,0.96037
CVE-2011-1468,0.13263,0.96162
CVE-2011-1469,0.04336,0.90648
CVE-2011-1470,0.09521,0.95162
CVE-2011-1471,0.13189,0.96147
CVE-2011-1472,0.00313,0.24042
CVE-2011-1473,0.67189,0.9926
CVE-2011-1474,0.0035,0.28257
CVE-2011-1475,0.0869,0.94823
CVE-2011-1476,0.00425,0.3591
CVE-2011-1477,0.00409,0.34432
CVE-2011-1478,0.01089,0.63464
CVE-2011-1479,0.00803,0.54679
CVE-2011-1480,0.01154,0.65217
CVE-2011-1481,0.01089,0.63478
CVE-2011-1482,0.00639,0.48683
CVE-2011-1483,0.02664,0.84875
CVE-2011-1484,0.02286,0.82224
CVE-2011-1485,0.05246,0.92066
CVE-2011-1486,0.01199,0.664
CVE-2011-1487,0.1058,0.95519
CVE-2011-1488,0.00476,0.39741
CVE-2011-1489,0.00474,0.39668
CVE-2011-1490,0.00378,0.31264
CVE-2011-1491,0.01519,0.73138
CVE-2011-1492,0.01763,0.76782
CVE-2011-1493,0.03358,0.88029
CVE-2011-1494,0.00371,0.30575
CVE-2011-1495,0.00367,0.30055
CVE-2011-1496,0.00952,0.59366
CVE-2011-1497,0.01285,0.68487
CVE-2011-1498,0.06685,0.93518
CVE-2011-1499,0.01755,0.76667
CVE-2011-1500,0.00341,0.27276
CVE-2011-1502,0.01826,0.77607
CVE-2011-1503,0.01397,0.7091
CVE-2011-1504,0.00992,0.60617
CVE-2011-1505,0.01826,0.77616
CVE-2011-1506,0.02471,0.83613
CVE-2011-1507,0.02504,0.83831
CVE-2011-1508,0.13863,0.96312
CVE-2011-1509,0.00787,0.54162
CVE-2011-1510,0.01086,0.63409
CVE-2011-1511,0.14646,0.96459
CVE-2011-1512,0.06867,0.93671
CVE-2011-1513,0.05786,0.92672
CVE-2011-1514,0.04468,0.90894
CVE-2011-1515,0.04468,0.90894
CVE-2011-1516,0.03533,0.88597
CVE-2011-1517,0.04216,0.90423
CVE-2011-1518,0.02265,0.82043
CVE-2011-1519,0.09199,0.95038
CVE-2011-1520,0.00474,0.39647
CVE-2011-1521,0.03564,0.88688
CVE-2011-1522,0.02019,0.7984
CVE-2011-1523,0.0293,0.86316
CVE-2011-1524,0.0421,0.90408
CVE-2011-1525,0.11914,0.95869
CVE-2011-1526,0.03938,0.89797
CVE-2011-1527,0.03653,0.88971
CVE-2011-1528,0.04177,0.90339
CVE-2011-1529,0.04046,0.90052
CVE-2011-1530,0.02383,0.82965
CVE-2011-1531,0.02044,0.80097
CVE-2011-1532,0.03002,0.86627
CVE-2011-1533,0.02071,0.80375
CVE-2011-1534,0.01372,0.70402
CVE-2011-1535,0.0177,0.7688
CVE-2011-1536,0.02188,0.81409
CVE-2011-1537,0.01728,0.76292
CVE-2011-1538,0.00968,0.59901
CVE-2011-1539,0.02188,0.8141
CVE-2011-1540,0.04744,0.91356
CVE-2011-1541,0.12111,0.95913
CVE-2011-1542,0.01728,0.76292
CVE-2011-1543,0.00872,0.56858
CVE-2011-1544,0.01767,0.76831
CVE-2011-1545,0.01604,0.74484
CVE-2011-1546,0.01991,0.79523
CVE-2011-1547,0.05077,0.91854
CVE-2011-1548,0.00389,0.32466
CVE-2011-1549,0.00365,0.29896
CVE-2011-1550,0.0035,0.28323
CVE-2011-1551,0.00341,0.27281
CVE-2011-1552,0.10378,0.95457
CVE-2011-1553,0.05417,0.92245
CVE-2011-1554,0.05417,0.92245
CVE-2011-1555,0.01007,0.611
CVE-2011-1556,0.01082,0.6327
CVE-2011-1557,0.01029,0.61768
CVE-2011-1558,0.01053,0.62467
CVE-2011-1559,0.01474,0.72372
CVE-2011-1560,0.03992,0.89934
CVE-2011-1561,0.02043,0.8008
CVE-2011-1562,0.01734,0.76376
CVE-2011-1563,0.74638,0.99471
CVE-2011-1564,0.18626,0.97096
CVE-2011-1565,0.64063,0.99178
CVE-2011-1566,0.66982,0.99254
CVE-2011-1567,0.69618,0.99325
CVE-2011-1568,0.19378,0.97198
CVE-2011-1569,0.03524,0.88573
CVE-2011-1570,0.01504,0.72901
CVE-2011-1571,0.0847,0.94704
CVE-2011-1572,0.02919,0.86264
CVE-2011-1573,0.02791,0.85628
CVE-2011-1574,0.42941,0.98641
CVE-2011-1575,0.33341,0.98275
CVE-2011-1576,0.00994,0.60701
CVE-2011-1577,0.0042,0.35446
CVE-2011-1578,0.02591,0.8443
CVE-2011-1579,0.01917,0.78722
CVE-2011-1580,0.02006,0.7972
CVE-2011-1581,0.03377,0.88093
CVE-2011-1582,0.06016,0.92923
CVE-2011-1583,0.00705,0.514
CVE-2011-1584,0.01691,0.7579
CVE-2011-1585,0.00494,0.40978
CVE-2011-1586,0.03119,0.87099
CVE-2011-1587,0.01711,0.76082
CVE-2011-1588,0.01074,0.63068
CVE-2011-1589,0.0388,0.89628
CVE-2011-1590,0.01812,0.77421
CVE-2011-1591,0.41744,0.98604
CVE-2011-1592,0.01665,0.7541
CVE-2011-1593,0.00572,0.45512
CVE-2011-1594,0.01468,0.72273
CVE-2011-1595,0.01094,0.63645
CVE-2011-1597,0.01789,0.77104
CVE-2011-1598,0.00421,0.35521
CVE-2011-1599,0.0313,0.87142
CVE-2011-1602,0.00264,0.18314
CVE-2011-1603,0.00264,0.18314
CVE-2011-1604,0.02508,0.8386
CVE-2011-1605,0.02945,0.86384
CVE-2011-1606,0.02945,0.86384
CVE-2011-1607,0.02261,0.8202
CVE-2011-1609,0.19759,0.97253
CVE-2011-1610,0.24822,0.97776
CVE-2011-1613,0.10378,0.95457
CVE-2011-1623,0.01571,0.73999
CVE-2011-1624,0.0121,0.66721
CVE-2011-1625,0.00728,0.52222
CVE-2011-1637,0.00271,0.193
CVE-2011-1640,0.01768,0.76843
CVE-2011-1643,0.01902,0.78542
CVE-2011-1645,0.03396,0.88153
CVE-2011-1646,0.019,0.78515
CVE-2011-1647,0.01166,0.65547
CVE-2011-1649,0.0121,0.66722
CVE-2011-1651,0.0121,0.66723
CVE-2011-1652,0.12329,0.95961
CVE-2011-1653,0.88655,0.99765
CVE-2011-1654,0.11423,0.95756
CVE-2011-1655,0.11975,0.95886
CVE-2011-1657,0.0515,0.91948
CVE-2011-1658,0.00311,0.23722
CVE-2011-1659,0.02856,0.85961
CVE-2011-1660,0.01327,0.69399
CVE-2011-1661,0.0147,0.72306
CVE-2011-1662,0.01053,0.62471
CVE-2011-1663,0.01084,0.63345
CVE-2011-1664,0.00615,0.47591
CVE-2011-1665,0.02536,0.8406
CVE-2011-1666,0.01392,0.70807
CVE-2011-1667,0.01356,0.70072
CVE-2011-1668,0.01679,0.75612
CVE-2011-1669,0.22157,0.97534
CVE-2011-1670,0.01741,0.7647
CVE-2011-1671,0.01973,0.79317
CVE-2011-1672,0.02496,0.83778
CVE-2011-1673,0.02492,0.83747
CVE-2011-1674,0.0257,0.84287
CVE-2011-1675,0.00404,0.33982
CVE-2011-1676,0.00487,0.40472
CVE-2011-1677,0.00449,0.37909
CVE-2011-1678,0.00531,0.43286
CVE-2011-1679,0.00374,0.30862
CVE-2011-1680,0.00474,0.39643
CVE-2011-1681,0.00441,0.37284
CVE-2011-1682,0.00761,0.53334
CVE-2011-1683,0.01723,0.76224
CVE-2011-1684,0.04647,0.91208
CVE-2011-1685,0.01116,0.64224
CVE-2011-1686,0.01342,0.6977
CVE-2011-1687,0.01445,0.71807
CVE-2011-1688,0.03782,0.89346
CVE-2011-1689,0.02326,0.82543
CVE-2011-1690,0.02364,0.82845
CVE-2011-1691,0.01582,0.74147
CVE-2011-1696,0.01705,0.75991
CVE-2011-1699,0.04883,0.91566
CVE-2011-1700,0.04883,0.91566
CVE-2011-1701,0.05869,0.92784
CVE-2011-1702,0.05869,0.92785
CVE-2011-1703,0.05869,0.92784
CVE-2011-1704,0.05869,0.92783
CVE-2011-1705,0.05869,0.92784
CVE-2011-1706,0.05869,0.92785
CVE-2011-1707,0.04883,0.91565
CVE-2011-1708,0.05869,0.92784
CVE-2011-1709,0.00432,0.36489
CVE-2011-1710,0.03538,0.88614
CVE-2011-1711,0.01276,0.68316
CVE-2011-1712,0.0107,0.62963
CVE-2011-1713,0.11195,0.95703
CVE-2011-1714,0.02608,0.84531
CVE-2011-1715,0.0888,0.94918
CVE-2011-1716,0.01321,0.69278
CVE-2011-1717,0.00292,0.21721
CVE-2011-1718,0.02445,0.83432
CVE-2011-1719,0.12042,0.95899
CVE-2011-1720,0.21481,0.97473
CVE-2011-1721,0.00629,0.48227
CVE-2011-1722,0.01299,0.68813
CVE-2011-1723,0.04459,0.90884
CVE-2011-1724,0.0177,0.7688
CVE-2011-1725,0.02436,0.83369
CVE-2011-1726,0.03287,0.87773
CVE-2011-1727,0.02127,0.809
CVE-2011-1728,0.13614,0.96252
CVE-2011-1729,0.13614,0.96252
CVE-2011-1730,0.13614,0.96252
CVE-2011-1731,0.14926,0.96504
CVE-2011-1732,0.24744,0.9777
CVE-2011-1733,0.13614,0.96252
CVE-2011-1734,0.14926,0.96505
CVE-2011-1735,0.13614,0.96253
CVE-2011-1736,0.09774,0.95257
CVE-2011-1737,0.01728,0.76292
CVE-2011-1738,0.00488,0.40572
CVE-2011-1739,0.01282,0.68439
CVE-2011-1740,0.01126,0.64486
CVE-2011-1741,0.08217,0.94563
CVE-2011-1742,0.00315,0.24224
CVE-2011-1743,0.01013,0.61286
CVE-2011-1744,0.00988,0.60511
CVE-2011-1745,0.00381,0.31517
CVE-2011-1746,0.00419,0.35356
CVE-2011-1747,0.00429,0.36244
CVE-2011-1748,0.00405,0.34069
CVE-2011-1749,0.00348,0.28081
CVE-2011-1750,0.00718,0.51859
CVE-2011-1751,0.0075,0.52949
CVE-2011-1752,0.08483,0.9471
CVE-2011-1753,0.02125,0.80885
CVE-2011-1754,0.02271,0.82093
CVE-2011-1755,0.03659,0.88991
CVE-2011-1756,0.0266,0.84849
CVE-2011-1757,0.01118,0.6428
CVE-2011-1758,0.00338,0.26891
CVE-2011-1759,0.00437,0.37
CVE-2011-1760,0.01367,0.703
CVE-2011-1761,0.11082,0.95671
CVE-2011-1762,0.00733,0.52372
CVE-2011-1763,0.00555,0.4465
CVE-2011-1764,0.0394,0.89805
CVE-2011-1765,0.02098,0.80643
CVE-2011-1766,0.02232,0.81792
CVE-2011-1767,0.0283,0.85839
CVE-2011-1768,0.02149,0.81098
CVE-2011-1769,0.00291,0.21598
CVE-2011-1770,0.04364,0.90703
CVE-2011-1771,0.00516,0.42367
CVE-2011-1772,0.33346,0.98275
CVE-2011-1773,0.00471,0.39418
CVE-2011-1774,0.43195,0.98646
CVE-2011-1775,0.0129,0.68597
CVE-2011-1776,0.00542,0.43934
CVE-2011-1777,0.04199,0.90382
CVE-2011-1778,0.04199,0.90383
CVE-2011-1779,0.01355,0.70053
CVE-2011-1780,0.00697,0.51094
CVE-2011-1781,0.00301,0.22584
CVE-2011-1782,0.03425,0.88245
CVE-2011-1783,0.06742,0.93575
CVE-2011-1784,0.00367,0.30082
CVE-2011-1785,0.03409,0.88197
CVE-2011-1786,0.03012,0.86663
CVE-2011-1787,0.00241,0.15242
CVE-2011-1788,0.00367,0.30077
CVE-2011-1789,0.019,0.78514
CVE-2011-1793,0.01081,0.63239
CVE-2011-1794,0.01081,0.63238
CVE-2011-1795,0.01143,0.64886
CVE-2011-1796,0.01081,0.63238
CVE-2011-1797,0.04375,0.90728
CVE-2011-1798,0.01081,0.63239
CVE-2011-1799,0.01019,0.61442
CVE-2011-1800,0.0119,0.66195
CVE-2011-1801,0.00961,0.59642
CVE-2011-1802,0.00617,0.47678
CVE-2011-1803,0.00471,0.39412
CVE-2011-1804,0.01491,0.72664
CVE-2011-1805,0.00748,0.52884
CVE-2011-1806,0.0303,0.86743
CVE-2011-1807,0.03094,0.86994
CVE-2011-1808,0.01375,0.70472
CVE-2011-1809,0.01353,0.70011
CVE-2011-1810,0.01067,0.62903
CVE-2011-1811,0.01294,0.68689
CVE-2011-1812,0.01573,0.74024
CVE-2011-1813,0.01353,0.70011
CVE-2011-1814,0.01353,0.70012
CVE-2011-1815,0.01153,0.65188
CVE-2011-1816,0.01353,0.70012
CVE-2011-1817,0.01353,0.70011
CVE-2011-1818,0.01353,0.70012
CVE-2011-1819,0.01153,0.65188
CVE-2011-1820,0.00349,0.28208
CVE-2011-1821,0.00883,0.57185
CVE-2011-1822,0.00287,0.21102
CVE-2011-1823,0.41634,0.986
CVE-2011-1824,0.0585,0.92759
CVE-2011-1825,0.01341,0.69737
CVE-2011-1826,0.01363,0.7023
CVE-2011-1827,0.04519,0.90979
CVE-2011-1828,0.00364,0.29802
CVE-2011-1829,0.01686,0.75729
CVE-2011-1830,0.00792,0.54308
CVE-2011-1831,0.00366,0.29976
CVE-2011-1832,0.00382,0.3161
CVE-2011-1833,0.00358,0.29142
CVE-2011-1834,0.00382,0.3161
CVE-2011-1835,0.00352,0.28525
CVE-2011-1836,0.00378,0.31284
CVE-2011-1837,0.00379,0.3134
CVE-2011-1838,0.02728,0.85254
CVE-2011-1839,0.01098,0.63762
CVE-2011-1840,0.00303,0.22817
CVE-2011-1841,0.01705,0.7598
CVE-2011-1842,0.00439,0.37149
CVE-2011-1843,0.01342,0.69766
CVE-2011-1844,0.12218,0.95934
CVE-2011-1845,0.12218,0.95934
CVE-2011-1846,0.02291,0.82269
CVE-2011-1847,0.01965,0.79236
CVE-2011-1848,0.12855,0.96072
CVE-2011-1849,0.10567,0.95516
CVE-2011-1850,0.12855,0.96073
CVE-2011-1851,0.12855,0.96073
CVE-2011-1852,0.15419,0.9659
CVE-2011-1853,0.11451,0.95763
CVE-2011-1854,0.11451,0.95764
CVE-2011-1855,0.00315,0.24213
CVE-2011-1856,0.01728,0.76293
CVE-2011-1857,0.01562,0.73855
CVE-2011-1858,0.00287,0.21178
CVE-2011-1859,0.02331,0.82589
CVE-2011-1860,0.02331,0.82589
CVE-2011-1861,0.02313,0.82448
CVE-2011-1862,0.01842,0.77804
CVE-2011-1863,0.01364,0.70235
CVE-2011-1864,0.09204,0.95039
CVE-2011-1865,0.88948,0.99769
CVE-2011-1866,0.2089,0.97414
CVE-2011-1867,0.25787,0.97851
CVE-2011-1868,0.14396,0.96415
CVE-2011-1869,0.10293,0.95427
CVE-2011-1870,0.02244,0.81903
CVE-2011-1871,0.38461,0.98486
CVE-2011-1872,0.02644,0.8475
CVE-2011-1873,0.187,0.97105
CVE-2011-1874,0.01164,0.65492
CVE-2011-1875,0.01405,0.71071
CVE-2011-1876,0.01405,0.71071
CVE-2011-1877,0.01535,0.73397
CVE-2011-1878,0.01405,0.71071
CVE-2011-1879,0.01405,0.71073
CVE-2011-1880,0.0137,0.70361
CVE-2011-1881,0.01328,0.69427
CVE-2011-1882,0.01405,0.71072
CVE-2011-1883,0.01405,0.71073
CVE-2011-1884,0.01405,0.71072
CVE-2011-1885,0.0137,0.70361
CVE-2011-1886,0.01878,0.78249
CVE-2011-1887,0.01168,0.65582
CVE-2011-1888,0.0166,0.75342
CVE-2011-1889,0.48368,0.98793
CVE-2011-1890,0.19769,0.97255
CVE-2011-1891,0.16774,0.96858
CVE-2011-1892,0.37511,0.98445
CVE-2011-1893,0.16774,0.96858
CVE-2011-1894,0.11411,0.95753
CVE-2011-1895,0.11137,0.95688
CVE-2011-1896,0.08256,0.94583
CVE-2011-1897,0.08397,0.94657
CVE-2011-1898,0.00852,0.56216
CVE-2011-1899,0.01263,0.68027
CVE-2011-1900,0.32043,0.98211
CVE-2011-1901,0.01959,0.79188
CVE-2011-1902,0.01944,0.79028
CVE-2011-1903,0.01324,0.6935
CVE-2011-1904,0.02356,0.82791
CVE-2011-1905,0.00673,0.50131
CVE-2011-1906,0.01064,0.62777
CVE-2011-1907,0.05368,0.92194
CVE-2011-1908,0.0498,0.91718
CVE-2011-1910,0.24638,0.97759
CVE-2011-1911,0.01491,0.7267
CVE-2011-1913,0.01554,0.73749
CVE-2011-1914,0.03925,0.89761
CVE-2011-1915,0.01131,0.64596
CVE-2011-1918,0.06286,0.93191
CVE-2011-1919,0.04597,0.91126
CVE-2011-1920,0.00438,0.37033
CVE-2011-1921,0.05993,0.92902
CVE-2011-1922,0.07085,0.93857
CVE-2011-1923,0.01308,0.68997
CVE-2011-1924,0.02816,0.85762
CVE-2011-1925,0.02524,0.83977
CVE-2011-1926,0.03999,0.89948
CVE-2011-1927,0.02591,0.84427
CVE-2011-1928,0.10322,0.95438
CVE-2011-1929,0.0325,0.87624
CVE-2011-1930,0.20533,0.97369
CVE-2011-1931,0.02228,0.81762
CVE-2011-1932,0.018,0.77259
CVE-2011-1933,0.01563,0.73877
CVE-2011-1934,0.01031,0.61806
CVE-2011-1935,0.03649,0.8896
CVE-2011-1936,0.0047,0.39339
CVE-2011-1937,0.01919,0.78748
CVE-2011-1938,0.23129,0.97634
CVE-2011-1939,0.03858,0.8957
CVE-2011-1940,0.01163,0.65469
CVE-2011-1941,0.0188,0.78273
CVE-2011-1943,0.00215,0.1196
CVE-2011-1944,0.13432,0.96206
CVE-2011-1945,0.03288,0.87779
CVE-2011-1946,0.00358,0.29187
CVE-2011-1947,0.02551,0.84155
CVE-2011-1948,0.02389,0.83017
CVE-2011-1949,0.01856,0.77998
CVE-2011-1950,0.02349,0.82736
CVE-2011-1951,0.02462,0.83557
CVE-2011-1952,0.01543,0.73543
CVE-2011-1953,0.01141,0.64844
CVE-2011-1954,0.00671,0.50075
CVE-2011-1956,0.05852,0.92763
CVE-2011-1957,0.02626,0.84641
CVE-2011-1958,0.02876,0.86058
CVE-2011-1959,0.03048,0.86804
CVE-2011-1960,0.17604,0.9697
CVE-2011-1961,0.34208,0.9831
CVE-2011-1962,0.13284,0.96166
CVE-2011-1963,0.23356,0.97651
CVE-2011-1964,0.23356,0.97651
CVE-2011-1965,0.24935,0.97785
CVE-2011-1966,0.55203,0.9897
CVE-2011-1967,0.01707,0.7601
CVE-2011-1968,0.25708,0.97844
CVE-2011-1969,0.17309,0.96929
CVE-2011-1970,0.23037,0.97625
CVE-2011-1971,0.03019,0.86692
CVE-2011-1972,0.22201,0.97538
CVE-2011-1974,0.06983,0.9377
CVE-2011-1975,0.42472,0.98624
CVE-2011-1976,0.20808,0.97406
CVE-2011-1977,0.21365,0.97463
CVE-2011-1978,0.2021,0.97318
CVE-2011-1979,0.22201,0.97539
CVE-2011-1980,0.10383,0.9546
CVE-2011-1982,0.27697,0.97971
CVE-2011-1983,0.22457,0.97562
CVE-2011-1984,0.07465,0.94116
CVE-2011-1985,0.0227,0.82086
CVE-2011-1986,0.21507,0.97475
CVE-2011-1987,0.20486,0.97362
CVE-2011-1988,0.18609,0.97093
CVE-2011-1989,0.21135,0.97442
CVE-2011-1990,0.20486,0.97362
CVE-2011-1991,0.1207,0.95906
CVE-2011-1992,0.18847,0.97123
CVE-2011-1993,0.17574,0.96965
CVE-2011-1995,0.28901,0.98045
CVE-2011-1996,0.58847,0.99053
CVE-2011-1997,0.14476,0.96429
CVE-2011-1998,0.21228,0.97451
CVE-2011-1999,0.26738,0.9791
CVE-2011-20001,0.00468,0.3921
CVE-2011-20002,0.00309,0.23494
CVE-2011-2000,0.18886,0.97129
CVE-2011-2001,0.43125,0.98645
CVE-2011-2002,0.01776,0.76949
CVE-2011-2003,0.26558,0.97896
CVE-2011-2004,0.24623,0.97758
CVE-2011-2005,0.31761,0.98195
CVE-2011-2007,0.23045,0.97626
CVE-2011-2008,0.21345,0.97461
CVE-2011-2009,0.05583,0.92441
CVE-2011-2010,0.01702,0.75935
CVE-2011-2011,0.01787,0.77087
CVE-2011-2012,0.16588,0.96827
CVE-2011-2013,0.33745,0.98293
CVE-2011-2014,0.10965,0.95636
CVE-2011-2016,0.08321,0.94619
CVE-2011-2018,0.01972,0.79308
CVE-2011-2019,0.11073,0.95668
CVE-2011-2020,0.01263,0.68025
CVE-2011-2021,0.01952,0.79115
CVE-2011-2022,0.00381,0.31517
CVE-2011-2023,0.02324,0.82534
CVE-2011-2024,0.03372,0.88074
CVE-2011-2039,0.69959,0.99335
CVE-2011-2040,0.10684,0.9555
CVE-2011-2041,0.0031,0.23698
CVE-2011-2042,0.01076,0.63115
CVE-2011-2054,0.00858,0.56442
CVE-2011-2057,0.01783,0.77032
CVE-2011-2058,0.01817,0.7749
CVE-2011-2059,0.01557,0.73787
CVE-2011-2060,0.00269,0.19023
CVE-2011-2064,0.01916,0.78697
CVE-2011-2072,0.01702,0.75942
CVE-2011-2074,0.02876,0.86058
CVE-2011-2075,0.02063,0.8029
CVE-2011-2076,0.01,0.60873
CVE-2011-2077,0.01312,0.6908
CVE-2011-2078,0.00893,0.5749
CVE-2011-2079,0.01507,0.72956
CVE-2011-2080,0.01848,0.77892
CVE-2011-2081,0.02104,0.80701
CVE-2011-2082,0.01191,0.66228
CVE-2011-2083,0.01848,0.77888
CVE-2011-2084,0.01674,0.7554
CVE-2011-2085,0.0107,0.62968
CVE-2011-2087,0.06127,0.93037
CVE-2011-2088,0.0614,0.93048
CVE-2011-2089,0.38316,0.9848
CVE-2011-2091,0.03294,0.87801
CVE-2011-2092,0.06062,0.92975
CVE-2011-2093,0.03772,0.8932
CVE-2011-2094,0.08701,0.94828
CVE-2011-2095,0.08701,0.94828
CVE-2011-2096,0.08241,0.94574
CVE-2011-2097,0.07506,0.94139
CVE-2011-2098,0.06846,0.93657
CVE-2011-2099,0.0612,0.93033
CVE-2011-2100,0.00738,0.52533
CVE-2011-2101,0.06965,0.93755
CVE-2011-2102,0.05067,0.91839
CVE-2011-2103,0.06018,0.92925
CVE-2011-2104,0.0351,0.88536
CVE-2011-2105,0.0365,0.88964
CVE-2011-2106,0.06018,0.92926
CVE-2011-2107,0.03553,0.88654
CVE-2011-2108,0.05561,0.92409
CVE-2011-2109,0.08464,0.94701
CVE-2011-2110,0.86421,0.99725
CVE-2011-2111,0.04296,0.90575
CVE-2011-2112,0.07476,0.94123
CVE-2011-2113,0.05991,0.92899
CVE-2011-2114,0.03575,0.88721
CVE-2011-2115,0.07878,0.94367
CVE-2011-2116,0.04296,0.90576
CVE-2011-2117,0.03575,0.88723
CVE-2011-2118,0.04551,0.91051
CVE-2011-2119,0.03575,0.88723
CVE-2011-2120,0.04551,0.91052
CVE-2011-2121,0.06136,0.93045
CVE-2011-2122,0.0441,0.90779
CVE-2011-2123,0.07174,0.93933
CVE-2011-2124,0.04372,0.90723
CVE-2011-2125,0.07313,0.94024
CVE-2011-2126,0.07313,0.94024
CVE-2011-2127,0.04372,0.90724
CVE-2011-2128,0.04372,0.90724
CVE-2011-2130,0.11549,0.95784
CVE-2011-2131,0.222,0.97538
CVE-2011-2132,0.08467,0.94703
CVE-2011-2133,0.02985,0.8655
CVE-2011-2134,0.11549,0.95784
CVE-2011-2135,0.07545,0.94162
CVE-2011-2136,0.09568,0.95182
CVE-2011-2137,0.11549,0.95784
CVE-2011-2138,0.09568,0.95182
CVE-2011-2139,0.05402,0.92226
CVE-2011-2140,0.82258,0.99638
CVE-2011-2141,0.01117,0.6427
CVE-2011-2142,0.00891,0.57413
CVE-2011-2143,0.01243,0.67553
CVE-2011-2144,0.01409,0.71132
CVE-2011-2145,0.00319,0.24692
CVE-2011-2146,0.0032,0.24764
CVE-2011-2147,0.00345,0.27709
CVE-2011-2148,0.05321,0.92143
CVE-2011-2149,0.0235,0.82744
CVE-2011-2150,0.03024,0.86719
CVE-2011-2151,0.02667,0.84903
CVE-2011-2152,0.0264,0.84725
CVE-2011-2153,0.02014,0.79797
CVE-2011-2154,0.02667,0.84902
CVE-2011-2155,0.03913,0.89708
CVE-2011-2156,0.0264,0.84725
CVE-2011-2157,0.0264,0.84725
CVE-2011-2158,0.04384,0.90744
CVE-2011-2159,0.04377,0.90729
CVE-2011-2160,0.01695,0.75844
CVE-2011-2161,0.01233,0.67322
CVE-2011-2162,0.02323,0.82527
CVE-2011-2163,0.01681,0.75635
CVE-2011-2164,0.03825,0.89478
CVE-2011-2165,0.05156,0.91955
CVE-2011-2166,0.0201,0.79758
CVE-2011-2167,0.02206,0.81585
CVE-2011-2168,0.01093,0.63566
CVE-2011-2169,0.00174,0.07052
CVE-2011-2170,0.0016,0.05525
CVE-2011-2171,0.00674,0.50188
CVE-2011-2172,0.01263,0.6803
CVE-2011-2173,0.01125,0.64472
CVE-2011-2174,0.01971,0.79301
CVE-2011-2175,0.02104,0.80697
CVE-2011-2176,0.00324,0.25324
CVE-2011-2177,0.01999,0.796
CVE-2011-2178,0.00283,0.20709
CVE-2011-2179,0.26037,0.97867
CVE-2011-2180,0.01082,0.63299
CVE-2011-2181,0.01147,0.64984
CVE-2011-2182,0.00403,0.33917
CVE-2011-2183,0.00541,0.43862
CVE-2011-2184,0.00382,0.31668
CVE-2011-2185,0.0033,0.26001
CVE-2011-2187,0.00482,0.40194
CVE-2011-2188,0.01745,0.76513
CVE-2011-2189,0.17854,0.96999
CVE-2011-2190,0.00329,0.25883
CVE-2011-2191,0.01398,0.70926
CVE-2011-2192,0.02877,0.86062
CVE-2011-2193,0.02503,0.83819
CVE-2011-2194,0.09181,0.95032
CVE-2011-2195,0.02664,0.84878
CVE-2011-2196,0.02593,0.84441
CVE-2011-2197,0.01962,0.79216
CVE-2011-2198,0.02162,0.81204
CVE-2011-2199,0.05246,0.92066
CVE-2011-2200,0.00386,0.32143
CVE-2011-2201,0.06901,0.93703
CVE-2011-2202,0.19736,0.97252
CVE-2011-2203,0.00432,0.36492
CVE-2011-2204,0.00668,0.49937
CVE-2011-2205,0.02069,0.80359
CVE-2011-2206,0.01282,0.68427
CVE-2011-2207,0.01203,0.66512
CVE-2011-2208,0.00474,0.39656
CVE-2011-2209,0.00462,0.38806
CVE-2011-2210,0.00495,0.41004
CVE-2011-2211,0.00482,0.40159
CVE-2011-2212,0.00708,0.51521
CVE-2011-2213,0.00407,0.34277
CVE-2011-2214,0.04676,0.91253
CVE-2011-2215,0.01187,0.66107
CVE-2011-2216,0.04618,0.91163
CVE-2011-2217,0.41956,0.9861
CVE-2011-2218,0.01135,0.64697
CVE-2011-2219,0.01135,0.64696
CVE-2011-2220,0.16064,0.96727
CVE-2011-2221,0.01351,0.69966
CVE-2011-2222,0.01182,0.66012
CVE-2011-2223,0.01371,0.70391
CVE-2011-2224,0.01163,0.65456
CVE-2011-2225,0.01373,0.70438
CVE-2011-2226,0.01176,0.65812
CVE-2011-2227,0.01705,0.75991
CVE-2011-2230,0.02027,0.79927
CVE-2011-2231,0.01672,0.75506
CVE-2011-2232,0.01434,0.71594
CVE-2011-2237,0.00744,0.52747
CVE-2011-2238,0.01301,0.68848
CVE-2011-2239,0.02032,0.79967
CVE-2011-2240,0.00353,0.28552
CVE-2011-2241,0.01934,0.78903
CVE-2011-2242,0.0028,0.20386
CVE-2011-2243,0.00769,0.53575
CVE-2011-2244,0.01936,0.78936
CVE-2011-2245,0.02118,0.80824
CVE-2011-2246,0.0096,0.5959
CVE-2011-2248,0.01176,0.65815
CVE-2011-2249,0.00411,0.34626
CVE-2011-2250,0.01264,0.68065
CVE-2011-2251,0.01554,0.73742
CVE-2011-2252,0.01938,0.78961
CVE-2011-2253,0.02032,0.79967
CVE-2011-2255,0.02001,0.79635
CVE-2011-2257,0.01845,0.77849
CVE-2011-2258,0.00372,0.30686
CVE-2011-2259,0.00298,0.22371
CVE-2011-2260,0.03294,0.878
CVE-2011-2261,0.03244,0.87603
CVE-2011-2262,0.03041,0.8678
CVE-2011-2263,0.0033,0.25991
CVE-2011-2264,0.31114,0.98164
CVE-2011-2267,0.00343,0.27517
CVE-2011-2271,0.00723,0.52048
CVE-2011-2272,0.00951,0.59325
CVE-2011-2273,0.01239,0.67444
CVE-2011-2274,0.00814,0.55033
CVE-2011-2275,0.00979,0.60246
CVE-2011-2277,0.00988,0.60547
CVE-2011-2278,0.00958,0.59529
CVE-2011-2279,0.00988,0.60547
CVE-2011-2280,0.00912,0.58079
CVE-2011-2281,0.01106,0.63959
CVE-2011-2282,0.00783,0.54027
CVE-2011-2283,0.00988,0.60547
CVE-2011-2284,0.00996,0.60745
CVE-2011-2285,0.0033,0.25916
CVE-2011-2286,0.01104,0.63921
CVE-2011-2287,0.01395,0.70857
CVE-2011-2288,0.02054,0.80203
CVE-2011-2289,0.00345,0.2766
CVE-2011-2290,0.00298,0.22372
CVE-2011-2291,0.00264,0.18296
CVE-2011-2292,0.00306,0.23181
CVE-2011-2293,0.00298,0.22372
CVE-2011-2294,0.01944,0.79021
CVE-2011-2295,0.00332,0.26182
CVE-2011-2296,0.00298,0.22372
CVE-2011-2297,0.00368,0.30155
CVE-2011-2298,0.01944,0.79021
CVE-2011-2299,0.01362,0.70196
CVE-2011-2300,0.00424,0.35835
CVE-2011-2301,0.0224,0.81868
CVE-2011-2302,0.01799,0.77251
CVE-2011-2303,0.00888,0.57312
CVE-2011-2304,0.01485,0.72567
CVE-2011-2305,0.00432,0.36565
CVE-2011-2306,0.01296,0.68738
CVE-2011-2307,0.01362,0.70196
CVE-2011-2308,0.01387,0.70702
CVE-2011-2309,0.01334,0.69565
CVE-2011-2310,0.01842,0.7781
CVE-2011-2311,0.00305,0.23018
CVE-2011-2312,0.00325,0.25456
CVE-2011-2313,0.00358,0.29147
CVE-2011-2314,0.01762,0.76769
CVE-2011-2315,0.01577,0.74089
CVE-2011-2316,0.01504,0.72892
CVE-2011-2317,0.00821,0.55259
CVE-2011-2318,0.0034,0.27182
CVE-2011-2319,0.01778,0.76974
CVE-2011-2320,0.0199,0.79517
CVE-2011-2321,0.00913,0.58108
CVE-2011-2322,0.01053,0.6246
CVE-2011-2323,0.01334,0.69565
CVE-2011-2324,0.01163,0.65447
CVE-2011-2325,0.00913,0.58109
CVE-2011-2326,0.00913,0.58109
CVE-2011-2327,0.00403,0.33879
CVE-2011-2328,0.05905,0.9281
CVE-2011-2329,0.01957,0.79158
CVE-2011-2330,0.01823,0.77568
CVE-2011-2331,0.13345,0.96186
CVE-2011-2332,0.01392,0.70827
CVE-2011-2334,0.00471,0.39412
CVE-2011-2335,0.00605,0.47103
CVE-2011-2336,0.00605,0.47118
CVE-2011-2337,0.00809,0.54858
CVE-2011-2338,0.02618,0.84594
CVE-2011-2339,0.02288,0.8224
CVE-2011-2341,0.02618,0.84594
CVE-2011-2342,0.01509,0.72983
CVE-2011-2343,0.00157,0.05235
CVE-2011-2344,0.01145,0.64921
CVE-2011-2345,0.01132,0.64628
CVE-2011-2346,0.01222,0.67024
CVE-2011-2347,0.01193,0.66265
CVE-2011-2348,0.01475,0.72389
CVE-2011-2349,0.01222,0.67023
CVE-2011-2350,0.01193,0.66264
CVE-2011-2351,0.01578,0.74093
CVE-2011-2352,0.02665,0.84885
CVE-2011-2353,0.00676,0.50291
CVE-2011-2354,0.02665,0.84885
CVE-2011-2356,0.02668,0.84907
CVE-2011-2357,0.04615,0.91159
CVE-2011-2358,0.01036,0.61974
CVE-2011-2359,0.01541,0.73513
CVE-2011-2360,0.01115,0.64201
CVE-2011-2361,0.00837,0.55762
CVE-2011-2362,0.01777,0.76966
CVE-2011-2363,0.05772,0.92659
CVE-2011-2364,0.05459,0.92286
CVE-2011-2365,0.05655,0.92533
CVE-2011-2366,0.01423,0.71401
CVE-2011-2367,0.01841,0.77791
CVE-2011-2368,0.04333,0.90642
CVE-2011-2369,0.01358,0.7011
CVE-2011-2370,0.00975,0.60161
CVE-2011-2371,0.75691,0.99491
CVE-2011-2372,0.00921,0.58329
CVE-2011-2373,0.0496,0.9169
CVE-2011-2374,0.05459,0.92287
CVE-2011-2375,0.05505,0.92341
CVE-2011-2376,0.04372,0.90722
CVE-2011-2377,0.03769,0.89309
CVE-2011-2378,0.05608,0.92474
CVE-2011-2379,0.01669,0.75464
CVE-2011-2380,0.01766,0.76826
CVE-2011-2381,0.01518,0.7313
CVE-2011-2382,0.19305,0.97185
CVE-2011-2383,0.20847,0.97409
CVE-2011-2385,0.01744,0.76503
CVE-2011-2386,0.4522,0.98714
CVE-2011-2391,0.01236,0.67382
CVE-2011-2393,0.01978,0.79376
CVE-2011-2395,0.0229,0.82252
CVE-2011-2397,0.05289,0.92113
CVE-2011-2398,0.0031,0.23639
CVE-2011-2399,0.04549,0.91047
CVE-2011-2400,0.03249,0.87624
CVE-2011-2401,0.04129,0.90245
CVE-2011-2402,0.03082,0.86948
CVE-2011-2403,0.01969,0.79273
CVE-2011-2404,0.7374,0.99445
CVE-2011-2405,0.02308,0.82405
CVE-2011-2406,0.00889,0.57355
CVE-2011-2407,0.02519,0.83948
CVE-2011-2408,0.01463,0.72147
CVE-2011-2409,0.01463,0.72146
CVE-2011-2410,0.01479,0.72447
CVE-2011-2411,0.0599,0.92898
CVE-2011-2412,0.07516,0.94145
CVE-2011-2414,0.11848,0.95854
CVE-2011-2415,0.11848,0.95853
CVE-2011-2416,0.09568,0.95182
CVE-2011-2417,0.07744,0.94289
CVE-2011-2419,0.05312,0.92135
CVE-2011-2420,0.04917,0.91616
CVE-2011-2421,0.04296,0.90576
CVE-2011-2422,0.04917,0.91616
CVE-2011-2423,0.06488,0.93364
CVE-2011-2424,0.06905,0.93708
CVE-2011-2425,0.07744,0.94289
CVE-2011-2426,0.08197,0.94552
CVE-2011-2427,0.06359,0.9325
CVE-2011-2428,0.05251,0.92072
CVE-2011-2429,0.04052,0.90067
CVE-2011-2430,0.0627,0.93173
CVE-2011-2431,0.04903,0.91597
CVE-2011-2432,0.0594,0.92846
CVE-2011-2433,0.0594,0.92846
CVE-2011-2434,0.0594,0.92846
CVE-2011-2435,0.0594,0.92845
CVE-2011-2436,0.0594,0.92845
CVE-2011-2437,0.0594,0.92846
CVE-2011-2438,0.0594,0.92845
CVE-2011-2439,0.04903,0.91597
CVE-2011-2440,0.04903,0.91596
CVE-2011-2441,0.07964,0.94414
CVE-2011-2442,0.04903,0.91597
CVE-2011-2443,0.13688,0.96272
CVE-2011-2444,0.02701,0.85102
CVE-2011-2445,0.05925,0.9283
CVE-2011-2446,0.03657,0.88986
CVE-2011-2447,0.03657,0.88986
CVE-2011-2448,0.03657,0.88986
CVE-2011-2449,0.03657,0.88986
CVE-2011-2450,0.05847,0.92754
CVE-2011-2451,0.05847,0.92754
CVE-2011-2452,0.05847,0.92754
CVE-2011-2453,0.05847,0.92755
CVE-2011-2454,0.05847,0.92755
CVE-2011-2455,0.05847,0.92753
CVE-2011-2456,0.0896,0.94953
CVE-2011-2457,0.0896,0.94954
CVE-2011-2458,0.03596,0.88785
CVE-2011-2459,0.05847,0.92754
CVE-2011-2460,0.05847,0.92755
CVE-2011-2461,0.07689,0.94254
CVE-2011-2462,0.86563,0.99727
CVE-2011-2463,0.02254,0.81971
CVE-2011-2464,0.19265,0.9718
CVE-2011-2465,0.0888,0.94919
CVE-2011-2467,0.0072,0.51941
CVE-2011-2468,0.01895,0.78456
CVE-2011-2470,0.01082,0.63299
CVE-2011-2471,0.00484,0.4027
CVE-2011-2472,0.00542,0.43908
CVE-2011-2473,0.00401,0.33692
CVE-2011-2474,0.63612,0.99169
CVE-2011-2475,0.03677,0.89041
CVE-2011-2476,0.01086,0.63405
CVE-2011-2477,0.00867,0.56705
CVE-2011-2478,0.02129,0.80924
CVE-2011-2479,0.00513,0.42176
CVE-2011-2480,0.01592,0.74298
CVE-2011-2481,0.0084,0.55835
CVE-2011-2482,0.03769,0.89311
CVE-2011-2483,0.04972,0.91705
CVE-2011-2484,0.00388,0.32363
CVE-2011-2485,0.03129,0.87139
CVE-2011-2486,0.0247,0.83602
CVE-2011-2487,0.01756,0.76675
CVE-2011-2488,0.01442,0.71742
CVE-2011-2489,0.00534,0.43444
CVE-2011-2490,0.00534,0.43444
CVE-2011-2491,0.00399,0.33482
CVE-2011-2492,0.00354,0.28672
CVE-2011-2493,0.00466,0.39059
CVE-2011-2494,0.00354,0.28669
CVE-2011-2495,0.00483,0.40256
CVE-2011-2496,0.00487,0.40489
CVE-2011-2497,0.01974,0.79324
CVE-2011-2498,0.00389,0.32457
CVE-2011-2499,0.00649,0.49143
CVE-2011-2500,0.02565,0.84243
CVE-2011-2501,0.03484,0.88457
CVE-2011-2502,0.0052,0.42647
CVE-2011-2503,0.00441,0.37271
CVE-2011-2504,0.00396,0.33155
CVE-2011-2505,0.12879,0.96078
CVE-2011-2506,0.09626,0.95202
CVE-2011-2507,0.02974,0.86498
CVE-2011-2508,0.01913,0.78659
CVE-2011-2509,0.01089,0.63478
CVE-2011-2510,0.01745,0.76519
CVE-2011-2511,0.03536,0.88606
CVE-2011-2512,0.01903,0.78554
CVE-2011-2513,0.02497,0.83781
CVE-2011-2514,0.02397,0.83079
CVE-2011-2515,0.00393,0.32807
CVE-2011-2516,0.0772,0.94275
CVE-2011-2517,0.00377,0.31156
CVE-2011-2518,0.00403,0.33914
CVE-2011-2519,0.00671,0.50054
CVE-2011-2520,0.00421,0.35608
CVE-2011-2521,0.00392,0.32722
CVE-2011-2522,0.10046,0.9535
CVE-2011-2523,0.96184,0.99876
CVE-2011-2524,0.01925,0.78809
CVE-2011-2525,0.00496,0.41068
CVE-2011-2526,0.00699,0.51191
CVE-2011-2527,0.00439,0.3712
CVE-2011-2528,0.02031,0.7996
CVE-2011-2529,0.04276,0.90541
CVE-2011-2530,0.07588,0.94191
CVE-2011-2531,0.01429,0.71511
CVE-2011-2532,0.01447,0.71842
CVE-2011-2533,0.00286,0.21016
CVE-2011-2534,0.00462,0.38822
CVE-2011-2535,0.04612,0.91152
CVE-2011-2536,0.01945,0.79042
CVE-2011-2538,0.02567,0.84261
CVE-2011-2543,0.11503,0.95775
CVE-2011-2544,0.04681,0.91257
CVE-2011-2545,0.00943,0.59078
CVE-2011-2546,0.01094,0.63578
CVE-2011-2547,0.022,0.81533
CVE-2011-2549,0.01702,0.75943
CVE-2011-2555,0.03366,0.88055
CVE-2011-2560,0.01763,0.76775
CVE-2011-2561,0.0106,0.62664
CVE-2011-2562,0.01205,0.66567
CVE-2011-2563,0.01633,0.7493
CVE-2011-2564,0.01633,0.74931
CVE-2011-2569,0.00327,0.25583
CVE-2011-2577,0.12723,0.96038
CVE-2011-2578,0.0269,0.85045
CVE-2011-2581,0.01992,0.79543
CVE-2011-2583,0.02322,0.82515
CVE-2011-2584,0.02177,0.81332
CVE-2011-2585,0.02131,0.80935
CVE-2011-2586,0.01189,0.66176
CVE-2011-2587,0.03695,0.89089
CVE-2011-2588,0.03695,0.89089
CVE-2011-2589,0.04172,0.90325
CVE-2011-2590,0.01941,0.78994
CVE-2011-2591,0.05388,0.92214
CVE-2011-2592,0.14857,0.96495
CVE-2011-2593,0.03986,0.89921
CVE-2011-2594,0.04003,0.89961
CVE-2011-2595,0.59689,0.99075
CVE-2011-2597,0.02496,0.83774
CVE-2011-2598,0.013,0.68832
CVE-2011-2599,0.00805,0.5476
CVE-2011-2600,0.11764,0.95833
CVE-2011-2601,0.01635,0.74969
CVE-2011-2602,0.01865,0.78103
CVE-2011-2603,0.01865,0.78104
CVE-2011-2604,0.01865,0.78103
CVE-2011-2605,0.01034,0.61917
CVE-2011-2606,0.01086,0.63406
CVE-2011-2607,0.01086,0.63406
CVE-2011-2608,0.048,0.91439
CVE-2011-2609,0.01633,0.74925
CVE-2011-2610,0.02078,0.80436
CVE-2011-2611,0.0143,0.71529
CVE-2011-2612,0.02234,0.81809
CVE-2011-2613,0.02234,0.81809
CVE-2011-2614,0.02234,0.81808
CVE-2011-2615,0.02214,0.81655
CVE-2011-2616,0.02234,0.81812
CVE-2011-2617,0.02234,0.81809
CVE-2011-2618,0.02234,0.8181
CVE-2011-2619,0.02234,0.81811
CVE-2011-2620,0.02234,0.81811
CVE-2011-2621,0.02234,0.81811
CVE-2011-2622,0.02214,0.81654
CVE-2011-2623,0.02234,0.81812
CVE-2011-2624,0.01885,0.78333
CVE-2011-2625,0.02234,0.81809
CVE-2011-2626,0.02234,0.81811
CVE-2011-2627,0.02214,0.81655
CVE-2011-2628,0.13387,0.96198
CVE-2011-2629,0.02234,0.81812
CVE-2011-2630,0.01442,0.71749
CVE-2011-2631,0.02234,0.81812
CVE-2011-2632,0.02214,0.81654
CVE-2011-2633,0.01348,0.69893
CVE-2011-2634,0.01934,0.7891
CVE-2011-2635,0.02234,0.8181
CVE-2011-2636,0.02214,0.81655
CVE-2011-2637,0.02214,0.81655
CVE-2011-2638,0.02214,0.81654
CVE-2011-2639,0.02234,0.8181
CVE-2011-2640,0.02258,0.82
CVE-2011-2641,0.05445,0.92275
CVE-2011-2642,0.01736,0.76408
CVE-2011-2643,0.0332,0.87894
CVE-2011-2644,0.01212,0.66799
CVE-2011-2645,0.02657,0.84833
CVE-2011-2646,0.02657,0.84833
CVE-2011-2647,0.02657,0.84833
CVE-2011-2648,0.02657,0.84832
CVE-2011-2649,0.01688,0.75755
CVE-2011-2650,0.01212,0.66798
CVE-2011-2651,0.02657,0.84832
CVE-2011-2652,0.01212,0.66799
CVE-2011-2653,0.72493,0.99407
CVE-2011-2654,0.03634,0.88895
CVE-2011-2655,0.03525,0.88576
CVE-2011-2656,0.03525,0.88576
CVE-2011-2657,0.48366,0.98793
CVE-2011-2658,0.02671,0.84928
CVE-2011-2660,0.03167,0.87289
CVE-2011-2661,0.00943,0.59083
CVE-2011-2662,0.04092,0.90155
CVE-2011-2663,0.05394,0.9222
CVE-2011-2664,0.00302,0.22765
CVE-2011-2665,0.03972,0.89889
CVE-2011-2666,0.01329,0.69438
CVE-2011-2667,0.16205,0.96752
CVE-2011-2668,0.01111,0.64108
CVE-2011-2669,0.00562,0.44995
CVE-2011-2670,0.00697,0.51101
CVE-2011-2671,0.01661,0.75351
CVE-2011-2672,0.01263,0.68018
CVE-2011-2673,0.01542,0.73526
CVE-2011-2674,0.01344,0.69808
CVE-2011-2675,0.01086,0.63409
CVE-2011-2676,0.01263,0.68046
CVE-2011-2677,0.01193,0.66252
CVE-2011-2678,0.0036,0.29392
CVE-2011-2679,0.01223,0.67057
CVE-2011-2680,0.01769,0.7686
CVE-2011-2681,0.01769,0.76862
CVE-2011-2682,0.01174,0.65779
CVE-2011-2683,0.01332,0.69509
CVE-2011-2684,0.0041,0.34521
CVE-2011-2685,0.07042,0.93823
CVE-2011-2686,0.02582,0.84361
CVE-2011-2687,0.03056,0.86853
CVE-2011-2688,0.05659,0.92538
CVE-2011-2689,0.00406,0.34212
CVE-2011-2690,0.03292,0.87795
CVE-2011-2691,0.03861,0.89582
CVE-2011-2692,0.04227,0.90446
CVE-2011-2693,0.00313,0.24083
CVE-2011-2694,0.06049,0.92956
CVE-2011-2695,0.00451,0.38045
CVE-2011-2696,0.04647,0.91208
CVE-2011-2697,0.10795,0.95586
CVE-2011-2698,0.02289,0.82244
CVE-2011-2699,0.05679,0.92556
CVE-2011-2700,0.00507,0.4174
CVE-2011-2701,0.01847,0.77869
CVE-2011-2702,0.08458,0.94699
CVE-2011-2703,0.02734,0.85287
CVE-2011-2704,0.0522,0.9204
CVE-2011-2705,0.02248,0.81922
CVE-2011-2706,0.00699,0.51163
CVE-2011-2707,0.00367,0.30063
CVE-2011-2709,0.0044,0.37203
CVE-2011-2710,0.01264,0.68074
CVE-2011-2711,0.01882,0.78298
CVE-2011-2712,0.0328,0.87739
CVE-2011-2713,0.02876,0.86057
CVE-2011-2714,0.01202,0.66476
CVE-2011-2715,0.01065,0.62798
CVE-2011-2716,0.018,0.77254
CVE-2011-2717,0.0393,0.8978
CVE-2011-2718,0.01677,0.75578
CVE-2011-2719,0.0243,0.8333
CVE-2011-2720,0.0285,0.85933
CVE-2011-2721,0.03377,0.8809
CVE-2011-2722,0.00444,0.37487
CVE-2011-2723,0.01106,0.63974
CVE-2011-2724,0.00431,0.36459
CVE-2011-2725,0.02952,0.86412
CVE-2011-2726,0.01598,0.74388
CVE-2011-2727,0.01533,0.73373
CVE-2011-2728,0.01385,0.70672
CVE-2011-2729,0.07243,0.93978
CVE-2011-2730,0.11779,0.95837
CVE-2011-2731,0.01256,0.67879
CVE-2011-2732,0.04646,0.91206
CVE-2011-2733,0.01289,0.68577
CVE-2011-2735,0.02335,0.82623
CVE-2011-2736,0.01229,0.67205
CVE-2011-2737,0.01229,0.6721
CVE-2011-2738,0.10963,0.95636
CVE-2011-2739,0.02685,0.85017
CVE-2011-2740,0.03396,0.88153
CVE-2011-2741,0.01181,0.65985
CVE-2011-2742,0.01181,0.65985
CVE-2011-2743,0.02327,0.82558
CVE-2011-2744,0.0896,0.94954
CVE-2011-2745,0.0203,0.7995
CVE-2011-2746,0.01737,0.76413
CVE-2011-2747,0.04295,0.90573
CVE-2011-2748,0.38775,0.985
CVE-2011-2749,0.38775,0.98499
CVE-2011-2750,0.16676,0.96843
CVE-2011-2751,0.01113,0.64152
CVE-2011-2752,0.01935,0.78918
CVE-2011-2753,0.01081,0.63256
CVE-2011-2754,0.00845,0.55999
CVE-2011-2755,0.30878,0.9815
CVE-2011-2756,0.01978,0.79373
CVE-2011-2757,0.39366,0.98522
CVE-2011-2758,0.02129,0.80921
CVE-2011-2759,0.01325,0.69368
CVE-2011-2760,0.0157,0.7397
CVE-2011-2761,0.00965,0.59764
CVE-2011-2762,0.02268,0.82068
CVE-2011-2763,0.36139,0.98385
CVE-2011-2764,0.0869,0.94824
CVE-2011-2765,0.02207,0.81589
CVE-2011-2766,0.07238,0.93974
CVE-2011-2767,0.08946,0.94945
CVE-2011-2768,0.00723,0.52049
CVE-2011-2769,0.01137,0.64731
CVE-2011-2770,0.01077,0.63127
CVE-2011-2771,0.01801,0.77269
CVE-2011-2772,0.02271,0.82093
CVE-2011-2773,0.00955,0.59447
CVE-2011-2774,0.01014,0.61322
CVE-2011-2776,0.00433,0.36645
CVE-2011-2777,0.00612,0.47423
CVE-2011-2778,0.03768,0.89305
CVE-2011-2779,0.00553,0.44512
CVE-2011-2780,0.12991,0.96102
CVE-2011-2782,0.0129,0.68592
CVE-2011-2783,0.01044,0.62203
CVE-2011-2784,0.00685,0.5068
CVE-2011-2785,0.01017,0.61381
CVE-2011-2786,0.00852,0.56219
CVE-2011-2787,0.01141,0.64842
CVE-2011-2788,0.01457,0.72023
CVE-2011-2789,0.01193,0.66264
CVE-2011-2790,0.0161,0.74558
CVE-2011-2791,0.01193,0.66263
CVE-2011-2792,0.01572,0.74007
CVE-2011-2793,0.01222,0.67023
CVE-2011-2794,0.01193,0.66264
CVE-2011-2795,0.01166,0.65539
CVE-2011-2796,0.01193,0.66263
CVE-2011-2797,0.0161,0.74558
CVE-2011-2798,0.00946,0.59182
CVE-2011-2799,0.0161,0.74558
CVE-2011-2800,0.01426,0.71455
CVE-2011-2801,0.01193,0.66264
CVE-2011-2802,0.01025,0.61647
CVE-2011-2803,0.01222,0.67023
CVE-2011-2804,0.01411,0.71168
CVE-2011-2805,0.01382,0.70608
CVE-2011-2806,0.02309,0.82412
CVE-2011-2807,0.00471,0.39412
CVE-2011-2808,0.00972,0.60035
CVE-2011-2809,0.02595,0.84453
CVE-2011-2811,0.02216,0.81664
CVE-2011-2813,0.02288,0.82241
CVE-2011-2814,0.02288,0.82241
CVE-2011-2815,0.02288,0.82241
CVE-2011-2816,0.02288,0.82242
CVE-2011-2817,0.02288,0.82242
CVE-2011-2818,0.01375,0.70491
CVE-2011-2819,0.01382,0.70607
CVE-2011-2820,0.02288,0.8224
CVE-2011-2821,0.01693,0.75826
CVE-2011-2822,0.00877,0.57034
CVE-2011-2823,0.01649,0.75174
CVE-2011-2824,0.01112,0.64117
CVE-2011-2825,0.02347,0.82721
CVE-2011-2826,0.0114,0.64821
CVE-2011-2827,0.01807,0.77351
CVE-2011-2828,0.01112,0.64117
CVE-2011-2829,0.01009,0.61156
CVE-2011-2830,0.0118,0.65942
CVE-2011-2831,0.02288,0.8224
CVE-2011-2833,0.04141,0.90269
CVE-2011-2834,0.02045,0.8011
CVE-2011-2835,0.00477,0.39807
CVE-2011-2836,0.0119,0.66195
CVE-2011-2837,0.00992,0.60632
CVE-2011-2838,0.01025,0.61659
CVE-2011-2839,0.01336,0.69626
CVE-2011-2840,0.01127,0.6452
CVE-2011-2841,0.03692,0.89084
CVE-2011-2842,0.01004,0.61028
CVE-2011-2843,0.01199,0.66411
CVE-2011-2844,0.01296,0.68714
CVE-2011-2845,0.01164,0.65488
CVE-2011-2846,0.01541,0.73513
CVE-2011-2847,0.0156,0.73833
CVE-2011-2848,0.01017,0.61381
CVE-2011-2849,0.01159,0.65335
CVE-2011-2850,0.01263,0.68045
CVE-2011-2851,0.01296,0.68714
CVE-2011-2852,0.01193,0.66263
CVE-2011-2853,0.01345,0.69817
CVE-2011-2854,0.01698,0.75879
CVE-2011-2855,0.0156,0.73832
CVE-2011-2856,0.00934,0.58794
CVE-2011-2857,0.0156,0.73833
CVE-2011-2858,0.01263,0.68045
CVE-2011-2859,0.00889,0.57339
CVE-2011-2860,0.01758,0.76706
CVE-2011-2861,0.01475,0.72389
CVE-2011-2862,0.00894,0.57519
CVE-2011-2863,0.0072,0.5193
CVE-2011-2864,0.01296,0.68714
CVE-2011-2866,0.02475,0.83638
CVE-2011-2867,0.04136,0.9026
CVE-2011-2868,0.04136,0.9026
CVE-2011-2869,0.04136,0.90261
CVE-2011-2870,0.04136,0.90261
CVE-2011-2871,0.04136,0.9026
CVE-2011-2872,0.04136,0.90261
CVE-2011-2873,0.04136,0.90261
CVE-2011-2874,0.00681,0.50485
CVE-2011-2875,0.01306,0.6896
CVE-2011-2876,0.01029,0.61754
CVE-2011-2877,0.0136,0.70155
CVE-2011-2878,0.01019,0.61428
CVE-2011-2879,0.009,0.57691
CVE-2011-2880,0.01054,0.62486
CVE-2011-2881,0.01126,0.64498
CVE-2011-2882,0.56368,0.98996
CVE-2011-2883,0.01529,0.7329
CVE-2011-2884,0.0234,0.82663
CVE-2011-2885,0.02165,0.81222
CVE-2011-2886,0.01453,0.71947
CVE-2011-2887,0.02165,0.81222
CVE-2011-2888,0.02165,0.81223
CVE-2011-2889,0.01365,0.70258
CVE-2011-2890,0.01147,0.6497
CVE-2011-2891,0.01385,0.70671
CVE-2011-2892,0.00764,0.53425
CVE-2011-2893,0.01453,0.71947
CVE-2011-2894,0.08601,0.94776
CVE-2011-2895,0.08355,0.94634
CVE-2011-2896,0.11993,0.9589
CVE-2011-2897,0.01944,0.79028
CVE-2011-2898,0.00448,0.37819
CVE-2011-2899,0.01967,0.79248
CVE-2011-2900,0.13256,0.96161
CVE-2011-2901,0.0059,0.46395
CVE-2011-2902,0.01395,0.70875
CVE-2011-2903,0.02333,0.82607
CVE-2011-2904,0.01957,0.79158
CVE-2011-2905,0.00395,0.33089
CVE-2011-2906,0.00477,0.39802
CVE-2011-2907,0.02879,0.86069
CVE-2011-2908,0.01567,0.73932
CVE-2011-2909,0.00367,0.30077
CVE-2011-2910,0.00375,0.30906
CVE-2011-2911,0.04345,0.90666
CVE-2011-2912,0.04345,0.90666
CVE-2011-2913,0.04578,0.91096
CVE-2011-2914,0.04583,0.91104
CVE-2011-2915,0.04199,0.90382
CVE-2011-2916,0.00246,0.15989
CVE-2011-2917,0.01187,0.66126
CVE-2011-2918,0.00921,0.58326
CVE-2011-2919,0.01188,0.66143
CVE-2011-2920,0.0204,0.80048
CVE-2011-2921,0.83114,0.99656
CVE-2011-2922,0.00684,0.50606
CVE-2011-2923,0.00402,0.33774
CVE-2011-2924,0.00434,0.36751
CVE-2011-2925,0.00391,0.32653
CVE-2011-2927,0.01468,0.72274
CVE-2011-2928,0.00506,0.41728
CVE-2011-2929,0.01813,0.77443
CVE-2011-2930,0.02319,0.82497
CVE-2011-2931,0.02492,0.8375
CVE-2011-2932,0.02492,0.8375
CVE-2011-2933,0.01112,0.64117
CVE-2011-2934,0.00503,0.41501
CVE-2011-2935,0.01057,0.62575
CVE-2011-2936,0.01546,0.73594
CVE-2011-2937,0.02453,0.83491
CVE-2011-2938,0.04529,0.91001
CVE-2011-2939,0.02557,0.84198
CVE-2011-2940,0.05711,0.92589
CVE-2011-2941,0.01128,0.64545
CVE-2011-2942,0.01786,0.77073
CVE-2011-2943,0.03596,0.88785
CVE-2011-2944,0.02684,0.85
CVE-2011-2945,0.0418,0.90346
CVE-2011-2946,0.04145,0.90276
CVE-2011-2947,0.01059,0.62635
CVE-2011-2948,0.04342,0.90659
CVE-2011-2949,0.0503,0.91781
CVE-2011-2950,0.28612,0.98024
CVE-2011-2951,0.0503,0.91781
CVE-2011-2952,0.03682,0.89053
CVE-2011-2953,0.03285,0.87765
CVE-2011-2954,0.03682,0.89052
CVE-2011-2955,0.03682,0.89053
CVE-2011-2956,0.06742,0.93576
CVE-2011-2957,0.00644,0.4895
CVE-2011-2958,0.01197,0.66351
CVE-2011-2959,0.06879,0.93683
CVE-2011-2960,0.17566,0.96963
CVE-2011-2961,0.06488,0.93364
CVE-2011-2962,0.04564,0.91073
CVE-2011-2963,0.07625,0.94218
CVE-2011-2964,0.04955,0.91684
CVE-2011-2975,0.04603,0.91138
CVE-2011-2976,0.01446,0.71818
CVE-2011-2977,0.0029,0.21446
CVE-2011-2978,0.01713,0.76103
CVE-2011-2979,0.02065,0.80308
CVE-2011-2980,0.00297,0.22216
CVE-2011-2981,0.0226,0.82012
CVE-2011-2982,0.05312,0.92135
CVE-2011-2983,0.01589,0.7425
CVE-2011-2984,0.03591,0.88772
CVE-2011-2985,0.05312,0.92135
CVE-2011-2986,0.01195,0.66304
CVE-2011-2987,0.05485,0.92319
CVE-2011-2988,0.05485,0.92318
CVE-2011-2989,0.0452,0.90983
CVE-2011-2990,0.00969,0.5994
CVE-2011-2991,0.0452,0.90983
CVE-2011-2992,0.03619,0.88852
CVE-2011-2993,0.01261,0.67978
CVE-2011-2995,0.04372,0.90723
CVE-2011-2996,0.045,0.90951
CVE-2011-2997,0.05459,0.92286
CVE-2011-2998,0.05368,0.92195
CVE-2011-2999,0.01095,0.6367
CVE-2011-3000,0.02018,0.79829
CVE-2011-3001,0.01467,0.72245
CVE-2011-3002,0.03346,0.87987
CVE-2011-3003,0.04266,0.9052
CVE-2011-3004,0.01136,0.64719
CVE-2011-3005,0.03983,0.89915
CVE-2011-3006,0.02129,0.80919
CVE-2011-3007,0.01188,0.6614
CVE-2011-3008,0.01535,0.73399
CVE-2011-3009,0.02023,0.79887
CVE-2011-3010,0.05476,0.92307
CVE-2011-3011,0.71631,0.99384
CVE-2011-3012,0.07955,0.94412
CVE-2011-3013,0.01188,0.66135
CVE-2011-3014,0.01188,0.66135
CVE-2011-3015,0.0108,0.63218
CVE-2011-3016,0.01561,0.73842
CVE-2011-3017,0.0115,0.65087
CVE-2011-3018,0.01341,0.69744
CVE-2011-3019,0.01017,0.61393
CVE-2011-3020,0.00799,0.54533
CVE-2011-3021,0.01897,0.78486
CVE-2011-3022,0.00776,0.538
CVE-2011-3023,0.00961,0.59602
CVE-2011-3024,0.00742,0.52696
CVE-2011-3025,0.01051,0.62375
CVE-2011-3026,0.73347,0.99432
CVE-2011-3027,0.01561,0.73843
CVE-2011-3031,0.02188,0.81413
CVE-2011-3032,0.01848,0.77891
CVE-2011-3033,0.02184,0.81381
CVE-2011-3034,0.01707,0.76015
CVE-2011-3035,0.01707,0.76016
CVE-2011-3036,0.01707,0.76015
CVE-2011-3037,0.01848,0.77891
CVE-2011-3038,0.02027,0.7992
CVE-2011-3039,0.01707,0.76015
CVE-2011-3040,0.01707,0.76015
CVE-2011-3041,0.01707,0.76014
CVE-2011-3042,0.01746,0.76525
CVE-2011-3043,0.01707,0.76014
CVE-2011-3044,0.01707,0.76014
CVE-2011-3045,0.03556,0.88661
CVE-2011-3046,0.04816,0.91462
CVE-2011-3047,0.03343,0.87978
CVE-2011-3048,0.06593,0.93456
CVE-2011-3049,0.02078,0.80432
CVE-2011-3050,0.02135,0.80977
CVE-2011-3051,0.0176,0.76735
CVE-2011-3052,0.01912,0.78655
CVE-2011-3053,0.01748,0.76549
CVE-2011-3054,0.01813,0.77436
CVE-2011-3055,0.01693,0.7582
CVE-2011-3056,0.01326,0.69395
CVE-2011-3057,0.01719,0.76179
CVE-2011-3058,0.01517,0.73112
CVE-2011-3059,0.01859,0.78039
CVE-2011-3060,0.0218,0.81353
CVE-2011-3061,0.0096,0.59576
CVE-2011-3062,0.01694,0.75836
CVE-2011-3063,0.01147,0.64978
CVE-2011-3064,0.02124,0.80877
CVE-2011-3065,0.01868,0.78134
CVE-2011-3066,0.01674,0.75535
CVE-2011-3067,0.013,0.68837
CVE-2011-3068,0.01887,0.78362
CVE-2011-3069,0.01944,0.79026
CVE-2011-3070,0.01958,0.7917
CVE-2011-3071,0.02099,0.80661
CVE-2011-3072,0.0118,0.65945
CVE-2011-3073,0.01944,0.79026
CVE-2011-3074,0.01944,0.79026
CVE-2011-3075,0.02099,0.80662
CVE-2011-3076,0.01944,0.79026
CVE-2011-3077,0.01907,0.78595
CVE-2011-3078,0.02198,0.81515
CVE-2011-3079,0.01429,0.71513
CVE-2011-3080,0.01143,0.6489
CVE-2011-3081,0.03105,0.87035
CVE-2011-3083,0.01309,0.69009
CVE-2011-3084,0.01292,0.68632
CVE-2011-3085,0.01414,0.71236
CVE-2011-3086,0.03344,0.87981
CVE-2011-3087,0.01302,0.68865
CVE-2011-3088,0.01422,0.71383
CVE-2011-3089,0.02625,0.84632
CVE-2011-3090,0.0185,0.7792
CVE-2011-3091,0.02247,0.81919
CVE-2011-3092,0.02199,0.81526
CVE-2011-3093,0.01472,0.72335
CVE-2011-3094,0.0147,0.72287
CVE-2011-3095,0.02181,0.81362
CVE-2011-3096,0.01414,0.71243
CVE-2011-3097,0.02618,0.84586
CVE-2011-3098,0.00274,0.19676
CVE-2011-3099,0.02579,0.84339
CVE-2011-3100,0.01503,0.72874
CVE-2011-3101,0.01829,0.77639
CVE-2011-3102,0.0266,0.84851
CVE-2011-3103,0.01673,0.75515
CVE-2011-3104,0.01458,0.7206
CVE-2011-3105,0.01805,0.7732
CVE-2011-3106,0.04272,0.90534
CVE-2011-3107,0.01612,0.74595
CVE-2011-3108,0.04065,0.90091
CVE-2011-3109,0.01414,0.71243
CVE-2011-3110,0.01614,0.74637
CVE-2011-3111,0.01458,0.7206
CVE-2011-3112,0.01436,0.71641
CVE-2011-3113,0.01425,0.71443
CVE-2011-3114,0.01509,0.72993
CVE-2011-3115,0.01777,0.76964
CVE-2011-3122,0.02573,0.843
CVE-2011-3123,0.00364,0.29785
CVE-2011-3124,0.00364,0.29784
CVE-2011-3125,0.02443,0.83409
CVE-2011-3126,0.02209,0.81608
CVE-2011-3127,0.01525,0.73244
CVE-2011-3128,0.02448,0.83456
CVE-2011-3129,0.02015,0.79802
CVE-2011-3130,0.01602,0.74441
CVE-2011-3131,0.0044,0.37188
CVE-2011-3132,0.01674,0.75536
CVE-2011-3133,0.01702,0.75944
CVE-2011-3134,0.02201,0.81549
CVE-2011-3135,0.01571,0.73999
CVE-2011-3136,0.01524,0.73219
CVE-2011-3137,0.01769,0.7686
CVE-2011-3138,0.01762,0.76762
CVE-2011-3140,0.02151,0.81124
CVE-2011-3141,0.04047,0.90056
CVE-2011-3142,0.381,0.98471
CVE-2011-3143,0.07506,0.9414
CVE-2011-3144,0.02509,0.83866
CVE-2011-3145,0.0098,0.60285
CVE-2011-3146,0.04418,0.90798
CVE-2011-3147,0.0074,0.52613
CVE-2011-3148,0.00696,0.51061
CVE-2011-3149,0.00532,0.43372
CVE-2011-3150,0.01904,0.78562
CVE-2011-3151,0.00601,0.46935
CVE-2011-3152,0.02291,0.82265
CVE-2011-3153,0.00316,0.24326
CVE-2011-3154,0.00326,0.25478
CVE-2011-3155,0.01987,0.79479
CVE-2011-3156,0.1169,0.95819
CVE-2011-3157,0.1169,0.95818
CVE-2011-3158,0.1169,0.95818
CVE-2011-3159,0.1169,0.95818
CVE-2011-3160,0.1169,0.95819
CVE-2011-3161,0.1169,0.95818
CVE-2011-3162,0.1169,0.95819
CVE-2011-3163,0.00428,0.36152
CVE-2011-3164,0.00331,0.26098
CVE-2011-3165,0.12003,0.95892
CVE-2011-3166,0.12003,0.95891
CVE-2011-3167,0.66402,0.99238
CVE-2011-3168,0.01976,0.79356
CVE-2011-3169,0.02109,0.80748
CVE-2011-3170,0.03948,0.89823
CVE-2011-3171,0.00585,0.46164
CVE-2011-3172,0.01029,0.61745
CVE-2011-3173,0.04831,0.91485
CVE-2011-3174,0.029,0.86176
CVE-2011-3175,0.66053,0.99231
CVE-2011-3176,0.70068,0.99338
CVE-2011-3177,0.00311,0.23776
CVE-2011-3178,0.01304,0.68903
CVE-2011-3179,0.01188,0.66136
CVE-2011-3180,0.02578,0.84334
CVE-2011-3181,0.02326,0.82543
CVE-2011-3182,0.19152,0.97165
CVE-2011-3183,0.00686,0.50695
CVE-2011-3184,0.03858,0.8957
CVE-2011-3185,0.04794,0.9143
CVE-2011-3186,0.01748,0.76556
CVE-2011-3187,0.06666,0.93505
CVE-2011-3188,0.05044,0.91811
CVE-2011-3189,0.04205,0.90397
CVE-2011-3190,0.15226,0.96556
CVE-2011-3191,0.01077,0.63141
CVE-2011-3192,0.98828,0.99925
CVE-2011-3193,0.07252,0.93984
CVE-2011-3194,0.06951,0.93744
CVE-2011-3195,0.01555,0.7376
CVE-2011-3196,0.00343,0.27506
CVE-2011-3197,0.01179,0.65913
CVE-2011-3198,0.00343,0.27505
CVE-2011-3199,0.00961,0.59664
CVE-2011-3200,0.20759,0.97397
CVE-2011-3201,0.02673,0.84943
CVE-2011-3202,0.00804,0.5469
CVE-2011-3203,0.02402,0.8311
CVE-2011-3204,0.00286,0.21015
CVE-2011-3205,0.27454,0.97953
CVE-2011-3206,0.01087,0.63438
CVE-2011-3207,0.04359,0.90692
CVE-2011-3208,0.05365,0.92192
CVE-2011-3209,0.00481,0.40135
CVE-2011-3210,0.04561,0.91068
CVE-2011-3211,0.04798,0.91437
CVE-2011-3212,0.00382,0.31631
CVE-2011-3213,0.01117,0.6425
CVE-2011-3214,0.00364,0.2979
CVE-2011-3215,0.00369,0.30233
CVE-2011-3216,0.00348,0.27999
CVE-2011-3217,0.02864,0.86001
CVE-2011-3218,0.01293,0.6867
CVE-2011-3219,0.04756,0.91377
CVE-2011-3220,0.0189,0.78396
CVE-2011-3221,0.02961,0.86446
CVE-2011-3222,0.03363,0.88046
CVE-2011-3223,0.03363,0.88045
CVE-2011-3224,0.0176,0.76726
CVE-2011-3225,0.01935,0.78919
CVE-2011-3226,0.01991,0.79524
CVE-2011-3227,0.01838,0.77758
CVE-2011-3228,0.03157,0.87248
CVE-2011-3229,0.02081,0.8047
CVE-2011-3230,0.49307,0.98818
CVE-2011-3231,0.0135,0.69918
CVE-2011-3232,0.0503,0.91783
CVE-2011-3233,0.02301,0.82354
CVE-2011-3234,0.01879,0.78269
CVE-2011-3235,0.0268,0.84984
CVE-2011-3236,0.0268,0.84984
CVE-2011-3237,0.0268,0.84984
CVE-2011-3238,0.02631,0.84677
CVE-2011-3239,0.02301,0.82353
CVE-2011-3241,0.02301,0.82354
CVE-2011-3242,0.01448,0.71844
CVE-2011-3243,0.01982,0.79421
CVE-2011-3244,0.02631,0.84677
CVE-2011-3245,0.00373,0.30773
CVE-2011-3246,0.02997,0.86601
CVE-2011-3247,0.03682,0.89052
CVE-2011-3248,0.04524,0.90988
CVE-2011-3249,0.05134,0.91923
CVE-2011-3250,0.04811,0.91454
CVE-2011-3251,0.03607,0.88815
CVE-2011-3252,0.05593,0.92457
CVE-2011-3253,0.00566,0.45224
CVE-2011-3254,0.01274,0.68267
CVE-2011-3255,0.01686,0.75721
CVE-2011-3256,0.04138,0.90265
CVE-2011-3257,0.00354,0.28678
CVE-2011-3259,0.02439,0.83388
CVE-2011-3260,0.03353,0.88012
CVE-2011-3261,0.02927,0.86301
CVE-2011-3262,0.00334,0.264
CVE-2011-3263,0.01294,0.68691
CVE-2011-3264,0.01264,0.6806
CVE-2011-3265,0.01465,0.7221
CVE-2011-3266,0.02317,0.82485
CVE-2011-3267,0.0287,0.8603
CVE-2011-3268,0.05719,0.926
CVE-2011-3269,0.01103,0.63883
CVE-2011-3270,0.0177,0.76876
CVE-2011-3271,0.10757,0.95573
CVE-2011-3272,0.02564,0.8424
CVE-2011-3273,0.0177,0.76876
CVE-2011-3274,0.00737,0.52508
CVE-2011-3275,0.0177,0.76876
CVE-2011-3276,0.0177,0.76875
CVE-2011-3277,0.0177,0.76875
CVE-2011-3278,0.0177,0.76875
CVE-2011-3279,0.02556,0.84187
CVE-2011-3280,0.01804,0.77313
CVE-2011-3281,0.01798,0.7723
CVE-2011-3282,0.01838,0.77753
CVE-2011-3283,0.01535,0.73406
CVE-2011-3285,0.02011,0.79768
CVE-2011-3287,0.01205,0.66565
CVE-2011-3288,0.01768,0.76843
CVE-2011-3289,0.00346,0.27858
CVE-2011-3290,0.0228,0.82172
CVE-2011-3293,0.01113,0.64154
CVE-2011-3294,0.01689,0.7576
CVE-2011-3295,0.01779,0.76989
CVE-2011-3296,0.0177,0.76875
CVE-2011-3297,0.01388,0.70732
CVE-2011-3298,0.00859,0.56451
CVE-2011-3299,0.01633,0.74931
CVE-2011-3300,0.01651,0.75195
CVE-2011-3301,0.01651,0.75195
CVE-2011-3302,0.01651,0.75195
CVE-2011-3303,0.01651,0.75195
CVE-2011-3304,0.0257,0.84285
CVE-2011-3305,0.21593,0.97483
CVE-2011-3309,0.01054,0.625
CVE-2011-3310,0.15163,0.96544
CVE-2011-3315,0.25747,0.97847
CVE-2011-3317,0.01135,0.64698
CVE-2011-3318,0.01205,0.66566
CVE-2011-3319,0.0302,0.86697
CVE-2011-3320,0.00908,0.57958
CVE-2011-3321,0.0707,0.93843
CVE-2011-3322,0.64653,0.99194
CVE-2011-3323,0.04668,0.91241
CVE-2011-3324,0.04668,0.91241
CVE-2011-3325,0.04628,0.91181
CVE-2011-3326,0.04628,0.91182
CVE-2011-3327,0.07615,0.9421
CVE-2011-3328,0.03637,0.88908
CVE-2011-3330,0.01302,0.68867
CVE-2011-3332,0.06038,0.92946
CVE-2011-3336,0.06485,0.93362
CVE-2011-3337,0.00287,0.2115
CVE-2011-3339,0.01338,0.69658
CVE-2011-3340,0.01994,0.79558
CVE-2011-3341,0.03831,0.89496
CVE-2011-3342,0.05007,0.91752
CVE-2011-3343,0.0038,0.31453
CVE-2011-3344,0.01468,0.72274
CVE-2011-3345,0.00343,0.27521
CVE-2011-3346,0.00487,0.4051
CVE-2011-3347,0.00756,0.53156
CVE-2011-3348,0.2238,0.97556
CVE-2011-3349,0.00363,0.29663
CVE-2011-3350,0.01686,0.75726
CVE-2011-3351,0.00398,0.33348
CVE-2011-3352,0.00815,0.55071
CVE-2011-3353,0.00391,0.32605
CVE-2011-3354,0.02069,0.80359
CVE-2011-3355,0.0078,0.53943
CVE-2011-3356,0.02911,0.86228
CVE-2011-3357,0.09296,0.95079
CVE-2011-3358,0.01834,0.77702
CVE-2011-3359,0.03228,0.87544
CVE-2011-3360,0.34864,0.98338
CVE-2011-3361,0.02507,0.8385
CVE-2011-3362,0.03409,0.88195
CVE-2011-3363,0.00837,0.55754
CVE-2011-3364,0.00455,0.3832
CVE-2011-3365,0.01073,0.63039
CVE-2011-3366,0.0068,0.50455
CVE-2011-3367,0.0091,0.58007
CVE-2011-3368,0.90734,0.99797
CVE-2011-3369,0.02291,0.82263
CVE-2011-3370,0.00986,0.60436
CVE-2011-3371,0.0233,0.82582
CVE-2011-3372,0.03289,0.87784
CVE-2011-3373,0.01311,0.69054
CVE-2011-3374,0.01191,0.66219
CVE-2011-3375,0.0633,0.93227
CVE-2011-3376,0.00641,0.48791
CVE-2011-3377,0.02217,0.81673
CVE-2011-3378,0.05917,0.92822
CVE-2011-3379,0.0501,0.91757
CVE-2011-3380,0.02273,0.82114
CVE-2011-3381,0.00586,0.46181
CVE-2011-3382,0.01042,0.62144
CVE-2011-3383,0.01029,0.61771
CVE-2011-3384,0.00845,0.55994
CVE-2011-3385,0.00845,0.55993
CVE-2011-3386,0.0145,0.71889
CVE-2011-3387,0.01763,0.76777
CVE-2011-3388,0.02275,0.82126
CVE-2011-3389,0.73327,0.99432
CVE-2011-3390,0.03641,0.88932
CVE-2011-3391,0.01152,0.65156
CVE-2011-3392,0.01086,0.63408
CVE-2011-3393,0.02339,0.82652
CVE-2011-3394,0.01799,0.77238
CVE-2011-3396,0.18302,0.97055
CVE-2011-3397,0.19535,0.97223
CVE-2011-3400,0.71374,0.99378
CVE-2011-3401,0.2074,0.97396
CVE-2011-3402,0.78285,0.99553
CVE-2011-3403,0.20506,0.97366
CVE-2011-3404,0.13524,0.9623
CVE-2011-3406,0.23147,0.97635
CVE-2011-3408,0.01692,0.75807
CVE-2011-3410,0.28501,0.98017
CVE-2011-3411,0.27319,0.97944
CVE-2011-3412,0.26377,0.97887
CVE-2011-3413,0.19932,0.97279
CVE-2011-3414,0.57687,0.99028
CVE-2011-3415,0.22954,0.97619
CVE-2011-3416,0.43691,0.98666
CVE-2011-3417,0.3431,0.98313
CVE-2011-3420,0.00914,0.5813
CVE-2011-3421,0.00894,0.57512
CVE-2011-3422,0.00857,0.56417
CVE-2011-3423,0.01263,0.68033
CVE-2011-3424,0.01284,0.68473
CVE-2011-3426,0.01821,0.77539
CVE-2011-3427,0.009,0.577
CVE-2011-3428,0.02025,0.79904
CVE-2011-3429,0.0037,0.30376
CVE-2011-3430,0.01754,0.76656
CVE-2011-3431,0.0037,0.30418
CVE-2011-3432,0.02197,0.81508
CVE-2011-3434,0.01702,0.75944
CVE-2011-3435,0.0079,0.54242
CVE-2011-3436,0.01721,0.76197
CVE-2011-3437,0.02987,0.86556
CVE-2011-3438,0.01723,0.76227
CVE-2011-3439,0.05329,0.92152
CVE-2011-3440,0.00307,0.23257
CVE-2011-3441,0.01585,0.742
CVE-2011-3442,0.00356,0.28941
CVE-2011-3443,0.02004,0.79666
CVE-2011-3444,0.01436,0.71633
CVE-2011-3446,0.02682,0.84991
CVE-2011-3447,0.01436,0.71633
CVE-2011-3448,0.02785,0.85608
CVE-2011-3449,0.02524,0.83978
CVE-2011-3450,0.02452,0.83487
CVE-2011-3452,0.01436,0.71633
CVE-2011-3453,0.03723,0.89175
CVE-2011-3457,0.03219,0.87512
CVE-2011-3458,0.02899,0.86172
CVE-2011-3459,0.03292,0.87794
CVE-2011-3460,0.03732,0.89204
CVE-2011-3462,0.01562,0.7386
CVE-2011-3463,0.00377,0.31102
CVE-2011-3464,0.0313,0.87142
CVE-2011-3477,0.00621,0.47869
CVE-2011-3478,0.39507,0.98528
CVE-2011-3479,0.00949,0.59273
CVE-2011-3481,0.02142,0.81041
CVE-2011-3482,0.01656,0.75258
CVE-2011-3483,0.05572,0.92425
CVE-2011-3484,0.01656,0.75258
CVE-2011-3486,0.4965,0.98825
CVE-2011-3487,0.07426,0.94095
CVE-2011-3488,0.045,0.90952
CVE-2011-3489,0.08746,0.94853
CVE-2011-3490,0.36429,0.98399
CVE-2011-3491,0.1624,0.96758
CVE-2011-3492,0.70909,0.99364
CVE-2011-3493,0.07991,0.94429
CVE-2011-3494,0.55778,0.98983
CVE-2011-3495,0.10291,0.95427
CVE-2011-3496,0.14375,0.96412
CVE-2011-3497,0.57105,0.99014
CVE-2011-3498,0.09776,0.95258
CVE-2011-3499,0.15165,0.96544
CVE-2011-3500,0.02652,0.84805
CVE-2011-3501,0.02939,0.86349
CVE-2011-3502,0.05738,0.92624
CVE-2011-3503,0.04274,0.90537
CVE-2011-3504,0.05894,0.92802
CVE-2011-3506,0.01887,0.7835
CVE-2011-3507,0.01369,0.70346
CVE-2011-3508,0.02891,0.86136
CVE-2011-3509,0.00913,0.58109
CVE-2011-3510,0.01378,0.70531
CVE-2011-3511,0.01104,0.63921
CVE-2011-3512,0.01501,0.72842
CVE-2011-3513,0.01762,0.76769
CVE-2011-3514,0.00821,0.55259
CVE-2011-3515,0.00366,0.29961
CVE-2011-3516,0.0268,0.84981
CVE-2011-3517,0.03514,0.88549
CVE-2011-3518,0.01535,0.73407
CVE-2011-3519,0.00888,0.57312
CVE-2011-3520,0.00956,0.59462
CVE-2011-3521,0.03932,0.89787
CVE-2011-3522,0.00405,0.34123
CVE-2011-3523,0.00901,0.57726
CVE-2011-3524,0.00913,0.58109
CVE-2011-3525,0.02462,0.83553
CVE-2011-3526,0.01546,0.73599
CVE-2011-3527,0.01545,0.73577
CVE-2011-3528,0.01545,0.73576
CVE-2011-3529,0.01557,0.73784
CVE-2011-3530,0.01563,0.73881
CVE-2011-3531,0.01209,0.66682
CVE-2011-3532,0.02045,0.8011
CVE-2011-3533,0.01545,0.73576
CVE-2011-3534,0.02326,0.82553
CVE-2011-3535,0.02326,0.82553
CVE-2011-3536,0.00403,0.33886
CVE-2011-3537,0.01846,0.77851
CVE-2011-3538,0.02098,0.80647
CVE-2011-3539,0.00332,0.26233
CVE-2011-3541,0.00328,0.25769
CVE-2011-3542,0.00365,0.29873
CVE-2011-3543,0.02592,0.84436
CVE-2011-3544,0.96714,0.99883
CVE-2011-3545,0.05445,0.92274
CVE-2011-3546,0.02227,0.81753
CVE-2011-3547,0.02685,0.85007
CVE-2011-3548,0.03277,0.87725
CVE-2011-3549,0.03188,0.8737
CVE-2011-3550,0.02607,0.84524
CVE-2011-3551,0.04549,0.91047
CVE-2011-3552,0.02905,0.86202
CVE-2011-3553,0.02205,0.81575
CVE-2011-3554,0.03304,0.8784
CVE-2011-3555,0.02409,0.83166
CVE-2011-3556,0.76405,0.99509
CVE-2011-3557,0.03477,0.88431
CVE-2011-3558,0.0248,0.83671
CVE-2011-3559,0.0314,0.87181
CVE-2011-3560,0.02605,0.84512
CVE-2011-3561,0.01379,0.70562
CVE-2011-3562,0.01228,0.67184
CVE-2011-3563,0.03835,0.89508
CVE-2011-3564,0.00346,0.27838
CVE-2011-3565,0.00323,0.25147
CVE-2011-3566,0.01163,0.65447
CVE-2011-3568,0.00872,0.56862
CVE-2011-3569,0.01164,0.65472
CVE-2011-3570,0.00339,0.27042
CVE-2011-3571,0.01632,0.74915
CVE-2011-3573,0.00912,0.58078
CVE-2011-3574,0.00319,0.24728
CVE-2011-3575,0.10543,0.95507
CVE-2011-3576,0.00871,0.56815
CVE-2011-3577,0.0204,0.8004
CVE-2011-3578,0.01788,0.77092
CVE-2011-3579,0.04784,0.9142
CVE-2011-3580,0.0161,0.74565
CVE-2011-3581,0.04106,0.90191
CVE-2011-3582,0.00508,0.41881
CVE-2011-3583,0.01369,0.70335
CVE-2011-3584,0.01218,0.66929
CVE-2011-3585,0.00317,0.24466
CVE-2011-3587,0.78079,0.99548
CVE-2011-3588,0.00549,0.44309
CVE-2011-3589,0.00548,0.44233
CVE-2011-3590,0.00573,0.45578
CVE-2011-3591,0.01449,0.71863
CVE-2011-3592,0.01449,0.71863
CVE-2011-3593,0.01007,0.6109
CVE-2011-3594,0.03194,0.87397
CVE-2011-3595,0.00814,0.5502
CVE-2011-3596,0.11055,0.9566
CVE-2011-3597,0.13054,0.96122
CVE-2011-3598,0.0253,0.84018
CVE-2011-3599,0.01958,0.7917
CVE-2011-3600,0.1591,0.96698
CVE-2011-3601,0.03995,0.89937
CVE-2011-3602,0.02794,0.85644
CVE-2011-3603,0.00359,0.29242
CVE-2011-3604,0.01552,0.73711
CVE-2011-3605,0.01595,0.74342
CVE-2011-3606,0.01053,0.62456
CVE-2011-3607,0.04716,0.9131
CVE-2011-3609,0.01314,0.69104
CVE-2011-3610,0.01222,0.6702
CVE-2011-3611,0.02553,0.84167
CVE-2011-3612,0.00875,0.56946
CVE-2011-3613,0.0173,0.76309
CVE-2011-3614,0.01958,0.7917
CVE-2011-3615,0.01117,0.6427
CVE-2011-3616,0.00424,0.35817
CVE-2011-3617,0.01058,0.62592
CVE-2011-3618,0.00409,0.3444
CVE-2011-3619,0.00472,0.39517
CVE-2011-3620,0.0525,0.92071
CVE-2011-3621,0.01197,0.66345
CVE-2011-3622,0.00655,0.49424
CVE-2011-3623,0.04335,0.90646
CVE-2011-3624,0.01521,0.73174
CVE-2011-3625,0.24105,0.97715
CVE-2011-3626,0.02103,0.80692
CVE-2011-3627,0.02644,0.8475
CVE-2011-3628,0.00383,0.31754
CVE-2011-3629,0.01133,0.6463
CVE-2011-3630,0.02655,0.84825
CVE-2011-3631,0.02693,0.85062
CVE-2011-3632,0.00494,0.40991
CVE-2011-3634,0.00799,0.5453
CVE-2011-3635,0.01962,0.79215
CVE-2011-3636,0.00812,0.54983
CVE-2011-3637,0.00364,0.29771
CVE-2011-3638,0.00359,0.29273
CVE-2011-3639,0.50604,0.9885
CVE-2011-3640,0.01395,0.70875
CVE-2011-3642,0.08754,0.94857
CVE-2011-3645,0.02618,0.84587
CVE-2011-3646,0.01474,0.72364
CVE-2011-3647,0.01876,0.78234
CVE-2011-3648,0.01466,0.72227
CVE-2011-3649,0.00958,0.5953
CVE-2011-3650,0.0233,0.82581
CVE-2011-3651,0.05813,0.9271
CVE-2011-3652,0.03164,0.87278
CVE-2011-3653,0.01025,0.61654
CVE-2011-3654,0.04403,0.90769
CVE-2011-3655,0.01876,0.78234
CVE-2011-3656,0.00761,0.53332
CVE-2011-3657,0.01493,0.72694
CVE-2011-3658,0.69628,0.99325
CVE-2011-3659,0.36649,0.9841
CVE-2011-3660,0.04372,0.90722
CVE-2011-3661,0.03715,0.89147
CVE-2011-3663,0.02008,0.79745
CVE-2011-3664,0.01307,0.68971
CVE-2011-3665,0.02555,0.84184
CVE-2011-3666,0.00979,0.60262
CVE-2011-3667,0.00993,0.60648
CVE-2011-3668,0.00906,0.57882
CVE-2011-3669,0.00906,0.57882
CVE-2011-3670,0.02222,0.81709
CVE-2011-3671,0.01861,0.78058
CVE-2011-3684,0.01308,0.6899
CVE-2011-3685,0.00282,0.20647
CVE-2011-3686,0.01314,0.6911
CVE-2011-3687,0.013,0.68831
CVE-2011-3688,0.01063,0.62722
CVE-2011-3689,0.01308,0.6899
CVE-2011-3690,0.01077,0.63144
CVE-2011-3691,0.01083,0.6331
CVE-2011-3692,0.00275,0.19848
CVE-2011-3693,0.00275,0.19848
CVE-2011-3694,0.01076,0.63116
CVE-2011-3695,0.01335,0.69585
CVE-2011-3696,0.0229,0.82262
CVE-2011-3697,0.01335,0.69589
CVE-2011-3698,0.01335,0.69589
CVE-2011-3699,0.01373,0.70437
CVE-2011-3700,0.01335,0.69592
CVE-2011-3701,0.01335,0.69592
CVE-2011-3702,0.01335,0.69591
CVE-2011-3703,0.01335,0.69591
CVE-2011-3704,0.01335,0.69591
CVE-2011-3705,0.01335,0.69588
CVE-2011-3706,0.01335,0.69592
CVE-2011-3707,0.01373,0.70437
CVE-2011-3708,0.01335,0.69595
CVE-2011-3709,0.01343,0.69791
CVE-2011-3710,0.01335,0.69587
CVE-2011-3711,0.01335,0.69594
CVE-2011-3712,0.0158,0.74116
CVE-2011-3713,0.06928,0.93729
CVE-2011-3714,0.01335,0.69595
CVE-2011-3715,0.01335,0.69583
CVE-2011-3716,0.01335,0.69595
CVE-2011-3717,0.01335,0.69594
CVE-2011-3718,0.01336,0.69633
CVE-2011-3719,0.01335,0.69594
CVE-2011-3720,0.0135,0.69915
CVE-2011-3721,0.01335,0.69589
CVE-2011-3722,0.01335,0.69595
CVE-2011-3723,0.01335,0.69587
CVE-2011-3724,0.01335,0.69585
CVE-2011-3725,0.01335,0.69586
CVE-2011-3726,0.01335,0.69586
CVE-2011-3727,0.01952,0.79116
CVE-2011-3728,0.01229,0.67207
CVE-2011-3729,0.01335,0.6959
CVE-2011-3730,0.01644,0.75105
CVE-2011-3731,0.01335,0.69585
CVE-2011-3732,0.01335,0.69588
CVE-2011-3733,0.01335,0.69588
CVE-2011-3734,0.01335,0.69587
CVE-2011-3735,0.01335,0.69588
CVE-2011-3736,0.01335,0.69585
CVE-2011-3737,0.01335,0.69592
CVE-2011-3738,0.01335,0.6959
CVE-2011-3739,0.01335,0.69591
CVE-2011-3740,0.01372,0.70398
CVE-2011-3741,0.01373,0.70437
CVE-2011-3742,0.01335,0.69584
CVE-2011-3743,0.01335,0.69584
CVE-2011-3744,0.01372,0.70398
CVE-2011-3745,0.01335,0.69593
CVE-2011-3746,0.01335,0.69583
CVE-2011-3747,0.01335,0.69584
CVE-2011-3748,0.01335,0.69584
CVE-2011-3749,0.01229,0.67206
CVE-2011-3750,0.01335,0.6959
CVE-2011-3751,0.01335,0.69586
CVE-2011-3752,0.01335,0.69594
CVE-2011-3753,0.01335,0.69587
CVE-2011-3754,0.01335,0.6959
CVE-2011-3755,0.01414,0.71242
CVE-2011-3756,0.01335,0.69593
CVE-2011-3757,0.01373,0.70437
CVE-2011-3758,0.01229,0.67206
CVE-2011-3759,0.01335,0.69593
CVE-2011-3760,0.0135,0.69916
CVE-2011-3761,0.01373,0.70436
CVE-2011-3762,0.0135,0.69915
CVE-2011-3763,0.01618,0.74693
CVE-2011-3764,0.0135,0.69916
CVE-2011-3765,0.01242,0.67531
CVE-2011-3766,0.01242,0.67535
CVE-2011-3767,0.01242,0.67532
CVE-2011-3768,0.01242,0.67532
CVE-2011-3769,0.01242,0.6753
CVE-2011-3770,0.01242,0.67534
CVE-2011-3771,0.01242,0.67531
CVE-2011-3772,0.01229,0.67209
CVE-2011-3773,0.01242,0.67535
CVE-2011-3774,0.01242,0.67531
CVE-2011-3775,0.01242,0.67534
CVE-2011-3776,0.01242,0.67532
CVE-2011-3777,0.01242,0.67531
CVE-2011-3778,0.01242,0.67533
CVE-2011-3779,0.01229,0.67208
CVE-2011-3780,0.01229,0.67209
CVE-2011-3781,0.01229,0.67208
CVE-2011-3782,0.01229,0.67206
CVE-2011-3783,0.01229,0.67207
CVE-2011-3784,0.01229,0.67207
CVE-2011-3785,0.01229,0.6721
CVE-2011-3786,0.01229,0.6721
CVE-2011-3787,0.01229,0.67207
CVE-2011-3788,0.01229,0.67209
CVE-2011-3789,0.01229,0.67213
CVE-2011-3790,0.01229,0.67213
CVE-2011-3791,0.01229,0.67211
CVE-2011-3792,0.01229,0.6721
CVE-2011-3793,0.01914,0.78678
CVE-2011-3794,0.01229,0.67212
CVE-2011-3795,0.01229,0.67208
CVE-2011-3796,0.01926,0.78816
CVE-2011-3797,0.01229,0.67208
CVE-2011-3798,0.01229,0.67211
CVE-2011-3799,0.01229,0.67206
CVE-2011-3800,0.01229,0.67211
CVE-2011-3801,0.01229,0.67214
CVE-2011-3802,0.01229,0.67216
CVE-2011-3803,0.01229,0.67215
CVE-2011-3804,0.01229,0.67215
CVE-2011-3805,0.01229,0.67213
CVE-2011-3806,0.01229,0.67214
CVE-2011-3807,0.01229,0.67213
CVE-2011-3808,0.01229,0.67217
CVE-2011-3809,0.01229,0.67212
CVE-2011-3810,0.01229,0.67212
CVE-2011-3811,0.01229,0.67217
CVE-2011-3812,0.01229,0.67215
CVE-2011-3813,0.01229,0.67215
CVE-2011-3814,0.01242,0.67534
CVE-2011-3815,0.01914,0.78678
CVE-2011-3816,0.01229,0.67218
CVE-2011-3817,0.01229,0.67217
CVE-2011-3818,0.02269,0.82076
CVE-2011-3819,0.01229,0.67216
CVE-2011-3820,0.01229,0.67217
CVE-2011-3821,0.01263,0.68011
CVE-2011-3822,0.01229,0.67218
CVE-2011-3823,0.01229,0.67218
CVE-2011-3824,0.01229,0.67214
CVE-2011-3825,0.01264,0.6806
CVE-2011-3826,0.01229,0.67214
CVE-2011-3827,0.03694,0.89088
CVE-2011-3828,0.02917,0.86256
CVE-2011-3829,0.17272,0.96924
CVE-2011-3830,0.01757,0.76691
CVE-2011-3831,0.01703,0.7595
CVE-2011-3832,0.01314,0.69114
CVE-2011-3833,0.19111,0.9716
CVE-2011-3834,0.05084,0.91863
CVE-2011-3835,0.02475,0.8364
CVE-2011-3836,0.00813,0.5499
CVE-2011-3837,0.0126,0.67948
CVE-2011-3838,0.01362,0.70198
CVE-2011-3839,0.01464,0.72161
CVE-2011-3841,0.02261,0.82013
CVE-2011-3844,0.00897,0.57598
CVE-2011-3845,0.02774,0.8555
CVE-2011-3846,0.00968,0.59904
CVE-2011-3848,0.01115,0.64208
CVE-2011-3849,0.01617,0.74679
CVE-2011-3850,0.04253,0.90493
CVE-2011-3851,0.01535,0.734
CVE-2011-3852,0.03429,0.88264
CVE-2011-3853,0.01535,0.734
CVE-2011-3854,0.01525,0.73235
CVE-2011-3855,0.03429,0.88263
CVE-2011-3856,0.0353,0.88588
CVE-2011-3857,0.01535,0.734
CVE-2011-3858,0.0353,0.88588
CVE-2011-3859,0.03429,0.88263
CVE-2011-3860,0.03507,0.88529
CVE-2011-3861,0.0353,0.88588
CVE-2011-3862,0.03676,0.89038
CVE-2011-3863,0.03429,0.88263
CVE-2011-3864,0.01535,0.73399
CVE-2011-3865,0.0353,0.88587
CVE-2011-3866,0.01368,0.70324
CVE-2011-3868,0.05767,0.92655
CVE-2011-3869,0.00341,0.27273
CVE-2011-3870,0.00352,0.28476
CVE-2011-3871,0.00338,0.26952
CVE-2011-3872,0.02454,0.83502
CVE-2011-3873,0.01364,0.70242
CVE-2011-3874,0.10621,0.9553
CVE-2011-3875,0.00877,0.57009
CVE-2011-3876,0.00784,0.54054
CVE-2011-3877,0.00862,0.56553
CVE-2011-3878,0.00805,0.54731
CVE-2011-3879,0.00877,0.57036
CVE-2011-3880,0.00877,0.57036
CVE-2011-3881,0.01757,0.76691
CVE-2011-3882,0.01019,0.61428
CVE-2011-3883,0.01122,0.64388
CVE-2011-3884,0.01227,0.67164
CVE-2011-3885,0.02097,0.80635
CVE-2011-3886,0.01127,0.64507
CVE-2011-3887,0.01399,0.70957
CVE-2011-3888,0.01554,0.73748
CVE-2011-3889,0.01207,0.66616
CVE-2011-3890,0.01122,0.64388
CVE-2011-3891,0.01228,0.67186
CVE-2011-3892,0.01804,0.77309
CVE-2011-3893,0.01752,0.76605
CVE-2011-3894,0.01151,0.65118
CVE-2011-3895,0.0209,0.80567
CVE-2011-3896,0.01207,0.66616
CVE-2011-3897,0.01554,0.73747
CVE-2011-3898,0.01532,0.73362
CVE-2011-3900,0.01216,0.66887
CVE-2011-3901,0.00675,0.50239
CVE-2011-3903,0.01081,0.63266
CVE-2011-3904,0.01019,0.61429
CVE-2011-3905,0.01541,0.73505
CVE-2011-3906,0.01109,0.64038
CVE-2011-3907,0.00877,0.57009
CVE-2011-3908,0.01687,0.75743
CVE-2011-3909,0.01687,0.75743
CVE-2011-3910,0.01026,0.6168
CVE-2011-3911,0.01081,0.63265
CVE-2011-3912,0.01122,0.64388
CVE-2011-3913,0.01698,0.75885
CVE-2011-3914,0.01151,0.65117
CVE-2011-3915,0.01207,0.66617
CVE-2011-3916,0.01109,0.64038
CVE-2011-3917,0.01079,0.63176
CVE-2011-3918,0.01354,0.70026
CVE-2011-3919,0.02386,0.8299
CVE-2011-3921,0.01468,0.72261
CVE-2011-3922,0.01821,0.77537
CVE-2011-3923,0.89492,0.99776
CVE-2011-3924,0.01708,0.76029
CVE-2011-3925,0.01357,0.70108
CVE-2011-3926,0.01875,0.7822
CVE-2011-3927,0.01357,0.70108
CVE-2011-3928,0.01708,0.76028
CVE-2011-3929,0.04557,0.91064
CVE-2011-3934,0.02047,0.80123
CVE-2011-3935,0.02037,0.80018
CVE-2011-3936,0.02545,0.84114
CVE-2011-3937,0.0227,0.82086
CVE-2011-3940,0.02735,0.85293
CVE-2011-3941,0.02271,0.82098
CVE-2011-3944,0.02378,0.82934
CVE-2011-3945,0.03151,0.87223
CVE-2011-3946,0.05715,0.92591
CVE-2011-3947,0.03937,0.89795
CVE-2011-3949,0.02037,0.80018
CVE-2011-3950,0.02037,0.80018
CVE-2011-3951,0.03109,0.87052
CVE-2011-3952,0.03124,0.87119
CVE-2011-3953,0.00909,0.57975
CVE-2011-3954,0.01174,0.65748
CVE-2011-3955,0.01078,0.63165
CVE-2011-3956,0.00678,0.50345
CVE-2011-3957,0.01425,0.71425
CVE-2011-3958,0.01522,0.73182
CVE-2011-3959,0.01494,0.72709
CVE-2011-3960,0.01556,0.7378
CVE-2011-3961,0.02368,0.82867
CVE-2011-3962,0.01288,0.68557
CVE-2011-3963,0.01145,0.64928
CVE-2011-3964,0.00859,0.56463
CVE-2011-3965,0.00752,0.53034
CVE-2011-3966,0.02005,0.79675
CVE-2011-3967,0.00889,0.57342
CVE-2011-3968,0.01455,0.71997
CVE-2011-3969,0.01522,0.73182
CVE-2011-3970,0.01824,0.77582
CVE-2011-3971,0.01522,0.73182
CVE-2011-3972,0.01174,0.65749
CVE-2011-3973,0.02502,0.83817
CVE-2011-3974,0.02502,0.83817
CVE-2011-3975,0.01034,0.61929
CVE-2011-3976,0.30592,0.98137
CVE-2011-3977,0.00364,0.29784
CVE-2011-3978,0.01552,0.73706
CVE-2011-3979,0.04158,0.90299
CVE-2011-3980,0.01371,0.70385
CVE-2011-3981,0.10058,0.95354
CVE-2011-3982,0.00327,0.2561
CVE-2011-3983,0.0167,0.75482
CVE-2011-3984,0.02044,0.80097
CVE-2011-3985,0.01212,0.66803
CVE-2011-3986,0.01261,0.67986
CVE-2011-3987,0.00764,0.53432
CVE-2011-3988,0.02279,0.82166
CVE-2011-3989,0.0111,0.6407
CVE-2011-3990,0.01656,0.75261
CVE-2011-3991,0.02343,0.82689
CVE-2011-3992,0.05465,0.92295
CVE-2011-3993,0.01117,0.6426
CVE-2011-3994,0.00586,0.4618
CVE-2011-3995,0.01409,0.71133
CVE-2011-3996,0.02351,0.82753
CVE-2011-3997,0.01367,0.70301
CVE-2011-3998,0.01261,0.67987
CVE-2011-3999,0.01261,0.67987
CVE-2011-4000,0.04153,0.90291
CVE-2011-4001,0.01519,0.7314
CVE-2011-4002,0.02076,0.80422
CVE-2011-4004,0.03811,0.89443
CVE-2011-4005,0.01802,0.77279
CVE-2011-4006,0.01318,0.69225
CVE-2011-4007,0.01189,0.66177
CVE-2011-4012,0.01452,0.71934
CVE-2011-4014,0.00926,0.58517
CVE-2011-4015,0.01204,0.66538
CVE-2011-4016,0.01321,0.69284
CVE-2011-4019,0.01114,0.64194
CVE-2011-4022,0.01337,0.69654
CVE-2011-4023,0.01315,0.69145
CVE-2011-4024,0.05139,0.91929
CVE-2011-4026,0.02029,0.79938
CVE-2011-4028,0.00372,0.30641
CVE-2011-4029,0.00605,0.47093
CVE-2011-4030,0.01991,0.79525
CVE-2011-4031,0.02294,0.82293
CVE-2011-4033,0.01546,0.73591
CVE-2011-4034,0.13368,0.96193
CVE-2011-4035,0.02005,0.79709
CVE-2011-4036,0.01731,0.76334
CVE-2011-4037,0.04514,0.90973
CVE-2011-4038,0.02248,0.81929
CVE-2011-4039,0.04282,0.90551
CVE-2011-4040,0.65262,0.9921
CVE-2011-4041,0.17905,0.97004
CVE-2011-4042,0.06428,0.93311
CVE-2011-4043,0.07417,0.94091
CVE-2011-4044,0.26658,0.97903
CVE-2011-4045,0.03687,0.89066
CVE-2011-4046,0.01335,0.69606
CVE-2011-4047,0.03297,0.87815
CVE-2011-4048,0.01059,0.62638
CVE-2011-4050,0.20062,0.97294
CVE-2011-4051,0.69095,0.99313
CVE-2011-4052,0.05695,0.92572
CVE-2011-4053,0.01479,0.72453
CVE-2011-4054,0.01414,0.71226
CVE-2011-4055,0.04564,0.91073
CVE-2011-4056,0.01019,0.61439
CVE-2011-4057,0.04923,0.91625
CVE-2011-4060,0.00302,0.22723
CVE-2011-4061,0.00412,0.34691
CVE-2011-4062,0.00909,0.57979
CVE-2011-4063,0.0238,0.82947
CVE-2011-4064,0.02026,0.79909
CVE-2011-4066,0.01673,0.75521
CVE-2011-4068,0.01514,0.73072
CVE-2011-4069,0.01555,0.73766
CVE-2011-4073,0.02086,0.80524
CVE-2011-4074,0.05386,0.9221
CVE-2011-4075,0.51891,0.98885
CVE-2011-4076,0.01458,0.72063
CVE-2011-4077,0.00534,0.43522
CVE-2011-4078,0.02258,0.81997
CVE-2011-4079,0.0327,0.87704
CVE-2011-4080,0.00349,0.28209
CVE-2011-4081,0.00456,0.38396
CVE-2011-4082,0.01691,0.75792
CVE-2011-4083,0.01003,0.61003
CVE-2011-4085,0.0294,0.86358
CVE-2011-4086,0.00391,0.32582
CVE-2011-4087,0.02669,0.84912
CVE-2011-4088,0.01616,0.74663
CVE-2011-4089,0.01045,0.62226
CVE-2011-4090,0.03399,0.88163
CVE-2011-4091,0.02727,0.85248
CVE-2011-4092,0.0081,0.54898
CVE-2011-4093,0.01761,0.76752
CVE-2011-4094,0.0274,0.85335
CVE-2011-4095,0.0195,0.79094
CVE-2011-4096,0.37186,0.98434
CVE-2011-4097,0.00453,0.38175
CVE-2011-4098,0.00481,0.4009
CVE-2011-4099,0.00382,0.31655
CVE-2011-4100,0.02281,0.82177
CVE-2011-4101,0.02281,0.82177
CVE-2011-4102,0.03179,0.87338
CVE-2011-4103,0.0243,0.8333
CVE-2011-4104,0.02429,0.83322
CVE-2011-4105,0.00313,0.24056
CVE-2011-4106,0.23342,0.9765
CVE-2011-4107,0.1267,0.96026
CVE-2011-4108,0.1605,0.96725
CVE-2011-4109,0.1691,0.96876
CVE-2011-4110,0.00471,0.39365
CVE-2011-4111,0.02258,0.82
CVE-2011-4112,0.00468,0.39218
CVE-2011-4113,0.01708,0.76031
CVE-2011-4114,0.00329,0.25875
CVE-2011-4115,0.01735,0.7639
CVE-2011-4116,0.0052,0.42647
CVE-2011-4117,0.0132,0.69244
CVE-2011-4118,0.01774,0.7693
CVE-2011-4119,0.01891,0.78415
CVE-2011-4120,0.02019,0.79841
CVE-2011-4121,0.02529,0.84014
CVE-2011-4122,0.00905,0.57865
CVE-2011-4124,0.02308,0.82409
CVE-2011-4125,0.02308,0.82408
CVE-2011-4126,0.01539,0.73477
CVE-2011-4127,0.00566,0.45231
CVE-2011-4128,0.023,0.8234
CVE-2011-4129,0.018,0.77254
CVE-2011-4130,0.12625,0.96016
CVE-2011-4131,0.00775,0.53785
CVE-2011-4132,0.00472,0.39459
CVE-2011-4133,0.01006,0.61086
CVE-2011-4134,0.04709,0.91302
CVE-2011-4135,0.30166,0.98114
CVE-2011-4136,0.02284,0.82198
CVE-2011-4137,0.03024,0.86719
CVE-2011-4138,0.0236,0.82823
CVE-2011-4139,0.02323,0.82524
CVE-2011-4140,0.01093,0.63553
CVE-2011-4141,0.0166,0.75337
CVE-2011-4142,0.00346,0.2782
CVE-2011-4143,0.01085,0.63379
CVE-2011-4144,0.00303,0.22844
CVE-2011-4151,0.03542,0.88628
CVE-2011-4153,0.11772,0.95835
CVE-2011-4155,0.02192,0.81444
CVE-2011-4156,0.02192,0.81444
CVE-2011-4157,0.13239,0.96157
CVE-2011-4158,0.01587,0.74227
CVE-2011-4159,0.00329,0.25866
CVE-2011-4160,0.00328,0.25732
CVE-2011-4161,0.13892,0.96316
CVE-2011-4162,0.07648,0.94231
CVE-2011-4163,0.08171,0.94539
CVE-2011-4164,0.08171,0.94539
CVE-2011-4165,0.08171,0.94539
CVE-2011-4166,0.5834,0.99042
CVE-2011-4167,0.06758,0.93592
CVE-2011-4168,0.04376,0.90729
CVE-2011-4169,0.0229,0.8226
CVE-2011-4170,0.00895,0.57545
CVE-2011-4171,0.0127,0.68181
CVE-2011-4172,0.00855,0.5631
CVE-2011-4173,0.00592,0.46479
CVE-2011-4181,0.01441,0.71733
CVE-2011-4182,0.01757,0.76694
CVE-2011-4183,0.0155,0.73673
CVE-2011-4185,0.03451,0.88337
CVE-2011-4186,0.03552,0.88651
CVE-2011-4187,0.03999,0.89949
CVE-2011-4188,0.01495,0.72731
CVE-2011-4189,0.11608,0.95796
CVE-2011-4190,0.00779,0.53901
CVE-2011-4191,0.10236,0.95409
CVE-2011-4192,0.01498,0.72781
CVE-2011-4193,0.00942,0.59038
CVE-2011-4194,0.02974,0.86496
CVE-2011-4195,0.01877,0.78238
CVE-2011-4197,0.01924,0.78795
CVE-2011-4201,0.02186,0.81398
CVE-2011-4202,0.00308,0.23487
CVE-2011-4203,0.01022,0.61515
CVE-2011-4211,0.0022,0.1262
CVE-2011-4212,0.00233,0.14236
CVE-2011-4213,0.0024,0.15186
CVE-2011-4214,0.03135,0.87165
CVE-2011-4215,0.01356,0.70087
CVE-2011-4216,0.03143,0.8719
CVE-2011-4217,0.03112,0.87065
CVE-2011-4218,0.03143,0.8719
CVE-2011-4219,0.03143,0.8719
CVE-2011-4220,0.07379,0.94066
CVE-2011-4221,0.0748,0.94124
CVE-2011-4222,0.0748,0.94124
CVE-2011-4223,0.03143,0.87189
CVE-2011-4231,0.00587,0.46226
CVE-2011-4232,0.0116,0.65337
CVE-2011-4237,0.01154,0.65215
CVE-2011-4244,0.03401,0.88172
CVE-2011-4245,0.04022,0.90001
CVE-2011-4246,0.04022,0.90001
CVE-2011-4247,0.02889,0.86117
CVE-2011-4248,0.03646,0.8895
CVE-2011-4249,0.03254,0.87645
CVE-2011-4250,0.04105,0.90189
CVE-2011-4251,0.02889,0.86118
CVE-2011-4252,0.03646,0.88951
CVE-2011-4253,0.04105,0.9019
CVE-2011-4254,0.03373,0.88077
CVE-2011-4255,0.04105,0.90189
CVE-2011-4256,0.04255,0.905
CVE-2011-4257,0.02889,0.86117
CVE-2011-4258,0.03646,0.8895
CVE-2011-4259,0.02889,0.86117
CVE-2011-4260,0.02889,0.86117
CVE-2011-4261,0.0283,0.85835
CVE-2011-4262,0.03646,0.88951
CVE-2011-4263,0.00845,0.55995
CVE-2011-4264,0.00845,0.55994
CVE-2011-4265,0.00845,0.55995
CVE-2011-4266,0.01815,0.77467
CVE-2011-4273,0.04772,0.91402
CVE-2011-4274,0.01042,0.62144
CVE-2011-4275,0.01491,0.72663
CVE-2011-4276,0.00531,0.43313
CVE-2011-4277,0.00918,0.58269
CVE-2011-4278,0.01832,0.77686
CVE-2011-4279,0.014,0.70969
CVE-2011-4280,0.03619,0.88852
CVE-2011-4281,0.01006,0.61087
CVE-2011-4282,0.01832,0.77686
CVE-2011-4283,0.02118,0.80818
CVE-2011-4284,0.02118,0.80819
CVE-2011-4285,0.01905,0.78576
CVE-2011-4286,0.01832,0.77685
CVE-2011-4287,0.02066,0.80321
CVE-2011-4288,0.01674,0.7554
CVE-2011-4289,0.01674,0.7554
CVE-2011-4290,0.01187,0.66111
CVE-2011-4291,0.01919,0.78749
CVE-2011-4292,0.0199,0.79512
CVE-2011-4293,0.02409,0.83163
CVE-2011-4294,0.01541,0.73519
CVE-2011-4295,0.01272,0.68239
CVE-2011-4296,0.01272,0.68238
CVE-2011-4297,0.01561,0.73848
CVE-2011-4298,0.01011,0.61227
CVE-2011-4299,0.01187,0.66114
CVE-2011-4300,0.02118,0.8082
CVE-2011-4301,0.02102,0.80683
CVE-2011-4302,0.01284,0.68467
CVE-2011-4303,0.01248,0.67685
CVE-2011-4304,0.01721,0.76207
CVE-2011-4305,0.01919,0.7875
CVE-2011-4306,0.01832,0.77685
CVE-2011-4307,0.01187,0.66112
CVE-2011-4308,0.01674,0.75539
CVE-2011-4309,0.01431,0.71558
CVE-2011-4310,0.01061,0.62694
CVE-2011-4311,0.01442,0.71736
CVE-2011-4312,0.02252,0.81949
CVE-2011-4313,0.1617,0.96745
CVE-2011-4314,0.031,0.87016
CVE-2011-4315,0.05962,0.92871
CVE-2011-4316,0.00332,0.26191
CVE-2011-4317,0.59603,0.99072
CVE-2011-4318,0.01321,0.69274
CVE-2011-4319,0.01578,0.74099
CVE-2011-4320,0.02124,0.8087
CVE-2011-4321,0.00938,0.58924
CVE-2011-4322,0.01173,0.65732
CVE-2011-4324,0.00478,0.39872
CVE-2011-4325,0.00363,0.29697
CVE-2011-4326,0.03212,0.87472
CVE-2011-4327,0.00416,0.35094
CVE-2011-4328,0.0213,0.8093
CVE-2011-4329,0.02234,0.81815
CVE-2011-4330,0.00444,0.3752
CVE-2011-4332,0.01053,0.62469
CVE-2011-4333,0.02063,0.80288
CVE-2011-4334,0.05842,0.92748
CVE-2011-4335,0.01537,0.73434
CVE-2011-4336,0.07652,0.94234
CVE-2011-4337,0.02391,0.83032
CVE-2011-4338,0.004,0.33539
CVE-2011-4339,0.00425,0.35884
CVE-2011-4340,0.01866,0.78116
CVE-2011-4341,0.02883,0.86089
CVE-2011-4342,0.10685,0.95551
CVE-2011-4343,0.05334,0.92158
CVE-2011-4344,0.01231,0.67262
CVE-2011-4345,0.01891,0.78403
CVE-2011-4346,0.01596,0.74346
CVE-2011-4347,0.00367,0.30137
CVE-2011-4348,0.02184,0.81383
CVE-2011-4349,0.00457,0.38439
CVE-2011-4350,0.16142,0.96739
CVE-2011-4351,0.03317,0.87887
CVE-2011-4352,0.06047,0.92955
CVE-2011-4353,0.02759,0.85441
CVE-2011-4354,0.03001,0.8662
CVE-2011-4355,0.0036,0.29421
CVE-2011-4356,0.0033,0.25965
CVE-2011-4357,0.03017,0.86688
CVE-2011-4358,0.02209,0.81609
CVE-2011-4360,0.02317,0.82487
CVE-2011-4361,0.02229,0.81772
CVE-2011-4362,0.21106,0.97438
CVE-2011-4363,0.00303,0.22841
CVE-2011-4364,0.04599,0.9113
CVE-2011-4367,0.33471,0.98281
CVE-2011-4368,0.02254,0.8197
CVE-2011-4369,0.07519,0.94146
CVE-2011-4370,0.06211,0.93117
CVE-2011-4371,0.06211,0.93117
CVE-2011-4372,0.12584,0.96007
CVE-2011-4373,0.30253,0.98117
CVE-2011-4374,0.04015,0.89987
CVE-2011-4403,0.01681,0.75632
CVE-2011-4404,0.59726,0.99075
CVE-2011-4405,0.03449,0.88332
CVE-2011-4406,0.00378,0.31284
CVE-2011-4407,0.00632,0.48383
CVE-2011-4408,0.01243,0.67551
CVE-2011-4409,0.01755,0.76674
CVE-2011-4415,0.031,0.87019
CVE-2011-4431,0.06157,0.93068
CVE-2011-4432,0.01302,0.68875
CVE-2011-4434,0.01848,0.77892
CVE-2011-4435,0.01229,0.67216
CVE-2011-4436,0.0074,0.52608
CVE-2011-4447,0.0163,0.74881
CVE-2011-4448,0.01944,0.79029
CVE-2011-4449,0.04139,0.90267
CVE-2011-4450,0.07476,0.94123
CVE-2011-4451,0.1417,0.96367
CVE-2011-4452,0.02304,0.82374
CVE-2011-4453,0.51981,0.98888
CVE-2011-4454,0.00949,0.59265
CVE-2011-4455,0.00949,0.59265
CVE-2011-4457,0.01366,0.70285
CVE-2011-4458,0.03101,0.87019
CVE-2011-4459,0.01017,0.61391
CVE-2011-4460,0.01774,0.76926
CVE-2011-4461,0.04922,0.91623
CVE-2011-4462,0.0322,0.8752
CVE-2011-4465,0.01042,0.62145
CVE-2011-4486,0.01313,0.691
CVE-2011-4487,0.01035,0.61949
CVE-2011-4496,0.11058,0.95663
CVE-2011-4497,0.00509,0.41941
CVE-2011-4498,0.00563,0.45105
CVE-2011-4499,0.01309,0.69017
CVE-2011-4500,0.01309,0.69017
CVE-2011-4501,0.04201,0.90388
CVE-2011-4502,0.05484,0.92318
CVE-2011-4503,0.02094,0.80607
CVE-2011-4504,0.01428,0.71504
CVE-2011-4505,0.01309,0.69016
CVE-2011-4506,0.01309,0.69017
CVE-2011-4507,0.06316,0.93217
CVE-2011-4508,0.03119,0.87096
CVE-2011-4509,0.0217,0.81269
CVE-2011-4510,0.01509,0.72986
CVE-2011-4511,0.01509,0.72986
CVE-2011-4512,0.01704,0.75976
CVE-2011-4513,0.04846,0.91512
CVE-2011-4514,0.03522,0.88568
CVE-2011-4515,0.00381,0.31587
CVE-2011-4516,0.10487,0.95492
CVE-2011-4517,0.10487,0.95492
CVE-2011-4518,0.26385,0.97888
CVE-2011-4519,0.02367,0.82861
CVE-2011-4520,0.02367,0.82861
CVE-2011-4521,0.01232,0.67294
CVE-2011-4522,0.00989,0.60567
CVE-2011-4523,0.00989,0.60568
CVE-2011-4524,0.04305,0.90592
CVE-2011-4525,0.02152,0.81129
CVE-2011-4526,0.04305,0.90592
CVE-2011-4528,0.02838,0.85873
CVE-2011-4529,0.06856,0.93664
CVE-2011-4530,0.0408,0.90131
CVE-2011-4531,0.08406,0.94662
CVE-2011-4532,0.03214,0.87489
CVE-2011-4533,0.03044,0.86792
CVE-2011-4534,0.02519,0.83945
CVE-2011-4535,0.26729,0.97909
CVE-2011-4536,0.08527,0.94736
CVE-2011-4537,0.04492,0.90935
CVE-2011-4538,0.00871,0.56843
CVE-2011-4539,0.15219,0.96556
CVE-2011-4540,0.01734,0.76366
CVE-2011-4541,0.01478,0.72429
CVE-2011-4542,0.24119,0.97716
CVE-2011-4543,0.02577,0.84329
CVE-2011-4544,0.03125,0.87124
CVE-2011-4545,0.03563,0.88686
CVE-2011-4547,0.01082,0.633
CVE-2011-4548,0.00875,0.5697
CVE-2011-4551,0.01642,0.7508
CVE-2011-4552,0.00845,0.55987
CVE-2011-4553,0.00949,0.59246
CVE-2011-4554,0.00876,0.57005
CVE-2011-4555,0.00883,0.57184
CVE-2011-4558,0.04271,0.90532
CVE-2011-4559,0.01337,0.69638
CVE-2011-4560,0.00885,0.57236
CVE-2011-4561,0.0154,0.73498
CVE-2011-4562,0.02393,0.83043
CVE-2011-4563,0.01042,0.62143
CVE-2011-4564,0.0148,0.72464
CVE-2011-4565,0.0127,0.68179
CVE-2011-4566,0.06558,0.93425
CVE-2011-4567,0.01478,0.72428
CVE-2011-4568,0.0183,0.77653
CVE-2011-4569,0.01003,0.61008
CVE-2011-4570,0.01046,0.62256
CVE-2011-4571,0.01003,0.61008
CVE-2011-4572,0.01526,0.73251
CVE-2011-4573,0.00807,0.54807
CVE-2011-4574,0.01087,0.63424
CVE-2011-4575,0.01794,0.7718
CVE-2011-4576,0.15575,0.96632
CVE-2011-4577,0.08193,0.9455
CVE-2011-4578,0.00394,0.32996
CVE-2011-4579,0.03319,0.87891
CVE-2011-4580,0.01005,0.61052
CVE-2011-4581,0.01112,0.64114
CVE-2011-4582,0.01188,0.66131
CVE-2011-4583,0.01272,0.68238
CVE-2011-4584,0.01727,0.76268
CVE-2011-4585,0.02118,0.80818
CVE-2011-4586,0.02102,0.80683
CVE-2011-4587,0.02066,0.80321
CVE-2011-4588,0.02149,0.811
CVE-2011-4589,0.01272,0.68239
CVE-2011-4590,0.0117,0.65639
CVE-2011-4591,0.01832,0.77686
CVE-2011-4592,0.01393,0.70829
CVE-2011-4593,0.01674,0.7554
CVE-2011-4594,0.00429,0.36292
CVE-2011-4595,0.02407,0.8315
CVE-2011-4596,0.01761,0.76752
CVE-2011-4597,0.03158,0.87253
CVE-2011-4598,0.02354,0.82776
CVE-2011-4599,0.08003,0.94434
CVE-2011-4600,0.01783,0.7703
CVE-2011-4601,0.04528,0.90994
CVE-2011-4602,0.03583,0.88747
CVE-2011-4603,0.036,0.88797
CVE-2011-4604,0.02986,0.86555
CVE-2011-4605,0.03521,0.88567
CVE-2011-4606,0.00313,0.24026
CVE-2011-4607,0.00408,0.34309
CVE-2011-4608,0.03081,0.86945
CVE-2011-4609,0.01834,0.77702
CVE-2011-4610,0.02172,0.81285
CVE-2011-4611,0.00397,0.33245
CVE-2011-4612,0.02199,0.81526
CVE-2011-4613,0.00862,0.5655
CVE-2011-4614,0.0563,0.92508
CVE-2011-4615,0.01321,0.69278
CVE-2011-4616,0.01623,0.74754
CVE-2011-4617,0.0031,0.23701
CVE-2011-4618,0.10083,0.95363
CVE-2011-4619,0.17839,0.96997
CVE-2011-4620,0.12637,0.9602
CVE-2011-4621,0.00441,0.37278
CVE-2011-4622,0.0035,0.28238
CVE-2011-4623,0.0042,0.3545
CVE-2011-4624,0.07062,0.93838
CVE-2011-4625,0.00744,0.52754
CVE-2011-4626,0.00834,0.55649
CVE-2011-4627,0.00953,0.59377
CVE-2011-4628,0.01645,0.75119
CVE-2011-4629,0.00678,0.50346
CVE-2011-4630,0.00678,0.50347
CVE-2011-4631,0.00678,0.50346
CVE-2011-4632,0.00678,0.50346
CVE-2011-4634,0.02129,0.80924
CVE-2011-4638,0.01185,0.66065
CVE-2011-4639,0.01464,0.72178
CVE-2011-4640,0.07323,0.94032
CVE-2011-4642,0.28615,0.98024
CVE-2011-4643,0.07733,0.94282
CVE-2011-4644,0.07514,0.94143
CVE-2011-4646,0.01541,0.73508
CVE-2011-4647,0.01141,0.64845
CVE-2011-4650,0.01341,0.69732
CVE-2011-4659,0.01902,0.78541
CVE-2011-4661,0.01014,0.61312
CVE-2011-4667,0.00688,0.50785
CVE-2011-4668,0.02964,0.86458
CVE-2011-4669,0.02138,0.80996
CVE-2011-4670,0.02844,0.85907
CVE-2011-4671,0.02902,0.86186
CVE-2011-4672,0.01041,0.62107
CVE-2011-4673,0.02064,0.80304
CVE-2011-4674,0.02409,0.83164
CVE-2011-4675,0.03112,0.87063
CVE-2011-4677,0.01288,0.68559
CVE-2011-4678,0.01064,0.62777
CVE-2011-4679,0.01037,0.61989
CVE-2011-4680,0.00855,0.56309
CVE-2011-4681,0.01978,0.7937
CVE-2011-4682,0.01978,0.7937
CVE-2011-4683,0.01994,0.79558
CVE-2011-4684,0.05717,0.92593
CVE-2011-4685,0.02196,0.81501
CVE-2011-4686,0.02196,0.81501
CVE-2011-4687,0.02257,0.81992
CVE-2011-4688,0.01818,0.77504
CVE-2011-4689,0.09401,0.9512
CVE-2011-4690,0.01147,0.64971
CVE-2011-4691,0.01067,0.62882
CVE-2011-4692,0.01208,0.66649
CVE-2011-4693,0.07112,0.93879
CVE-2011-4694,0.07629,0.9422
CVE-2011-4695,0.02397,0.83081
CVE-2011-4696,0.00793,0.54339
CVE-2011-4697,0.01047,0.62288
CVE-2011-4698,0.01047,0.62289
CVE-2011-4699,0.01047,0.62289
CVE-2011-4700,0.00959,0.59561
CVE-2011-4701,0.00959,0.59562
CVE-2011-4702,0.00959,0.59562
CVE-2011-4703,0.00959,0.59563
CVE-2011-4704,0.00959,0.59563
CVE-2011-4705,0.00959,0.59561
CVE-2011-4707,0.01086,0.63405
CVE-2011-4708,0.00845,0.55981
CVE-2011-4709,0.01981,0.79418
CVE-2011-4710,0.01659,0.75321
CVE-2011-4711,0.01526,0.73247
CVE-2011-4712,0.02926,0.86297
CVE-2011-4713,0.03428,0.88253
CVE-2011-4714,0.03603,0.88806
CVE-2011-4715,0.08615,0.94783
CVE-2011-4716,0.03081,0.8694
CVE-2011-4717,0.01892,0.78428
CVE-2011-4718,0.036,0.88799
CVE-2011-4719,0.00669,0.50008
CVE-2011-4720,0.02681,0.84989
CVE-2011-4722,0.58232,0.99041
CVE-2011-4723,0.02981,0.86532
CVE-2011-4725,0.01025,0.6166
CVE-2011-4726,0.00845,0.55981
CVE-2011-4727,0.01839,0.77774
CVE-2011-4728,0.01064,0.62777
CVE-2011-4729,0.01064,0.62779
CVE-2011-4730,0.02186,0.81395
CVE-2011-4731,0.01076,0.63117
CVE-2011-4732,0.01839,0.77774
CVE-2011-4733,0.01839,0.77773
CVE-2011-4734,0.01025,0.61661
CVE-2011-4735,0.01197,0.66351
CVE-2011-4736,0.01064,0.62783
CVE-2011-4737,0.01064,0.62782
CVE-2011-4738,0.01092,0.63538
CVE-2011-4739,0.02186,0.81395
CVE-2011-4740,0.00968,0.59889
CVE-2011-4741,0.01064,0.62782
CVE-2011-4742,0.01064,0.62782
CVE-2011-4743,0.01839,0.77773
CVE-2011-4744,0.01839,0.77775
CVE-2011-4745,0.00845,0.5598
CVE-2011-4746,0.00949,0.59251
CVE-2011-4747,0.00938,0.58924
CVE-2011-4748,0.01064,0.62779
CVE-2011-4749,0.02186,0.81395
CVE-2011-4750,0.00855,0.56311
CVE-2011-4751,0.01064,0.62779
CVE-2011-4752,0.01839,0.77773
CVE-2011-4753,0.01025,0.61661
CVE-2011-4754,0.00845,0.55987
CVE-2011-4755,0.01839,0.77772
CVE-2011-4756,0.01064,0.62778
CVE-2011-4757,0.02186,0.81395
CVE-2011-4758,0.01064,0.62778
CVE-2011-4759,0.01064,0.62778
CVE-2011-4760,0.01064,0.62778
CVE-2011-4761,0.01839,0.77772
CVE-2011-4762,0.01839,0.77773
CVE-2011-4763,0.01025,0.61661
CVE-2011-4764,0.00845,0.55986
CVE-2011-4765,0.00968,0.59889
CVE-2011-4766,0.01076,0.63117
CVE-2011-4767,0.01064,0.62777
CVE-2011-4768,0.01902,0.78542
CVE-2011-4769,0.00959,0.59562
CVE-2011-4770,0.00959,0.59562
CVE-2011-4771,0.00959,0.59561
CVE-2011-4772,0.00959,0.59563
CVE-2011-4773,0.00949,0.59247
CVE-2011-4776,0.00845,0.55984
CVE-2011-4777,0.00855,0.56311
CVE-2011-4778,0.00845,0.55984
CVE-2011-4780,0.0135,0.69936
CVE-2011-4782,0.0125,0.67725
CVE-2011-4783,0.04404,0.90772
CVE-2011-4784,0.00332,0.26157
CVE-2011-4785,0.03467,0.88393
CVE-2011-4786,0.39185,0.98514
CVE-2011-4787,0.04192,0.9037
CVE-2011-4788,0.04866,0.9154
CVE-2011-4789,0.64372,0.99188
CVE-2011-4790,0.09161,0.95029
CVE-2011-4791,0.0867,0.94813
CVE-2011-4800,0.07339,0.9404
CVE-2011-4801,0.01133,0.64643
CVE-2011-4802,0.05462,0.9229
CVE-2011-4803,0.02602,0.84492
CVE-2011-4804,0.20981,0.97424
CVE-2011-4805,0.01094,0.63657
CVE-2011-4806,0.01357,0.70099
CVE-2011-4807,0.02989,0.86566
CVE-2011-4808,0.01157,0.65265
CVE-2011-4809,0.01494,0.72706
CVE-2011-4810,0.06323,0.93221
CVE-2011-4811,0.00924,0.58451
CVE-2011-4812,0.01464,0.72168
CVE-2011-4813,0.02871,0.86037
CVE-2011-4814,0.05527,0.92364
CVE-2011-4815,0.04059,0.90081
CVE-2011-4816,0.01677,0.75576
CVE-2011-4817,0.01196,0.6632
CVE-2011-4818,0.01168,0.65598
CVE-2011-4819,0.01148,0.64995
CVE-2011-4820,0.00998,0.60807
CVE-2011-4821,0.02086,0.80521
CVE-2011-4822,0.01528,0.73283
CVE-2011-4823,0.01069,0.62935
CVE-2011-4824,0.0245,0.8347
CVE-2011-4825,0.39162,0.98512
CVE-2011-4826,0.01104,0.63902
CVE-2011-4827,0.01082,0.63299
CVE-2011-4828,0.65113,0.99207
CVE-2011-4829,0.01003,0.6101
CVE-2011-4830,0.01247,0.67641
CVE-2011-4831,0.0263,0.84666
CVE-2011-4832,0.02482,0.83684
CVE-2011-4833,0.01957,0.79161
CVE-2011-4834,0.01159,0.6533
CVE-2011-4835,0.07153,0.93918
CVE-2011-4836,0.01537,0.73441
CVE-2011-4837,0.01987,0.79476
CVE-2011-4838,0.04203,0.90394
CVE-2011-4847,0.00635,0.48513
CVE-2011-4848,0.00968,0.5989
CVE-2011-4849,0.00968,0.5989
CVE-2011-4850,0.00978,0.60243
CVE-2011-4851,0.01871,0.78176
CVE-2011-4852,0.01042,0.62158
CVE-2011-4853,0.01042,0.62158
CVE-2011-4854,0.01618,0.74697
CVE-2011-4855,0.01618,0.74697
CVE-2011-4856,0.01618,0.74698
CVE-2011-4857,0.04709,0.91301
CVE-2011-4858,0.79713,0.99584
CVE-2011-4859,0.03894,0.89662
CVE-2011-4860,0.02642,0.84736
CVE-2011-4861,0.03036,0.86763
CVE-2011-4862,0.94983,0.99857
CVE-2011-4863,0.00956,0.59492
CVE-2011-4864,0.00967,0.59879
CVE-2011-4865,0.00967,0.59879
CVE-2011-4866,0.01056,0.62533
CVE-2011-4867,0.00967,0.59878
CVE-2011-4868,0.03414,0.88209
CVE-2011-4869,0.02985,0.86547
CVE-2011-4870,0.02387,0.83
CVE-2011-4871,0.03123,0.87116
CVE-2011-4872,0.01396,0.70885
CVE-2011-4873,0.01759,0.76719
CVE-2011-4874,0.0151,0.7301
CVE-2011-4875,0.14013,0.96341
CVE-2011-4876,0.09847,0.95284
CVE-2011-4877,0.07527,0.9415
CVE-2011-4878,0.12067,0.95905
CVE-2011-4879,0.12545,0.96001
CVE-2011-4880,0.05386,0.92211
CVE-2011-4881,0.07537,0.94157
CVE-2011-4882,0.03291,0.87788
CVE-2011-4883,0.03123,0.87116
CVE-2011-4885,0.8337,0.99661
CVE-2011-4887,0.01284,0.68462
CVE-2011-4889,0.02679,0.84979
CVE-2011-4890,0.02116,0.80801
CVE-2011-4894,0.01528,0.73278
CVE-2011-4895,0.01528,0.73278
CVE-2011-4896,0.01499,0.72822
CVE-2011-4897,0.01528,0.73278
CVE-2011-4898,0.09037,0.94982
CVE-2011-4899,0.08855,0.94906
CVE-2011-4900,0.00953,0.59376
CVE-2011-4901,0.0114,0.64825
CVE-2011-4902,0.00984,0.6038
CVE-2011-4903,0.00834,0.55649
CVE-2011-4904,0.0114,0.64825
CVE-2011-4905,0.08436,0.94686
CVE-2011-4906,0.09582,0.95189
CVE-2011-4907,0.0088,0.571
CVE-2011-4908,0.55769,0.98982
CVE-2011-4909,0.01879,0.78265
CVE-2011-4910,0.01284,0.68463
CVE-2011-4911,0.01513,0.73058
CVE-2011-4912,0.00771,0.53642
CVE-2011-4913,0.04177,0.9034
CVE-2011-4914,0.08793,0.94876
CVE-2011-4915,0.00513,0.42178
CVE-2011-4916,0.00412,0.34701
CVE-2011-4917,0.00483,0.40212
CVE-2011-4918,0.02106,0.80721
CVE-2011-4919,0.02583,0.84362
CVE-2011-4920,0.01292,0.68645
CVE-2011-4921,0.01029,0.61761
CVE-2011-4922,0.00308,0.2345
CVE-2011-4923,0.02108,0.80739
CVE-2011-4924,0.01362,0.70208
CVE-2011-4925,0.00955,0.59426
CVE-2011-4926,0.10911,0.9562
CVE-2011-4927,0.01118,0.64291
CVE-2011-4928,0.01832,0.77687
CVE-2011-4929,0.46401,0.98747
CVE-2011-4930,0.00586,0.46181
CVE-2011-4931,0.01503,0.72877
CVE-2011-4932,0.03928,0.8977
CVE-2011-4937,0.01566,0.73918
CVE-2011-4938,0.0117,0.65645
CVE-2011-4939,0.03509,0.88533
CVE-2011-4940,0.03213,0.87484
CVE-2011-4941,0.02268,0.82071
CVE-2011-4942,0.01367,0.70306
CVE-2011-4943,0.01827,0.77626
CVE-2011-4944,0.00429,0.36218
CVE-2011-4945,0.00352,0.2845
CVE-2011-4946,0.01455,0.7199
CVE-2011-4947,0.00683,0.50586
CVE-2011-4948,0.02263,0.82031
CVE-2011-4949,0.01522,0.73191
CVE-2011-4950,0.01411,0.71169
CVE-2011-4951,0.01491,0.72674
CVE-2011-4952,0.00635,0.48534
CVE-2011-4953,0.02192,0.81443
CVE-2011-4954,0.00341,0.27294
CVE-2011-4955,0.0181,0.77394
CVE-2011-4956,0.0251,0.83872
CVE-2011-4957,0.03155,0.87239
CVE-2011-4958,0.04285,0.90557
CVE-2011-4959,0.01452,0.71929
CVE-2011-4960,0.01353,0.7001
CVE-2011-4961,0.016,0.74411
CVE-2011-4962,0.03918,0.8974
CVE-2011-4963,0.05959,0.92868
CVE-2011-4966,0.01382,0.70614
CVE-2011-4967,0.02653,0.84815
CVE-2011-4968,0.03989,0.89928
CVE-2011-4969,0.19191,0.9717
CVE-2011-4970,0.01543,0.73545
CVE-2011-4971,0.22317,0.97548
CVE-2011-4972,0.01744,0.76503
CVE-2011-4973,0.00999,0.6084
CVE-2011-5000,0.02565,0.8425
CVE-2011-5001,0.64363,0.99187
CVE-2011-5002,0.07511,0.94142
CVE-2011-5003,0.62413,0.99138
CVE-2011-5004,0.01639,0.7503
CVE-2011-5005,0.03774,0.89325
CVE-2011-5006,0.0603,0.92939
CVE-2011-5007,0.72714,0.99415
CVE-2011-5008,0.04967,0.91699
CVE-2011-5009,0.10395,0.95463
CVE-2011-5010,0.64795,0.99198
CVE-2011-5011,0.03316,0.87884
CVE-2011-5012,0.0775,0.94292
CVE-2011-5018,0.01,0.60875
CVE-2011-5019,0.01464,0.72168
CVE-2011-5020,0.01034,0.61914
CVE-2011-5021,0.01346,0.69843
CVE-2011-5022,0.00929,0.58618
CVE-2011-5023,0.01478,0.72429
CVE-2011-5024,0.00978,0.60241
CVE-2011-5025,0.02662,0.84863
CVE-2011-5026,0.01602,0.74441
CVE-2011-5027,0.01962,0.79217
CVE-2011-5028,0.03227,0.87543
CVE-2011-5029,0.01053,0.6247
CVE-2011-5030,0.00885,0.57237
CVE-2011-5031,0.01088,0.63445
CVE-2011-5032,0.00361,0.29486
CVE-2011-5033,0.00683,0.50583
CVE-2011-5034,0.80569,0.996
CVE-2011-5035,0.67932,0.9928
CVE-2011-5036,0.03871,0.89608
CVE-2011-5037,0.01445,0.7179
CVE-2011-5038,0.01098,0.63761
CVE-2011-5039,0.0101,0.61175
CVE-2011-5040,0.03006,0.86645
CVE-2011-5041,0.01494,0.72706
CVE-2011-5042,0.01053,0.62468
CVE-2011-5043,0.01938,0.78961
CVE-2011-5044,0.01091,0.63508
CVE-2011-5045,0.01478,0.72428
CVE-2011-5046,0.45304,0.98716
CVE-2011-5047,0.01086,0.63406
CVE-2011-5048,0.01223,0.67068
CVE-2011-5049,0.04278,0.90543
CVE-2011-5050,0.00839,0.55826
CVE-2011-5051,0.04195,0.90376
CVE-2011-5052,0.29691,0.98089
CVE-2011-5053,0.03266,0.8769
CVE-2011-5054,0.00326,0.25544
CVE-2011-5055,0.01447,0.71842
CVE-2011-5056,0.00381,0.3158
CVE-2011-5057,0.27219,0.97939
CVE-2011-5058,0.01764,0.76783
CVE-2011-5059,0.03401,0.88172
CVE-2011-5060,0.00287,0.21121
CVE-2011-5061,0.02202,0.81555
CVE-2011-5062,0.07356,0.94051
CVE-2011-5063,0.06486,0.93363
CVE-2011-5064,0.06335,0.93232
CVE-2011-5065,0.01859,0.78037
CVE-2011-5066,0.00287,0.21103
CVE-2011-5067,0.00956,0.5946
CVE-2011-5068,0.00707,0.51483
CVE-2011-5069,0.01955,0.79146
CVE-2011-5070,0.01462,0.7214
CVE-2011-5071,0.01052,0.62439
CVE-2011-5072,0.01023,0.61566
CVE-2011-5073,0.01492,0.72685
CVE-2011-5074,0.00998,0.60812
CVE-2011-5075,0.02581,0.84351
CVE-2011-5076,0.01196,0.6634
CVE-2011-5077,0.02149,0.81093
CVE-2011-5078,0.01117,0.64247
CVE-2011-5079,0.01167,0.65563
CVE-2011-5080,0.01148,0.64997
CVE-2011-5081,0.02067,0.8034
CVE-2011-5082,0.01937,0.78947
CVE-2011-5083,0.03263,0.87681
CVE-2011-5084,0.01425,0.71444
CVE-2011-5085,0.02001,0.79631
CVE-2011-5086,0.01658,0.75293
CVE-2011-5087,0.01279,0.68361
CVE-2011-5088,0.02692,0.85059
CVE-2011-5089,0.04305,0.90592
CVE-2011-5090,0.01301,0.68848
CVE-2011-5091,0.01199,0.66417
CVE-2011-5092,0.02847,0.8592
CVE-2011-5093,0.02087,0.80529
CVE-2011-5094,0.02696,0.85082
CVE-2011-5095,0.02088,0.80544
CVE-2011-5096,0.0394,0.89804
CVE-2011-5097,0.01423,0.71398
CVE-2011-5098,0.01681,0.75636
CVE-2011-5099,0.01277,0.68324
CVE-2011-5100,0.01422,0.71392
CVE-2011-5101,0.01218,0.66936
CVE-2011-5102,0.03511,0.8854
CVE-2011-5103,0.01106,0.63964
CVE-2011-5104,0.0224,0.81872
CVE-2011-5105,0.0598,0.92887
CVE-2011-5106,0.10899,0.95617
CVE-2011-5107,0.08772,0.94867
CVE-2011-5108,0.01613,0.74609
CVE-2011-5109,0.02042,0.80074
CVE-2011-5110,0.02422,0.83269
CVE-2011-5111,0.01115,0.64213
CVE-2011-5112,0.01024,0.61634
CVE-2011-5113,0.01024,0.61633
CVE-2011-5114,0.00931,0.58694
CVE-2011-5115,0.01003,0.61007
CVE-2011-5116,0.01051,0.62383
CVE-2011-5117,0.00336,0.26724
CVE-2011-5118,0.004,0.33536
CVE-2011-5119,0.004,0.33536
CVE-2011-5120,0.02223,0.8172
CVE-2011-5121,0.01221,0.66997
CVE-2011-5122,0.02223,0.81722
CVE-2011-5123,0.01221,0.66996
CVE-2011-5124,0.54648,0.98957
CVE-2011-5125,0.00942,0.59041
CVE-2011-5126,0.0106,0.62647
CVE-2011-5127,0.13162,0.96142
CVE-2011-5128,0.01655,0.75244
CVE-2011-5129,0.07696,0.94257
CVE-2011-5130,0.3655,0.98405
CVE-2011-5131,0.01047,0.62282
CVE-2011-5132,0.01161,0.65382
CVE-2011-5133,0.01679,0.75613
CVE-2011-5134,0.01055,0.62522
CVE-2011-5135,0.00921,0.58334
CVE-2011-5136,0.01589,0.7425
CVE-2011-5137,0.01199,0.66416
CVE-2011-5138,0.0096,0.59578
CVE-2011-5139,0.01113,0.64145
CVE-2011-5140,0.01805,0.77323
CVE-2011-5141,0.01296,0.68743
CVE-2011-5142,0.01208,0.66648
CVE-2011-5143,0.00942,0.59042
CVE-2011-5144,0.01489,0.72637
CVE-2011-5145,0.01166,0.65536
CVE-2011-5146,0.00312,0.23976
CVE-2011-5147,0.02288,0.82236
CVE-2011-5148,0.04839,0.91497
CVE-2011-5149,0.0208,0.80455
CVE-2011-5150,0.01457,0.72043
CVE-2011-5151,0.00361,0.29528
CVE-2011-5152,0.00361,0.29527
CVE-2011-5153,0.00363,0.29731
CVE-2011-5154,0.00356,0.28993
CVE-2011-5155,0.00714,0.51726
CVE-2011-5156,0.00361,0.29528
CVE-2011-5157,0.00405,0.34115
CVE-2011-5158,0.01998,0.79597
CVE-2011-5159,0.01148,0.65019
CVE-2011-5160,0.01334,0.69569
CVE-2011-5161,0.01965,0.7924
CVE-2011-5162,0.06846,0.93655
CVE-2011-5163,0.00471,0.39362
CVE-2011-5164,0.28582,0.98022
CVE-2011-5165,0.37001,0.98426
CVE-2011-5166,0.06481,0.93359
CVE-2011-5167,0.09756,0.95251
CVE-2011-5168,0.01275,0.68292
CVE-2011-5169,0.01118,0.64288
CVE-2011-5170,0.31968,0.98206
CVE-2011-5171,0.45786,0.98731
CVE-2011-5172,0.06365,0.93255
CVE-2011-5173,0.03478,0.88434
CVE-2011-5174,0.00456,0.38393
CVE-2011-5175,0.01311,0.69054
CVE-2011-5176,0.00931,0.58697
CVE-2011-5177,0.01613,0.7461
CVE-2011-5178,0.01379,0.70551
CVE-2011-5179,0.08772,0.94868
CVE-2011-5180,0.03731,0.89202
CVE-2011-5181,0.10428,0.9547
CVE-2011-5182,0.03604,0.8881
CVE-2011-5183,0.01198,0.6639
CVE-2011-5184,0.02709,0.85143
CVE-2011-5185,0.01353,0.70004
CVE-2011-5186,0.01332,0.6951
CVE-2011-5187,0.01041,0.62094
CVE-2011-5188,0.00941,0.59012
CVE-2011-5189,0.01041,0.62092
CVE-2011-5190,0.01206,0.66586
CVE-2011-5191,0.01668,0.75446
CVE-2011-5192,0.02058,0.80238
CVE-2011-5193,0.04053,0.9007
CVE-2011-5194,0.0224,0.81871
CVE-2011-5195,0.01109,0.64052
CVE-2011-5196,0.01334,0.69563
CVE-2011-5197,0.01976,0.79346
CVE-2011-5198,0.01309,0.69013
CVE-2011-5199,0.01206,0.66584
CVE-2011-5200,0.02432,0.83342
CVE-2011-5201,0.01463,0.7216
CVE-2011-5202,0.00332,0.26163
CVE-2011-5203,0.01236,0.67374
CVE-2011-5204,0.00822,0.55268
CVE-2011-5205,0.01208,0.66649
CVE-2011-5206,0.01206,0.66585
CVE-2011-5207,0.04535,0.9101
CVE-2011-5208,0.0326,0.87672
CVE-2011-5209,0.01648,0.75161
CVE-2011-5210,0.0158,0.74121
CVE-2011-5211,0.03865,0.8959
CVE-2011-5212,0.03417,0.88218
CVE-2011-5213,0.02453,0.83491
CVE-2011-5214,0.04848,0.91517
CVE-2011-5215,0.02023,0.79879
CVE-2011-5216,0.02431,0.83337
CVE-2011-5217,0.02839,0.85884
CVE-2011-5218,0.02234,0.81817
CVE-2011-5219,0.09156,0.95028
CVE-2011-5220,0.01878,0.78253
CVE-2011-5221,0.0249,0.83738
CVE-2011-5222,0.02237,0.81841
CVE-2011-5223,0.02122,0.80857
CVE-2011-5224,0.02736,0.85296
CVE-2011-5225,0.02483,0.83687
CVE-2011-5226,0.01222,0.67036
CVE-2011-5227,0.76952,0.99521
CVE-2011-5228,0.03889,0.89649
CVE-2011-5229,0.02224,0.81731
CVE-2011-5230,0.02237,0.81841
CVE-2011-5233,0.09318,0.95087
CVE-2011-5234,0.01889,0.78372
CVE-2011-5235,0.01889,0.78373
CVE-2011-5236,0.00611,0.47395
CVE-2011-5237,0.00527,0.43044
CVE-2011-5238,0.00378,0.31203
CVE-2011-5239,0.00527,0.43043
CVE-2011-5240,0.00611,0.47395
CVE-2011-5241,0.00527,0.43043
CVE-2011-5242,0.00521,0.4269
CVE-2011-5243,0.00527,0.43043
CVE-2011-5244,0.03355,0.88018
CVE-2011-5245,0.03213,0.8748
CVE-2011-5247,0.01076,0.63114
CVE-2011-5249,0.01362,0.70215
CVE-2011-5250,0.0066,0.4962
CVE-2011-5251,0.01533,0.73372
CVE-2011-5252,0.11927,0.95876
CVE-2011-5253,0.01119,0.64303
CVE-2011-5254,0.02607,0.84527
CVE-2011-5255,0.01666,0.75423
CVE-2011-5256,0.00895,0.57555
CVE-2011-5257,0.03788,0.89365
CVE-2011-5258,0.02092,0.80585
CVE-2011-5259,0.0123,0.67241
CVE-2011-5260,0.01206,0.66584
CVE-2011-5261,0.03608,0.8882
CVE-2011-5262,0.01106,0.63965
CVE-2011-5263,0.01333,0.69554
CVE-2011-5264,0.0224,0.81871
CVE-2011-5265,0.09964,0.95325
CVE-2011-5266,0.01184,0.66042
CVE-2011-5267,0.01817,0.77489
CVE-2011-5268,0.01501,0.72841
CVE-2011-5269,0.01068,0.62907
CVE-2011-5270,0.0149,0.72657
CVE-2011-5271,0.0049,0.40706
CVE-2011-5272,0.01057,0.62569
CVE-2011-5273,0.01484,0.72555
CVE-2011-5274,0.02034,0.79986
CVE-2011-5275,0.013,0.68842
CVE-2011-5276,0.01057,0.62568
CVE-2011-5277,0.01331,0.69496
CVE-2011-5278,0.01331,0.69496
CVE-2011-5279,0.1924,0.97176
CVE-2011-5280,0.02732,0.85277
CVE-2011-5282,0.0108,0.63226
CVE-2011-5283,0.03217,0.875
CVE-2011-5284,0.02268,0.82063
CVE-2011-5285,0.00966,0.59781
CVE-2011-5286,0.0294,0.86357
CVE-2011-5287,0.00966,0.59783
CVE-2011-5288,0.03803,0.89415
CVE-2011-5289,0.0225,0.81939
CVE-2011-5290,0.01229,0.67228
CVE-2011-5291,0.01229,0.67228
CVE-2011-5292,0.01402,0.71019
CVE-2011-5293,0.02081,0.80467
CVE-2011-5294,0.01229,0.67227
CVE-2011-5295,0.03803,0.89415
CVE-2011-5296,0.00966,0.5978
CVE-2011-5297,0.00966,0.59781
CVE-2011-5298,0.00609,0.4728
CVE-2011-5299,0.00966,0.59781
CVE-2011-5300,0.00609,0.47282
CVE-2011-5301,0.00966,0.59782
CVE-2011-5302,0.00609,0.47281
CVE-2011-5303,0.00966,0.59782
CVE-2011-5304,0.02044,0.80095
CVE-2011-5305,0.00966,0.59783
CVE-2011-5306,0.00609,0.47281
CVE-2011-5307,0.01629,0.74855
CVE-2011-5308,0.02334,0.82612
CVE-2011-5309,0.00966,0.59782
CVE-2011-5310,0.01848,0.77891
CVE-2011-5311,0.00609,0.47281
CVE-2011-5312,0.00966,0.59781
CVE-2011-5313,0.01203,0.66502
CVE-2011-5314,0.01257,0.67883
CVE-2011-5315,0.00609,0.47282
CVE-2011-5316,0.00609,0.47281
CVE-2011-5317,0.00942,0.59038
CVE-2011-5318,0.0106,0.62657
CVE-2011-5319,0.00964,0.59726
CVE-2011-5320,0.00466,0.39061
CVE-2011-5321,0.0037,0.30391
CVE-2011-5322,0.01679,0.75615
CVE-2011-5323,0.01679,0.75619
CVE-2011-5324,0.01679,0.75617
CVE-2011-5325,0.06984,0.93772
CVE-2011-5326,0.02533,0.84039
CVE-2011-5327,0.03676,0.8904
CVE-2011-5328,0.0068,0.50435
CVE-2011-5329,0.00923,0.58422
CVE-2011-5330,0.02069,0.80358
CVE-2011-5331,0.02749,0.8538
