#model_version:v2026.06.15,score_date:2026-08-28T12:00:26Z
cve,epss,percentile
CVE-2008-0001,0.00389,0.31792
CVE-2008-0002,0.05057,0.91735
CVE-2008-0003,0.07809,0.94324
CVE-2008-0005,0.14611,0.96451
CVE-2008-0006,0.05108,0.918
CVE-2008-0007,0.00494,0.40289
CVE-2008-0008,0.00556,0.43883
CVE-2008-0009,0.00959,0.58465
CVE-2008-0010,0.00894,0.56473
CVE-2008-0011,0.31589,0.98202
CVE-2008-0012,0.06751,0.93572
CVE-2008-0013,0.06751,0.93571
CVE-2008-0014,0.06751,0.93571
CVE-2008-0015,0.76733,0.99521
CVE-2008-0016,0.43921,0.98694
CVE-2008-0017,0.07677,0.94245
CVE-2008-0020,0.30917,0.98167
CVE-2008-0026,0.01925,0.78215
CVE-2008-0027,0.57108,0.99026
CVE-2008-0028,0.01985,0.78908
CVE-2008-0029,0.02237,0.81356
CVE-2008-0031,0.03026,0.8647
CVE-2008-0032,0.03813,0.89326
CVE-2008-0033,0.05419,0.92187
CVE-2008-0034,0.00355,0.28234
CVE-2008-0035,0.05008,0.91676
CVE-2008-0036,0.04614,0.91023
CVE-2008-0037,0.01633,0.74165
CVE-2008-0038,0.00334,0.25947
CVE-2008-0039,0.03247,0.87431
CVE-2008-0040,0.07107,0.93859
CVE-2008-0041,0.01804,0.76631
CVE-2008-0042,0.04441,0.90731
CVE-2008-0043,0.03909,0.89567
CVE-2008-0044,0.04494,0.90824
CVE-2008-0045,0.02345,0.82276
CVE-2008-0046,0.02141,0.80484
CVE-2008-0047,0.06765,0.9358
CVE-2008-0048,0.03646,0.8879
CVE-2008-0049,0.00399,0.32891
CVE-2008-0050,0.02127,0.80357
CVE-2008-0051,0.00396,0.32568
CVE-2008-0052,0.02068,0.79777
CVE-2008-0053,0.08282,0.94601
CVE-2008-0054,0.0456,0.90933
CVE-2008-0055,0.0027,0.18749
CVE-2008-0056,0.03646,0.8879
CVE-2008-0057,0.03089,0.86736
CVE-2008-0058,0.02898,0.85885
CVE-2008-0059,0.02348,0.82309
CVE-2008-0060,0.02068,0.79777
CVE-2008-0061,0.02113,0.8022
CVE-2008-0062,0.10141,0.95374
CVE-2008-0063,0.03478,0.88256
CVE-2008-0064,0.04607,0.91012
CVE-2008-0065,0.61275,0.99126
CVE-2008-0066,0.05531,0.92308
CVE-2008-0067,0.63419,0.99176
CVE-2008-0068,0.05088,0.91778
CVE-2008-0069,0.0836,0.94638
CVE-2008-0070,0.01105,0.6294
CVE-2008-0071,0.0719,0.93934
CVE-2008-0072,0.06018,0.92887
CVE-2008-0073,0.09255,0.95054
CVE-2008-0074,0.05405,0.92167
CVE-2008-0075,0.57167,0.99029
CVE-2008-0076,0.28948,0.98067
CVE-2008-0077,0.37186,0.98456
CVE-2008-0078,0.29062,0.98074
CVE-2008-0080,0.40569,0.9859
CVE-2008-0081,0.57908,0.99041
CVE-2008-0082,0.3435,0.98331
CVE-2008-0083,0.29963,0.98119
CVE-2008-0084,0.73599,0.99442
CVE-2008-0085,0.10677,0.9555
CVE-2008-0086,0.61927,0.9914
CVE-2008-0087,0.32446,0.98251
CVE-2008-0088,0.28948,0.98066
CVE-2008-0089,0.01006,0.60024
CVE-2008-0090,0.22526,0.97586
CVE-2008-0091,0.02773,0.85234
CVE-2008-0092,0.01726,0.75567
CVE-2008-0093,0.01073,0.62084
CVE-2008-0094,0.03229,0.8735
CVE-2008-0095,0.25423,0.97844
CVE-2008-0096,0.09238,0.95047
CVE-2008-0097,0.02462,0.83189
CVE-2008-0098,0.05531,0.92311
CVE-2008-0099,0.0085,0.55133
CVE-2008-0100,0.07562,0.94173
CVE-2008-0101,0.03716,0.88999
CVE-2008-0102,0.36907,0.98445
CVE-2008-0103,0.3008,0.98126
CVE-2008-0104,0.28948,0.98067
CVE-2008-0105,0.43757,0.98689
CVE-2008-0106,0.35323,0.98372
CVE-2008-0107,0.34539,0.9834
CVE-2008-0108,0.52632,0.98915
CVE-2008-0109,0.30869,0.98163
CVE-2008-0110,0.31934,0.98222
CVE-2008-0111,0.50862,0.98873
CVE-2008-0112,0.32235,0.98238
CVE-2008-0113,0.42225,0.98641
CVE-2008-0114,0.38754,0.9852
CVE-2008-0115,0.39333,0.98542
CVE-2008-0116,0.48229,0.98809
CVE-2008-0117,0.33362,0.98294
CVE-2008-0118,0.34842,0.98353
CVE-2008-0119,0.30869,0.98162
CVE-2008-0120,0.31932,0.9822
CVE-2008-0121,0.30869,0.98163
CVE-2008-0122,0.123,0.95957
CVE-2008-0123,0.03949,0.89689
CVE-2008-0124,0.01553,0.72912
CVE-2008-0125,0.01465,0.71386
CVE-2008-0127,0.08564,0.94739
CVE-2008-0128,0.19622,0.9725
CVE-2008-0129,0.00939,0.57859
CVE-2008-0130,0.01051,0.61367
CVE-2008-0131,0.00845,0.54986
CVE-2008-0132,0.09004,0.94961
CVE-2008-0133,0.0101,0.6015
CVE-2008-0134,0.01065,0.61853
CVE-2008-0135,0.02451,0.8311
CVE-2008-0136,0.01218,0.65995
CVE-2008-0137,0.02402,0.82704
CVE-2008-0138,0.04775,0.91293
CVE-2008-0139,0.222,0.97556
CVE-2008-0140,0.02297,0.81871
CVE-2008-0141,0.04314,0.90485
CVE-2008-0142,0.00845,0.55007
CVE-2008-0143,0.06308,0.9319
CVE-2008-0144,0.4484,0.9872
CVE-2008-0145,0.02308,0.81965
CVE-2008-0146,0.01511,0.72207
CVE-2008-0147,0.00914,0.57057
CVE-2008-0148,0.05785,0.92618
CVE-2008-0149,0.07543,0.94162
CVE-2008-0150,0.01298,0.67883
CVE-2008-0151,0.08514,0.94714
CVE-2008-0152,0.01852,0.77273
CVE-2008-0153,0.13119,0.96141
CVE-2008-0154,0.00999,0.59819
CVE-2008-0155,0.03075,0.86664
CVE-2008-0156,0.01289,0.67669
CVE-2008-0157,0.0101,0.60158
CVE-2008-0158,0.02145,0.80523
CVE-2008-0159,0.0189,0.77776
CVE-2008-0162,0.00346,0.27226
CVE-2008-0163,0.00304,0.22544
CVE-2008-0164,0.00642,0.47915
CVE-2008-0165,0.00637,0.47721
CVE-2008-0166,0.70721,0.99366
CVE-2008-0167,0.00729,0.51245
CVE-2008-0169,0.01576,0.73263
CVE-2008-0171,0.02686,0.84721
CVE-2008-0172,0.01957,0.78597
CVE-2008-0173,0.02092,0.8003
CVE-2008-0174,0.01957,0.78593
CVE-2008-0175,0.15436,0.96598
CVE-2008-0176,0.07917,0.94391
CVE-2008-0177,0.15542,0.96635
CVE-2008-0178,0.0201,0.79198
CVE-2008-0179,0.01212,0.65833
CVE-2008-0180,0.01338,0.68789
CVE-2008-0181,0.01338,0.6879
CVE-2008-0182,0.00602,0.46119
CVE-2008-0184,0.02127,0.80352
CVE-2008-0185,0.01042,0.61096
CVE-2008-0186,0.01524,0.724
CVE-2008-0187,0.00967,0.58756
CVE-2008-0190,0.01774,0.76239
CVE-2008-0191,0.02576,0.84012
CVE-2008-0192,0.05072,0.91752
CVE-2008-0193,0.03967,0.89738
CVE-2008-0194,0.0375,0.89107
CVE-2008-0195,0.0331,0.87688
CVE-2008-0196,0.03424,0.88075
CVE-2008-0197,0.02159,0.80652
CVE-2008-0198,0.01284,0.67586
CVE-2008-0199,0.01717,0.75432
CVE-2008-0200,0.0127,0.67255
CVE-2008-0201,0.01312,0.68168
CVE-2008-0202,0.01243,0.66616
CVE-2008-0203,0.01854,0.77301
CVE-2008-0204,0.01854,0.773
CVE-2008-0205,0.01885,0.777
CVE-2008-0206,0.01854,0.77301
CVE-2008-0207,0.01908,0.78014
CVE-2008-0208,0.01102,0.62846
CVE-2008-0209,0.01136,0.63733
CVE-2008-0210,0.02128,0.8036
CVE-2008-0211,0.00316,0.23814
CVE-2008-0212,0.04443,0.90736
CVE-2008-0213,0.0497,0.91617
CVE-2008-0214,0.02348,0.82308
CVE-2008-0215,0.03739,0.89071
CVE-2008-0216,0.00313,0.23602
CVE-2008-0217,0.00296,0.21664
CVE-2008-0218,0.02967,0.86205
CVE-2008-0219,0.00973,0.58975
CVE-2008-0220,0.15662,0.96658
CVE-2008-0221,0.05731,0.92558
CVE-2008-0222,0.07702,0.9426
CVE-2008-0223,0.04756,0.91265
CVE-2008-0224,0.02001,0.79095
CVE-2008-0225,0.14969,0.96522
CVE-2008-0226,0.91602,0.99808
CVE-2008-0227,0.02492,0.8339
CVE-2008-0228,0.03287,0.87595
CVE-2008-0229,0.02565,0.83928
CVE-2008-0230,0.0259,0.841
CVE-2008-0231,0.02507,0.83501
CVE-2008-0232,0.00967,0.58745
CVE-2008-0233,0.02212,0.81146
CVE-2008-0234,0.12405,0.95975
CVE-2008-0235,0.29159,0.98077
CVE-2008-0236,0.17384,0.96955
CVE-2008-0237,0.20466,0.97366
CVE-2008-0238,0.04211,0.90288
CVE-2008-0239,0.05696,0.92512
CVE-2008-0240,0.05836,0.9268
CVE-2008-0241,0.02677,0.84667
CVE-2008-0242,0.00356,0.28362
CVE-2008-0243,0.01819,0.76834
CVE-2008-0244,0.80311,0.99601
CVE-2008-0245,0.02335,0.82198
CVE-2008-0246,0.0353,0.88421
CVE-2008-0247,0.08479,0.94698
CVE-2008-0248,0.10703,0.95559
CVE-2008-0249,0.02587,0.84078
CVE-2008-0250,0.16885,0.96882
CVE-2008-0251,0.03536,0.88441
CVE-2008-0252,0.02669,0.8461
CVE-2008-0253,0.00967,0.58756
CVE-2008-0254,0.00914,0.57057
CVE-2008-0255,0.02001,0.79093
CVE-2008-0256,0.00973,0.58979
CVE-2008-0257,0.01022,0.60486
CVE-2008-0258,0.01546,0.72771
CVE-2008-0259,0.02256,0.81522
CVE-2008-0260,0.0162,0.7395
CVE-2008-0261,0.01397,0.70065
CVE-2008-0262,0.00975,0.59081
CVE-2008-0263,0.01707,0.75283
CVE-2008-0264,0.02129,0.80372
CVE-2008-0265,0.03485,0.88281
CVE-2008-0266,0.00438,0.3638
CVE-2008-0267,0.01153,0.64239
CVE-2008-0268,0.01513,0.72235
CVE-2008-0269,0.00355,0.2825
CVE-2008-0270,0.00841,0.54868
CVE-2008-0271,0.0053,0.42501
CVE-2008-0272,0.0117,0.64697
CVE-2008-0273,0.02271,0.8164
CVE-2008-0274,0.01545,0.7276
CVE-2008-0275,0.01064,0.61811
CVE-2008-0276,0.00845,0.5499
CVE-2008-0277,0.02096,0.80068
CVE-2008-0278,0.01635,0.74192
CVE-2008-0279,0.00967,0.58734
CVE-2008-0280,0.01145,0.63955
CVE-2008-0281,0.01002,0.59902
CVE-2008-0282,0.00973,0.58979
CVE-2008-0283,0.01829,0.76971
CVE-2008-0284,0.01033,0.60838
CVE-2008-0285,0.01802,0.76604
CVE-2008-0286,0.01145,0.63955
CVE-2008-0287,0.01986,0.78923
CVE-2008-0288,0.00967,0.58757
CVE-2008-0289,0.02155,0.80619
CVE-2008-0290,0.00961,0.58508
CVE-2008-0291,0.01145,0.63954
CVE-2008-0292,0.00845,0.54992
CVE-2008-0293,0.01229,0.66296
CVE-2008-0294,0.01015,0.60302
CVE-2008-0295,0.11055,0.95657
CVE-2008-0296,0.14572,0.96445
CVE-2008-0297,0.02704,0.84824
CVE-2008-0298,0.03257,0.87475
CVE-2008-0299,0.0162,0.7395
CVE-2008-0300,0.01991,0.7899
CVE-2008-0301,0.01681,0.74891
CVE-2008-0302,0.00689,0.4981
CVE-2008-0303,0.02051,0.79605
CVE-2008-0304,0.06049,0.92922
CVE-2008-0306,0.00371,0.29885
CVE-2008-0307,0.03996,0.89806
CVE-2008-0308,0.02553,0.8385
CVE-2008-0309,0.03659,0.88831
CVE-2008-0310,0.01006,0.60024
CVE-2008-0311,0.31024,0.98173
CVE-2008-0312,0.06148,0.93031
CVE-2008-0313,0.04032,0.89891
CVE-2008-0314,0.09021,0.94967
CVE-2008-0318,0.07876,0.94371
CVE-2008-0320,0.56864,0.99021
CVE-2008-0322,0.01598,0.73589
CVE-2008-0324,0.01173,0.64768
CVE-2008-0325,0.00967,0.58738
CVE-2008-0326,0.00967,0.58741
CVE-2008-0327,0.01018,0.60376
CVE-2008-0328,0.01006,0.60018
CVE-2008-0329,0.02099,0.80099
CVE-2008-0330,0.01842,0.77147
CVE-2008-0331,0.0167,0.74715
CVE-2008-0332,0.02274,0.81664
CVE-2008-0333,0.11659,0.95803
CVE-2008-0334,0.01219,0.66018
CVE-2008-0335,0.01065,0.6186
CVE-2008-0336,0.0053,0.425
CVE-2008-0337,0.0536,0.92118
CVE-2008-0338,0.02811,0.85429
CVE-2008-0339,0.1453,0.96436
CVE-2008-0340,0.02625,0.8433
CVE-2008-0341,0.03441,0.8813
CVE-2008-0342,0.03441,0.88131
CVE-2008-0343,0.02625,0.84331
CVE-2008-0344,0.02625,0.84331
CVE-2008-0345,0.02625,0.8433
CVE-2008-0346,0.02696,0.84776
CVE-2008-0347,0.02696,0.84777
CVE-2008-0348,0.02625,0.84331
CVE-2008-0349,0.02625,0.84331
CVE-2008-0350,0.02498,0.83434
CVE-2008-0351,0.02326,0.82112
CVE-2008-0352,0.10449,0.95479
CVE-2008-0353,0.0101,0.60153
CVE-2008-0354,0.02859,0.85685
CVE-2008-0355,0.00967,0.58737
CVE-2008-0356,0.72963,0.99426
CVE-2008-0357,0.02352,0.82341
CVE-2008-0358,0.02177,0.80824
CVE-2008-0359,0.01776,0.76269
CVE-2008-0360,0.01061,0.61644
CVE-2008-0361,0.02827,0.8552
CVE-2008-0362,0.01065,0.61866
CVE-2008-0363,0.01096,0.62708
CVE-2008-0364,0.08892,0.94909
CVE-2008-0365,0.00974,0.59037
CVE-2008-0366,0.00544,0.43224
CVE-2008-0367,0.01811,0.76725
CVE-2008-0368,0.00333,0.25791
CVE-2008-0369,0.00319,0.24229
CVE-2008-0370,0.01065,0.61867
CVE-2008-0371,0.0111,0.63066
CVE-2008-0372,0.03216,0.87294
CVE-2008-0373,0.02178,0.80836
CVE-2008-0374,0.02077,0.79856
CVE-2008-0375,0.02566,0.83939
CVE-2008-0376,0.31504,0.98198
CVE-2008-0377,0.02611,0.8424
CVE-2008-0378,0.02512,0.83532
CVE-2008-0379,0.08559,0.94737
CVE-2008-0380,0.12705,0.96032
CVE-2008-0381,0.00856,0.55349
CVE-2008-0382,0.41868,0.98632
CVE-2008-0383,0.01493,0.71875
CVE-2008-0384,0.00846,0.55012
CVE-2008-0385,0.01096,0.62704
CVE-2008-0386,0.03171,0.87109
CVE-2008-0387,0.45873,0.9875
CVE-2008-0388,0.03486,0.88286
CVE-2008-0389,0.02127,0.80358
CVE-2008-0390,0.02318,0.82058
CVE-2008-0391,0.02252,0.81489
CVE-2008-0392,0.30457,0.98142
CVE-2008-0393,0.01933,0.78311
CVE-2008-0394,0.11948,0.95876
CVE-2008-0395,0.01218,0.65996
CVE-2008-0396,0.08531,0.94723
CVE-2008-0397,0.00979,0.59177
CVE-2008-0398,0.01445,0.70972
CVE-2008-0399,0.07984,0.94428
CVE-2008-0400,0.01452,0.71101
CVE-2008-0401,0.08377,0.94646
CVE-2008-0402,0.01173,0.6479
CVE-2008-0403,0.02514,0.8355
CVE-2008-0404,0.01562,0.73044
CVE-2008-0405,0.0307,0.86647
CVE-2008-0406,0.03568,0.88544
CVE-2008-0407,0.01566,0.73101
CVE-2008-0408,0.01707,0.75287
CVE-2008-0409,0.01343,0.68895
CVE-2008-0410,0.01801,0.76593
CVE-2008-0411,0.14409,0.96412
CVE-2008-0412,0.03304,0.87666
CVE-2008-0413,0.02484,0.83338
CVE-2008-0414,0.02086,0.79964
CVE-2008-0415,0.02205,0.81084
CVE-2008-0416,0.0162,0.73943
CVE-2008-0417,0.01439,0.70845
CVE-2008-0418,0.08633,0.94775
CVE-2008-0419,0.03796,0.89265
CVE-2008-0420,0.02224,0.81237
CVE-2008-0421,0.00923,0.57308
CVE-2008-0422,0.03271,0.87528
CVE-2008-0423,0.37214,0.98458
CVE-2008-0424,0.00967,0.5874
CVE-2008-0425,0.02615,0.84263
CVE-2008-0426,0.01065,0.6186
CVE-2008-0427,0.03678,0.88889
CVE-2008-0428,0.01681,0.74891
CVE-2008-0429,0.01175,0.64854
CVE-2008-0430,0.00967,0.58766
CVE-2008-0431,0.02771,0.85212
CVE-2008-0432,0.01734,0.75679
CVE-2008-0433,0.03137,0.86955
CVE-2008-0434,0.10354,0.95447
CVE-2008-0435,0.0292,0.85989
CVE-2008-0436,0.01465,0.71381
CVE-2008-0437,0.5808,0.99047
CVE-2008-0438,0.02927,0.8602
CVE-2008-0439,0.01462,0.71309
CVE-2008-0440,0.02059,0.79673
CVE-2008-0441,0.00443,0.3678
CVE-2008-0442,0.0203,0.79386
CVE-2008-0443,0.12797,0.96051
CVE-2008-0444,0.0125,0.66771
CVE-2008-0445,0.01428,0.7066
CVE-2008-0446,0.00999,0.59822
CVE-2008-0447,0.00999,0.59822
CVE-2008-0448,0.01209,0.65745
CVE-2008-0449,0.01001,0.59878
CVE-2008-0450,0.01209,0.65745
CVE-2008-0451,0.01036,0.6093
CVE-2008-0452,0.02811,0.85427
CVE-2008-0453,0.00909,0.56913
CVE-2008-0454,0.25198,0.97828
CVE-2008-0455,0.6477,0.99211
CVE-2008-0456,0.19036,0.97169
CVE-2008-0457,0.11863,0.95855
CVE-2008-0458,0.01929,0.78259
CVE-2008-0459,0.01915,0.78086
CVE-2008-0460,0.14562,0.96443
CVE-2008-0461,0.02005,0.7914
CVE-2008-0462,0.01065,0.61867
CVE-2008-0463,0.01065,0.61866
CVE-2008-0464,0.03323,0.8773
CVE-2008-0465,0.0343,0.88099
CVE-2008-0466,0.04927,0.91545
CVE-2008-0467,0.06438,0.93304
CVE-2008-0468,0.0101,0.60158
CVE-2008-0469,0.01235,0.66417
CVE-2008-0470,0.30854,0.98161
CVE-2008-0471,0.00627,0.4726
CVE-2008-0472,0.0053,0.42501
CVE-2008-0473,0.0262,0.84294
CVE-2008-0474,0.01446,0.70984
CVE-2008-0475,0.01205,0.65619
CVE-2008-0476,0.01248,0.66723
CVE-2008-0477,0.14759,0.96484
CVE-2008-0478,0.01846,0.77198
CVE-2008-0479,0.03878,0.89478
CVE-2008-0480,0.03878,0.89478
CVE-2008-0481,0.03878,0.89479
CVE-2008-0485,0.08878,0.94901
CVE-2008-0486,0.0537,0.92129
CVE-2008-0487,0.01002,0.59899
CVE-2008-0488,0.0233,0.8215
CVE-2008-0489,0.02724,0.84929
CVE-2008-0490,0.02742,0.85035
CVE-2008-0491,0.05549,0.92332
CVE-2008-0492,0.29518,0.98096
CVE-2008-0493,0.08681,0.94801
CVE-2008-0494,0.00871,0.55788
CVE-2008-0495,0.02354,0.82358
CVE-2008-0496,0.0173,0.75617
CVE-2008-0497,0.01963,0.78662
CVE-2008-0498,0.00997,0.59745
CVE-2008-0499,0.01096,0.62704
CVE-2008-0500,0.01541,0.72709
CVE-2008-0501,0.0185,0.77257
CVE-2008-0502,0.02605,0.84202
CVE-2008-0503,0.23182,0.97647
CVE-2008-0504,0.01969,0.78728
CVE-2008-0505,0.01465,0.71369
CVE-2008-0506,0.58902,0.99064
CVE-2008-0507,0.02742,0.85035
CVE-2008-0508,0.01292,0.67764
CVE-2008-0509,0.00548,0.43453
CVE-2008-0510,0.00967,0.58766
CVE-2008-0511,0.00987,0.59422
CVE-2008-0512,0.00987,0.59418
CVE-2008-0513,0.03501,0.88339
CVE-2008-0514,0.00967,0.58766
CVE-2008-0515,0.00967,0.58766
CVE-2008-0516,0.02937,0.86067
CVE-2008-0517,0.0101,0.60141
CVE-2008-0518,0.0101,0.60142
CVE-2008-0519,0.0101,0.60142
CVE-2008-0520,0.02851,0.85644
CVE-2008-0521,0.02906,0.85926
CVE-2008-0522,0.01292,0.67756
CVE-2008-0523,0.01022,0.60494
CVE-2008-0524,0.00678,0.49389
CVE-2008-0525,0.00502,0.4074
CVE-2008-0526,0.01916,0.78096
CVE-2008-0527,0.01904,0.77949
CVE-2008-0528,0.05359,0.92116
CVE-2008-0529,0.05359,0.92116
CVE-2008-0530,0.05359,0.92115
CVE-2008-0531,0.02891,0.85852
CVE-2008-0532,0.57136,0.99028
CVE-2008-0533,0.28789,0.98055
CVE-2008-0534,0.04489,0.90811
CVE-2008-0535,0.05021,0.91693
CVE-2008-0536,0.04318,0.90491
CVE-2008-0537,0.01894,0.77836
CVE-2008-0538,0.0116,0.6441
CVE-2008-0539,0.07213,0.93947
CVE-2008-0540,0.01339,0.68798
CVE-2008-0541,0.01445,0.70966
CVE-2008-0542,0.02672,0.84637
CVE-2008-0543,0.01096,0.62708
CVE-2008-0544,0.07928,0.94397
CVE-2008-0545,0.02286,0.81773
CVE-2008-0546,0.0315,0.87006
CVE-2008-0547,0.03726,0.89027
CVE-2008-0548,0.01105,0.62944
CVE-2008-0549,0.01435,0.70783
CVE-2008-0550,0.53784,0.98947
CVE-2008-0551,0.29749,0.98108
CVE-2008-0552,0.0189,0.77774
CVE-2008-0553,0.04246,0.90361
CVE-2008-0554,0.04388,0.90633
CVE-2008-0555,0.0187,0.7753
CVE-2008-0556,0.00961,0.58556
CVE-2008-0557,0.0114,0.63836
CVE-2008-0558,0.00845,0.54977
CVE-2008-0559,0.02724,0.84929
CVE-2008-0560,0.01956,0.78584
CVE-2008-0561,0.01103,0.62867
CVE-2008-0562,0.01103,0.62867
CVE-2008-0563,0.00438,0.3644
CVE-2008-0564,0.01919,0.78135
CVE-2008-0565,0.01059,0.61599
CVE-2008-0566,0.23475,0.97673
CVE-2008-0567,0.34307,0.98329
CVE-2008-0568,0.02429,0.82935
CVE-2008-0569,0.02544,0.83767
CVE-2008-0570,0.01055,0.6149
CVE-2008-0571,0.00524,0.42188
CVE-2008-0572,0.21529,0.97494
CVE-2008-0573,0.00837,0.54769
CVE-2008-0574,0.01511,0.72206
CVE-2008-0575,0.00524,0.42187
CVE-2008-0576,0.01022,0.60494
CVE-2008-0577,0.01173,0.64766
CVE-2008-0578,0.01292,0.67759
CVE-2008-0579,0.0114,0.63836
CVE-2008-0580,0.00186,0.08275
CVE-2008-0581,0.00297,0.21794
CVE-2008-0582,0.01207,0.65666
CVE-2008-0583,0.02063,0.79722
CVE-2008-0584,0.00374,0.30204
CVE-2008-0585,0.00327,0.25084
CVE-2008-0586,0.00414,0.34326
CVE-2008-0587,0.00388,0.31731
CVE-2008-0588,0.00388,0.31732
CVE-2008-0589,0.00372,0.30046
CVE-2008-0590,0.22169,0.97554
CVE-2008-0591,0.03849,0.89414
CVE-2008-0592,0.01785,0.76368
CVE-2008-0593,0.02037,0.79442
CVE-2008-0594,0.01968,0.78708
CVE-2008-0595,0.00404,0.33428
CVE-2008-0596,0.02312,0.82
CVE-2008-0597,0.02312,0.82001
CVE-2008-0598,0.0037,0.298
CVE-2008-0599,0.10918,0.95618
CVE-2008-0600,0.0354,0.88456
CVE-2008-0601,0.00928,0.57469
CVE-2008-0602,0.01968,0.7871
CVE-2008-0603,0.00928,0.57471
CVE-2008-0604,0.01294,0.67797
CVE-2008-0605,0.01492,0.71859
CVE-2008-0606,0.00999,0.59811
CVE-2008-0607,0.01256,0.6689
CVE-2008-0608,0.05641,0.92454
CVE-2008-0609,0.02371,0.82477
CVE-2008-0610,0.38757,0.98521
CVE-2008-0611,0.00928,0.57475
CVE-2008-0612,0.02778,0.85262
CVE-2008-0613,0.02044,0.7953
CVE-2008-0614,0.00928,0.57473
CVE-2008-0615,0.03111,0.86836
CVE-2008-0616,0.04252,0.90369
CVE-2008-0617,0.02316,0.82043
CVE-2008-0618,0.01527,0.72454
CVE-2008-0619,0.10763,0.95576
CVE-2008-0620,0.03315,0.87702
CVE-2008-0621,0.73359,0.99436
CVE-2008-0622,0.01065,0.61879
CVE-2008-0623,0.09151,0.95017
CVE-2008-0624,0.07595,0.94195
CVE-2008-0625,0.08104,0.94499
CVE-2008-0628,0.0343,0.88098
CVE-2008-0629,0.02768,0.85199
CVE-2008-0630,0.03881,0.89489
CVE-2008-0631,0.03556,0.88506
CVE-2008-0632,0.06363,0.93238
CVE-2008-0633,0.01931,0.78294
CVE-2008-0634,0.04649,0.9108
CVE-2008-0635,0.12448,0.95982
CVE-2008-0636,0.02593,0.84126
CVE-2008-0638,0.05957,0.92823
CVE-2008-0639,0.23186,0.97647
CVE-2008-0640,0.02933,0.86047
CVE-2008-0642,0.01281,0.67497
CVE-2008-0643,0.02114,0.80229
CVE-2008-0644,0.03054,0.86586
CVE-2008-0645,0.34266,0.98328
CVE-2008-0646,0.02244,0.8142
CVE-2008-0647,0.073,0.94007
CVE-2008-0648,0.02022,0.79304
CVE-2008-0649,0.00928,0.5747
CVE-2008-0650,0.00902,0.56719
CVE-2008-0651,0.00902,0.5672
CVE-2008-0652,0.00928,0.57475
CVE-2008-0653,0.00928,0.57468
CVE-2008-0654,0.01519,0.72331
CVE-2008-0655,0.36844,0.98439
CVE-2008-0656,0.02649,0.84485
CVE-2008-0657,0.02839,0.85581
CVE-2008-0658,0.03053,0.86575
CVE-2008-0659,0.56343,0.99006
CVE-2008-0660,0.37762,0.98482
CVE-2008-0661,0.04789,0.91314
CVE-2008-0662,0.00337,0.26265
CVE-2008-0663,0.00334,0.25969
CVE-2008-0664,0.03553,0.88496
CVE-2008-0665,0.00433,0.3595
CVE-2008-0666,0.00433,0.3595
CVE-2008-0667,0.06914,0.93691
CVE-2008-0668,0.04981,0.91643
CVE-2008-0669,0.00845,0.54978
CVE-2008-0670,0.00928,0.57472
CVE-2008-0671,0.15564,0.96639
CVE-2008-0672,0.01745,0.75838
CVE-2008-0673,0.02602,0.84182
CVE-2008-0674,0.05914,0.92774
CVE-2008-0675,0.0101,0.60158
CVE-2008-0676,0.01216,0.65924
CVE-2008-0677,0.00928,0.57471
CVE-2008-0678,0.00939,0.57857
CVE-2008-0679,0.01507,0.72131
CVE-2008-0680,0.07437,0.94094
CVE-2008-0681,0.01991,0.78995
CVE-2008-0682,0.02846,0.85617
CVE-2008-0683,0.02555,0.83867
CVE-2008-0684,0.01446,0.70985
CVE-2008-0685,0.00959,0.5845
CVE-2008-0686,0.00973,0.58975
CVE-2008-0687,0.01386,0.69857
CVE-2008-0688,0.01465,0.7138
CVE-2008-0689,0.00936,0.57759
CVE-2008-0690,0.09049,0.94976
CVE-2008-0691,0.03594,0.88623
CVE-2008-0692,0.00999,0.59817
CVE-2008-0693,0.02036,0.79434
CVE-2008-0694,0.01033,0.60839
CVE-2008-0695,0.00923,0.57309
CVE-2008-0696,0.01164,0.64541
CVE-2008-0697,0.00304,0.22562
CVE-2008-0698,0.01516,0.72283
CVE-2008-0699,0.05199,0.91922
CVE-2008-0700,0.01196,0.65394
CVE-2008-0701,0.01186,0.65119
CVE-2008-0702,0.07707,0.94264
CVE-2008-0703,0.02755,0.85118
CVE-2008-0704,0.04286,0.90436
CVE-2008-0706,0.00534,0.42701
CVE-2008-0707,0.00485,0.3966
CVE-2008-0708,0.00454,0.37595
CVE-2008-0709,0.01311,0.68153
CVE-2008-0711,0.0331,0.87685
CVE-2008-0712,0.04697,0.91165
CVE-2008-0713,0.01844,0.77168
CVE-2008-0714,0.00949,0.58177
CVE-2008-0715,0.03927,0.89623
CVE-2008-0716,0.00295,0.21553
CVE-2008-0717,0.01659,0.74551
CVE-2008-0718,0.00331,0.25582
CVE-2008-0719,0.02883,0.85804
CVE-2008-0720,0.01223,0.66138
CVE-2008-0721,0.00928,0.57467
CVE-2008-0722,0.01208,0.65715
CVE-2008-0723,0.01436,0.708
CVE-2008-0724,0.02403,0.82713
CVE-2008-0725,0.03401,0.88006
CVE-2008-0726,0.14638,0.96458
CVE-2008-0727,0.05248,0.91996
CVE-2008-0728,0.02815,0.8545
CVE-2008-0729,0.08074,0.94475
CVE-2008-0730,0.00359,0.28654
CVE-2008-0731,0.01418,0.70478
CVE-2008-0732,0.00755,0.52095
CVE-2008-0733,0.00961,0.58518
CVE-2008-0734,0.01045,0.61188
CVE-2008-0735,0.01548,0.72822
CVE-2008-0736,0.03121,0.86886
CVE-2008-0737,0.02339,0.82235
CVE-2008-0738,0.00961,0.58522
CVE-2008-0739,0.00961,0.58522
CVE-2008-0740,0.00328,0.25282
CVE-2008-0741,0.01769,0.7617
CVE-2008-0742,0.02286,0.81773
CVE-2008-0743,0.03425,0.88078
CVE-2008-0744,0.00971,0.58931
CVE-2008-0745,0.02249,0.81459
CVE-2008-0746,0.00967,0.58733
CVE-2008-0747,0.06856,0.93643
CVE-2008-0748,0.16155,0.96752
CVE-2008-0749,0.01452,0.71095
CVE-2008-0750,0.01258,0.66962
CVE-2008-0751,0.02221,0.81208
CVE-2008-0752,0.00999,0.59816
CVE-2008-0753,0.00961,0.58526
CVE-2008-0754,0.00961,0.58549
CVE-2008-0755,0.04923,0.91524
CVE-2008-0756,0.03241,0.87402
CVE-2008-0757,0.01065,0.61877
CVE-2008-0758,0.01838,0.7709
CVE-2008-0759,0.01707,0.75283
CVE-2008-0760,0.03319,0.87714
CVE-2008-0761,0.00999,0.59819
CVE-2008-0762,0.01051,0.61374
CVE-2008-0763,0.08051,0.9446
CVE-2008-0764,0.07401,0.94076
CVE-2008-0765,0.01107,0.62981
CVE-2008-0766,0.05359,0.92115
CVE-2008-0767,0.07712,0.94268
CVE-2008-0768,0.04461,0.90771
CVE-2008-0769,0.01065,0.61878
CVE-2008-0770,0.01058,0.61591
CVE-2008-0771,0.01096,0.62705
CVE-2008-0772,0.01062,0.61725
CVE-2008-0773,0.01058,0.6159
CVE-2008-0774,0.00845,0.54978
CVE-2008-0775,0.01223,0.66138
CVE-2008-0776,0.0114,0.63835
CVE-2008-0777,0.00409,0.33881
CVE-2008-0778,0.09214,0.95039
CVE-2008-0779,0.00405,0.33514
CVE-2008-0780,0.01735,0.75701
CVE-2008-0781,0.02537,0.83713
CVE-2008-0782,0.14787,0.9649
CVE-2008-0783,0.05246,0.91993
CVE-2008-0784,0.02216,0.81168
CVE-2008-0785,0.03435,0.88111
CVE-2008-0786,0.01774,0.76248
CVE-2008-0787,0.01357,0.69237
CVE-2008-0788,0.00656,0.48541
CVE-2008-0789,0.01051,0.61372
CVE-2008-0790,0.03323,0.8773
CVE-2008-0791,0.01719,0.75456
CVE-2008-0792,0.02175,0.80808
CVE-2008-0793,0.01065,0.61877
CVE-2008-0794,0.02439,0.83006
CVE-2008-0795,0.00967,0.58764
CVE-2008-0796,0.00923,0.5731
CVE-2008-0797,0.01551,0.72884
CVE-2008-0798,0.02358,0.82386
CVE-2008-0799,0.00999,0.59816
CVE-2008-0800,0.00999,0.59815
CVE-2008-0801,0.00999,0.59815
CVE-2008-0802,0.02079,0.79874
CVE-2008-0803,0.32703,0.98263
CVE-2008-0804,0.01975,0.78785
CVE-2008-0805,0.05194,0.91916
CVE-2008-0806,0.00442,0.36696
CVE-2008-0807,0.01383,0.69804
CVE-2008-0808,0.01243,0.66602
CVE-2008-0809,0.01083,0.62331
CVE-2008-0810,0.00961,0.58521
CVE-2008-0811,0.00999,0.59817
CVE-2008-0812,0.02286,0.81775
CVE-2008-0813,0.02672,0.84636
CVE-2008-0814,0.02206,0.8109
CVE-2008-0815,0.00961,0.58547
CVE-2008-0816,0.00961,0.58523
CVE-2008-0817,0.01002,0.59897
CVE-2008-0818,0.02498,0.83433
CVE-2008-0819,0.02275,0.81674
CVE-2008-0820,0.01312,0.68168
CVE-2008-0821,0.00939,0.57859
CVE-2008-0822,0.02119,0.8028
CVE-2008-0823,0.02151,0.80582
CVE-2008-0824,0.01239,0.66502
CVE-2008-0825,0.01063,0.61757
CVE-2008-0826,0.01033,0.60843
CVE-2008-0827,0.00987,0.59418
CVE-2008-0828,0.01033,0.60843
CVE-2008-0829,0.01061,0.61644
CVE-2008-0830,0.02243,0.81417
CVE-2008-0831,0.00923,0.57307
CVE-2008-0832,0.01196,0.6538
CVE-2008-0833,0.00999,0.59818
CVE-2008-0834,0.01065,0.61877
CVE-2008-0835,0.00967,0.58763
CVE-2008-0836,0.00358,0.28577
CVE-2008-0837,0.02032,0.79397
CVE-2008-0838,0.04191,0.90244
CVE-2008-0839,0.0101,0.60161
CVE-2008-0840,0.02369,0.82466
CVE-2008-0841,0.00931,0.57587
CVE-2008-0842,0.0101,0.60159
CVE-2008-0843,0.02552,0.83843
CVE-2008-0844,0.00999,0.59818
CVE-2008-0845,0.02805,0.85398
CVE-2008-0846,0.00907,0.56868
CVE-2008-0847,0.0101,0.60156
CVE-2008-0848,0.01263,0.67073
CVE-2008-0849,0.01137,0.63783
CVE-2008-0850,0.02383,0.82568
CVE-2008-0851,0.03964,0.89729
CVE-2008-0852,0.06233,0.93115
CVE-2008-0853,0.00971,0.58929
CVE-2008-0854,0.00961,0.58549
CVE-2008-0855,0.00951,0.58226
CVE-2008-0856,0.00907,0.56877
CVE-2008-0857,0.00997,0.5974
CVE-2008-0858,0.0395,0.89692
CVE-2008-0859,0.0144,0.70874
CVE-2008-0860,0.01541,0.72705
CVE-2008-0861,0.01107,0.62981
CVE-2008-0862,0.02126,0.80343
CVE-2008-0863,0.01205,0.65619
CVE-2008-0864,0.0181,0.76717
CVE-2008-0865,0.0181,0.76717
CVE-2008-0866,0.01033,0.60834
CVE-2008-0867,0.01223,0.66136
CVE-2008-0868,0.01074,0.62112
CVE-2008-0869,0.01065,0.61858
CVE-2008-0870,0.01431,0.70705
CVE-2008-0871,0.32791,0.98269
CVE-2008-0872,0.0172,0.75463
CVE-2008-0873,0.00967,0.58731
CVE-2008-0874,0.0101,0.60156
CVE-2008-0875,0.01397,0.70064
CVE-2008-0876,0.01189,0.65204
CVE-2008-0877,0.01489,0.71793
CVE-2008-0878,0.0101,0.60156
CVE-2008-0879,0.01145,0.63957
CVE-2008-0880,0.01062,0.61725
CVE-2008-0881,0.01058,0.6159
CVE-2008-0882,0.05793,0.92627
CVE-2008-0883,0.0077,0.52601
CVE-2008-0884,0.00361,0.28874
CVE-2008-0887,0.01336,0.68739
CVE-2008-0888,0.0629,0.93174
CVE-2008-0889,0.00405,0.33489
CVE-2008-0890,0.00374,0.30184
CVE-2008-0891,0.0423,0.90332
CVE-2008-0892,0.1402,0.9634
CVE-2008-0893,0.02012,0.79211
CVE-2008-0894,0.01196,0.65395
CVE-2008-0895,0.02163,0.80689
CVE-2008-0896,0.00796,0.53439
CVE-2008-0897,0.01246,0.66676
CVE-2008-0898,0.01141,0.63863
CVE-2008-0899,0.01033,0.60824
CVE-2008-0900,0.09986,0.95323
CVE-2008-0901,0.02242,0.81406
CVE-2008-0902,0.01022,0.60509
CVE-2008-0903,0.01189,0.65204
CVE-2008-0904,0.01471,0.7148
CVE-2008-0905,0.02672,0.84636
CVE-2008-0906,0.00967,0.58757
CVE-2008-0907,0.0095,0.58218
CVE-2008-0908,0.01051,0.61362
CVE-2008-0909,0.00871,0.55787
CVE-2008-0910,0.02517,0.83572
CVE-2008-0911,0.00856,0.55376
CVE-2008-0912,0.15568,0.9664
CVE-2008-0913,0.00845,0.54984
CVE-2008-0914,0.01263,0.67074
CVE-2008-0915,0.01222,0.66105
CVE-2008-0916,0.00973,0.58997
CVE-2008-0917,0.01033,0.60825
CVE-2008-0918,0.00905,0.56798
CVE-2008-0919,0.03746,0.89095
CVE-2008-0920,0.01008,0.6008
CVE-2008-0921,0.00973,0.58989
CVE-2008-0922,0.00928,0.57472
CVE-2008-0923,0.00486,0.39729
CVE-2008-0924,0.05003,0.91671
CVE-2008-0925,0.02192,0.80953
CVE-2008-0926,0.58179,0.99049
CVE-2008-0927,0.7005,0.99344
CVE-2008-0928,0.00369,0.29617
CVE-2008-0930,0.00368,0.29573
CVE-2008-0931,0.00363,0.29052
CVE-2008-0932,0.02901,0.85904
CVE-2008-0933,0.00333,0.25736
CVE-2008-0934,0.00931,0.57589
CVE-2008-0935,0.6514,0.99221
CVE-2008-0936,0.00961,0.58524
CVE-2008-0937,0.00874,0.55912
CVE-2008-0938,0.00344,0.27052
CVE-2008-0939,0.04255,0.90378
CVE-2008-0940,0.01022,0.60504
CVE-2008-0941,0.011,0.62789
CVE-2008-0942,0.00971,0.58927
CVE-2008-0943,0.0101,0.60164
CVE-2008-0944,0.11543,0.95775
CVE-2008-0945,0.06878,0.93658
CVE-2008-0946,0.03547,0.88478
CVE-2008-0947,0.08832,0.94876
CVE-2008-0948,0.07273,0.93989
CVE-2008-0949,0.02649,0.84485
CVE-2008-0951,0.30112,0.98128
CVE-2008-0952,0.05529,0.92306
CVE-2008-0953,0.08819,0.94869
CVE-2008-0955,0.41231,0.98609
CVE-2008-0956,0.08395,0.94655
CVE-2008-0957,0.03061,0.86613
CVE-2008-0958,0.07729,0.94277
CVE-2008-0959,0.05967,0.92833
CVE-2008-0960,0.6879,0.99314
CVE-2008-0961,0.04921,0.91517
CVE-2008-0962,0.04126,0.90104
CVE-2008-0963,0.03349,0.87823
CVE-2008-0964,0.13511,0.96228
CVE-2008-0965,0.05704,0.92519
CVE-2008-0967,0.00356,0.28316
CVE-2008-0971,0.01504,0.72072
CVE-2008-0973,0.01865,0.7747
CVE-2008-0974,0.02625,0.84325
CVE-2008-0975,0.01707,0.75285
CVE-2008-0976,0.04164,0.90184
CVE-2008-0977,0.01707,0.75284
CVE-2008-0978,0.01489,0.71801
CVE-2008-0979,0.02625,0.84325
CVE-2008-0980,0.01478,0.71605
CVE-2008-0981,0.01252,0.66817
CVE-2008-0982,0.0176,0.76052
CVE-2008-0983,0.02312,0.82
CVE-2008-0984,0.15284,0.96574
CVE-2008-0985,0.04592,0.90986
CVE-2008-0986,0.04867,0.91431
CVE-2008-0987,0.04789,0.91313
CVE-2008-0988,0.01649,0.74398
CVE-2008-0989,0.00444,0.36907
CVE-2008-0990,0.00336,0.26133
CVE-2008-0992,0.03142,0.86974
CVE-2008-0993,0.00338,0.26375
CVE-2008-0994,0.01226,0.66206
CVE-2008-0995,0.01699,0.75156
CVE-2008-0996,0.00338,0.2635
CVE-2008-0997,0.03642,0.88774
CVE-2008-0998,0.00416,0.3447
CVE-2008-0999,0.02602,0.84181
CVE-2008-10001,0.00615,0.46688
CVE-2008-10002,0.00531,0.42579
CVE-2008-10003,0.00659,0.48651
CVE-2008-10004,0.00628,0.47318
CVE-2008-1000,0.03134,0.86944
CVE-2008-1001,0.01484,0.71716
CVE-2008-1002,0.03016,0.86423
CVE-2008-1003,0.01834,0.7704
CVE-2008-1004,0.01834,0.7704
CVE-2008-1005,0.00377,0.30542
CVE-2008-1006,0.01834,0.77039
CVE-2008-1007,0.02796,0.85353
CVE-2008-1008,0.01834,0.77039
CVE-2008-1009,0.01834,0.7704
CVE-2008-1010,0.04614,0.91023
CVE-2008-1011,0.01884,0.77686
CVE-2008-1012,0.01453,0.71119
CVE-2008-1013,0.04134,0.9012
CVE-2008-1014,0.02337,0.82219
CVE-2008-1015,0.0575,0.92583
CVE-2008-1016,0.04015,0.89854
CVE-2008-1017,0.07163,0.93913
CVE-2008-1018,0.05728,0.92554
CVE-2008-1019,0.06947,0.93722
CVE-2008-1020,0.06947,0.93722
CVE-2008-1021,0.06947,0.93723
CVE-2008-1022,0.06947,0.93722
CVE-2008-1023,0.04652,0.91083
CVE-2008-1024,0.04015,0.89853
CVE-2008-1025,0.02893,0.85864
CVE-2008-1026,0.04752,0.91255
CVE-2008-1027,0.01539,0.72674
CVE-2008-1028,0.04551,0.9092
CVE-2008-1030,0.0474,0.91241
CVE-2008-1031,0.05921,0.92781
CVE-2008-1032,0.04193,0.90249
CVE-2008-1033,0.01548,0.72801
CVE-2008-1034,0.0818,0.94546
CVE-2008-1035,0.10124,0.9537
CVE-2008-1036,0.03192,0.87194
CVE-2008-1037,0.01476,0.71562
CVE-2008-1038,0.01975,0.78785
CVE-2008-1039,0.00973,0.58999
CVE-2008-1040,0.04619,0.91032
CVE-2008-1041,0.01075,0.62117
CVE-2008-1042,0.04231,0.90333
CVE-2008-1043,0.48595,0.98817
CVE-2008-1044,0.04844,0.91395
CVE-2008-1045,0.01465,0.71383
CVE-2008-1046,0.2142,0.97482
CVE-2008-1047,0.01089,0.62496
CVE-2008-1048,0.01107,0.62978
CVE-2008-1049,0.01541,0.72708
CVE-2008-1050,0.00957,0.58399
CVE-2008-1051,0.21408,0.97481
CVE-2008-1052,0.06797,0.936
CVE-2008-1053,0.00967,0.5877
CVE-2008-1054,0.07356,0.94043
CVE-2008-1055,0.07946,0.9441
CVE-2008-1056,0.00418,0.3467
CVE-2008-1057,0.01662,0.74596
CVE-2008-1058,0.01966,0.78691
CVE-2008-1059,0.48329,0.98811
CVE-2008-1060,0.44222,0.98701
CVE-2008-1061,0.074,0.94076
CVE-2008-1062,0.01343,0.6891
CVE-2008-1063,0.00871,0.55785
CVE-2008-1064,0.013,0.67923
CVE-2008-1065,0.01125,0.63462
CVE-2008-1066,0.01954,0.78566
CVE-2008-1067,0.21698,0.97511
CVE-2008-1068,0.0184,0.77115
CVE-2008-1069,0.28864,0.98061
CVE-2008-1070,0.02003,0.79115
CVE-2008-1071,0.01705,0.75246
CVE-2008-1072,0.00716,0.50786
CVE-2008-1073,0.01065,0.61851
CVE-2008-1074,0.369,0.98444
CVE-2008-1075,0.00845,0.54986
CVE-2008-1076,0.01022,0.60498
CVE-2008-1077,0.00931,0.5759
CVE-2008-1078,0.00514,0.41561
CVE-2008-1079,0.01402,0.70154
CVE-2008-1080,0.01725,0.75562
CVE-2008-1081,0.02501,0.83447
CVE-2008-1082,0.02318,0.82058
CVE-2008-1083,0.57102,0.99026
CVE-2008-1084,0.06753,0.93572
CVE-2008-1085,0.31932,0.9822
CVE-2008-1086,0.30543,0.98148
CVE-2008-1087,0.56603,0.99012
CVE-2008-1088,0.31934,0.98221
CVE-2008-1089,0.32106,0.98232
CVE-2008-1090,0.32106,0.98231
CVE-2008-1091,0.40511,0.98588
CVE-2008-1092,0.25877,0.97873
CVE-2008-1093,0.01632,0.74144
CVE-2008-1094,0.0198,0.78851
CVE-2008-1095,0.02302,0.81912
CVE-2008-1096,0.04528,0.90877
CVE-2008-1097,0.04484,0.90804
CVE-2008-1098,0.01803,0.7661
CVE-2008-1099,0.02005,0.79146
CVE-2008-1100,0.10858,0.95601
CVE-2008-1101,0.05531,0.92308
CVE-2008-1102,0.03885,0.89499
CVE-2008-1103,0.00343,0.26958
CVE-2008-1104,0.22693,0.97603
CVE-2008-1105,0.69085,0.99321
CVE-2008-1106,0.00773,0.52711
CVE-2008-1107,0.04756,0.91262
CVE-2008-1108,0.05694,0.9251
CVE-2008-1109,0.05748,0.9258
CVE-2008-1110,0.10373,0.95455
CVE-2008-1111,0.02017,0.79259
CVE-2008-1113,0.00887,0.56243
CVE-2008-1114,0.0058,0.4508
CVE-2008-1115,0.00422,0.35087
CVE-2008-1116,0.1017,0.95382
CVE-2008-1117,0.69473,0.99327
CVE-2008-1118,0.02937,0.86066
CVE-2008-1119,0.08101,0.94498
CVE-2008-1120,0.02681,0.84688
CVE-2008-1121,0.00973,0.59
CVE-2008-1122,0.00997,0.5974
CVE-2008-1123,0.0184,0.77116
CVE-2008-1124,0.21529,0.97494
CVE-2008-1125,0.03084,0.86719
CVE-2008-1126,0.23606,0.97682
CVE-2008-1127,0.02986,0.86286
CVE-2008-1128,0.01981,0.78855
CVE-2008-1129,0.01462,0.71308
CVE-2008-1130,0.00338,0.26323
CVE-2008-1131,0.00861,0.55494
CVE-2008-1132,0.00306,0.227
CVE-2008-1133,0.02342,0.82259
CVE-2008-1134,0.02188,0.80917
CVE-2008-1135,0.01324,0.68439
CVE-2008-1136,0.06778,0.93586
CVE-2008-1137,0.01188,0.65192
CVE-2008-1138,0.00871,0.55802
CVE-2008-1139,0.00879,0.56052
CVE-2008-1140,0.00826,0.54416
CVE-2008-1141,0.00906,0.5682
CVE-2008-1142,0.00363,0.29101
CVE-2008-1144,0.01864,0.77457
CVE-2008-1145,0.27778,0.97997
CVE-2008-1146,0.01379,0.69723
CVE-2008-1147,0.01772,0.76206
CVE-2008-1148,0.01424,0.70582
CVE-2008-1149,0.00912,0.56991
CVE-2008-1150,0.01894,0.77837
CVE-2008-1151,0.01894,0.77837
CVE-2008-1152,0.03713,0.8899
CVE-2008-1153,0.05584,0.92382
CVE-2008-1154,0.05139,0.91841
CVE-2008-1155,0.02566,0.83938
CVE-2008-1156,0.02708,0.84842
CVE-2008-1157,0.20666,0.97394
CVE-2008-1158,0.01916,0.78099
CVE-2008-1159,0.02508,0.83507
CVE-2008-1160,0.14761,0.96484
CVE-2008-1161,0.06912,0.93689
CVE-2008-1162,0.01137,0.6376
CVE-2008-1163,0.00931,0.5759
CVE-2008-1164,0.00931,0.57588
CVE-2008-1165,0.01022,0.60514
CVE-2008-1166,0.01205,0.65619
CVE-2008-1167,0.06736,0.93554
CVE-2008-1168,0.01553,0.72911
CVE-2008-1169,0.0282,0.85484
CVE-2008-1170,0.02302,0.81915
CVE-2008-1171,0.01231,0.66337
CVE-2008-1172,0.00524,0.42186
CVE-2008-1173,0.01507,0.72143
CVE-2008-1174,0.01616,0.7388
CVE-2008-1175,0.00855,0.55307
CVE-2008-1176,0.01215,0.65919
CVE-2008-1177,0.00928,0.57468
CVE-2008-1178,0.05202,0.91926
CVE-2008-1179,0.01642,0.74308
CVE-2008-1180,0.0179,0.76437
CVE-2008-1181,0.02451,0.8311
CVE-2008-1182,0.01033,0.60846
CVE-2008-1183,0.01033,0.60846
CVE-2008-1184,0.0127,0.67243
CVE-2008-1185,0.0563,0.92437
CVE-2008-1186,0.05556,0.92343
CVE-2008-1187,0.05422,0.92189
CVE-2008-1188,0.1248,0.9599
CVE-2008-1189,0.07186,0.93932
CVE-2008-1190,0.16899,0.96884
CVE-2008-1191,0.03645,0.88788
CVE-2008-1192,0.04458,0.90766
CVE-2008-1193,0.12501,0.95994
CVE-2008-1194,0.04234,0.90337
CVE-2008-1195,0.05684,0.92497
CVE-2008-1196,0.07255,0.93977
CVE-2008-1197,0.01864,0.77458
CVE-2008-1198,0.02432,0.82958
CVE-2008-1199,0.00341,0.26748
CVE-2008-1200,0.11962,0.95878
CVE-2008-1201,0.19684,0.97259
CVE-2008-1202,0.04069,0.89975
CVE-2008-1203,0.15481,0.9661
CVE-2008-1204,0.01659,0.74552
CVE-2008-1205,0.00362,0.28983
CVE-2008-1206,0.03992,0.89797
CVE-2008-1207,0.01707,0.75285
CVE-2008-1208,0.01922,0.78176
CVE-2008-1209,0.01022,0.60484
CVE-2008-1210,0.0397,0.89747
CVE-2008-1211,0.01022,0.60484
CVE-2008-1212,0.00845,0.54975
CVE-2008-1213,0.01624,0.74008
CVE-2008-1214,0.02898,0.85887
CVE-2008-1215,0.00791,0.53277
CVE-2008-1216,0.01824,0.76919
CVE-2008-1217,0.02917,0.85978
CVE-2008-1218,0.07342,0.94033
CVE-2008-1219,0.01187,0.6517
CVE-2008-1220,0.00907,0.56874
CVE-2008-1221,0.03122,0.86892
CVE-2008-1222,0.01223,0.66124
CVE-2008-1223,0.02225,0.81249
CVE-2008-1224,0.01022,0.60487
CVE-2008-1225,0.01706,0.7527
CVE-2008-1226,0.01223,0.66126
CVE-2008-1227,0.04323,0.90501
CVE-2008-1228,0.01189,0.65208
CVE-2008-1229,0.02083,0.79929
CVE-2008-1230,0.04414,0.90674
CVE-2008-1231,0.07612,0.94205
CVE-2008-1232,0.75865,0.995
CVE-2008-1233,0.04344,0.90543
CVE-2008-1234,0.02765,0.85182
CVE-2008-1235,0.06055,0.92931
CVE-2008-1236,0.03373,0.87909
CVE-2008-1237,0.03373,0.87909
CVE-2008-1238,0.02443,0.83027
CVE-2008-1240,0.03218,0.87304
CVE-2008-1241,0.01791,0.76447
CVE-2008-1242,0.0413,0.90113
CVE-2008-1243,0.01107,0.62978
CVE-2008-1244,0.04896,0.91482
CVE-2008-1245,0.03184,0.87161
CVE-2008-1246,0.00333,0.25849
CVE-2008-1247,0.05164,0.91876
CVE-2008-1248,0.00595,0.45774
CVE-2008-1249,0.01385,0.69839
CVE-2008-1250,0.00934,0.57704
CVE-2008-1251,0.01065,0.61875
CVE-2008-1252,0.02469,0.83227
CVE-2008-1253,0.00965,0.58654
CVE-2008-1254,0.00987,0.59414
CVE-2008-1255,0.03911,0.89572
CVE-2008-1256,0.03294,0.87624
CVE-2008-1257,0.01638,0.74242
CVE-2008-1258,0.00965,0.58654
CVE-2008-1259,0.02389,0.82614
CVE-2008-1260,0.00524,0.42188
CVE-2008-1261,0.01205,0.6562
CVE-2008-1262,0.08527,0.9472
CVE-2008-1263,0.01039,0.61008
CVE-2008-1264,0.03112,0.8684
CVE-2008-1265,0.01602,0.73638
CVE-2008-1266,0.02497,0.83428
CVE-2008-1267,0.01763,0.7609
CVE-2008-1268,0.02488,0.83362
CVE-2008-1269,0.00891,0.56358
CVE-2008-1270,0.119,0.95865
CVE-2008-1272,0.0101,0.60148
CVE-2008-1273,0.01476,0.71567
CVE-2008-1274,0.00384,0.31258
CVE-2008-1275,0.04045,0.89919
CVE-2008-1276,0.07092,0.93845
CVE-2008-1277,0.08255,0.94585
CVE-2008-1278,0.07345,0.94035
CVE-2008-1279,0.01653,0.74451
CVE-2008-1280,0.02462,0.83192
CVE-2008-1281,0.01987,0.78929
CVE-2008-1282,0.05538,0.9232
CVE-2008-1283,0.01458,0.71237
CVE-2008-1284,0.01677,0.74824
CVE-2008-1285,0.02537,0.83713
CVE-2008-1286,0.0262,0.84297
CVE-2008-1287,0.01442,0.7091
CVE-2008-1288,0.01442,0.7091
CVE-2008-1289,0.11523,0.95772
CVE-2008-1290,0.0137,0.69526
CVE-2008-1291,0.0137,0.69527
CVE-2008-1292,0.0137,0.69526
CVE-2008-1293,0.0118,0.64973
CVE-2008-1294,0.00506,0.40981
CVE-2008-1295,0.00939,0.57858
CVE-2008-1296,0.01472,0.71508
CVE-2008-1297,0.00973,0.59002
CVE-2008-1298,0.0115,0.64129
CVE-2008-1299,0.00808,0.53834
CVE-2008-1300,0.01511,0.72208
CVE-2008-1301,0.02255,0.81512
CVE-2008-1302,0.01747,0.75868
CVE-2008-1303,0.0758,0.94186
CVE-2008-1304,0.04998,0.91665
CVE-2008-1305,0.00967,0.58746
CVE-2008-1306,0.01033,0.60852
CVE-2008-1307,0.14981,0.96524
CVE-2008-1308,0.00961,0.58523
CVE-2008-1309,0.4595,0.98752
CVE-2008-1310,0.02816,0.85459
CVE-2008-1311,0.49167,0.98831
CVE-2008-1312,0.01653,0.74451
CVE-2008-1313,0.00973,0.58972
CVE-2008-1314,0.00971,0.58933
CVE-2008-1315,0.01002,0.59896
CVE-2008-1316,0.00914,0.57052
CVE-2008-1317,0.00316,0.23814
CVE-2008-1318,0.01522,0.72379
CVE-2008-1319,0.04801,0.91329
CVE-2008-1320,0.16309,0.96779
CVE-2008-1321,0.08384,0.94651
CVE-2008-1322,0.09988,0.95324
CVE-2008-1323,0.00623,0.47081
CVE-2008-1324,0.02297,0.81868
CVE-2008-1325,0.02391,0.82631
CVE-2008-1326,0.01452,0.71094
CVE-2008-1327,0.03068,0.8664
CVE-2008-1328,0.23634,0.97688
CVE-2008-1329,0.05892,0.92751
CVE-2008-1330,0.01131,0.6361
CVE-2008-1331,0.08778,0.94849
CVE-2008-1332,0.02327,0.82121
CVE-2008-1333,0.03222,0.87325
CVE-2008-1334,0.01675,0.7479
CVE-2008-1335,0.01938,0.78372
CVE-2008-1336,0.01196,0.65383
CVE-2008-1337,0.01719,0.75456
CVE-2008-1338,0.02091,0.80018
CVE-2008-1340,0.01736,0.75723
CVE-2008-1341,0.01051,0.61365
CVE-2008-1342,0.00855,0.55302
CVE-2008-1343,0.00758,0.52194
CVE-2008-1344,0.01003,0.5993
CVE-2008-1345,0.01499,0.71989
CVE-2008-1346,0.01003,0.59934
CVE-2008-1347,0.01499,0.71989
CVE-2008-1348,0.01465,0.71386
CVE-2008-1349,0.01235,0.66416
CVE-2008-1350,0.01151,0.64177
CVE-2008-1351,0.00999,0.59813
CVE-2008-1352,0.01505,0.72094
CVE-2008-1353,0.05689,0.92502
CVE-2008-1354,0.01003,0.5994
CVE-2008-1355,0.01449,0.71051
CVE-2008-1356,0.00365,0.29255
CVE-2008-1357,0.06197,0.93079
CVE-2008-1358,0.57075,0.99025
CVE-2008-1359,0.01033,0.60853
CVE-2008-1360,0.02469,0.83228
CVE-2008-1361,0.00347,0.27393
CVE-2008-1362,0.0036,0.28798
CVE-2008-1363,0.00423,0.35105
CVE-2008-1364,0.0204,0.79476
CVE-2008-1365,0.51111,0.98878
CVE-2008-1366,0.02179,0.80846
CVE-2008-1367,0.02791,0.85323
CVE-2008-1368,0.11316,0.95725
CVE-2008-1369,0.02566,0.83937
CVE-2008-1370,0.018,0.76572
CVE-2008-1371,0.01698,0.75143
CVE-2008-1372,0.04519,0.90864
CVE-2008-1373,0.02171,0.80781
CVE-2008-1374,0.03873,0.89468
CVE-2008-1375,0.00306,0.22805
CVE-2008-1376,0.02647,0.84475
CVE-2008-1377,0.02699,0.84795
CVE-2008-1379,0.01387,0.69885
CVE-2008-1380,0.02897,0.85884
CVE-2008-1381,0.02513,0.83544
CVE-2008-1382,0.05514,0.92287
CVE-2008-1383,0.00212,0.1139
CVE-2008-1384,0.02139,0.80463
CVE-2008-1385,0.04501,0.90836
CVE-2008-1386,0.0138,0.69739
CVE-2008-1387,0.04352,0.90562
CVE-2008-1389,0.03377,0.87921
CVE-2008-1390,0.03837,0.89385
CVE-2008-1391,0.18795,0.97141
CVE-2008-1392,0.02734,0.84987
CVE-2008-1393,0.02881,0.85795
CVE-2008-1394,0.01426,0.70622
CVE-2008-1395,0.01285,0.67596
CVE-2008-1396,0.01139,0.6383
CVE-2008-1397,0.02165,0.80708
CVE-2008-1398,0.00909,0.56913
CVE-2008-1399,0.01232,0.66347
CVE-2008-1400,0.0292,0.85988
CVE-2008-1401,0.03169,0.87097
CVE-2008-1402,0.02585,0.84062
CVE-2008-1403,0.03589,0.88608
CVE-2008-1404,0.00914,0.57056
CVE-2008-1405,0.37721,0.9848
CVE-2008-1406,0.00914,0.57055
CVE-2008-1407,0.00914,0.57055
CVE-2008-1408,0.01235,0.66417
CVE-2008-1409,0.02423,0.82887
CVE-2008-1410,0.05568,0.9236
CVE-2008-1411,0.07575,0.94183
CVE-2008-1412,0.03603,0.8865
CVE-2008-1413,0.01458,0.71239
CVE-2008-1414,0.01776,0.76266
CVE-2008-1415,0.02755,0.85118
CVE-2008-1416,0.37721,0.98479
CVE-2008-1417,0.00339,0.26413
CVE-2008-1419,0.04254,0.90373
CVE-2008-1420,0.06321,0.93201
CVE-2008-1423,0.08126,0.94511
CVE-2008-1425,0.00975,0.59079
CVE-2008-1426,0.01042,0.61087
CVE-2008-1427,0.02079,0.79874
CVE-2008-1428,0.01022,0.60512
CVE-2008-1429,0.02011,0.79201
CVE-2008-1430,0.00931,0.5758
CVE-2008-1431,0.00188,0.08422
CVE-2008-1432,0.00855,0.55302
CVE-2008-1434,0.30869,0.98162
CVE-2008-1435,0.28561,0.98043
CVE-2008-1436,0.36829,0.98438
CVE-2008-1437,0.12938,0.96087
CVE-2008-1438,0.12938,0.96087
CVE-2008-1440,0.22591,0.97594
CVE-2008-1441,0.19666,0.97257
CVE-2008-1442,0.38835,0.98523
CVE-2008-1444,0.39483,0.98549
CVE-2008-1445,0.27144,0.97953
CVE-2008-1446,0.46272,0.98762
CVE-2008-1447,0.95182,0.99859
CVE-2008-1448,0.2663,0.9792
CVE-2008-1451,0.04142,0.90138
CVE-2008-1453,0.02387,0.82605
CVE-2008-1454,0.34072,0.98323
CVE-2008-1455,0.25513,0.97848
CVE-2008-1456,0.28018,0.98013
CVE-2008-1457,0.36269,0.98413
CVE-2008-1458,0.01511,0.72208
CVE-2008-1459,0.00973,0.59004
CVE-2008-1460,0.02001,0.79094
CVE-2008-1461,0.11292,0.95715
CVE-2008-1462,0.00909,0.56913
CVE-2008-1463,0.01582,0.73348
CVE-2008-1464,0.01013,0.6022
CVE-2008-1465,0.01406,0.70235
CVE-2008-1466,0.02249,0.81463
CVE-2008-1467,0.04276,0.90417
CVE-2008-1468,0.01745,0.75844
CVE-2008-1469,0.0118,0.64987
CVE-2008-1470,0.01525,0.72429
CVE-2008-1471,0.01125,0.63472
CVE-2008-1472,0.3901,0.98527
CVE-2008-1473,0.00391,0.32037
CVE-2008-1474,0.01498,0.71978
CVE-2008-1475,0.01758,0.76023
CVE-2008-1476,0.01291,0.67714
CVE-2008-1477,0.01107,0.62977
CVE-2008-1478,0.02875,0.85761
CVE-2008-1479,0.01196,0.65394
CVE-2008-1480,0.06209,0.93091
CVE-2008-1481,0.01436,0.708
CVE-2008-1482,0.09535,0.95161
CVE-2008-1483,0.00346,0.27238
CVE-2008-1484,0.04523,0.90869
CVE-2008-1485,0.01022,0.60487
CVE-2008-1486,0.00999,0.59787
CVE-2008-1487,0.01022,0.60501
CVE-2008-1488,0.07811,0.94326
CVE-2008-1489,0.1182,0.95844
CVE-2008-1490,0.0397,0.89746
CVE-2008-1491,0.70132,0.99347
CVE-2008-1492,0.03159,0.87054
CVE-2008-1493,0.02462,0.83192
CVE-2008-1494,0.01125,0.63464
CVE-2008-1495,0.02003,0.79109
CVE-2008-1496,0.01151,0.6417
CVE-2008-1497,0.06299,0.9318
CVE-2008-1498,0.07556,0.9417
CVE-2008-1499,0.01452,0.71098
CVE-2008-1500,0.01196,0.65393
CVE-2008-1501,0.05247,0.91995
CVE-2008-1502,0.10503,0.95495
CVE-2008-1503,0.01033,0.60835
CVE-2008-1504,0.01189,0.65208
CVE-2008-1505,0.46103,0.98757
CVE-2008-1506,0.02445,0.83057
CVE-2008-1507,0.02287,0.81784
CVE-2008-1508,0.01002,0.59903
CVE-2008-1509,0.00993,0.59602
CVE-2008-1510,0.01462,0.71309
CVE-2008-1511,0.02944,0.86095
CVE-2008-1512,0.02299,0.8189
CVE-2008-1513,0.0085,0.55132
CVE-2008-1514,0.00529,0.4243
CVE-2008-1515,0.02015,0.79233
CVE-2008-1517,0.00379,0.30765
CVE-2008-1518,0.00366,0.29345
CVE-2008-1521,0.01096,0.62687
CVE-2008-1522,0.01359,0.6929
CVE-2008-1523,0.01218,0.65997
CVE-2008-1524,0.01322,0.68409
CVE-2008-1525,0.01173,0.64766
CVE-2008-1526,0.0089,0.56341
CVE-2008-1527,0.01424,0.7058
CVE-2008-1528,0.01064,0.61786
CVE-2008-1529,0.01218,0.65997
CVE-2008-1530,0.04041,0.89912
CVE-2008-1531,0.03366,0.87884
CVE-2008-1532,0.02079,0.79879
CVE-2008-1533,0.01165,0.64581
CVE-2008-1534,0.02996,0.86329
CVE-2008-1535,0.00973,0.59001
CVE-2008-1536,0.01033,0.60835
CVE-2008-1537,0.02749,0.8508
CVE-2008-1538,0.00845,0.54981
CVE-2008-1539,0.00967,0.58768
CVE-2008-1540,0.00907,0.56867
CVE-2008-1541,0.02919,0.85987
CVE-2008-1542,0.01789,0.76424
CVE-2008-1543,0.01187,0.65166
CVE-2008-1544,0.26317,0.97902
CVE-2008-1545,0.11843,0.95849
CVE-2008-1546,0.0167,0.74717
CVE-2008-1547,0.48137,0.98806
CVE-2008-1548,0.01065,0.6187
CVE-2008-1549,0.0103,0.60738
CVE-2008-1550,0.01033,0.60837
CVE-2008-1551,0.00973,0.58989
CVE-2008-1552,0.04105,0.90059
CVE-2008-1553,0.01846,0.77197
CVE-2008-1554,0.00996,0.59724
CVE-2008-1555,0.02297,0.81872
CVE-2008-1556,0.01803,0.76613
CVE-2008-1557,0.02696,0.84781
CVE-2008-1558,0.16802,0.96866
CVE-2008-1559,0.00916,0.57136
CVE-2008-1560,0.01535,0.72606
CVE-2008-1561,0.08943,0.94933
CVE-2008-1562,0.50693,0.98868
CVE-2008-1563,0.03779,0.89209
CVE-2008-1564,0.02341,0.82252
CVE-2008-1565,0.0233,0.82151
CVE-2008-1566,0.01022,0.60501
CVE-2008-1567,0.00296,0.21706
CVE-2008-1568,0.02304,0.81933
CVE-2008-1569,0.0043,0.35668
CVE-2008-1570,0.00224,0.12874
CVE-2008-1571,0.03536,0.8844
CVE-2008-1572,0.00369,0.29651
CVE-2008-1573,0.02137,0.80451
CVE-2008-1574,0.06715,0.93535
CVE-2008-1575,0.05801,0.9264
CVE-2008-1576,0.0423,0.9033
CVE-2008-1577,0.05801,0.92641
CVE-2008-1578,0.00374,0.30177
CVE-2008-1579,0.02826,0.85511
CVE-2008-1580,0.01304,0.68009
CVE-2008-1581,0.04614,0.91024
CVE-2008-1582,0.03736,0.89063
CVE-2008-1583,0.04494,0.90823
CVE-2008-1584,0.05728,0.92554
CVE-2008-1585,0.04149,0.90156
CVE-2008-1586,0.02541,0.83741
CVE-2008-1588,0.02272,0.81647
CVE-2008-1589,0.01214,0.65887
CVE-2008-1590,0.02845,0.85615
CVE-2008-1591,0.00967,0.58727
CVE-2008-1592,0.00383,0.3114
CVE-2008-1593,0.00376,0.30448
CVE-2008-1594,0.00365,0.2925
CVE-2008-1595,0.00348,0.27519
CVE-2008-1596,0.0039,0.31935
CVE-2008-1597,0.00355,0.28281
CVE-2008-1598,0.00302,0.22279
CVE-2008-1599,0.0038,0.30812
CVE-2008-1600,0.0038,0.30812
CVE-2008-1601,0.00388,0.31732
CVE-2008-1602,0.6749,0.99281
CVE-2008-1603,0.01065,0.61871
CVE-2008-1604,0.01223,0.66137
CVE-2008-1605,0.01898,0.7788
CVE-2008-1606,0.02141,0.80479
CVE-2008-1607,0.00831,0.54595
CVE-2008-1608,0.01132,0.63637
CVE-2008-1609,0.41114,0.98606
CVE-2008-1610,0.53906,0.9895
CVE-2008-1611,0.67642,0.99285
CVE-2008-1612,0.02182,0.8087
CVE-2008-1613,0.07534,0.94158
CVE-2008-1614,0.00328,0.252
CVE-2008-1615,0.00393,0.32259
CVE-2008-1617,0.04369,0.90593
CVE-2008-1618,0.01738,0.75741
CVE-2008-1619,0.01322,0.68406
CVE-2008-1620,0.03028,0.86479
CVE-2008-1621,0.01476,0.71566
CVE-2008-1622,0.01023,0.60552
CVE-2008-1623,0.01152,0.64207
CVE-2008-1624,0.02728,0.84955
CVE-2008-1625,0.00708,0.50523
CVE-2008-1626,0.01822,0.76877
CVE-2008-1627,0.00979,0.59184
CVE-2008-1628,0.01047,0.61241
CVE-2008-1629,0.01033,0.60822
CVE-2008-1630,0.01107,0.62979
CVE-2008-1631,0.01063,0.61766
CVE-2008-1632,0.01001,0.59878
CVE-2008-1633,0.01528,0.72473
CVE-2008-1634,0.01022,0.60489
CVE-2008-1635,0.0299,0.86304
CVE-2008-1636,0.01022,0.6049
CVE-2008-1637,0.03964,0.89728
CVE-2008-1638,0.00285,0.20587
CVE-2008-1639,0.00967,0.58721
CVE-2008-1640,0.00967,0.58721
CVE-2008-1641,0.01002,0.59902
CVE-2008-1642,0.01532,0.72543
CVE-2008-1643,0.0178,0.7632
CVE-2008-1644,0.01051,0.61367
CVE-2008-1645,0.02286,0.81772
CVE-2008-1646,0.02737,0.85005
CVE-2008-1647,0.07011,0.93782
CVE-2008-1648,0.0215,0.80567
CVE-2008-1649,0.01901,0.77919
CVE-2008-1650,0.01313,0.68187
CVE-2008-1651,0.0312,0.86882
CVE-2008-1652,0.01538,0.72651
CVE-2008-1653,0.01268,0.67202
CVE-2008-1654,0.04796,0.91321
CVE-2008-1655,0.04903,0.91491
CVE-2008-1656,0.02622,0.84311
CVE-2008-1657,0.02205,0.81083
CVE-2008-1658,0.00677,0.49362
CVE-2008-1659,0.00523,0.42074
CVE-2008-1660,0.00402,0.33177
CVE-2008-1661,0.68962,0.99318
CVE-2008-1662,0.04425,0.90693
CVE-2008-1663,0.03205,0.87243
CVE-2008-1664,0.0331,0.87685
CVE-2008-1665,0.03827,0.89357
CVE-2008-1666,0.02356,0.82374
CVE-2008-1667,0.03071,0.86649
CVE-2008-1668,0.0446,0.90768
CVE-2008-1669,0.00411,0.34039
CVE-2008-1670,0.04762,0.91272
CVE-2008-1671,0.00626,0.47238
CVE-2008-1672,0.05,0.91668
CVE-2008-1673,0.07091,0.93844
CVE-2008-1675,0.00527,0.42359
CVE-2008-1676,0.01074,0.62099
CVE-2008-1677,0.04931,0.91552
CVE-2008-1678,0.05288,0.92041
CVE-2008-1679,0.04067,0.89973
CVE-2008-1680,0.02229,0.81291
CVE-2008-1681,0.01826,0.76941
CVE-2008-1682,0.2437,0.97749
CVE-2008-1684,0.00234,0.14091
CVE-2008-1685,0.01253,0.66825
CVE-2008-1686,0.06494,0.93357
CVE-2008-1687,0.0245,0.83105
CVE-2008-1688,0.02957,0.86154
CVE-2008-1689,0.01719,0.75456
CVE-2008-1690,0.05724,0.92549
CVE-2008-1691,0.0144,0.70873
CVE-2008-1692,0.00306,0.22784
CVE-2008-1693,0.04941,0.91568
CVE-2008-1694,0.00396,0.32542
CVE-2008-1696,0.0226,0.81551
CVE-2008-1697,0.74345,0.99465
CVE-2008-1698,0.01022,0.60491
CVE-2008-1699,0.01096,0.62703
CVE-2008-1700,0.0131,0.68133
CVE-2008-1701,0.01454,0.7115
CVE-2008-1702,0.05718,0.92538
CVE-2008-1703,0.04756,0.91263
CVE-2008-1704,0.05359,0.92116
CVE-2008-1705,0.03224,0.87333
CVE-2008-1706,0.01555,0.72948
CVE-2008-1707,0.02317,0.82052
CVE-2008-1708,0.01555,0.72948
CVE-2008-1709,0.13034,0.96122
CVE-2008-1710,0.00333,0.25803
CVE-2008-1711,0.02432,0.82957
CVE-2008-1712,0.02294,0.81847
CVE-2008-1713,0.02622,0.84309
CVE-2008-1714,0.00914,0.57057
CVE-2008-1715,0.00914,0.57055
CVE-2008-1716,0.01263,0.67079
CVE-2008-1717,0.01489,0.71801
CVE-2008-1718,0.03313,0.87696
CVE-2008-1719,0.00565,0.44342
CVE-2008-1720,0.04985,0.91646
CVE-2008-1721,0.22621,0.97598
CVE-2008-1722,0.02,0.79074
CVE-2008-1724,0.35128,0.98367
CVE-2008-1725,0.02901,0.85902
CVE-2008-1726,0.0158,0.73314
CVE-2008-1727,0.0685,0.93638
CVE-2008-1728,0.01657,0.74512
CVE-2008-1729,0.02404,0.82723
CVE-2008-1730,0.0292,0.85989
CVE-2008-1731,0.01604,0.73676
CVE-2008-1732,0.00967,0.58728
CVE-2008-1733,0.01002,0.59901
CVE-2008-1734,0.00349,0.27624
CVE-2008-1735,0.00374,0.30192
CVE-2008-1736,0.00367,0.29418
CVE-2008-1737,0.00624,0.47135
CVE-2008-1738,0.0087,0.55759
CVE-2008-1739,0.0186,0.77398
CVE-2008-1740,0.01916,0.78094
CVE-2008-1741,0.01916,0.78101
CVE-2008-1742,0.01179,0.64952
CVE-2008-1743,0.01499,0.71994
CVE-2008-1744,0.01179,0.64952
CVE-2008-1745,0.01916,0.781
CVE-2008-1746,0.01916,0.78096
CVE-2008-1747,0.02454,0.83135
CVE-2008-1748,0.02454,0.83136
CVE-2008-1749,0.01916,0.78095
CVE-2008-1750,0.01189,0.65214
CVE-2008-1751,0.04082,0.90005
CVE-2008-1752,0.01402,0.70153
CVE-2008-1753,0.01107,0.6298
CVE-2008-1754,0.00309,0.23056
CVE-2008-1755,0.02672,0.84635
CVE-2008-1756,0.00335,0.26034
CVE-2008-1757,0.01462,0.71309
CVE-2008-1758,0.00973,0.58987
CVE-2008-1759,0.01003,0.59951
CVE-2008-1760,0.01967,0.78698
CVE-2008-1761,0.07563,0.94175
CVE-2008-1762,0.07595,0.94195
CVE-2008-1763,0.01196,0.65384
CVE-2008-1764,0.02012,0.79211
CVE-2008-1765,0.19962,0.97293
CVE-2008-1766,0.01486,0.71746
CVE-2008-1767,0.1279,0.96049
CVE-2008-1768,0.02711,0.84861
CVE-2008-1769,0.07162,0.93912
CVE-2008-1770,0.10424,0.9547
CVE-2008-1771,0.03723,0.89019
CVE-2008-1772,0.02483,0.83331
CVE-2008-1773,0.2437,0.97749
CVE-2008-1774,0.00967,0.58743
CVE-2008-1775,0.00833,0.54641
CVE-2008-1776,0.2437,0.9775
CVE-2008-1777,0.02315,0.8203
CVE-2008-1778,0.00335,0.26018
CVE-2008-1779,0.01546,0.72777
CVE-2008-1780,0.0038,0.30831
CVE-2008-1782,0.02445,0.83058
CVE-2008-1783,0.02268,0.81618
CVE-2008-1784,0.02523,0.8362
CVE-2008-1785,0.01967,0.78703
CVE-2008-1786,0.06818,0.93615
CVE-2008-1787,0.01465,0.71384
CVE-2008-1788,0.00928,0.57477
CVE-2008-1789,0.00909,0.56914
CVE-2008-1790,0.01084,0.62371
CVE-2008-1791,0.00967,0.58731
CVE-2008-1792,0.01065,0.61876
CVE-2008-1793,0.01022,0.60488
CVE-2008-1794,0.01065,0.61861
CVE-2008-1795,0.01946,0.78463
CVE-2008-1796,0.00322,0.24522
CVE-2008-1797,0.01421,0.70521
CVE-2008-1798,0.02286,0.81771
CVE-2008-1799,0.02672,0.84635
CVE-2008-1800,0.01189,0.65208
CVE-2008-1801,0.13128,0.96143
CVE-2008-1802,0.12978,0.96103
CVE-2008-1803,0.06737,0.93555
CVE-2008-1804,0.02269,0.8162
CVE-2008-1805,0.03898,0.89542
CVE-2008-1806,0.0407,0.8998
CVE-2008-1807,0.03585,0.88589
CVE-2008-1808,0.04217,0.90301
CVE-2008-1809,0.05678,0.9249
CVE-2008-1810,0.00337,0.26241
CVE-2008-1811,0.02057,0.79664
CVE-2008-1812,0.02131,0.80392
CVE-2008-1813,0.01588,0.73435
CVE-2008-1814,0.02595,0.84139
CVE-2008-1815,0.01264,0.67122
CVE-2008-1816,0.01849,0.77244
CVE-2008-1817,0.01707,0.75288
CVE-2008-1818,0.03,0.86352
CVE-2008-1819,0.00426,0.35334
CVE-2008-1820,0.02085,0.79957
CVE-2008-1821,0.02896,0.85879
CVE-2008-1822,0.02131,0.80392
CVE-2008-1823,0.02131,0.80391
CVE-2008-1824,0.03394,0.87975
CVE-2008-1825,0.02131,0.80391
CVE-2008-1826,0.02189,0.80921
CVE-2008-1827,0.02272,0.81652
CVE-2008-1828,0.02369,0.82468
CVE-2008-1829,0.02036,0.79439
CVE-2008-1830,0.01633,0.74161
CVE-2008-1831,0.02189,0.80921
CVE-2008-1832,0.0028,0.20066
CVE-2008-1833,0.08598,0.94756
CVE-2008-1834,0.01129,0.63582
CVE-2008-1835,0.04029,0.89885
CVE-2008-1836,0.03546,0.88476
CVE-2008-1837,0.04756,0.91259
CVE-2008-1838,0.00973,0.58977
CVE-2008-1839,0.01022,0.60492
CVE-2008-1840,0.01773,0.76233
CVE-2008-1841,0.01858,0.77374
CVE-2008-1842,0.12193,0.95927
CVE-2008-1843,0.01151,0.6417
CVE-2008-1844,0.01151,0.64172
CVE-2008-1845,0.00332,0.25636
CVE-2008-1846,0.01223,0.66136
CVE-2008-1847,0.00967,0.58734
CVE-2008-1848,0.01445,0.70965
CVE-2008-1849,0.02672,0.84637
CVE-2008-1850,0.01263,0.67086
CVE-2008-1851,0.02535,0.83701
CVE-2008-1852,0.04731,0.91221
CVE-2008-1853,0.01884,0.77691
CVE-2008-1854,0.02653,0.84505
CVE-2008-1855,0.07575,0.94183
CVE-2008-1856,0.02685,0.84709
CVE-2008-1857,0.01915,0.78085
CVE-2008-1858,0.00975,0.59082
CVE-2008-1859,0.01042,0.61094
CVE-2008-1860,0.03048,0.86552
CVE-2008-1861,0.01922,0.78175
CVE-2008-1862,0.03082,0.8671
CVE-2008-1863,0.02082,0.7992
CVE-2008-1864,0.0101,0.6016
CVE-2008-1865,0.0031,0.23183
CVE-2008-1866,0.05223,0.91958
CVE-2008-1867,0.00967,0.5873
CVE-2008-1868,0.02614,0.84255
CVE-2008-1869,0.01042,0.61094
CVE-2008-1870,0.01003,0.59944
CVE-2008-1871,0.00923,0.57326
CVE-2008-1872,0.00973,0.58977
CVE-2008-1873,0.01501,0.72029
CVE-2008-1874,0.00856,0.55376
CVE-2008-1875,0.00973,0.58975
CVE-2008-1876,0.25316,0.97835
CVE-2008-1877,0.00301,0.22259
CVE-2008-1878,0.15038,0.96532
CVE-2008-1880,0.0212,0.80283
CVE-2008-1881,0.11778,0.95834
CVE-2008-1883,0.01264,0.67127
CVE-2008-1884,0.01505,0.72094
CVE-2008-1885,0.04071,0.8998
CVE-2008-1886,0.06658,0.93483
CVE-2008-1887,0.06292,0.93176
CVE-2008-1888,0.08017,0.94444
CVE-2008-1889,0.01003,0.59945
CVE-2008-1890,0.01051,0.61361
CVE-2008-1891,0.02789,0.85315
CVE-2008-1892,0.01022,0.60515
CVE-2008-1893,0.02274,0.81671
CVE-2008-1894,0.02034,0.79419
CVE-2008-1895,0.01189,0.65216
CVE-2008-1896,0.0172,0.75462
CVE-2008-1897,0.02743,0.8504
CVE-2008-1898,0.52033,0.989
CVE-2008-1900,0.01187,0.65166
CVE-2008-1901,0.00372,0.30025
CVE-2008-1902,0.00983,0.59288
CVE-2008-1903,0.39211,0.98537
CVE-2008-1904,0.02185,0.80894
CVE-2008-1905,0.02179,0.80845
CVE-2008-1906,0.0171,0.75326
CVE-2008-1907,0.00997,0.59753
CVE-2008-1908,0.02827,0.85518
CVE-2008-1909,0.00989,0.59486
CVE-2008-1910,0.07291,0.94
CVE-2008-1911,0.00949,0.58178
CVE-2008-1912,0.11731,0.95823
CVE-2008-1913,0.01042,0.61095
CVE-2008-1914,0.73719,0.99448
CVE-2008-1915,0.01003,0.59951
CVE-2008-1916,0.01022,0.60495
CVE-2008-1917,0.01211,0.65791
CVE-2008-1918,0.01485,0.71734
CVE-2008-1919,0.02005,0.79136
CVE-2008-1920,0.05801,0.9264
CVE-2008-1921,0.01189,0.65218
CVE-2008-1922,0.03779,0.89208
CVE-2008-1923,0.014,0.70133
CVE-2008-1924,0.01626,0.7404
CVE-2008-1925,0.02276,0.81682
CVE-2008-1926,0.03866,0.89448
CVE-2008-1927,0.03153,0.87023
CVE-2008-1928,0.01672,0.74754
CVE-2008-1930,0.05042,0.91721
CVE-2008-1931,0.00427,0.35413
CVE-2008-1932,0.00524,0.42154
CVE-2008-1933,0.13932,0.96325
CVE-2008-1934,0.00997,0.59752
CVE-2008-1935,0.00967,0.58743
CVE-2008-1936,0.00997,0.59752
CVE-2008-1937,0.0167,0.74718
CVE-2008-1938,0.01346,0.68977
CVE-2008-1939,0.00967,0.58736
CVE-2008-1940,0.00323,0.24721
CVE-2008-1941,0.00833,0.54642
CVE-2008-1942,0.04077,0.89995
CVE-2008-1943,0.00491,0.40069
CVE-2008-1944,0.00474,0.38981
CVE-2008-1945,0.0047,0.38659
CVE-2008-1946,0.00313,0.23585
CVE-2008-1947,0.09776,0.95254
CVE-2008-1948,0.12018,0.95892
CVE-2008-1949,0.05772,0.92605
CVE-2008-1950,0.04954,0.91595
CVE-2008-1951,0.00378,0.30567
CVE-2008-1952,0.00379,0.30687
CVE-2008-1953,0.01033,0.60849
CVE-2008-1954,0.01188,0.65193
CVE-2008-1955,0.01449,0.71048
CVE-2008-1956,0.01497,0.71941
CVE-2008-1957,0.01188,0.65193
CVE-2008-1958,0.03298,0.87642
CVE-2008-1959,0.03485,0.88283
CVE-2008-1960,0.01022,0.6049
CVE-2008-1961,0.00967,0.58725
CVE-2008-1962,0.01846,0.77197
CVE-2008-1963,0.39034,0.98528
CVE-2008-1964,0.0175,0.75914
CVE-2008-1965,0.10675,0.95549
CVE-2008-1966,0.02679,0.84676
CVE-2008-1967,0.01507,0.72142
CVE-2008-1968,0.00832,0.54621
CVE-2008-1969,0.01307,0.68067
CVE-2008-1970,0.003,0.22107
CVE-2008-1971,0.02212,0.81147
CVE-2008-1972,0.01065,0.61857
CVE-2008-1973,0.05757,0.92588
CVE-2008-1974,0.04883,0.91457
CVE-2008-1975,0.01003,0.5995
CVE-2008-1976,0.01419,0.70481
CVE-2008-1977,0.00709,0.50544
CVE-2008-1978,0.00868,0.55709
CVE-2008-1979,0.03634,0.88743
CVE-2008-1980,0.01033,0.60834
CVE-2008-1981,0.00717,0.50832
CVE-2008-1982,0.03161,0.87063
CVE-2008-1983,0.01452,0.71093
CVE-2008-1984,0.03197,0.8721
CVE-2008-1985,0.01462,0.71317
CVE-2008-1986,0.01436,0.70799
CVE-2008-1987,0.01033,0.60832
CVE-2008-1988,0.02585,0.84063
CVE-2008-1989,0.03566,0.88539
CVE-2008-1990,0.01189,0.65211
CVE-2008-1991,0.01776,0.76265
CVE-2008-1992,0.02967,0.86205
CVE-2008-1993,0.02828,0.85526
CVE-2008-1994,0.00463,0.38212
CVE-2008-1995,0.02176,0.80817
CVE-2008-1996,0.11177,0.95693
CVE-2008-1997,0.0443,0.90703
CVE-2008-1998,0.02501,0.83449
CVE-2008-1999,0.01407,0.70257
CVE-2008-20001,0.01107,0.62983
CVE-2008-2000,0.01309,0.68121
CVE-2008-2001,0.01941,0.78401
CVE-2008-2002,0.01458,0.71227
CVE-2008-2003,0.02837,0.85572
CVE-2008-2004,0.00508,0.41141
CVE-2008-2005,0.1632,0.96782
CVE-2008-2006,0.09655,0.95206
CVE-2008-2008,0.04093,0.90026
CVE-2008-2009,0.03512,0.88374
CVE-2008-2010,0.03368,0.8789
CVE-2008-2011,0.01407,0.70257
CVE-2008-2012,0.01103,0.62869
CVE-2008-2013,0.01044,0.61146
CVE-2008-2014,0.01415,0.70412
CVE-2008-2015,0.08326,0.94623
CVE-2008-2016,0.01548,0.72817
CVE-2008-2017,0.01532,0.72543
CVE-2008-2018,0.02156,0.80624
CVE-2008-2019,0.04054,0.89944
CVE-2008-2020,0.01673,0.74764
CVE-2008-2021,0.03481,0.88265
CVE-2008-2022,0.03467,0.88217
CVE-2008-2023,0.01003,0.59944
CVE-2008-2024,0.01548,0.72799
CVE-2008-2025,0.07911,0.94388
CVE-2008-2026,0.01072,0.62049
CVE-2008-2027,0.01124,0.63434
CVE-2008-2028,0.02232,0.81312
CVE-2008-2029,0.00996,0.59723
CVE-2008-2030,0.01452,0.71101
CVE-2008-2031,0.46309,0.98764
CVE-2008-2032,0.02962,0.86181
CVE-2008-2034,0.01889,0.77758
CVE-2008-2035,0.01065,0.61855
CVE-2008-2036,0.01189,0.65211
CVE-2008-2037,0.0145,0.71057
CVE-2008-2038,0.00894,0.56467
CVE-2008-2040,0.14863,0.96503
CVE-2008-2041,0.01633,0.74166
CVE-2008-2042,0.05014,0.91685
CVE-2008-2043,0.01339,0.68807
CVE-2008-2044,0.11352,0.95734
CVE-2008-2045,0.05205,0.9193
CVE-2008-2046,0.01436,0.70802
CVE-2008-2047,0.00997,0.59753
CVE-2008-2048,0.01571,0.73182
CVE-2008-2049,0.0131,0.68131
CVE-2008-2050,0.03441,0.88131
CVE-2008-2051,0.03102,0.86793
CVE-2008-2052,0.01568,0.73131
CVE-2008-2053,0.02957,0.86155
CVE-2008-2054,0.03909,0.89567
CVE-2008-2055,0.02259,0.81545
CVE-2008-2056,0.01916,0.781
CVE-2008-2057,0.02895,0.85877
CVE-2008-2058,0.02528,0.83658
CVE-2008-2059,0.02737,0.85006
CVE-2008-2060,0.01711,0.75351
CVE-2008-2061,0.02454,0.83136
CVE-2008-2062,0.02309,0.81969
CVE-2008-2063,0.00973,0.58978
CVE-2008-2064,0.01867,0.77491
CVE-2008-2065,0.00973,0.58983
CVE-2008-2066,0.0163,0.74102
CVE-2008-2067,0.01614,0.73851
CVE-2008-2068,0.02145,0.8052
CVE-2008-2069,0.33446,0.98297
CVE-2008-2070,0.02183,0.80877
CVE-2008-2071,0.00674,0.49249
CVE-2008-2072,0.0172,0.75463
CVE-2008-2073,0.02843,0.85606
CVE-2008-2074,0.02307,0.81952
CVE-2008-2075,0.01605,0.73703
CVE-2008-2076,0.06288,0.93172
CVE-2008-2077,0.01541,0.7271
CVE-2008-2078,0.01359,0.69293
CVE-2008-2079,0.02588,0.84089
CVE-2008-2080,0.03868,0.89454
CVE-2008-2081,0.03042,0.86532
CVE-2008-2082,0.01472,0.71491
CVE-2008-2083,0.01117,0.63252
CVE-2008-2084,0.0199,0.78972
CVE-2008-2085,0.05228,0.91971
CVE-2008-2086,0.07319,0.94019
CVE-2008-2087,0.01375,0.69639
CVE-2008-2088,0.00967,0.5874
CVE-2008-2089,0.01978,0.78832
CVE-2008-2090,0.01978,0.78831
CVE-2008-2091,0.02286,0.81772
CVE-2008-2092,0.0394,0.89665
CVE-2008-2093,0.00967,0.58743
CVE-2008-2094,0.0098,0.59211
CVE-2008-2095,0.01103,0.62868
CVE-2008-2096,0.01076,0.62155
CVE-2008-2097,0.03891,0.8951
CVE-2008-2098,0.00462,0.38146
CVE-2008-2099,0.00405,0.33524
CVE-2008-2100,0.00598,0.45951
CVE-2008-2101,0.0038,0.30873
CVE-2008-2103,0.01349,0.69046
CVE-2008-2104,0.0093,0.57544
CVE-2008-2105,0.00967,0.5871
CVE-2008-2106,0.07661,0.94238
CVE-2008-2107,0.03392,0.8797
CVE-2008-2108,0.04289,0.9044
CVE-2008-2109,0.07267,0.93985
CVE-2008-2110,0.02426,0.8291
CVE-2008-2111,0.05388,0.92151
CVE-2008-2112,0.0254,0.83733
CVE-2008-2113,0.00973,0.58992
CVE-2008-2114,0.00967,0.58727
CVE-2008-2115,0.0149,0.71825
CVE-2008-2116,0.0254,0.83733
CVE-2008-2117,0.01465,0.71381
CVE-2008-2118,0.00971,0.58925
CVE-2008-2119,0.07273,0.93989
CVE-2008-2120,0.02238,0.81371
CVE-2008-2121,0.02639,0.84425
CVE-2008-2122,0.02334,0.82191
CVE-2008-2123,0.02248,0.8145
CVE-2008-2124,0.00973,0.58979
CVE-2008-2125,0.00981,0.59243
CVE-2008-2126,0.01497,0.71943
CVE-2008-2127,0.01453,0.71142
CVE-2008-2128,0.02098,0.80086
CVE-2008-2129,0.00914,0.57053
CVE-2008-2130,0.00961,0.58515
CVE-2008-2131,0.01263,0.67082
CVE-2008-2132,0.00973,0.58992
CVE-2008-2133,0.01065,0.61849
CVE-2008-2134,0.01202,0.65539
CVE-2008-2135,0.00997,0.59751
CVE-2008-2136,0.04934,0.91556
CVE-2008-2137,0.00446,0.37062
CVE-2008-2138,0.15508,0.96616
CVE-2008-2139,0.00362,0.28944
CVE-2008-2140,0.00412,0.34155
CVE-2008-2142,0.03662,0.8884
CVE-2008-2143,0.01545,0.72753
CVE-2008-2144,0.16387,0.96796
CVE-2008-2145,0.00479,0.39299
CVE-2008-2146,0.02734,0.84984
CVE-2008-2147,0.00416,0.3447
CVE-2008-2148,0.00388,0.3173
CVE-2008-2149,0.04087,0.90013
CVE-2008-2152,0.05748,0.9258
CVE-2008-2154,0.01343,0.6891
CVE-2008-2157,0.35753,0.98393
CVE-2008-2158,0.58397,0.99054
CVE-2008-2159,0.02069,0.7978
CVE-2008-2160,0.18025,0.97047
CVE-2008-2161,0.65284,0.99225
CVE-2008-2162,0.01452,0.711
CVE-2008-2163,0.01223,0.66137
CVE-2008-2165,0.01292,0.67754
CVE-2008-2166,0.01875,0.77592
CVE-2008-2167,0.16784,0.96864
CVE-2008-2168,0.54851,0.98973
CVE-2008-2169,0.01488,0.71788
CVE-2008-2170,0.01488,0.71789
CVE-2008-2171,0.01599,0.73597
CVE-2008-2172,0.01599,0.73597
CVE-2008-2173,0.01488,0.71789
CVE-2008-2174,0.00978,0.59154
CVE-2008-2175,0.00973,0.58978
CVE-2008-2176,0.01065,0.61842
CVE-2008-2177,0.01123,0.63414
CVE-2008-2178,0.01292,0.67754
CVE-2008-2179,0.01022,0.60511
CVE-2008-2180,0.00979,0.59177
CVE-2008-2181,0.01571,0.73182
CVE-2008-2182,0.01286,0.67627
CVE-2008-2183,0.01109,0.63048
CVE-2008-2184,0.00961,0.58549
CVE-2008-2185,0.01884,0.77686
CVE-2008-2186,0.04006,0.89834
CVE-2008-2187,0.0179,0.76436
CVE-2008-2188,0.01492,0.7186
CVE-2008-2189,0.01333,0.68641
CVE-2008-2190,0.0217,0.80766
CVE-2008-2191,0.01076,0.62156
CVE-2008-2192,0.03744,0.8909
CVE-2008-2193,0.02294,0.81841
CVE-2008-2194,0.00973,0.58991
CVE-2008-2195,0.02059,0.79677
CVE-2008-2196,0.01511,0.72206
CVE-2008-2197,0.00981,0.59243
CVE-2008-2198,0.02352,0.8234
CVE-2008-2199,0.02443,0.83028
CVE-2008-2200,0.01065,0.61855
CVE-2008-2201,0.01065,0.61857
CVE-2008-2202,0.01538,0.72659
CVE-2008-2203,0.01063,0.61758
CVE-2008-2204,0.01022,0.60511
CVE-2008-2205,0.01096,0.62701
CVE-2008-2206,0.01065,0.61847
CVE-2008-2207,0.01065,0.61844
CVE-2008-2208,0.01096,0.62701
CVE-2008-2209,0.01065,0.61843
CVE-2008-2210,0.01065,0.61842
CVE-2008-2211,0.01065,0.61842
CVE-2008-2212,0.01033,0.60835
CVE-2008-2213,0.01065,0.61842
CVE-2008-2214,0.08838,0.9488
CVE-2008-2215,0.02688,0.84731
CVE-2008-2216,0.02864,0.85712
CVE-2008-2217,0.01846,0.77198
CVE-2008-2218,0.01856,0.77342
CVE-2008-2219,0.01436,0.70802
CVE-2008-2220,0.01812,0.7675
CVE-2008-2221,0.02286,0.81767
CVE-2008-2222,0.01058,0.61575
CVE-2008-2223,0.01061,0.61644
CVE-2008-2224,0.01823,0.76903
CVE-2008-2225,0.00967,0.58737
CVE-2008-2226,0.01218,0.65995
CVE-2008-2227,0.01855,0.77322
CVE-2008-2228,0.028,0.85372
CVE-2008-2230,0.00525,0.42244
CVE-2008-2231,0.01796,0.76516
CVE-2008-2232,0.00357,0.28477
CVE-2008-2233,0.01207,0.65673
CVE-2008-2234,0.04318,0.90491
CVE-2008-2235,0.00393,0.32245
CVE-2008-2236,0.0125,0.66772
CVE-2008-2237,0.0607,0.92947
CVE-2008-2238,0.06722,0.93541
CVE-2008-2240,0.64815,0.99213
CVE-2008-2241,0.11942,0.95875
CVE-2008-2242,0.14716,0.96476
CVE-2008-2244,0.32139,0.98233
CVE-2008-2245,0.46142,0.98759
CVE-2008-2246,0.32064,0.98229
CVE-2008-2247,0.24563,0.97763
CVE-2008-2248,0.24611,0.97767
CVE-2008-2249,0.31122,0.98181
CVE-2008-2250,0.01635,0.74186
CVE-2008-2251,0.01501,0.72035
CVE-2008-2252,0.019,0.77904
CVE-2008-2253,0.2976,0.98108
CVE-2008-2254,0.29284,0.98083
CVE-2008-2255,0.29062,0.98074
CVE-2008-2256,0.29284,0.98084
CVE-2008-2257,0.35222,0.98369
CVE-2008-2258,0.35038,0.98362
CVE-2008-2259,0.3008,0.98126
CVE-2008-2263,0.0101,0.60159
CVE-2008-2264,0.01189,0.65207
CVE-2008-2265,0.01003,0.59941
CVE-2008-2266,0.00322,0.24533
CVE-2008-2267,0.04808,0.9134
CVE-2008-2268,0.01083,0.6234
CVE-2008-2269,0.02635,0.84402
CVE-2008-2270,0.02294,0.81846
CVE-2008-2271,0.02007,0.79161
CVE-2008-2272,0.01223,0.66138
CVE-2008-2273,0.02297,0.81873
CVE-2008-2274,0.01033,0.60831
CVE-2008-2275,0.02552,0.83843
CVE-2008-2276,0.03088,0.86733
CVE-2008-2277,0.0101,0.60154
CVE-2008-2278,0.0101,0.60153
CVE-2008-2279,0.02272,0.81644
CVE-2008-2280,0.01062,0.61731
CVE-2008-2281,0.23212,0.97649
CVE-2008-2282,0.03043,0.86536
CVE-2008-2283,0.05998,0.92866
CVE-2008-2284,0.02334,0.82187
CVE-2008-2285,0.01693,0.75079
CVE-2008-2286,0.32678,0.98261
CVE-2008-2287,0.0035,0.27704
CVE-2008-2288,0.00341,0.26717
CVE-2008-2289,0.0035,0.27704
CVE-2008-2290,0.0035,0.27704
CVE-2008-2291,0.04193,0.90247
CVE-2008-2292,0.08443,0.94682
CVE-2008-2293,0.02744,0.85049
CVE-2008-2294,0.02685,0.84709
CVE-2008-2295,0.01445,0.70969
CVE-2008-2296,0.02427,0.82918
CVE-2008-2297,0.02451,0.83114
CVE-2008-2298,0.02788,0.85309
CVE-2008-2299,0.01069,0.61975
CVE-2008-2300,0.01365,0.6942
CVE-2008-2301,0.01151,0.64174
CVE-2008-2302,0.01323,0.68416
CVE-2008-2303,0.12988,0.96104
CVE-2008-2304,0.05676,0.92489
CVE-2008-2305,0.05361,0.9212
CVE-2008-2306,0.03814,0.89327
CVE-2008-2307,0.07333,0.94029
CVE-2008-2308,0.00318,0.24109
CVE-2008-2309,0.02554,0.83857
CVE-2008-2310,0.02506,0.83495
CVE-2008-2311,0.0297,0.86216
CVE-2008-2312,0.00336,0.26176
CVE-2008-2313,0.00318,0.24109
CVE-2008-2314,0.00316,0.23845
CVE-2008-2315,0.04381,0.90618
CVE-2008-2316,0.04089,0.90018
CVE-2008-2317,0.07704,0.94262
CVE-2008-2318,0.0146,0.71284
CVE-2008-2320,0.038,0.8928
CVE-2008-2321,0.12486,0.95992
CVE-2008-2322,0.05718,0.92536
CVE-2008-2323,0.01807,0.76665
CVE-2008-2324,0.00337,0.26266
CVE-2008-2325,0.04937,0.91563
CVE-2008-2326,0.0749,0.94126
CVE-2008-2327,0.0413,0.90114
CVE-2008-2329,0.00333,0.25809
CVE-2008-2330,0.00336,0.26176
CVE-2008-2331,0.01468,0.7144
CVE-2008-2332,0.03404,0.88015
CVE-2008-2333,0.04529,0.90882
CVE-2008-2334,0.0098,0.59211
CVE-2008-2335,0.04006,0.89834
CVE-2008-2336,0.0101,0.60154
CVE-2008-2337,0.00999,0.5982
CVE-2008-2338,0.06359,0.93236
CVE-2008-2339,0.01002,0.59895
CVE-2008-2340,0.00999,0.59819
CVE-2008-2341,0.02294,0.81843
CVE-2008-2342,0.02672,0.84636
CVE-2008-2343,0.02371,0.82482
CVE-2008-2344,0.00845,0.54993
CVE-2008-2345,0.01907,0.77993
CVE-2008-2346,0.02708,0.84843
CVE-2008-2347,0.02561,0.83905
CVE-2008-2348,0.02501,0.83445
CVE-2008-2349,0.02447,0.83075
CVE-2008-2350,0.02688,0.84731
CVE-2008-2351,0.01003,0.59932
CVE-2008-2352,0.02385,0.82589
CVE-2008-2353,0.02371,0.82477
CVE-2008-2354,0.01043,0.61137
CVE-2008-2355,0.01915,0.78084
CVE-2008-2356,0.00967,0.58767
CVE-2008-2357,0.04705,0.91175
CVE-2008-2358,0.00414,0.34317
CVE-2008-2359,0.00304,0.22562
CVE-2008-2360,0.03178,0.87132
CVE-2008-2361,0.01641,0.74292
CVE-2008-2362,0.03566,0.88538
CVE-2008-2363,0.05849,0.92697
CVE-2008-2364,0.12714,0.96034
CVE-2008-2365,0.00526,0.42295
CVE-2008-2366,0.00323,0.24703
CVE-2008-2367,0.00243,0.15253
CVE-2008-2368,0.00243,0.15254
CVE-2008-2369,0.03283,0.8757
CVE-2008-2370,0.52716,0.98917
CVE-2008-2371,0.06726,0.93545
CVE-2008-2372,0.00387,0.31596
CVE-2008-2374,0.04287,0.90437
CVE-2008-2375,0.03717,0.89001
CVE-2008-2376,0.03601,0.88643
CVE-2008-2377,0.05457,0.92226
CVE-2008-2378,0.00346,0.27236
CVE-2008-2379,0.01776,0.76263
CVE-2008-2380,0.01816,0.76792
CVE-2008-2381,0.01607,0.73734
CVE-2008-2382,0.06619,0.93456
CVE-2008-2383,0.04944,0.91575
CVE-2008-2384,0.01863,0.7745
CVE-2008-2388,0.01239,0.66501
CVE-2008-2389,0.00303,0.22444
CVE-2008-2390,0.06861,0.93646
CVE-2008-2391,0.01947,0.78473
CVE-2008-2392,0.04279,0.90423
CVE-2008-2393,0.00967,0.5872
CVE-2008-2394,0.01042,0.61096
CVE-2008-2395,0.00967,0.5872
CVE-2008-2396,0.02453,0.83131
CVE-2008-2397,0.01022,0.60515
CVE-2008-2398,0.06232,0.93114
CVE-2008-2399,0.03486,0.88287
CVE-2008-2400,0.00346,0.27227
CVE-2008-2401,0.02465,0.83208
CVE-2008-2402,0.11367,0.95738
CVE-2008-2403,0.194,0.9722
CVE-2008-2404,0.0658,0.93427
CVE-2008-2405,0.03194,0.87199
CVE-2008-2406,0.03268,0.87517
CVE-2008-2407,0.06149,0.93032
CVE-2008-2408,0.06149,0.93033
CVE-2008-2409,0.06149,0.93033
CVE-2008-2410,0.01223,0.66121
CVE-2008-2411,0.01123,0.63413
CVE-2008-2412,0.00961,0.58513
CVE-2008-2413,0.01449,0.71049
CVE-2008-2414,0.01446,0.70984
CVE-2008-2415,0.01903,0.77941
CVE-2008-2416,0.00973,0.59003
CVE-2008-2417,0.00997,0.59744
CVE-2008-2418,0.00251,0.16237
CVE-2008-2419,0.06634,0.93467
CVE-2008-2420,0.01364,0.69393
CVE-2008-2421,0.01826,0.76933
CVE-2008-2422,0.00907,0.56876
CVE-2008-2423,0.03969,0.89742
CVE-2008-2424,0.01575,0.73257
CVE-2008-2425,0.00905,0.56799
CVE-2008-2426,0.05748,0.9258
CVE-2008-2427,0.16059,0.96737
CVE-2008-2428,0.01221,0.66062
CVE-2008-2429,0.01001,0.5988
CVE-2008-2430,0.05879,0.92741
CVE-2008-2431,0.51053,0.98877
CVE-2008-2432,0.01345,0.68956
CVE-2008-2433,0.10929,0.95622
CVE-2008-2434,0.06998,0.93772
CVE-2008-2435,0.06998,0.93773
CVE-2008-2436,0.04883,0.91456
CVE-2008-2437,0.06673,0.93495
CVE-2008-2438,0.11434,0.95754
CVE-2008-2439,0.2014,0.97313
CVE-2008-2441,0.02952,0.86133
CVE-2008-2443,0.01003,0.59942
CVE-2008-2444,0.00973,0.59004
CVE-2008-2445,0.01453,0.7114
CVE-2008-2446,0.00966,0.58695
CVE-2008-2447,0.00973,0.58998
CVE-2008-2448,0.02266,0.81595
CVE-2008-2449,0.01476,0.71567
CVE-2008-2450,0.00987,0.59442
CVE-2008-2451,0.01237,0.66453
CVE-2008-2452,0.00987,0.59442
CVE-2008-2453,0.02001,0.79095
CVE-2008-2454,0.00951,0.58239
CVE-2008-2455,0.00967,0.58764
CVE-2008-2456,0.01151,0.64167
CVE-2008-2457,0.01003,0.59944
CVE-2008-2458,0.01465,0.71384
CVE-2008-2459,0.01929,0.7826
CVE-2008-2460,0.01125,0.63463
CVE-2008-2461,0.0101,0.60145
CVE-2008-2462,0.02849,0.85636
CVE-2008-2463,0.59125,0.99069
CVE-2008-2464,0.0243,0.82949
CVE-2008-2468,0.09885,0.95287
CVE-2008-2469,0.2225,0.97559
CVE-2008-2470,0.05481,0.92251
CVE-2008-2474,0.07884,0.94377
CVE-2008-2475,0.04065,0.89968
CVE-2008-2476,0.07425,0.94089
CVE-2008-2477,0.00997,0.5975
CVE-2008-2478,0.04213,0.90293
CVE-2008-2479,0.00949,0.58181
CVE-2008-2480,0.03846,0.89404
CVE-2008-2481,0.05042,0.91722
CVE-2008-2482,0.02843,0.85606
CVE-2008-2483,0.01915,0.78085
CVE-2008-2484,0.00942,0.57973
CVE-2008-2485,0.01065,0.61848
CVE-2008-2486,0.01575,0.73257
CVE-2008-2487,0.0101,0.60155
CVE-2008-2488,0.01942,0.78419
CVE-2008-2489,0.01063,0.61768
CVE-2008-2490,0.01042,0.61097
CVE-2008-2491,0.00961,0.58529
CVE-2008-2492,0.00969,0.58861
CVE-2008-2493,0.01449,0.71052
CVE-2008-2494,0.01022,0.60485
CVE-2008-2495,0.01532,0.72544
CVE-2008-2496,0.01453,0.71141
CVE-2008-2497,0.01222,0.66103
CVE-2008-2498,0.01096,0.62698
CVE-2008-2499,0.77466,0.99536
CVE-2008-2500,0.00845,0.54975
CVE-2008-2501,0.01008,0.60079
CVE-2008-2502,0.01359,0.69288
CVE-2008-2503,0.01428,0.70662
CVE-2008-2504,0.00967,0.58717
CVE-2008-2505,0.01445,0.70968
CVE-2008-2506,0.00999,0.59809
CVE-2008-2507,0.01452,0.71101
CVE-2008-2508,0.01436,0.70804
CVE-2008-2509,0.00961,0.58548
CVE-2008-2510,0.02011,0.79202
CVE-2008-2511,0.10007,0.95331
CVE-2008-2512,0.02787,0.85304
CVE-2008-2513,0.00491,0.40075
CVE-2008-2514,0.00408,0.33796
CVE-2008-2515,0.00367,0.29459
CVE-2008-2516,0.00324,0.24763
CVE-2008-2517,0.00266,0.1841
CVE-2008-2518,0.01875,0.77591
CVE-2008-2519,0.02348,0.82306
CVE-2008-2520,0.02505,0.83485
CVE-2008-2521,0.00895,0.56517
CVE-2008-2522,0.00949,0.58179
CVE-2008-2523,0.01063,0.61762
CVE-2008-2524,0.01286,0.67628
CVE-2008-2525,0.01033,0.60829
CVE-2008-2526,0.01033,0.60829
CVE-2008-2527,0.01065,0.61853
CVE-2008-2528,0.02706,0.84837
CVE-2008-2529,0.00967,0.58723
CVE-2008-2530,0.00999,0.59809
CVE-2008-2531,0.00521,0.41997
CVE-2008-2532,0.00967,0.58726
CVE-2008-2533,0.01445,0.70963
CVE-2008-2534,0.02405,0.8273
CVE-2008-2535,0.00928,0.57475
CVE-2008-2536,0.00967,0.58733
CVE-2008-2537,0.00967,0.5873
CVE-2008-2538,0.00247,0.15813
CVE-2008-2539,0.00333,0.25791
CVE-2008-2540,0.08315,0.94617
CVE-2008-2541,0.10072,0.95353
CVE-2008-2542,0.04761,0.9127
CVE-2008-2543,0.03622,0.88706
CVE-2008-2544,0.00306,0.22751
CVE-2008-2545,0.04235,0.90342
CVE-2008-2547,0.08494,0.94708
CVE-2008-2548,0.05837,0.9268
CVE-2008-2549,0.52617,0.98914
CVE-2008-2550,0.01639,0.74252
CVE-2008-2551,0.46936,0.98779
CVE-2008-2552,0.00355,0.28251
CVE-2008-2553,0.01562,0.73044
CVE-2008-2554,0.01042,0.61096
CVE-2008-2555,0.01006,0.60015
CVE-2008-2556,0.00928,0.57468
CVE-2008-2557,0.01033,0.60833
CVE-2008-2558,0.01064,0.61804
CVE-2008-2559,0.03946,0.8968
CVE-2008-2560,0.0101,0.60147
CVE-2008-2561,0.01524,0.724
CVE-2008-2562,0.00895,0.56517
CVE-2008-2563,0.01065,0.61853
CVE-2008-2564,0.0101,0.60145
CVE-2008-2565,0.01912,0.78051
CVE-2008-2566,0.01526,0.72443
CVE-2008-2567,0.01065,0.61854
CVE-2008-2568,0.01051,0.61346
CVE-2008-2569,0.00999,0.59818
CVE-2008-2570,0.01311,0.68164
CVE-2008-2571,0.01107,0.63006
CVE-2008-2572,0.0101,0.60147
CVE-2008-2573,0.05614,0.9242
CVE-2008-2574,0.04781,0.91298
CVE-2008-2575,0.02645,0.84462
CVE-2008-2576,0.00406,0.33548
CVE-2008-2577,0.02114,0.80231
CVE-2008-2578,0.00377,0.30473
CVE-2008-2579,0.03093,0.8676
CVE-2008-2580,0.01801,0.76591
CVE-2008-2581,0.01748,0.75896
CVE-2008-2582,0.02065,0.79735
CVE-2008-2583,0.01143,0.63923
CVE-2008-2585,0.0137,0.6954
CVE-2008-2586,0.01204,0.65597
CVE-2008-2587,0.00316,0.23827
CVE-2008-2588,0.00351,0.27734
CVE-2008-2589,0.01294,0.67794
CVE-2008-2590,0.01084,0.62367
CVE-2008-2591,0.0137,0.69541
CVE-2008-2592,0.01801,0.76585
CVE-2008-2593,0.01663,0.74609
CVE-2008-2594,0.02023,0.79309
CVE-2008-2595,0.11336,0.95729
CVE-2008-2596,0.0137,0.69539
CVE-2008-2597,0.01479,0.71621
CVE-2008-2598,0.02003,0.79107
CVE-2008-2599,0.02003,0.79107
CVE-2008-2600,0.0137,0.6954
CVE-2008-2601,0.01195,0.65371
CVE-2008-2602,0.01169,0.64669
CVE-2008-2603,0.01204,0.65588
CVE-2008-2604,0.01451,0.71089
CVE-2008-2605,0.01285,0.67596
CVE-2008-2606,0.0137,0.69539
CVE-2008-2607,0.03357,0.87851
CVE-2008-2608,0.01381,0.69754
CVE-2008-2609,0.0129,0.67703
CVE-2008-2610,0.0137,0.6954
CVE-2008-2611,0.01381,0.69753
CVE-2008-2612,0.01143,0.63924
CVE-2008-2613,0.01343,0.689
CVE-2008-2614,0.01143,0.63924
CVE-2008-2615,0.01569,0.73151
CVE-2008-2616,0.01569,0.7315
CVE-2008-2617,0.01569,0.7315
CVE-2008-2618,0.01569,0.73151
CVE-2008-2619,0.00543,0.43187
CVE-2008-2620,0.01569,0.7315
CVE-2008-2621,0.01322,0.68411
CVE-2008-2622,0.01569,0.73149
CVE-2008-2623,0.00351,0.27734
CVE-2008-2624,0.01167,0.64625
CVE-2008-2625,0.02066,0.79753
CVE-2008-2626,0.01196,0.65381
CVE-2008-2627,0.02056,0.7965
CVE-2008-2628,0.00928,0.57477
CVE-2008-2629,0.02056,0.7965
CVE-2008-2630,0.01019,0.60402
CVE-2008-2631,0.2279,0.97611
CVE-2008-2632,0.00928,0.57477
CVE-2008-2633,0.01206,0.65649
CVE-2008-2634,0.00928,0.57466
CVE-2008-2635,0.02237,0.81366
CVE-2008-2636,0.03403,0.88011
CVE-2008-2637,0.01819,0.76836
CVE-2008-2638,0.0386,0.89435
CVE-2008-2639,0.77717,0.99544
CVE-2008-2640,0.02774,0.85239
CVE-2008-2641,0.2385,0.97702
CVE-2008-2642,0.01096,0.62708
CVE-2008-2643,0.0101,0.60147
CVE-2008-2644,0.01571,0.73183
CVE-2008-2645,0.3903,0.98528
CVE-2008-2646,0.01445,0.70964
CVE-2008-2647,0.00967,0.58724
CVE-2008-2648,0.03326,0.8774
CVE-2008-2649,0.02098,0.80084
CVE-2008-2650,0.18809,0.97142
CVE-2008-2651,0.00928,0.5747
CVE-2008-2652,0.01042,0.61095
CVE-2008-2654,0.08015,0.94442
CVE-2008-2662,0.04264,0.90394
CVE-2008-2663,0.04456,0.90759
CVE-2008-2664,0.0428,0.90426
CVE-2008-2665,0.03377,0.87923
CVE-2008-2666,0.13923,0.96323
CVE-2008-2667,0.01529,0.72486
CVE-2008-2668,0.01766,0.76125
CVE-2008-2669,0.01182,0.65044
CVE-2008-2670,0.00997,0.5975
CVE-2008-2671,0.01169,0.64663
CVE-2008-2672,0.03534,0.88434
CVE-2008-2673,0.0101,0.60148
CVE-2008-2674,0.01403,0.70187
CVE-2008-2675,0.01022,0.60492
CVE-2008-2676,0.00928,0.57469
CVE-2008-2677,0.01507,0.72133
CVE-2008-2678,0.02056,0.7965
CVE-2008-2679,0.01003,0.59937
CVE-2008-2680,0.01499,0.7199
CVE-2008-2681,0.02615,0.84266
CVE-2008-2682,0.02527,0.83653
CVE-2008-2683,0.34761,0.98349
CVE-2008-2684,0.0874,0.9483
CVE-2008-2685,0.01051,0.61361
CVE-2008-2686,0.03941,0.89669
CVE-2008-2687,0.02486,0.83351
CVE-2008-2688,0.02007,0.7916
CVE-2008-2689,0.46188,0.9876
CVE-2008-2690,0.02305,0.81938
CVE-2008-2691,0.0101,0.60145
CVE-2008-2692,0.0101,0.60149
CVE-2008-2693,0.10093,0.95359
CVE-2008-2694,0.01445,0.70963
CVE-2008-2695,0.02286,0.8177
CVE-2008-2696,0.02204,0.81076
CVE-2008-2697,0.00973,0.58976
CVE-2008-2698,0.01033,0.60854
CVE-2008-2699,0.02286,0.8177
CVE-2008-2700,0.00999,0.59808
CVE-2008-2701,0.01641,0.74285
CVE-2008-2702,0.107,0.95557
CVE-2008-2703,0.61121,0.99123
CVE-2008-2704,0.01834,0.77035
CVE-2008-2705,0.03569,0.88545
CVE-2008-2706,0.00358,0.2857
CVE-2008-2707,0.01916,0.78096
CVE-2008-2708,0.00335,0.26034
CVE-2008-2709,0.00327,0.25148
CVE-2008-2710,0.0059,0.4554
CVE-2008-2711,0.03003,0.86367
CVE-2008-2712,0.15044,0.96533
CVE-2008-2713,0.04708,0.91185
CVE-2008-2714,0.01755,0.75994
CVE-2008-2715,0.01816,0.76794
CVE-2008-2716,0.02984,0.86275
CVE-2008-2717,0.0302,0.86442
CVE-2008-2718,0.01812,0.76733
CVE-2008-2719,0.10471,0.95485
CVE-2008-2720,0.01291,0.67714
CVE-2008-2721,0.01522,0.72379
CVE-2008-2722,0.01698,0.75144
CVE-2008-2723,0.01522,0.72379
CVE-2008-2724,0.01556,0.72965
CVE-2008-2725,0.037,0.88957
CVE-2008-2726,0.03759,0.89134
CVE-2008-2729,0.0057,0.44606
CVE-2008-2730,0.01691,0.75045
CVE-2008-2732,0.03419,0.88058
CVE-2008-2733,0.03193,0.87196
CVE-2008-2734,0.0284,0.85591
CVE-2008-2735,0.0284,0.85591
CVE-2008-2736,0.02637,0.84415
CVE-2008-2739,0.02678,0.84674
CVE-2008-2742,0.04714,0.91194
CVE-2008-2743,0.01223,0.66122
CVE-2008-2744,0.01981,0.78867
CVE-2008-2745,0.11373,0.95739
CVE-2008-2746,0.01006,0.60016
CVE-2008-2747,0.00309,0.23151
CVE-2008-2748,0.03487,0.88288
CVE-2008-2749,0.0245,0.83102
CVE-2008-2750,0.03822,0.89344
CVE-2008-2751,0.04376,0.90608
CVE-2008-2752,0.27767,0.97996
CVE-2008-2753,0.01151,0.64182
CVE-2008-2754,0.00914,0.57058
CVE-2008-2755,0.00993,0.59591
CVE-2008-2756,0.01272,0.67306
CVE-2008-2757,0.01163,0.64506
CVE-2008-2758,0.0103,0.60734
CVE-2008-2759,0.01272,0.67304
CVE-2008-2760,0.01163,0.64506
CVE-2008-2761,0.0103,0.60733
CVE-2008-2762,0.00986,0.5939
CVE-2008-2763,0.00986,0.59391
CVE-2008-2764,0.00892,0.56401
CVE-2008-2765,0.01192,0.65293
CVE-2008-2766,0.01102,0.62846
CVE-2008-2767,0.00986,0.59391
CVE-2008-2768,0.00892,0.564
CVE-2008-2769,0.01476,0.71575
CVE-2008-2770,0.00967,0.58737
CVE-2008-2771,0.01209,0.65738
CVE-2008-2772,0.01409,0.70306
CVE-2008-2773,0.01033,0.60852
CVE-2008-2774,0.0101,0.60142
CVE-2008-2775,0.01051,0.61365
CVE-2008-2776,0.01022,0.60499
CVE-2008-2777,0.01033,0.60851
CVE-2008-2778,0.0101,0.60143
CVE-2008-2779,0.02624,0.84323
CVE-2008-2780,0.01015,0.60302
CVE-2008-2781,0.00961,0.58547
CVE-2008-2782,0.02423,0.82888
CVE-2008-2783,0.01505,0.72095
CVE-2008-2784,0.01359,0.69289
CVE-2008-2785,0.05284,0.92038
CVE-2008-2786,0.01376,0.69669
CVE-2008-2787,0.01834,0.7703
CVE-2008-2788,0.00845,0.5499
CVE-2008-2789,0.22762,0.97609
CVE-2008-2790,0.01061,0.61643
CVE-2008-2791,0.00973,0.58994
CVE-2008-2792,0.00973,0.58994
CVE-2008-2793,0.00967,0.58727
CVE-2008-2794,0.00313,0.23549
CVE-2008-2795,0.09529,0.95159
CVE-2008-2796,0.00987,0.59421
CVE-2008-2797,0.01022,0.60488
CVE-2008-2798,0.13949,0.96328
CVE-2008-2799,0.05565,0.92353
CVE-2008-2800,0.02001,0.79089
CVE-2008-2801,0.0281,0.8542
CVE-2008-2802,0.03787,0.89235
CVE-2008-2803,0.03213,0.87278
CVE-2008-2805,0.02245,0.81428
CVE-2008-2806,0.02553,0.83851
CVE-2008-2807,0.0156,0.73013
CVE-2008-2808,0.01349,0.69052
CVE-2008-2809,0.0124,0.66523
CVE-2008-2810,0.01101,0.62821
CVE-2008-2811,0.07081,0.93834
CVE-2008-2812,0.00426,0.35395
CVE-2008-2813,0.01857,0.77355
CVE-2008-2814,0.01196,0.65395
CVE-2008-2815,0.00973,0.58979
CVE-2008-2816,0.00967,0.58731
CVE-2008-2817,0.00967,0.58729
CVE-2008-2818,0.02286,0.81772
CVE-2008-2819,0.01096,0.62699
CVE-2008-2820,0.02957,0.86154
CVE-2008-2821,0.02533,0.83686
CVE-2008-2822,0.03037,0.86514
CVE-2008-2823,0.00967,0.58716
CVE-2008-2824,0.02566,0.83938
CVE-2008-2825,0.01223,0.66121
CVE-2008-2826,0.00429,0.35608
CVE-2008-2827,0.00843,0.54912
CVE-2008-2828,0.04767,0.9128
CVE-2008-2829,0.05265,0.9201
CVE-2008-2830,0.00867,0.55688
CVE-2008-2831,0.00996,0.59721
CVE-2008-2832,0.11804,0.9584
CVE-2008-2833,0.04134,0.90122
CVE-2008-2834,0.00967,0.58732
CVE-2008-2835,0.00973,0.59001
CVE-2008-2836,0.03094,0.86765
CVE-2008-2837,0.00967,0.58722
CVE-2008-2838,0.02672,0.84636
CVE-2008-2839,0.01445,0.70972
CVE-2008-2840,0.01268,0.67202
CVE-2008-2841,0.15379,0.96589
CVE-2008-2842,0.01499,0.71989
CVE-2008-2843,0.01151,0.64181
CVE-2008-2844,0.00993,0.59601
CVE-2008-2845,0.0101,0.60142
CVE-2008-2846,0.00993,0.59593
CVE-2008-2847,0.00973,0.58993
CVE-2008-2848,0.01033,0.60854
CVE-2008-2849,0.00842,0.54881
CVE-2008-2850,0.01063,0.61768
CVE-2008-2851,0.02435,0.8298
CVE-2008-2852,0.0125,0.66772
CVE-2008-2853,0.00973,0.58973
CVE-2008-2854,0.02294,0.81842
CVE-2008-2855,0.01445,0.70967
CVE-2008-2856,0.00967,0.58741
CVE-2008-2857,0.02112,0.80211
CVE-2008-2858,0.00818,0.54164
CVE-2008-2859,0.03377,0.87923
CVE-2008-2860,0.00967,0.58719
CVE-2008-2861,0.0172,0.75462
CVE-2008-2862,0.01681,0.74892
CVE-2008-2863,0.02936,0.86058
CVE-2008-2864,0.02521,0.83609
CVE-2008-2865,0.00967,0.58719
CVE-2008-2866,0.00967,0.58719
CVE-2008-2867,0.01003,0.59939
CVE-2008-2868,0.01151,0.6418
CVE-2008-2869,0.01003,0.59939
CVE-2008-2870,0.00967,0.58738
CVE-2008-2871,0.01196,0.65393
CVE-2008-2872,0.00973,0.58984
CVE-2008-2873,0.02587,0.84075
CVE-2008-2874,0.01042,0.61087
CVE-2008-2875,0.0101,0.60148
CVE-2008-2876,0.03093,0.86758
CVE-2008-2877,0.01812,0.7675
CVE-2008-2878,0.02786,0.853
CVE-2008-2879,0.01528,0.72469
CVE-2008-2880,0.03927,0.89623
CVE-2008-2881,0.0207,0.79793
CVE-2008-2882,0.0258,0.84036
CVE-2008-2883,0.02307,0.81952
CVE-2008-2884,0.03165,0.87083
CVE-2008-2885,0.02935,0.86055
CVE-2008-2886,0.0379,0.89246
CVE-2008-2887,0.01929,0.78261
CVE-2008-2888,0.08014,0.94442
CVE-2008-2889,0.02205,0.81082
CVE-2008-2890,0.01042,0.61085
CVE-2008-2891,0.00973,0.59001
CVE-2008-2892,0.00973,0.58987
CVE-2008-2893,0.00973,0.58986
CVE-2008-2894,0.02433,0.82967
CVE-2008-2895,0.02299,0.81889
CVE-2008-2896,0.02286,0.81773
CVE-2008-2897,0.00967,0.58723
CVE-2008-2898,0.06712,0.93533
CVE-2008-2899,0.01495,0.71909
CVE-2008-2900,0.00967,0.58723
CVE-2008-2901,0.00856,0.55377
CVE-2008-2902,0.00973,0.5899
CVE-2008-2903,0.00914,0.57054
CVE-2008-2904,0.00973,0.59
CVE-2008-2905,0.18401,0.97093
CVE-2008-2906,0.00914,0.57056
CVE-2008-2907,0.00914,0.57056
CVE-2008-2908,0.35423,0.98376
CVE-2008-2909,0.01003,0.59951
CVE-2008-2910,0.09297,0.95071
CVE-2008-2911,0.01501,0.72032
CVE-2008-2912,0.02382,0.82562
CVE-2008-2913,0.01857,0.77355
CVE-2008-2914,0.01003,0.59945
CVE-2008-2915,0.01003,0.5995
CVE-2008-2916,0.01117,0.63252
CVE-2008-2917,0.01681,0.74892
CVE-2008-2918,0.00973,0.58995
CVE-2008-2919,0.00933,0.5767
CVE-2008-2920,0.02551,0.83838
CVE-2008-2921,0.01089,0.62501
CVE-2008-2922,0.05048,0.91727
CVE-2008-2923,0.01263,0.67088
CVE-2008-2924,0.01033,0.60841
CVE-2008-2925,0.01063,0.61765
CVE-2008-2926,0.00424,0.35197
CVE-2008-2927,0.04332,0.90517
CVE-2008-2928,0.06643,0.93473
CVE-2008-2929,0.017,0.75168
CVE-2008-2930,0.06555,0.93407
CVE-2008-2931,0.00375,0.30344
CVE-2008-2932,0.03376,0.87913
CVE-2008-2933,0.02753,0.85107
CVE-2008-2934,0.03592,0.88617
CVE-2008-2935,0.12789,0.96049
CVE-2008-2936,0.00993,0.59586
CVE-2008-2937,0.00357,0.28393
CVE-2008-2938,0.99708,0.9995
CVE-2008-2939,0.38953,0.98526
CVE-2008-2940,0.00434,0.3612
CVE-2008-2941,0.00542,0.43171
CVE-2008-2942,0.01885,0.77706
CVE-2008-2943,0.02421,0.82877
CVE-2008-2944,0.00427,0.35478
CVE-2008-2945,0.02797,0.85354
CVE-2008-2946,0.02525,0.83638
CVE-2008-2947,0.24744,0.9778
CVE-2008-2948,0.25438,0.97844
CVE-2008-2949,0.20488,0.9737
CVE-2008-2950,0.14253,0.9638
CVE-2008-2951,0.01834,0.77035
CVE-2008-2952,0.13173,0.96148
CVE-2008-2953,0.03225,0.87335
CVE-2008-2954,0.03656,0.88822
CVE-2008-2955,0.07258,0.93979
CVE-2008-2956,0.02,0.7908
CVE-2008-2957,0.02097,0.80077
CVE-2008-2958,0.00283,0.204
CVE-2008-2959,0.24805,0.97789
CVE-2008-2960,0.01596,0.73562
CVE-2008-2961,0.02672,0.84637
CVE-2008-2962,0.01445,0.70972
CVE-2008-2963,0.00909,0.5691
CVE-2008-2964,0.00928,0.57468
CVE-2008-2965,0.01445,0.70967
CVE-2008-2966,0.02486,0.83351
CVE-2008-2967,0.0173,0.75618
CVE-2008-2968,0.01137,0.63782
CVE-2008-2969,0.02832,0.85549
CVE-2008-2970,0.02364,0.82433
CVE-2008-2971,0.0101,0.60152
CVE-2008-2972,0.0101,0.60153
CVE-2008-2973,0.01507,0.7213
CVE-2008-2974,0.01979,0.78838
CVE-2008-2975,0.01445,0.70967
CVE-2008-2976,0.01846,0.77199
CVE-2008-2977,0.02427,0.82918
CVE-2008-2978,0.01846,0.772
CVE-2008-2979,0.01524,0.72399
CVE-2008-2980,0.01216,0.65923
CVE-2008-2981,0.01689,0.75011
CVE-2008-2982,0.01979,0.78836
CVE-2008-2983,0.00928,0.57473
CVE-2008-2984,0.01445,0.70969
CVE-2008-2985,0.01846,0.77199
CVE-2008-2986,0.02294,0.81845
CVE-2008-2987,0.0154,0.72693
CVE-2008-2988,0.01524,0.72417
CVE-2008-2989,0.01006,0.60018
CVE-2008-2990,0.02294,0.81846
CVE-2008-2991,0.1651,0.9682
CVE-2008-2992,0.98482,0.99916
CVE-2008-2993,0.02371,0.82478
CVE-2008-2994,0.01485,0.71734
CVE-2008-2995,0.00975,0.59079
CVE-2008-2996,0.00916,0.57136
CVE-2008-2997,0.01445,0.70966
CVE-2008-2998,0.01033,0.60838
CVE-2008-2999,0.01063,0.61769
CVE-2008-3000,0.01162,0.64479
CVE-2008-3001,0.03368,0.87891
CVE-2008-3003,0.01671,0.74737
CVE-2008-3004,0.32172,0.98234
CVE-2008-3005,0.31934,0.98221
CVE-2008-3006,0.35649,0.98386
CVE-2008-3007,0.31934,0.98221
CVE-2008-3008,0.54553,0.98965
CVE-2008-3009,0.1583,0.96692
CVE-2008-3010,0.15194,0.96556
CVE-2008-3012,0.31037,0.98173
CVE-2008-3013,0.52065,0.98902
CVE-2008-3014,0.36722,0.98433
CVE-2008-3015,0.39272,0.9854
CVE-2008-3018,0.30308,0.98135
CVE-2008-3019,0.3008,0.98125
CVE-2008-3020,0.30308,0.98135
CVE-2008-3021,0.35905,0.98399
CVE-2008-3022,0.02294,0.81842
CVE-2008-3023,0.11811,0.95841
CVE-2008-3024,0.05929,0.92793
CVE-2008-3025,0.0101,0.60162
CVE-2008-3026,0.00967,0.58763
CVE-2008-3027,0.00999,0.59821
CVE-2008-3028,0.01065,0.61856
CVE-2008-3029,0.01033,0.60841
CVE-2008-3030,0.0101,0.60153
CVE-2008-3031,0.02299,0.8189
CVE-2008-3032,0.01033,0.60841
CVE-2008-3033,0.03014,0.86417
CVE-2008-3034,0.00969,0.58864
CVE-2008-3035,0.00895,0.56517
CVE-2008-3036,0.02486,0.83351
CVE-2008-3037,0.01022,0.605
CVE-2008-3038,0.01051,0.61372
CVE-2008-3039,0.01051,0.61372
CVE-2008-3040,0.01205,0.65624
CVE-2008-3041,0.01126,0.63492
CVE-2008-3042,0.01446,0.70994
CVE-2008-3043,0.01985,0.78907
CVE-2008-3044,0.01063,0.61764
CVE-2008-3045,0.01422,0.70538
CVE-2008-3046,0.01164,0.6454
CVE-2008-3047,0.01164,0.64541
CVE-2008-3048,0.01126,0.63492
CVE-2008-3049,0.01009,0.60114
CVE-2008-3050,0.01157,0.64332
CVE-2008-3051,0.01001,0.59881
CVE-2008-3052,0.01359,0.69293
CVE-2008-3053,0.01063,0.61769
CVE-2008-3054,0.01051,0.61364
CVE-2008-3055,0.01051,0.61372
CVE-2008-3056,0.01051,0.61374
CVE-2008-3057,0.01324,0.68437
CVE-2008-3058,0.02263,0.81577
CVE-2008-3059,0.01057,0.61571
CVE-2008-3060,0.01218,0.66
CVE-2008-3061,0.01039,0.61003
CVE-2008-3063,0.01051,0.6136
CVE-2008-3064,0.01769,0.76169
CVE-2008-3066,0.09721,0.95232
CVE-2008-3067,0.00301,0.22259
CVE-2008-3068,0.17404,0.96961
CVE-2008-3069,0.01022,0.60504
CVE-2008-3070,0.0088,0.56088
CVE-2008-3071,0.01283,0.67543
CVE-2008-3072,0.00994,0.59656
CVE-2008-3073,0.01107,0.6301
CVE-2008-3074,0.03841,0.89393
CVE-2008-3075,0.04258,0.90382
CVE-2008-3076,0.09023,0.94968
CVE-2008-3077,0.00398,0.32749
CVE-2008-3078,0.03054,0.86585
CVE-2008-3079,0.0296,0.8617
CVE-2008-3080,0.00413,0.34209
CVE-2008-3081,0.03058,0.86601
CVE-2008-3082,0.01065,0.61862
CVE-2008-3083,0.00967,0.58762
CVE-2008-3087,0.02906,0.85925
CVE-2008-3088,0.01524,0.72401
CVE-2008-3089,0.0101,0.60159
CVE-2008-3090,0.01392,0.69969
CVE-2008-3091,0.00842,0.5488
CVE-2008-3092,0.00904,0.56759
CVE-2008-3093,0.02173,0.80797
CVE-2008-3094,0.02041,0.79497
CVE-2008-3095,0.00842,0.54881
CVE-2008-3096,0.01173,0.64791
CVE-2008-3097,0.00842,0.54882
CVE-2008-3098,0.01973,0.78769
CVE-2008-3100,0.02281,0.81732
CVE-2008-3101,0.03768,0.89166
CVE-2008-3102,0.01884,0.77695
CVE-2008-3103,0.05084,0.91773
CVE-2008-3104,0.03597,0.88631
CVE-2008-3105,0.04042,0.89913
CVE-2008-3106,0.03342,0.878
CVE-2008-3107,0.03644,0.88784
CVE-2008-3108,0.04614,0.91024
CVE-2008-3109,0.03496,0.88317
CVE-2008-3110,0.03342,0.878
CVE-2008-3111,0.04267,0.90401
CVE-2008-3112,0.25727,0.97863
CVE-2008-3113,0.06322,0.93201
CVE-2008-3114,0.03058,0.86601
CVE-2008-3115,0.06866,0.93648
CVE-2008-3116,0.05553,0.92337
CVE-2008-3117,0.03253,0.87462
CVE-2008-3118,0.00999,0.59807
CVE-2008-3119,0.01042,0.61086
CVE-2008-3121,0.01033,0.60843
CVE-2008-3122,0.00904,0.56758
CVE-2008-3123,0.00973,0.5898
CVE-2008-3124,0.00973,0.58981
CVE-2008-3125,0.01151,0.64178
CVE-2008-3126,0.02294,0.81851
CVE-2008-3127,0.02358,0.8239
CVE-2008-3128,0.03624,0.88715
CVE-2008-3129,0.00967,0.58746
CVE-2008-3130,0.01022,0.60497
CVE-2008-3131,0.00909,0.5691
CVE-2008-3132,0.00967,0.58761
CVE-2008-3133,0.00949,0.58179
CVE-2008-3134,0.02127,0.80357
CVE-2008-3135,0.01916,0.78101
CVE-2008-3136,0.00967,0.58762
CVE-2008-3137,0.01812,0.76739
CVE-2008-3138,0.02003,0.79114
CVE-2008-3139,0.02902,0.85909
CVE-2008-3140,0.04946,0.91579
CVE-2008-3141,0.01205,0.65612
CVE-2008-3142,0.04493,0.90819
CVE-2008-3143,0.03522,0.88399
CVE-2008-3144,0.04229,0.90329
CVE-2008-3145,0.02003,0.79116
CVE-2008-3146,0.04036,0.89901
CVE-2008-3147,0.00302,0.22279
CVE-2008-3148,0.0339,0.87961
CVE-2008-3149,0.01689,0.75018
CVE-2008-3150,0.06272,0.93153
CVE-2008-3151,0.00991,0.59534
CVE-2008-3152,0.01051,0.61347
CVE-2008-3153,0.01042,0.61086
CVE-2008-3154,0.01006,0.60016
CVE-2008-3155,0.07706,0.94263
CVE-2008-3156,0.04071,0.8998
CVE-2008-3157,0.01416,0.70431
CVE-2008-3158,0.05481,0.9225
CVE-2008-3159,0.08667,0.94791
CVE-2008-3160,0.02127,0.80358
CVE-2008-3161,0.01189,0.65209
CVE-2008-3162,0.09251,0.95051
CVE-2008-3163,0.01935,0.78332
CVE-2008-3164,0.03755,0.89122
CVE-2008-3165,0.02297,0.81873
CVE-2008-3166,0.0624,0.93122
CVE-2008-3167,0.06463,0.93329
CVE-2008-3168,0.01043,0.61139
CVE-2008-3169,0.04762,0.91272
CVE-2008-3170,0.02068,0.79777
CVE-2008-3171,0.01182,0.65049
CVE-2008-3172,0.01202,0.65539
CVE-2008-3173,0.11314,0.95725
CVE-2008-3174,0.02025,0.79328
CVE-2008-3175,0.144,0.9641
CVE-2008-3177,0.05127,0.91825
CVE-2008-3178,0.05111,0.91806
CVE-2008-3179,0.02843,0.85607
CVE-2008-3180,0.01571,0.73183
CVE-2008-3181,0.03073,0.86658
CVE-2008-3182,0.07386,0.94066
CVE-2008-3183,0.03117,0.8686
CVE-2008-3184,0.01507,0.72143
CVE-2008-3185,0.01111,0.63092
CVE-2008-3186,0.01218,0.65981
CVE-2008-3187,0.01674,0.74778
CVE-2008-3188,0.01497,0.71952
CVE-2008-3189,0.01003,0.59937
CVE-2008-3190,0.02297,0.81873
CVE-2008-3191,0.0109,0.62527
CVE-2008-3192,0.01915,0.78085
CVE-2008-3193,0.01003,0.59936
CVE-2008-3194,0.02551,0.8384
CVE-2008-3195,0.0828,0.946
CVE-2008-3196,0.01449,0.71048
CVE-2008-3197,0.00984,0.59325
CVE-2008-3198,0.02962,0.86185
CVE-2008-3199,0.01619,0.7393
CVE-2008-3200,0.00967,0.58746
CVE-2008-3201,0.01465,0.71385
CVE-2008-3202,0.01465,0.71385
CVE-2008-3203,0.02576,0.84008
CVE-2008-3204,0.01003,0.59937
CVE-2008-3205,0.02771,0.85212
CVE-2008-3206,0.02061,0.797
CVE-2008-3207,0.0558,0.92375
CVE-2008-3208,0.03327,0.87744
CVE-2008-3209,0.06031,0.92901
CVE-2008-3210,0.03455,0.88178
CVE-2008-3211,0.03258,0.87482
CVE-2008-3212,0.00951,0.58227
CVE-2008-3213,0.01003,0.59936
CVE-2008-3214,0.02525,0.83639
CVE-2008-3215,0.04708,0.91185
CVE-2008-3216,0.00352,0.27917
CVE-2008-3217,0.0181,0.76711
CVE-2008-3218,0.02467,0.83219
CVE-2008-3219,0.02079,0.79882
CVE-2008-3220,0.01343,0.68914
CVE-2008-3221,0.01137,0.63762
CVE-2008-3222,0.02889,0.85844
CVE-2008-3223,0.03164,0.8708
CVE-2008-3224,0.01486,0.71746
CVE-2008-3225,0.01495,0.71909
CVE-2008-3226,0.01043,0.61138
CVE-2008-3227,0.01139,0.6383
CVE-2008-3228,0.01164,0.64542
CVE-2008-3229,0.00433,0.35962
CVE-2008-3230,0.00414,0.34318
CVE-2008-3231,0.01922,0.78182
CVE-2008-3232,0.04574,0.90956
CVE-2008-3233,0.03949,0.89686
CVE-2008-3234,0.05773,0.92607
CVE-2008-3235,0.01769,0.76169
CVE-2008-3236,0.01305,0.68022
CVE-2008-3237,0.0172,0.75461
CVE-2008-3238,0.01196,0.65382
CVE-2008-3239,0.05165,0.91877
CVE-2008-3240,0.02353,0.82347
CVE-2008-3241,0.02082,0.79921
CVE-2008-3242,0.15653,0.96656
CVE-2008-3243,0.02143,0.80499
CVE-2008-3244,0.02213,0.81149
CVE-2008-3245,0.0199,0.78976
CVE-2008-3246,0.06876,0.93656
CVE-2008-3247,0.00361,0.28895
CVE-2008-3248,0.00347,0.27351
CVE-2008-3249,0.01296,0.67829
CVE-2008-3250,0.02285,0.81755
CVE-2008-3251,0.02429,0.82942
CVE-2008-3252,0.06654,0.9348
CVE-2008-3253,0.01969,0.7872
CVE-2008-3254,0.02605,0.84208
CVE-2008-3255,0.02026,0.79341
CVE-2008-3256,0.0199,0.78976
CVE-2008-3257,0.83589,0.99673
CVE-2008-3258,0.01859,0.77382
CVE-2008-3259,0.00328,0.252
CVE-2008-3260,0.04627,0.91045
CVE-2008-3261,0.04849,0.91404
CVE-2008-3262,0.00954,0.58308
CVE-2008-3263,0.28,0.98012
CVE-2008-3264,0.0338,0.87931
CVE-2008-3265,0.03044,0.86538
CVE-2008-3266,0.02353,0.82347
CVE-2008-3267,0.02082,0.7992
CVE-2008-3268,0.01862,0.77441
CVE-2008-3269,0.10818,0.95592
CVE-2008-3270,0.00829,0.54537
CVE-2008-3271,0.04807,0.91337
CVE-2008-3272,0.00417,0.3455
CVE-2008-3273,0.47111,0.98784
CVE-2008-3274,0.01843,0.77157
CVE-2008-3275,0.00509,0.41195
CVE-2008-3276,0.03209,0.87262
CVE-2008-3277,0.00444,0.3685
CVE-2008-3278,0.0035,0.27714
CVE-2008-3279,0.00539,0.42993
CVE-2008-3280,0.03951,0.89695
CVE-2008-3281,0.02507,0.83498
CVE-2008-3282,0.10755,0.95573
CVE-2008-3283,0.02854,0.85659
CVE-2008-3285,0.06905,0.93684
CVE-2008-3286,0.08948,0.94937
CVE-2008-3287,0.0266,0.84549
CVE-2008-3288,0.02189,0.80922
CVE-2008-3289,0.05238,0.91983
CVE-2008-3290,0.02624,0.84324
CVE-2008-3291,0.01993,0.79014
CVE-2008-3292,0.07321,0.94021
CVE-2008-3293,0.08884,0.94903
CVE-2008-3294,0.04503,0.9084
CVE-2008-3295,0.02742,0.85036
CVE-2008-3296,0.05707,0.92524
CVE-2008-3297,0.01913,0.78062
CVE-2008-3298,0.01479,0.7162
CVE-2008-3299,0.06251,0.9313
CVE-2008-3300,0.05569,0.9236
CVE-2008-3301,0.0243,0.82945
CVE-2008-3302,0.02181,0.80862
CVE-2008-3303,0.05397,0.92162
CVE-2008-3304,0.06091,0.92981
CVE-2008-3305,0.03592,0.88617
CVE-2008-3306,0.00905,0.56799
CVE-2008-3307,0.01042,0.6109
CVE-2008-3308,0.01967,0.78697
CVE-2008-3309,0.01037,0.60951
CVE-2008-3310,0.01019,0.60402
CVE-2008-3311,0.02349,0.82314
CVE-2008-3312,0.01903,0.77942
CVE-2008-3313,0.02249,0.81464
CVE-2008-3314,0.0758,0.94185
CVE-2008-3315,0.02028,0.79366
CVE-2008-3316,0.01223,0.66113
CVE-2008-3317,0.08019,0.94445
CVE-2008-3318,0.08103,0.94498
CVE-2008-3319,0.07771,0.94301
CVE-2008-3320,0.06512,0.93371
CVE-2008-3321,0.07771,0.94301
CVE-2008-3322,0.06596,0.93438
CVE-2008-3323,0.02649,0.84487
CVE-2008-3324,0.0136,0.69316
CVE-2008-3325,0.01058,0.61575
CVE-2008-3326,0.02389,0.8262
CVE-2008-3327,0.01089,0.62498
CVE-2008-3328,0.01335,0.68694
CVE-2008-3329,0.0121,0.6578
CVE-2008-3330,0.01291,0.6772
CVE-2008-3331,0.03796,0.89265
CVE-2008-3332,0.09454,0.95128
CVE-2008-3333,0.02255,0.81512
CVE-2008-3334,0.01033,0.60844
CVE-2008-3335,0.0266,0.84548
CVE-2008-3336,0.01223,0.66136
CVE-2008-3337,0.06115,0.92999
CVE-2008-3338,0.04762,0.91271
CVE-2008-3339,0.01202,0.6554
CVE-2008-3340,0.01065,0.61845
CVE-2008-3341,0.01096,0.62705
CVE-2008-3342,0.01272,0.67305
CVE-2008-3343,0.01137,0.63783
CVE-2008-3344,0.01065,0.61845
CVE-2008-3345,0.00942,0.57973
CVE-2008-3346,0.01197,0.65422
CVE-2008-3347,0.01151,0.64177
CVE-2008-3348,0.01272,0.67304
CVE-2008-3349,0.03417,0.88054
CVE-2008-3350,0.0169,0.75022
CVE-2008-3351,0.01019,0.60401
CVE-2008-3352,0.0101,0.60159
CVE-2008-3353,0.01033,0.60839
CVE-2008-3354,0.02544,0.83761
CVE-2008-3355,0.01042,0.6109
CVE-2008-3356,0.00374,0.30235
CVE-2008-3357,0.00413,0.34213
CVE-2008-3358,0.01528,0.72476
CVE-2008-3359,0.01049,0.61291
CVE-2008-3360,0.07807,0.94322
CVE-2008-3361,0.04298,0.90456
CVE-2008-3362,0.16848,0.96877
CVE-2008-3363,0.03327,0.87745
CVE-2008-3364,0.32811,0.9827
CVE-2008-3365,0.03796,0.89262
CVE-2008-3366,0.0101,0.60162
CVE-2008-3367,0.01272,0.67304
CVE-2008-3368,0.0265,0.8449
CVE-2008-3369,0.01773,0.76234
CVE-2008-3370,0.01175,0.6483
CVE-2008-3371,0.03538,0.88449
CVE-2008-3372,0.00997,0.59741
CVE-2008-3373,0.02602,0.84181
CVE-2008-3374,0.02339,0.82236
CVE-2008-3375,0.03559,0.88513
CVE-2008-3376,0.01495,0.71906
CVE-2008-3377,0.00967,0.5877
CVE-2008-3378,0.00997,0.59744
CVE-2008-3379,0.00845,0.54982
CVE-2008-3380,0.01736,0.75709
CVE-2008-3381,0.0209,0.80006
CVE-2008-3382,0.0101,0.6015
CVE-2008-3383,0.0101,0.60155
CVE-2008-3384,0.03158,0.87047
CVE-2008-3385,0.02029,0.79375
CVE-2008-3386,0.01003,0.59936
CVE-2008-3387,0.00967,0.58751
CVE-2008-3388,0.01012,0.60195
CVE-2008-3389,0.00444,0.36898
CVE-2008-3390,0.01929,0.7826
CVE-2008-3391,0.01524,0.72413
CVE-2008-3392,0.00595,0.45774
CVE-2008-3393,0.01096,0.62706
CVE-2008-3394,0.01065,0.61868
CVE-2008-3395,0.01332,0.68638
CVE-2008-3396,0.07712,0.94268
CVE-2008-3397,0.01065,0.6183
CVE-2008-3398,0.01866,0.77479
CVE-2008-3399,0.01911,0.78044
CVE-2008-3400,0.02253,0.81501
CVE-2008-3401,0.03117,0.8686
CVE-2008-3402,0.03117,0.8686
CVE-2008-3403,0.01151,0.64176
CVE-2008-3404,0.0173,0.75616
CVE-2008-3405,0.01988,0.78959
CVE-2008-3406,0.00967,0.58765
CVE-2008-3407,0.03053,0.86575
CVE-2008-3408,0.09665,0.95208
CVE-2008-3409,0.11015,0.95649
CVE-2008-3410,0.02644,0.84459
CVE-2008-3411,0.02565,0.83927
CVE-2008-3412,0.00967,0.58751
CVE-2008-3413,0.01196,0.65382
CVE-2008-3414,0.01196,0.65382
CVE-2008-3415,0.02936,0.86058
CVE-2008-3416,0.02353,0.82347
CVE-2008-3417,0.01042,0.61088
CVE-2008-3418,0.0101,0.60157
CVE-2008-3419,0.01042,0.61092
CVE-2008-3420,0.01003,0.59933
CVE-2008-3421,0.0053,0.425
CVE-2008-3422,0.01553,0.72911
CVE-2008-3423,0.01788,0.76411
CVE-2008-3424,0.02651,0.84495
CVE-2008-3425,0.02039,0.79463
CVE-2008-3426,0.00327,0.25105
CVE-2008-3428,0.01158,0.6437
CVE-2008-3429,0.03721,0.89012
CVE-2008-3430,0.05554,0.92339
CVE-2008-3431,0.06932,0.93707
CVE-2008-3432,0.0862,0.94769
CVE-2008-3433,0.0184,0.77114
CVE-2008-3434,0.02617,0.84275
CVE-2008-3435,0.0184,0.77114
CVE-2008-3436,0.0184,0.77115
CVE-2008-3437,0.01893,0.77823
CVE-2008-3438,0.00829,0.54523
CVE-2008-3439,0.0184,0.77114
CVE-2008-3440,0.02409,0.82771
CVE-2008-3441,0.02534,0.83697
CVE-2008-3442,0.03758,0.89131
CVE-2008-3443,0.15678,0.96661
CVE-2008-3444,0.0163,0.74107
CVE-2008-3445,0.01042,0.61088
CVE-2008-3446,0.01988,0.78958
CVE-2008-3447,0.07867,0.94361
CVE-2008-3448,0.01726,0.75567
CVE-2008-3449,0.02166,0.80734
CVE-2008-3450,0.00367,0.29419
CVE-2008-3451,0.01152,0.64206
CVE-2008-3452,0.00909,0.5691
CVE-2008-3453,0.01446,0.70994
CVE-2008-3454,0.02527,0.83653
CVE-2008-3455,0.03546,0.88475
CVE-2008-3456,0.02388,0.82611
CVE-2008-3457,0.01804,0.76629
CVE-2008-3458,0.02799,0.85368
CVE-2008-3459,0.02117,0.80253
CVE-2008-3460,0.32172,0.98235
CVE-2008-3464,0.04026,0.89878
CVE-2008-3465,0.13674,0.9627
CVE-2008-3466,0.77741,0.99546
CVE-2008-3471,0.52318,0.98908
CVE-2008-3472,0.3258,0.98257
CVE-2008-3473,0.31692,0.98209
CVE-2008-3474,0.2798,0.98011
CVE-2008-3475,0.39864,0.98563
CVE-2008-3476,0.31102,0.98178
CVE-2008-3477,0.35685,0.98388
CVE-2008-3479,0.44474,0.98709
CVE-2008-3480,0.11162,0.9569
CVE-2008-3481,0.02113,0.80228
CVE-2008-3482,0.01223,0.66112
CVE-2008-3483,0.01507,0.72143
CVE-2008-3484,0.00967,0.58752
CVE-2008-3485,0.00351,0.27736
CVE-2008-3486,0.06299,0.93179
CVE-2008-3487,0.00967,0.5875
CVE-2008-3488,0.01439,0.70855
CVE-2008-3489,0.0101,0.60154
CVE-2008-3490,0.00878,0.56033
CVE-2008-3491,0.02016,0.79253
CVE-2008-3492,0.01719,0.75455
CVE-2008-3493,0.05627,0.92434
CVE-2008-3494,0.02771,0.85209
CVE-2008-3495,0.00961,0.58514
CVE-2008-3496,0.03275,0.87542
CVE-2008-3497,0.00957,0.58392
CVE-2008-3498,0.02429,0.82941
CVE-2008-3499,0.01446,0.70991
CVE-2008-3500,0.01065,0.61866
CVE-2008-3501,0.01409,0.70304
CVE-2008-3502,0.01116,0.63225
CVE-2008-3503,0.01508,0.72153
CVE-2008-3504,0.01119,0.63316
CVE-2008-3505,0.01524,0.72399
CVE-2008-3506,0.0101,0.60151
CVE-2008-3507,0.00999,0.59817
CVE-2008-3508,0.02981,0.86261
CVE-2008-3509,0.03428,0.88088
CVE-2008-3510,0.01465,0.71384
CVE-2008-3511,0.01514,0.72259
CVE-2008-3512,0.00951,0.58227
CVE-2008-3513,0.0115,0.64128
CVE-2008-3514,0.01814,0.76769
CVE-2008-3515,0.01616,0.73883
CVE-2008-3516,0.01616,0.73883
CVE-2008-3519,0.01621,0.73959
CVE-2008-3520,0.03214,0.87285
CVE-2008-3521,0.00454,0.37626
CVE-2008-3522,0.04509,0.90848
CVE-2008-3524,0.00349,0.27608
CVE-2008-3525,0.0053,0.42506
CVE-2008-3526,0.03494,0.8831
CVE-2008-3527,0.00377,0.30517
CVE-2008-3528,0.00525,0.42233
CVE-2008-3529,0.23373,0.9766
CVE-2008-3530,0.04513,0.90854
CVE-2008-3531,0.01032,0.60794
CVE-2008-3532,0.0164,0.74269
CVE-2008-3533,0.19395,0.97217
CVE-2008-3534,0.00532,0.42602
CVE-2008-3535,0.00532,0.42602
CVE-2008-3536,0.04674,0.9113
CVE-2008-3537,0.04674,0.9113
CVE-2008-3538,0.03577,0.88568
CVE-2008-3539,0.00439,0.36487
CVE-2008-3542,0.03462,0.88203
CVE-2008-3543,0.0508,0.91764
CVE-2008-3544,0.18043,0.97048
CVE-2008-3545,0.02945,0.861
CVE-2008-3546,0.04302,0.90462
CVE-2008-3547,0.04734,0.91225
CVE-2008-3548,0.00335,0.26032
CVE-2008-3549,0.00328,0.25196
CVE-2008-3550,0.01198,0.65458
CVE-2008-3551,0.0591,0.92768
CVE-2008-3552,0.0586,0.92719
CVE-2008-3553,0.0586,0.9272
CVE-2008-3554,0.00999,0.59826
CVE-2008-3555,0.01929,0.7826
CVE-2008-3556,0.00967,0.5874
CVE-2008-3557,0.02527,0.83652
CVE-2008-3558,0.65391,0.99227
CVE-2008-3559,0.01489,0.71792
CVE-2008-3560,0.01441,0.70881
CVE-2008-3561,0.00913,0.57023
CVE-2008-3562,0.0192,0.78152
CVE-2008-3563,0.02429,0.82942
CVE-2008-3564,0.02462,0.83192
CVE-2008-3565,0.01492,0.71859
CVE-2008-3566,0.01465,0.71384
CVE-2008-3567,0.01875,0.77591
CVE-2008-3568,0.02902,0.85905
CVE-2008-3569,0.03037,0.86516
CVE-2008-3570,0.02427,0.82918
CVE-2008-3571,0.35733,0.98392
CVE-2008-3572,0.01102,0.62846
CVE-2008-3573,0.0195,0.78507
CVE-2008-3574,0.01513,0.72242
CVE-2008-3575,0.02274,0.81671
CVE-2008-3576,0.06272,0.93153
CVE-2008-3577,0.00446,0.37023
CVE-2008-3578,0.07134,0.93888
CVE-2008-3579,0.02076,0.79848
CVE-2008-3580,0.01196,0.65381
CVE-2008-3581,0.01571,0.73183
CVE-2008-3582,0.00928,0.57448
CVE-2008-3583,0.04649,0.9108
CVE-2008-3584,0.03314,0.87701
CVE-2008-3585,0.00967,0.58767
CVE-2008-3586,0.00999,0.59816
CVE-2008-3587,0.01458,0.71237
CVE-2008-3588,0.00999,0.5982
CVE-2008-3589,0.02358,0.82385
CVE-2008-3590,0.00893,0.56423
CVE-2008-3591,0.02082,0.79919
CVE-2008-3592,0.06807,0.93605
CVE-2008-3593,0.02423,0.82887
CVE-2008-3594,0.00997,0.59741
CVE-2008-3595,0.02784,0.85288
CVE-2008-3596,0.01073,0.62087
CVE-2008-3597,0.0284,0.85587
CVE-2008-3598,0.01145,0.63959
CVE-2008-3599,0.01042,0.61091
CVE-2008-3600,0.0255,0.83824
CVE-2008-3601,0.01042,0.6109
CVE-2008-3602,0.02501,0.83444
CVE-2008-3603,0.00967,0.58767
CVE-2008-3604,0.02754,0.8511
CVE-2008-3605,0.01379,0.69722
CVE-2008-3606,0.04452,0.90753
CVE-2008-3607,0.02669,0.84614
CVE-2008-3608,0.03404,0.88015
CVE-2008-3609,0.0036,0.2877
CVE-2008-3610,0.02037,0.79442
CVE-2008-3611,0.00356,0.28324
CVE-2008-3612,0.03519,0.8839
CVE-2008-3613,0.01132,0.63631
CVE-2008-3614,0.04064,0.89967
CVE-2008-3615,0.03987,0.89786
CVE-2008-3616,0.03506,0.88355
CVE-2008-3617,0.01496,0.71929
CVE-2008-3618,0.01711,0.75339
CVE-2008-3619,0.00374,0.30176
CVE-2008-3621,0.05801,0.92641
CVE-2008-3622,0.02299,0.81887
CVE-2008-3623,0.08368,0.94641
CVE-2008-3624,0.03012,0.86409
CVE-2008-3625,0.06645,0.93474
CVE-2008-3626,0.04541,0.909
CVE-2008-3627,0.08618,0.94766
CVE-2008-3628,0.03987,0.89786
CVE-2008-3629,0.01769,0.7618
CVE-2008-3630,0.01578,0.73289
CVE-2008-3631,0.01905,0.77962
CVE-2008-3632,0.05951,0.92813
CVE-2008-3634,0.01643,0.7432
CVE-2008-3635,0.06149,0.93033
CVE-2008-3636,0.00424,0.35191
CVE-2008-3637,0.05732,0.92559
CVE-2008-3638,0.0321,0.87264
CVE-2008-3639,0.04403,0.90654
CVE-2008-3640,0.04647,0.91076
CVE-2008-3641,0.24132,0.97727
CVE-2008-3642,0.05531,0.92309
CVE-2008-3643,0.01569,0.73143
CVE-2008-3644,0.00324,0.24826
CVE-2008-3645,0.00446,0.37022
CVE-2008-3646,0.0108,0.62252
CVE-2008-3647,0.04756,0.91261
CVE-2008-3648,0.21968,0.97538
CVE-2008-3649,0.01123,0.63413
CVE-2008-3650,0.0102,0.60429
CVE-2008-3651,0.02316,0.82043
CVE-2008-3652,0.03435,0.88111
CVE-2008-3653,0.01647,0.74364
CVE-2008-3654,0.01037,0.60958
CVE-2008-3655,0.14085,0.96352
CVE-2008-3656,0.70202,0.99349
CVE-2008-3657,0.13666,0.96267
CVE-2008-3658,0.06847,0.93636
CVE-2008-3659,0.06025,0.92893
CVE-2008-3660,0.03346,0.87816
CVE-2008-3661,0.02502,0.83457
CVE-2008-3662,0.01843,0.77156
CVE-2008-3663,0.02159,0.80656
CVE-2008-3664,0.01489,0.71793
CVE-2008-3666,0.01726,0.75572
CVE-2008-3667,0.06867,0.93649
CVE-2008-3668,0.01535,0.72605
CVE-2008-3669,0.01151,0.64179
CVE-2008-3670,0.01082,0.62301
CVE-2008-3671,0.01557,0.72973
CVE-2008-3672,0.00905,0.56798
CVE-2008-3673,0.01151,0.6418
CVE-2008-3674,0.01151,0.64169
CVE-2008-3675,0.0292,0.85989
CVE-2008-3676,0.02755,0.85119
CVE-2008-3677,0.01236,0.66435
CVE-2008-3678,0.01033,0.60823
CVE-2008-3679,0.01472,0.7149
CVE-2008-3680,0.09812,0.95266
CVE-2008-3681,0.09399,0.95108
CVE-2008-3682,0.01899,0.77893
CVE-2008-3683,0.02484,0.83335
CVE-2008-3684,0.05618,0.92426
CVE-2008-3685,0.12871,0.96076
CVE-2008-3686,0.00474,0.38942
CVE-2008-3687,0.02938,0.8607
CVE-2008-3688,0.03001,0.86358
CVE-2008-3691,0.03912,0.89577
CVE-2008-3692,0.0356,0.88519
CVE-2008-3693,0.0356,0.88519
CVE-2008-3694,0.0356,0.88518
CVE-2008-3695,0.0356,0.88519
CVE-2008-3696,0.03564,0.8853
CVE-2008-3697,0.03041,0.86528
CVE-2008-3698,0.00457,0.37781
CVE-2008-3699,0.00353,0.28034
CVE-2008-3700,0.04103,0.90054
CVE-2008-3701,0.01925,0.78216
CVE-2008-3702,0.09734,0.95238
CVE-2008-3703,0.12246,0.95943
CVE-2008-3704,0.55917,0.98997
CVE-2008-3705,0.02744,0.85051
CVE-2008-3706,0.01043,0.61129
CVE-2008-3707,0.01394,0.70008
CVE-2008-3708,0.0464,0.91065
CVE-2008-3709,0.01033,0.60823
CVE-2008-3710,0.01287,0.67636
CVE-2008-3711,0.01042,0.61092
CVE-2008-3712,0.01877,0.77611
CVE-2008-3713,0.01042,0.61092
CVE-2008-3714,0.05597,0.92402
CVE-2008-3715,0.0156,0.73018
CVE-2008-3716,0.00559,0.44033
CVE-2008-3717,0.01256,0.66917
CVE-2008-3718,0.00895,0.56516
CVE-2008-3719,0.01003,0.59934
CVE-2008-3720,0.0101,0.60146
CVE-2008-3721,0.02453,0.83131
CVE-2008-3722,0.00961,0.58514
CVE-2008-3723,0.03928,0.89627
CVE-2008-3724,0.01258,0.66962
CVE-2008-3725,0.01024,0.60575
CVE-2008-3726,0.01272,0.67304
CVE-2008-3727,0.02848,0.85635
CVE-2008-3728,0.01568,0.73133
CVE-2008-3729,0.01707,0.75279
CVE-2008-3730,0.01065,0.6187
CVE-2008-3731,0.02107,0.80165
CVE-2008-3732,0.13434,0.96211
CVE-2008-3733,0.06028,0.92897
CVE-2008-3734,0.13947,0.96328
CVE-2008-3735,0.01068,0.61959
CVE-2008-3736,0.00559,0.44033
CVE-2008-3737,0.0266,0.84548
CVE-2008-3738,0.0133,0.68569
CVE-2008-3739,0.01528,0.72477
CVE-2008-3740,0.01553,0.72911
CVE-2008-3741,0.0121,0.65788
CVE-2008-3742,0.02544,0.83764
CVE-2008-3743,0.00837,0.54757
CVE-2008-3744,0.00879,0.56057
CVE-2008-3745,0.01395,0.70022
CVE-2008-3746,0.02266,0.81602
CVE-2008-3747,0.0255,0.83824
CVE-2008-3748,0.01012,0.60196
CVE-2008-3749,0.01189,0.65213
CVE-2008-3750,0.01018,0.60375
CVE-2008-3751,0.0134,0.68835
CVE-2008-3752,0.00987,0.59419
CVE-2008-3753,0.01168,0.64633
CVE-2008-3754,0.0095,0.58219
CVE-2008-3755,0.01145,0.63958
CVE-2008-3756,0.01145,0.63958
CVE-2008-3757,0.0134,0.68836
CVE-2008-3758,0.02185,0.80894
CVE-2008-3759,0.00631,0.47461
CVE-2008-3760,0.00726,0.51145
CVE-2008-3761,0.00995,0.59673
CVE-2008-3762,0.01189,0.65217
CVE-2008-3763,0.02581,0.84041
CVE-2008-3764,0.03326,0.87743
CVE-2008-3765,0.00997,0.59741
CVE-2008-3766,0.01397,0.70064
CVE-2008-3767,0.00997,0.59751
CVE-2008-3768,0.01573,0.73208
CVE-2008-3769,0.01219,0.66008
CVE-2008-3770,0.02387,0.82605
CVE-2008-3771,0.01445,0.70964
CVE-2008-3772,0.00967,0.5876
CVE-2008-3773,0.03765,0.89157
CVE-2008-3774,0.00987,0.59418
CVE-2008-3775,0.00166,0.06088
CVE-2008-3776,0.02685,0.84706
CVE-2008-3777,0.00297,0.21779
CVE-2008-3778,0.01345,0.68949
CVE-2008-3779,0.01499,0.71991
CVE-2008-3780,0.01003,0.59945
CVE-2008-3781,0.01065,0.61863
CVE-2008-3782,0.00842,0.54879
CVE-2008-3783,0.00942,0.57973
CVE-2008-3784,0.01646,0.74359
CVE-2008-3785,0.01054,0.61484
CVE-2008-3786,0.01462,0.71307
CVE-2008-3787,0.01152,0.64208
CVE-2008-3788,0.01076,0.62156
CVE-2008-3789,0.00528,0.42409
CVE-2008-3790,0.15197,0.96557
CVE-2008-3791,0.00337,0.262
CVE-2008-3792,0.02668,0.84606
CVE-2008-3794,0.11035,0.95653
CVE-2008-3795,0.15071,0.96537
CVE-2008-3796,0.02234,0.81336
CVE-2008-3798,0.03165,0.87085
CVE-2008-3799,0.03138,0.86961
CVE-2008-3800,0.0351,0.88368
CVE-2008-3801,0.03219,0.87309
CVE-2008-3802,0.0254,0.83733
CVE-2008-3803,0.02647,0.84474
CVE-2008-3804,0.03529,0.88417
CVE-2008-3805,0.03299,0.8765
CVE-2008-3806,0.03142,0.86974
CVE-2008-3807,0.03504,0.88349
CVE-2008-3808,0.03406,0.88025
CVE-2008-3809,0.02757,0.85131
CVE-2008-3810,0.01916,0.78097
CVE-2008-3811,0.01978,0.78829
CVE-2008-3812,0.02781,0.85274
CVE-2008-3813,0.03138,0.86961
CVE-2008-3814,0.01703,0.75224
CVE-2008-3815,0.01547,0.72789
CVE-2008-3816,0.02945,0.86105
CVE-2008-3817,0.01978,0.7883
CVE-2008-3818,0.01953,0.78545
CVE-2008-3819,0.01397,0.70063
CVE-2008-3820,0.01379,0.69722
CVE-2008-3821,0.05449,0.9222
CVE-2008-3823,0.03291,0.87615
CVE-2008-3824,0.05152,0.91861
CVE-2008-3825,0.00353,0.27994
CVE-2008-3826,0.00386,0.31487
CVE-2008-3827,0.10939,0.95627
CVE-2008-3828,0.00529,0.42455
CVE-2008-3829,0.01896,0.77853
CVE-2008-3830,0.00388,0.31695
CVE-2008-3831,0.00511,0.41317
CVE-2008-3832,0.00782,0.52985
CVE-2008-3833,0.00419,0.34741
CVE-2008-3834,0.04585,0.90973
CVE-2008-3835,0.02143,0.80506
CVE-2008-3836,0.02531,0.83679
CVE-2008-3837,0.03268,0.87517
CVE-2008-3838,0.00351,0.27735
CVE-2008-3839,0.00328,0.25196
CVE-2008-3840,0.01182,0.65054
CVE-2008-3841,0.01656,0.74504
CVE-2008-3842,0.20421,0.97354
CVE-2008-3843,0.21991,0.97542
CVE-2008-3844,0.02662,0.84563
CVE-2008-3845,0.01773,0.76234
CVE-2008-3846,0.01065,0.61858
CVE-2008-3847,0.01033,0.60826
CVE-2008-3848,0.00999,0.59812
CVE-2008-3849,0.01065,0.61857
CVE-2008-3850,0.01462,0.71307
CVE-2008-3851,0.07936,0.94402
CVE-2008-3852,0.0343,0.88097
CVE-2008-3853,0.05767,0.92601
CVE-2008-3854,0.03684,0.88907
CVE-2008-3855,0.00362,0.29011
CVE-2008-3856,0.02397,0.8268
CVE-2008-3857,0.00347,0.27411
CVE-2008-3858,0.01855,0.77325
CVE-2008-3859,0.02615,0.84263
CVE-2008-3860,0.01263,0.67083
CVE-2008-3861,0.00997,0.59743
CVE-2008-3862,0.18406,0.97094
CVE-2008-3863,0.08358,0.94637
CVE-2008-3864,0.02079,0.79879
CVE-2008-3865,0.0643,0.93291
CVE-2008-3866,0.00401,0.33072
CVE-2008-3867,0.01221,0.66062
CVE-2008-3868,0.00599,0.45966
CVE-2008-3869,0.07581,0.94187
CVE-2008-3870,0.078,0.94319
CVE-2008-3871,0.02531,0.83675
CVE-2008-3872,0.04844,0.91393
CVE-2008-3873,0.15749,0.96676
CVE-2008-3874,0.01053,0.6145
CVE-2008-3875,0.00371,0.29867
CVE-2008-3876,0.00457,0.37813
CVE-2008-3877,0.09945,0.95311
CVE-2008-3878,0.36228,0.9841
CVE-2008-3879,0.03685,0.8891
CVE-2008-3880,0.0108,0.62257
CVE-2008-3881,0.01056,0.61527
CVE-2008-3882,0.03481,0.88268
CVE-2008-3883,0.00357,0.28439
CVE-2008-3884,0.01065,0.61851
CVE-2008-3885,0.00581,0.45099
CVE-2008-3886,0.01073,0.62085
CVE-2008-3887,0.00931,0.57593
CVE-2008-3888,0.00893,0.56423
CVE-2008-3889,0.00701,0.50273
CVE-2008-3890,0.00314,0.23637
CVE-2008-3891,0.00514,0.41514
CVE-2008-3892,0.24363,0.97748
CVE-2008-3893,0.01499,0.71995
CVE-2008-3894,0.00316,0.23912
CVE-2008-3895,0.00413,0.34177
CVE-2008-3896,0.00333,0.25848
CVE-2008-3897,0.00316,0.23912
CVE-2008-3898,0.00346,0.27292
CVE-2008-3899,0.00316,0.23912
CVE-2008-3900,0.00364,0.2914
CVE-2008-3901,0.00359,0.28712
CVE-2008-3902,0.00419,0.34774
CVE-2008-3903,0.01852,0.77281
CVE-2008-3904,0.01693,0.75071
CVE-2008-3905,0.02415,0.82827
CVE-2008-3906,0.07102,0.93856
CVE-2008-3907,0.01823,0.76905
CVE-2008-3908,0.04429,0.907
CVE-2008-3909,0.00931,0.5758
CVE-2008-3910,0.02433,0.82967
CVE-2008-3911,0.00441,0.36629
CVE-2008-3912,0.03102,0.86793
CVE-2008-3913,0.03061,0.86611
CVE-2008-3914,0.03582,0.88581
CVE-2008-3915,0.04353,0.90563
CVE-2008-3916,0.03595,0.88625
CVE-2008-3917,0.01507,0.72141
CVE-2008-3918,0.00913,0.5703
CVE-2008-3919,0.03909,0.89568
CVE-2008-3920,0.02109,0.80187
CVE-2008-3921,0.01263,0.67084
CVE-2008-3922,0.53202,0.98931
CVE-2008-3923,0.01571,0.73183
CVE-2008-3924,0.02253,0.815
CVE-2008-3925,0.01111,0.63092
CVE-2008-3926,0.02302,0.81912
CVE-2008-3927,0.00357,0.28439
CVE-2008-3928,0.0035,0.27658
CVE-2008-3929,0.00392,0.32145
CVE-2008-3930,0.00318,0.24119
CVE-2008-3931,0.00352,0.27924
CVE-2008-3932,0.01696,0.75114
CVE-2008-3933,0.00623,0.47093
CVE-2008-3934,0.00623,0.47093
CVE-2008-3935,0.00957,0.58402
CVE-2008-3936,0.02423,0.82886
CVE-2008-3937,0.01358,0.6926
CVE-2008-3938,0.00456,0.37737
CVE-2008-3939,0.01695,0.75096
CVE-2008-3940,0.00379,0.30721
CVE-2008-3941,0.01458,0.71238
CVE-2008-3942,0.00967,0.5876
CVE-2008-3943,0.0101,0.60144
CVE-2008-3944,0.00967,0.5876
CVE-2008-3945,0.00999,0.59808
CVE-2008-3946,0.00562,0.44162
CVE-2008-3947,0.00443,0.36804
CVE-2008-3948,0.01132,0.63637
CVE-2008-3949,0.00528,0.42375
CVE-2008-3950,0.07084,0.93836
CVE-2008-3951,0.01051,0.6138
CVE-2008-3952,0.0101,0.60144
CVE-2008-3953,0.0101,0.60144
CVE-2008-3954,0.01179,0.64955
CVE-2008-3955,0.01145,0.63959
CVE-2008-3956,0.13446,0.96214
CVE-2008-3957,0.17761,0.97009
CVE-2008-3958,0.01609,0.73753
CVE-2008-3959,0.02194,0.80987
CVE-2008-3960,0.01747,0.75868
CVE-2008-3961,0.05244,0.9199
CVE-2008-3962,0.01985,0.78906
CVE-2008-3963,0.06465,0.93331
CVE-2008-3964,0.03343,0.87803
CVE-2008-3965,0.01258,0.6696
CVE-2008-3966,0.0127,0.67257
CVE-2008-3967,0.01377,0.69699
CVE-2008-3968,0.01223,0.66136
CVE-2008-3969,0.02407,0.8275
CVE-2008-3970,0.0032,0.2431
CVE-2008-3971,0.0569,0.92504
CVE-2008-3972,0.00369,0.29632
CVE-2008-3973,0.00327,0.25086
CVE-2008-3974,0.0135,0.69064
CVE-2008-3975,0.01551,0.72875
CVE-2008-3976,0.01761,0.76064
CVE-2008-3977,0.01551,0.72875
CVE-2008-3978,0.01168,0.64659
CVE-2008-3979,0.32434,0.9825
CVE-2008-3980,0.00902,0.56704
CVE-2008-3981,0.01977,0.78818
CVE-2008-3982,0.1143,0.95753
CVE-2008-3983,0.4181,0.9863
CVE-2008-3984,0.4181,0.9863
CVE-2008-3985,0.01307,0.68058
CVE-2008-3986,0.00274,0.19317
CVE-2008-3987,0.00274,0.19317
CVE-2008-3988,0.01307,0.68057
CVE-2008-3989,0.01167,0.64624
CVE-2008-3990,0.01176,0.64867
CVE-2008-3991,0.01446,0.70983
CVE-2008-3992,0.00987,0.59414
CVE-2008-3993,0.00902,0.56704
CVE-2008-3994,0.01018,0.6037
CVE-2008-3995,0.0954,0.95165
CVE-2008-3996,0.09524,0.95157
CVE-2008-3997,0.01176,0.64867
CVE-2008-3998,0.00902,0.56704
CVE-2008-3999,0.0199,0.78979
CVE-2008-4000,0.02233,0.81318
CVE-2008-4001,0.00902,0.56703
CVE-2008-4002,0.00902,0.56703
CVE-2008-4003,0.01149,0.64105
CVE-2008-4004,0.00305,0.22677
CVE-2008-4005,0.01039,0.61012
CVE-2008-4006,0.03433,0.88105
CVE-2008-4007,0.01748,0.75884
CVE-2008-4008,0.56268,0.99004
CVE-2008-4009,0.01427,0.70635
CVE-2008-4010,0.01434,0.70767
CVE-2008-4011,0.0087,0.55771
CVE-2008-4012,0.01427,0.70635
CVE-2008-4013,0.01212,0.65841
CVE-2008-4014,0.01018,0.60371
CVE-2008-4015,0.01723,0.75544
CVE-2008-4016,0.01533,0.72579
CVE-2008-4017,0.01307,0.68058
CVE-2008-4018,0.00391,0.32
CVE-2008-4019,0.34415,0.98335
CVE-2008-4020,0.24389,0.97751
CVE-2008-4023,0.3917,0.98534
CVE-2008-4024,0.28876,0.98062
CVE-2008-4025,0.32943,0.98277
CVE-2008-4026,0.2339,0.97662
CVE-2008-4027,0.33906,0.98316
CVE-2008-4028,0.38057,0.98492
CVE-2008-4029,0.26737,0.97927
CVE-2008-4030,0.2339,0.97662
CVE-2008-4031,0.2339,0.97662
CVE-2008-4032,0.4791,0.98803
CVE-2008-4033,0.27747,0.97994
CVE-2008-4036,0.01533,0.72576
CVE-2008-4037,0.59136,0.99069
CVE-2008-4038,0.3917,0.98534
CVE-2008-4039,0.01042,0.61085
CVE-2008-4040,0.0183,0.76986
CVE-2008-4041,0.02348,0.82306
CVE-2008-4043,0.00967,0.58725
CVE-2008-4044,0.00997,0.59751
CVE-2008-4045,0.01033,0.60838
CVE-2008-4046,0.00973,0.58991
CVE-2008-4047,0.01712,0.75369
CVE-2008-4048,0.06898,0.93676
CVE-2008-4049,0.04227,0.90323
CVE-2008-4050,0.06749,0.93568
CVE-2008-4051,0.01452,0.71095
CVE-2008-4052,0.0048,0.39344
CVE-2008-4053,0.01452,0.71098
CVE-2008-4054,0.01188,0.65192
CVE-2008-4055,0.00907,0.56873
CVE-2008-4056,0.01452,0.71098
CVE-2008-4057,0.01495,0.71907
CVE-2008-4058,0.05077,0.91759
CVE-2008-4059,0.04996,0.91662
CVE-2008-4060,0.04802,0.91331
CVE-2008-4061,0.04988,0.91651
CVE-2008-4062,0.04988,0.91651
CVE-2008-4063,0.03959,0.89713
CVE-2008-4064,0.04872,0.91439
CVE-2008-4065,0.0411,0.9007
CVE-2008-4066,0.01761,0.7607
CVE-2008-4067,0.04438,0.90727
CVE-2008-4068,0.04166,0.90188
CVE-2008-4069,0.01662,0.74601
CVE-2008-4070,0.07351,0.9404
CVE-2008-4071,0.12213,0.95935
CVE-2008-4072,0.01364,0.69386
CVE-2008-4073,0.01046,0.61216
CVE-2008-4074,0.01027,0.60647
CVE-2008-4075,0.01904,0.77947
CVE-2008-4076,0.01065,0.61844
CVE-2008-4077,0.02831,0.8554
CVE-2008-4078,0.01624,0.73998
CVE-2008-4079,0.0105,0.61325
CVE-2008-4080,0.03108,0.86818
CVE-2008-4081,0.02561,0.83903
CVE-2008-4082,0.00839,0.54816
CVE-2008-4083,0.01335,0.68691
CVE-2008-4084,0.00979,0.59178
CVE-2008-4085,0.00312,0.23479
CVE-2008-4086,0.01145,0.63957
CVE-2008-4087,0.03316,0.87705
CVE-2008-4088,0.0119,0.65245
CVE-2008-4089,0.01524,0.724
CVE-2008-4090,0.00997,0.59751
CVE-2008-4091,0.00949,0.58177
CVE-2008-4092,0.0119,0.65245
CVE-2008-4093,0.00909,0.56911
CVE-2008-4094,0.0303,0.86486
CVE-2008-4095,0.01769,0.76168
CVE-2008-4096,0.11175,0.95693
CVE-2008-4097,0.01851,0.77271
CVE-2008-4098,0.01624,0.74005
CVE-2008-4099,0.0228,0.81716
CVE-2008-4100,0.01492,0.71864
CVE-2008-4101,0.09207,0.95036
CVE-2008-4102,0.02377,0.82522
CVE-2008-4103,0.01489,0.71803
CVE-2008-4104,0.0137,0.69522
CVE-2008-4105,0.017,0.75174
CVE-2008-4106,0.05481,0.92251
CVE-2008-4107,0.03013,0.86414
CVE-2008-4108,0.00379,0.30717
CVE-2008-4109,0.28601,0.98046
CVE-2008-4110,0.18415,0.97095
CVE-2008-4111,0.02258,0.81542
CVE-2008-4113,0.00833,0.5465
CVE-2008-4114,0.49275,0.98833
CVE-2008-4115,0.02587,0.84075
CVE-2008-4116,0.11621,0.95794
CVE-2008-4117,0.01916,0.78097
CVE-2008-4118,0.01065,0.61844
CVE-2008-4119,0.01871,0.77547
CVE-2008-4120,0.01758,0.76026
CVE-2008-4121,0.01344,0.68935
CVE-2008-4122,0.01257,0.66925
CVE-2008-4125,0.01631,0.7411
CVE-2008-4126,0.02194,0.8099
CVE-2008-4127,0.16352,0.96792
CVE-2008-4128,0.3368,0.98307
CVE-2008-4129,0.01774,0.76247
CVE-2008-4130,0.01553,0.72912
CVE-2008-4131,0.00773,0.52683
CVE-2008-4132,0.04093,0.90029
CVE-2008-4133,0.04246,0.90362
CVE-2008-4134,0.07656,0.94236
CVE-2008-4135,0.04422,0.90687
CVE-2008-4136,0.03222,0.87326
CVE-2008-4137,0.02499,0.83435
CVE-2008-4138,0.10304,0.95427
CVE-2008-4139,0.01516,0.723
CVE-2008-4140,0.01465,0.71383
CVE-2008-4141,0.03009,0.86392
CVE-2008-4142,0.01182,0.65044
CVE-2008-4143,0.01125,0.63462
CVE-2008-4144,0.0101,0.60143
CVE-2008-4145,0.00939,0.57858
CVE-2008-4146,0.02195,0.80995
CVE-2008-4147,0.01065,0.61861
CVE-2008-4148,0.01096,0.62703
CVE-2008-4149,0.01223,0.66111
CVE-2008-4150,0.0101,0.60143
CVE-2008-4151,0.0292,0.85988
CVE-2008-4152,0.00868,0.55707
CVE-2008-4153,0.01256,0.66914
CVE-2008-4154,0.00997,0.59745
CVE-2008-4155,0.02997,0.86335
CVE-2008-4156,0.00937,0.57784
CVE-2008-4157,0.05648,0.9246
CVE-2008-4158,0.01979,0.78837
CVE-2008-4159,0.0101,0.6016
CVE-2008-4160,0.00351,0.27749
CVE-2008-4161,0.01978,0.78826
CVE-2008-4162,0.0106,0.61634
CVE-2008-4163,0.04651,0.91082
CVE-2008-4164,0.02237,0.81365
CVE-2008-4165,0.00973,0.59026
CVE-2008-4166,0.02184,0.80882
CVE-2008-4167,0.02606,0.84213
CVE-2008-4168,0.01065,0.61855
CVE-2008-4169,0.01042,0.61095
CVE-2008-4170,0.01624,0.74006
CVE-2008-4171,0.01063,0.6177
CVE-2008-4172,0.00967,0.58753
CVE-2008-4173,0.00997,0.59744
CVE-2008-4174,0.01446,0.70986
CVE-2008-4175,0.0106,0.61627
CVE-2008-4176,0.00967,0.58759
CVE-2008-4177,0.00967,0.58725
CVE-2008-4178,0.03382,0.87939
CVE-2008-4179,0.01535,0.72605
CVE-2008-4180,0.01213,0.65859
CVE-2008-4181,0.02807,0.85408
CVE-2008-4182,0.01304,0.68008
CVE-2008-4183,0.03233,0.87364
CVE-2008-4184,0.01022,0.60485
CVE-2008-4185,0.01151,0.64171
CVE-2008-4186,0.00905,0.56799
CVE-2008-4187,0.02346,0.8229
CVE-2008-4188,0.04063,0.89964
CVE-2008-4190,0.01115,0.63186
CVE-2008-4191,0.00407,0.33642
CVE-2008-4192,0.00711,0.506
CVE-2008-4193,0.74612,0.99471
CVE-2008-4194,0.0693,0.93705
CVE-2008-4195,0.01961,0.78642
CVE-2008-4196,0.01735,0.75701
CVE-2008-4197,0.06335,0.93211
CVE-2008-4198,0.02842,0.856
CVE-2008-4199,0.02863,0.85698
CVE-2008-4200,0.03183,0.87157
CVE-2008-4201,0.06652,0.93479
CVE-2008-4202,0.01042,0.61093
CVE-2008-4203,0.02007,0.7916
CVE-2008-4204,0.00967,0.58752
CVE-2008-4205,0.01182,0.65045
CVE-2008-4206,0.03009,0.86391
CVE-2008-4207,0.03121,0.86886
CVE-2008-4208,0.01495,0.71906
CVE-2008-4210,0.02141,0.80479
CVE-2008-4211,0.06569,0.93418
CVE-2008-4212,0.02591,0.84113
CVE-2008-4214,0.00318,0.24109
CVE-2008-4215,0.01424,0.70578
CVE-2008-4216,0.08634,0.94775
CVE-2008-4217,0.05361,0.9212
CVE-2008-4218,0.00343,0.26917
CVE-2008-4219,0.00345,0.27117
CVE-2008-4220,0.03506,0.88355
CVE-2008-4221,0.03435,0.8811
CVE-2008-4222,0.04067,0.89972
CVE-2008-4223,0.05303,0.92053
CVE-2008-4224,0.0212,0.80281
CVE-2008-4225,0.03207,0.87254
CVE-2008-4226,0.04051,0.89938
CVE-2008-4227,0.01636,0.74216
CVE-2008-4228,0.00355,0.28234
CVE-2008-4229,0.00244,0.1545
CVE-2008-4230,0.00354,0.28203
CVE-2008-4231,0.0585,0.92699
CVE-2008-4232,0.0216,0.80664
CVE-2008-4233,0.02154,0.80606
CVE-2008-4234,0.04551,0.9092
CVE-2008-4236,0.01894,0.77836
CVE-2008-4237,0.02111,0.80209
CVE-2008-4241,0.01042,0.61097
CVE-2008-4242,0.07066,0.93822
CVE-2008-4243,0.03699,0.88952
CVE-2008-4244,0.02858,0.8568
CVE-2008-4245,0.01931,0.78292
CVE-2008-4246,0.01196,0.65398
CVE-2008-4247,0.04045,0.89919
CVE-2008-4250,0.98751,0.99924
CVE-2008-4252,0.20976,0.97437
CVE-2008-4253,0.20976,0.97437
CVE-2008-4254,0.2206,0.97547
CVE-2008-4255,0.53703,0.98945
CVE-2008-4256,0.20976,0.97437
CVE-2008-4258,0.17841,0.97019
CVE-2008-4259,0.32661,0.9826
CVE-2008-4260,0.19384,0.97216
CVE-2008-4261,0.29709,0.98106
CVE-2008-4264,0.25541,0.9785
CVE-2008-4265,0.2465,0.97771
CVE-2008-4266,0.27585,0.97983
CVE-2008-4268,0.20682,0.97396
CVE-2008-4269,0.20516,0.97376
CVE-2008-4278,0.00367,0.2942
CVE-2008-4279,0.00393,0.32231
CVE-2008-4281,0.0187,0.7753
CVE-2008-4283,0.03302,0.87659
CVE-2008-4284,0.01865,0.77476
CVE-2008-4285,0.01157,0.64331
CVE-2008-4292,0.01916,0.78102
CVE-2008-4293,0.04549,0.90916
CVE-2008-4294,0.00395,0.32462
CVE-2008-4295,0.30135,0.98129
CVE-2008-4296,0.02146,0.80528
CVE-2008-4297,0.02695,0.84768
CVE-2008-4298,0.03526,0.88411
CVE-2008-4299,0.15858,0.96698
CVE-2008-4300,0.13555,0.96239
CVE-2008-4301,0.17057,0.96908
CVE-2008-4302,0.00616,0.46745
CVE-2008-4303,0.01182,0.65048
CVE-2008-4304,0.03007,0.86385
CVE-2008-4305,0.03065,0.86631
CVE-2008-4306,0.02436,0.82983
CVE-2008-4307,0.00284,0.20438
CVE-2008-4308,0.03914,0.89583
CVE-2008-4309,0.04966,0.9161
CVE-2008-4310,0.13553,0.96239
CVE-2008-4311,0.00409,0.33836
CVE-2008-4313,0.0141,0.70319
CVE-2008-4314,0.04295,0.9045
CVE-2008-4315,0.027,0.84802
CVE-2008-4316,0.00494,0.40284
CVE-2008-4318,0.14149,0.96364
CVE-2008-4319,0.02304,0.81934
CVE-2008-4320,0.01865,0.77475
CVE-2008-4321,0.05784,0.92615
CVE-2008-4322,0.6507,0.9922
CVE-2008-4323,0.08592,0.9475
CVE-2008-4324,0.08919,0.94924
CVE-2008-4325,0.01447,0.71013
CVE-2008-4326,0.01865,0.77468
CVE-2008-4327,0.15719,0.96668
CVE-2008-4328,0.00997,0.59742
CVE-2008-4329,0.03502,0.88342
CVE-2008-4330,0.02286,0.81771
CVE-2008-4331,0.02286,0.81773
CVE-2008-4332,0.0199,0.78975
CVE-2008-4333,0.01445,0.7097
CVE-2008-4334,0.02333,0.82173
CVE-2008-4335,0.01051,0.61347
CVE-2008-4336,0.01445,0.7097
CVE-2008-4337,0.01022,0.60485
CVE-2008-4338,0.01094,0.6265
CVE-2008-4339,0.0205,0.7959
CVE-2008-4340,0.04206,0.90276
CVE-2008-4341,0.02501,0.83445
CVE-2008-4342,0.17203,0.96929
CVE-2008-4343,0.08681,0.94802
CVE-2008-4344,0.00967,0.58769
CVE-2008-4345,0.00997,0.59745
CVE-2008-4346,0.02843,0.85606
CVE-2008-4347,0.00999,0.59823
CVE-2008-4348,0.01139,0.6382
CVE-2008-4349,0.01452,0.71097
CVE-2008-4350,0.01145,0.63956
CVE-2008-4351,0.02286,0.81771
CVE-2008-4352,0.00967,0.5876
CVE-2008-4353,0.00928,0.57471
CVE-2008-4354,0.00997,0.59744
CVE-2008-4355,0.01042,0.61089
CVE-2008-4356,0.00967,0.58747
CVE-2008-4357,0.00999,0.59814
CVE-2008-4358,0.01914,0.78076
CVE-2008-4359,0.04345,0.90546
CVE-2008-4360,0.04345,0.90547
CVE-2008-4361,0.02997,0.86335
CVE-2008-4362,0.00818,0.54172
CVE-2008-4363,0.01184,0.65096
CVE-2008-4364,0.01145,0.63956
CVE-2008-4365,0.00845,0.54991
CVE-2008-4366,0.03055,0.86591
CVE-2008-4368,0.01386,0.69847
CVE-2008-4369,0.00967,0.5875
CVE-2008-4370,0.01445,0.70969
CVE-2008-4371,0.00997,0.59742
CVE-2008-4372,0.0149,0.71824
CVE-2008-4373,0.00967,0.58756
CVE-2008-4374,0.01003,0.59939
CVE-2008-4375,0.00967,0.58748
CVE-2008-4376,0.00967,0.58748
CVE-2008-4377,0.01145,0.63956
CVE-2008-4378,0.00997,0.59741
CVE-2008-4379,0.01507,0.72132
CVE-2008-4380,0.03732,0.89053
CVE-2008-4381,0.18395,0.97093
CVE-2008-4382,0.01105,0.62945
CVE-2008-4383,0.08209,0.94563
CVE-2008-4384,0.28706,0.98049
CVE-2008-4385,0.37683,0.98477
CVE-2008-4387,0.155,0.96615
CVE-2008-4388,0.37721,0.98479
CVE-2008-4389,0.02477,0.8329
CVE-2008-4390,0.03293,0.87621
CVE-2008-4391,0.06205,0.93087
CVE-2008-4392,0.01693,0.75068
CVE-2008-4393,0.0179,0.76439
CVE-2008-4394,0.00338,0.26383
CVE-2008-4395,0.02403,0.82719
CVE-2008-4396,0.04093,0.90025
CVE-2008-4397,0.80542,0.99605
CVE-2008-4398,0.08232,0.9457
CVE-2008-4399,0.08232,0.9457
CVE-2008-4400,0.03382,0.87938
CVE-2008-4401,0.07146,0.93897
CVE-2008-4402,0.05531,0.92311
CVE-2008-4403,0.03166,0.87088
CVE-2008-4404,0.04172,0.90199
CVE-2008-4405,0.01042,0.61076
CVE-2008-4406,0.00345,0.27071
CVE-2008-4407,0.00278,0.19755
CVE-2008-4408,0.01595,0.73544
CVE-2008-4409,0.08534,0.94725
CVE-2008-4410,0.00381,0.30937
CVE-2008-4411,0.02855,0.85664
CVE-2008-4412,0.02351,0.82331
CVE-2008-4413,0.00305,0.22644
CVE-2008-4414,0.00445,0.36973
CVE-2008-4415,0.03607,0.88661
CVE-2008-4416,0.00302,0.22338
CVE-2008-4418,0.02945,0.861
CVE-2008-4419,0.03514,0.88378
CVE-2008-4420,0.05664,0.92477
CVE-2008-4421,0.03788,0.89236
CVE-2008-4423,0.01094,0.62622
CVE-2008-4424,0.01462,0.71308
CVE-2008-4425,0.02972,0.86221
CVE-2008-4426,0.016,0.7361
CVE-2008-4427,0.02986,0.86285
CVE-2008-4428,0.07027,0.93793
CVE-2008-4429,0.02566,0.83937
CVE-2008-4431,0.01063,0.61766
CVE-2008-4432,0.01445,0.70961
CVE-2008-4433,0.01001,0.59873
CVE-2008-4434,0.10966,0.95635
CVE-2008-4435,0.01462,0.71318
CVE-2008-4436,0.00967,0.58721
CVE-2008-4437,0.05642,0.92455
CVE-2008-4438,0.01507,0.7214
CVE-2008-4439,0.03647,0.88796
CVE-2008-4440,0.00345,0.27071
CVE-2008-4441,0.0163,0.74108
CVE-2008-4444,0.02597,0.84156
CVE-2008-4445,0.00448,0.37172
CVE-2008-4446,0.0157,0.73164
CVE-2008-4447,0.01445,0.70962
CVE-2008-4448,0.00707,0.50455
CVE-2008-4449,0.38737,0.98519
CVE-2008-4450,0.01022,0.60493
CVE-2008-4451,0.00995,0.59674
CVE-2008-4452,0.05407,0.9217
CVE-2008-4453,0.10468,0.95484
CVE-2008-4454,0.02049,0.79581
CVE-2008-4455,0.01931,0.78289
CVE-2008-4456,0.07049,0.93812
CVE-2008-4457,0.01213,0.65863
CVE-2008-4458,0.01002,0.59898
CVE-2008-4459,0.00971,0.58926
CVE-2008-4460,0.00967,0.58722
CVE-2008-4461,0.00997,0.59742
CVE-2008-4462,0.01006,0.6002
CVE-2008-4463,0.01006,0.6002
CVE-2008-4464,0.01006,0.6002
CVE-2008-4465,0.01006,0.60018
CVE-2008-4466,0.0101,0.60149
CVE-2008-4467,0.00967,0.58725
CVE-2008-4468,0.01006,0.60019
CVE-2008-4469,0.01042,0.61084
CVE-2008-4470,0.0461,0.91016
CVE-2008-4471,0.06729,0.93548
CVE-2008-4472,0.07836,0.94342
CVE-2008-4473,0.08679,0.948
CVE-2008-4474,0.00367,0.29483
CVE-2008-4475,0.00345,0.2707
CVE-2008-4476,0.0035,0.27702
CVE-2008-4477,0.00367,0.29483
CVE-2008-4478,0.09821,0.9527
CVE-2008-4479,0.10331,0.95436
CVE-2008-4480,0.10601,0.95525
CVE-2008-4481,0.01065,0.61865
CVE-2008-4482,0.04183,0.90227
CVE-2008-4483,0.01857,0.77355
CVE-2008-4484,0.02575,0.84
CVE-2008-4485,0.01528,0.72476
CVE-2008-4486,0.04784,0.91306
CVE-2008-4487,0.00988,0.59451
CVE-2008-4488,0.01022,0.605
CVE-2008-4489,0.02443,0.83043
CVE-2008-4490,0.01911,0.78037
CVE-2008-4491,0.01198,0.65443
CVE-2008-4492,0.00975,0.59081
CVE-2008-4493,0.17589,0.96988
CVE-2008-4494,0.01003,0.5994
CVE-2008-4495,0.01197,0.65422
CVE-2008-4496,0.01197,0.65422
CVE-2008-4497,0.00997,0.59743
CVE-2008-4498,0.00997,0.59743
CVE-2008-4499,0.02858,0.85681
CVE-2008-4500,0.10253,0.95409
CVE-2008-4501,0.10718,0.95562
CVE-2008-4502,0.04089,0.90018
CVE-2008-4503,0.04185,0.90229
CVE-2008-4504,0.02485,0.83344
CVE-2008-4505,0.0135,0.69064
CVE-2008-4506,0.012,0.65504
CVE-2008-4507,0.012,0.65504
CVE-2008-4508,0.05721,0.92543
CVE-2008-4509,0.07655,0.94234
CVE-2008-4510,0.03258,0.87483
CVE-2008-4511,0.01205,0.65621
CVE-2008-4512,0.01205,0.65624
CVE-2008-4513,0.01948,0.78494
CVE-2008-4514,0.07741,0.94285
CVE-2008-4515,0.01556,0.72959
CVE-2008-4516,0.00967,0.58747
CVE-2008-4517,0.0101,0.60145
CVE-2008-4518,0.01003,0.59948
CVE-2008-4519,0.02371,0.82478
CVE-2008-4520,0.01223,0.66112
CVE-2008-4521,0.00967,0.58757
CVE-2008-4522,0.02498,0.83433
CVE-2008-4523,0.00967,0.58735
CVE-2008-4524,0.0125,0.66778
CVE-2008-4525,0.00961,0.58548
CVE-2008-4526,0.03456,0.88185
CVE-2008-4527,0.01003,0.5995
CVE-2008-4528,0.02551,0.8384
CVE-2008-4529,0.02474,0.83264
CVE-2008-4530,0.00842,0.54881
CVE-2008-4531,0.01063,0.61764
CVE-2008-4532,0.02988,0.86294
CVE-2008-4533,0.01223,0.66114
CVE-2008-4534,0.01258,0.66959
CVE-2008-4535,0.01223,0.66117
CVE-2008-4536,0.01065,0.61857
CVE-2008-4537,0.01223,0.66127
CVE-2008-4539,0.00537,0.42896
CVE-2008-4540,0.01983,0.78885
CVE-2008-4541,0.08439,0.94679
CVE-2008-4542,0.01019,0.60412
CVE-2008-4543,0.01834,0.77032
CVE-2008-4544,0.02354,0.82359
CVE-2008-4545,0.01178,0.6495
CVE-2008-4546,0.16769,0.96862
CVE-2008-4547,0.11266,0.95711
CVE-2008-4548,0.06031,0.92901
CVE-2008-4549,0.06623,0.9346
CVE-2008-4551,0.02517,0.83575
CVE-2008-4552,0.02295,0.81854
CVE-2008-4553,0.00486,0.39734
CVE-2008-4554,0.00392,0.32145
CVE-2008-4555,0.05061,0.91741
CVE-2008-4556,0.69862,0.99339
CVE-2008-4557,0.45338,0.98735
CVE-2008-4558,0.08495,0.94709
CVE-2008-4559,0.21478,0.97488
CVE-2008-4560,0.03476,0.8825
CVE-2008-4562,0.08437,0.94678
CVE-2008-4563,0.28987,0.9807
CVE-2008-4564,0.06757,0.93575
CVE-2008-4569,0.00967,0.58735
CVE-2008-4570,0.01003,0.5993
CVE-2008-4571,0.01144,0.63947
CVE-2008-4572,0.60692,0.9911
CVE-2008-4573,0.01024,0.6058
CVE-2008-4574,0.01042,0.61094
CVE-2008-4575,0.01725,0.75563
CVE-2008-4576,0.0368,0.88895
CVE-2008-4577,0.02328,0.8213
CVE-2008-4578,0.01679,0.74847
CVE-2008-4579,0.00341,0.26748
CVE-2008-4580,0.00363,0.29041
CVE-2008-4581,0.01023,0.60551
CVE-2008-4582,0.10187,0.95388
CVE-2008-4583,0.0594,0.92801
CVE-2008-4584,0.04721,0.91202
CVE-2008-4585,0.01427,0.70637
CVE-2008-4586,0.05165,0.91876
CVE-2008-4587,0.10507,0.95497
CVE-2008-4588,0.06823,0.93618
CVE-2008-4589,0.00526,0.42253
CVE-2008-4590,0.00967,0.58735
CVE-2008-4591,0.01507,0.72132
CVE-2008-4592,0.04013,0.89849
CVE-2008-4593,0.00323,0.24709
CVE-2008-4594,0.01495,0.7191
CVE-2008-4595,0.01495,0.71909
CVE-2008-4596,0.01022,0.60499
CVE-2008-4597,0.01345,0.68949
CVE-2008-4598,0.01107,0.6301
CVE-2008-4599,0.01003,0.59949
CVE-2008-4600,0.02653,0.84506
CVE-2008-4601,0.02962,0.86183
CVE-2008-4602,0.02059,0.79681
CVE-2008-4603,0.00967,0.5877
CVE-2008-4604,0.01042,0.61086
CVE-2008-4605,0.01003,0.59947
CVE-2008-4606,0.01145,0.63959
CVE-2008-4609,0.32123,0.98232
CVE-2008-4610,0.09278,0.95065
CVE-2008-4611,0.00961,0.58548
CVE-2008-4612,0.02306,0.81941
CVE-2008-4613,0.02353,0.82346
CVE-2008-4614,0.03336,0.87777
CVE-2008-4615,0.01239,0.66502
CVE-2008-4616,0.07289,0.94
CVE-2008-4617,0.00967,0.58736
CVE-2008-4618,0.02659,0.84541
CVE-2008-4619,0.1199,0.95886
CVE-2008-4620,0.01042,0.61084
CVE-2008-4621,0.01151,0.64167
CVE-2008-4622,0.03104,0.86804
CVE-2008-4623,0.01151,0.64166
CVE-2008-4624,0.03556,0.88505
CVE-2008-4625,0.02726,0.8494
CVE-2008-4626,0.05001,0.91669
CVE-2008-4627,0.01042,0.61084
CVE-2008-4628,0.01042,0.61088
CVE-2008-4629,0.01223,0.66119
CVE-2008-4630,0.01495,0.7191
CVE-2008-4631,0.04762,0.91271
CVE-2008-4632,0.01929,0.78261
CVE-2008-4633,0.00849,0.55111
CVE-2008-4634,0.01019,0.6039
CVE-2008-4635,0.01442,0.70908
CVE-2008-4636,0.00475,0.39031
CVE-2008-4637,0.00845,0.54987
CVE-2008-4638,0.00325,0.24947
CVE-2008-4639,0.00322,0.24528
CVE-2008-4640,0.00302,0.2236
CVE-2008-4641,0.02197,0.81019
CVE-2008-4642,0.01003,0.59951
CVE-2008-4643,0.01003,0.5995
CVE-2008-4644,0.02647,0.84476
CVE-2008-4645,0.07119,0.93869
CVE-2008-4646,0.00309,0.2315
CVE-2008-4647,0.01063,0.61755
CVE-2008-4648,0.01462,0.71306
CVE-2008-4649,0.02449,0.83095
CVE-2008-4650,0.0101,0.60146
CVE-2008-4651,0.00802,0.53637
CVE-2008-4652,0.1011,0.95366
CVE-2008-4653,0.01003,0.59952
CVE-2008-4654,0.57547,0.99035
CVE-2008-4655,0.01063,0.61772
CVE-2008-4656,0.01051,0.61373
CVE-2008-4657,0.01063,0.61756
CVE-2008-4658,0.01096,0.62698
CVE-2008-4659,0.01051,0.61373
CVE-2008-4660,0.01063,0.61756
CVE-2008-4661,0.01022,0.605
CVE-2008-4662,0.02436,0.82984
CVE-2008-4663,0.01263,0.6708
CVE-2008-4664,0.06288,0.93172
CVE-2008-4665,0.01145,0.63959
CVE-2008-4666,0.00909,0.56911
CVE-2008-4667,0.02357,0.82382
CVE-2008-4668,0.21476,0.97488
CVE-2008-4669,0.01446,0.70984
CVE-2008-4670,0.01449,0.71053
CVE-2008-4671,0.0381,0.89304
CVE-2008-4672,0.01446,0.70986
CVE-2008-4673,0.04526,0.90874
CVE-2008-4674,0.00979,0.59177
CVE-2008-4675,0.00967,0.58732
CVE-2008-4676,0.00293,0.21325
CVE-2008-4677,0.01953,0.78544
CVE-2008-4678,0.01916,0.78099
CVE-2008-4679,0.01559,0.73006
CVE-2008-4680,0.02785,0.85296
CVE-2008-4681,0.01705,0.75248
CVE-2008-4682,0.0929,0.95068
CVE-2008-4683,0.02104,0.80144
CVE-2008-4684,0.01705,0.75248
CVE-2008-4685,0.02003,0.79117
CVE-2008-4686,0.09944,0.95311
CVE-2008-4687,0.67453,0.99279
CVE-2008-4688,0.11709,0.9582
CVE-2008-4689,0.02488,0.83365
CVE-2008-4690,0.0506,0.9174
CVE-2008-4691,0.01233,0.66387
CVE-2008-4692,0.02072,0.79808
CVE-2008-4693,0.01275,0.67382
CVE-2008-4694,0.09753,0.95245
CVE-2008-4695,0.05978,0.92843
CVE-2008-4696,0.45729,0.98746
CVE-2008-4697,0.01709,0.7532
CVE-2008-4698,0.01738,0.75741
CVE-2008-4699,0.27234,0.97958
CVE-2008-4700,0.00979,0.59178
CVE-2008-4701,0.00913,0.57023
CVE-2008-4702,0.02486,0.83351
CVE-2008-4703,0.00967,0.58726
CVE-2008-4704,0.03546,0.88475
CVE-2008-4705,0.00997,0.59742
CVE-2008-4706,0.00973,0.58989
CVE-2008-4707,0.02672,0.84637
CVE-2008-4708,0.02773,0.85235
CVE-2008-4709,0.00973,0.58993
CVE-2008-4710,0.01022,0.60491
CVE-2008-4711,0.00909,0.56911
CVE-2008-4712,0.01857,0.77356
CVE-2008-4713,0.00967,0.5872
CVE-2008-4714,0.02561,0.83903
CVE-2008-4715,0.0145,0.7106
CVE-2008-4716,0.00973,0.58998
CVE-2008-4717,0.01037,0.60953
CVE-2008-4718,0.02665,0.84586
CVE-2008-4719,0.02935,0.86055
CVE-2008-4720,0.03003,0.86366
CVE-2008-4721,0.02773,0.85235
CVE-2008-4722,0.01973,0.78764
CVE-2008-4723,0.00832,0.54625
CVE-2008-4724,0.00663,0.48808
CVE-2008-4725,0.04889,0.91469
CVE-2008-4726,0.44252,0.98702
CVE-2008-4727,0.0173,0.75617
CVE-2008-4728,0.31628,0.98204
CVE-2008-4729,0.06898,0.93676
CVE-2008-4730,0.00885,0.56209
CVE-2008-4731,0.01495,0.71907
CVE-2008-4732,0.03468,0.88223
CVE-2008-4733,0.02142,0.80496
CVE-2008-4734,0.0122,0.66036
CVE-2008-4735,0.02334,0.82178
CVE-2008-4736,0.00997,0.59747
CVE-2008-4737,0.01497,0.71941
CVE-2008-4738,0.0101,0.60158
CVE-2008-4739,0.01846,0.77198
CVE-2008-4740,0.02363,0.82425
CVE-2008-4741,0.03396,0.87985
CVE-2008-4742,0.0179,0.7644
CVE-2008-4743,0.00967,0.58732
CVE-2008-4744,0.00987,0.59427
CVE-2008-4745,0.01022,0.60508
CVE-2008-4746,0.01051,0.61363
CVE-2008-4747,0.00389,0.3184
CVE-2008-4748,0.08158,0.94533
CVE-2008-4749,0.03027,0.86474
CVE-2008-4750,0.05554,0.92339
CVE-2008-4751,0.01776,0.76267
CVE-2008-4752,0.02717,0.84893
CVE-2008-4753,0.0101,0.60152
CVE-2008-4754,0.03129,0.86916
CVE-2008-4755,0.01196,0.65381
CVE-2008-4756,0.01507,0.72131
CVE-2008-4757,0.00999,0.59809
CVE-2008-4758,0.02832,0.85548
CVE-2008-4759,0.02755,0.85119
CVE-2008-4760,0.00937,0.57784
CVE-2008-4761,0.01465,0.71383
CVE-2008-4762,0.14497,0.96428
CVE-2008-4763,0.01033,0.60823
CVE-2008-4764,0.16505,0.96816
CVE-2008-4765,0.00975,0.59078
CVE-2008-4766,0.01125,0.63463
CVE-2008-4767,0.04208,0.90282
CVE-2008-4768,0.00961,0.58519
CVE-2008-4769,0.08974,0.94948
CVE-2008-4770,0.04052,0.8994
CVE-2008-4771,0.07141,0.93894
CVE-2008-4772,0.00967,0.58744
CVE-2008-4773,0.02672,0.84638
CVE-2008-4774,0.01445,0.70966
CVE-2008-4775,0.0606,0.92937
CVE-2008-4776,0.01264,0.67127
CVE-2008-4777,0.01027,0.60658
CVE-2008-4778,0.01051,0.61348
CVE-2008-4779,0.6469,0.99209
CVE-2008-4780,0.01904,0.77947
CVE-2008-4781,0.02357,0.82382
CVE-2008-4782,0.01008,0.60078
CVE-2008-4783,0.02773,0.85236
CVE-2008-4784,0.02773,0.85236
CVE-2008-4785,0.0101,0.60152
CVE-2008-4786,0.0101,0.60151
CVE-2008-4787,0.1362,0.96254
CVE-2008-4788,0.09061,0.9498
CVE-2008-4789,0.00947,0.58104
CVE-2008-4790,0.01001,0.59859
CVE-2008-4791,0.01812,0.76747
CVE-2008-4792,0.01282,0.67526
CVE-2008-4793,0.02207,0.81102
CVE-2008-4794,0.04504,0.9084
CVE-2008-4795,0.04337,0.9053
CVE-2008-4796,0.08985,0.94954
CVE-2008-4797,0.0178,0.7632
CVE-2008-4798,0.04036,0.89902
CVE-2008-4799,0.01658,0.74527
CVE-2008-4800,0.25784,0.97867
CVE-2008-4801,0.11379,0.95741
CVE-2008-4802,0.00871,0.55786
CVE-2008-4803,0.01196,0.65394
CVE-2008-4804,0.01125,0.63463
CVE-2008-4805,0.01223,0.66128
CVE-2008-4806,0.01063,0.61763
CVE-2008-4807,0.003,0.22107
CVE-2008-4808,0.01043,0.61137
CVE-2008-4809,0.01495,0.71908
CVE-2008-4810,0.02187,0.80904
CVE-2008-4811,0.01644,0.74334
CVE-2008-4812,0.08799,0.94862
CVE-2008-4813,0.09497,0.95146
CVE-2008-4814,0.11867,0.95855
CVE-2008-4815,0.07816,0.94328
CVE-2008-4816,0.02342,0.82258
CVE-2008-4817,0.08915,0.94919
CVE-2008-4818,0.04731,0.91221
CVE-2008-4819,0.05241,0.91986
CVE-2008-4820,0.05099,0.91794
CVE-2008-4821,0.05138,0.91838
CVE-2008-4822,0.05241,0.91986
CVE-2008-4823,0.04731,0.91221
CVE-2008-4824,0.13254,0.96167
CVE-2008-4825,0.02985,0.86282
CVE-2008-4827,0.06714,0.93535
CVE-2008-4828,0.71468,0.99385
CVE-2008-4829,0.06477,0.93342
CVE-2008-4830,0.27594,0.97984
CVE-2008-4831,0.00732,0.51333
CVE-2008-4832,0.00282,0.20276
CVE-2008-4834,0.45756,0.98747
CVE-2008-4835,0.44925,0.98722
CVE-2008-4837,0.37422,0.98464
CVE-2008-4841,0.4303,0.98666
CVE-2008-4844,0.66513,0.99253
CVE-2008-4863,0.00394,0.32306
CVE-2008-4864,0.21024,0.97443
CVE-2008-4865,0.00433,0.35966
CVE-2008-4866,0.04685,0.91145
CVE-2008-4867,0.02377,0.82528
CVE-2008-4868,0.02303,0.81924
CVE-2008-4869,0.02323,0.82095
CVE-2008-4870,0.00372,0.29974
CVE-2008-4871,0.01022,0.60488
CVE-2008-4872,0.00845,0.54997
CVE-2008-4873,0.04929,0.91549
CVE-2008-4874,0.03548,0.88484
CVE-2008-4875,0.03136,0.8695
CVE-2008-4876,0.01803,0.76613
CVE-2008-4877,0.00979,0.59177
CVE-2008-4878,0.04021,0.89865
CVE-2008-4879,0.01037,0.60954
CVE-2008-4880,0.01169,0.64664
CVE-2008-4881,0.00981,0.59244
CVE-2008-4882,0.01006,0.60024
CVE-2008-4883,0.01033,0.60811
CVE-2008-4884,0.00975,0.5908
CVE-2008-4885,0.01046,0.61217
CVE-2008-4886,0.02429,0.82942
CVE-2008-4887,0.01182,0.65044
CVE-2008-4888,0.0171,0.75325
CVE-2008-4889,0.01189,0.65217
CVE-2008-4890,0.00997,0.59748
CVE-2008-4891,0.01065,0.61843
CVE-2008-4892,0.01065,0.6188
CVE-2008-4893,0.01497,0.71937
CVE-2008-4894,0.01996,0.7904
CVE-2008-4895,0.01051,0.61347
CVE-2008-4896,0.01446,0.70986
CVE-2008-4897,0.01117,0.63252
CVE-2008-4898,0.01033,0.60822
CVE-2008-4899,0.00574,0.44795
CVE-2008-4900,0.01014,0.60278
CVE-2008-4901,0.00973,0.58989
CVE-2008-4902,0.00999,0.59812
CVE-2008-4903,0.01089,0.62495
CVE-2008-4904,0.00895,0.56496
CVE-2008-4905,0.01478,0.71602
CVE-2008-4906,0.01145,0.63958
CVE-2008-4907,0.06203,0.93086
CVE-2008-4908,0.0029,0.21094
CVE-2008-4909,0.01039,0.61004
CVE-2008-4910,0.10339,0.95439
CVE-2008-4911,0.02279,0.81712
CVE-2008-4912,0.00967,0.58726
CVE-2008-4913,0.02686,0.84718
CVE-2008-4914,0.00324,0.24754
CVE-2008-4915,0.00408,0.3374
CVE-2008-4916,0.00334,0.25894
CVE-2008-4917,0.00462,0.38143
CVE-2008-4918,0.06425,0.93288
CVE-2008-4919,0.02775,0.85244
CVE-2008-4921,0.02569,0.83962
CVE-2008-4922,0.32745,0.98265
CVE-2008-4923,0.07149,0.939
CVE-2008-4924,0.07149,0.939
CVE-2008-4925,0.07149,0.939
CVE-2008-4926,0.07072,0.93828
CVE-2008-4927,0.04029,0.89887
CVE-2008-4928,0.01414,0.704
CVE-2008-4929,0.02242,0.81409
CVE-2008-4930,0.01153,0.64235
CVE-2008-4931,0.01462,0.71308
CVE-2008-4932,0.0552,0.92291
CVE-2008-4933,0.02904,0.85916
CVE-2008-4934,0.03294,0.87623
CVE-2008-4935,0.00405,0.3351
CVE-2008-4936,0.00415,0.3444
CVE-2008-4937,0.00446,0.37015
CVE-2008-4938,0.00416,0.3449
CVE-2008-4939,0.0039,0.31927
CVE-2008-4940,0.0039,0.31927
CVE-2008-4941,0.0039,0.31927
CVE-2008-4942,0.0039,0.31928
CVE-2008-4943,0.00363,0.29085
CVE-2008-4944,0.0039,0.31928
CVE-2008-4945,0.0039,0.31928
CVE-2008-4946,0.00406,0.33633
CVE-2008-4947,0.0039,0.31928
CVE-2008-4948,0.0039,0.31926
CVE-2008-4949,0.0039,0.31929
CVE-2008-4950,0.00378,0.30561
CVE-2008-4951,0.0039,0.3193
CVE-2008-4952,0.00374,0.30226
CVE-2008-4953,0.0031,0.23167
CVE-2008-4954,0.00307,0.22891
CVE-2008-4955,0.0035,0.27647
CVE-2008-4956,0.00411,0.33989
CVE-2008-4957,0.00411,0.33988
CVE-2008-4958,0.0039,0.31925
CVE-2008-4959,0.0045,0.37341
CVE-2008-4960,0.0039,0.31925
CVE-2008-4963,0.01684,0.74932
CVE-2008-4964,0.0039,0.3193
CVE-2008-4965,0.0039,0.31925
CVE-2008-4966,0.00403,0.3328
CVE-2008-4967,0.00403,0.3328
CVE-2008-4968,0.00406,0.3363
CVE-2008-4969,0.00295,0.21539
CVE-2008-4970,0.0039,0.31926
CVE-2008-4971,0.0039,0.31923
CVE-2008-4972,0.00374,0.30226
CVE-2008-4973,0.0039,0.31924
CVE-2008-4974,0.0039,0.31924
CVE-2008-4975,0.0039,0.31926
CVE-2008-4976,0.00405,0.3351
CVE-2008-4977,0.00374,0.30226
CVE-2008-4978,0.0039,0.31923
CVE-2008-4979,0.0039,0.31923
CVE-2008-4980,0.00307,0.2289
CVE-2008-4981,0.0039,0.31924
CVE-2008-4982,0.0039,0.31924
CVE-2008-4983,0.00405,0.3351
CVE-2008-4984,0.00318,0.24119
CVE-2008-4985,0.0039,0.31929
CVE-2008-4986,0.0039,0.31929
CVE-2008-4987,0.00416,0.3449
CVE-2008-4988,0.00363,0.29085
CVE-2008-4989,0.01882,0.77666
CVE-2008-4990,0.0028,0.20026
CVE-2008-4991,0.01063,0.61766
CVE-2008-4992,0.0031,0.23201
CVE-2008-4993,0.00319,0.24232
CVE-2008-4994,0.00428,0.35555
CVE-2008-4995,0.00374,0.30227
CVE-2008-4996,0.00434,0.36108
CVE-2008-4997,0.00363,0.29087
CVE-2008-4998,0.00286,0.20613
CVE-2008-4999,0.03826,0.89356
CVE-2008-5000,0.00949,0.58177
CVE-2008-5001,0.05587,0.92388
CVE-2008-5002,0.40655,0.98593
CVE-2008-5003,0.0101,0.60162
CVE-2008-5004,0.00967,0.58768
CVE-2008-5005,0.06355,0.93229
CVE-2008-5006,0.01909,0.78021
CVE-2008-5007,0.00405,0.3351
CVE-2008-5008,0.01682,0.74909
CVE-2008-5009,0.00226,0.13106
CVE-2008-5010,0.04826,0.91368
CVE-2008-5011,0.01263,0.67076
CVE-2008-5012,0.02043,0.79518
CVE-2008-5013,0.04808,0.91342
CVE-2008-5014,0.05865,0.92727
CVE-2008-5015,0.02172,0.80791
CVE-2008-5016,0.0229,0.81812
CVE-2008-5017,0.03839,0.89389
CVE-2008-5018,0.03839,0.89389
CVE-2008-5019,0.0307,0.86648
CVE-2008-5021,0.03633,0.88742
CVE-2008-5022,0.03029,0.86484
CVE-2008-5023,0.03261,0.8749
CVE-2008-5024,0.03641,0.88771
CVE-2008-5025,0.02947,0.86111
CVE-2008-5026,0.09385,0.95102
CVE-2008-5027,0.06738,0.93555
CVE-2008-5028,0.0168,0.74869
CVE-2008-5029,0.00504,0.40876
CVE-2008-5030,0.04933,0.91555
CVE-2008-5031,0.02988,0.86292
CVE-2008-5032,0.10671,0.95546
CVE-2008-5033,0.02589,0.84094
CVE-2008-5034,0.00363,0.29086
CVE-2008-5035,0.02079,0.79879
CVE-2008-5036,0.41444,0.98618
CVE-2008-5037,0.00961,0.5852
CVE-2008-5038,0.06206,0.93088
CVE-2008-5039,0.01458,0.71239
CVE-2008-5040,0.02561,0.83903
CVE-2008-5041,0.01359,0.6929
CVE-2008-5042,0.03258,0.87482
CVE-2008-5043,0.01047,0.61258
CVE-2008-5044,0.0168,0.74878
CVE-2008-5045,0.03379,0.87929
CVE-2008-5046,0.0105,0.61338
CVE-2008-5047,0.0105,0.61338
CVE-2008-5048,0.00851,0.55186
CVE-2008-5049,0.00939,0.57869
CVE-2008-5050,0.08293,0.94606
CVE-2008-5051,0.01014,0.6027
CVE-2008-5052,0.03477,0.88255
CVE-2008-5053,0.63276,0.99174
CVE-2008-5054,0.00981,0.59235
CVE-2008-5055,0.0131,0.68138
CVE-2008-5056,0.01074,0.62106
CVE-2008-5057,0.0101,0.60137
CVE-2008-5058,0.02372,0.82494
CVE-2008-5059,0.01536,0.72625
CVE-2008-5060,0.03792,0.89251
CVE-2008-5061,0.03493,0.88308
CVE-2008-5062,0.07913,0.94389
CVE-2008-5063,0.04526,0.90874
CVE-2008-5064,0.0098,0.59203
CVE-2008-5065,0.02582,0.84049
CVE-2008-5066,0.03546,0.88475
CVE-2008-5067,0.01461,0.71301
CVE-2008-5068,0.01474,0.71536
CVE-2008-5069,0.00996,0.59699
CVE-2008-5070,0.00975,0.59069
CVE-2008-5071,0.0628,0.93162
CVE-2008-5072,0.02371,0.82484
CVE-2008-5073,0.05312,0.92066
CVE-2008-5074,0.00975,0.59069
CVE-2008-5075,0.00916,0.57128
CVE-2008-5076,0.00421,0.34938
CVE-2008-5077,0.05146,0.91852
CVE-2008-5078,0.03086,0.86725
CVE-2008-5079,0.01094,0.6264
CVE-2008-5080,0.01089,0.62496
CVE-2008-5081,0.59223,0.99071
CVE-2008-5082,0.00775,0.52765
CVE-2008-5083,0.00868,0.55715
CVE-2008-5086,0.00383,0.31188
CVE-2008-5087,0.0101,0.60125
CVE-2008-5088,0.00983,0.59313
CVE-2008-5089,0.0284,0.85592
CVE-2008-5090,0.04635,0.91054
CVE-2008-5091,0.02123,0.80309
CVE-2008-5092,0.01738,0.7574
CVE-2008-5093,0.01199,0.65471
CVE-2008-5094,0.01738,0.7574
CVE-2008-5095,0.01163,0.6451
CVE-2008-5096,0.01215,0.65915
CVE-2008-5097,0.01178,0.64948
CVE-2008-5098,0.01953,0.7854
CVE-2008-5099,0.00355,0.28281
CVE-2008-5100,0.08367,0.94641
CVE-2008-5101,0.04023,0.89872
CVE-2008-5102,0.03956,0.89707
CVE-2008-5103,0.00471,0.3876
CVE-2008-5104,0.00471,0.38759
CVE-2008-5105,0.02725,0.84934
CVE-2008-5106,0.12588,0.96008
CVE-2008-5107,0.00298,0.2196
CVE-2008-5108,0.03336,0.87777
CVE-2008-5109,0.0231,0.81981
CVE-2008-5110,0.022,0.81047
CVE-2008-5111,0.00348,0.27504
CVE-2008-5112,0.17585,0.96985
CVE-2008-5113,0.01331,0.68607
CVE-2008-5114,0.01953,0.7854
CVE-2008-5115,0.03156,0.87037
CVE-2008-5116,0.04034,0.89897
CVE-2008-5117,0.02567,0.83951
CVE-2008-5118,0.01985,0.78908
CVE-2008-5119,0.0103,0.60753
CVE-2008-5120,0.09932,0.95307
CVE-2008-5121,0.01129,0.6358
CVE-2008-5122,0.01147,0.64028
CVE-2008-5123,0.00987,0.59407
CVE-2008-5124,0.01867,0.77493
CVE-2008-5125,0.0218,0.80849
CVE-2008-5126,0.01464,0.71342
CVE-2008-5127,0.0139,0.69939
CVE-2008-5128,0.01335,0.68691
CVE-2008-5129,0.01336,0.68744
CVE-2008-5130,0.01335,0.68692
CVE-2008-5131,0.0105,0.61338
CVE-2008-5132,0.02359,0.82396
CVE-2008-5133,0.01862,0.77432
CVE-2008-5134,0.05261,0.92005
CVE-2008-5135,0.00383,0.3119
CVE-2008-5136,0.00341,0.26752
CVE-2008-5137,0.0039,0.31917
CVE-2008-5138,0.00286,0.20614
CVE-2008-5139,0.00295,0.21539
CVE-2008-5140,0.00328,0.25228
CVE-2008-5141,0.00307,0.22891
CVE-2008-5142,0.00384,0.31221
CVE-2008-5143,0.00339,0.26413
CVE-2008-5144,0.00339,0.26459
CVE-2008-5145,0.00286,0.20613
CVE-2008-5146,0.00451,0.37397
CVE-2008-5147,0.00363,0.29086
CVE-2008-5148,0.0039,0.31927
CVE-2008-5149,0.00363,0.29087
CVE-2008-5150,0.00363,0.29126
CVE-2008-5151,0.00433,0.36025
CVE-2008-5152,0.00363,0.29126
CVE-2008-5153,0.0039,0.31925
CVE-2008-5154,0.00374,0.30227
CVE-2008-5155,0.01304,0.68006
CVE-2008-5156,0.00363,0.29086
CVE-2008-5157,0.00404,0.33438
CVE-2008-5158,0.01797,0.76528
CVE-2008-5159,0.59668,0.99084
CVE-2008-5160,0.0347,0.88231
CVE-2008-5161,0.18551,0.97112
CVE-2008-5162,0.00319,0.24154
CVE-2008-5163,0.00975,0.59079
CVE-2008-5164,0.01485,0.71735
CVE-2008-5165,0.01346,0.68984
CVE-2008-5166,0.01003,0.59938
CVE-2008-5167,0.03136,0.86951
CVE-2008-5168,0.01003,0.59934
CVE-2008-5169,0.01042,0.61095
CVE-2008-5170,0.00973,0.58978
CVE-2008-5171,0.03252,0.87449
CVE-2008-5172,0.01022,0.60515
CVE-2008-5173,0.01798,0.7654
CVE-2008-5174,0.01042,0.61093
CVE-2008-5175,0.02533,0.83686
CVE-2008-5176,0.05723,0.92548
CVE-2008-5177,0.16859,0.9688
CVE-2008-5178,0.31509,0.98198
CVE-2008-5179,0.16436,0.96808
CVE-2008-5180,0.67977,0.99292
CVE-2008-5181,0.12656,0.96023
CVE-2008-5182,0.0027,0.18736
CVE-2008-5183,0.0921,0.95036
CVE-2008-5184,0.03669,0.88862
CVE-2008-5185,0.03887,0.89503
CVE-2008-5186,0.01971,0.78744
CVE-2008-5187,0.03641,0.88769
CVE-2008-5188,0.00386,0.31499
CVE-2008-5189,0.01533,0.72575
CVE-2008-5190,0.02353,0.82346
CVE-2008-5191,0.17581,0.96985
CVE-2008-5192,0.01042,0.61089
CVE-2008-5193,0.01571,0.73184
CVE-2008-5194,0.01151,0.64182
CVE-2008-5195,0.00997,0.59748
CVE-2008-5196,0.00967,0.58749
CVE-2008-5197,0.04096,0.90038
CVE-2008-5198,0.00967,0.58716
CVE-2008-5199,0.02914,0.85963
CVE-2008-5200,0.01042,0.61096
CVE-2008-5201,0.02462,0.83193
CVE-2008-5202,0.01445,0.70964
CVE-2008-5203,0.01445,0.7097
CVE-2008-5204,0.01846,0.77198
CVE-2008-5205,0.01022,0.60487
CVE-2008-5206,0.01316,0.68288
CVE-2008-5207,0.01356,0.69219
CVE-2008-5208,0.02005,0.79136
CVE-2008-5209,0.0276,0.85147
CVE-2008-5210,0.02784,0.85288
CVE-2008-5211,0.01796,0.76525
CVE-2008-5212,0.00967,0.58747
CVE-2008-5213,0.00997,0.59748
CVE-2008-5214,0.01524,0.72401
CVE-2008-5215,0.00967,0.58761
CVE-2008-5216,0.00967,0.58769
CVE-2008-5217,0.01911,0.78037
CVE-2008-5218,0.02696,0.84781
CVE-2008-5219,0.0685,0.93638
CVE-2008-5220,0.1429,0.9639
CVE-2008-5221,0.02547,0.83784
CVE-2008-5222,0.01003,0.59932
CVE-2008-5223,0.01042,0.61093
CVE-2008-5224,0.01065,0.61861
CVE-2008-5225,0.04103,0.90055
CVE-2008-5226,0.0101,0.60161
CVE-2008-5227,0.04686,0.91147
CVE-2008-5228,0.01216,0.65945
CVE-2008-5229,0.02587,0.84073
CVE-2008-5230,0.01594,0.73539
CVE-2008-5231,0.04032,0.89892
CVE-2008-5232,0.32209,0.98236
CVE-2008-5233,0.03345,0.87811
CVE-2008-5234,0.05748,0.92579
CVE-2008-5235,0.04613,0.91021
CVE-2008-5236,0.05748,0.92579
CVE-2008-5237,0.0555,0.92332
CVE-2008-5238,0.03646,0.88794
CVE-2008-5239,0.03721,0.89012
CVE-2008-5240,0.04191,0.90245
CVE-2008-5241,0.01798,0.76551
CVE-2008-5242,0.03138,0.8696
CVE-2008-5243,0.01798,0.76552
CVE-2008-5244,0.02007,0.79166
CVE-2008-5245,0.01747,0.75875
CVE-2008-5246,0.05692,0.92507
CVE-2008-5247,0.01511,0.7221
CVE-2008-5248,0.01208,0.65711
CVE-2008-5249,0.01962,0.7866
CVE-2008-5250,0.01066,0.61905
CVE-2008-5252,0.00738,0.51534
CVE-2008-5256,0.00351,0.27775
CVE-2008-5257,0.01226,0.66205
CVE-2008-5259,0.05718,0.92535
CVE-2008-5260,0.05767,0.92601
CVE-2008-5262,0.03153,0.87022
CVE-2008-5263,0.0227,0.81632
CVE-2008-5264,0.01507,0.7214
CVE-2008-5265,0.01915,0.78086
CVE-2008-5266,0.04889,0.91468
CVE-2008-5267,0.00909,0.56912
CVE-2008-5268,0.00997,0.59749
CVE-2008-5269,0.00999,0.59814
CVE-2008-5270,0.00999,0.59814
CVE-2008-5271,0.01524,0.72401
CVE-2008-5272,0.05618,0.92425
CVE-2008-5273,0.01003,0.59948
CVE-2008-5274,0.02142,0.8049
CVE-2008-5275,0.02702,0.8481
CVE-2008-5276,0.07842,0.94346
CVE-2008-5277,0.03376,0.87916
CVE-2008-5278,0.03233,0.87366
CVE-2008-5279,0.05664,0.92477
CVE-2008-5280,0.07345,0.94035
CVE-2008-5281,0.06401,0.93266
CVE-2008-5282,0.17635,0.96994
CVE-2008-5283,0.01778,0.76296
CVE-2008-5284,0.04435,0.90724
CVE-2008-5285,0.02003,0.79115
CVE-2008-5286,0.04403,0.90655
CVE-2008-5287,0.01151,0.64171
CVE-2008-5288,0.04893,0.91477
CVE-2008-5289,0.01206,0.6565
CVE-2008-5290,0.01524,0.72399
CVE-2008-5291,0.02498,0.83433
CVE-2008-5292,0.01151,0.64177
CVE-2008-5293,0.01043,0.6113
CVE-2008-5294,0.01043,0.61131
CVE-2008-5295,0.01003,0.59946
CVE-2008-5296,0.01331,0.68599
CVE-2008-5297,0.18462,0.97102
CVE-2008-5298,0.00362,0.28937
CVE-2008-5299,0.00317,0.23987
CVE-2008-5300,0.00405,0.33494
CVE-2008-5301,0.01829,0.76966
CVE-2008-5302,0.00332,0.25651
CVE-2008-5303,0.00332,0.25651
CVE-2008-5304,0.02243,0.81412
CVE-2008-5305,0.0464,0.91065
CVE-2008-5306,0.01151,0.64181
CVE-2008-5307,0.01161,0.6446
CVE-2008-5308,0.07279,0.93996
CVE-2008-5309,0.0101,0.60162
CVE-2008-5310,0.02252,0.81493
CVE-2008-5311,0.01042,0.61085
CVE-2008-5312,0.00305,0.22661
CVE-2008-5313,0.00305,0.2266
CVE-2008-5314,0.08198,0.94556
CVE-2008-5315,0.03211,0.87271
CVE-2008-5316,0.02779,0.85268
CVE-2008-5317,0.02162,0.80683
CVE-2008-5318,0.01268,0.67205
CVE-2008-5319,0.01268,0.67206
CVE-2008-5320,0.01936,0.78341
CVE-2008-5321,0.00967,0.58733
CVE-2008-5322,0.0251,0.83513
CVE-2008-5323,0.01499,0.71987
CVE-2008-5324,0.00855,0.5531
CVE-2008-5325,0.01957,0.7859
CVE-2008-5326,0.00276,0.1952
CVE-2008-5327,0.01096,0.62687
CVE-2008-5328,0.01441,0.70882
CVE-2008-5329,0.01594,0.73529
CVE-2008-5330,0.0173,0.75618
CVE-2008-5331,0.02002,0.79101
CVE-2008-5332,0.03792,0.89251
CVE-2008-5333,0.0101,0.60161
CVE-2008-5334,0.08632,0.94774
CVE-2008-5335,0.02881,0.85796
CVE-2008-5336,0.02375,0.82511
CVE-2008-5337,0.00997,0.5975
CVE-2008-5338,0.0149,0.71824
CVE-2008-5339,0.03451,0.88166
CVE-2008-5340,0.03679,0.8889
CVE-2008-5341,0.03013,0.8641
CVE-2008-5342,0.03013,0.8641
CVE-2008-5343,0.05093,0.91785
CVE-2008-5344,0.03426,0.88081
CVE-2008-5345,0.04122,0.90088
CVE-2008-5346,0.0281,0.85424
CVE-2008-5347,0.03426,0.8808
CVE-2008-5348,0.04306,0.90469
CVE-2008-5349,0.03993,0.89799
CVE-2008-5350,0.03013,0.8641
CVE-2008-5351,0.03426,0.8808
CVE-2008-5352,0.0306,0.86609
CVE-2008-5353,0.85811,0.99718
CVE-2008-5354,0.04798,0.91325
CVE-2008-5355,0.08189,0.94551
CVE-2008-5356,0.08914,0.94918
CVE-2008-5357,0.10015,0.95334
CVE-2008-5358,0.0749,0.94127
CVE-2008-5359,0.10784,0.9558
CVE-2008-5360,0.03478,0.88258
CVE-2008-5361,0.03798,0.89274
CVE-2008-5362,0.03798,0.89275
CVE-2008-5363,0.03718,0.89003
CVE-2008-5364,0.0397,0.89744
CVE-2008-5365,0.01196,0.6538
CVE-2008-5366,0.00384,0.31258
CVE-2008-5367,0.004,0.33016
CVE-2008-5368,0.00286,0.20613
CVE-2008-5369,0.00353,0.27986
CVE-2008-5370,0.00353,0.27985
CVE-2008-5371,0.00339,0.26413
CVE-2008-5372,0.00353,0.27986
CVE-2008-5373,0.00387,0.31614
CVE-2008-5374,0.00338,0.26404
CVE-2008-5375,0.00323,0.24629
CVE-2008-5376,0.00339,0.26413
CVE-2008-5377,0.00717,0.50833
CVE-2008-5378,0.00339,0.26412
CVE-2008-5379,0.00353,0.27986
CVE-2008-5380,0.00297,0.21795
CVE-2008-5381,0.04756,0.91262
CVE-2008-5382,0.00675,0.49273
CVE-2008-5383,0.04713,0.91193
CVE-2008-5384,0.00319,0.2423
CVE-2008-5385,0.00308,0.22926
CVE-2008-5386,0.00345,0.27182
CVE-2008-5387,0.00345,0.2718
CVE-2008-5393,0.02347,0.82299
CVE-2008-5394,0.00949,0.58164
CVE-2008-5395,0.00378,0.30603
CVE-2008-5396,0.00348,0.2751
CVE-2008-5397,0.00357,0.28451
CVE-2008-5398,0.02036,0.79436
CVE-2008-5399,0.01263,0.67076
CVE-2008-5400,0.00703,0.5034
CVE-2008-5401,0.07929,0.94398
CVE-2008-5402,0.07049,0.93812
CVE-2008-5403,0.07929,0.94399
CVE-2008-5404,0.03878,0.89478
CVE-2008-5405,0.46979,0.98781
CVE-2008-5406,0.09734,0.95238
CVE-2008-5407,0.02647,0.84473
CVE-2008-5408,0.04482,0.90801
CVE-2008-5409,0.11112,0.9568
CVE-2008-5410,0.02496,0.83415
CVE-2008-5411,0.01442,0.70907
CVE-2008-5412,0.02266,0.816
CVE-2008-5413,0.0145,0.71063
CVE-2008-5414,0.02266,0.81601
CVE-2008-5415,0.08317,0.94618
CVE-2008-5416,0.87036,0.99738
CVE-2008-5417,0.00438,0.3642
CVE-2008-5418,0.01911,0.78037
CVE-2008-5419,0.07726,0.94275
CVE-2008-5420,0.02285,0.8176
CVE-2008-5421,0.01435,0.70792
CVE-2008-5422,0.02583,0.84051
CVE-2008-5423,0.00316,0.23826
CVE-2008-5424,0.12258,0.95945
CVE-2008-5425,0.02278,0.81701
CVE-2008-5426,0.01244,0.66628
CVE-2008-5427,0.02036,0.7944
CVE-2008-5428,0.01244,0.66628
CVE-2008-5429,0.01244,0.66628
CVE-2008-5430,0.01013,0.60233
CVE-2008-5431,0.02732,0.84975
CVE-2008-5432,0.01553,0.7291
CVE-2008-5433,0.01065,0.61845
CVE-2008-5434,0.01094,0.62646
CVE-2008-5435,0.01033,0.60848
CVE-2008-5436,0.01975,0.78792
CVE-2008-5437,0.01738,0.75745
CVE-2008-5438,0.02145,0.8052
CVE-2008-5439,0.01736,0.7572
CVE-2008-5440,0.11891,0.95861
CVE-2008-5441,0.02776,0.85254
CVE-2008-5442,0.02776,0.85255
CVE-2008-5443,0.01834,0.77032
CVE-2008-5444,0.60625,0.99107
CVE-2008-5445,0.02583,0.84051
CVE-2008-5446,0.01341,0.68854
CVE-2008-5447,0.01525,0.72425
CVE-2008-5448,0.40542,0.98589
CVE-2008-5449,0.04209,0.90282
CVE-2008-5450,0.00312,0.234
CVE-2008-5451,0.01533,0.72579
CVE-2008-5452,0.01018,0.60371
CVE-2008-5454,0.00902,0.56702
CVE-2008-5455,0.00902,0.56702
CVE-2008-5456,0.00902,0.56703
CVE-2008-5457,0.61309,0.99127
CVE-2008-5458,0.01018,0.60371
CVE-2008-5459,0.01307,0.68058
CVE-2008-5460,0.01143,0.63922
CVE-2008-5461,0.01434,0.70767
CVE-2008-5462,0.01212,0.65842
CVE-2008-5463,0.00902,0.56703
CVE-2008-5486,0.01042,0.61087
CVE-2008-5487,0.01571,0.73181
CVE-2008-5488,0.01183,0.65067
CVE-2008-5489,0.01154,0.64258
CVE-2008-5490,0.01151,0.64181
CVE-2008-5491,0.00967,0.5872
CVE-2008-5492,0.35275,0.9837
CVE-2008-5493,0.01189,0.65216
CVE-2008-5494,0.00997,0.59749
CVE-2008-5495,0.0321,0.87264
CVE-2008-5496,0.01189,0.65215
CVE-2008-5497,0.0281,0.85425
CVE-2008-5498,0.08845,0.94884
CVE-2008-5499,0.79426,0.99585
CVE-2008-5500,0.03201,0.87227
CVE-2008-5501,0.03137,0.86953
CVE-2008-5502,0.0227,0.81634
CVE-2008-5503,0.01521,0.7236
CVE-2008-5504,0.02553,0.83851
CVE-2008-5505,0.02295,0.81859
CVE-2008-5506,0.02091,0.80017
CVE-2008-5507,0.0166,0.74557
CVE-2008-5508,0.02222,0.81222
CVE-2008-5510,0.02212,0.81142
CVE-2008-5511,0.01856,0.77338
CVE-2008-5512,0.02863,0.85701
CVE-2008-5513,0.01784,0.76358
CVE-2008-5514,0.01764,0.76109
CVE-2008-5515,0.18685,0.97128
CVE-2008-5516,0.04351,0.90559
CVE-2008-5517,0.1188,0.95858
CVE-2008-5518,0.35929,0.984
CVE-2008-5519,0.07263,0.93981
CVE-2008-5520,0.01905,0.77976
CVE-2008-5521,0.01905,0.77974
CVE-2008-5522,0.02902,0.85906
CVE-2008-5523,0.02902,0.85907
CVE-2008-5524,0.01938,0.78372
CVE-2008-5525,0.02882,0.85801
CVE-2008-5526,0.02951,0.86129
CVE-2008-5527,0.02241,0.814
CVE-2008-5528,0.05411,0.92177
CVE-2008-5529,0.02746,0.8506
CVE-2008-5530,0.01905,0.77975
CVE-2008-5531,0.02951,0.86128
CVE-2008-5532,0.02325,0.82106
CVE-2008-5533,0.02951,0.86128
CVE-2008-5534,0.03468,0.88221
CVE-2008-5535,0.02951,0.86128
CVE-2008-5536,0.02847,0.85627
CVE-2008-5537,0.02902,0.85907
CVE-2008-5538,0.01938,0.78373
CVE-2008-5539,0.10259,0.95412
CVE-2008-5540,0.01938,0.78372
CVE-2008-5541,0.07597,0.94196
CVE-2008-5542,0.01938,0.78372
CVE-2008-5543,0.02951,0.86129
CVE-2008-5544,0.01905,0.77976
CVE-2008-5545,0.02951,0.86128
CVE-2008-5546,0.01905,0.77975
CVE-2008-5547,0.01905,0.77975
CVE-2008-5548,0.01905,0.77976
CVE-2008-5549,0.0229,0.81814
CVE-2008-5550,0.01907,0.7799
CVE-2008-5551,0.13994,0.96335
CVE-2008-5552,0.11565,0.95781
CVE-2008-5553,0.11565,0.95781
CVE-2008-5554,0.14511,0.96431
CVE-2008-5555,0.12526,0.95998
CVE-2008-5556,0.11219,0.95703
CVE-2008-5557,0.07371,0.94052
CVE-2008-5558,0.01959,0.78626
CVE-2008-5559,0.01042,0.61086
CVE-2008-5560,0.02696,0.8478
CVE-2008-5561,0.00967,0.58755
CVE-2008-5562,0.05159,0.91871
CVE-2008-5563,0.02145,0.80524
CVE-2008-5564,0.0144,0.70872
CVE-2008-5565,0.00993,0.59607
CVE-2008-5566,0.03356,0.87847
CVE-2008-5567,0.00993,0.59606
CVE-2008-5568,0.00981,0.5925
CVE-2008-5569,0.02214,0.81158
CVE-2008-5570,0.02385,0.82588
CVE-2008-5571,0.02373,0.82498
CVE-2008-5572,0.07386,0.94065
CVE-2008-5573,0.01196,0.65383
CVE-2008-5574,0.02353,0.82347
CVE-2008-5575,0.01421,0.70534
CVE-2008-5576,0.02773,0.85236
CVE-2008-5577,0.02427,0.82919
CVE-2008-5578,0.00999,0.59807
CVE-2008-5579,0.02664,0.84582
CVE-2008-5580,0.03351,0.87828
CVE-2008-5581,0.02478,0.83294
CVE-2008-5582,0.00999,0.59808
CVE-2008-5583,0.00657,0.4858
CVE-2008-5584,0.02988,0.86294
CVE-2008-5585,0.02474,0.83263
CVE-2008-5586,0.00949,0.58178
CVE-2008-5587,0.12865,0.96075
CVE-2008-5588,0.00967,0.58768
CVE-2008-5589,0.00997,0.59749
CVE-2008-5590,0.00967,0.58767
CVE-2008-5591,0.01571,0.73184
CVE-2008-5592,0.02615,0.84265
CVE-2008-5593,0.02426,0.82908
CVE-2008-5594,0.02501,0.8345
CVE-2008-5595,0.01151,0.6418
CVE-2008-5596,0.02587,0.84079
CVE-2008-5597,0.02587,0.84078
CVE-2008-5598,0.02906,0.85926
CVE-2008-5599,0.01042,0.61084
CVE-2008-5600,0.02615,0.84265
CVE-2008-5601,0.02615,0.84265
CVE-2008-5602,0.02587,0.84075
CVE-2008-5603,0.02615,0.84264
CVE-2008-5604,0.02385,0.82588
CVE-2008-5605,0.02082,0.79919
CVE-2008-5606,0.02615,0.84266
CVE-2008-5607,0.00999,0.59821
CVE-2008-5608,0.0285,0.85641
CVE-2008-5609,0.01051,0.61368
CVE-2008-5616,0.07694,0.94255
CVE-2008-5617,0.02194,0.80986
CVE-2008-5618,0.01171,0.64716
CVE-2008-5619,0.58637,0.99059
CVE-2008-5620,0.02576,0.84012
CVE-2008-5621,0.0215,0.80578
CVE-2008-5624,0.02222,0.81225
CVE-2008-5625,0.07314,0.94015
CVE-2008-5626,0.3586,0.98397
CVE-2008-5627,0.00999,0.59824
CVE-2008-5628,0.00909,0.56911
CVE-2008-5629,0.00981,0.59244
CVE-2008-5630,0.01123,0.63413
CVE-2008-5631,0.00999,0.59825
CVE-2008-5632,0.0102,0.60432
CVE-2008-5633,0.00999,0.59821
CVE-2008-5634,0.01011,0.60192
CVE-2008-5635,0.01011,0.60189
CVE-2008-5636,0.01123,0.63413
CVE-2008-5637,0.0199,0.78975
CVE-2008-5638,0.0101,0.6015
CVE-2008-5639,0.02189,0.80924
CVE-2008-5640,0.01196,0.65383
CVE-2008-5641,0.0101,0.6015
CVE-2008-5642,0.08934,0.94931
CVE-2008-5643,0.00967,0.58759
CVE-2008-5644,0.01089,0.62496
CVE-2008-5645,0.0218,0.8085
CVE-2008-5646,0.01227,0.66237
CVE-2008-5647,0.0107,0.61997
CVE-2008-5648,0.00973,0.58997
CVE-2008-5649,0.01783,0.76352
CVE-2008-5650,0.01051,0.61348
CVE-2008-5651,0.02266,0.81595
CVE-2008-5652,0.01236,0.66446
CVE-2008-5653,0.01011,0.6019
CVE-2008-5654,0.01042,0.61083
CVE-2008-5655,0.00913,0.5703
CVE-2008-5656,0.0105,0.61327
CVE-2008-5657,0.02109,0.80186
CVE-2008-5658,0.04028,0.89884
CVE-2008-5659,0.03346,0.87815
CVE-2008-5660,0.09121,0.95005
CVE-2008-5661,0.02157,0.80642
CVE-2008-5662,0.03313,0.87699
CVE-2008-5663,0.0627,0.93148
CVE-2008-5664,0.36228,0.9841
CVE-2008-5665,0.00967,0.58758
CVE-2008-5666,0.20591,0.97382
CVE-2008-5667,0.06389,0.93257
CVE-2008-5668,0.01144,0.63947
CVE-2008-5669,0.01547,0.72791
CVE-2008-5670,0.01191,0.65271
CVE-2008-5671,0.01695,0.75103
CVE-2008-5672,0.00574,0.44794
CVE-2008-5673,0.00959,0.58443
CVE-2008-5674,0.04512,0.90853
CVE-2008-5675,0.01541,0.72706
CVE-2008-5676,0.01472,0.71507
CVE-2008-5677,0.04128,0.90108
CVE-2008-5678,0.02024,0.79323
CVE-2008-5679,0.03272,0.87534
CVE-2008-5680,0.07508,0.94139
CVE-2008-5681,0.01105,0.62926
CVE-2008-5682,0.01223,0.66127
CVE-2008-5683,0.01471,0.7148
CVE-2008-5684,0.02394,0.82655
CVE-2008-5685,0.02649,0.84486
CVE-2008-5686,0.02143,0.80508
CVE-2008-5687,0.0196,0.78637
CVE-2008-5688,0.01129,0.63582
CVE-2008-5689,0.01251,0.66802
CVE-2008-5690,0.00375,0.30339
CVE-2008-5691,0.09734,0.95238
CVE-2008-5692,0.12646,0.96019
CVE-2008-5693,0.0454,0.90896
CVE-2008-5694,0.022,0.81049
CVE-2008-5695,0.12008,0.95889
CVE-2008-5696,0.03295,0.87633
CVE-2008-5697,0.02175,0.80815
CVE-2008-5698,0.03494,0.88311
CVE-2008-5699,0.00347,0.27412
CVE-2008-5700,0.0037,0.29809
CVE-2008-5701,0.00396,0.32606
CVE-2008-5702,0.00494,0.40289
CVE-2008-5703,0.00296,0.21688
CVE-2008-5704,0.01185,0.65114
CVE-2008-5705,0.05422,0.9219
CVE-2008-5706,0.00789,0.53231
CVE-2008-5707,0.00907,0.56875
CVE-2008-5708,0.02643,0.84445
CVE-2008-5709,0.03349,0.87823
CVE-2008-5710,0.01442,0.70908
CVE-2008-5711,0.32696,0.98262
CVE-2008-5712,0.03802,0.89285
CVE-2008-5713,0.00743,0.51721
CVE-2008-5714,0.02112,0.80212
CVE-2008-5715,0.085,0.94711
CVE-2008-5716,0.00358,0.28517
CVE-2008-5717,0.01624,0.74008
CVE-2008-5718,0.04526,0.90873
CVE-2008-5719,0.01033,0.60849
CVE-2008-5720,0.01263,0.67077
CVE-2008-5721,0.01474,0.71528
CVE-2008-5722,0.14874,0.96504
CVE-2008-5723,0.01551,0.72884
CVE-2008-5724,0.00805,0.53747
CVE-2008-5725,0.00846,0.55029
CVE-2008-5726,0.00997,0.59746
CVE-2008-5727,0.01894,0.77827
CVE-2008-5728,0.01996,0.7904
CVE-2008-5729,0.01445,0.70971
CVE-2008-5730,0.02234,0.81337
CVE-2008-5731,0.00896,0.56535
CVE-2008-5732,0.13098,0.96137
CVE-2008-5733,0.00997,0.59747
CVE-2008-5734,0.01065,0.61876
CVE-2008-5735,0.07386,0.94066
CVE-2008-5736,0.01195,0.65351
CVE-2008-5737,0.01175,0.64854
CVE-2008-5738,0.02554,0.83855
CVE-2008-5739,0.02082,0.7992
CVE-2008-5742,0.02031,0.79387
CVE-2008-5743,0.00406,0.3363
CVE-2008-5744,0.0047,0.38656
CVE-2008-5745,0.21444,0.97485
CVE-2008-5746,0.00316,0.23854
CVE-2008-5747,0.03059,0.86603
CVE-2008-5748,0.10415,0.95465
CVE-2008-5749,0.03734,0.89059
CVE-2008-5750,0.21405,0.9748
CVE-2008-5751,0.00975,0.59082
CVE-2008-5752,0.05808,0.92651
CVE-2008-5753,0.0753,0.94152
CVE-2008-5754,0.0462,0.91034
CVE-2008-5755,0.05863,0.92725
CVE-2008-5756,0.05499,0.92273
CVE-2008-5757,0.00888,0.56285
CVE-2008-5758,0.00574,0.44795
CVE-2008-5759,0.01196,0.65393
CVE-2008-5760,0.01223,0.66127
CVE-2008-5761,0.01735,0.75692
CVE-2008-5762,0.02615,0.84263
CVE-2008-5763,0.39211,0.98537
CVE-2008-5764,0.45386,0.98736
CVE-2008-5765,0.05912,0.9277
CVE-2008-5766,0.0199,0.78973
CVE-2008-5767,0.00973,0.58976
CVE-2008-5768,0.00967,0.58734
CVE-2008-5769,0.01223,0.66127
CVE-2008-5770,0.02971,0.86217
CVE-2008-5771,0.02299,0.81889
CVE-2008-5772,0.01189,0.65216
CVE-2008-5773,0.02587,0.84077
CVE-2008-5774,0.0101,0.60155
CVE-2008-5775,0.00967,0.58739
CVE-2008-5776,0.02285,0.81759
CVE-2008-5777,0.00987,0.59424
CVE-2008-5778,0.01185,0.65116
CVE-2008-5779,0.01033,0.6081
CVE-2008-5780,0.02587,0.84077
CVE-2008-5781,0.01019,0.60401
CVE-2008-5782,0.01018,0.60374
CVE-2008-5783,0.0337,0.87896
CVE-2008-5784,0.07098,0.93852
CVE-2008-5785,0.00997,0.59747
CVE-2008-5786,0.01223,0.6612
CVE-2008-5787,0.03003,0.8637
CVE-2008-5788,0.01151,0.64169
CVE-2008-5789,0.4499,0.98725
CVE-2008-5790,0.36382,0.98418
CVE-2008-5791,0.01543,0.7273
CVE-2008-5792,0.02574,0.83994
CVE-2008-5793,0.24367,0.97749
CVE-2008-5794,0.02605,0.8421
CVE-2008-5795,0.01033,0.6082
CVE-2008-5796,0.01063,0.61767
CVE-2008-5797,0.01051,0.61377
CVE-2008-5798,0.01051,0.6137
CVE-2008-5799,0.01022,0.60508
CVE-2008-5800,0.01051,0.61376
CVE-2008-5801,0.02465,0.83206
CVE-2008-5802,0.01042,0.61089
CVE-2008-5803,0.01042,0.61091
CVE-2008-5804,0.01003,0.59941
CVE-2008-5805,0.00997,0.59746
CVE-2008-5806,0.01151,0.64168
CVE-2008-5807,0.01033,0.60821
CVE-2008-5808,0.01223,0.66124
CVE-2008-5809,0.0101,0.60139
CVE-2008-5810,0.0376,0.89138
CVE-2008-5811,0.01003,0.59943
CVE-2008-5812,0.01528,0.72474
CVE-2008-5813,0.01286,0.67621
CVE-2008-5814,0.01859,0.77384
CVE-2008-5815,0.0199,0.78973
CVE-2008-5816,0.01267,0.67185
CVE-2008-5817,0.01131,0.63609
CVE-2008-5818,0.01955,0.78571
CVE-2008-5819,0.01931,0.78289
CVE-2008-5820,0.0101,0.60157
CVE-2008-5821,0.03917,0.8959
CVE-2008-5822,0.02068,0.79768
CVE-2008-5823,0.08404,0.9466
CVE-2008-5824,0.0602,0.92889
CVE-2008-5825,0.01622,0.7397
CVE-2008-5826,0.0242,0.82866
CVE-2008-5827,0.02538,0.83723
CVE-2008-5828,0.143,0.96393
CVE-2008-5838,0.01151,0.6417
CVE-2008-5839,0.0557,0.92361
CVE-2008-5840,0.03017,0.86428
CVE-2008-5841,0.01019,0.60403
CVE-2008-5842,0.00855,0.55303
CVE-2008-5843,0.00342,0.26823
CVE-2008-5844,0.01664,0.74628
CVE-2008-5845,0.0105,0.61325
CVE-2008-5846,0.01004,0.59982
CVE-2008-5847,0.01779,0.76307
CVE-2008-5848,0.03325,0.87738
CVE-2008-5849,0.01618,0.73899
CVE-2008-5851,0.0199,0.78974
CVE-2008-5852,0.02615,0.84264
CVE-2008-5853,0.02535,0.83701
CVE-2008-5854,0.01571,0.73182
CVE-2008-5855,0.02615,0.84264
CVE-2008-5856,0.08007,0.94437
CVE-2008-5857,0.01142,0.63898
CVE-2008-5858,0.01034,0.60889
CVE-2008-5859,0.00918,0.57173
CVE-2008-5860,0.02048,0.79567
CVE-2008-5861,0.02688,0.84731
CVE-2008-5862,0.05908,0.92766
CVE-2008-5863,0.00967,0.58739
CVE-2008-5864,0.02007,0.79161
CVE-2008-5865,0.01012,0.60195
CVE-2008-5866,0.02224,0.81246
CVE-2008-5867,0.01544,0.72743
CVE-2008-5868,0.03864,0.89442
CVE-2008-5869,0.01494,0.71891
CVE-2008-5870,0.02095,0.8006
CVE-2008-5871,0.01609,0.73753
CVE-2008-5872,0.01916,0.78098
CVE-2008-5873,0.02653,0.84506
CVE-2008-5874,0.00975,0.59078
CVE-2008-5875,0.00975,0.59078
CVE-2008-5876,0.04093,0.90027
CVE-2008-5877,0.00914,0.57054
CVE-2008-5878,0.01922,0.78175
CVE-2008-5879,0.01453,0.71141
CVE-2008-5880,0.02511,0.8352
CVE-2008-5881,0.07267,0.93985
CVE-2008-5882,0.0131,0.68136
CVE-2008-5883,0.02581,0.84038
CVE-2008-5884,0.02118,0.80265
CVE-2008-5885,0.06279,0.93161
CVE-2008-5886,0.02587,0.84076
CVE-2008-5887,0.11256,0.95708
CVE-2008-5888,0.00973,0.58984
CVE-2008-5889,0.01216,0.65923
CVE-2008-5890,0.01029,0.60698
CVE-2008-5891,0.01497,0.71938
CVE-2008-5892,0.00973,0.5899
CVE-2008-5893,0.01577,0.7328
CVE-2008-5894,0.01915,0.78085
CVE-2008-5895,0.0101,0.60146
CVE-2008-5896,0.02435,0.82982
CVE-2008-5897,0.06356,0.9323
CVE-2008-5898,0.06356,0.9323
CVE-2008-5899,0.06356,0.93229
CVE-2008-5900,0.06356,0.9323
CVE-2008-5901,0.0242,0.82868
CVE-2008-5902,0.03384,0.87944
CVE-2008-5903,0.0316,0.87058
CVE-2008-5904,0.0735,0.94038
CVE-2008-5905,0.02456,0.8315
CVE-2008-5906,0.01968,0.78711
CVE-2008-5907,0.02558,0.83886
CVE-2008-5908,0.00311,0.23372
CVE-2008-5909,0.00317,0.23945
CVE-2008-5910,0.00374,0.30196
CVE-2008-5911,0.06185,0.93069
CVE-2008-5912,0.07845,0.94349
CVE-2008-5913,0.01141,0.63866
CVE-2008-5914,0.00874,0.55903
CVE-2008-5915,0.01231,0.66346
CVE-2008-5916,0.00458,0.37894
CVE-2008-5917,0.01299,0.67894
CVE-2008-5918,0.04459,0.90768
CVE-2008-5919,0.06315,0.93196
CVE-2008-5920,0.0299,0.86303
CVE-2008-5921,0.00967,0.58726
CVE-2008-5922,0.02474,0.83263
CVE-2008-5923,0.00973,0.59004
CVE-2008-5924,0.01001,0.59877
CVE-2008-5925,0.0117,0.64692
CVE-2008-5926,0.00973,0.58982
CVE-2008-5927,0.01109,0.63048
CVE-2008-5928,0.01024,0.60573
CVE-2008-5929,0.02587,0.84075
CVE-2008-5930,0.01042,0.61091
CVE-2008-5931,0.02618,0.84286
CVE-2008-5932,0.06204,0.93086
CVE-2008-5933,0.01524,0.724
CVE-2008-5934,0.00973,0.58983
CVE-2008-5935,0.01205,0.65617
CVE-2008-5936,0.02445,0.83058
CVE-2008-5937,0.02742,0.85035
CVE-2008-5938,0.02393,0.8264
CVE-2008-5939,0.0171,0.75325
CVE-2008-5940,0.01182,0.65047
CVE-2008-5941,0.00479,0.39269
CVE-2008-5942,0.01065,0.61846
CVE-2008-5943,0.02563,0.8392
CVE-2008-5944,0.01502,0.72056
CVE-2008-5945,0.02337,0.82219
CVE-2008-5946,0.00961,0.58517
CVE-2008-5947,0.01829,0.76973
CVE-2008-5948,0.02299,0.81889
CVE-2008-5949,0.02575,0.84
CVE-2008-5950,0.00973,0.58999
CVE-2008-5951,0.02229,0.8129
CVE-2008-5952,0.0083,0.54549
CVE-2008-5953,0.02423,0.82887
CVE-2008-5954,0.00874,0.55912
CVE-2008-5955,0.00975,0.59078
CVE-2008-5956,0.03138,0.86958
CVE-2008-5957,0.0101,0.60148
CVE-2008-5958,0.01746,0.75852
CVE-2008-5959,0.0101,0.60147
CVE-2008-5960,0.01001,0.59872
CVE-2008-5961,0.00845,0.54976
CVE-2008-5962,0.01857,0.77354
CVE-2008-5963,0.03398,0.87991
CVE-2008-5964,0.01524,0.72409
CVE-2008-5965,0.06418,0.93282
CVE-2008-5966,0.02287,0.81785
CVE-2008-5967,0.03326,0.87743
CVE-2008-5968,0.02918,0.85982
CVE-2008-5969,0.02001,0.79094
CVE-2008-5970,0.00855,0.5534
CVE-2008-5971,0.01442,0.70915
CVE-2008-5972,0.00973,0.58973
CVE-2008-5973,0.00999,0.59824
CVE-2008-5974,0.01019,0.60402
CVE-2008-5975,0.00961,0.58518
CVE-2008-5976,0.01499,0.71989
CVE-2008-5977,0.00967,0.58769
CVE-2008-5978,0.01142,0.63899
CVE-2008-5979,0.01684,0.74947
CVE-2008-5980,0.02839,0.85579
CVE-2008-5981,0.02446,0.83069
CVE-2008-5982,0.07823,0.94333
CVE-2008-5983,0.0051,0.41272
CVE-2008-5984,0.00399,0.32817
CVE-2008-5985,0.00374,0.30177
CVE-2008-5986,0.00365,0.29287
CVE-2008-5987,0.00398,0.32735
CVE-2008-5988,0.01103,0.62866
CVE-2008-5989,0.02053,0.79618
CVE-2008-5990,0.01846,0.77197
CVE-2008-5991,0.05937,0.92798
CVE-2008-5992,0.00967,0.58745
CVE-2008-5993,0.02405,0.8273
CVE-2008-5994,0.01022,0.60499
CVE-2008-5995,0.01065,0.61873
CVE-2008-5996,0.00842,0.54882
CVE-2008-5997,0.02581,0.84038
CVE-2008-5998,0.00978,0.59143
CVE-2008-5999,0.00833,0.54641
CVE-2008-6000,0.00578,0.44983
CVE-2008-6001,0.02451,0.83114
CVE-2008-6002,0.02192,0.80952
CVE-2008-6003,0.00928,0.57466
CVE-2008-6004,0.01216,0.65924
CVE-2008-6005,0.04597,0.90993
CVE-2008-6006,0.02294,0.81844
CVE-2008-6007,0.00973,0.58973
CVE-2008-6008,0.01205,0.65618
CVE-2008-6009,0.02561,0.83904
CVE-2008-6010,0.02672,0.84638
CVE-2008-6011,0.00975,0.5908
CVE-2008-6012,0.02274,0.81667
CVE-2008-6013,0.01063,0.61759
CVE-2008-6014,0.00967,0.58718
CVE-2008-6015,0.01001,0.5988
CVE-2008-6016,0.00905,0.56797
CVE-2008-6017,0.00973,0.58999
CVE-2008-6018,0.04075,0.8999
CVE-2008-6019,0.00907,0.56876
CVE-2008-6020,0.0133,0.68567
CVE-2008-6021,0.01937,0.78364
CVE-2008-6022,0.02342,0.82255
CVE-2008-6023,0.02342,0.82255
CVE-2008-6024,0.02417,0.8284
CVE-2008-6025,0.01904,0.77948
CVE-2008-6026,0.00971,0.58934
CVE-2008-6027,0.01146,0.64
CVE-2008-6028,0.00967,0.58754
CVE-2008-6029,0.00853,0.55233
CVE-2008-6030,0.00973,0.58973
CVE-2008-6031,0.00931,0.5759
CVE-2008-6032,0.00999,0.59823
CVE-2008-6033,0.00931,0.5759
CVE-2008-6034,0.01446,0.70986
CVE-2008-6035,0.01068,0.61958
CVE-2008-6036,0.02474,0.83263
CVE-2008-6037,0.00967,0.58752
CVE-2008-6038,0.00971,0.58923
CVE-2008-6039,0.02062,0.79706
CVE-2008-6040,0.01186,0.65136
CVE-2008-6041,0.01022,0.60507
CVE-2008-6042,0.00967,0.58755
CVE-2008-6043,0.00971,0.58932
CVE-2008-6044,0.01829,0.76967
CVE-2008-6045,0.02912,0.85952
CVE-2008-6046,0.01047,0.61242
CVE-2008-6047,0.01017,0.6036
CVE-2008-6048,0.00479,0.3927
CVE-2008-6050,0.00931,0.57588
CVE-2008-6051,0.01076,0.62158
CVE-2008-6052,0.01309,0.68123
CVE-2008-6053,0.01309,0.68124
CVE-2008-6054,0.01309,0.68124
CVE-2008-6055,0.01147,0.64009
CVE-2008-6056,0.01022,0.60506
CVE-2008-6057,0.02229,0.8129
CVE-2008-6058,0.01397,0.70065
CVE-2008-6059,0.01946,0.78461
CVE-2008-6060,0.02055,0.79645
CVE-2008-6061,0.04076,0.89993
CVE-2008-6062,0.01659,0.74542
CVE-2008-6063,0.1027,0.95415
CVE-2008-6064,0.00931,0.57589
CVE-2008-6065,0.02198,0.81022
CVE-2008-6066,0.02544,0.83762
CVE-2008-6068,0.00999,0.59815
CVE-2008-6069,0.00988,0.5945
CVE-2008-6070,0.03996,0.89806
CVE-2008-6071,0.06654,0.9348
CVE-2008-6072,0.02621,0.84307
CVE-2008-6073,0.00293,0.21362
CVE-2008-6074,0.01982,0.78867
CVE-2008-6075,0.00961,0.58517
CVE-2008-6076,0.00967,0.58753
CVE-2008-6077,0.00856,0.55377
CVE-2008-6078,0.00967,0.58745
CVE-2008-6079,0.02819,0.85479
CVE-2008-6080,0.10637,0.95535
CVE-2008-6081,0.01103,0.62868
CVE-2008-6082,0.44577,0.98712
CVE-2008-6083,0.02659,0.84544
CVE-2008-6084,0.02229,0.81287
CVE-2008-6085,0.05535,0.92316
CVE-2008-6086,0.01103,0.62866
CVE-2008-6087,0.01598,0.73582
CVE-2008-6088,0.01103,0.62867
CVE-2008-6089,0.03108,0.86818
CVE-2008-6090,0.02287,0.81778
CVE-2008-6091,0.00909,0.56912
CVE-2008-6092,0.02635,0.84402
CVE-2008-6093,0.00909,0.56914
CVE-2008-6094,0.01465,0.71382
CVE-2008-6095,0.01107,0.62976
CVE-2008-6096,0.01033,0.60851
CVE-2008-6097,0.01734,0.7568
CVE-2008-6098,0.01146,0.63998
CVE-2008-6099,0.02646,0.84469
CVE-2008-6100,0.00909,0.56912
CVE-2008-6101,0.01189,0.65213
CVE-2008-6102,0.01109,0.63048
CVE-2008-6103,0.02015,0.7924
CVE-2008-6104,0.00961,0.58516
CVE-2008-6105,0.01199,0.65462
CVE-2008-6106,0.00558,0.43973
CVE-2008-6107,0.00388,0.31657
CVE-2008-6108,0.01093,0.62605
CVE-2008-6109,0.00295,0.21646
CVE-2008-6110,0.0139,0.69951
CVE-2008-6111,0.01144,0.63938
CVE-2008-6112,0.03023,0.86456
CVE-2008-6113,0.01033,0.6085
CVE-2008-6114,0.01103,0.62868
CVE-2008-6115,0.01144,0.63937
CVE-2008-6116,0.01103,0.62867
CVE-2008-6117,0.01003,0.59942
CVE-2008-6118,0.02889,0.85837
CVE-2008-6119,0.02215,0.81168
CVE-2008-6120,0.01051,0.61368
CVE-2008-6121,0.01345,0.68948
CVE-2008-6122,0.03184,0.87161
CVE-2008-6123,0.0292,0.85993
CVE-2008-6124,0.01171,0.64717
CVE-2008-6125,0.01501,0.72034
CVE-2008-6126,0.02892,0.8586
CVE-2008-6127,0.01065,0.61879
CVE-2008-6128,0.01256,0.6692
CVE-2008-6129,0.01559,0.73004
CVE-2008-6130,0.01223,0.66123
CVE-2008-6131,0.01177,0.64882
CVE-2008-6132,0.26143,0.9789
CVE-2008-6133,0.00928,0.57476
CVE-2008-6134,0.01063,0.61757
CVE-2008-6135,0.01033,0.60843
CVE-2008-6136,0.01359,0.69292
CVE-2008-6137,0.01355,0.6921
CVE-2008-6138,0.02294,0.81846
CVE-2008-6139,0.02672,0.84635
CVE-2008-6140,0.0144,0.70872
CVE-2008-6141,0.01653,0.74453
CVE-2008-6142,0.00999,0.59807
CVE-2008-6143,0.06118,0.93004
CVE-2008-6144,0.01033,0.60844
CVE-2008-6145,0.01063,0.61757
CVE-2008-6146,0.00914,0.57054
CVE-2008-6147,0.02229,0.81288
CVE-2008-6148,0.00973,0.58987
CVE-2008-6149,0.01161,0.6446
CVE-2008-6150,0.00973,0.58982
CVE-2008-6151,0.00973,0.58972
CVE-2008-6152,0.00973,0.58996
CVE-2008-6153,0.00973,0.58976
CVE-2008-6154,0.00973,0.59002
CVE-2008-6155,0.00905,0.56799
CVE-2008-6156,0.00856,0.55376
CVE-2008-6157,0.02957,0.86153
CVE-2008-6158,0.02912,0.85954
CVE-2008-6159,0.01324,0.68439
CVE-2008-6160,0.01898,0.77881
CVE-2008-6161,0.01022,0.60486
CVE-2008-6162,0.02561,0.83903
CVE-2008-6163,0.02351,0.82334
CVE-2008-6164,0.01449,0.71053
CVE-2008-6165,0.00949,0.58178
CVE-2008-6166,0.00967,0.58737
CVE-2008-6167,0.02286,0.8177
CVE-2008-6168,0.01445,0.70962
CVE-2008-6169,0.00574,0.44796
CVE-2008-6170,0.01587,0.73422
CVE-2008-6171,0.03705,0.88966
CVE-2008-6172,0.12284,0.95953
CVE-2008-6173,0.01452,0.71095
CVE-2008-6174,0.01436,0.70801
CVE-2008-6175,0.06077,0.92957
CVE-2008-6177,0.01857,0.77356
CVE-2008-6178,0.07811,0.94326
CVE-2008-6179,0.00973,0.59002
CVE-2008-6180,0.01681,0.74891
CVE-2008-6181,0.01151,0.64172
CVE-2008-6182,0.02001,0.79095
CVE-2008-6183,0.02845,0.85612
CVE-2008-6184,0.00973,0.59005
CVE-2008-6185,0.02703,0.84816
CVE-2008-6186,0.05301,0.9205
CVE-2008-6187,0.01314,0.68211
CVE-2008-6188,0.01314,0.68211
CVE-2008-6189,0.02321,0.82077
CVE-2008-6190,0.01068,0.61958
CVE-2008-6191,0.00321,0.24428
CVE-2008-6192,0.01901,0.77911
CVE-2008-6193,0.02123,0.80309
CVE-2008-6194,0.11444,0.95757
CVE-2008-6195,0.02879,0.8579
CVE-2008-6196,0.02544,0.83762
CVE-2008-6197,0.00967,0.5875
CVE-2008-6198,0.00967,0.58743
CVE-2008-6199,0.01857,0.77354
CVE-2008-6200,0.01465,0.71387
CVE-2008-6201,0.03057,0.86595
CVE-2008-6202,0.00928,0.57475
CVE-2008-6203,0.00961,0.58516
CVE-2008-6204,0.00967,0.58744
CVE-2008-6205,0.01436,0.70801
CVE-2008-6206,0.02544,0.83761
CVE-2008-6207,0.02096,0.80068
CVE-2008-6208,0.01022,0.60496
CVE-2008-6209,0.00967,0.58761
CVE-2008-6210,0.00975,0.5908
CVE-2008-6211,0.01478,0.71604
CVE-2008-6212,0.01452,0.71096
CVE-2008-6213,0.01313,0.68188
CVE-2008-6214,0.01188,0.65193
CVE-2008-6215,0.01737,0.75729
CVE-2008-6216,0.01364,0.69386
CVE-2008-6217,0.01436,0.70803
CVE-2008-6218,0.02313,0.82008
CVE-2008-6219,0.02945,0.86104
CVE-2008-6220,0.01152,0.64208
CVE-2008-6221,0.37692,0.98477
CVE-2008-6222,0.11497,0.95766
CVE-2008-6223,0.02453,0.83131
CVE-2008-6224,0.02299,0.8189
CVE-2008-6225,0.01235,0.66416
CVE-2008-6226,0.00942,0.57973
CVE-2008-6227,0.00967,0.58754
CVE-2008-6228,0.02663,0.84569
CVE-2008-6229,0.01019,0.60411
CVE-2008-6230,0.01003,0.59929
CVE-2008-6231,0.02907,0.85931
CVE-2008-6232,0.02861,0.8569
CVE-2008-6233,0.01003,0.59931
CVE-2008-6234,0.00967,0.58744
CVE-2008-6235,0.02989,0.86297
CVE-2008-6236,0.00971,0.58929
CVE-2008-6237,0.00999,0.59807
CVE-2008-6238,0.01065,0.61872
CVE-2008-6239,0.00581,0.45101
CVE-2008-6240,0.01065,0.61873
CVE-2008-6241,0.0095,0.58215
CVE-2008-6242,0.00981,0.59243
CVE-2008-6243,0.01042,0.61087
CVE-2008-6244,0.00999,0.59812
CVE-2008-6245,0.00967,0.58729
CVE-2008-6246,0.00973,0.58987
CVE-2008-6247,0.00973,0.5899
CVE-2008-6248,0.01453,0.71139
CVE-2008-6249,0.00973,0.58984
CVE-2008-6250,0.01082,0.62302
CVE-2008-6251,0.02031,0.79392
CVE-2008-6252,0.0131,0.6813
CVE-2008-6253,0.04963,0.91608
CVE-2008-6254,0.00973,0.58998
CVE-2008-6255,0.00904,0.56759
CVE-2008-6256,0.00962,0.58582
CVE-2008-6257,0.00973,0.58998
CVE-2008-6258,0.00973,0.58988
CVE-2008-6259,0.01607,0.7373
CVE-2008-6260,0.00973,0.58986
CVE-2008-6261,0.00973,0.58986
CVE-2008-6262,0.00905,0.56798
CVE-2008-6263,0.01003,0.59947
CVE-2008-6264,0.01003,0.59931
CVE-2008-6265,0.01857,0.77356
CVE-2008-6266,0.00961,0.58517
CVE-2008-6267,0.01475,0.71552
CVE-2008-6268,0.00997,0.59747
CVE-2008-6269,0.02588,0.84091
CVE-2008-6270,0.00987,0.59416
CVE-2008-6271,0.01857,0.77354
CVE-2008-6272,0.00952,0.58263
CVE-2008-6273,0.0106,0.61622
CVE-2008-6274,0.00979,0.59178
CVE-2008-6275,0.01065,0.6187
CVE-2008-6276,0.00932,0.57639
CVE-2008-6277,0.01003,0.5993
CVE-2008-6278,0.01453,0.71142
CVE-2008-6279,0.02524,0.8363
CVE-2008-6280,0.069,0.93678
CVE-2008-6281,0.00993,0.59603
CVE-2008-6282,0.0207,0.79792
CVE-2008-6283,0.01223,0.66121
CVE-2008-6284,0.00967,0.58724
CVE-2008-6285,0.01003,0.59931
CVE-2008-6286,0.00999,0.59813
CVE-2008-6287,0.02307,0.81952
CVE-2008-6288,0.02759,0.85142
CVE-2008-6289,0.00973,0.58985
CVE-2008-6290,0.01929,0.78259
CVE-2008-6291,0.02451,0.83113
CVE-2008-6292,0.02736,0.84994
CVE-2008-6293,0.02736,0.84994
CVE-2008-6294,0.02736,0.84994
CVE-2008-6295,0.01033,0.60829
CVE-2008-6296,0.02501,0.83446
CVE-2008-6297,0.01458,0.71238
CVE-2008-6298,0.01477,0.71592
CVE-2008-6299,0.01019,0.60411
CVE-2008-6300,0.02619,0.84289
CVE-2008-6301,0.00973,0.58985
CVE-2008-6302,0.02573,0.83988
CVE-2008-6303,0.00973,0.5899
CVE-2008-6304,0.01255,0.66866
CVE-2008-6305,0.01823,0.76903
CVE-2008-6306,0.01449,0.7105
CVE-2008-6307,0.02588,0.8409
CVE-2008-6308,0.02042,0.79507
CVE-2008-6309,0.01033,0.60811
CVE-2008-6310,0.01033,0.60811
CVE-2008-6311,0.01149,0.6411
CVE-2008-6312,0.01103,0.62869
CVE-2008-6313,0.01968,0.78712
CVE-2008-6314,0.01003,0.59947
CVE-2008-6315,0.02055,0.79641
CVE-2008-6316,0.01972,0.78762
CVE-2008-6317,0.01972,0.78761
CVE-2008-6318,0.02055,0.79641
CVE-2008-6319,0.00973,0.5898
CVE-2008-6320,0.00973,0.58995
CVE-2008-6321,0.02229,0.81288
CVE-2008-6322,0.00973,0.58988
CVE-2008-6323,0.00931,0.57589
CVE-2008-6324,0.00973,0.58988
CVE-2008-6325,0.01492,0.71859
CVE-2008-6326,0.00951,0.58226
CVE-2008-6327,0.00999,0.59812
CVE-2008-6328,0.01019,0.60401
CVE-2008-6329,0.01003,0.59938
CVE-2008-6330,0.00883,0.5616
CVE-2008-6331,0.00484,0.39602
CVE-2008-6332,0.01003,0.59947
CVE-2008-6333,0.00853,0.55233
CVE-2008-6334,0.02759,0.85142
CVE-2008-6335,0.02759,0.85142
CVE-2008-6336,0.02202,0.81059
CVE-2008-6337,0.00973,0.58983
CVE-2008-6338,0.01063,0.61772
CVE-2008-6340,0.01033,0.60825
CVE-2008-6341,0.00855,0.55306
CVE-2008-6342,0.01205,0.65623
CVE-2008-6343,0.00855,0.55304
CVE-2008-6344,0.01001,0.59874
CVE-2008-6345,0.00973,0.58996
CVE-2008-6346,0.00845,0.54989
CVE-2008-6347,0.19927,0.97289
CVE-2008-6348,0.00973,0.58996
CVE-2008-6349,0.00973,0.58981
CVE-2008-6350,0.00973,0.5898
CVE-2008-6351,0.01453,0.7114
CVE-2008-6352,0.00973,0.58981
CVE-2008-6353,0.00973,0.58993
CVE-2008-6354,0.02329,0.82144
CVE-2008-6355,0.02329,0.82144
CVE-2008-6356,0.02587,0.84076
CVE-2008-6357,0.02587,0.84078
CVE-2008-6358,0.00973,0.58985
CVE-2008-6359,0.01651,0.74423
CVE-2008-6360,0.01033,0.60825
CVE-2008-6361,0.01846,0.77199
CVE-2008-6362,0.00973,0.58992
CVE-2008-6363,0.05586,0.92386
CVE-2008-6364,0.03068,0.8664
CVE-2008-6365,0.03348,0.87821
CVE-2008-6366,0.03354,0.87841
CVE-2008-6367,0.03397,0.87991
CVE-2008-6368,0.01173,0.64775
CVE-2008-6369,0.01003,0.59938
CVE-2008-6370,0.01499,0.71988
CVE-2008-6371,0.02005,0.79137
CVE-2008-6372,0.00973,0.58991
CVE-2008-6373,0.04692,0.91156
CVE-2008-6374,0.02587,0.84078
CVE-2008-6375,0.01176,0.64871
CVE-2008-6376,0.00967,0.58719
CVE-2008-6377,0.02307,0.81951
CVE-2008-6378,0.00973,0.58997
CVE-2008-6379,0.00973,0.58995
CVE-2008-6380,0.00973,0.58996
CVE-2008-6381,0.01557,0.72969
CVE-2008-6382,0.0251,0.83518
CVE-2008-6383,0.00849,0.55111
CVE-2008-6384,0.00581,0.45098
CVE-2008-6385,0.01449,0.71051
CVE-2008-6386,0.01458,0.71239
CVE-2008-6387,0.02587,0.84076
CVE-2008-6388,0.02229,0.81291
CVE-2008-6389,0.00973,0.58974
CVE-2008-6390,0.0101,0.60157
CVE-2008-6391,0.00893,0.56422
CVE-2008-6392,0.00967,0.58729
CVE-2008-6393,0.18201,0.97066
CVE-2008-6394,0.01196,0.65384
CVE-2008-6395,0.02525,0.83638
CVE-2008-6396,0.01453,0.7114
CVE-2008-6397,0.0028,0.20065
CVE-2008-6398,0.00363,0.29085
CVE-2008-6399,0.01953,0.78541
CVE-2008-6400,0.01033,0.60826
CVE-2008-6401,0.00967,0.58728
CVE-2008-6402,0.02294,0.81847
CVE-2008-6403,0.02294,0.81843
CVE-2008-6404,0.01449,0.71052
CVE-2008-6405,0.00967,0.58755
CVE-2008-6406,0.01465,0.71387
CVE-2008-6407,0.02286,0.81774
CVE-2008-6408,0.02294,0.81843
CVE-2008-6409,0.00936,0.57759
CVE-2008-6410,0.02286,0.81774
CVE-2008-6411,0.02561,0.83904
CVE-2008-6412,0.01377,0.69698
CVE-2008-6413,0.01065,0.61862
CVE-2008-6414,0.00999,0.5981
CVE-2008-6415,0.04762,0.91271
CVE-2008-6416,0.01033,0.60827
CVE-2008-6417,0.01043,0.61136
CVE-2008-6418,0.01216,0.6593
CVE-2008-6419,0.01235,0.66416
CVE-2008-6420,0.03559,0.88512
CVE-2008-6421,0.029,0.859
CVE-2008-6422,0.01151,0.64167
CVE-2008-6423,0.06797,0.936
CVE-2008-6424,0.01524,0.72416
CVE-2008-6425,0.01196,0.65383
CVE-2008-6427,0.01655,0.74476
CVE-2008-6428,0.0105,0.61325
CVE-2008-6429,0.01386,0.69861
CVE-2008-6430,0.01043,0.61129
CVE-2008-6431,0.01823,0.76904
CVE-2008-6433,0.01065,0.61864
CVE-2008-6434,0.01096,0.62699
CVE-2008-6435,0.01476,0.71566
CVE-2008-6436,0.01223,0.66119
CVE-2008-6437,0.01765,0.76122
CVE-2008-6438,0.03396,0.87985
CVE-2008-6439,0.01465,0.71388
CVE-2008-6440,0.01159,0.6438
CVE-2008-6441,0.03503,0.88345
CVE-2008-6442,0.01817,0.76816
CVE-2008-6443,0.00961,0.58521
CVE-2008-6444,0.06995,0.9377
CVE-2008-6445,0.01302,0.67965
CVE-2008-6446,0.02265,0.81588
CVE-2008-6447,0.05815,0.9266
CVE-2008-6448,0.01065,0.61863
CVE-2008-6449,0.0059,0.45541
CVE-2008-6450,0.01033,0.60823
CVE-2008-6451,0.00931,0.57586
CVE-2008-6452,0.00931,0.57588
CVE-2008-6453,0.02287,0.81778
CVE-2008-6454,0.00967,0.58741
CVE-2008-6455,0.01219,0.66004
CVE-2008-6456,0.01063,0.61771
CVE-2008-6457,0.01063,0.6176
CVE-2008-6458,0.01063,0.61762
CVE-2008-6459,0.01063,0.61761
CVE-2008-6460,0.01063,0.61761
CVE-2008-6461,0.01063,0.61761
CVE-2008-6462,0.01063,0.6176
CVE-2008-6463,0.01051,0.61364
CVE-2008-6464,0.01054,0.61484
CVE-2008-6465,0.05114,0.91808
CVE-2008-6466,0.00973,0.58974
CVE-2008-6467,0.00931,0.57591
CVE-2008-6468,0.00931,0.57587
CVE-2008-6469,0.00967,0.58741
CVE-2008-6470,0.01489,0.71801
CVE-2008-6471,0.00999,0.59811
CVE-2008-6472,0.01979,0.7884
CVE-2008-6473,0.02315,0.82026
CVE-2008-6474,0.02709,0.84847
CVE-2008-6475,0.00999,0.59811
CVE-2008-6476,0.01465,0.71381
CVE-2008-6477,0.00973,0.58992
CVE-2008-6478,0.013,0.67932
CVE-2008-6479,0.01153,0.64232
CVE-2008-6480,0.00574,0.44795
CVE-2008-6481,0.00967,0.58762
CVE-2008-6482,0.22086,0.97548
CVE-2008-6483,0.25682,0.97859
CVE-2008-6484,0.00997,0.59746
CVE-2008-6485,0.00975,0.59081
CVE-2008-6486,0.01129,0.63581
CVE-2008-6487,0.00967,0.58744
CVE-2008-6488,0.00975,0.59083
CVE-2008-6489,0.00967,0.58718
CVE-2008-6490,0.04169,0.90192
CVE-2008-6491,0.02279,0.81712
CVE-2008-6492,0.03614,0.88685
CVE-2008-6493,0.02229,0.81288
CVE-2008-6494,0.02229,0.81289
CVE-2008-6495,0.03722,0.89013
CVE-2008-6496,0.02691,0.8475
CVE-2008-6497,0.0968,0.95217
CVE-2008-6498,0.01049,0.61284
CVE-2008-6499,0.01556,0.7296
CVE-2008-6500,0.01445,0.70964
CVE-2008-6501,0.01499,0.7199
CVE-2008-6502,0.01496,0.71928
CVE-2008-6503,0.01516,0.72298
CVE-2008-6504,0.36599,0.98428
CVE-2008-6505,0.72711,0.9942
CVE-2008-6506,0.01297,0.67861
CVE-2008-6507,0.011,0.62791
CVE-2008-6508,0.83382,0.99666
CVE-2008-6509,0.02011,0.79203
CVE-2008-6510,0.01776,0.76267
CVE-2008-6511,0.01829,0.76965
CVE-2008-6512,0.04703,0.91174
CVE-2008-6513,0.03907,0.89562
CVE-2008-6514,0.00414,0.34324
CVE-2008-6515,0.01458,0.71239
CVE-2008-6516,0.02578,0.8402
CVE-2008-6517,0.00971,0.58928
CVE-2008-6518,0.03298,0.87642
CVE-2008-6519,0.05942,0.92803
CVE-2008-6520,0.04853,0.91409
CVE-2008-6521,0.01281,0.67487
CVE-2008-6522,0.01903,0.77941
CVE-2008-6523,0.02561,0.83904
CVE-2008-6524,0.02037,0.79442
CVE-2008-6525,0.0199,0.78974
CVE-2008-6526,0.00967,0.58764
CVE-2008-6527,0.01103,0.62869
CVE-2008-6528,0.03336,0.87775
CVE-2008-6529,0.01598,0.73582
CVE-2008-6530,0.0212,0.8028
CVE-2008-6531,0.0263,0.84361
CVE-2008-6532,0.00755,0.52111
CVE-2008-6533,0.02008,0.79179
CVE-2008-6534,0.04125,0.90097
CVE-2008-6535,0.06331,0.93209
CVE-2008-6536,0.02815,0.85453
CVE-2008-6537,0.06272,0.93152
CVE-2008-6538,0.02455,0.83141
CVE-2008-6539,0.0224,0.81389
CVE-2008-6540,0.02495,0.83414
CVE-2008-6541,0.01006,0.60031
CVE-2008-6542,0.01606,0.73717
CVE-2008-6543,0.02544,0.83761
CVE-2008-6544,0.02927,0.86022
CVE-2008-6545,0.02334,0.82187
CVE-2008-6546,0.0125,0.6676
CVE-2008-6547,0.01501,0.72021
CVE-2008-6548,0.01003,0.59954
CVE-2008-6549,0.01484,0.71697
CVE-2008-6550,0.01436,0.708
CVE-2008-6551,0.01911,0.78037
CVE-2008-6552,0.0039,0.31907
CVE-2008-6553,0.0247,0.83241
CVE-2008-6554,0.03668,0.88858
CVE-2008-6555,0.04493,0.90821
CVE-2008-6556,0.03196,0.87205
CVE-2008-6557,0.03196,0.87205
CVE-2008-6558,0.00874,0.55905
CVE-2008-6559,0.00802,0.53629
CVE-2008-6560,0.02314,0.82024
CVE-2008-6561,0.00291,0.21149
CVE-2008-6562,0.01211,0.65792
CVE-2008-6563,0.05631,0.92438
CVE-2008-6564,0.02244,0.8142
CVE-2008-6565,0.01446,0.70985
CVE-2008-6566,0.01597,0.73578
CVE-2008-6567,0.01107,0.62975
CVE-2008-6568,0.01899,0.77897
CVE-2008-6569,0.01524,0.72409
CVE-2008-6570,0.01292,0.6776
CVE-2008-6571,0.01065,0.61845
CVE-2008-6572,0.00912,0.56991
CVE-2008-6573,0.01498,0.71981
CVE-2008-6574,0.01402,0.70153
CVE-2008-6575,0.01334,0.68675
CVE-2008-6576,0.01978,0.7883
CVE-2008-6577,0.02649,0.84485
CVE-2008-6578,0.03317,0.87709
CVE-2008-6579,0.01489,0.718
CVE-2008-6580,0.02229,0.81289
CVE-2008-6581,0.03326,0.87741
CVE-2008-6582,0.00981,0.59244
CVE-2008-6583,0.07045,0.93809
CVE-2008-6584,0.02026,0.79337
CVE-2008-6585,0.0122,0.66051
CVE-2008-6586,0.02722,0.84922
CVE-2008-6587,0.00627,0.4726
CVE-2008-6588,0.02394,0.82656
CVE-2008-6589,0.0127,0.67255
CVE-2008-6590,0.03367,0.87889
CVE-2008-6591,0.0127,0.67247
CVE-2008-6592,0.02903,0.8591
CVE-2008-6593,0.03465,0.88211
CVE-2008-6594,0.01796,0.76524
CVE-2008-6595,0.01051,0.61369
CVE-2008-6596,0.00961,0.5852
CVE-2008-6597,0.01178,0.64937
CVE-2008-6598,0.01097,0.62735
CVE-2008-6599,0.01339,0.68799
CVE-2008-6600,0.00845,0.54993
CVE-2008-6601,0.01218,0.65999
CVE-2008-6602,0.01495,0.71908
CVE-2008-6603,0.01651,0.74427
CVE-2008-6604,0.08171,0.94542
CVE-2008-6605,0.00936,0.57767
CVE-2008-6606,0.00975,0.59076
CVE-2008-6607,0.01208,0.65714
CVE-2008-6608,0.02353,0.82346
CVE-2008-6609,0.01458,0.71238
CVE-2008-6610,0.01319,0.6835
CVE-2008-6611,0.01151,0.6417
CVE-2008-6612,0.03373,0.87907
CVE-2008-6613,0.02447,0.83075
CVE-2008-6614,0.01416,0.70437
CVE-2008-6615,0.00961,0.5852
CVE-2008-6616,0.01436,0.70799
CVE-2008-6617,0.03326,0.87741
CVE-2008-6618,0.01909,0.78021
CVE-2008-6619,0.04055,0.89947
CVE-2008-6620,0.01497,0.71942
CVE-2008-6621,0.02996,0.86332
CVE-2008-6622,0.00973,0.58984
CVE-2008-6623,0.01003,0.59942
CVE-2008-6624,0.00967,0.58763
CVE-2008-6625,0.01003,0.59938
CVE-2008-6626,0.01003,0.59933
CVE-2008-6627,0.01042,0.6109
CVE-2008-6629,0.01525,0.72434
CVE-2008-6630,0.01872,0.77554
CVE-2008-6631,0.01718,0.75439
CVE-2008-6632,0.00967,0.58749
CVE-2008-6633,0.01151,0.64174
CVE-2008-6634,0.00973,0.58976
CVE-2008-6635,0.02031,0.79392
CVE-2008-6636,0.0189,0.77776
CVE-2008-6637,0.01718,0.75439
CVE-2008-6638,0.01677,0.74826
CVE-2008-6639,0.00629,0.47372
CVE-2008-6640,0.00969,0.58861
CVE-2008-6641,0.00852,0.55194
CVE-2008-6642,0.01003,0.59943
CVE-2008-6643,0.02406,0.82744
CVE-2008-6644,0.01523,0.72396
CVE-2008-6645,0.01022,0.60513
CVE-2008-6646,0.01062,0.6173
CVE-2008-6647,0.01012,0.60197
CVE-2008-6648,0.01012,0.60196
CVE-2008-6649,0.02022,0.79304
CVE-2008-6650,0.01962,0.78651
CVE-2008-6651,0.03501,0.88341
CVE-2008-6652,0.00967,0.58755
CVE-2008-6653,0.02005,0.79136
CVE-2008-6654,0.01065,0.61852
CVE-2008-6655,0.01478,0.71605
CVE-2008-6656,0.01145,0.63957
CVE-2008-6657,0.01144,0.6394
CVE-2008-6658,0.01983,0.7888
CVE-2008-6659,0.033,0.87651
CVE-2008-6660,0.0298,0.86256
CVE-2008-6661,0.04163,0.90183
CVE-2008-6662,0.03352,0.87833
CVE-2008-6663,0.00967,0.58749
CVE-2008-6664,0.02511,0.83519
CVE-2008-6665,0.01826,0.76938
CVE-2008-6666,0.01223,0.66123
CVE-2008-6667,0.02561,0.83905
CVE-2008-6668,0.15346,0.96582
CVE-2008-6669,0.04226,0.90321
CVE-2008-6670,0.0406,0.89957
CVE-2008-6671,0.01775,0.76261
CVE-2008-6672,0.01719,0.75456
CVE-2008-6673,0.02298,0.81877
CVE-2008-6674,0.02732,0.84975
CVE-2008-6675,0.01718,0.75438
CVE-2008-6676,0.03036,0.86512
CVE-2008-6677,0.04013,0.89851
CVE-2008-6678,0.01137,0.63782
CVE-2008-6679,0.04495,0.90825
CVE-2008-6680,0.03718,0.89004
CVE-2008-6681,0.01082,0.62321
CVE-2008-6682,0.05614,0.9242
CVE-2008-6683,0.01445,0.70963
CVE-2008-6684,0.02628,0.84346
CVE-2008-6685,0.01806,0.76658
CVE-2008-6686,0.01063,0.61756
CVE-2008-6687,0.01263,0.67069
CVE-2008-6688,0.01033,0.60828
CVE-2008-6689,0.01051,0.61373
CVE-2008-6690,0.01359,0.6929
CVE-2008-6691,0.01096,0.62702
CVE-2008-6692,0.01063,0.61759
CVE-2008-6693,0.01096,0.62702
CVE-2008-6694,0.01063,0.61758
CVE-2008-6695,0.01258,0.66963
CVE-2008-6696,0.01096,0.62699
CVE-2008-6697,0.01063,0.61759
CVE-2008-6698,0.01033,0.60828
CVE-2008-6699,0.01033,0.6083
CVE-2008-6700,0.01507,0.72131
CVE-2008-6701,0.01359,0.69288
CVE-2008-6702,0.03427,0.88084
CVE-2008-6703,0.08251,0.94582
CVE-2008-6704,0.02008,0.79172
CVE-2008-6705,0.02088,0.79991
CVE-2008-6706,0.02261,0.81558
CVE-2008-6707,0.01498,0.71969
CVE-2008-6708,0.02098,0.80092
CVE-2008-6709,0.02445,0.83055
CVE-2008-6710,0.02098,0.80091
CVE-2008-6711,0.02445,0.83056
CVE-2008-6712,0.07396,0.94072
CVE-2008-6713,0.07642,0.94223
CVE-2008-6714,0.1203,0.95894
CVE-2008-6715,0.01445,0.70967
CVE-2008-6716,0.0247,0.83241
CVE-2008-6717,0.0247,0.83242
CVE-2008-6718,0.02206,0.81092
CVE-2008-6719,0.0247,0.83241
CVE-2008-6720,0.00975,0.59077
CVE-2008-6721,0.00967,0.58742
CVE-2008-6722,0.00198,0.09596
CVE-2008-6723,0.02588,0.84091
CVE-2008-6724,0.01065,0.61852
CVE-2008-6725,0.00952,0.58279
CVE-2008-6726,0.02125,0.80327
CVE-2008-6727,0.01499,0.71988
CVE-2008-6728,0.01125,0.63464
CVE-2008-6729,0.00992,0.59563
CVE-2008-6730,0.01977,0.78813
CVE-2008-6731,0.05725,0.92552
CVE-2008-6732,0.01074,0.62107
CVE-2008-6733,0.01074,0.62106
CVE-2008-6734,0.02962,0.86179
CVE-2008-6735,0.0185,0.77257
CVE-2008-6736,0.02198,0.81021
CVE-2008-6737,0.02665,0.84586
CVE-2008-6738,0.02561,0.83905
CVE-2008-6739,0.02252,0.81489
CVE-2008-6740,0.01812,0.7675
CVE-2008-6741,0.00967,0.58738
CVE-2008-6742,0.02163,0.80693
CVE-2008-6743,0.02588,0.84091
CVE-2008-6744,0.01044,0.61177
CVE-2008-6745,0.0594,0.92801
CVE-2008-6746,0.01067,0.61913
CVE-2008-6747,0.01202,0.65541
CVE-2008-6748,0.03741,0.89078
CVE-2008-6749,0.01975,0.78783
CVE-2008-6750,0.03506,0.88353
CVE-2008-6751,0.03614,0.88686
CVE-2008-6752,0.06348,0.93224
CVE-2008-6753,0.01063,0.61763
CVE-2008-6754,0.00973,0.59027
CVE-2008-6755,0.01205,0.65612
CVE-2008-6756,0.0034,0.26527
CVE-2008-6757,0.01507,0.72139
CVE-2008-6758,0.00963,0.58619
CVE-2008-6759,0.01307,0.68074
CVE-2008-6760,0.01739,0.75755
CVE-2008-6761,0.06317,0.93197
CVE-2008-6762,0.02095,0.80058
CVE-2008-6763,0.06523,0.93377
CVE-2008-6764,0.01497,0.71941
CVE-2008-6765,0.02429,0.82939
CVE-2008-6766,0.01382,0.69774
CVE-2008-6767,0.04584,0.90971
CVE-2008-6768,0.04429,0.90701
CVE-2008-6769,0.04927,0.91546
CVE-2008-6770,0.05901,0.92757
CVE-2008-6771,0.05901,0.92757
CVE-2008-6772,0.02324,0.82101
CVE-2008-6773,0.01923,0.78187
CVE-2008-6774,0.01928,0.78242
CVE-2008-6775,0.02529,0.8366
CVE-2008-6776,0.00973,0.58972
CVE-2008-6777,0.00884,0.56174
CVE-2008-6778,0.01003,0.59944
CVE-2008-6779,0.00967,0.58742
CVE-2008-6780,0.00999,0.59819
CVE-2008-6781,0.01224,0.66172
CVE-2008-6782,0.01024,0.60576
CVE-2008-6783,0.01024,0.60575
CVE-2008-6784,0.01024,0.60576
CVE-2008-6785,0.03125,0.86903
CVE-2008-6786,0.01871,0.77547
CVE-2008-6787,0.00967,0.58759
CVE-2008-6788,0.00919,0.57199
CVE-2008-6789,0.00926,0.57397
CVE-2008-6790,0.01979,0.7884
CVE-2008-6791,0.07105,0.93858
CVE-2008-6792,0.011,0.62791
CVE-2008-6793,0.06928,0.93704
CVE-2008-6794,0.01003,0.59941
CVE-2008-6795,0.00975,0.59077
CVE-2008-6796,0.00973,0.58975
CVE-2008-6797,0.01698,0.7514
CVE-2008-6798,0.00967,0.58722
CVE-2008-6799,0.02833,0.85551
CVE-2008-6801,0.00351,0.27799
CVE-2008-6802,0.01753,0.75972
CVE-2008-6803,0.00907,0.56876
CVE-2008-6804,0.02561,0.83905
CVE-2008-6805,0.01117,0.63253
CVE-2008-6806,0.04732,0.91223
CVE-2008-6807,0.02052,0.79608
CVE-2008-6808,0.00967,0.58735
CVE-2008-6809,0.00981,0.59245
CVE-2008-6810,0.00999,0.59826
CVE-2008-6811,0.07097,0.93849
CVE-2008-6812,0.00987,0.59429
CVE-2008-6813,0.00987,0.59422
CVE-2008-6814,0.03326,0.8774
CVE-2008-6815,0.02814,0.8545
CVE-2008-6816,0.04456,0.90759
CVE-2008-6817,0.00901,0.56664
CVE-2008-6818,0.00901,0.56664
CVE-2008-6819,0.013,0.67935
CVE-2008-6820,0.01826,0.76943
CVE-2008-6821,0.03672,0.88871
CVE-2008-6822,0.04344,0.90545
CVE-2008-6823,0.01539,0.72675
CVE-2008-6824,0.0357,0.88549
CVE-2008-6825,0.20271,0.97335
CVE-2008-6826,0.04599,0.90998
CVE-2008-6827,0.01084,0.62383
CVE-2008-6828,0.00248,0.15975
CVE-2008-6829,0.37607,0.98474
CVE-2008-6830,0.0174,0.75761
CVE-2008-6831,0.01263,0.67069
CVE-2008-6832,0.00581,0.45099
CVE-2008-6833,0.08557,0.94736
CVE-2008-6834,0.04045,0.89918
CVE-2008-6835,0.01065,0.61859
CVE-2008-6836,0.00629,0.47366
CVE-2008-6837,0.02372,0.82489
CVE-2008-6838,0.0175,0.75921
CVE-2008-6839,0.01462,0.71316
CVE-2008-6840,0.01936,0.78351
CVE-2008-6841,0.05724,0.92549
CVE-2008-6842,0.01857,0.77357
CVE-2008-6843,0.06697,0.93519
CVE-2008-6844,0.02967,0.86201
CVE-2008-6845,0.02211,0.81132
CVE-2008-6846,0.03691,0.88926
CVE-2008-6847,0.01445,0.70965
CVE-2008-6848,0.01751,0.75929
CVE-2008-6849,0.02326,0.82116
CVE-2008-6850,0.01065,0.61859
CVE-2008-6851,0.00879,0.56042
CVE-2008-6852,0.00967,0.58769
CVE-2008-6853,0.00967,0.58736
CVE-2008-6854,0.02537,0.83711
CVE-2008-6855,0.02511,0.83521
CVE-2008-6856,0.02537,0.83711
CVE-2008-6857,0.02588,0.8409
CVE-2008-6858,0.02511,0.83519
CVE-2008-6859,0.02511,0.8352
CVE-2008-6860,0.02522,0.83618
CVE-2008-6861,0.02511,0.83518
CVE-2008-6862,0.02511,0.8352
CVE-2008-6863,0.02511,0.83521
CVE-2008-6864,0.02511,0.83521
CVE-2008-6865,0.01125,0.63465
CVE-2008-6866,0.01125,0.63465
CVE-2008-6867,0.01042,0.61089
CVE-2008-6868,0.01107,0.62977
CVE-2008-6869,0.06204,0.93086
CVE-2008-6870,0.02728,0.84952
CVE-2008-6871,0.02459,0.83171
CVE-2008-6872,0.05912,0.9277
CVE-2008-6873,0.00999,0.59815
CVE-2008-6874,0.00973,0.58985
CVE-2008-6875,0.0115,0.64128
CVE-2008-6876,0.01107,0.62979
CVE-2008-6877,0.0234,0.82239
CVE-2008-6878,0.0234,0.82238
CVE-2008-6879,0.04989,0.91653
CVE-2008-6880,0.00971,0.58924
CVE-2008-6881,0.01029,0.60697
CVE-2008-6882,0.02287,0.81783
CVE-2008-6883,0.01003,0.59932
CVE-2008-6884,0.05615,0.9242
CVE-2008-6885,0.01285,0.67595
CVE-2008-6886,0.01489,0.718
CVE-2008-6887,0.00987,0.59429
CVE-2008-6888,0.01475,0.71552
CVE-2008-6889,0.01003,0.59945
CVE-2008-6890,0.00967,0.58765
CVE-2008-6891,0.01472,0.7149
CVE-2008-6892,0.02001,0.79094
CVE-2008-6893,0.01647,0.74365
CVE-2008-6894,0.01065,0.61874
CVE-2008-6895,0.0121,0.65765
CVE-2008-6896,0.01064,0.61806
CVE-2008-6897,0.05789,0.92622
CVE-2008-6898,0.31742,0.98211
CVE-2008-6899,0.05294,0.92046
CVE-2008-6900,0.03334,0.87769
CVE-2008-6901,0.01922,0.78175
CVE-2008-6902,0.03271,0.87532
CVE-2008-6903,0.06613,0.93452
CVE-2008-6904,0.1056,0.95514
CVE-2008-6905,0.00817,0.54135
CVE-2008-6906,0.01445,0.70971
CVE-2008-6907,0.00914,0.57055
CVE-2008-6908,0.01359,0.69294
CVE-2008-6909,0.01115,0.63199
CVE-2008-6910,0.01359,0.69294
CVE-2008-6911,0.02006,0.79154
CVE-2008-6912,0.07412,0.94083
CVE-2008-6913,0.03289,0.87605
CVE-2008-6914,0.03055,0.86591
CVE-2008-6915,0.01507,0.72133
CVE-2008-6916,0.04338,0.90533
CVE-2008-6917,0.01003,0.59941
CVE-2008-6918,0.04227,0.90323
CVE-2008-6919,0.02511,0.8352
CVE-2008-6920,0.05111,0.91805
CVE-2008-6921,0.05111,0.91805
CVE-2008-6922,0.09313,0.95075
CVE-2008-6923,0.00928,0.57474
CVE-2008-6924,0.01497,0.71941
CVE-2008-6925,0.00845,0.54991
CVE-2008-6926,0.04171,0.90194
CVE-2008-6927,0.04436,0.90725
CVE-2008-6928,0.03289,0.87605
CVE-2008-6929,0.03395,0.8798
CVE-2008-6930,0.03391,0.87965
CVE-2008-6931,0.03391,0.87964
CVE-2008-6932,0.04808,0.9134
CVE-2008-6933,0.02672,0.84638
CVE-2008-6934,0.02908,0.85936
CVE-2008-6935,0.05381,0.9214
CVE-2008-6936,0.03124,0.86899
CVE-2008-6937,0.03212,0.87274
CVE-2008-6938,0.26485,0.9791
CVE-2008-6939,0.03121,0.86884
CVE-2008-6940,0.02844,0.85611
CVE-2008-6941,0.0114,0.63835
CVE-2008-6942,0.03949,0.8969
CVE-2008-6943,0.03949,0.8969
CVE-2008-6944,0.03954,0.89702
CVE-2008-6945,0.01321,0.68386
CVE-2008-6946,0.03435,0.8811
CVE-2008-6947,0.07871,0.94366
CVE-2008-6948,0.07874,0.9437
CVE-2008-6949,0.0179,0.76431
CVE-2008-6950,0.00967,0.58722
CVE-2008-6951,0.01784,0.76365
CVE-2008-6952,0.02266,0.81594
CVE-2008-6953,0.08598,0.94756
CVE-2008-6954,0.02145,0.80521
CVE-2008-6955,0.06359,0.93236
CVE-2008-6956,0.04807,0.91338
CVE-2008-6957,0.02844,0.85612
CVE-2008-6958,0.0577,0.92604
CVE-2008-6959,0.05725,0.92552
CVE-2008-6960,0.06968,0.9374
CVE-2008-6961,0.01518,0.7232
CVE-2008-6962,0.00654,0.48435
CVE-2008-6963,0.02451,0.83114
CVE-2008-6964,0.00967,0.58717
CVE-2008-6965,0.02575,0.84002
CVE-2008-6966,0.02501,0.83445
CVE-2008-6967,0.01182,0.65035
CVE-2008-6968,0.00951,0.58227
CVE-2008-6969,0.01223,0.66133
CVE-2008-6970,0.07251,0.93974
CVE-2008-6971,0.07131,0.93882
CVE-2008-6972,0.00868,0.55709
CVE-2008-6973,0.02019,0.7928
CVE-2008-6974,0.01452,0.71108
CVE-2008-6975,0.01311,0.68157
CVE-2008-6976,0.09178,0.95025
CVE-2008-6977,0.01751,0.75929
CVE-2008-6978,0.04295,0.9045
CVE-2008-6979,0.01003,0.59965
CVE-2008-6980,0.01096,0.62703
CVE-2008-6981,0.01029,0.60714
CVE-2008-6982,0.05735,0.92562
CVE-2008-6983,0.05786,0.92618
CVE-2008-6984,0.01353,0.69142
CVE-2008-6985,0.0158,0.73314
CVE-2008-6986,0.02808,0.85412
CVE-2008-6987,0.02124,0.80317
CVE-2008-6988,0.01862,0.77428
CVE-2008-6989,0.0101,0.60161
CVE-2008-6990,0.01032,0.60797
CVE-2008-6991,0.02057,0.79662
CVE-2008-6992,0.01382,0.69792
CVE-2008-6993,0.01902,0.7793
CVE-2008-6994,0.10216,0.95398
CVE-2008-6995,0.048,0.91327
CVE-2008-6996,0.06423,0.93288
CVE-2008-6997,0.03676,0.88883
CVE-2008-6998,0.09683,0.95219
CVE-2008-6999,0.01324,0.68438
CVE-2008-7000,0.02052,0.79608
CVE-2008-7001,0.0355,0.88489
CVE-2008-7002,0.00832,0.5461
CVE-2008-7003,0.00967,0.58753
CVE-2008-7004,0.01678,0.74843
CVE-2008-7005,0.09108,0.95001
CVE-2008-7006,0.06635,0.93468
CVE-2008-7007,0.02588,0.8409
CVE-2008-7008,0.02824,0.85502
CVE-2008-7009,0.01059,0.616
CVE-2008-7010,0.03698,0.88949
CVE-2008-7011,0.02168,0.80747
CVE-2008-7012,0.06674,0.93497
CVE-2008-7013,0.00926,0.57391
CVE-2008-7014,0.02607,0.84216
CVE-2008-7015,0.02765,0.85181
CVE-2008-7016,0.00581,0.45101
CVE-2008-7017,0.00898,0.56579
CVE-2008-7018,0.01022,0.60503
CVE-2008-7019,0.02561,0.83906
CVE-2008-7020,0.00203,0.10196
CVE-2008-7021,0.02735,0.84988
CVE-2008-7022,0.04818,0.91355
CVE-2008-7023,0.01809,0.76698
CVE-2008-7024,0.02532,0.83682
CVE-2008-7025,0.02015,0.79239
CVE-2008-7026,0.04701,0.91171
CVE-2008-7027,0.02287,0.81782
CVE-2008-7028,0.02561,0.83906
CVE-2008-7029,0.0156,0.7301
CVE-2008-7030,0.00971,0.58926
CVE-2008-7031,0.08251,0.94582
CVE-2008-7032,0.02423,0.82886
CVE-2008-7033,0.00971,0.58933
CVE-2008-7034,0.01514,0.72266
CVE-2008-7035,0.00845,0.54979
CVE-2008-7036,0.01497,0.71942
CVE-2008-7037,0.0145,0.71057
CVE-2008-7038,0.01154,0.64257
CVE-2008-7039,0.01033,0.60844
CVE-2008-7040,0.02797,0.85356
CVE-2008-7041,0.02773,0.85235
CVE-2008-7042,0.02307,0.81952
CVE-2008-7043,0.0172,0.75461
CVE-2008-7044,0.00999,0.59816
CVE-2008-7045,0.02602,0.84184
CVE-2008-7046,0.02163,0.80692
CVE-2008-7047,0.03128,0.86913
CVE-2008-7048,0.01062,0.61732
CVE-2008-7049,0.00975,0.59081
CVE-2008-7050,0.01885,0.7771
CVE-2008-7051,0.02511,0.83519
CVE-2008-7052,0.03289,0.87605
CVE-2008-7053,0.06542,0.93398
CVE-2008-7054,0.07041,0.93807
CVE-2008-7055,0.02002,0.79101
CVE-2008-7056,0.02459,0.83171
CVE-2008-7057,0.01453,0.71138
CVE-2008-7058,0.00941,0.57907
CVE-2008-7059,0.00969,0.58861
CVE-2008-7060,0.01109,0.6305
CVE-2008-7061,0.04256,0.90379
CVE-2008-7062,0.0672,0.93539
CVE-2008-7063,0.02229,0.81289
CVE-2008-7064,0.0319,0.87186
CVE-2008-7065,0.03732,0.89053
CVE-2008-7066,0.02501,0.83445
CVE-2008-7067,0.02294,0.81845
CVE-2008-7068,0.01591,0.73483
CVE-2008-7069,0.0253,0.83669
CVE-2008-7070,0.0505,0.91729
CVE-2008-7071,0.00967,0.58764
CVE-2008-7072,0.01445,0.70971
CVE-2008-7073,0.01812,0.76749
CVE-2008-7074,0.04893,0.91477
CVE-2008-7075,0.02028,0.79365
CVE-2008-7076,0.03391,0.87964
CVE-2008-7077,0.00973,0.58977
CVE-2008-7078,0.07139,0.93892
CVE-2008-7079,0.05757,0.9259
CVE-2008-7080,0.07587,0.94191
CVE-2008-7081,0.02239,0.8138
CVE-2008-7082,0.00597,0.45876
CVE-2008-7083,0.00967,0.58724
CVE-2008-7084,0.02755,0.85118
CVE-2008-7085,0.0199,0.78974
CVE-2008-7086,0.06641,0.93471
CVE-2008-7087,0.02304,0.81929
CVE-2008-7088,0.03253,0.87462
CVE-2008-7089,0.0171,0.75325
CVE-2008-7090,0.08298,0.94609
CVE-2008-7091,0.02098,0.80095
CVE-2008-7092,0.01774,0.76241
CVE-2008-7093,0.01546,0.72768
CVE-2008-7094,0.0144,0.70873
CVE-2008-7095,0.01411,0.70331
CVE-2008-7096,0.00322,0.24538
CVE-2008-7097,0.02082,0.7992
CVE-2008-7098,0.02003,0.79112
CVE-2008-7099,0.02016,0.7925
CVE-2008-7100,0.01216,0.65942
CVE-2008-7101,0.01267,0.67182
CVE-2008-7102,0.01413,0.70382
CVE-2008-7103,0.09751,0.95244
CVE-2008-7104,0.03329,0.87753
CVE-2008-7105,0.03329,0.87753
CVE-2008-7106,0.02585,0.84064
CVE-2008-7107,0.00833,0.54652
CVE-2008-7108,0.01022,0.60504
CVE-2008-7109,0.04133,0.9012
CVE-2008-7110,0.02884,0.85811
CVE-2008-7111,0.03368,0.87891
CVE-2008-7112,0.01435,0.7079
CVE-2008-7113,0.01173,0.64767
CVE-2008-7114,0.00909,0.56913
CVE-2008-7115,0.0411,0.9007
CVE-2008-7116,0.00967,0.58748
CVE-2008-7117,0.01731,0.7563
CVE-2008-7118,0.02445,0.83057
CVE-2008-7119,0.00967,0.5874
CVE-2008-7120,0.01062,0.61726
CVE-2008-7121,0.00899,0.56601
CVE-2008-7122,0.03059,0.86604
CVE-2008-7123,0.04058,0.89953
CVE-2008-7124,0.08606,0.94762
CVE-2008-7125,0.02237,0.8136
CVE-2008-7126,0.10012,0.95333
CVE-2008-7127,0.02156,0.80633
CVE-2008-7128,0.0139,0.69937
CVE-2008-7129,0.00878,0.5603
CVE-2008-7130,0.01222,0.66106
CVE-2008-7131,0.01202,0.65539
CVE-2008-7132,0.01062,0.61727
CVE-2008-7133,0.01462,0.71317
CVE-2008-7134,0.01524,0.72411
CVE-2008-7135,0.0215,0.80568
CVE-2008-7136,0.04237,0.90347
CVE-2008-7137,0.01717,0.75432
CVE-2008-7138,0.01295,0.67814
CVE-2008-7139,0.00728,0.51195
CVE-2008-7140,0.01478,0.71605
CVE-2008-7141,0.01436,0.70804
CVE-2008-7142,0.02604,0.84197
CVE-2008-7143,0.01052,0.61418
CVE-2008-7144,0.02266,0.816
CVE-2008-7145,0.00961,0.58523
CVE-2008-7146,0.01324,0.68437
CVE-2008-7147,0.01022,0.60506
CVE-2008-7148,0.02072,0.79814
CVE-2008-7149,0.01239,0.66498
CVE-2008-7150,0.01022,0.60506
CVE-2008-7151,0.00604,0.46164
CVE-2008-7152,0.01924,0.78199
CVE-2008-7153,0.02386,0.82593
CVE-2008-7154,0.02539,0.8373
CVE-2008-7155,0.02328,0.82129
CVE-2008-7156,0.01906,0.77986
CVE-2008-7157,0.03326,0.87741
CVE-2008-7158,0.0333,0.87755
CVE-2008-7159,0.03424,0.88077
CVE-2008-7160,0.04026,0.89879
CVE-2008-7161,0.06407,0.9327
CVE-2008-7162,0.0552,0.9229
CVE-2008-7163,0.04082,0.90005
CVE-2008-7164,0.01541,0.7271
CVE-2008-7165,0.00657,0.48551
CVE-2008-7166,0.02849,0.85638
CVE-2008-7167,0.04215,0.90296
CVE-2008-7168,0.05647,0.9246
CVE-2008-7169,0.00931,0.57587
CVE-2008-7170,0.09945,0.95312
CVE-2008-7171,0.01445,0.70966
CVE-2008-7172,0.02287,0.81784
CVE-2008-7173,0.04696,0.91163
CVE-2008-7174,0.04619,0.91033
CVE-2008-7175,0.01467,0.71423
CVE-2008-7176,0.01972,0.78761
CVE-2008-7177,0.02393,0.82648
CVE-2008-7178,0.02175,0.80813
CVE-2008-7179,0.02287,0.81782
CVE-2008-7180,0.0162,0.7395
CVE-2008-7181,0.02287,0.81784
CVE-2008-7182,0.24277,0.9774
CVE-2008-7183,0.01228,0.66259
CVE-2008-7184,0.01449,0.71048
CVE-2008-7185,0.03055,0.8659
CVE-2008-7186,0.01339,0.68799
CVE-2008-7187,0.01339,0.68799
CVE-2008-7188,0.023,0.81897
CVE-2008-7189,0.01446,0.70992
CVE-2008-7190,0.01219,0.66012
CVE-2008-7191,0.01158,0.64346
CVE-2008-7192,0.00824,0.54361
CVE-2008-7193,0.00574,0.44794
CVE-2008-7194,0.01233,0.66387
CVE-2008-7195,0.01233,0.66387
CVE-2008-7196,0.02072,0.79814
CVE-2008-7197,0.01239,0.66503
CVE-2008-7198,0.01239,0.66499
CVE-2008-7199,0.01105,0.62943
CVE-2008-7200,0.01239,0.66499
CVE-2008-7201,0.01267,0.67181
CVE-2008-7202,0.01074,0.62095
CVE-2008-7203,0.02607,0.84217
CVE-2008-7204,0.00581,0.45101
CVE-2008-7205,0.01105,0.62925
CVE-2008-7206,0.00884,0.56195
CVE-2008-7207,0.00287,0.20709
CVE-2008-7208,0.01768,0.76162
CVE-2008-7209,0.06007,0.92875
CVE-2008-7210,0.01143,0.63926
CVE-2008-7211,0.00781,0.52964
CVE-2008-7212,0.01655,0.74488
CVE-2008-7213,0.02152,0.80587
CVE-2008-7214,0.00749,0.51927
CVE-2008-7215,0.01811,0.76723
CVE-2008-7216,0.05848,0.92695
CVE-2008-7217,0.01393,0.69999
CVE-2008-7218,0.02202,0.81059
CVE-2008-7219,0.02744,0.85052
CVE-2008-7220,0.13355,0.96196
CVE-2008-7221,0.0062,0.46958
CVE-2008-7222,0.01449,0.71049
CVE-2008-7223,0.01199,0.65462
CVE-2008-7224,0.02835,0.85561
CVE-2008-7225,0.05464,0.92235
CVE-2008-7226,0.00971,0.58925
CVE-2008-7227,0.00926,0.57391
CVE-2008-7228,0.0147,0.71469
CVE-2008-7229,0.01147,0.64029
CVE-2008-7230,0.01239,0.66499
CVE-2008-7231,0.00842,0.54882
CVE-2008-7232,0.24511,0.97759
CVE-2008-7233,0.04057,0.89952
CVE-2008-7234,0.0556,0.92348
CVE-2008-7235,0.04973,0.91621
CVE-2008-7236,0.04172,0.90198
CVE-2008-7237,0.04083,0.90007
CVE-2008-7238,0.02209,0.8112
CVE-2008-7239,0.02998,0.86337
CVE-2008-7240,0.06339,0.93216
CVE-2008-7241,0.00524,0.42178
CVE-2008-7242,0.01511,0.72206
CVE-2008-7243,0.00629,0.47372
CVE-2008-7244,0.04474,0.90788
CVE-2008-7245,0.06263,0.93141
CVE-2008-7246,0.02357,0.82379
CVE-2008-7247,0.01768,0.76165
CVE-2008-7248,0.0808,0.94478
CVE-2008-7249,0.04008,0.89838
CVE-2008-7250,0.01056,0.61526
CVE-2008-7251,0.02662,0.84563
CVE-2008-7252,0.02665,0.84586
CVE-2008-7253,0.02093,0.80031
CVE-2008-7254,0.01857,0.77357
CVE-2008-7255,0.00318,0.24124
CVE-2008-7256,0.00335,0.26019
CVE-2008-7257,0.11567,0.95782
CVE-2008-7258,0.01054,0.61468
CVE-2008-7261,0.00346,0.2725
CVE-2008-7262,0.02043,0.79513
CVE-2008-7263,0.0153,0.72509
CVE-2008-7264,0.01348,0.69033
CVE-2008-7265,0.032,0.87222
CVE-2008-7266,0.01127,0.63516
CVE-2008-7267,0.01185,0.65105
CVE-2008-7268,0.01616,0.7388
CVE-2008-7269,0.08391,0.94654
CVE-2008-7270,0.03426,0.88083
CVE-2008-7271,0.01899,0.77893
CVE-2008-7272,0.00888,0.56273
CVE-2008-7273,0.00398,0.32724
CVE-2008-7274,0.00971,0.58934
CVE-2008-7275,0.01321,0.68388
CVE-2008-7276,0.00298,0.21878
CVE-2008-7277,0.01467,0.71418
CVE-2008-7278,0.01984,0.7889
CVE-2008-7279,0.01013,0.6025
CVE-2008-7280,0.01694,0.75084
CVE-2008-7281,0.0173,0.75623
CVE-2008-7282,0.00837,0.54772
CVE-2008-7283,0.00898,0.56584
CVE-2008-7284,0.00785,0.53106
CVE-2008-7285,0.01118,0.6328
CVE-2008-7286,0.00785,0.53106
CVE-2008-7287,0.00883,0.56156
CVE-2008-7288,0.01105,0.62943
CVE-2008-7289,0.00883,0.56154
CVE-2008-7290,0.00883,0.56154
CVE-2008-7291,0.01417,0.70444
CVE-2008-7292,0.00384,0.31271
CVE-2008-7293,0.01675,0.74798
CVE-2008-7294,0.01012,0.60199
CVE-2008-7295,0.05105,0.91798
CVE-2008-7296,0.01005,0.59992
CVE-2008-7297,0.01005,0.59992
CVE-2008-7298,0.0099,0.59498
CVE-2008-7299,0.00785,0.5311
CVE-2008-7300,0.015,0.72014
CVE-2008-7301,0.00905,0.568
CVE-2008-7302,0.01001,0.59881
CVE-2008-7303,0.03537,0.88444
CVE-2008-7309,0.01053,0.61446
CVE-2008-7310,0.0123,0.66311
CVE-2008-7311,0.0123,0.66311
CVE-2008-7312,0.01187,0.65167
CVE-2008-7313,0.04157,0.90171
CVE-2008-7314,0.01348,0.69025
CVE-2008-7315,0.0287,0.85736
CVE-2008-7316,0.00385,0.31324
CVE-2008-7319,0.05771,0.92604
CVE-2008-7320,0.0043,0.35696
CVE-2008-7321,0.01198,0.65456
