#model_version:v2026.06.15,score_date:2026-09-21T12:03:23Z
cve,epss,percentile
CVE-2025-30000,0.0014,0.03677
CVE-2025-30001,0.00554,0.44884
CVE-2025-30002,0.00865,0.56639
CVE-2025-30003,0.00865,0.56639
CVE-2025-30004,0.04225,0.90586
CVE-2025-30005,0.01813,0.77379
CVE-2025-30006,0.0024,0.1541
CVE-2025-30007,0.03242,0.87747
CVE-2025-30008,0.00297,0.22545
CVE-2025-30009,0.00295,0.22294
CVE-2025-30010,0.00288,0.2158
CVE-2025-30011,0.00366,0.30311
CVE-2025-30012,0.00776,0.53863
CVE-2025-30013,0.00787,0.54223
CVE-2025-30014,0.00776,0.5386
CVE-2025-30015,0.00262,0.18346
CVE-2025-30016,0.00599,0.47068
CVE-2025-30017,0.00146,0.04212
CVE-2025-30018,0.0042,0.35821
CVE-2025-30022,0.00292,0.21998
CVE-2025-30023,0.00536,0.43925
CVE-2025-30024,0.00359,0.29598
CVE-2025-30025,0.00182,0.08024
CVE-2025-30026,0.00616,0.4787
CVE-2025-30027,0.00159,0.05425
CVE-2025-30028,0.00368,0.30569
CVE-2025-30030,0.00865,0.56639
CVE-2025-30031,0.00865,0.56638
CVE-2025-30032,0.00865,0.56638
CVE-2025-30033,0.00206,0.10936
CVE-2025-30034,0.00125,0.0252
CVE-2025-30035,0.00207,0.11164
CVE-2025-30036,0.0016,0.05579
CVE-2025-30037,0.00205,0.10817
CVE-2025-30038,0.00169,0.06611
CVE-2025-30039,0.00176,0.07407
CVE-2025-30040,0.00182,0.08022
CVE-2025-30041,0.00176,0.07408
CVE-2025-30042,0.00086,0.00388
CVE-2025-30044,0.00544,0.44338
CVE-2025-30048,0.00205,0.10817
CVE-2025-30055,0.00233,0.14408
CVE-2025-30056,0.00233,0.14409
CVE-2025-30057,0.00718,0.51969
CVE-2025-30058,0.00217,0.1238
CVE-2025-30059,0.00217,0.12379
CVE-2025-30060,0.00217,0.1238
CVE-2025-30061,0.00217,0.12379
CVE-2025-30062,0.0019,0.08894
CVE-2025-30063,0.00134,0.03257
CVE-2025-30064,0.00085,0.00347
CVE-2025-30065,0.43597,0.9872
CVE-2025-30066,0.69794,0.99357
CVE-2025-30067,0.00911,0.57955
CVE-2025-30072,0.00553,0.44802
CVE-2025-30073,0.0036,0.29687
CVE-2025-30074,0.00121,0.02205
CVE-2025-30075,0.00137,0.03436
CVE-2025-30076,0.00407,0.34641
CVE-2025-30077,0.00156,0.05216
CVE-2025-30080,0.00518,0.42879
CVE-2025-30084,0.00215,0.12171
CVE-2025-30085,0.00563,0.45333
CVE-2025-30086,0.00602,0.47208
CVE-2025-30087,0.00313,0.24333
CVE-2025-30089,0.0028,0.20731
CVE-2025-30090,0.00261,0.18079
CVE-2025-30091,0.00773,0.53781
CVE-2025-30092,0.00228,0.13816
CVE-2025-30093,0.00347,0.2822
CVE-2025-30095,0.00485,0.40757
CVE-2025-30096,0.00439,0.37476
CVE-2025-30097,0.00439,0.37476
CVE-2025-30098,0.00439,0.37476
CVE-2025-30099,0.00429,0.3665
CVE-2025-30100,0.00134,0.03281
CVE-2025-30101,0.00153,0.04843
CVE-2025-30102,0.0021,0.11522
CVE-2025-30103,0.00169,0.06607
CVE-2025-30105,0.00138,0.0356
CVE-2025-30106,0.00272,0.19796
CVE-2025-30107,0.00323,0.25526
CVE-2025-30109,0.00232,0.14294
CVE-2025-30110,0.00273,0.19845
CVE-2025-30111,0.00417,0.35561
CVE-2025-30112,0.00285,0.21195
CVE-2025-30113,0.00439,0.37468
CVE-2025-30114,0.00443,0.37815
CVE-2025-30115,0.00439,0.37467
CVE-2025-30116,0.0054,0.44115
CVE-2025-30117,0.00368,0.30556
CVE-2025-30118,0.004,0.33998
CVE-2025-30122,0.00439,0.37467
CVE-2025-30123,0.00439,0.37468
CVE-2025-30124,0.00286,0.21324
CVE-2025-30125,0.00404,0.34337
CVE-2025-30126,0.00336,0.27002
CVE-2025-30127,0.00428,0.36558
CVE-2025-30131,0.00635,0.48715
CVE-2025-30132,0.00357,0.29333
CVE-2025-30133,0.00501,0.41781
CVE-2025-30135,0.00532,0.43736
CVE-2025-30137,0.00463,0.3927
CVE-2025-30138,0.00179,0.07646
CVE-2025-30139,0.00413,0.35191
CVE-2025-30140,0.00355,0.29167
CVE-2025-30141,0.0035,0.28638
CVE-2025-30142,0.00277,0.20342
CVE-2025-30143,0.00233,0.14459
CVE-2025-30144,0.00581,0.46165
CVE-2025-30145,0.00512,0.42496
CVE-2025-30147,0.00271,0.19721
CVE-2025-30148,0.00287,0.2144
CVE-2025-30149,0.00319,0.25053
CVE-2025-30150,0.00392,0.33143
CVE-2025-30151,0.0041,0.34854
CVE-2025-30152,0.00343,0.27852
CVE-2025-30153,0.00527,0.43429
CVE-2025-30154,0.02437,0.83442
CVE-2025-30155,0.00322,0.25347
CVE-2025-30156,0.00093,0.00643
CVE-2025-30157,0.00427,0.36484
CVE-2025-30158,0.00548,0.44527
CVE-2025-30159,0.00684,0.50743
CVE-2025-30160,0.00567,0.45541
CVE-2025-30161,0.1088,0.95724
CVE-2025-30162,0.0022,0.12689
CVE-2025-30163,0.00205,0.10871
CVE-2025-30164,0.00259,0.17905
CVE-2025-30165,0.00479,0.40399
CVE-2025-30166,0.00249,0.16464
CVE-2025-30167,0.00186,0.08378
CVE-2025-30168,0.00398,0.33793
CVE-2025-30169,0.00348,0.28393
CVE-2025-30170,0.00298,0.22672
CVE-2025-30171,0.00322,0.2538
CVE-2025-30172,0.00543,0.44315
CVE-2025-30173,0.00348,0.28394
CVE-2025-30174,0.00623,0.48212
CVE-2025-30175,0.00623,0.48212
CVE-2025-30176,0.00623,0.48213
CVE-2025-30177,0.01248,0.67542
CVE-2025-30179,0.00309,0.2385
CVE-2025-30182,0.00118,0.01946
CVE-2025-30183,0.00418,0.35647
CVE-2025-30184,0.0052,0.42982
CVE-2025-30185,0.00125,0.02521
CVE-2025-30186,0.00181,0.07945
CVE-2025-30187,0.00288,0.21509
CVE-2025-30188,0.00346,0.28145
CVE-2025-30189,0.0054,0.44145
CVE-2025-30190,0.00181,0.07945
CVE-2025-30191,0.00181,0.07893
CVE-2025-30192,0.00239,0.15181
CVE-2025-30193,0.00614,0.47774
CVE-2025-30194,0.02238,0.81873
CVE-2025-30195,0.00762,0.5342
CVE-2025-30196,0.00309,0.2389
CVE-2025-30197,0.00277,0.20315
CVE-2025-30198,0.00217,0.12372
CVE-2025-30199,0.00288,0.215
CVE-2025-30200,0.00136,0.03385
CVE-2025-30201,0.00766,0.53519
CVE-2025-30202,0.00574,0.45854
CVE-2025-30203,0.00296,0.2247
CVE-2025-30204,0.00736,0.52553
CVE-2025-30205,0.0028,0.20741
CVE-2025-30206,0.00886,0.57247
CVE-2025-30207,0.00564,0.45394
CVE-2025-30208,0.74969,0.99495
CVE-2025-30209,0.00365,0.30219
CVE-2025-30210,0.00346,0.28141
CVE-2025-30211,0.00454,0.38666
CVE-2025-30212,0.00426,0.36362
CVE-2025-30213,0.00709,0.5165
CVE-2025-30214,0.004,0.33969
CVE-2025-30215,0.00591,0.46693
CVE-2025-30216,0.02605,0.84631
CVE-2025-30217,0.00354,0.29073
CVE-2025-30218,0.00416,0.3545
CVE-2025-30219,0.00211,0.11661
CVE-2025-30220,0.42285,0.98679
CVE-2025-30221,0.00281,0.20777
CVE-2025-30222,0.00189,0.08829
CVE-2025-30223,0.00593,0.46772
CVE-2025-30224,0.00737,0.52581
CVE-2025-30225,0.00424,0.36216
CVE-2025-30232,0.00524,0.43228
CVE-2025-30234,0.00258,0.17754
CVE-2025-30235,0.00215,0.12098
CVE-2025-30236,0.00358,0.29464
CVE-2025-30237,0.00225,0.13488
CVE-2025-30238,0.00144,0.04021
CVE-2025-30239,0.00144,0.04021
CVE-2025-30240,0.00178,0.07587
CVE-2025-30241,0.00526,0.4336
CVE-2025-30247,0.01089,0.63426
CVE-2025-30248,0.00578,0.46063
CVE-2025-30254,0.00487,0.40903
CVE-2025-30255,0.00185,0.08283
CVE-2025-30256,0.00394,0.333
CVE-2025-30257,0.00306,0.23518
CVE-2025-30258,0.00192,0.09131
CVE-2025-30259,0.00256,0.17546
CVE-2025-30260,0.0046,0.39016
CVE-2025-30261,0.0046,0.39015
CVE-2025-30262,0.0046,0.39014
CVE-2025-30263,0.0046,0.39014
CVE-2025-30264,0.00908,0.57894
CVE-2025-30265,0.00379,0.31631
CVE-2025-30266,0.00407,0.34602
CVE-2025-30267,0.00373,0.31054
CVE-2025-30268,0.00373,0.31054
CVE-2025-30269,0.00291,0.21875
CVE-2025-30270,0.00488,0.40935
CVE-2025-30271,0.00488,0.40934
CVE-2025-30272,0.0031,0.23981
CVE-2025-30273,0.00383,0.32134
CVE-2025-30274,0.0031,0.23982
CVE-2025-30275,0.00373,0.31055
CVE-2025-30276,0.00524,0.43228
CVE-2025-30277,0.00234,0.14595
CVE-2025-30278,0.00234,0.14595
CVE-2025-30279,0.00263,0.1845
CVE-2025-30280,0.00454,0.386
CVE-2025-30281,0.23593,0.97744
CVE-2025-30282,0.01793,0.77095
CVE-2025-30284,0.02091,0.80534
CVE-2025-30285,0.30874,0.98216
CVE-2025-30286,0.02587,0.84509
CVE-2025-30287,0.0289,0.86226
CVE-2025-30288,0.00326,0.25874
CVE-2025-30289,0.05341,0.92309
CVE-2025-30290,0.19546,0.97316
CVE-2025-30291,0.00234,0.14619
CVE-2025-30292,0.15506,0.96706
CVE-2025-30293,0.00824,0.55393
CVE-2025-30294,0.17202,0.97011
CVE-2025-30295,0.00297,0.22503
CVE-2025-30296,0.00249,0.16578
CVE-2025-30297,0.00243,0.15788
CVE-2025-30298,0.00275,0.20056
CVE-2025-30299,0.00275,0.20055
CVE-2025-30300,0.00198,0.09915
CVE-2025-30301,0.00203,0.1059
CVE-2025-30302,0.00229,0.13925
CVE-2025-30303,0.00229,0.13925
CVE-2025-30304,0.00243,0.15788
CVE-2025-30305,0.00245,0.16011
CVE-2025-30306,0.00247,0.16272
CVE-2025-30307,0.00245,0.16011
CVE-2025-30308,0.00245,0.16012
CVE-2025-30309,0.00247,0.16272
CVE-2025-30310,0.00316,0.24717
CVE-2025-30312,0.0017,0.06736
CVE-2025-30313,0.00202,0.10403
CVE-2025-30314,0.00348,0.28403
CVE-2025-30315,0.00283,0.20999
CVE-2025-30316,0.00271,0.19504
CVE-2025-30317,0.00335,0.26932
CVE-2025-30318,0.00275,0.20112
CVE-2025-30319,0.00246,0.16078
CVE-2025-30320,0.00246,0.16079
CVE-2025-30321,0.00246,0.16078
CVE-2025-30322,0.00217,0.12371
CVE-2025-30324,0.00282,0.20921
CVE-2025-30325,0.00282,0.2092
CVE-2025-30326,0.00282,0.2092
CVE-2025-30327,0.00226,0.13591
CVE-2025-30328,0.00256,0.17552
CVE-2025-30329,0.00229,0.13928
CVE-2025-30330,0.00556,0.44967
CVE-2025-30334,0.00437,0.37336
CVE-2025-30342,0.00258,0.17791
CVE-2025-30343,0.00473,0.39967
CVE-2025-30344,0.00316,0.2463
CVE-2025-30345,0.00283,0.20993
CVE-2025-30346,0.00306,0.2356
CVE-2025-30347,0.00345,0.27969
CVE-2025-30348,0.00361,0.29851
CVE-2025-30349,0.31292,0.98238
CVE-2025-30350,0.00424,0.36216
CVE-2025-30351,0.0036,0.29713
CVE-2025-30352,0.00363,0.30015
CVE-2025-30353,0.00507,0.42166
CVE-2025-30354,0.00363,0.29989
CVE-2025-30355,0.01181,0.65895
CVE-2025-30356,0.00647,0.49237
CVE-2025-30357,0.00455,0.38706
CVE-2025-30358,0.00692,0.51037
CVE-2025-30359,0.00573,0.45834
CVE-2025-30360,0.00342,0.2777
CVE-2025-30361,0.00543,0.44307
CVE-2025-30362,0.00264,0.18596
CVE-2025-30363,0.00274,0.19979
CVE-2025-30364,0.00649,0.49344
CVE-2025-30365,0.00645,0.49156
CVE-2025-30366,0.00269,0.19276
CVE-2025-30367,0.00504,0.41924
CVE-2025-30368,0.00336,0.27044
CVE-2025-30369,0.00267,0.1903
CVE-2025-30370,0.00585,0.46407
CVE-2025-30371,0.00412,0.35052
CVE-2025-30372,0.00538,0.44029
CVE-2025-30373,0.00324,0.25596
CVE-2025-30375,0.00585,0.46401
CVE-2025-30376,0.00585,0.46401
CVE-2025-30377,0.00646,0.49225
CVE-2025-30378,0.01354,0.69935
CVE-2025-30379,0.00545,0.44383
CVE-2025-30381,0.00545,0.44384
CVE-2025-30382,0.02491,0.83828
CVE-2025-30383,0.00545,0.44383
CVE-2025-30384,0.01328,0.69318
CVE-2025-30385,0.00505,0.42009
CVE-2025-30386,0.0065,0.49386
CVE-2025-30387,0.0119,0.66103
CVE-2025-30388,0.04137,0.9041
CVE-2025-30389,0.00842,0.55921
CVE-2025-30390,0.00922,0.58271
CVE-2025-30391,0.01275,0.68165
CVE-2025-30392,0.01044,0.62121
CVE-2025-30393,0.0044,0.37546
CVE-2025-30394,0.30495,0.98198
CVE-2025-30397,0.26835,0.97988
CVE-2025-30398,0.00787,0.54212
CVE-2025-30399,0.01064,0.62724
CVE-2025-30400,0.019,0.78485
CVE-2025-30401,0.20987,0.97507
CVE-2025-30402,0.00364,0.301
CVE-2025-30403,0.00289,0.21722
CVE-2025-30404,0.00598,0.47007
CVE-2025-30405,0.00598,0.47007
CVE-2025-30406,0.94343,0.99849
CVE-2025-30407,0.00133,0.03206
CVE-2025-30408,0.00172,0.069
CVE-2025-30409,0.00206,0.10916
CVE-2025-30410,0.0071,0.51672
CVE-2025-30411,0.00795,0.54452
CVE-2025-30412,0.0071,0.51672
CVE-2025-30413,0.00153,0.0481
CVE-2025-30415,0.00369,0.30593
CVE-2025-30416,0.00465,0.3939
CVE-2025-30417,0.00197,0.09713
CVE-2025-30418,0.00197,0.09712
CVE-2025-30419,0.00197,0.09712
CVE-2025-30420,0.00197,0.09712
CVE-2025-30421,0.002,0.1017
CVE-2025-30422,0.00668,0.50078
CVE-2025-30424,0.00983,0.60304
CVE-2025-30425,0.00787,0.54196
CVE-2025-30426,0.0119,0.66106
CVE-2025-30427,0.00803,0.54712
CVE-2025-30428,0.00342,0.27752
CVE-2025-30429,0.00297,0.2259
CVE-2025-30430,0.01143,0.64802
CVE-2025-30431,0.00127,0.02676
CVE-2025-30432,0.00816,0.55126
CVE-2025-30433,0.01241,0.6737
CVE-2025-30434,0.00263,0.18353
CVE-2025-30435,0.0026,0.17949
CVE-2025-30436,0.00466,0.39441
CVE-2025-30437,0.0051,0.42331
CVE-2025-30438,0.00286,0.2131
CVE-2025-30439,0.00403,0.34323
CVE-2025-30440,0.00197,0.09669
CVE-2025-30441,0.0023,0.14091
CVE-2025-30442,0.00221,0.12882
CVE-2025-30443,0.00276,0.20243
CVE-2025-30444,0.00752,0.53077
CVE-2025-30445,0.00363,0.3
CVE-2025-30446,0.0089,0.57324
CVE-2025-30447,0.00309,0.23853
CVE-2025-30448,0.00974,0.60042
CVE-2025-30449,0.0025,0.16695
CVE-2025-30450,0.00262,0.18251
CVE-2025-30451,0.00239,0.15168
CVE-2025-30452,0.01099,0.6369
CVE-2025-30453,0.00191,0.09056
CVE-2025-30454,0.00297,0.22592
CVE-2025-30455,0.00254,0.17158
CVE-2025-30456,0.0097,0.59891
CVE-2025-30457,0.01198,0.6632
CVE-2025-30458,0.00734,0.52511
CVE-2025-30459,0.00122,0.0231
CVE-2025-30460,0.00743,0.52796
CVE-2025-30461,0.00651,0.49438
CVE-2025-30462,0.00861,0.5651
CVE-2025-30463,0.00268,0.19144
CVE-2025-30464,0.00284,0.21164
CVE-2025-30465,0.01043,0.62085
CVE-2025-30466,0.00303,0.23169
CVE-2025-30467,0.00524,0.43253
CVE-2025-30468,0.00374,0.31121
CVE-2025-30469,0.00265,0.18666
CVE-2025-30470,0.00337,0.27075
CVE-2025-30471,0.01446,0.71717
CVE-2025-30472,0.00452,0.38491
CVE-2025-30473,0.00918,0.58174
CVE-2025-30474,0.00855,0.56349
CVE-2025-30475,0.00387,0.32517
CVE-2025-30476,0.00514,0.4264
CVE-2025-30477,0.00206,0.11019
CVE-2025-30479,0.01045,0.62143
CVE-2025-30480,0.00354,0.29132
CVE-2025-30483,0.00125,0.0254
CVE-2025-30485,0.00318,0.24879
CVE-2025-30506,0.00131,0.03101
CVE-2025-30507,0.00373,0.31083
CVE-2025-30508,0.00094,0.0068
CVE-2025-30509,0.00115,0.01746
CVE-2025-30510,0.00255,0.17336
CVE-2025-30511,0.00394,0.3338
CVE-2025-30512,0.00642,0.49036
CVE-2025-30513,0.00127,0.02692
CVE-2025-30514,0.00487,0.40902
CVE-2025-30515,0.00566,0.45512
CVE-2025-30516,0.00275,0.20096
CVE-2025-30518,0.00098,0.0087
CVE-2025-30519,0.00436,0.37221
CVE-2025-30520,0.00306,0.23459
CVE-2025-30521,0.00194,0.09325
CVE-2025-30522,0.00175,0.07321
CVE-2025-30523,0.00539,0.44059
CVE-2025-30524,0.0058,0.46149
CVE-2025-30525,0.00539,0.44059
CVE-2025-30526,0.00194,0.09324
CVE-2025-30527,0.00341,0.27627
CVE-2025-30528,0.00247,0.16328
CVE-2025-30529,0.00205,0.10884
CVE-2025-30530,0.00362,0.29945
CVE-2025-30531,0.00205,0.10888
CVE-2025-30532,0.00362,0.29943
CVE-2025-30533,0.00362,0.29941
CVE-2025-30534,0.00205,0.10887
CVE-2025-30535,0.00205,0.10887
CVE-2025-30536,0.00362,0.29945
CVE-2025-30537,0.00362,0.29944
CVE-2025-30538,0.00205,0.10887
CVE-2025-30539,0.00362,0.29946
CVE-2025-30540,0.00362,0.29941
CVE-2025-30541,0.00205,0.10885
CVE-2025-30542,0.00205,0.10886
CVE-2025-30543,0.00388,0.32684
CVE-2025-30544,0.00306,0.2346
CVE-2025-30545,0.00362,0.29945
CVE-2025-30546,0.00205,0.10886
CVE-2025-30547,0.00306,0.23459
CVE-2025-30548,0.00306,0.23459
CVE-2025-30549,0.00205,0.10886
CVE-2025-30550,0.00186,0.08448
CVE-2025-30551,0.00354,0.29099
CVE-2025-30552,0.00186,0.08449
CVE-2025-30553,0.00334,0.26762
CVE-2025-30554,0.00378,0.31592
CVE-2025-30555,0.00186,0.08452
CVE-2025-30556,0.00205,0.10889
CVE-2025-30557,0.00205,0.10886
CVE-2025-30558,0.00186,0.08449
CVE-2025-30559,0.00306,0.2346
CVE-2025-30560,0.00186,0.08451
CVE-2025-30561,0.00186,0.08453
CVE-2025-30562,0.00364,0.30175
CVE-2025-30563,0.00306,0.23461
CVE-2025-30564,0.00186,0.08455
CVE-2025-30565,0.00186,0.0845
CVE-2025-30566,0.00344,0.27916
CVE-2025-30567,0.02786,0.857
CVE-2025-30568,0.00194,0.09324
CVE-2025-30569,0.00415,0.35377
CVE-2025-30570,0.00539,0.44058
CVE-2025-30571,0.00539,0.44059
CVE-2025-30572,0.00175,0.07319
CVE-2025-30573,0.00341,0.27627
CVE-2025-30574,0.00341,0.27626
CVE-2025-30575,0.00341,0.27627
CVE-2025-30576,0.00194,0.09324
CVE-2025-30577,0.00175,0.07321
CVE-2025-30578,0.00175,0.07321
CVE-2025-30579,0.00306,0.2346
CVE-2025-30580,0.00665,0.49979
CVE-2025-30581,0.0044,0.37538
CVE-2025-30582,0.00679,0.50528
CVE-2025-30583,0.00175,0.0732
CVE-2025-30584,0.00175,0.0732
CVE-2025-30585,0.00194,0.09325
CVE-2025-30586,0.00175,0.0732
CVE-2025-30587,0.00175,0.07321
CVE-2025-30588,0.00175,0.0732
CVE-2025-30589,0.0035,0.28579
CVE-2025-30590,0.00415,0.35378
CVE-2025-30591,0.00361,0.29828
CVE-2025-30592,0.00361,0.29828
CVE-2025-30593,0.00271,0.19513
CVE-2025-30594,0.00521,0.43063
CVE-2025-30595,0.00271,0.19512
CVE-2025-30596,0.00537,0.43965
CVE-2025-30597,0.00271,0.19513
CVE-2025-30598,0.00177,0.07485
CVE-2025-30599,0.00277,0.20356
CVE-2025-30600,0.00277,0.20355
CVE-2025-30601,0.00177,0.07499
CVE-2025-30602,0.0029,0.21736
CVE-2025-30603,0.00161,0.05655
CVE-2025-30604,0.00437,0.37363
CVE-2025-30605,0.00301,0.22941
CVE-2025-30606,0.00277,0.20355
CVE-2025-30607,0.00288,0.21538
CVE-2025-30608,0.00161,0.05655
CVE-2025-30609,0.00382,0.31943
CVE-2025-30610,0.00279,0.2063
CVE-2025-30611,0.00288,0.21549
CVE-2025-30612,0.00161,0.05655
CVE-2025-30613,0.00286,0.21354
CVE-2025-30614,0.00306,0.23461
CVE-2025-30615,0.00237,0.14977
CVE-2025-30616,0.00288,0.21548
CVE-2025-30617,0.00177,0.07499
CVE-2025-30618,0.00542,0.44248
CVE-2025-30619,0.00172,0.06902
CVE-2025-30620,0.00161,0.05655
CVE-2025-30621,0.00161,0.05654
CVE-2025-30622,0.00388,0.32654
CVE-2025-30623,0.00277,0.20355
CVE-2025-30624,0.00283,0.21014
CVE-2025-30625,0.00264,0.1855
CVE-2025-30626,0.00243,0.15708
CVE-2025-30627,0.00264,0.1855
CVE-2025-30628,0.00245,0.16022
CVE-2025-30629,0.00158,0.05373
CVE-2025-30630,0.00264,0.18548
CVE-2025-30631,0.00175,0.07322
CVE-2025-30632,0.00163,0.05925
CVE-2025-30633,0.00275,0.20154
CVE-2025-30634,0.00264,0.1855
CVE-2025-30635,0.00452,0.38482
CVE-2025-30636,0.0032,0.25091
CVE-2025-30637,0.00264,0.1855
CVE-2025-30638,0.00249,0.16482
CVE-2025-30639,0.00304,0.2327
CVE-2025-30640,0.00189,0.08741
CVE-2025-30641,0.0019,0.08874
CVE-2025-30642,0.00169,0.0658
CVE-2025-30644,0.00319,0.2502
CVE-2025-30645,0.00417,0.35549
CVE-2025-30646,0.00245,0.16063
CVE-2025-30647,0.00245,0.16063
CVE-2025-30648,0.00232,0.14351
CVE-2025-30649,0.00417,0.35549
CVE-2025-30650,0.00137,0.03435
CVE-2025-30651,0.00417,0.35549
CVE-2025-30652,0.00163,0.05928
CVE-2025-30653,0.00245,0.16063
CVE-2025-30654,0.00174,0.07196
CVE-2025-30655,0.00148,0.04395
CVE-2025-30656,0.00417,0.3555
CVE-2025-30657,0.00398,0.33806
CVE-2025-30658,0.00417,0.3555
CVE-2025-30659,0.00417,0.35548
CVE-2025-30660,0.00417,0.35548
CVE-2025-30661,0.00172,0.06879
CVE-2025-30662,0.00129,0.02892
CVE-2025-30663,0.00147,0.04278
CVE-2025-30664,0.00271,0.19517
CVE-2025-30665,0.00549,0.44606
CVE-2025-30666,0.00549,0.44606
CVE-2025-30667,0.00549,0.44605
CVE-2025-30668,0.00549,0.44606
CVE-2025-30669,0.00099,0.00936
CVE-2025-30670,0.00417,0.35539
CVE-2025-30671,0.00399,0.33875
CVE-2025-30672,0.00423,0.36173
CVE-2025-30673,0.00421,0.35946
CVE-2025-30675,0.00674,0.50343
CVE-2025-30676,0.67607,0.99306
CVE-2025-30677,0.00718,0.51957
CVE-2025-30678,0.00363,0.30036
CVE-2025-30679,0.00363,0.30036
CVE-2025-30680,0.00299,0.22756
CVE-2025-30681,0.00751,0.53048
CVE-2025-30682,0.00781,0.54008
CVE-2025-30683,0.00858,0.56455
CVE-2025-30684,0.00858,0.56454
CVE-2025-30685,0.00858,0.56456
CVE-2025-30686,0.00608,0.47502
CVE-2025-30687,0.00781,0.54009
CVE-2025-30688,0.00781,0.54008
CVE-2025-30689,0.00858,0.56456
CVE-2025-30690,0.00208,0.11268
CVE-2025-30691,0.00585,0.46405
CVE-2025-30692,0.00585,0.46423
CVE-2025-30693,0.00974,0.60039
CVE-2025-30694,0.00395,0.33456
CVE-2025-30695,0.00705,0.51535
CVE-2025-30696,0.00858,0.56457
CVE-2025-30697,0.00355,0.29231
CVE-2025-30698,0.00616,0.47835
CVE-2025-30699,0.00858,0.56457
CVE-2025-30700,0.00494,0.41371
CVE-2025-30701,0.00488,0.40988
CVE-2025-30702,0.00548,0.44529
CVE-2025-30703,0.00548,0.44549
CVE-2025-30704,0.00793,0.54415
CVE-2025-30705,0.00928,0.58494
CVE-2025-30706,0.00614,0.47748
CVE-2025-30707,0.00673,0.50266
CVE-2025-30708,0.00673,0.50265
CVE-2025-30709,0.00408,0.34733
CVE-2025-30710,0.00622,0.48139
CVE-2025-30711,0.00355,0.29231
CVE-2025-30712,0.00606,0.474
CVE-2025-30713,0.00355,0.29231
CVE-2025-30714,0.00436,0.37265
CVE-2025-30715,0.00928,0.58494
CVE-2025-30716,0.00673,0.50266
CVE-2025-30717,0.00505,0.42033
CVE-2025-30718,0.00332,0.26537
CVE-2025-30719,0.00286,0.21364
CVE-2025-30720,0.00267,0.19101
CVE-2025-30721,0.00225,0.13449
CVE-2025-30722,0.00495,0.41376
CVE-2025-30723,0.00331,0.26398
CVE-2025-30724,0.00428,0.36508
CVE-2025-30725,0.00235,0.14693
CVE-2025-30726,0.00322,0.25412
CVE-2025-30727,0.00541,0.44198
CVE-2025-30728,0.00412,0.35091
CVE-2025-30729,0.00202,0.10367
CVE-2025-30730,0.00453,0.38589
CVE-2025-30731,0.00152,0.047
CVE-2025-30732,0.00253,0.17133
CVE-2025-30733,0.00396,0.33512
CVE-2025-30735,0.00362,0.29934
CVE-2025-30736,0.00372,0.30918
CVE-2025-30737,0.00301,0.22999
CVE-2025-30739,0.0029,0.218
CVE-2025-30740,0.00358,0.29538
CVE-2025-30741,0.00303,0.23205
CVE-2025-30742,0.00433,0.36987
CVE-2025-30743,0.0033,0.26252
CVE-2025-30744,0.0033,0.26252
CVE-2025-30745,0.00186,0.08403
CVE-2025-30746,0.00186,0.08404
CVE-2025-30747,0.00263,0.18353
CVE-2025-30748,0.00224,0.13222
CVE-2025-30749,0.01095,0.63598
CVE-2025-30750,0.00232,0.14364
CVE-2025-30751,0.0035,0.28611
CVE-2025-30752,0.0057,0.4569
CVE-2025-30753,0.00379,0.31652
CVE-2025-30754,0.00416,0.35497
CVE-2025-30755,0.00202,0.10458
CVE-2025-30756,0.00126,0.02668
CVE-2025-30758,0.003,0.22848
CVE-2025-30759,0.0022,0.12766
CVE-2025-30760,0.00215,0.12118
CVE-2025-30761,0.00602,0.47197
CVE-2025-30762,0.00389,0.32752
CVE-2025-30763,0.00334,0.26761
CVE-2025-30764,0.00194,0.09325
CVE-2025-30765,0.00622,0.48146
CVE-2025-30766,0.00354,0.29103
CVE-2025-30767,0.00361,0.29755
CVE-2025-30768,0.00354,0.29107
CVE-2025-30769,0.00186,0.0845
CVE-2025-30770,0.00344,0.27916
CVE-2025-30771,0.00354,0.29107
CVE-2025-30772,0.00622,0.48151
CVE-2025-30773,0.00778,0.53927
CVE-2025-30774,0.00378,0.31557
CVE-2025-30775,0.00479,0.40396
CVE-2025-30776,0.00354,0.29109
CVE-2025-30777,0.00481,0.40513
CVE-2025-30778,0.00378,0.31597
CVE-2025-30779,0.00344,0.27917
CVE-2025-30780,0.00344,0.27917
CVE-2025-30781,0.00455,0.38725
CVE-2025-30782,0.00821,0.55304
CVE-2025-30783,0.00221,0.12879
CVE-2025-30784,0.00452,0.38467
CVE-2025-30785,0.01007,0.61035
CVE-2025-30786,0.00334,0.26761
CVE-2025-30787,0.00175,0.07319
CVE-2025-30788,0.00208,0.11259
CVE-2025-30789,0.00341,0.27626
CVE-2025-30790,0.0045,0.38357
CVE-2025-30791,0.00586,0.46455
CVE-2025-30792,0.00341,0.27627
CVE-2025-30793,0.0059,0.46621
CVE-2025-30794,0.00306,0.23465
CVE-2025-30795,0.00388,0.3263
CVE-2025-30796,0.00306,0.23465
CVE-2025-30797,0.00488,0.4096
CVE-2025-30798,0.00306,0.23462
CVE-2025-30799,0.00341,0.27626
CVE-2025-30800,0.00334,0.26761
CVE-2025-30801,0.00194,0.09323
CVE-2025-30802,0.00366,0.30345
CVE-2025-30803,0.00366,0.30315
CVE-2025-30804,0.00194,0.09325
CVE-2025-30805,0.00194,0.09324
CVE-2025-30806,0.0044,0.37587
CVE-2025-30807,0.00502,0.41805
CVE-2025-30808,0.00306,0.23463
CVE-2025-30809,0.00477,0.40252
CVE-2025-30810,0.0044,0.37586
CVE-2025-30811,0.00205,0.10881
CVE-2025-30812,0.00354,0.29106
CVE-2025-30813,0.00354,0.29106
CVE-2025-30814,0.01069,0.629
CVE-2025-30815,0.00205,0.1088
CVE-2025-30816,0.00205,0.1088
CVE-2025-30817,0.00477,0.40252
CVE-2025-30818,0.00354,0.29106
CVE-2025-30819,0.0044,0.37586
CVE-2025-30820,0.01069,0.629
CVE-2025-30821,0.00569,0.45622
CVE-2025-30822,0.00205,0.10887
CVE-2025-30823,0.00205,0.10881
CVE-2025-30824,0.00519,0.42957
CVE-2025-30825,0.00503,0.41898
CVE-2025-30826,0.00354,0.29105
CVE-2025-30827,0.00306,0.23465
CVE-2025-30828,0.00439,0.37474
CVE-2025-30829,0.01069,0.62899
CVE-2025-30830,0.00467,0.39491
CVE-2025-30831,0.01069,0.62899
CVE-2025-30832,0.00354,0.29115
CVE-2025-30833,0.00205,0.1088
CVE-2025-30834,0.00534,0.43836
CVE-2025-30835,0.00524,0.43216
CVE-2025-30836,0.00354,0.29115
CVE-2025-30837,0.00306,0.23463
CVE-2025-30838,0.00344,0.27916
CVE-2025-30839,0.00478,0.40266
CVE-2025-30840,0.00306,0.23463
CVE-2025-30841,0.00751,0.53067
CVE-2025-30842,0.00205,0.1088
CVE-2025-30843,0.00572,0.45753
CVE-2025-30844,0.00385,0.32323
CVE-2025-30845,0.01069,0.629
CVE-2025-30846,0.00738,0.52623
CVE-2025-30847,0.00362,0.29943
CVE-2025-30848,0.00306,0.23464
CVE-2025-30849,0.00797,0.54528
CVE-2025-30850,0.00354,0.29099
CVE-2025-30851,0.00295,0.22341
CVE-2025-30852,0.00378,0.31591
CVE-2025-30853,0.00439,0.37461
CVE-2025-30854,0.00165,0.06159
CVE-2025-30855,0.00296,0.22484
CVE-2025-30856,0.002,0.10063
CVE-2025-30857,0.00186,0.08451
CVE-2025-30858,0.00288,0.21532
CVE-2025-30859,0.00411,0.35024
CVE-2025-30860,0.00354,0.291
CVE-2025-30861,0.00608,0.47466
CVE-2025-30862,0.00205,0.10881
CVE-2025-30863,0.00205,0.10889
CVE-2025-30864,0.00388,0.32682
CVE-2025-30865,0.00205,0.10881
CVE-2025-30866,0.00492,0.41188
CVE-2025-30867,0.0036,0.29749
CVE-2025-30868,0.01069,0.62899
CVE-2025-30869,0.00306,0.23463
CVE-2025-30870,0.00768,0.53594
CVE-2025-30871,0.00967,0.59713
CVE-2025-30872,0.00205,0.1089
CVE-2025-30873,0.0036,0.29748
CVE-2025-30874,0.00413,0.35162
CVE-2025-30875,0.00225,0.13396
CVE-2025-30876,0.00461,0.39092
CVE-2025-30877,0.00446,0.38092
CVE-2025-30878,0.00621,0.48102
CVE-2025-30879,0.00572,0.45754
CVE-2025-30880,0.00488,0.4096
CVE-2025-30881,0.00349,0.2851
CVE-2025-30882,0.0059,0.46622
CVE-2025-30883,0.00388,0.32682
CVE-2025-30884,0.00411,0.35024
CVE-2025-30885,0.00411,0.35024
CVE-2025-30886,0.00521,0.43068
CVE-2025-30887,0.00361,0.29762
CVE-2025-30888,0.00188,0.08624
CVE-2025-30889,0.00481,0.40484
CVE-2025-30890,0.00776,0.53841
CVE-2025-30891,0.0066,0.4979
CVE-2025-30892,0.00654,0.49533
CVE-2025-30893,0.00287,0.21482
CVE-2025-30894,0.00319,0.25007
CVE-2025-30895,0.00801,0.54661
CVE-2025-30896,0.00356,0.29275
CVE-2025-30897,0.00323,0.25437
CVE-2025-30898,0.00287,0.21479
CVE-2025-30899,0.00303,0.23158
CVE-2025-30900,0.00287,0.21481
CVE-2025-30901,0.00853,0.56265
CVE-2025-30902,0.00306,0.23464
CVE-2025-30903,0.00287,0.21481
CVE-2025-30904,0.00294,0.2216
CVE-2025-30905,0.00378,0.31598
CVE-2025-30906,0.00378,0.31596
CVE-2025-30907,0.00296,0.22465
CVE-2025-30908,0.0015,0.04513
CVE-2025-30909,0.00319,0.25007
CVE-2025-30910,0.00605,0.47327
CVE-2025-30911,0.01899,0.78469
CVE-2025-30912,0.00182,0.08044
CVE-2025-30913,0.00378,0.31596
CVE-2025-30914,0.00255,0.17353
CVE-2025-30915,0.00377,0.31469
CVE-2025-30916,0.00377,0.31468
CVE-2025-30917,0.00306,0.23464
CVE-2025-30918,0.00287,0.21479
CVE-2025-30919,0.0017,0.06732
CVE-2025-30920,0.00287,0.2148
CVE-2025-30921,0.00511,0.42409
CVE-2025-30922,0.00287,0.21481
CVE-2025-30923,0.00188,0.08623
CVE-2025-30924,0.00306,0.23458
CVE-2025-30925,0.00287,0.21479
CVE-2025-30926,0.00308,0.23791
CVE-2025-30927,0.00283,0.21077
CVE-2025-30928,0.00249,0.16483
CVE-2025-30929,0.00211,0.11671
CVE-2025-30930,0.00249,0.16483
CVE-2025-30931,0.00327,0.2597
CVE-2025-30932,0.00301,0.22991
CVE-2025-30933,0.00338,0.27251
CVE-2025-30934,0.00301,0.23005
CVE-2025-30935,0.00237,0.15044
CVE-2025-30936,0.00371,0.30876
CVE-2025-30937,0.00264,0.18553
CVE-2025-30938,0.00264,0.18552
CVE-2025-30939,0.00249,0.16483
CVE-2025-30940,0.00249,0.16482
CVE-2025-30941,0.00264,0.18554
CVE-2025-30942,0.00264,0.18553
CVE-2025-30943,0.00159,0.05527
CVE-2025-30944,0.00373,0.31023
CVE-2025-30945,0.0034,0.27497
CVE-2025-30946,0.00158,0.05376
CVE-2025-30947,0.00252,0.16906
CVE-2025-30948,0.00158,0.05373
CVE-2025-30949,0.00503,0.41891
CVE-2025-30950,0.00252,0.16947
CVE-2025-30951,0.00252,0.16943
CVE-2025-30952,0.00252,0.1695
CVE-2025-30953,0.00309,0.2384
CVE-2025-30954,0.00309,0.23842
CVE-2025-30955,0.00235,0.14743
CVE-2025-30956,0.00158,0.05379
CVE-2025-30957,0.0032,0.25093
CVE-2025-30958,0.00348,0.28337
CVE-2025-30959,0.00308,0.23772
CVE-2025-30960,0.00311,0.24036
CVE-2025-30961,0.00206,0.10976
CVE-2025-30962,0.00233,0.145
CVE-2025-30963,0.00206,0.10981
CVE-2025-30964,0.00215,0.12169
CVE-2025-30965,0.00151,0.04614
CVE-2025-30966,0.00322,0.25364
CVE-2025-30967,0.0024,0.15412
CVE-2025-30968,0.00163,0.05925
CVE-2025-30969,0.00252,0.16906
CVE-2025-30970,0.00233,0.145
CVE-2025-30971,0.00474,0.40063
CVE-2025-30972,0.00235,0.14706
CVE-2025-30973,0.00503,0.41892
CVE-2025-30974,0.00335,0.26923
CVE-2025-30975,0.00366,0.30355
CVE-2025-30976,0.00222,0.13011
CVE-2025-30977,0.00264,0.18552
CVE-2025-30978,0.00367,0.30405
CVE-2025-30979,0.00252,0.16905
CVE-2025-30980,0.00158,0.05379
CVE-2025-30981,0.00152,0.04756
CVE-2025-30982,0.00218,0.1256
CVE-2025-30983,0.00159,0.05527
CVE-2025-30984,0.00233,0.14502
CVE-2025-30985,0.00499,0.4168
CVE-2025-30986,0.00154,0.04859
CVE-2025-30987,0.00206,0.10976
CVE-2025-30988,0.0026,0.17987
CVE-2025-30989,0.00417,0.35517
CVE-2025-30990,0.00252,0.16888
CVE-2025-30991,0.00252,0.16948
CVE-2025-30992,0.00668,0.50106
CVE-2025-30993,0.00323,0.25508
CVE-2025-30994,0.00158,0.05379
CVE-2025-30995,0.00143,0.03994
CVE-2025-30996,0.00497,0.41537
CVE-2025-30997,0.00251,0.16771
CVE-2025-30998,0.00267,0.19065
CVE-2025-30999,0.00737,0.52597
CVE-2025-31000,0.0032,0.25105
CVE-2025-31001,0.00493,0.41249
CVE-2025-31002,0.00658,0.49707
CVE-2025-31003,0.00513,0.42533
CVE-2025-31004,0.00422,0.36077
CVE-2025-31005,0.00227,0.13731
CVE-2025-31006,0.00288,0.21546
CVE-2025-31007,0.00235,0.14737
CVE-2025-31008,0.00401,0.34033
CVE-2025-31009,0.00353,0.28919
CVE-2025-31010,0.00157,0.05307
CVE-2025-31011,0.00233,0.14501
CVE-2025-31012,0.00508,0.42233
CVE-2025-31013,0.00146,0.04224
CVE-2025-31014,0.01102,0.63752
CVE-2025-31015,0.00883,0.57151
CVE-2025-31016,0.00585,0.46394
CVE-2025-31017,0.00392,0.33124
CVE-2025-31018,0.00288,0.21546
CVE-2025-31019,0.00579,0.4612
CVE-2025-31020,0.00392,0.33126
CVE-2025-31021,0.00419,0.35793
CVE-2025-31022,0.00752,0.53067
CVE-2025-31023,0.00294,0.22203
CVE-2025-31024,0.00444,0.37906
CVE-2025-31025,0.00252,0.16945
CVE-2025-31026,0.00206,0.11001
CVE-2025-31027,0.00277,0.20401
CVE-2025-31028,0.00419,0.35792
CVE-2025-31029,0.00219,0.12664
CVE-2025-31030,0.00705,0.51529
CVE-2025-31031,0.0021,0.11562
CVE-2025-31032,0.00206,0.11
CVE-2025-31033,0.00392,0.3315
CVE-2025-31034,0.00227,0.13731
CVE-2025-31035,0.00401,0.34034
CVE-2025-31036,0.00294,0.22203
CVE-2025-31037,0.00222,0.12951
CVE-2025-31038,0.00294,0.22202
CVE-2025-31039,0.00529,0.43516
CVE-2025-31040,0.01145,0.64849
CVE-2025-31041,0.00563,0.45372
CVE-2025-31042,0.00478,0.40266
CVE-2025-31043,0.00206,0.10976
CVE-2025-31044,0.00245,0.16022
CVE-2025-31045,0.00452,0.38494
CVE-2025-31046,0.00177,0.07446
CVE-2025-31047,0.00351,0.28687
CVE-2025-31048,0.003,0.22885
CVE-2025-31049,0.00595,0.46866
CVE-2025-31050,0.00541,0.44193
CVE-2025-31051,0.00224,0.13327
CVE-2025-31052,0.00573,0.45837
CVE-2025-31053,0.00515,0.42681
CVE-2025-31054,0.00106,0.01239
CVE-2025-31055,0.00235,0.14738
CVE-2025-31056,0.00435,0.37186
CVE-2025-31057,0.00276,0.20209
CVE-2025-31058,0.00276,0.20209
CVE-2025-31059,0.00423,0.36105
CVE-2025-31060,0.00785,0.54119
CVE-2025-31061,0.00276,0.2021
CVE-2025-31062,0.00336,0.27014
CVE-2025-31063,0.00283,0.21013
CVE-2025-31064,0.00785,0.54119
CVE-2025-31065,0.00311,0.24036
CVE-2025-31066,0.00408,0.34761
CVE-2025-31067,0.00242,0.15637
CVE-2025-31068,0.00197,0.09707
CVE-2025-31069,0.0059,0.4666
CVE-2025-31070,0.00475,0.40094
CVE-2025-31071,0.00311,0.24036
CVE-2025-31072,0.00235,0.14737
CVE-2025-31073,0.00206,0.10981
CVE-2025-31074,0.00664,0.49941
CVE-2025-31075,0.00206,0.10978
CVE-2025-31076,0.00179,0.07704
CVE-2025-31077,0.00206,0.10978
CVE-2025-31078,0.00378,0.31592
CVE-2025-31079,0.00142,0.03884
CVE-2025-31080,0.00378,0.31595
CVE-2025-31081,0.00407,0.34614
CVE-2025-31082,0.0083,0.5557
CVE-2025-31083,0.00206,0.10975
CVE-2025-31084,0.00705,0.51503
CVE-2025-31085,0.00378,0.31594
CVE-2025-31086,0.00378,0.31594
CVE-2025-31087,0.0069,0.50956
CVE-2025-31088,0.00206,0.10979
CVE-2025-31089,0.0047,0.3969
CVE-2025-31090,0.00206,0.10979
CVE-2025-31091,0.00269,0.19326
CVE-2025-31092,0.002,0.1013
CVE-2025-31093,0.00206,0.1098
CVE-2025-31094,0.00206,0.10979
CVE-2025-31095,0.00655,0.49578
CVE-2025-31096,0.00206,0.10979
CVE-2025-31097,0.0083,0.55569
CVE-2025-31098,0.00705,0.51529
CVE-2025-31099,0.00332,0.26543
CVE-2025-31100,0.00367,0.30421
CVE-2025-31101,0.0021,0.11562
CVE-2025-31102,0.0022,0.12739
CVE-2025-31103,0.00477,0.40198
CVE-2025-31104,0.01073,0.63007
CVE-2025-31114,0.00668,0.50087
CVE-2025-31115,0.00651,0.49411
CVE-2025-31116,0.00466,0.39397
CVE-2025-31117,0.00463,0.39247
CVE-2025-31118,0.00548,0.44527
CVE-2025-31119,0.00527,0.43447
CVE-2025-31120,0.0047,0.39706
CVE-2025-31121,0.1735,0.97032
CVE-2025-31122,0.00357,0.29379
CVE-2025-31123,0.0039,0.32851
CVE-2025-31124,0.00508,0.42254
CVE-2025-31125,0.58462,0.99081
CVE-2025-31126,0.00197,0.09672
CVE-2025-31127,0.00197,0.09672
CVE-2025-31128,0.00469,0.39612
CVE-2025-31129,0.00639,0.48882
CVE-2025-31130,0.0025,0.16612
CVE-2025-31131,0.05382,0.92354
CVE-2025-31132,0.00623,0.48185
CVE-2025-31133,0.00841,0.55899
CVE-2025-31134,0.0045,0.38381
CVE-2025-31135,0.00372,0.30931
CVE-2025-31136,0.00356,0.29295
CVE-2025-31137,0.01157,0.65201
CVE-2025-31138,0.00261,0.18148
CVE-2025-31139,0.01009,0.61071
CVE-2025-31140,0.28035,0.98068
CVE-2025-31141,0.00358,0.29485
CVE-2025-31144,0.00481,0.40515
CVE-2025-31146,0.00122,0.02305
CVE-2025-31147,0.00306,0.23516
CVE-2025-31160,0.002,0.10193
CVE-2025-31161,0.99976,0.99978
CVE-2025-31162,0.00192,0.09102
CVE-2025-31163,0.00192,0.09103
CVE-2025-31164,0.00212,0.11795
CVE-2025-31165,0.00354,0.29135
CVE-2025-31170,0.00212,0.11802
CVE-2025-31171,0.00109,0.0141
CVE-2025-31172,0.00113,0.01616
CVE-2025-31173,0.00113,0.01617
CVE-2025-31174,0.00399,0.33867
CVE-2025-31175,0.00232,0.14376
CVE-2025-31176,0.00195,0.09478
CVE-2025-31177,0.00199,0.09942
CVE-2025-31178,0.00195,0.09477
CVE-2025-31179,0.00195,0.09477
CVE-2025-31180,0.00195,0.09477
CVE-2025-31181,0.00195,0.09477
CVE-2025-31182,0.01211,0.66641
CVE-2025-31183,0.0119,0.66106
CVE-2025-31184,0.00259,0.17892
CVE-2025-31185,0.00173,0.07058
CVE-2025-31186,0.00163,0.05926
CVE-2025-31187,0.00254,0.17282
CVE-2025-31188,0.00215,0.12154
CVE-2025-31189,0.0019,0.08869
CVE-2025-31191,0.0046,0.39061
CVE-2025-31192,0.0057,0.45693
CVE-2025-31194,0.00992,0.6056
CVE-2025-31195,0.00172,0.06934
CVE-2025-31196,0.00239,0.15273
CVE-2025-31197,0.00289,0.2165
CVE-2025-31198,0.00224,0.13324
CVE-2025-31199,0.00483,0.40642
CVE-2025-31200,0.18593,0.97195
CVE-2025-31201,0.13853,0.96411
CVE-2025-31202,0.00182,0.08034
CVE-2025-31203,0.00363,0.3
CVE-2025-31204,0.0065,0.49374
CVE-2025-31205,0.00378,0.31537
CVE-2025-31206,0.00962,0.59584
CVE-2025-31207,0.00253,0.17058
CVE-2025-31208,0.01295,0.68585
CVE-2025-31209,0.00839,0.5584
CVE-2025-31210,0.00531,0.43646
CVE-2025-31212,0.002,0.1017
CVE-2025-31213,0.00602,0.47215
CVE-2025-31214,0.00517,0.42824
CVE-2025-31215,0.00627,0.4837
CVE-2025-31216,0.00154,0.04907
CVE-2025-31217,0.00651,0.49408
CVE-2025-31218,0.00212,0.11812
CVE-2025-31219,0.01064,0.62753
CVE-2025-31220,0.00214,0.11953
CVE-2025-31221,0.00988,0.60435
CVE-2025-31222,0.00238,0.15063
CVE-2025-31223,0.00566,0.45479
CVE-2025-31224,0.00224,0.13221
CVE-2025-31225,0.00393,0.33262
CVE-2025-31226,0.00239,0.15257
CVE-2025-31227,0.00262,0.1832
CVE-2025-31228,0.00313,0.24319
CVE-2025-31229,0.0075,0.53018
CVE-2025-31231,0.00183,0.08136
CVE-2025-31232,0.00352,0.2885
CVE-2025-31233,0.0123,0.67135
CVE-2025-31234,0.00569,0.45606
CVE-2025-31235,0.00195,0.09474
CVE-2025-31236,0.00189,0.08809
CVE-2025-31237,0.00615,0.47788
CVE-2025-31238,0.00958,0.59426
CVE-2025-31239,0.00654,0.4955
CVE-2025-31240,0.00615,0.47788
CVE-2025-31241,0.00839,0.55842
CVE-2025-31242,0.0022,0.12713
CVE-2025-31243,0.00214,0.11989
CVE-2025-31244,0.00187,0.08558
CVE-2025-31245,0.00216,0.1232
CVE-2025-31246,0.00557,0.45006
CVE-2025-31247,0.00472,0.39831
CVE-2025-31248,0.00167,0.06364
CVE-2025-31249,0.00293,0.22123
CVE-2025-31250,0.00196,0.09562
CVE-2025-31251,0.00307,0.23663
CVE-2025-31253,0.00211,0.11699
CVE-2025-31254,0.00519,0.42916
CVE-2025-31255,0.01571,0.73869
CVE-2025-31256,0.00185,0.08319
CVE-2025-31257,0.01062,0.62678
CVE-2025-31258,0.00407,0.34619
CVE-2025-31259,0.00239,0.15265
CVE-2025-31260,0.0016,0.05597
CVE-2025-31261,0.0018,0.07751
CVE-2025-31262,0.00161,0.05728
CVE-2025-31263,0.00382,0.32002
CVE-2025-31264,0.00253,0.17031
CVE-2025-31266,0.00225,0.13474
CVE-2025-31267,0.00186,0.08429
CVE-2025-31268,0.00214,0.12088
CVE-2025-31269,0.00222,0.12945
CVE-2025-31270,0.00196,0.09635
CVE-2025-31271,0.00403,0.34315
CVE-2025-31272,0.00115,0.01753
CVE-2025-31273,0.01106,0.63851
CVE-2025-31275,0.00201,0.10342
CVE-2025-31276,0.00421,0.35947
CVE-2025-31277,0.01534,0.73278
CVE-2025-31278,0.01204,0.66437
CVE-2025-31279,0.00987,0.60402
CVE-2025-31280,0.00287,0.21426
CVE-2025-31281,0.01168,0.65503
CVE-2025-31282,0.00266,0.18715
CVE-2025-31283,0.00266,0.18714
CVE-2025-31284,0.00266,0.18714
CVE-2025-31285,0.00266,0.18714
CVE-2025-31286,0.00443,0.37822
CVE-2025-31324,0.9947,0.99943
CVE-2025-31325,0.00306,0.23483
CVE-2025-31326,0.00246,0.16065
CVE-2025-31327,0.00274,0.19978
CVE-2025-31328,0.00135,0.03323
CVE-2025-31329,0.00344,0.27944
CVE-2025-31330,0.00737,0.52607
CVE-2025-31331,0.00354,0.2904
CVE-2025-31332,0.0015,0.04576
CVE-2025-31333,0.00286,0.21339
CVE-2025-31334,0.01239,0.6733
CVE-2025-31335,0.00238,0.15121
CVE-2025-31338,0.00455,0.38681
CVE-2025-31339,0.00449,0.38293
CVE-2025-31340,0.0048,0.40429
CVE-2025-31342,0.00491,0.41162
CVE-2025-31343,0.00865,0.5664
CVE-2025-31344,0.0026,0.18026
CVE-2025-31349,0.00865,0.56639
CVE-2025-31350,0.00865,0.56638
CVE-2025-31351,0.00865,0.5664
CVE-2025-31352,0.00806,0.54838
CVE-2025-31353,0.00806,0.54837
CVE-2025-31354,0.00137,0.03462
CVE-2025-31355,0.003,0.22867
CVE-2025-31356,0.00072,0.00064
CVE-2025-31357,0.00306,0.23516
CVE-2025-31359,0.01103,0.63774
CVE-2025-31360,0.00539,0.44087
CVE-2025-31361,0.00222,0.12965
CVE-2025-31362,0.00241,0.15463
CVE-2025-31363,0.00283,0.21054
CVE-2025-31365,0.00277,0.20361
CVE-2025-31366,0.00398,0.33735
CVE-2025-31375,0.00206,0.11
CVE-2025-31376,0.00229,0.13903
CVE-2025-31377,0.00691,0.50997
CVE-2025-31378,0.00419,0.35792
CVE-2025-31379,0.00419,0.35751
CVE-2025-31380,0.00561,0.45202
CVE-2025-31381,0.0032,0.25064
CVE-2025-31382,0.00206,0.11003
CVE-2025-31383,0.00206,0.11003
CVE-2025-31384,0.00248,0.16386
CVE-2025-31385,0.00206,0.11002
CVE-2025-31386,0.00258,0.17797
CVE-2025-31387,0.00524,0.43215
CVE-2025-31388,0.00206,0.11004
CVE-2025-31389,0.00248,0.16386
CVE-2025-31390,0.00206,0.11006
CVE-2025-31391,0.00206,0.11004
CVE-2025-31392,0.00206,0.11004
CVE-2025-31393,0.00206,0.11004
CVE-2025-31394,0.00419,0.35749
CVE-2025-31395,0.00206,0.11006
CVE-2025-31396,0.0059,0.46661
CVE-2025-31397,0.00445,0.37933
CVE-2025-31398,0.0059,0.46659
CVE-2025-31399,0.00206,0.11001
CVE-2025-31400,0.00206,0.11005
CVE-2025-31401,0.00206,0.11005
CVE-2025-31402,0.00206,0.11005
CVE-2025-31403,0.00385,0.32284
CVE-2025-31404,0.00206,0.11
CVE-2025-31405,0.00572,0.45784
CVE-2025-31406,0.00301,0.22905
CVE-2025-31407,0.00232,0.14337
CVE-2025-31408,0.00243,0.15706
CVE-2025-31409,0.00286,0.21353
CVE-2025-31410,0.00142,0.03884
CVE-2025-31411,0.00397,0.33652
CVE-2025-31412,0.00206,0.1098
CVE-2025-31413,0.0016,0.05639
CVE-2025-31414,0.00206,0.10977
CVE-2025-31415,0.00341,0.27572
CVE-2025-31416,0.00248,0.16387
CVE-2025-31417,0.00229,0.13902
CVE-2025-31418,0.00248,0.16387
CVE-2025-31419,0.002,0.10129
CVE-2025-31420,0.00288,0.2152
CVE-2025-31421,0.00308,0.23704
CVE-2025-31422,0.00459,0.38971
CVE-2025-31423,0.0059,0.46659
CVE-2025-31424,0.00435,0.37186
CVE-2025-31425,0.00371,0.30814
CVE-2025-31426,0.00276,0.20206
CVE-2025-31427,0.00235,0.14741
CVE-2025-31428,0.00235,0.14707
CVE-2025-31429,0.0059,0.46662
CVE-2025-31430,0.0059,0.4666
CVE-2025-31431,0.00378,0.31593
CVE-2025-31432,0.00585,0.46394
CVE-2025-31433,0.00206,0.1098
CVE-2025-31434,0.00206,0.10978
CVE-2025-31435,0.00129,0.02891
CVE-2025-31436,0.00288,0.21553
CVE-2025-31437,0.0021,0.11563
CVE-2025-31438,0.00142,0.03884
CVE-2025-31439,0.00138,0.03539
CVE-2025-31440,0.00129,0.02891
CVE-2025-31441,0.00378,0.31591
CVE-2025-31442,0.00288,0.21545
CVE-2025-31443,0.00129,0.02889
CVE-2025-31444,0.00129,0.0289
CVE-2025-31445,0.00378,0.31595
CVE-2025-31446,0.00378,0.31595
CVE-2025-31447,0.00151,0.04641
CVE-2025-31448,0.00151,0.04641
CVE-2025-31449,0.00141,0.03781
CVE-2025-31450,0.00206,0.10982
CVE-2025-31451,0.00206,0.10975
CVE-2025-31452,0.00208,0.11196
CVE-2025-31453,0.00206,0.10981
CVE-2025-31454,0.00378,0.31598
CVE-2025-31455,0.00378,0.31592
CVE-2025-31456,0.00142,0.03882
CVE-2025-31457,0.00138,0.03539
CVE-2025-31458,0.00129,0.02889
CVE-2025-31459,0.00129,0.02891
CVE-2025-31460,0.00129,0.0289
CVE-2025-31461,0.00378,0.31597
CVE-2025-31462,0.00378,0.31598
CVE-2025-31463,0.0021,0.11564
CVE-2025-31464,0.00223,0.13194
CVE-2025-31465,0.00212,0.11799
CVE-2025-31466,0.00335,0.26896
CVE-2025-31467,0.00288,0.21545
CVE-2025-31468,0.00288,0.21546
CVE-2025-31469,0.00298,0.22669
CVE-2025-31470,0.00223,0.13194
CVE-2025-31471,0.00223,0.13194
CVE-2025-31472,0.00223,0.13193
CVE-2025-31473,0.00223,0.13193
CVE-2025-31474,0.00142,0.03882
CVE-2025-31475,0.00345,0.28077
CVE-2025-31476,0.00354,0.29089
CVE-2025-31477,0.01021,0.61423
CVE-2025-31478,0.00355,0.29203
CVE-2025-31479,0.00573,0.45836
CVE-2025-31480,0.00478,0.40325
CVE-2025-31481,0.00458,0.38895
CVE-2025-31482,0.00177,0.07471
CVE-2025-31483,0.0041,0.34921
CVE-2025-31484,0.004,0.33977
CVE-2025-31485,0.00603,0.47254
CVE-2025-31486,0.40461,0.98624
CVE-2025-31487,0.00385,0.32262
CVE-2025-31488,0.00181,0.07909
CVE-2025-31489,0.02428,0.83384
CVE-2025-31490,0.00493,0.41271
CVE-2025-31491,0.00475,0.4008
CVE-2025-31492,0.00571,0.45704
CVE-2025-31493,0.00566,0.45478
CVE-2025-31494,0.00392,0.33074
CVE-2025-31496,0.00422,0.3603
CVE-2025-31497,0.00416,0.35506
CVE-2025-31498,0.0058,0.46134
CVE-2025-31499,0.00791,0.54331
CVE-2025-31500,0.0023,0.14121
CVE-2025-31501,0.0023,0.14121
CVE-2025-31510,0.0038,0.31812
CVE-2025-31511,0.00375,0.31241
CVE-2025-31512,0.00375,0.31241
CVE-2025-31513,0.00312,0.24298
CVE-2025-31514,0.00361,0.29826
CVE-2025-31524,0.00385,0.3226
CVE-2025-31525,0.00319,0.25007
CVE-2025-31526,0.00325,0.25736
CVE-2025-31527,0.00254,0.17221
CVE-2025-31528,0.00278,0.20487
CVE-2025-31529,0.00278,0.20487
CVE-2025-31530,0.00278,0.20489
CVE-2025-31531,0.00484,0.4072
CVE-2025-31532,0.00254,0.17174
CVE-2025-31533,0.00416,0.35495
CVE-2025-31534,0.00484,0.4072
CVE-2025-31535,0.00254,0.17174
CVE-2025-31536,0.00288,0.21539
CVE-2025-31537,0.00307,0.23608
CVE-2025-31538,0.00254,0.17175
CVE-2025-31539,0.00373,0.3102
CVE-2025-31540,0.00296,0.22421
CVE-2025-31541,0.00339,0.27308
CVE-2025-31542,0.00325,0.25736
CVE-2025-31543,0.00254,0.17172
CVE-2025-31544,0.00296,0.22421
CVE-2025-31545,0.00314,0.24493
CVE-2025-31546,0.00361,0.29765
CVE-2025-31547,0.00325,0.25736
CVE-2025-31548,0.00307,0.23611
CVE-2025-31549,0.00254,0.17173
CVE-2025-31550,0.00405,0.34426
CVE-2025-31551,0.00502,0.41805
CVE-2025-31552,0.00512,0.42519
CVE-2025-31553,0.00531,0.43613
CVE-2025-31554,0.00467,0.39525
CVE-2025-31555,0.00314,0.24493
CVE-2025-31556,0.00254,0.17176
CVE-2025-31557,0.00254,0.17173
CVE-2025-31558,0.00374,0.31202
CVE-2025-31559,0.00254,0.17174
CVE-2025-31560,0.0055,0.44683
CVE-2025-31561,0.00454,0.38598
CVE-2025-31562,0.00254,0.17177
CVE-2025-31563,0.00307,0.2361
CVE-2025-31564,0.00454,0.38598
CVE-2025-31565,0.0065,0.4939
CVE-2025-31566,0.00141,0.03782
CVE-2025-31567,0.00256,0.17528
CVE-2025-31568,0.00307,0.23609
CVE-2025-31569,0.00141,0.03781
CVE-2025-31570,0.00141,0.03782
CVE-2025-31571,0.00307,0.23608
CVE-2025-31572,0.00156,0.05108
CVE-2025-31573,0.00288,0.21536
CVE-2025-31574,0.00254,0.17173
CVE-2025-31575,0.00259,0.17935
CVE-2025-31576,0.00278,0.20488
CVE-2025-31577,0.00325,0.25731
CVE-2025-31578,0.00307,0.23609
CVE-2025-31579,0.00512,0.42519
CVE-2025-31580,0.00414,0.35247
CVE-2025-31581,0.00302,0.23099
CVE-2025-31582,0.00288,0.2154
CVE-2025-31583,0.00141,0.03782
CVE-2025-31584,0.00314,0.24493
CVE-2025-31585,0.00141,0.03782
CVE-2025-31586,0.00254,0.17176
CVE-2025-31587,0.00259,0.17935
CVE-2025-31588,0.00151,0.04641
CVE-2025-31589,0.00254,0.17173
CVE-2025-31590,0.00254,0.17175
CVE-2025-31591,0.00259,0.17936
CVE-2025-31592,0.00254,0.17175
CVE-2025-31593,0.00254,0.17175
CVE-2025-31594,0.00307,0.23613
CVE-2025-31595,0.00254,0.17176
CVE-2025-31596,0.00278,0.20487
CVE-2025-31597,0.00254,0.17176
CVE-2025-31598,0.00254,0.17177
CVE-2025-31599,0.0065,0.4939
CVE-2025-31600,0.00142,0.03883
CVE-2025-31601,0.00175,0.07221
CVE-2025-31602,0.00142,0.03883
CVE-2025-31603,0.00255,0.17358
CVE-2025-31604,0.00206,0.10982
CVE-2025-31605,0.0021,0.11562
CVE-2025-31606,0.00203,0.10518
CVE-2025-31607,0.00206,0.10977
CVE-2025-31608,0.00206,0.10977
CVE-2025-31609,0.00243,0.15764
CVE-2025-31610,0.0021,0.11563
CVE-2025-31611,0.00229,0.13903
CVE-2025-31612,0.00703,0.51459
CVE-2025-31613,0.00129,0.02889
CVE-2025-31614,0.00218,0.12559
CVE-2025-31615,0.00233,0.14502
CVE-2025-31616,0.00129,0.0289
CVE-2025-31617,0.00137,0.03443
CVE-2025-31618,0.00274,0.20011
CVE-2025-31619,0.00454,0.38598
CVE-2025-31620,0.00218,0.12561
CVE-2025-31621,0.00218,0.12561
CVE-2025-31622,0.00269,0.19328
CVE-2025-31623,0.00137,0.03442
CVE-2025-31624,0.00218,0.12559
CVE-2025-31625,0.00233,0.14501
CVE-2025-31626,0.00288,0.21531
CVE-2025-31627,0.00223,0.13196
CVE-2025-31628,0.00383,0.32143
CVE-2025-31629,0.00218,0.12559
CVE-2025-31630,0.0032,0.25105
CVE-2025-31631,0.0059,0.46658
CVE-2025-31632,0.00785,0.54116
CVE-2025-31633,0.00785,0.54118
CVE-2025-31634,0.00586,0.46454
CVE-2025-31635,0.00541,0.44193
CVE-2025-31636,0.00276,0.20206
CVE-2025-31637,0.00422,0.36052
CVE-2025-31638,0.00276,0.20206
CVE-2025-31639,0.00197,0.09707
CVE-2025-31640,0.00422,0.36052
CVE-2025-31641,0.00422,0.36052
CVE-2025-31642,0.00175,0.07311
CVE-2025-31643,0.00325,0.25761
CVE-2025-31644,0.26525,0.97967
CVE-2025-31645,0.0011,0.01429
CVE-2025-31647,0.0011,0.0143
CVE-2025-31648,0.00138,0.03537
CVE-2025-31649,0.00236,0.14838
CVE-2025-31650,0.5992,0.99115
CVE-2025-31651,0.04047,0.90207
CVE-2025-31654,0.00296,0.22491
CVE-2025-31655,0.00084,0.0032
CVE-2025-31672,0.01332,0.69405
CVE-2025-31673,0.00305,0.2342
CVE-2025-31674,0.00574,0.45871
CVE-2025-31675,0.00487,0.40924
CVE-2025-31676,0.00552,0.44743
CVE-2025-31677,0.00219,0.12644
CVE-2025-31678,0.00367,0.30404
CVE-2025-31679,0.00253,0.17026
CVE-2025-31680,0.00174,0.07117
CVE-2025-31681,0.00418,0.35687
CVE-2025-31682,0.00228,0.13753
CVE-2025-31683,0.00174,0.07118
CVE-2025-31684,0.00174,0.07117
CVE-2025-31685,0.00379,0.31649
CVE-2025-31686,0.00398,0.33791
CVE-2025-31687,0.00253,0.17026
CVE-2025-31688,0.00188,0.08646
CVE-2025-31689,0.00201,0.10261
CVE-2025-31690,0.00219,0.12644
CVE-2025-31691,0.00418,0.35688
CVE-2025-31692,0.00759,0.53321
CVE-2025-31693,0.00745,0.5286
CVE-2025-31694,0.00385,0.32322
CVE-2025-31695,0.00253,0.17025
CVE-2025-31696,0.00253,0.17025
CVE-2025-31697,0.00253,0.17025
CVE-2025-31698,0.00553,0.44846
CVE-2025-31700,0.00858,0.56443
CVE-2025-31701,0.00822,0.55341
CVE-2025-31702,0.00414,0.35313
CVE-2025-31703,0.00231,0.14134
CVE-2025-31710,0.00361,0.29826
CVE-2025-31711,0.00079,0.00171
CVE-2025-31712,0.00079,0.00171
CVE-2025-31713,0.00729,0.52329
CVE-2025-31714,0.0028,0.20699
CVE-2025-31715,0.01525,0.73128
CVE-2025-31716,0.00141,0.03762
CVE-2025-31717,0.00639,0.48871
CVE-2025-31718,0.01019,0.61366
CVE-2025-31719,0.00128,0.02821
CVE-2025-31720,0.00392,0.33072
CVE-2025-31721,0.00377,0.31495
CVE-2025-31722,0.01277,0.682
CVE-2025-31723,0.0025,0.16667
CVE-2025-31724,0.00303,0.23232
CVE-2025-31725,0.00278,0.20421
CVE-2025-31726,0.00278,0.20421
CVE-2025-31727,0.00278,0.2042
CVE-2025-31728,0.00278,0.20421
CVE-2025-31729,0.00377,0.3147
CVE-2025-31730,0.00354,0.29108
CVE-2025-31731,0.00354,0.29112
CVE-2025-31732,0.00388,0.32684
CVE-2025-31733,0.00354,0.29111
CVE-2025-31734,0.00354,0.29111
CVE-2025-31735,0.00354,0.29112
CVE-2025-31736,0.00377,0.31469
CVE-2025-31737,0.00354,0.29111
CVE-2025-31738,0.00354,0.29112
CVE-2025-31739,0.00334,0.26731
CVE-2025-31740,0.00354,0.29109
CVE-2025-31741,0.00354,0.29101
CVE-2025-31742,0.00362,0.29944
CVE-2025-31743,0.00354,0.29101
CVE-2025-31744,0.00354,0.29101
CVE-2025-31745,0.00354,0.29113
CVE-2025-31746,0.00334,0.26731
CVE-2025-31747,0.00354,0.29117
CVE-2025-31748,0.00354,0.29117
CVE-2025-31749,0.00354,0.29117
CVE-2025-31750,0.00362,0.29944
CVE-2025-31751,0.00253,0.17003
CVE-2025-31752,0.00388,0.3268
CVE-2025-31753,0.00188,0.08623
CVE-2025-31754,0.00354,0.29105
CVE-2025-31755,0.00388,0.32683
CVE-2025-31756,0.00205,0.10889
CVE-2025-31757,0.00439,0.3746
CVE-2025-31758,0.00413,0.35193
CVE-2025-31759,0.00354,0.29114
CVE-2025-31760,0.00354,0.29114
CVE-2025-31761,0.00354,0.29114
CVE-2025-31762,0.00354,0.29104
CVE-2025-31763,0.00205,0.10888
CVE-2025-31764,0.00362,0.29945
CVE-2025-31765,0.00439,0.37474
CVE-2025-31766,0.00354,0.29109
CVE-2025-31767,0.00354,0.29108
CVE-2025-31768,0.00377,0.3147
CVE-2025-31769,0.00205,0.10889
CVE-2025-31770,0.00354,0.29107
CVE-2025-31771,0.00354,0.29118
CVE-2025-31772,0.00362,0.29942
CVE-2025-31773,0.00569,0.45622
CVE-2025-31774,0.00477,0.40246
CVE-2025-31775,0.00205,0.10882
CVE-2025-31776,0.00205,0.10882
CVE-2025-31777,0.00439,0.37474
CVE-2025-31778,0.00354,0.29099
CVE-2025-31779,0.00199,0.10057
CVE-2025-31780,0.00496,0.41469
CVE-2025-31781,0.00388,0.32683
CVE-2025-31782,0.00439,0.37462
CVE-2025-31783,0.00354,0.29103
CVE-2025-31784,0.00205,0.10884
CVE-2025-31785,0.0016,0.0563
CVE-2025-31786,0.00467,0.39491
CVE-2025-31787,0.00413,0.35162
CVE-2025-31788,0.00492,0.41235
CVE-2025-31789,0.00339,0.27308
CVE-2025-31790,0.00354,0.291
CVE-2025-31791,0.00439,0.3746
CVE-2025-31792,0.00362,0.29944
CVE-2025-31793,0.00362,0.29941
CVE-2025-31794,0.00363,0.30026
CVE-2025-31795,0.00377,0.31468
CVE-2025-31796,0.00324,0.25667
CVE-2025-31797,0.00354,0.29116
CVE-2025-31798,0.00388,0.32681
CVE-2025-31799,0.00388,0.32683
CVE-2025-31800,0.00537,0.43966
CVE-2025-31801,0.00354,0.29098
CVE-2025-31802,0.00439,0.37461
CVE-2025-31803,0.00354,0.29116
CVE-2025-31804,0.00354,0.29103
CVE-2025-31805,0.00354,0.29113
CVE-2025-31806,0.00362,0.29943
CVE-2025-31807,0.00205,0.10883
CVE-2025-31808,0.00205,0.10883
CVE-2025-31809,0.00205,0.10883
CVE-2025-31810,0.00439,0.37475
CVE-2025-31811,0.00354,0.29105
CVE-2025-31812,0.00354,0.29105
CVE-2025-31813,0.00354,0.29104
CVE-2025-31814,0.00205,0.10884
CVE-2025-31815,0.00354,0.29104
CVE-2025-31816,0.00439,0.37461
CVE-2025-31817,0.00354,0.29104
CVE-2025-31818,0.00269,0.19321
CVE-2025-31819,0.00287,0.2148
CVE-2025-31820,0.00321,0.25258
CVE-2025-31821,0.00424,0.36186
CVE-2025-31822,0.00569,0.45621
CVE-2025-31823,0.00354,0.29102
CVE-2025-31824,0.00324,0.25667
CVE-2025-31825,0.00548,0.44564
CVE-2025-31826,0.00439,0.37502
CVE-2025-31827,0.00544,0.44326
CVE-2025-31828,0.00245,0.15978
CVE-2025-31829,0.00354,0.29098
CVE-2025-31830,0.00503,0.419
CVE-2025-31831,0.00388,0.32682
CVE-2025-31832,0.00492,0.41236
CVE-2025-31833,0.00549,0.44569
CVE-2025-31834,0.00467,0.39491
CVE-2025-31835,0.00206,0.11021
CVE-2025-31836,0.00439,0.37475
CVE-2025-31837,0.00362,0.29943
CVE-2025-31838,0.00354,0.29115
CVE-2025-31839,0.00205,0.10882
CVE-2025-31840,0.00205,0.10883
CVE-2025-31841,0.00245,0.1601
CVE-2025-31842,0.00492,0.41236
CVE-2025-31843,0.00388,0.32681
CVE-2025-31844,0.00354,0.29115
CVE-2025-31845,0.00205,0.10882
CVE-2025-31846,0.00388,0.32682
CVE-2025-31847,0.00354,0.29116
CVE-2025-31848,0.00439,0.37474
CVE-2025-31849,0.00354,0.291
CVE-2025-31850,0.00269,0.1932
CVE-2025-31851,0.00354,0.29109
CVE-2025-31852,0.00165,0.0616
CVE-2025-31853,0.00275,0.2014
CVE-2025-31854,0.00383,0.32062
CVE-2025-31855,0.00269,0.1932
CVE-2025-31856,0.00314,0.2445
CVE-2025-31857,0.00269,0.19328
CVE-2025-31858,0.00306,0.23491
CVE-2025-31859,0.0016,0.05631
CVE-2025-31860,0.00269,0.19329
CVE-2025-31861,0.00269,0.19329
CVE-2025-31862,0.00334,0.26745
CVE-2025-31863,0.00355,0.29173
CVE-2025-31864,0.00331,0.26381
CVE-2025-31865,0.00295,0.22341
CVE-2025-31866,0.00383,0.32062
CVE-2025-31867,0.00372,0.30916
CVE-2025-31868,0.00334,0.26745
CVE-2025-31869,0.00269,0.19323
CVE-2025-31870,0.00334,0.26731
CVE-2025-31871,0.0035,0.28639
CVE-2025-31872,0.00363,0.30037
CVE-2025-31873,0.00218,0.12559
CVE-2025-31874,0.00218,0.12565
CVE-2025-31875,0.00218,0.12565
CVE-2025-31876,0.00292,0.21938
CVE-2025-31877,0.00243,0.15704
CVE-2025-31878,0.00271,0.19492
CVE-2025-31879,0.00271,0.19492
CVE-2025-31880,0.00188,0.08626
CVE-2025-31881,0.00356,0.29275
CVE-2025-31882,0.0028,0.2075
CVE-2025-31883,0.00228,0.13753
CVE-2025-31884,0.00218,0.12563
CVE-2025-31885,0.00218,0.12564
CVE-2025-31886,0.00243,0.15705
CVE-2025-31887,0.00243,0.15704
CVE-2025-31888,0.00151,0.04617
CVE-2025-31889,0.00287,0.21481
CVE-2025-31890,0.00218,0.12564
CVE-2025-31891,0.00218,0.12565
CVE-2025-31892,0.00218,0.12564
CVE-2025-31893,0.00218,0.12562
CVE-2025-31894,0.00218,0.12563
CVE-2025-31895,0.00218,0.12563
CVE-2025-31896,0.00335,0.26913
CVE-2025-31897,0.00218,0.12563
CVE-2025-31898,0.00233,0.14499
CVE-2025-31899,0.00233,0.14499
CVE-2025-31900,0.00233,0.14503
CVE-2025-31901,0.00233,0.14503
CVE-2025-31902,0.00233,0.14501
CVE-2025-31903,0.00233,0.14499
CVE-2025-31904,0.00137,0.03442
CVE-2025-31905,0.00233,0.145
CVE-2025-31906,0.00137,0.03441
CVE-2025-31907,0.00233,0.14502
CVE-2025-31908,0.00137,0.03442
CVE-2025-31909,0.00379,0.31648
CVE-2025-31910,0.00366,0.30326
CVE-2025-31911,0.00368,0.30561
CVE-2025-31912,0.00785,0.54116
CVE-2025-31913,0.00785,0.54117
CVE-2025-31914,0.00435,0.37186
CVE-2025-31915,0.00149,0.04484
CVE-2025-31916,0.00439,0.37449
CVE-2025-31917,0.00276,0.20207
CVE-2025-31918,0.00494,0.41355
CVE-2025-31919,0.00541,0.44215
CVE-2025-31920,0.00386,0.32457
CVE-2025-31921,0.00158,0.0538
CVE-2025-31922,0.00139,0.03647
CVE-2025-31923,0.0032,0.25092
CVE-2025-31924,0.00554,0.44889
CVE-2025-31925,0.00276,0.20209
CVE-2025-31926,0.00321,0.25249
CVE-2025-31927,0.0059,0.46661
CVE-2025-31928,0.00321,0.2525
CVE-2025-31929,0.00198,0.09803
CVE-2025-31930,0.00274,0.1997
CVE-2025-31931,0.00188,0.08596
CVE-2025-31932,0.00698,0.51229
CVE-2025-31933,0.00306,0.23518
CVE-2025-31935,0.00182,0.08022
CVE-2025-31936,0.00098,0.00862
CVE-2025-31937,0.00102,0.01035
CVE-2025-31938,0.00087,0.00425
CVE-2025-31940,0.00098,0.0087
CVE-2025-31941,0.00306,0.23518
CVE-2025-31944,0.00076,0.0013
CVE-2025-31945,0.00584,0.46356
CVE-2025-31946,0.00281,0.20824
CVE-2025-31947,0.00336,0.27044
CVE-2025-31948,0.00114,0.01726
CVE-2025-31949,0.00296,0.22492
CVE-2025-31950,0.00306,0.23517
CVE-2025-31951,0.00247,0.16309
CVE-2025-31952,0.00325,0.25775
CVE-2025-31953,0.00259,0.17899
CVE-2025-31954,0.00182,0.08052
CVE-2025-31955,0.00289,0.21684
CVE-2025-31957,0.00095,0.00721
CVE-2025-31958,0.00177,0.07534
CVE-2025-31959,0.00143,0.03966
CVE-2025-31960,0.0024,0.15403
CVE-2025-31961,0.00154,0.04869
CVE-2025-31962,0.00184,0.08236
CVE-2025-31963,0.00095,0.00746
CVE-2025-31964,0.00351,0.28743
CVE-2025-31965,0.00196,0.0958
CVE-2025-31966,0.00194,0.09397
CVE-2025-31969,0.00164,0.06032
CVE-2025-31970,0.00149,0.04446
CVE-2025-31971,0.00136,0.03377
CVE-2025-31972,0.00094,0.00699
CVE-2025-31973,0.00178,0.07543
CVE-2025-31974,0.00178,0.07612
CVE-2025-31975,0.00172,0.06974
CVE-2025-31976,0.00162,0.05874
CVE-2025-31977,0.00103,0.01125
CVE-2025-31978,0.00137,0.03484
CVE-2025-31979,0.00212,0.11829
CVE-2025-31981,0.00087,0.0043
CVE-2025-31982,0.00153,0.04806
CVE-2025-31983,0.00118,0.0198
CVE-2025-31984,0.00135,0.03342
CVE-2025-31985,0.00157,0.05299
CVE-2025-31987,0.00216,0.12287
CVE-2025-31988,0.0024,0.15398
CVE-2025-31990,0.00261,0.18177
CVE-2025-31991,0.00228,0.13752
CVE-2025-31992,0.00174,0.07116
CVE-2025-31993,0.00238,0.15082
CVE-2025-31994,0.00182,0.08069
CVE-2025-31995,0.00501,0.41761
CVE-2025-31996,0.00242,0.15633
CVE-2025-31997,0.00224,0.13215
CVE-2025-31998,0.00391,0.33032
CVE-2025-32001,0.0011,0.01429
CVE-2025-32002,0.01655,0.75153
CVE-2025-32003,0.00249,0.16553
CVE-2025-32004,0.00138,0.03562
CVE-2025-32007,0.0012,0.02082
CVE-2025-32008,0.00285,0.21252
CVE-2025-32010,0.00687,0.50853
CVE-2025-32011,0.27333,0.98019
CVE-2025-32012,0.00751,0.5305
CVE-2025-32013,0.00636,0.48791
CVE-2025-32014,0.00439,0.37515
CVE-2025-32015,0.00449,0.38269
CVE-2025-32016,0.00097,0.00822
CVE-2025-32017,0.00622,0.48157
CVE-2025-32018,0.00403,0.34255
CVE-2025-32019,0.0031,0.23967
CVE-2025-32020,0.00358,0.2954
CVE-2025-32021,0.00375,0.31313
CVE-2025-32022,0.0014,0.03747
CVE-2025-32023,0.03963,0.90016
CVE-2025-32024,0.00181,0.07883
CVE-2025-32025,0.00181,0.07883
CVE-2025-32026,0.0016,0.05635
CVE-2025-32027,0.0024,0.15448
CVE-2025-32028,0.01964,0.79224
CVE-2025-32029,0.00234,0.14633
CVE-2025-32030,0.00511,0.42463
CVE-2025-32031,0.00581,0.46203
CVE-2025-32032,0.00575,0.45905
CVE-2025-32033,0.00575,0.45905
CVE-2025-32034,0.00534,0.43844
CVE-2025-32035,0.00178,0.07547
CVE-2025-32036,0.00304,0.23261
CVE-2025-32037,0.00134,0.03269
CVE-2025-32038,0.0011,0.01429
CVE-2025-32044,0.00514,0.42656
CVE-2025-32045,0.00314,0.24434
CVE-2025-32049,0.00857,0.56398
CVE-2025-32050,0.00751,0.53066
CVE-2025-32051,0.00546,0.4444
CVE-2025-32052,0.00645,0.49144
CVE-2025-32053,0.00645,0.49144
CVE-2025-32054,0.00431,0.36734
CVE-2025-32056,0.00268,0.19157
CVE-2025-32057,0.00289,0.21665
CVE-2025-32058,0.00165,0.06182
CVE-2025-32059,0.00398,0.33736
CVE-2025-32060,0.00116,0.0183
CVE-2025-32061,0.00398,0.33736
CVE-2025-32062,0.00398,0.33736
CVE-2025-32063,0.00202,0.10395
CVE-2025-32067,0.00225,0.13384
CVE-2025-32068,0.0027,0.19417
CVE-2025-32069,0.00225,0.13383
CVE-2025-32070,0.00225,0.13384
CVE-2025-32071,0.00225,0.13384
CVE-2025-32072,0.00487,0.4087
CVE-2025-32073,0.00225,0.13383
CVE-2025-32074,0.00225,0.13383
CVE-2025-32075,0.00398,0.33737
CVE-2025-32076,0.00398,0.33737
CVE-2025-32077,0.00391,0.33022
CVE-2025-32078,0.00391,0.33021
CVE-2025-32079,0.00395,0.33449
CVE-2025-32080,0.00459,0.38996
CVE-2025-32086,0.00142,0.03862
CVE-2025-32088,0.00114,0.01692
CVE-2025-32089,0.00306,0.23471
CVE-2025-32091,0.00129,0.02901
CVE-2025-32092,0.00113,0.01626
CVE-2025-32093,0.00242,0.15672
CVE-2025-32094,0.00563,0.45334
CVE-2025-32095,0.00424,0.36183
CVE-2025-32096,0.00312,0.24256
CVE-2025-32098,0.00248,0.16331
CVE-2025-32100,0.00222,0.13092
CVE-2025-32102,0.08747,0.94978
CVE-2025-32103,0.16859,0.96965
CVE-2025-32105,0.0122,0.66874
CVE-2025-32106,0.00995,0.60648
CVE-2025-32107,0.01567,0.73805
CVE-2025-32111,0.00398,0.33744
CVE-2025-32112,0.00206,0.11002
CVE-2025-32113,0.00206,0.11001
CVE-2025-32114,0.00288,0.21583
CVE-2025-32115,0.00288,0.21583
CVE-2025-32116,0.00288,0.21583
CVE-2025-32117,0.00233,0.14498
CVE-2025-32118,0.00658,0.49717
CVE-2025-32119,0.00333,0.26613
CVE-2025-32120,0.00572,0.45753
CVE-2025-32121,0.00572,0.45754
CVE-2025-32122,0.00572,0.45753
CVE-2025-32123,0.00307,0.2359
CVE-2025-32124,0.00622,0.48146
CVE-2025-32125,0.00572,0.45755
CVE-2025-32126,0.00622,0.48147
CVE-2025-32127,0.00572,0.45754
CVE-2025-32128,0.00435,0.3716
CVE-2025-32129,0.00401,0.34036
CVE-2025-32130,0.00401,0.34034
CVE-2025-32131,0.00401,0.34036
CVE-2025-32132,0.00401,0.34036
CVE-2025-32133,0.00401,0.34034
CVE-2025-32134,0.00401,0.34036
CVE-2025-32135,0.00401,0.34034
CVE-2025-32136,0.00401,0.34033
CVE-2025-32137,0.0077,0.53686
CVE-2025-32138,0.00523,0.43186
CVE-2025-32139,0.00276,0.20177
CVE-2025-32140,0.00542,0.44236
CVE-2025-32141,0.0068,0.50564
CVE-2025-32142,0.0076,0.53342
CVE-2025-32143,0.01043,0.62077
CVE-2025-32144,0.01043,0.62077
CVE-2025-32145,0.00481,0.40525
CVE-2025-32146,0.00768,0.53608
CVE-2025-32147,0.00503,0.41897
CVE-2025-32148,0.00454,0.38598
CVE-2025-32149,0.00537,0.43984
CVE-2025-32150,0.011,0.63724
CVE-2025-32151,0.00952,0.59227
CVE-2025-32152,0.011,0.63724
CVE-2025-32153,0.011,0.63725
CVE-2025-32154,0.00952,0.59227
CVE-2025-32155,0.0088,0.57073
CVE-2025-32156,0.011,0.63724
CVE-2025-32157,0.011,0.63724
CVE-2025-32158,0.00725,0.52179
CVE-2025-32159,0.00985,0.60332
CVE-2025-32160,0.00805,0.54776
CVE-2025-32161,0.00392,0.33127
CVE-2025-32162,0.00392,0.33123
CVE-2025-32163,0.00392,0.33123
CVE-2025-32164,0.00357,0.29447
CVE-2025-32165,0.00392,0.33119
CVE-2025-32166,0.00392,0.33117
CVE-2025-32167,0.00392,0.33125
CVE-2025-32168,0.00392,0.33117
CVE-2025-32169,0.00392,0.33118
CVE-2025-32170,0.00392,0.33118
CVE-2025-32171,0.00392,0.33118
CVE-2025-32172,0.00354,0.29107
CVE-2025-32173,0.00392,0.33124
CVE-2025-32174,0.00392,0.33119
CVE-2025-32175,0.00392,0.33124
CVE-2025-32176,0.00392,0.33125
CVE-2025-32177,0.00392,0.33125
CVE-2025-32178,0.00477,0.40252
CVE-2025-32179,0.00392,0.33125
CVE-2025-32180,0.00258,0.17778
CVE-2025-32181,0.00392,0.33119
CVE-2025-32182,0.00392,0.3312
CVE-2025-32183,0.00392,0.33121
CVE-2025-32184,0.00392,0.3312
CVE-2025-32185,0.00399,0.3386
CVE-2025-32186,0.00392,0.33121
CVE-2025-32187,0.00392,0.33123
CVE-2025-32188,0.00392,0.33123
CVE-2025-32189,0.00392,0.33122
CVE-2025-32190,0.00392,0.33121
CVE-2025-32191,0.00392,0.33126
CVE-2025-32192,0.00392,0.33126
CVE-2025-32193,0.00392,0.33124
CVE-2025-32194,0.00392,0.33121
CVE-2025-32195,0.00392,0.3312
CVE-2025-32196,0.00392,0.33122
CVE-2025-32197,0.00392,0.3312
CVE-2025-32198,0.00271,0.19582
CVE-2025-32199,0.0027,0.19373
CVE-2025-32201,0.00453,0.38558
CVE-2025-32202,0.00433,0.37006
CVE-2025-32203,0.00622,0.48147
CVE-2025-32204,0.00572,0.45754
CVE-2025-32205,0.00387,0.32495
CVE-2025-32206,0.00599,0.47077
CVE-2025-32207,0.00392,0.33119
CVE-2025-32208,0.00332,0.26492
CVE-2025-32209,0.00483,0.40651
CVE-2025-32210,0.00336,0.27041
CVE-2025-32211,0.00218,0.12558
CVE-2025-32212,0.00278,0.20533
CVE-2025-32213,0.0032,0.25183
CVE-2025-32214,0.00219,0.12596
CVE-2025-32215,0.00216,0.12325
CVE-2025-32216,0.00271,0.19531
CVE-2025-32217,0.00477,0.40251
CVE-2025-32218,0.00477,0.40251
CVE-2025-32219,0.00477,0.40251
CVE-2025-32220,0.00514,0.42626
CVE-2025-32221,0.00271,0.19531
CVE-2025-32222,0.00459,0.38938
CVE-2025-32223,0.00291,0.21909
CVE-2025-32224,0.00477,0.40252
CVE-2025-32225,0.00478,0.40265
CVE-2025-32226,0.00422,0.36077
CVE-2025-32227,0.0031,0.23996
CVE-2025-32228,0.00288,0.21619
CVE-2025-32229,0.00422,0.36077
CVE-2025-32230,0.00267,0.19022
CVE-2025-32231,0.00422,0.36078
CVE-2025-32232,0.00388,0.32681
CVE-2025-32233,0.00422,0.36078
CVE-2025-32234,0.00422,0.36058
CVE-2025-32235,0.00388,0.32683
CVE-2025-32236,0.00243,0.15736
CVE-2025-32237,0.00422,0.36079
CVE-2025-32238,0.00507,0.4217
CVE-2025-32239,0.00422,0.36078
CVE-2025-32240,0.00306,0.23539
CVE-2025-32241,0.00275,0.20084
CVE-2025-32242,0.00289,0.21652
CVE-2025-32243,0.00306,0.23539
CVE-2025-32244,0.00306,0.2354
CVE-2025-32245,0.0012,0.0213
CVE-2025-32246,0.00477,0.40253
CVE-2025-32247,0.00221,0.12866
CVE-2025-32248,0.00221,0.12866
CVE-2025-32249,0.00221,0.12866
CVE-2025-32250,0.00199,0.10057
CVE-2025-32251,0.00536,0.43928
CVE-2025-32252,0.00519,0.42965
CVE-2025-32253,0.00619,0.47992
CVE-2025-32254,0.00444,0.37889
CVE-2025-32255,0.00536,0.43928
CVE-2025-32256,0.00366,0.30377
CVE-2025-32257,0.00804,0.5474
CVE-2025-32258,0.00311,0.24161
CVE-2025-32259,0.0033,0.26308
CVE-2025-32260,0.00292,0.21985
CVE-2025-32261,0.0016,0.05629
CVE-2025-32262,0.00151,0.04617
CVE-2025-32263,0.0016,0.05629
CVE-2025-32264,0.00151,0.04616
CVE-2025-32265,0.00151,0.04616
CVE-2025-32266,0.00188,0.08625
CVE-2025-32267,0.00151,0.04615
CVE-2025-32268,0.00188,0.08623
CVE-2025-32269,0.00188,0.08624
CVE-2025-32270,0.00188,0.08626
CVE-2025-32271,0.00188,0.08624
CVE-2025-32272,0.00188,0.08625
CVE-2025-32273,0.00188,0.08626
CVE-2025-32274,0.00151,0.04616
CVE-2025-32275,0.00318,0.24934
CVE-2025-32276,0.00151,0.04615
CVE-2025-32277,0.00243,0.15705
CVE-2025-32278,0.00151,0.04615
CVE-2025-32279,0.00249,0.16509
CVE-2025-32280,0.00172,0.06884
CVE-2025-32281,0.0014,0.03709
CVE-2025-32282,0.00151,0.04639
CVE-2025-32283,0.00569,0.45632
CVE-2025-32284,0.00554,0.44889
CVE-2025-32285,0.00276,0.20207
CVE-2025-32286,0.00785,0.54117
CVE-2025-32287,0.00321,0.25251
CVE-2025-32288,0.0056,0.4514
CVE-2025-32289,0.00785,0.54118
CVE-2025-32290,0.00321,0.25251
CVE-2025-32291,0.00519,0.42936
CVE-2025-32292,0.0059,0.4666
CVE-2025-32293,0.00554,0.44889
CVE-2025-32294,0.00785,0.54119
CVE-2025-32295,0.00283,0.21011
CVE-2025-32296,0.00311,0.24037
CVE-2025-32297,0.00252,0.16905
CVE-2025-32298,0.00576,0.45958
CVE-2025-32299,0.00336,0.27014
CVE-2025-32300,0.00216,0.123
CVE-2025-32301,0.00321,0.25249
CVE-2025-32302,0.00785,0.54119
CVE-2025-32303,0.00277,0.20329
CVE-2025-32304,0.0048,0.40461
CVE-2025-32305,0.00276,0.20206
CVE-2025-32306,0.00321,0.2525
CVE-2025-32307,0.00321,0.2525
CVE-2025-32308,0.0034,0.27482
CVE-2025-32309,0.00785,0.54116
CVE-2025-32310,0.00241,0.1548
CVE-2025-32311,0.00222,0.12951
CVE-2025-32312,0.00096,0.00795
CVE-2025-32313,0.0008,0.002
CVE-2025-32316,0.00077,0.00147
CVE-2025-32317,0.00073,0.00076
CVE-2025-32318,0.00287,0.21484
CVE-2025-32319,0.00087,0.00434
CVE-2025-32320,0.00076,0.00118
CVE-2025-32321,0.00085,0.00365
CVE-2025-32322,0.00081,0.00244
CVE-2025-32323,0.00092,0.00596
CVE-2025-32324,0.00091,0.00542
CVE-2025-32325,0.00102,0.01034
CVE-2025-32326,0.00085,0.00365
CVE-2025-32327,0.00111,0.01515
CVE-2025-32328,0.00095,0.0072
CVE-2025-32329,0.00095,0.0072
CVE-2025-32330,0.00125,0.02574
CVE-2025-32331,0.00097,0.0085
CVE-2025-32332,0.00087,0.00416
CVE-2025-32333,0.00089,0.00493
CVE-2025-32345,0.00088,0.00467
CVE-2025-32346,0.0008,0.00203
CVE-2025-32347,0.00084,0.00342
CVE-2025-32348,0.00072,0.00069
CVE-2025-32349,0.00092,0.00605
CVE-2025-32350,0.00084,0.00342
CVE-2025-32352,0.00326,0.25854
CVE-2025-32353,0.00128,0.02768
CVE-2025-32354,0.00298,0.22639
CVE-2025-32355,0.01249,0.67565
CVE-2025-32357,0.00258,0.17778
CVE-2025-32358,0.00267,0.19099
CVE-2025-32359,0.00292,0.22008
CVE-2025-32360,0.00248,0.16435
CVE-2025-32363,0.00904,0.57771
CVE-2025-32364,0.00265,0.18687
CVE-2025-32365,0.0025,0.16693
CVE-2025-32366,0.00392,0.33143
CVE-2025-32367,0.0043,0.36692
CVE-2025-32369,0.00267,0.19078
CVE-2025-32370,0.01525,0.73135
CVE-2025-32371,0.00295,0.2232
CVE-2025-32372,0.00376,0.31341
CVE-2025-32373,0.00381,0.31836
CVE-2025-32374,0.00394,0.33368
CVE-2025-32375,0.52415,0.9894
CVE-2025-32376,0.00246,0.16133
CVE-2025-32377,0.00464,0.39308
CVE-2025-32378,0.00305,0.23396
CVE-2025-32379,0.00257,0.17685
CVE-2025-32380,0.00558,0.45066
CVE-2025-32381,0.00498,0.41608
CVE-2025-32382,0.00377,0.31493
CVE-2025-32383,0.00281,0.20835
CVE-2025-32385,0.00303,0.23238
CVE-2025-32386,0.00449,0.38315
CVE-2025-32387,0.00483,0.40606
CVE-2025-32388,0.00299,0.22729
CVE-2025-32389,0.00502,0.41805
CVE-2025-32390,0.00366,0.30373
CVE-2025-32391,0.00321,0.25237
CVE-2025-32392,0.00531,0.4365
CVE-2025-32393,0.0041,0.34865
CVE-2025-32394,0.00382,0.31984
CVE-2025-32395,0.01745,0.76464
CVE-2025-32396,0.00399,0.33823
CVE-2025-32397,0.00399,0.33824
CVE-2025-32398,0.00393,0.33177
CVE-2025-32399,0.00512,0.42495
CVE-2025-32400,0.00399,0.33823
CVE-2025-32401,0.00318,0.24839
CVE-2025-32402,0.00393,0.33178
CVE-2025-32403,0.00313,0.24322
CVE-2025-32404,0.00313,0.24321
CVE-2025-32405,0.00496,0.41449
CVE-2025-32406,0.00515,0.42688
CVE-2025-32407,0.00286,0.21339
CVE-2025-32408,0.00122,0.02306
CVE-2025-32409,0.01107,0.63908
CVE-2025-32412,0.0019,0.08869
CVE-2025-32413,0.00244,0.1583
CVE-2025-32414,0.0037,0.30761
CVE-2025-32415,0.00627,0.48364
CVE-2025-32421,0.00772,0.53728
CVE-2025-32422,0.00428,0.36536
CVE-2025-32423,0.00382,0.31982
CVE-2025-32424,0.00428,0.36536
CVE-2025-32425,0.00182,0.08043
CVE-2025-32426,0.00228,0.13767
CVE-2025-32427,0.0023,0.14055
CVE-2025-32428,0.00916,0.5814
CVE-2025-32429,0.85265,0.99711
CVE-2025-32430,0.00628,0.48419
CVE-2025-32431,0.00929,0.58513
CVE-2025-32432,0.99785,0.99957
CVE-2025-32433,0.98754,0.99926
CVE-2025-32434,0.02057,0.80186
CVE-2025-32435,0.00312,0.24252
CVE-2025-32436,0.00382,0.31984
CVE-2025-32437,0.00428,0.36531
CVE-2025-32438,0.00186,0.08419
CVE-2025-32439,0.00384,0.32184
CVE-2025-32440,0.00579,0.46108
CVE-2025-32441,0.00229,0.13988
CVE-2025-32442,0.00717,0.5192
CVE-2025-32444,0.01667,0.7535
CVE-2025-32445,0.00775,0.53831
CVE-2025-32446,0.00118,0.01947
CVE-2025-32449,0.0011,0.0143
CVE-2025-32451,0.00583,0.46302
CVE-2025-32452,0.00094,0.00686
CVE-2025-32453,0.00113,0.01626
CVE-2025-32454,0.00176,0.07385
CVE-2025-32455,0.00596,0.46897
CVE-2025-32456,0.00601,0.47168
CVE-2025-32457,0.00607,0.47452
CVE-2025-32458,0.00607,0.47452
CVE-2025-32459,0.00596,0.46898
CVE-2025-32460,0.00353,0.2898
CVE-2025-32461,0.00905,0.57785
CVE-2025-32462,0.04425,0.90944
CVE-2025-32463,0.61039,0.99141
CVE-2025-32464,0.00751,0.53059
CVE-2025-32465,0.00332,0.26476
CVE-2025-32466,0.00307,0.23592
CVE-2025-32467,0.00102,0.01043
CVE-2025-32468,0.00859,0.56481
CVE-2025-32469,0.01238,0.67292
CVE-2025-32470,0.00615,0.47807
CVE-2025-32471,0.00359,0.29629
CVE-2025-32472,0.00591,0.46678
CVE-2025-32475,0.00806,0.54831
CVE-2025-32476,0.00206,0.11002
CVE-2025-32477,0.00206,0.11003
CVE-2025-32478,0.00206,0.11002
CVE-2025-32479,0.00206,0.11001
CVE-2025-32480,0.00206,0.11005
CVE-2025-32481,0.00186,0.0845
CVE-2025-32482,0.00186,0.08452
CVE-2025-32483,0.00401,0.34035
CVE-2025-32484,0.00186,0.08457
CVE-2025-32485,0.00205,0.10885
CVE-2025-32486,0.00342,0.27685
CVE-2025-32487,0.00287,0.21433
CVE-2025-32488,0.00401,0.34035
CVE-2025-32489,0.00401,0.34033
CVE-2025-32490,0.00306,0.23462
CVE-2025-32491,0.00784,0.541
CVE-2025-32492,0.00401,0.34035
CVE-2025-32493,0.00362,0.29942
CVE-2025-32494,0.00205,0.10885
CVE-2025-32495,0.00354,0.291
CVE-2025-32496,0.00259,0.17826
CVE-2025-32497,0.00186,0.08452
CVE-2025-32498,0.00186,0.08452
CVE-2025-32499,0.00741,0.52732
CVE-2025-32500,0.00186,0.08458
CVE-2025-32501,0.00186,0.08455
CVE-2025-32502,0.00186,0.08454
CVE-2025-32503,0.00378,0.31589
CVE-2025-32504,0.00306,0.23462
CVE-2025-32505,0.00186,0.08458
CVE-2025-32506,0.00288,0.21545
CVE-2025-32507,0.00288,0.21555
CVE-2025-32508,0.00288,0.21537
CVE-2025-32509,0.00866,0.56655
CVE-2025-32510,0.00489,0.41034
CVE-2025-32511,0.00288,0.21552
CVE-2025-32512,0.00306,0.2346
CVE-2025-32513,0.00288,0.2155
CVE-2025-32514,0.00288,0.2155
CVE-2025-32515,0.00288,0.2155
CVE-2025-32516,0.00288,0.21554
CVE-2025-32517,0.00419,0.35751
CVE-2025-32518,0.00186,0.08454
CVE-2025-32519,0.00897,0.57548
CVE-2025-32520,0.00288,0.21543
CVE-2025-32521,0.00288,0.21548
CVE-2025-32522,0.00288,0.21554
CVE-2025-32523,0.00419,0.35752
CVE-2025-32524,0.00419,0.35753
CVE-2025-32525,0.00419,0.35752
CVE-2025-32526,0.00308,0.23694
CVE-2025-32527,0.00288,0.21553
CVE-2025-32528,0.00288,0.21542
CVE-2025-32529,0.00288,0.21532
CVE-2025-32530,0.00288,0.21534
CVE-2025-32531,0.00288,0.21533
CVE-2025-32532,0.00288,0.21549
CVE-2025-32533,0.00288,0.21548
CVE-2025-32534,0.00419,0.35752
CVE-2025-32535,0.00288,0.21548
CVE-2025-32536,0.00419,0.3575
CVE-2025-32537,0.00419,0.3575
CVE-2025-32538,0.00419,0.35753
CVE-2025-32539,0.00419,0.3575
CVE-2025-32540,0.00288,0.21544
CVE-2025-32541,0.00419,0.35792
CVE-2025-32542,0.00563,0.45359
CVE-2025-32543,0.00378,0.31594
CVE-2025-32544,0.00447,0.38128
CVE-2025-32545,0.0015,0.04512
CVE-2025-32546,0.0015,0.04507
CVE-2025-32547,0.00221,0.1288
CVE-2025-32548,0.00288,0.21544
CVE-2025-32549,0.00674,0.50347
CVE-2025-32550,0.00513,0.4256
CVE-2025-32551,0.00419,0.35751
CVE-2025-32552,0.00306,0.23458
CVE-2025-32553,0.00419,0.35752
CVE-2025-32554,0.00288,0.21542
CVE-2025-32555,0.00186,0.08456
CVE-2025-32556,0.00186,0.08457
CVE-2025-32557,0.00306,0.23464
CVE-2025-32558,0.00494,0.41308
CVE-2025-32559,0.00186,0.08453
CVE-2025-32560,0.00288,0.21551
CVE-2025-32561,0.00288,0.21551
CVE-2025-32562,0.00306,0.23466
CVE-2025-32563,0.00186,0.08456
CVE-2025-32564,0.00288,0.21552
CVE-2025-32565,0.00527,0.43434
CVE-2025-32566,0.00288,0.21534
CVE-2025-32567,0.00494,0.41344
CVE-2025-32568,0.0088,0.57077
CVE-2025-32569,0.0088,0.57076
CVE-2025-32570,0.00419,0.35749
CVE-2025-32571,0.00593,0.46756
CVE-2025-32572,0.00616,0.47832
CVE-2025-32573,0.00425,0.36305
CVE-2025-32574,0.00339,0.27373
CVE-2025-32575,0.00186,0.08456
CVE-2025-32576,0.00259,0.17826
CVE-2025-32577,0.00818,0.5521
CVE-2025-32578,0.00288,0.21547
CVE-2025-32579,0.00729,0.52318
CVE-2025-32580,0.00378,0.31597
CVE-2025-32581,0.00419,0.3575
CVE-2025-32582,0.00306,0.23459
CVE-2025-32583,0.18955,0.97237
CVE-2025-32584,0.00186,0.08453
CVE-2025-32585,0.00923,0.58335
CVE-2025-32586,0.0034,0.27495
CVE-2025-32587,0.00973,0.60016
CVE-2025-32588,0.00288,0.21543
CVE-2025-32589,0.01003,0.60938
CVE-2025-32590,0.00288,0.21543
CVE-2025-32591,0.00186,0.08456
CVE-2025-32592,0.00288,0.21535
CVE-2025-32593,0.00407,0.34662
CVE-2025-32594,0.00472,0.39838
CVE-2025-32595,0.00785,0.54118
CVE-2025-32596,0.00374,0.31129
CVE-2025-32597,0.00186,0.08455
CVE-2025-32598,0.0035,0.28617
CVE-2025-32599,0.0034,0.27449
CVE-2025-32600,0.0034,0.27448
CVE-2025-32601,0.0034,0.27448
CVE-2025-32602,0.00288,0.21547
CVE-2025-32603,0.00527,0.43434
CVE-2025-32604,0.00288,0.21523
CVE-2025-32605,0.00288,0.21523
CVE-2025-32606,0.0015,0.04509
CVE-2025-32607,0.00879,0.57055
CVE-2025-32608,0.00288,0.21538
CVE-2025-32609,0.00288,0.21534
CVE-2025-32610,0.00186,0.08454
CVE-2025-32611,0.00288,0.21552
CVE-2025-32612,0.00186,0.08455
CVE-2025-32613,0.00288,0.21535
CVE-2025-32614,0.01851,0.77865
CVE-2025-32615,0.00288,0.21531
CVE-2025-32616,0.00186,0.08451
CVE-2025-32617,0.00186,0.08451
CVE-2025-32618,0.00494,0.41307
CVE-2025-32619,0.00186,0.08454
CVE-2025-32620,0.00383,0.32061
CVE-2025-32621,0.00186,0.08458
CVE-2025-32622,0.00288,0.21537
CVE-2025-32623,0.00186,0.08457
CVE-2025-32624,0.00393,0.33206
CVE-2025-32625,0.00306,0.23461
CVE-2025-32626,0.005,0.41723
CVE-2025-32627,0.00938,0.58812
CVE-2025-32628,0.00288,0.21529
CVE-2025-32629,0.0078,0.53995
CVE-2025-32630,0.00288,0.21526
CVE-2025-32631,0.0078,0.53996
CVE-2025-32632,0.0034,0.27449
CVE-2025-32633,0.0078,0.53995
CVE-2025-32634,0.00288,0.21525
CVE-2025-32635,0.00472,0.39838
CVE-2025-32636,0.00368,0.30561
CVE-2025-32637,0.00288,0.21523
CVE-2025-32638,0.00288,0.21535
CVE-2025-32639,0.00288,0.21535
CVE-2025-32640,0.00362,0.29942
CVE-2025-32641,0.00285,0.21256
CVE-2025-32642,0.00324,0.25579
CVE-2025-32643,0.00451,0.38421
CVE-2025-32644,0.0017,0.06733
CVE-2025-32645,0.0017,0.06733
CVE-2025-32646,0.00288,0.21525
CVE-2025-32647,0.00481,0.40483
CVE-2025-32648,0.00434,0.37093
CVE-2025-32649,0.00288,0.2154
CVE-2025-32650,0.00494,0.41307
CVE-2025-32651,0.00306,0.23462
CVE-2025-32652,0.00435,0.37178
CVE-2025-32653,0.00288,0.21527
CVE-2025-32654,0.00928,0.5846
CVE-2025-32655,0.0015,0.04507
CVE-2025-32656,0.00928,0.5846
CVE-2025-32657,0.00573,0.4582
CVE-2025-32658,0.00519,0.42909
CVE-2025-32659,0.0017,0.06733
CVE-2025-32660,0.00452,0.38507
CVE-2025-32661,0.0017,0.06734
CVE-2025-32662,0.00481,0.40483
CVE-2025-32663,0.00928,0.58459
CVE-2025-32664,0.0017,0.06732
CVE-2025-32665,0.00368,0.3056
CVE-2025-32666,0.00288,0.2154
CVE-2025-32667,0.0017,0.06734
CVE-2025-32668,0.00665,0.49967
CVE-2025-32669,0.0017,0.06733
CVE-2025-32670,0.00288,0.21525
CVE-2025-32671,0.00734,0.52512
CVE-2025-32672,0.00928,0.58459
CVE-2025-32673,0.0017,0.06732
CVE-2025-32674,0.00288,0.21527
CVE-2025-32675,0.00455,0.38725
CVE-2025-32676,0.00504,0.41983
CVE-2025-32677,0.00504,0.41984
CVE-2025-32678,0.00188,0.08624
CVE-2025-32679,0.00182,0.08044
CVE-2025-32680,0.00294,0.2216
CVE-2025-32681,0.00494,0.41307
CVE-2025-32682,0.0056,0.45168
CVE-2025-32683,0.00287,0.21482
CVE-2025-32684,0.00369,0.30616
CVE-2025-32685,0.00504,0.41984
CVE-2025-32686,0.00593,0.46756
CVE-2025-32687,0.00345,0.28059
CVE-2025-32688,0.00213,0.1194
CVE-2025-32689,0.0033,0.26292
CVE-2025-32690,0.00287,0.2148
CVE-2025-32691,0.00256,0.17597
CVE-2025-32692,0.00893,0.57433
CVE-2025-32693,0.00383,0.32086
CVE-2025-32694,0.00348,0.28374
CVE-2025-32695,0.00569,0.45618
CVE-2025-32696,0.00353,0.2897
CVE-2025-32697,0.00387,0.32587
CVE-2025-32698,0.00421,0.36
CVE-2025-32699,0.00397,0.33628
CVE-2025-32700,0.00417,0.35602
CVE-2025-32701,0.01392,0.70721
CVE-2025-32702,0.00616,0.47822
CVE-2025-32703,0.00461,0.39085
CVE-2025-32704,0.0043,0.36694
CVE-2025-32705,0.00495,0.41375
CVE-2025-32706,0.02294,0.82321
CVE-2025-32707,0.00531,0.4363
CVE-2025-32709,0.0214,0.80983
CVE-2025-32710,0.01074,0.6304
CVE-2025-32711,0.08034,0.94612
CVE-2025-32712,0.00479,0.40352
CVE-2025-32713,0.00745,0.52871
CVE-2025-32714,0.01343,0.69682
CVE-2025-32715,0.01441,0.71619
CVE-2025-32716,0.00478,0.40301
CVE-2025-32717,0.00538,0.44014
CVE-2025-32718,0.00478,0.403
CVE-2025-32719,0.00514,0.42612
CVE-2025-32720,0.00648,0.49302
CVE-2025-32721,0.0064,0.48923
CVE-2025-32722,0.01075,0.63056
CVE-2025-32724,0.01816,0.77413
CVE-2025-32725,0.0175,0.76547
CVE-2025-32726,0.00451,0.38411
CVE-2025-32728,0.00197,0.09668
CVE-2025-32730,0.00172,0.06883
CVE-2025-32731,0.00692,0.51018
CVE-2025-32732,0.00119,0.0202
CVE-2025-32735,0.00102,0.0107
CVE-2025-32736,0.00151,0.04663
CVE-2025-32738,0.00419,0.35762
CVE-2025-32739,0.00088,0.00439
CVE-2025-32743,0.00517,0.42833
CVE-2025-32744,0.00402,0.34179
CVE-2025-32745,0.00083,0.00307
CVE-2025-32746,0.00103,0.01122
CVE-2025-32747,0.0009,0.00527
CVE-2025-32748,0.00146,0.04195
CVE-2025-32749,0.00127,0.02766
CVE-2025-32750,0.0035,0.28565
CVE-2025-32751,0.00102,0.01057
CVE-2025-32752,0.00171,0.06864
CVE-2025-32753,0.00191,0.09027
CVE-2025-32754,0.00469,0.39622
CVE-2025-32755,0.00469,0.39622
CVE-2025-32756,0.29812,0.98162
CVE-2025-32766,0.00135,0.03335
CVE-2025-32776,0.00189,0.08706
CVE-2025-32777,0.00452,0.38472
CVE-2025-32778,0.19551,0.97317
CVE-2025-32779,0.01246,0.67498
CVE-2025-32780,0.00243,0.15733
CVE-2025-32781,0.00415,0.3538
CVE-2025-32782,0.00311,0.24031
CVE-2025-32783,0.00319,0.25
CVE-2025-32784,0.00259,0.17936
CVE-2025-32785,0.00234,0.14523
CVE-2025-32786,0.06576,0.93607
CVE-2025-32787,0.00391,0.32988
CVE-2025-32788,0.00246,0.16112
CVE-2025-32789,0.00421,0.35938
CVE-2025-32790,0.00285,0.21261
CVE-2025-32791,0.00288,0.21578
CVE-2025-32792,0.00577,0.46002
CVE-2025-32793,0.0014,0.03713
CVE-2025-32794,0.14406,0.96515
CVE-2025-32795,0.00296,0.22481
CVE-2025-32796,0.00419,0.35803
CVE-2025-32797,0.00172,0.06936
CVE-2025-32798,0.00838,0.55805
CVE-2025-32799,0.0133,0.69364
CVE-2025-32800,0.00646,0.49221
CVE-2025-32801,0.00261,0.18084
CVE-2025-32802,0.00211,0.11683
CVE-2025-32803,0.00229,0.13989
CVE-2025-32807,0.00616,0.47854
CVE-2025-32808,0.00397,0.33648
CVE-2025-32809,0.00274,0.19965
CVE-2025-32813,0.43894,0.98729
CVE-2025-32814,0.36408,0.98464
CVE-2025-32815,0.39749,0.98598
CVE-2025-32816,0.00265,0.18676
CVE-2025-32817,0.00352,0.28806
CVE-2025-32818,0.00827,0.55469
CVE-2025-32819,0.0642,0.9347
CVE-2025-32820,0.02869,0.86115
CVE-2025-32821,0.19861,0.97352
CVE-2025-32822,0.00806,0.54832
CVE-2025-32823,0.00806,0.54831
CVE-2025-32824,0.00806,0.54838
CVE-2025-32825,0.00806,0.54833
CVE-2025-32826,0.00806,0.54832
CVE-2025-32827,0.00806,0.54831
CVE-2025-32828,0.00806,0.54833
CVE-2025-32829,0.00806,0.54834
CVE-2025-32830,0.00806,0.54834
CVE-2025-32831,0.00806,0.54837
CVE-2025-32832,0.00806,0.54837
CVE-2025-32833,0.00806,0.54837
CVE-2025-32834,0.00806,0.54835
CVE-2025-32835,0.00806,0.54836
CVE-2025-32836,0.00806,0.54835
CVE-2025-32837,0.00806,0.54832
CVE-2025-32838,0.00806,0.54832
CVE-2025-32839,0.00806,0.54834
CVE-2025-32840,0.00806,0.54833
CVE-2025-32841,0.00806,0.54836
CVE-2025-32842,0.00806,0.54835
CVE-2025-32843,0.00806,0.5483
CVE-2025-32844,0.00806,0.54835
CVE-2025-32845,0.00806,0.54836
CVE-2025-32846,0.00806,0.54834
CVE-2025-32847,0.00806,0.54833
CVE-2025-32848,0.00702,0.51417
CVE-2025-32849,0.00702,0.51418
CVE-2025-32850,0.00702,0.51415
CVE-2025-32851,0.00702,0.51418
CVE-2025-32852,0.00702,0.51415
CVE-2025-32853,0.00702,0.51417
CVE-2025-32854,0.00702,0.51415
CVE-2025-32855,0.00654,0.49545
CVE-2025-32856,0.00654,0.49545
CVE-2025-32857,0.00691,0.51013
CVE-2025-32858,0.00654,0.49545
CVE-2025-32859,0.00654,0.49544
CVE-2025-32860,0.00654,0.49546
CVE-2025-32861,0.00654,0.49546
CVE-2025-32862,0.00654,0.49546
CVE-2025-32863,0.00654,0.49545
CVE-2025-32864,0.00702,0.51416
CVE-2025-32865,0.00702,0.51415
CVE-2025-32866,0.00702,0.51416
CVE-2025-32867,0.00702,0.51417
CVE-2025-32868,0.00448,0.38217
CVE-2025-32869,0.00448,0.38216
CVE-2025-32870,0.00744,0.52837
CVE-2025-32871,0.00702,0.51416
CVE-2025-32872,0.00702,0.51416
CVE-2025-32873,0.13624,0.96361
CVE-2025-32874,0.00084,0.00313
CVE-2025-32875,0.00164,0.06059
CVE-2025-32876,0.00399,0.33854
CVE-2025-32877,0.00713,0.51787
CVE-2025-32878,0.0041,0.3493
CVE-2025-32879,0.00533,0.43746
CVE-2025-32880,0.00452,0.38509
CVE-2025-32881,0.00156,0.05202
CVE-2025-32882,0.00089,0.00494
CVE-2025-32884,0.00156,0.05202
CVE-2025-32885,0.00222,0.13079
CVE-2025-32886,0.00144,0.04033
CVE-2025-32887,0.0016,0.05568
CVE-2025-32888,0.00183,0.08074
CVE-2025-32889,0.00183,0.08075
CVE-2025-32890,0.00126,0.02618
CVE-2025-32896,0.01157,0.65203
CVE-2025-32897,0.01708,0.75941
CVE-2025-32898,0.00148,0.04378
CVE-2025-32899,0.00179,0.0772
CVE-2025-32900,0.00116,0.0184
CVE-2025-32901,0.00179,0.0772
CVE-2025-32906,0.00955,0.59328
CVE-2025-32907,0.00684,0.5072
CVE-2025-32908,0.00597,0.4693
CVE-2025-32909,0.0052,0.43015
CVE-2025-32910,0.00446,0.38058
CVE-2025-32911,0.00949,0.59152
CVE-2025-32912,0.00446,0.38057
CVE-2025-32913,0.00825,0.55427
CVE-2025-32914,0.00758,0.53269
CVE-2025-32915,0.00136,0.03402
CVE-2025-32916,0.00192,0.09112
CVE-2025-32917,0.00302,0.23035
CVE-2025-32918,0.00335,0.26889
CVE-2025-32919,0.00267,0.19004
CVE-2025-32920,0.00236,0.14835
CVE-2025-32921,0.00685,0.50772
CVE-2025-32922,0.00143,0.03995
CVE-2025-32923,0.00233,0.14498
CVE-2025-32924,0.00313,0.2439
CVE-2025-32925,0.00469,0.39632
CVE-2025-32926,0.00552,0.44764
CVE-2025-32927,0.00465,0.39359
CVE-2025-32928,0.00465,0.3936
CVE-2025-32929,0.00379,0.31649
CVE-2025-32931,0.0056,0.45145
CVE-2025-32932,0.00204,0.10695
CVE-2025-32942,0.00238,0.15062
CVE-2025-32943,0.00508,0.42269
CVE-2025-32944,0.00584,0.46339
CVE-2025-32945,0.00319,0.24984
CVE-2025-32946,0.00373,0.31076
CVE-2025-32947,0.00747,0.52911
CVE-2025-32948,0.0059,0.46663
CVE-2025-32949,0.00564,0.45385
CVE-2025-32950,0.00721,0.52072
CVE-2025-32951,0.00355,0.29175
CVE-2025-32952,0.00686,0.50832
CVE-2025-32953,0.00526,0.43339
CVE-2025-32955,0.00226,0.13536
CVE-2025-32956,0.00666,0.50024
CVE-2025-32957,0.00577,0.46003
CVE-2025-32958,0.00575,0.45922
CVE-2025-32959,0.00529,0.43543
CVE-2025-32960,0.0032,0.25074
CVE-2025-32961,0.0032,0.25074
CVE-2025-32962,0.0022,0.12749
CVE-2025-32963,0.00619,0.47986
CVE-2025-32964,0.00216,0.12289
CVE-2025-32965,0.00906,0.57833
CVE-2025-32966,0.0445,0.91003
CVE-2025-32967,0.00279,0.20635
CVE-2025-32968,0.00572,0.45796
CVE-2025-32969,0.79428,0.99596
CVE-2025-32970,0.00584,0.4634
CVE-2025-32971,0.00381,0.31863
CVE-2025-32972,0.00478,0.40277
CVE-2025-32973,0.00385,0.3232
CVE-2025-32974,0.0034,0.27419
CVE-2025-32975,0.02458,0.83608
CVE-2025-32976,0.0083,0.55571
CVE-2025-32977,0.00403,0.34252
CVE-2025-32978,0.00895,0.57497
CVE-2025-32979,0.00347,0.28223
CVE-2025-32980,0.00444,0.37903
CVE-2025-32981,0.00221,0.12893
CVE-2025-32982,0.00384,0.32221
CVE-2025-32983,0.00412,0.35115
CVE-2025-32984,0.00253,0.17005
CVE-2025-32985,0.00444,0.37902
CVE-2025-32986,0.00427,0.36437
CVE-2025-32987,0.0017,0.06751
CVE-2025-32988,0.01294,0.68567
CVE-2025-32989,0.01287,0.68404
CVE-2025-32990,0.00786,0.54167
CVE-2025-32991,0.00339,0.27359
CVE-2025-32992,0.00219,0.1262
CVE-2025-32993,0.00274,0.20004
CVE-2025-32996,0.00461,0.39132
CVE-2025-32997,0.00467,0.3954
CVE-2025-32999,0.00241,0.15527
CVE-2025-33000,0.0013,0.03019
CVE-2025-33003,0.00128,0.0284
CVE-2025-33004,0.00458,0.38926
CVE-2025-33005,0.00248,0.16422
CVE-2025-33008,0.00239,0.1521
CVE-2025-33012,0.00161,0.05669
CVE-2025-33013,0.00133,0.0322
CVE-2025-33014,0.00215,0.12102
CVE-2025-33015,0.00304,0.23264
CVE-2025-33020,0.00104,0.01173
CVE-2025-33023,0.00292,0.21939
CVE-2025-33024,0.01195,0.66219
CVE-2025-33025,0.01195,0.66218
CVE-2025-33026,0.00286,0.21359
CVE-2025-33027,0.00286,0.21359
CVE-2025-33028,0.00514,0.42615
CVE-2025-33029,0.00185,0.08283
CVE-2025-33030,0.0015,0.04578
CVE-2025-33031,0.00263,0.1845
CVE-2025-33032,0.00499,0.41671
CVE-2025-33033,0.00488,0.40935
CVE-2025-33034,0.00477,0.40199
CVE-2025-33035,0.00548,0.44552
CVE-2025-33036,0.00488,0.40934
CVE-2025-33037,0.00488,0.40934
CVE-2025-33038,0.00488,0.40934
CVE-2025-33039,0.00364,0.30168
CVE-2025-33040,0.00364,0.30168
CVE-2025-33042,0.00612,0.47691
CVE-2025-33043,0.00178,0.07568
CVE-2025-33044,0.0015,0.04554
CVE-2025-33045,0.00159,0.05494
CVE-2025-33050,0.01787,0.77021
CVE-2025-33051,0.01269,0.68016
CVE-2025-33052,0.0057,0.45675
CVE-2025-33053,0.87607,0.99755
CVE-2025-33054,0.00858,0.56444
CVE-2025-33055,0.00582,0.46241
CVE-2025-33056,0.01653,0.75127
CVE-2025-33057,0.01736,0.76347
CVE-2025-33058,0.0057,0.45674
CVE-2025-33059,0.0057,0.45674
CVE-2025-33060,0.0057,0.45675
CVE-2025-33061,0.0057,0.45675
CVE-2025-33062,0.00582,0.46241
CVE-2025-33063,0.0057,0.45675
CVE-2025-33064,0.01293,0.68552
CVE-2025-33065,0.0057,0.45674
CVE-2025-33066,0.01078,0.63122
CVE-2025-33067,0.00451,0.38409
CVE-2025-33068,0.0175,0.76547
CVE-2025-33069,0.00305,0.23387
CVE-2025-33070,0.09863,0.95408
CVE-2025-33071,0.23185,0.9771
CVE-2025-33072,0.01678,0.75494
CVE-2025-33073,0.82699,0.9966
CVE-2025-33074,0.00559,0.45095
CVE-2025-33075,0.00593,0.46773
CVE-2025-33076,0.00418,0.3569
CVE-2025-33077,0.00404,0.34357
CVE-2025-33079,0.00312,0.24275
CVE-2025-33081,0.00091,0.00563
CVE-2025-33082,0.00182,0.07984
CVE-2025-33083,0.00182,0.07985
CVE-2025-33084,0.0021,0.11418
CVE-2025-33088,0.00103,0.0108
CVE-2025-33089,0.00234,0.14622
CVE-2025-33090,0.00399,0.33874
CVE-2025-33092,0.0014,0.03753
CVE-2025-33093,0.00353,0.28888
CVE-2025-33096,0.00306,0.23491
CVE-2025-33097,0.00174,0.07144
CVE-2025-33099,0.00188,0.08671
CVE-2025-33100,0.00178,0.07583
CVE-2025-33101,0.0021,0.11558
CVE-2025-33102,0.00175,0.0722
CVE-2025-33103,0.00432,0.36903
CVE-2025-33104,0.00239,0.15188
CVE-2025-33108,0.00591,0.4669
CVE-2025-33109,0.00383,0.32138
CVE-2025-33110,0.00197,0.09782
CVE-2025-33111,0.00214,0.12031
CVE-2025-33112,0.0022,0.12774
CVE-2025-33114,0.00306,0.23542
CVE-2025-33116,0.00174,0.0712
CVE-2025-33117,0.00552,0.44779
CVE-2025-33118,0.00213,0.11857
CVE-2025-33119,0.00238,0.15155
CVE-2025-33120,0.00155,0.0509
CVE-2025-33121,0.00481,0.40532
CVE-2025-33122,0.00413,0.35142
CVE-2025-33124,0.00249,0.16553
CVE-2025-33126,0.00285,0.21238
CVE-2025-33128,0.00231,0.14182
CVE-2025-33130,0.00249,0.16553
CVE-2025-33131,0.00285,0.21239
CVE-2025-33132,0.00285,0.21237
CVE-2025-33133,0.00285,0.21237
CVE-2025-33135,0.00179,0.07653
CVE-2025-33136,0.00337,0.27107
CVE-2025-33137,0.00337,0.27107
CVE-2025-33138,0.00257,0.17601
CVE-2025-33141,0.00377,0.31508
CVE-2025-33142,0.0027,0.19403
CVE-2025-33147,0.00212,0.11818
CVE-2025-33150,0.00234,0.14636
CVE-2025-33176,0.00148,0.04409
CVE-2025-33177,0.0012,0.02058
CVE-2025-33178,0.0028,0.20728
CVE-2025-33179,0.0051,0.42386
CVE-2025-33180,0.00762,0.53418
CVE-2025-33181,0.00351,0.28711
CVE-2025-33182,0.00322,0.25342
CVE-2025-33183,0.00488,0.40961
CVE-2025-33184,0.00488,0.40961
CVE-2025-33185,0.00862,0.56562
CVE-2025-33186,0.00371,0.30831
CVE-2025-33187,0.00175,0.07313
CVE-2025-33188,0.00156,0.05218
CVE-2025-33189,0.00179,0.07714
CVE-2025-33190,0.00157,0.05296
CVE-2025-33191,0.00163,0.05927
CVE-2025-33192,0.00143,0.03999
CVE-2025-33193,0.00105,0.0122
CVE-2025-33194,0.0015,0.04523
CVE-2025-33195,0.00147,0.04317
CVE-2025-33196,0.00139,0.03643
CVE-2025-33197,0.00165,0.06096
CVE-2025-33198,0.00136,0.03369
CVE-2025-33199,0.00139,0.03611
CVE-2025-33200,0.00138,0.03509
CVE-2025-33201,0.00937,0.58779
CVE-2025-33202,0.00438,0.37403
CVE-2025-33203,0.00291,0.21863
CVE-2025-33204,0.00203,0.10538
CVE-2025-33205,0.00154,0.04863
CVE-2025-33206,0.00928,0.58463
CVE-2025-33208,0.00423,0.36136
CVE-2025-33210,0.00665,0.49979
CVE-2025-33211,0.0068,0.50576
CVE-2025-33212,0.00189,0.08765
CVE-2025-33213,0.00658,0.4972
CVE-2025-33214,0.00658,0.49719
CVE-2025-33215,0.00251,0.16743
CVE-2025-33216,0.00251,0.16743
CVE-2025-33217,0.00188,0.08697
CVE-2025-33218,0.00194,0.09342
CVE-2025-33219,0.00194,0.09342
CVE-2025-33220,0.00194,0.09343
CVE-2025-33221,0.00175,0.07265
CVE-2025-33222,0.00629,0.48449
CVE-2025-33223,0.00692,0.51025
CVE-2025-33224,0.00809,0.5492
CVE-2025-33225,0.00303,0.2316
CVE-2025-33226,0.00219,0.12642
CVE-2025-33228,0.01394,0.7076
CVE-2025-33229,0.00191,0.09006
CVE-2025-33230,0.01394,0.7076
CVE-2025-33231,0.00183,0.08131
CVE-2025-33233,0.00233,0.14486
CVE-2025-33234,0.00251,0.16803
CVE-2025-33235,0.00127,0.02677
CVE-2025-33236,0.00182,0.08014
CVE-2025-33237,0.0012,0.02069
CVE-2025-33238,0.00323,0.25526
CVE-2025-33239,0.00205,0.10765
CVE-2025-33240,0.00205,0.10765
CVE-2025-33241,0.00222,0.13061
CVE-2025-33242,0.00311,0.24105
CVE-2025-33243,0.00222,0.13062
CVE-2025-33244,0.00578,0.46062
CVE-2025-33245,0.0054,0.44113
CVE-2025-33246,0.00955,0.59315
CVE-2025-33247,0.00322,0.25416
CVE-2025-33248,0.00208,0.11202
CVE-2025-33249,0.00178,0.07605
CVE-2025-33250,0.00227,0.13682
CVE-2025-33251,0.00227,0.13682
CVE-2025-33252,0.00205,0.10879
CVE-2025-33253,0.00193,0.09299
CVE-2025-33254,0.00323,0.25526
CVE-2025-33255,0.00566,0.45478
CVE-2025-34021,0.00604,0.47316
CVE-2025-34022,0.00794,0.5444
CVE-2025-34023,0.01572,0.7388
CVE-2025-34024,0.03808,0.89595
CVE-2025-34025,0.00608,0.47484
CVE-2025-34026,0.8194,0.99643
CVE-2025-34027,0.4522,0.98768
CVE-2025-34028,0.97551,0.999
CVE-2025-34029,0.03424,0.884
CVE-2025-34030,0.54423,0.98989
CVE-2025-34031,0.03007,0.86755
CVE-2025-34032,0.00747,0.52934
CVE-2025-34033,0.03873,0.8976
CVE-2025-34034,0.00614,0.47731
CVE-2025-34035,0.12541,0.96109
CVE-2025-34036,0.27324,0.98019
CVE-2025-34037,0.90939,0.99805
CVE-2025-34038,0.02028,0.79898
CVE-2025-34039,0.00536,0.43934
CVE-2025-34040,0.15109,0.96638
CVE-2025-34041,0.07,0.9395
CVE-2025-34042,0.01771,0.76831
CVE-2025-34043,0.0746,0.94274
CVE-2025-34044,0.03831,0.89659
CVE-2025-34045,0.04307,0.90737
CVE-2025-34046,0.00832,0.55624
CVE-2025-34047,0.0051,0.42366
CVE-2025-34048,0.00631,0.48548
CVE-2025-34049,0.02441,0.83467
CVE-2025-34050,0.00271,0.19585
CVE-2025-34051,0.00563,0.45363
CVE-2025-34053,0.00607,0.47428
CVE-2025-34054,0.027,0.85212
CVE-2025-34055,0.01513,0.72946
CVE-2025-34056,0.01811,0.77332
CVE-2025-34057,0.08204,0.94713
CVE-2025-34058,0.00852,0.56224
CVE-2025-34059,0.0047,0.39698
CVE-2025-34060,0.00743,0.52791
CVE-2025-34061,0.0168,0.75531
CVE-2025-34062,0.00152,0.04693
CVE-2025-34063,0.0059,0.46673
CVE-2025-34064,0.00492,0.4121
CVE-2025-34065,0.00594,0.46832
CVE-2025-34066,0.00297,0.22533
CVE-2025-34067,0.18509,0.97186
CVE-2025-34068,0.00901,0.57679
CVE-2025-34069,0.00633,0.48648
CVE-2025-34070,0.00691,0.5099
CVE-2025-34071,0.00701,0.51401
CVE-2025-34072,0.00371,0.30857
CVE-2025-34073,0.05667,0.92683
CVE-2025-34074,0.01928,0.78808
CVE-2025-34076,0.01963,0.79218
CVE-2025-34077,0.15083,0.96633
CVE-2025-34078,0.00608,0.47463
CVE-2025-34079,0.01464,0.72069
CVE-2025-34080,0.01168,0.65508
CVE-2025-34081,0.00635,0.48748
CVE-2025-34082,0.06683,0.93686
CVE-2025-34086,0.03281,0.87892
CVE-2025-34087,0.07078,0.94011
CVE-2025-34088,0.07312,0.94183
CVE-2025-34089,0.02102,0.80642
CVE-2025-34093,0.02877,0.86161
CVE-2025-34095,0.06302,0.93369
CVE-2025-34096,0.01555,0.73636
CVE-2025-34097,0.01487,0.72473
CVE-2025-34098,0.01094,0.63562
CVE-2025-34099,0.01694,0.75737
CVE-2025-34100,0.03333,0.88098
CVE-2025-34101,0.04416,0.90931
CVE-2025-34102,0.09617,0.95322
CVE-2025-34103,0.06038,0.93102
CVE-2025-34104,0.01617,0.74577
CVE-2025-34105,0.01443,0.71658
CVE-2025-34106,0.00391,0.32953
CVE-2025-34107,0.0113,0.64473
CVE-2025-34108,0.01286,0.68382
CVE-2025-34109,0.00344,0.27907
CVE-2025-34110,0.01939,0.78951
CVE-2025-34111,0.02195,0.81494
CVE-2025-34112,0.02858,0.86065
CVE-2025-34113,0.03005,0.86748
CVE-2025-34114,0.00162,0.05771
CVE-2025-34115,0.03321,0.88057
CVE-2025-34116,0.01678,0.75498
CVE-2025-34117,0.27438,0.98026
CVE-2025-34118,0.02062,0.80233
CVE-2025-34119,0.02191,0.81437
CVE-2025-34120,0.01809,0.77311
CVE-2025-34121,0.02426,0.83363
CVE-2025-34123,0.00547,0.44475
CVE-2025-34124,0.0045,0.38359
CVE-2025-34125,0.04467,0.91029
CVE-2025-34126,0.02126,0.80851
CVE-2025-34127,0.01621,0.74633
CVE-2025-34128,0.01274,0.68143
CVE-2025-34129,0.0113,0.64495
CVE-2025-34130,0.01149,0.64983
CVE-2025-34132,0.01747,0.76497
CVE-2025-34133,0.00236,0.14898
CVE-2025-34134,0.02244,0.8192
CVE-2025-34135,0.00332,0.26549
CVE-2025-34136,0.00464,0.3933
CVE-2025-34139,0.00463,0.39216
CVE-2025-34140,0.00648,0.49304
CVE-2025-34141,0.01927,0.78804
CVE-2025-34142,0.00911,0.57966
CVE-2025-34143,0.32678,0.98309
CVE-2025-34146,0.00203,0.10576
CVE-2025-34147,0.01048,0.62222
CVE-2025-34148,0.01286,0.68388
CVE-2025-34149,0.01424,0.71319
CVE-2025-34150,0.01351,0.69873
CVE-2025-34151,0.0373,0.89348
CVE-2025-34152,0.68599,0.99329
CVE-2025-34153,0.00653,0.49521
CVE-2025-34154,0.00645,0.49155
CVE-2025-34155,0.00639,0.48881
CVE-2025-34156,0.00346,0.28159
CVE-2025-34157,0.00462,0.39171
CVE-2025-34158,0.00557,0.44992
CVE-2025-34159,0.00964,0.5962
CVE-2025-34160,0.00814,0.55068
CVE-2025-34161,0.02963,0.86563
CVE-2025-34162,0.00628,0.48429
CVE-2025-34163,0.00654,0.49548
CVE-2025-34164,0.00659,0.49752
CVE-2025-34165,0.00497,0.41511
CVE-2025-34171,0.00641,0.48989
CVE-2025-34172,0.01041,0.62007
CVE-2025-34173,0.00903,0.57754
CVE-2025-34174,0.09775,0.95381
CVE-2025-34175,0.14832,0.9659
CVE-2025-34176,0.14966,0.96615
CVE-2025-34177,0.00857,0.56407
CVE-2025-34178,0.03668,0.89164
CVE-2025-34179,0.00404,0.34344
CVE-2025-34180,0.00181,0.07942
CVE-2025-34181,0.01036,0.61885
CVE-2025-34182,0.00327,0.26004
CVE-2025-34183,0.00696,0.51177
CVE-2025-34184,0.02743,0.8545
CVE-2025-34185,0.00843,0.55952
CVE-2025-34186,0.00874,0.56892
CVE-2025-34187,0.03161,0.87411
CVE-2025-34188,0.00305,0.23409
CVE-2025-34189,0.00247,0.163
CVE-2025-34190,0.00428,0.36549
CVE-2025-34191,0.003,0.22842
CVE-2025-34192,0.00962,0.59579
CVE-2025-34193,0.00778,0.53932
CVE-2025-34194,0.00307,0.23585
CVE-2025-34195,0.0097,0.59871
CVE-2025-34196,0.00478,0.40265
CVE-2025-34197,0.00269,0.1934
CVE-2025-34198,0.00799,0.54581
CVE-2025-34199,0.00542,0.44269
CVE-2025-34200,0.00342,0.27696
CVE-2025-34201,0.00291,0.21879
CVE-2025-34202,0.00976,0.60095
CVE-2025-34203,0.00871,0.56818
CVE-2025-34204,0.00678,0.50482
CVE-2025-34205,0.01405,0.70961
CVE-2025-34206,0.00509,0.42289
CVE-2025-34207,0.00665,0.49988
CVE-2025-34208,0.00437,0.37332
CVE-2025-34209,0.00703,0.51451
CVE-2025-34210,0.00156,0.05177
CVE-2025-34211,0.00393,0.33282
CVE-2025-34212,0.00672,0.50237
CVE-2025-34215,0.01136,0.64631
CVE-2025-34216,0.00814,0.55082
CVE-2025-34217,0.00747,0.52933
CVE-2025-34218,0.00995,0.60657
CVE-2025-34220,0.0069,0.50973
CVE-2025-34221,0.0145,0.71795
CVE-2025-34222,0.00519,0.42931
CVE-2025-34223,0.01225,0.67008
CVE-2025-34224,0.00971,0.59916
CVE-2025-34225,0.00812,0.55017
CVE-2025-34226,0.00663,0.49893
CVE-2025-34227,0.24251,0.97797
CVE-2025-34228,0.00782,0.54049
CVE-2025-34229,0.00531,0.43636
CVE-2025-34230,0.00531,0.43636
CVE-2025-34231,0.00743,0.52785
CVE-2025-34232,0.00551,0.44718
CVE-2025-34233,0.00594,0.46807
CVE-2025-34234,0.0041,0.34884
CVE-2025-34235,0.00473,0.39981
CVE-2025-34236,0.00205,0.10749
CVE-2025-34237,0.00202,0.10359
CVE-2025-34238,0.00382,0.31931
CVE-2025-34239,0.01742,0.76433
CVE-2025-34240,0.00291,0.21857
CVE-2025-34241,0.00291,0.21857
CVE-2025-34242,0.00291,0.21857
CVE-2025-34243,0.00291,0.21857
CVE-2025-34244,0.00291,0.21858
CVE-2025-34245,0.00291,0.21856
CVE-2025-34246,0.00291,0.21858
CVE-2025-34247,0.00295,0.22327
CVE-2025-34248,0.0065,0.49384
CVE-2025-34251,0.00446,0.3808
CVE-2025-34253,0.00537,0.43993
CVE-2025-34254,0.01023,0.61497
CVE-2025-34255,0.01023,0.61497
CVE-2025-34256,0.00691,0.50986
CVE-2025-34257,0.00259,0.17843
CVE-2025-34258,0.00213,0.11902
CVE-2025-34259,0.00259,0.17844
CVE-2025-34260,0.00253,0.17124
CVE-2025-34261,0.00259,0.17844
CVE-2025-34262,0.00213,0.11901
CVE-2025-34263,0.00202,0.10359
CVE-2025-34264,0.00202,0.10359
CVE-2025-34265,0.00202,0.1036
CVE-2025-34266,0.00213,0.11901
CVE-2025-34267,0.06561,0.93596
CVE-2025-34270,0.00584,0.4638
CVE-2025-34271,0.00694,0.51087
CVE-2025-34272,0.00801,0.5466
CVE-2025-34273,0.00958,0.59429
CVE-2025-34274,0.01937,0.78932
CVE-2025-34277,0.0201,0.79738
CVE-2025-34278,0.00705,0.5153
CVE-2025-34280,0.01332,0.69407
CVE-2025-34281,0.00378,0.31603
CVE-2025-34282,0.01818,0.77434
CVE-2025-34283,0.0097,0.59898
CVE-2025-34284,0.04132,0.90398
CVE-2025-34286,0.02244,0.8192
CVE-2025-34287,0.0027,0.19384
CVE-2025-34288,0.01853,0.77885
CVE-2025-34290,0.00107,0.01282
CVE-2025-34291,0.83629,0.99682
CVE-2025-34292,0.00547,0.44502
CVE-2025-34293,0.00389,0.32767
CVE-2025-34297,0.00165,0.06209
CVE-2025-34298,0.00657,0.49684
CVE-2025-34299,0.72854,0.9944
CVE-2025-34300,0.79171,0.99592
CVE-2025-34301,0.05013,0.91909
CVE-2025-34302,0.00453,0.38533
CVE-2025-34303,0.00453,0.38534
CVE-2025-34304,0.00387,0.3252
CVE-2025-34305,0.00453,0.38533
CVE-2025-34306,0.00453,0.38532
CVE-2025-34307,0.00453,0.38534
CVE-2025-34308,0.00453,0.38533
CVE-2025-34309,0.05013,0.91909
CVE-2025-34310,0.00453,0.38533
CVE-2025-34311,0.13784,0.96398
CVE-2025-34312,0.02296,0.82336
CVE-2025-34313,0.00453,0.38532
CVE-2025-34314,0.00453,0.38532
CVE-2025-34315,0.00453,0.38534
CVE-2025-34316,0.00453,0.38531
CVE-2025-34317,0.00453,0.38532
CVE-2025-34318,0.00479,0.40403
CVE-2025-34319,0.04364,0.90844
CVE-2025-34320,0.00806,0.54806
CVE-2025-34322,0.09475,0.95268
CVE-2025-34323,0.00325,0.25689
CVE-2025-34324,0.00103,0.01093
CVE-2025-34328,0.00711,0.517
CVE-2025-34329,0.01123,0.64295
CVE-2025-34330,0.00464,0.39327
CVE-2025-34331,0.00529,0.43499
CVE-2025-34332,0.00203,0.1056
CVE-2025-34333,0.00203,0.1056
CVE-2025-34334,0.03436,0.88442
CVE-2025-34335,0.02822,0.85885
CVE-2025-34336,0.0056,0.45133
CVE-2025-34337,0.00274,0.19979
CVE-2025-34350,0.00962,0.59587
CVE-2025-34352,0.00191,0.09065
CVE-2025-34392,0.24721,0.97836
CVE-2025-34393,0.00707,0.51594
CVE-2025-34394,0.00707,0.51594
CVE-2025-34395,0.00753,0.53125
CVE-2025-34396,0.00193,0.09176
CVE-2025-34397,0.00395,0.33418
CVE-2025-34398,0.00395,0.33417
CVE-2025-34399,0.00395,0.33417
CVE-2025-34400,0.00395,0.33417
CVE-2025-34401,0.00395,0.33417
CVE-2025-34402,0.00395,0.33418
CVE-2025-34403,0.00395,0.33419
CVE-2025-34404,0.00395,0.33416
CVE-2025-34406,0.00395,0.33418
CVE-2025-34407,0.00491,0.41122
CVE-2025-34408,0.00491,0.41122
CVE-2025-34409,0.00491,0.41122
CVE-2025-34410,0.00157,0.05263
CVE-2025-34413,0.00445,0.37938
CVE-2025-34414,0.00955,0.59319
CVE-2025-34416,0.00171,0.06847
CVE-2025-34417,0.00171,0.06848
CVE-2025-34418,0.00168,0.0647
CVE-2025-34419,0.00168,0.06469
CVE-2025-34420,0.00171,0.06848
CVE-2025-34421,0.00196,0.09639
CVE-2025-34422,0.00171,0.06848
CVE-2025-34423,0.00168,0.0647
CVE-2025-34424,0.00168,0.0647
CVE-2025-34425,0.00404,0.34366
CVE-2025-34427,0.00116,0.01836
CVE-2025-34428,0.0012,0.02081
CVE-2025-34429,0.00177,0.07536
CVE-2025-34430,0.00211,0.11702
CVE-2025-34433,0.0148,0.72342
CVE-2025-34434,0.00466,0.39427
CVE-2025-34435,0.00325,0.25709
CVE-2025-34436,0.00422,0.36083
CVE-2025-34437,0.00395,0.3343
CVE-2025-34438,0.00283,0.21049
CVE-2025-34439,0.00195,0.09508
CVE-2025-34440,0.00195,0.09508
CVE-2025-34441,0.00851,0.56193
CVE-2025-34442,0.00851,0.56193
CVE-2025-34449,0.0042,0.3583
CVE-2025-34450,0.00227,0.13696
CVE-2025-34451,0.00266,0.18778
CVE-2025-34452,0.05436,0.92414
CVE-2025-34457,0.00509,0.42284
CVE-2025-34458,0.00461,0.39089
CVE-2025-34467,0.00218,0.12527
CVE-2025-34468,0.00731,0.52396
CVE-2025-34469,0.00685,0.50795
CVE-2025-34489,0.00314,0.24448
CVE-2025-34490,0.00687,0.50847
CVE-2025-34491,0.00882,0.57136
CVE-2025-34499,0.0043,0.36721
CVE-2025-34500,0.0014,0.03735
CVE-2025-34501,0.00183,0.08124
CVE-2025-34502,0.00201,0.10307
CVE-2025-34503,0.00122,0.02263
CVE-2025-34504,0.00321,0.25201
CVE-2025-34506,0.00909,0.57913
CVE-2025-34508,0.73226,0.99449
CVE-2025-34509,0.55874,0.99024
CVE-2025-34510,0.24299,0.97802
CVE-2025-34511,0.29814,0.98162
CVE-2025-34512,0.00407,0.34656
CVE-2025-34513,0.07616,0.94371
CVE-2025-34514,0.01992,0.7954
CVE-2025-34515,0.07972,0.94581
CVE-2025-34516,0.00585,0.46388
CVE-2025-34517,0.00657,0.49667
CVE-2025-34518,0.00657,0.49668
CVE-2025-34519,0.00307,0.23657
CVE-2025-34520,0.00369,0.30578
CVE-2025-34521,0.00217,0.12337
CVE-2025-34522,0.00556,0.44948
CVE-2025-34523,0.0053,0.43585
CVE-2025-35003,0.01459,0.71979
CVE-2025-35004,0.00982,0.60262
CVE-2025-35005,0.01001,0.60841
CVE-2025-35006,0.01001,0.60841
CVE-2025-35007,0.00982,0.60261
CVE-2025-35008,0.01001,0.60841
CVE-2025-35009,0.01001,0.60841
CVE-2025-35010,0.01001,0.6084
CVE-2025-35021,0.00306,0.23531
CVE-2025-35027,0.02663,0.84987
CVE-2025-35028,0.0529,0.92257
CVE-2025-35029,0.00206,0.10928
CVE-2025-35030,0.00198,0.09806
CVE-2025-35031,0.00142,0.03877
CVE-2025-35032,0.00253,0.17094
CVE-2025-35033,0.00237,0.15045
CVE-2025-35034,0.00258,0.17706
CVE-2025-35036,0.00749,0.52975
CVE-2025-35041,0.00325,0.2574
CVE-2025-35042,0.00432,0.36905
CVE-2025-35050,0.00923,0.58316
CVE-2025-35051,0.00846,0.56055
CVE-2025-35052,0.00369,0.30597
CVE-2025-35053,0.00406,0.3452
CVE-2025-35054,0.0008,0.00205
CVE-2025-35055,0.0054,0.44122
CVE-2025-35056,0.00354,0.29011
CVE-2025-35057,0.00327,0.26007
CVE-2025-35058,0.00379,0.31641
CVE-2025-35059,0.00213,0.11852
CVE-2025-35060,0.00215,0.12172
CVE-2025-35061,0.00379,0.31641
CVE-2025-35062,0.00368,0.30529
CVE-2025-35112,0.00306,0.23477
CVE-2025-35113,0.00434,0.37042
CVE-2025-35114,0.00337,0.27108
CVE-2025-35115,0.00235,0.14698
CVE-2025-35430,0.00474,0.40027
CVE-2025-35431,0.00303,0.23166
CVE-2025-35432,0.00562,0.45262
CVE-2025-35433,0.00277,0.203
CVE-2025-35434,0.00201,0.10274
CVE-2025-35435,0.00425,0.36285
CVE-2025-35436,0.00556,0.44939
CVE-2025-35451,0.00774,0.53801
CVE-2025-35452,0.00851,0.56208
CVE-2025-35471,0.00222,0.13009
CVE-2025-35939,0.01317,0.69099
CVE-2025-35940,0.0038,0.31805
CVE-2025-35941,0.00322,0.25382
CVE-2025-35963,0.00185,0.08284
CVE-2025-35965,0.00396,0.33586
CVE-2025-35966,0.00583,0.46304
CVE-2025-35967,0.00185,0.08283
CVE-2025-35968,0.00115,0.01788
CVE-2025-35969,0.00089,0.00482
CVE-2025-35970,0.00464,0.3932
CVE-2025-35971,0.00185,0.08283
CVE-2025-35972,0.0011,0.01439
CVE-2025-35973,0.00102,0.01042
CVE-2025-35975,0.00543,0.44287
CVE-2025-35978,0.00125,0.02518
CVE-2025-35979,0.00096,0.00811
CVE-2025-35981,0.00125,0.02575
CVE-2025-35983,0.00159,0.05461
CVE-2025-35984,0.01366,0.70203
CVE-2025-35987,0.00102,0.01035
CVE-2025-35990,0.00221,0.12945
CVE-2025-35991,0.00095,0.00726
CVE-2025-35992,0.00089,0.00501
CVE-2025-35995,0.00419,0.35797
CVE-2025-35996,0.17345,0.97031
CVE-2025-35998,0.00157,0.05225
CVE-2025-35999,0.00153,0.04777
CVE-2025-36000,0.00177,0.07492
CVE-2025-36001,0.00368,0.30568
CVE-2025-36002,0.0015,0.0454
CVE-2025-36003,0.00337,0.27092
CVE-2025-36004,0.00533,0.43772
CVE-2025-36005,0.00172,0.06882
CVE-2025-36006,0.00288,0.21522
CVE-2025-36007,0.00117,0.01863
CVE-2025-36008,0.00287,0.21491
CVE-2025-36009,0.0036,0.29739
CVE-2025-36010,0.00243,0.1581
CVE-2025-36011,0.00177,0.07514
CVE-2025-36014,0.00217,0.12375
CVE-2025-36015,0.00285,0.21238
CVE-2025-36016,0.00229,0.13949
CVE-2025-36017,0.00266,0.18722
CVE-2025-36018,0.00117,0.01875
CVE-2025-36019,0.00168,0.06544
CVE-2025-36020,0.00213,0.119
CVE-2025-36023,0.00261,0.18231
CVE-2025-36026,0.00151,0.0461
CVE-2025-36027,0.00217,0.1244
CVE-2025-36033,0.00141,0.03803
CVE-2025-36034,0.00158,0.05339
CVE-2025-36035,0.00131,0.03106
CVE-2025-36037,0.00191,0.08994
CVE-2025-36038,0.10828,0.95712
CVE-2025-36039,0.00263,0.18475
CVE-2025-36040,0.00214,0.12043
CVE-2025-36041,0.00355,0.29248
CVE-2025-36042,0.00182,0.07984
CVE-2025-36045,0.00262,0.18234
CVE-2025-36047,0.00451,0.38455
CVE-2025-36048,0.0049,0.41064
CVE-2025-36049,0.00649,0.4936
CVE-2025-36050,0.00167,0.06405
CVE-2025-36051,0.00101,0.01021
CVE-2025-36054,0.00197,0.09774
CVE-2025-36056,0.00187,0.08555
CVE-2025-36057,0.00182,0.0803
CVE-2025-36058,0.00128,0.02782
CVE-2025-36059,0.00103,0.01128
CVE-2025-36062,0.00224,0.13327
CVE-2025-36063,0.00169,0.06584
CVE-2025-36064,0.00509,0.4229
CVE-2025-36065,0.00183,0.08151
CVE-2025-36066,0.00205,0.10797
CVE-2025-36070,0.00372,0.30978
CVE-2025-36071,0.00298,0.22607
CVE-2025-36072,0.00469,0.39669
CVE-2025-36074,0.0034,0.27419
CVE-2025-36076,0.00295,0.22284
CVE-2025-36081,0.00221,0.12833
CVE-2025-36082,0.00128,0.02839
CVE-2025-36083,0.00117,0.01885
CVE-2025-36085,0.00164,0.05986
CVE-2025-36087,0.00286,0.21338
CVE-2025-36088,0.00182,0.07984
CVE-2025-36090,0.00272,0.19807
CVE-2025-36091,0.00331,0.26382
CVE-2025-36092,0.00422,0.36024
CVE-2025-36093,0.00248,0.16409
CVE-2025-36094,0.00223,0.13205
CVE-2025-36096,0.00301,0.23013
CVE-2025-36097,0.00419,0.35746
CVE-2025-36098,0.00369,0.30601
CVE-2025-36099,0.00321,0.25198
CVE-2025-36100,0.00101,0.01021
CVE-2025-36102,0.00221,0.12898
CVE-2025-36104,0.00264,0.18601
CVE-2025-36105,0.00082,0.00256
CVE-2025-36106,0.00191,0.09047
CVE-2025-36107,0.00228,0.13863
CVE-2025-36112,0.00234,0.14636
CVE-2025-36113,0.00172,0.06897
CVE-2025-36114,0.00499,0.41674
CVE-2025-36115,0.00157,0.05272
CVE-2025-36116,0.00159,0.05418
CVE-2025-36117,0.00189,0.08748
CVE-2025-36118,0.00361,0.29759
CVE-2025-36119,0.00199,0.09932
CVE-2025-36120,0.00302,0.23109
CVE-2025-36121,0.00166,0.06218
CVE-2025-36122,0.00245,0.15987
CVE-2025-36123,0.00142,0.03853
CVE-2025-36124,0.00395,0.33476
CVE-2025-36125,0.00216,0.12279
CVE-2025-36126,0.00185,0.08273
CVE-2025-36128,0.00543,0.44287
CVE-2025-36131,0.00173,0.07059
CVE-2025-36132,0.00188,0.08599
CVE-2025-36133,0.00113,0.01594
CVE-2025-36134,0.00298,0.22644
CVE-2025-36135,0.00166,0.06218
CVE-2025-36136,0.00107,0.01292
CVE-2025-36137,0.0033,0.26265
CVE-2025-36138,0.00166,0.06236
CVE-2025-36139,0.00186,0.08429
CVE-2025-36140,0.00285,0.21238
CVE-2025-36143,0.00338,0.27232
CVE-2025-36144,0.00124,0.02459
CVE-2025-36145,0.00166,0.06301
CVE-2025-36146,0.0023,0.14002
CVE-2025-36147,0.00275,0.20141
CVE-2025-36148,0.00193,0.09247
CVE-2025-36149,0.00177,0.07499
CVE-2025-36150,0.00176,0.07385
CVE-2025-36153,0.00197,0.09774
CVE-2025-36154,0.00097,0.0085
CVE-2025-36156,0.00124,0.0247
CVE-2025-36157,0.00536,0.4395
CVE-2025-36158,0.00113,0.01615
CVE-2025-36159,0.00113,0.01634
CVE-2025-36160,0.00254,0.17138
CVE-2025-36161,0.00211,0.11707
CVE-2025-36162,0.0023,0.14002
CVE-2025-36170,0.00166,0.06236
CVE-2025-36171,0.0032,0.25159
CVE-2025-36172,0.00166,0.06219
CVE-2025-36173,0.00149,0.04449
CVE-2025-36174,0.00362,0.29887
CVE-2025-36178,0.00342,0.27753
CVE-2025-36180,0.00186,0.08434
CVE-2025-36183,0.00193,0.09198
CVE-2025-36184,0.00501,0.41748
CVE-2025-36185,0.00127,0.02724
CVE-2025-36186,0.00123,0.02423
CVE-2025-36187,0.00153,0.04789
CVE-2025-36192,0.00114,0.01708
CVE-2025-36193,0.00144,0.04027
CVE-2025-36194,0.0012,0.02113
CVE-2025-36202,0.00339,0.2734
CVE-2025-36220,0.0031,0.23977
CVE-2025-36221,0.00269,0.1923
CVE-2025-36222,0.00373,0.31108
CVE-2025-36223,0.00167,0.06399
CVE-2025-36225,0.0023,0.14001
CVE-2025-36226,0.0021,0.11456
CVE-2025-36227,0.0021,0.11456
CVE-2025-36228,0.0022,0.1281
CVE-2025-36229,0.00238,0.15157
CVE-2025-36230,0.00198,0.09808
CVE-2025-36236,0.0049,0.41067
CVE-2025-36238,0.00164,0.0607
CVE-2025-36239,0.00212,0.11739
CVE-2025-36243,0.00143,0.03966
CVE-2025-36244,0.0012,0.02113
CVE-2025-36245,0.00447,0.38137
CVE-2025-36247,0.00307,0.23642
CVE-2025-36248,0.00212,0.11739
CVE-2025-36249,0.00147,0.04286
CVE-2025-36250,0.0067,0.50182
CVE-2025-36251,0.0054,0.44159
CVE-2025-36253,0.00216,0.12266
CVE-2025-36254,0.0036,0.29731
CVE-2025-36255,0.00262,0.18308
CVE-2025-36258,0.00155,0.05031
CVE-2025-36262,0.00301,0.22942
CVE-2025-36271,0.00162,0.05814
CVE-2025-36274,0.00207,0.11081
CVE-2025-36290,0.00159,0.0544
CVE-2025-36298,0.00165,0.06188
CVE-2025-36299,0.00214,0.12032
CVE-2025-36319,0.00431,0.36837
CVE-2025-36320,0.00257,0.17601
CVE-2025-36321,0.00407,0.3467
CVE-2025-36323,0.00231,0.14182
CVE-2025-36324,0.0027,0.19441
CVE-2025-36326,0.00228,0.13887
CVE-2025-36327,0.0036,0.29658
CVE-2025-36328,0.00367,0.30417
CVE-2025-36333,0.00283,0.21054
CVE-2025-36335,0.00093,0.00663
CVE-2025-36336,0.00203,0.10594
CVE-2025-36348,0.0031,0.23955
CVE-2025-36351,0.00236,0.1486
CVE-2025-36352,0.00177,0.07538
CVE-2025-36353,0.00161,0.05754
CVE-2025-36354,0.00333,0.26702
CVE-2025-36355,0.00166,0.06315
CVE-2025-36356,0.00192,0.09172
CVE-2025-36357,0.00816,0.55125
CVE-2025-36359,0.00329,0.26142
CVE-2025-36360,0.00189,0.08711
CVE-2025-36361,0.00205,0.1077
CVE-2025-36363,0.00241,0.15592
CVE-2025-36364,0.00104,0.01138
CVE-2025-36365,0.00277,0.20381
CVE-2025-36366,0.00377,0.31426
CVE-2025-36367,0.00291,0.21914
CVE-2025-36368,0.00314,0.24425
CVE-2025-36371,0.00266,0.18722
CVE-2025-36372,0.00303,0.2316
CVE-2025-36373,0.00252,0.16967
CVE-2025-36374,0.00241,0.15528
CVE-2025-36375,0.00167,0.06343
CVE-2025-36376,0.00192,0.09107
CVE-2025-36377,0.00192,0.09107
CVE-2025-36379,0.00149,0.04452
CVE-2025-36384,0.00173,0.06995
CVE-2025-36386,0.00521,0.43085
CVE-2025-36387,0.00349,0.28457
CVE-2025-36396,0.00172,0.06898
CVE-2025-36397,0.00193,0.09232
CVE-2025-36398,0.00187,0.08518
CVE-2025-36407,0.00292,0.21976
CVE-2025-36408,0.00186,0.0846
CVE-2025-36409,0.00172,0.06898
CVE-2025-36410,0.00183,0.08074
CVE-2025-36411,0.00117,0.01909
CVE-2025-36418,0.0017,0.06734
CVE-2025-36419,0.00239,0.15285
CVE-2025-36421,0.00203,0.10594
CVE-2025-36422,0.00139,0.03646
CVE-2025-36423,0.00257,0.17663
CVE-2025-36424,0.00348,0.28421
CVE-2025-36425,0.00181,0.0793
CVE-2025-36427,0.00349,0.28457
CVE-2025-36428,0.00319,0.25023
CVE-2025-36431,0.00165,0.06187
CVE-2025-36436,0.00223,0.1313
CVE-2025-36437,0.00214,0.12031
CVE-2025-36438,0.00123,0.02385
CVE-2025-36440,0.00147,0.04285
CVE-2025-36442,0.00411,0.34951
CVE-2025-36460,0.00159,0.05473
CVE-2025-36461,0.00136,0.03426
CVE-2025-36462,0.00136,0.03426
CVE-2025-36463,0.00159,0.05473
CVE-2025-36504,0.00419,0.35798
CVE-2025-36506,0.00421,0.35893
CVE-2025-36510,0.00104,0.01159
CVE-2025-36511,0.00113,0.01633
CVE-2025-36512,0.00548,0.44559
CVE-2025-36513,0.00138,0.03577
CVE-2025-36515,0.00089,0.00482
CVE-2025-36519,0.00313,0.24375
CVE-2025-36520,0.00882,0.57132
CVE-2025-36521,0.00436,0.37234
CVE-2025-36522,0.00084,0.0032
CVE-2025-36525,0.00419,0.35798
CVE-2025-36527,0.36512,0.98468
CVE-2025-36528,0.01605,0.74377
CVE-2025-36529,0.01177,0.65792
CVE-2025-36530,0.00494,0.41317
CVE-2025-36535,0.0104,0.6198
CVE-2025-36537,0.0017,0.06761
CVE-2025-36539,0.00393,0.33234
CVE-2025-36546,0.0042,0.35888
CVE-2025-36548,0.01031,0.61737
CVE-2025-36553,0.00273,0.19881
CVE-2025-36556,0.00343,0.2783
CVE-2025-36557,0.00412,0.3512
CVE-2025-36558,0.18851,0.97226
CVE-2025-36560,0.00511,0.42437
CVE-2025-36563,0.0019,0.08948
CVE-2025-36564,0.00128,0.02839
CVE-2025-36565,0.00205,0.10768
CVE-2025-36566,0.00596,0.46914
CVE-2025-36567,0.00596,0.46914
CVE-2025-36568,0.0011,0.0144
CVE-2025-36569,0.00473,0.39934
CVE-2025-36572,0.00312,0.24221
CVE-2025-36573,0.00143,0.03989
CVE-2025-36574,0.00494,0.41337
CVE-2025-36575,0.00344,0.27886
CVE-2025-36576,0.00186,0.08403
CVE-2025-36577,0.00394,0.33386
CVE-2025-36578,0.00304,0.23313
CVE-2025-36579,0.00176,0.07402
CVE-2025-36580,0.00293,0.22056
CVE-2025-36581,0.00136,0.03409
CVE-2025-36582,0.00238,0.15089
CVE-2025-36588,0.00654,0.49528
CVE-2025-36589,0.00274,0.20014
CVE-2025-36591,0.00111,0.01481
CVE-2025-36592,0.00197,0.09774
CVE-2025-36593,0.00272,0.19787
CVE-2025-36594,0.00486,0.40833
CVE-2025-36595,0.00607,0.4744
CVE-2025-36597,0.00301,0.22948
CVE-2025-36598,0.00338,0.27215
CVE-2025-36599,0.00244,0.15838
CVE-2025-36600,0.00172,0.06929
CVE-2025-36601,0.00406,0.34511
CVE-2025-36603,0.00107,0.01291
CVE-2025-36604,0.6408,0.99216
CVE-2025-36605,0.00239,0.15265
CVE-2025-36606,0.00464,0.39335
CVE-2025-36607,0.00474,0.4005
CVE-2025-36608,0.00487,0.40901
CVE-2025-36609,0.00134,0.03263
CVE-2025-36611,0.00135,0.03365
CVE-2025-36612,0.00104,0.01168
CVE-2025-36613,0.00114,0.01682
CVE-2025-36625,0.00288,0.21611
CVE-2025-36630,0.00179,0.07632
CVE-2025-36631,0.00172,0.06902
CVE-2025-36632,0.00202,0.10452
CVE-2025-36633,0.00183,0.08136
CVE-2025-36636,0.00194,0.09349
CVE-2025-36640,0.00128,0.02832
CVE-2025-36727,0.00423,0.36105
CVE-2025-36728,0.00171,0.06811
CVE-2025-36729,0.00439,0.37481
CVE-2025-36730,0.00191,0.09005
CVE-2025-36743,0.0022,0.12817
CVE-2025-36744,0.00162,0.05851
CVE-2025-36745,0.0023,0.14104
CVE-2025-36746,0.00168,0.06541
CVE-2025-36747,0.00319,0.2498
CVE-2025-36748,0.00157,0.05266
CVE-2025-36750,0.00162,0.05822
CVE-2025-36751,0.00074,0.00089
CVE-2025-36752,0.00319,0.24981
CVE-2025-36753,0.00319,0.24981
CVE-2025-36754,0.00185,0.0831
CVE-2025-36755,0.00168,0.06545
CVE-2025-36756,0.00274,0.19995
CVE-2025-36757,0.00336,0.27058
CVE-2025-36758,0.00391,0.33023
CVE-2025-36759,0.00334,0.26843
CVE-2025-36845,0.0158,0.74005
CVE-2025-36846,0.04997,0.91888
CVE-2025-36852,0.00241,0.15542
CVE-2025-36853,0.00565,0.45436
CVE-2025-36854,0.00602,0.47216
CVE-2025-36855,0.00771,0.53707
CVE-2025-36857,0.00127,0.02687
CVE-2025-36887,0.00081,0.00241
CVE-2025-36889,0.00071,0.00053
CVE-2025-36890,0.00235,0.14688
CVE-2025-36891,0.00212,0.11808
CVE-2025-36892,0.00182,0.08016
CVE-2025-36893,0.00077,0.00147
CVE-2025-36894,0.00265,0.18669
CVE-2025-36895,0.00172,0.06953
CVE-2025-36896,0.00243,0.15772
CVE-2025-36897,0.00282,0.20898
CVE-2025-36898,0.00085,0.0035
CVE-2025-36899,0.0009,0.00511
CVE-2025-36900,0.00082,0.00275
CVE-2025-36901,0.00157,0.05231
CVE-2025-36902,0.00084,0.00317
CVE-2025-36903,0.00081,0.00241
CVE-2025-36904,0.00243,0.15772
CVE-2025-36905,0.00085,0.0035
CVE-2025-36906,0.00082,0.00272
CVE-2025-36907,0.00083,0.00296
CVE-2025-36908,0.00088,0.00466
CVE-2025-36909,0.00137,0.03483
CVE-2025-36911,0.07775,0.94465
CVE-2025-36912,0.00302,0.23043
CVE-2025-36916,0.00059,9e-05
CVE-2025-36917,0.00302,0.23043
CVE-2025-36918,0.00103,0.01121
CVE-2025-36919,0.00078,0.00157
CVE-2025-36920,0.00087,0.00411
CVE-2025-36921,0.00073,0.00076
CVE-2025-36922,0.00079,0.00187
CVE-2025-36923,0.00125,0.02512
CVE-2025-36924,0.00123,0.02381
CVE-2025-36925,0.00078,0.00157
CVE-2025-36927,0.00095,0.00767
CVE-2025-36928,0.00095,0.00767
CVE-2025-36929,0.00091,0.00562
CVE-2025-36930,0.00095,0.00767
CVE-2025-36931,0.00078,0.00157
CVE-2025-36932,0.00095,0.00768
CVE-2025-36934,0.00098,0.00871
CVE-2025-36935,0.00078,0.00157
CVE-2025-36936,0.00078,0.00156
CVE-2025-36937,0.00271,0.19511
CVE-2025-36938,0.00144,0.04023
CVE-2025-36939,0.00228,0.13872
CVE-2025-36940,0.00216,0.12281
CVE-2025-37087,0.00419,0.35739
CVE-2025-37088,0.00161,0.05766
CVE-2025-37089,0.01247,0.67527
CVE-2025-37090,0.00621,0.48083
CVE-2025-37091,0.01194,0.66196
CVE-2025-37092,0.01247,0.67527
CVE-2025-37093,0.01103,0.63795
CVE-2025-37094,0.00859,0.56477
CVE-2025-37095,0.0118,0.65873
CVE-2025-37096,0.01246,0.67493
CVE-2025-37097,0.005,0.41717
CVE-2025-37098,0.39966,0.98603
CVE-2025-37099,0.00709,0.51656
CVE-2025-37100,0.00477,0.40224
CVE-2025-37101,0.00284,0.21083
CVE-2025-37102,0.01526,0.73148
CVE-2025-37103,0.0103,0.61703
CVE-2025-37104,0.0021,0.11511
CVE-2025-37105,0.00624,0.4823
CVE-2025-37106,0.00444,0.37859
CVE-2025-37107,0.00436,0.37262
CVE-2025-37108,0.00196,0.09659
CVE-2025-37109,0.00196,0.09659
CVE-2025-37110,0.00136,0.03376
CVE-2025-37111,0.00148,0.04371
CVE-2025-37112,0.00085,0.00368
CVE-2025-37122,0.00252,0.16985
CVE-2025-37123,0.00457,0.38817
CVE-2025-37124,0.00401,0.34046
CVE-2025-37125,0.00357,0.29395
CVE-2025-37126,0.00642,0.49025
CVE-2025-37127,0.00136,0.03373
CVE-2025-37128,0.00315,0.24594
CVE-2025-37129,0.00217,0.12391
CVE-2025-37130,0.00317,0.24779
CVE-2025-37131,0.00322,0.25362
CVE-2025-37132,0.00549,0.44587
CVE-2025-37133,0.01225,0.67013
CVE-2025-37134,0.01225,0.67013
CVE-2025-37135,0.00365,0.3028
CVE-2025-37136,0.00365,0.30281
CVE-2025-37137,0.00365,0.30281
CVE-2025-37138,0.0066,0.49791
CVE-2025-37139,0.00144,0.04024
CVE-2025-37140,0.0035,0.28572
CVE-2025-37141,0.0035,0.28573
CVE-2025-37142,0.0035,0.28572
CVE-2025-37143,0.0038,0.31813
CVE-2025-37144,0.00449,0.38255
CVE-2025-37145,0.00449,0.38255
CVE-2025-37146,0.0089,0.5733
CVE-2025-37147,0.00153,0.04838
CVE-2025-37148,0.00257,0.17622
CVE-2025-37149,0.00144,0.04042
CVE-2025-37155,0.00117,0.01863
CVE-2025-37156,0.00299,0.22715
CVE-2025-37157,0.00658,0.49707
CVE-2025-37158,0.00658,0.49708
CVE-2025-37159,0.00258,0.17781
CVE-2025-37160,0.00285,0.21202
CVE-2025-37161,0.00389,0.32781
CVE-2025-37162,0.00889,0.57317
CVE-2025-37163,0.00989,0.60476
CVE-2025-37164,0.90193,0.99795
CVE-2025-37165,0.00399,0.33862
CVE-2025-37166,0.00465,0.39364
CVE-2025-37168,0.00447,0.38155
CVE-2025-37169,0.00554,0.44881
CVE-2025-37170,0.01303,0.6877
CVE-2025-37171,0.01397,0.70813
CVE-2025-37172,0.01273,0.68113
CVE-2025-37173,0.00426,0.36414
CVE-2025-37174,0.00553,0.44793
CVE-2025-37175,0.005,0.41707
CVE-2025-37176,0.01446,0.71719
CVE-2025-37177,0.0036,0.297
CVE-2025-37178,0.00376,0.31385
CVE-2025-37179,0.00355,0.29236
CVE-2025-37181,0.00469,0.39645
CVE-2025-37182,0.00469,0.39645
CVE-2025-37183,0.00469,0.39645
CVE-2025-37184,0.00657,0.49672
CVE-2025-37185,0.00266,0.18736
CVE-2025-37186,0.00172,0.06954
CVE-2025-37727,0.00247,0.16268
CVE-2025-37728,0.00233,0.14472
CVE-2025-37729,0.00665,0.49965
CVE-2025-37730,0.0017,0.06706
CVE-2025-37731,0.00192,0.09082
CVE-2025-37732,0.00181,0.07884
CVE-2025-37734,0.00213,0.11859
CVE-2025-37735,0.00132,0.03174
CVE-2025-37736,0.00375,0.31286
CVE-2025-37738,0.00207,0.1114
CVE-2025-37739,0.00193,0.09175
CVE-2025-37740,0.00191,0.09033
CVE-2025-37741,0.00155,0.05029
CVE-2025-37742,0.00183,0.08159
CVE-2025-37743,0.00153,0.04823
CVE-2025-37744,0.00152,0.04749
CVE-2025-37745,0.00141,0.03784
CVE-2025-37746,0.00152,0.04721
CVE-2025-37747,0.0018,0.07797
CVE-2025-37748,0.00181,0.07891
CVE-2025-37749,0.00382,0.3193
CVE-2025-37750,0.00367,0.30476
CVE-2025-37751,0.00156,0.0518
CVE-2025-37752,0.00275,0.20156
CVE-2025-37754,0.00203,0.10577
CVE-2025-37755,0.00354,0.2901
CVE-2025-37756,0.00319,0.25044
CVE-2025-37757,0.00428,0.36549
CVE-2025-37758,0.00191,0.09033
CVE-2025-37759,0.0018,0.07797
CVE-2025-37760,0.00191,0.09042
CVE-2025-37761,0.00201,0.10342
CVE-2025-37762,0.00163,0.05955
CVE-2025-37763,0.00196,0.09537
CVE-2025-37764,0.00191,0.0904
CVE-2025-37765,0.00212,0.11841
CVE-2025-37766,0.00205,0.1083
CVE-2025-37767,0.00197,0.09704
CVE-2025-37768,0.00201,0.10336
CVE-2025-37769,0.00194,0.09365
CVE-2025-37770,0.00201,0.10336
CVE-2025-37771,0.00195,0.0951
CVE-2025-37772,0.00194,0.09364
CVE-2025-37773,0.00191,0.09034
CVE-2025-37774,0.00188,0.08608
CVE-2025-37775,0.00181,0.07889
CVE-2025-37776,0.00337,0.2707
CVE-2025-37777,0.00353,0.28926
CVE-2025-37778,0.01094,0.63558
CVE-2025-37779,0.0016,0.05634
CVE-2025-37780,0.00202,0.10401
CVE-2025-37781,0.002,0.1021
CVE-2025-37783,0.00152,0.0475
CVE-2025-37784,0.0018,0.07796
CVE-2025-37785,0.00303,0.23168
CVE-2025-37786,0.00186,0.08378
CVE-2025-37787,0.00182,0.08015
CVE-2025-37788,0.00193,0.09302
CVE-2025-37789,0.00208,0.11188
CVE-2025-37790,0.00232,0.14295
CVE-2025-37791,0.00188,0.08609
CVE-2025-37792,0.00193,0.09192
CVE-2025-37793,0.0018,0.07796
CVE-2025-37794,0.00193,0.09192
CVE-2025-37796,0.00192,0.09153
CVE-2025-37797,0.00215,0.12198
CVE-2025-37798,0.00218,0.12514
CVE-2025-37799,0.00343,0.27789
CVE-2025-37800,0.00197,0.09697
CVE-2025-37801,0.00203,0.10578
CVE-2025-37802,0.0034,0.27496
CVE-2025-37803,0.0024,0.15355
CVE-2025-37805,0.00195,0.0951
CVE-2025-37806,0.00191,0.09037
CVE-2025-37807,0.00191,0.09037
CVE-2025-37808,0.00207,0.11103
CVE-2025-37809,0.00195,0.09482
CVE-2025-37810,0.00223,0.13125
CVE-2025-37811,0.00182,0.08015
CVE-2025-37812,0.00156,0.05117
CVE-2025-37813,0.00191,0.09061
CVE-2025-37814,0.00212,0.11772
CVE-2025-37815,0.00181,0.07891
CVE-2025-37816,0.00197,0.09661
CVE-2025-37817,0.00208,0.11189
CVE-2025-37818,0.00181,0.07891
CVE-2025-37819,0.00208,0.11227
CVE-2025-37820,0.00376,0.31338
CVE-2025-37821,0.00178,0.07585
CVE-2025-37822,0.00265,0.18686
CVE-2025-37823,0.00208,0.11189
CVE-2025-37824,0.002,0.10209
CVE-2025-37825,0.00166,0.06261
CVE-2025-37826,0.00178,0.07564
CVE-2025-37827,0.00182,0.07967
CVE-2025-37828,0.0018,0.07797
CVE-2025-37829,0.00199,0.09954
CVE-2025-37830,0.00183,0.08159
CVE-2025-37831,0.0018,0.07795
CVE-2025-37833,0.00181,0.07932
CVE-2025-37834,0.00178,0.07585
CVE-2025-37836,0.00301,0.22933
CVE-2025-37837,0.00267,0.19071
CVE-2025-37838,0.00246,0.16077
CVE-2025-37839,0.00317,0.24831
CVE-2025-37840,0.00319,0.25048
CVE-2025-37841,0.00284,0.21096
CVE-2025-37842,0.00267,0.19071
CVE-2025-37843,0.00203,0.10494
CVE-2025-37844,0.00284,0.21096
CVE-2025-37845,0.00259,0.17817
CVE-2025-37846,0.00274,0.19991
CVE-2025-37847,0.00203,0.10494
CVE-2025-37848,0.00203,0.10494
CVE-2025-37849,0.00262,0.18265
CVE-2025-37850,0.00284,0.21097
CVE-2025-37851,0.00286,0.21341
CVE-2025-37852,0.00268,0.19187
CVE-2025-37853,0.00267,0.1907
CVE-2025-37854,0.00253,0.1701
CVE-2025-37855,0.00227,0.13686
CVE-2025-37856,0.00266,0.18733
CVE-2025-37857,0.00301,0.22933
CVE-2025-37858,0.00301,0.22933
CVE-2025-37859,0.00301,0.22932
CVE-2025-37860,0.00272,0.19822
CVE-2025-37861,0.00281,0.20857
CVE-2025-37862,0.00301,0.22933
CVE-2025-37863,0.00267,0.1907
CVE-2025-37864,0.00287,0.21403
CVE-2025-37865,0.00271,0.19581
CVE-2025-37866,0.00227,0.13686
CVE-2025-37867,0.00291,0.21876
CVE-2025-37868,0.002,0.10204
CVE-2025-37869,0.00263,0.18404
CVE-2025-37870,0.00264,0.18592
CVE-2025-37871,0.00735,0.5253
CVE-2025-37872,0.00301,0.22995
CVE-2025-37873,0.00265,0.18671
CVE-2025-37874,0.00305,0.2336
CVE-2025-37875,0.00275,0.20149
CVE-2025-37876,0.00251,0.1676
CVE-2025-37877,0.00264,0.18592
CVE-2025-37878,0.00264,0.18592
CVE-2025-37879,0.00682,0.50656
CVE-2025-37880,0.00172,0.0693
CVE-2025-37881,0.00301,0.22932
CVE-2025-37882,0.00286,0.21351
CVE-2025-37883,0.00275,0.2015
CVE-2025-37884,0.00204,0.10672
CVE-2025-37885,0.003,0.2289
CVE-2025-37886,0.00289,0.21715
CVE-2025-37887,0.00274,0.19991
CVE-2025-37888,0.00266,0.18998
CVE-2025-37889,0.0027,0.19418
CVE-2025-37890,0.00213,0.11897
CVE-2025-37891,0.00223,0.13113
CVE-2025-37892,0.00193,0.09267
CVE-2025-37893,0.00277,0.20396
CVE-2025-37894,0.00451,0.38428
CVE-2025-37895,0.00188,0.08631
CVE-2025-37896,0.00161,0.05661
CVE-2025-37897,0.00191,0.08984
CVE-2025-37898,0.00161,0.05661
CVE-2025-37899,0.00975,0.60068
CVE-2025-37900,0.00188,0.0863
CVE-2025-37901,0.00198,0.09912
CVE-2025-37903,0.00193,0.09212
CVE-2025-37904,0.00161,0.05661
CVE-2025-37905,0.00192,0.09137
CVE-2025-37906,0.00129,0.02903
CVE-2025-37907,0.00142,0.03907
CVE-2025-37908,0.00195,0.09519
CVE-2025-37909,0.00216,0.12213
CVE-2025-37910,0.00188,0.0863
CVE-2025-37911,0.00204,0.10742
CVE-2025-37912,0.00191,0.08984
CVE-2025-37913,0.00221,0.12936
CVE-2025-37914,0.00217,0.12436
CVE-2025-37915,0.00211,0.1164
CVE-2025-37916,0.00217,0.12435
CVE-2025-37917,0.00491,0.41151
CVE-2025-37918,0.00265,0.18681
CVE-2025-37919,0.00188,0.08631
CVE-2025-37920,0.00149,0.0449
CVE-2025-37921,0.00204,0.10742
CVE-2025-37922,0.00194,0.09343
CVE-2025-37923,0.0023,0.14096
CVE-2025-37924,0.20744,0.97476
CVE-2025-37925,0.00274,0.20009
CVE-2025-37926,0.00533,0.43751
CVE-2025-37927,0.00276,0.20266
CVE-2025-37928,0.00688,0.50897
CVE-2025-37929,0.00191,0.08983
CVE-2025-37930,0.00214,0.12015
CVE-2025-37931,0.00203,0.10498
CVE-2025-37932,0.00222,0.13065
CVE-2025-37933,0.00194,0.09343
CVE-2025-37934,0.00195,0.09519
CVE-2025-37935,0.00466,0.39442
CVE-2025-37936,0.00204,0.10737
CVE-2025-37937,0.00222,0.12971
CVE-2025-37938,0.00193,0.09232
CVE-2025-37939,0.00187,0.08556
CVE-2025-37940,0.00152,0.04706
CVE-2025-37941,0.00188,0.08686
CVE-2025-37943,0.00281,0.20814
CVE-2025-37944,0.0028,0.20741
CVE-2025-37945,0.0019,0.08881
CVE-2025-37946,0.00182,0.08022
CVE-2025-37947,0.00545,0.44414
CVE-2025-37948,0.0019,0.08963
CVE-2025-37949,0.00201,0.10263
CVE-2025-37950,0.00149,0.04425
CVE-2025-37951,0.00178,0.07545
CVE-2025-37952,0.0035,0.2864
CVE-2025-37953,0.00182,0.0799
CVE-2025-37954,0.00342,0.27756
CVE-2025-37955,0.00174,0.07114
CVE-2025-37956,0.00354,0.29144
CVE-2025-37957,0.0018,0.07812
CVE-2025-37958,0.00206,0.1096
CVE-2025-37959,0.00353,0.28978
CVE-2025-37960,0.00176,0.07339
CVE-2025-37961,0.00178,0.07545
CVE-2025-37962,0.00178,0.07545
CVE-2025-37963,0.0019,0.08963
CVE-2025-37964,0.00186,0.0848
CVE-2025-37965,0.00174,0.07115
CVE-2025-37966,0.00149,0.04425
CVE-2025-37967,0.0014,0.03739
CVE-2025-37968,0.00152,0.04714
CVE-2025-37969,0.00152,0.04714
CVE-2025-37970,0.00153,0.04821
CVE-2025-37971,0.00174,0.07115
CVE-2025-37972,0.00178,0.07571
CVE-2025-37973,0.00251,0.16783
CVE-2025-37974,0.00175,0.0727
CVE-2025-37975,0.00178,0.07584
CVE-2025-37977,0.00183,0.08118
CVE-2025-37978,0.00175,0.0727
CVE-2025-37979,0.00205,0.10865
CVE-2025-37980,0.00182,0.07988
CVE-2025-37981,0.00183,0.08119
CVE-2025-37982,0.00183,0.08135
CVE-2025-37983,0.00182,0.07989
CVE-2025-37984,0.00177,0.07441
CVE-2025-37985,0.00131,0.03086
CVE-2025-37986,0.00174,0.07092
CVE-2025-37987,0.00181,0.07878
CVE-2025-37988,0.00138,0.03563
CVE-2025-37989,0.00185,0.08368
CVE-2025-37990,0.00219,0.12658
CVE-2025-37991,0.0021,0.11502
CVE-2025-37992,0.00201,0.10289
CVE-2025-37993,0.00174,0.07114
CVE-2025-37994,0.00196,0.09538
CVE-2025-37995,0.00207,0.11139
CVE-2025-37996,0.00157,0.05234
CVE-2025-37997,0.00168,0.06514
CVE-2025-37998,0.00241,0.15572
CVE-2025-37999,0.00174,0.07115
CVE-2025-38000,0.00226,0.13511
CVE-2025-38001,0.00486,0.40849
CVE-2025-38002,0.00219,0.12679
CVE-2025-38003,0.00249,0.16523
CVE-2025-38004,0.00242,0.15672
CVE-2025-38005,0.0021,0.11499
CVE-2025-38006,0.0019,0.08926
CVE-2025-38007,0.0019,0.08914
CVE-2025-38008,0.00135,0.03328
CVE-2025-38009,0.00203,0.10525
CVE-2025-38010,0.00189,0.08716
CVE-2025-38011,0.00197,0.0971
CVE-2025-38012,0.00197,0.09674
CVE-2025-38013,0.00199,0.09961
CVE-2025-38014,0.00189,0.08712
CVE-2025-38015,0.00191,0.09018
CVE-2025-38016,0.0027,0.19358
CVE-2025-38017,0.00159,0.05497
CVE-2025-38018,0.00468,0.39585
CVE-2025-38019,0.00207,0.11165
CVE-2025-38020,0.00191,0.09018
CVE-2025-38021,0.00159,0.0553
CVE-2025-38022,0.00196,0.09549
CVE-2025-38023,0.0021,0.11496
CVE-2025-38024,0.00211,0.11708
CVE-2025-38025,0.00159,0.05529
CVE-2025-38027,0.00197,0.09718
CVE-2025-38028,0.00119,0.02012
CVE-2025-38029,0.00159,0.0553
CVE-2025-38031,0.00203,0.10526
CVE-2025-38032,0.00159,0.0553
CVE-2025-38033,0.00187,0.08496
CVE-2025-38034,0.00207,0.11102
CVE-2025-38035,0.00556,0.44987
CVE-2025-38036,0.00159,0.05529
CVE-2025-38037,0.00218,0.12485
CVE-2025-38038,0.00187,0.08498
CVE-2025-38039,0.00189,0.08712
CVE-2025-38040,0.00191,0.08984
CVE-2025-38041,0.00159,0.05529
CVE-2025-38042,0.00159,0.0553
CVE-2025-38043,0.00189,0.08817
CVE-2025-38044,0.00208,0.11266
CVE-2025-38045,0.00189,0.08713
CVE-2025-38047,0.00187,0.08496
CVE-2025-38048,0.00135,0.03359
CVE-2025-38049,0.00263,0.18446
CVE-2025-38050,0.00159,0.05532
CVE-2025-38051,0.00203,0.10499
CVE-2025-38052,0.0054,0.4413
CVE-2025-38053,0.00188,0.08631
CVE-2025-38054,0.00187,0.08495
CVE-2025-38055,0.00187,0.08498
CVE-2025-38056,0.00191,0.09045
CVE-2025-38057,0.00469,0.39633
CVE-2025-38058,0.00165,0.06096
CVE-2025-38059,0.00189,0.08714
CVE-2025-38060,0.00182,0.08022
CVE-2025-38061,0.00194,0.09391
CVE-2025-38062,0.0019,0.08902
CVE-2025-38063,0.00176,0.07415
CVE-2025-38064,0.00157,0.05234
CVE-2025-38065,0.00201,0.10263
CVE-2025-38066,0.00193,0.09191
CVE-2025-38067,0.00562,0.45331
CVE-2025-38068,0.00185,0.08303
CVE-2025-38069,0.00183,0.08138
CVE-2025-38070,0.00149,0.04424
CVE-2025-38071,0.00184,0.08238
CVE-2025-38072,0.00203,0.10511
CVE-2025-38074,0.00198,0.0992
CVE-2025-38075,0.00453,0.38571
CVE-2025-38076,0.00179,0.07656
CVE-2025-38077,0.00221,0.12864
CVE-2025-38078,0.00151,0.04661
CVE-2025-38079,0.00197,0.09701
CVE-2025-38080,0.00175,0.0721
CVE-2025-38081,0.00177,0.07524
CVE-2025-38082,0.00173,0.06995
CVE-2025-38083,0.00152,0.0472
CVE-2025-38084,0.00185,0.0827
CVE-2025-38085,0.00136,0.03431
CVE-2025-38086,0.00181,0.07877
CVE-2025-38087,0.0016,0.05632
CVE-2025-38088,0.00159,0.0547
CVE-2025-38089,0.00528,0.43465
CVE-2025-38090,0.00179,0.07658
CVE-2025-38091,0.00151,0.04675
CVE-2025-38092,0.00293,0.22096
CVE-2025-38093,0.00145,0.04159
CVE-2025-38094,0.00135,0.0333
CVE-2025-38095,0.00185,0.08363
CVE-2025-38096,0.00165,0.06151
CVE-2025-38097,0.00177,0.07441
CVE-2025-38098,0.00172,0.06974
CVE-2025-38099,0.00164,0.05987
CVE-2025-38100,0.00181,0.07956
CVE-2025-38101,0.00172,0.06973
CVE-2025-38102,0.00139,0.03619
CVE-2025-38103,0.00187,0.0851
CVE-2025-38104,0.00185,0.08332
CVE-2025-38105,0.00168,0.06425
CVE-2025-38106,0.00169,0.06647
CVE-2025-38107,0.00134,0.03279
CVE-2025-38108,0.00139,0.03619
CVE-2025-38109,0.00171,0.06818
CVE-2025-38110,0.00173,0.0706
CVE-2025-38111,0.00194,0.09407
CVE-2025-38112,0.00126,0.02667
CVE-2025-38113,0.00168,0.06425
CVE-2025-38114,0.00106,0.01255
CVE-2025-38115,0.00192,0.09116
CVE-2025-38116,0.0016,0.05573
CVE-2025-38117,0.0016,0.05579
CVE-2025-38118,0.00172,0.06872
CVE-2025-38119,0.00168,0.06425
CVE-2025-38120,0.00451,0.38445
CVE-2025-38121,0.0014,0.03706
CVE-2025-38122,0.00168,0.06425
CVE-2025-38123,0.00408,0.34727
CVE-2025-38124,0.004,0.33949
CVE-2025-38125,0.00168,0.06527
CVE-2025-38126,0.0017,0.06683
CVE-2025-38127,0.00174,0.07195
CVE-2025-38128,0.0014,0.03705
CVE-2025-38129,0.00172,0.06872
CVE-2025-38130,0.0014,0.03704
CVE-2025-38131,0.00175,0.07287
CVE-2025-38132,0.0014,0.03705
CVE-2025-38133,0.00157,0.05258
CVE-2025-38134,0.00164,0.05986
CVE-2025-38135,0.00181,0.07956
CVE-2025-38136,0.00181,0.07956
CVE-2025-38137,0.00158,0.05385
CVE-2025-38138,0.00178,0.07603
CVE-2025-38139,0.00391,0.33041
CVE-2025-38140,0.0014,0.03705
CVE-2025-38141,0.00169,0.06646
CVE-2025-38142,0.00166,0.06292
CVE-2025-38143,0.00177,0.07467
CVE-2025-38144,0.0014,0.03691
CVE-2025-38145,0.00181,0.07956
CVE-2025-38146,0.00419,0.35725
CVE-2025-38147,0.00183,0.08117
CVE-2025-38148,0.00155,0.05012
CVE-2025-38149,0.00154,0.0493
CVE-2025-38150,0.00108,0.01332
CVE-2025-38151,0.00155,0.05011
CVE-2025-38152,0.00274,0.20009
CVE-2025-38153,0.00174,0.07139
CVE-2025-38154,0.00164,0.06094
CVE-2025-38155,0.00145,0.04159
CVE-2025-38156,0.00144,0.04023
CVE-2025-38157,0.00167,0.06389
CVE-2025-38158,0.00097,0.00838
CVE-2025-38159,0.0015,0.04547
CVE-2025-38160,0.00155,0.05036
CVE-2025-38161,0.00157,0.05283
CVE-2025-38162,0.00156,0.05114
CVE-2025-38163,0.0016,0.05639
CVE-2025-38164,0.00149,0.04492
CVE-2025-38165,0.00305,0.23389
CVE-2025-38166,0.00163,0.05944
CVE-2025-38167,0.00147,0.04312
CVE-2025-38168,0.00151,0.04675
CVE-2025-38169,0.00151,0.04675
CVE-2025-38170,0.00146,0.04209
CVE-2025-38171,0.00123,0.02392
CVE-2025-38172,0.00152,0.04766
CVE-2025-38173,0.00169,0.06579
CVE-2025-38174,0.00237,0.14957
CVE-2025-38175,0.00147,0.04319
CVE-2025-38176,0.00147,0.04319
CVE-2025-38177,0.00167,0.06423
CVE-2025-38179,0.00163,0.05885
CVE-2025-38180,0.00181,0.07908
CVE-2025-38181,0.00489,0.41007
CVE-2025-38182,0.00164,0.06071
CVE-2025-38183,0.00165,0.06157
CVE-2025-38184,0.00179,0.07714
CVE-2025-38185,0.00171,0.06826
CVE-2025-38186,0.00154,0.0494
CVE-2025-38187,0.00148,0.04377
CVE-2025-38188,0.00154,0.0494
CVE-2025-38189,0.00163,0.05886
CVE-2025-38190,0.00175,0.07216
CVE-2025-38191,0.01164,0.6541
CVE-2025-38192,0.00166,0.06316
CVE-2025-38193,0.00179,0.07715
CVE-2025-38194,0.00195,0.09444
CVE-2025-38195,0.00156,0.05125
CVE-2025-38196,0.00132,0.03135
CVE-2025-38197,0.0017,0.06717
CVE-2025-38198,0.00165,0.06157
CVE-2025-38199,0.00132,0.03135
CVE-2025-38200,0.00172,0.06965
CVE-2025-38201,0.00201,0.10256
CVE-2025-38202,0.00158,0.05341
CVE-2025-38203,0.00166,0.06222
CVE-2025-38204,0.00165,0.06205
CVE-2025-38205,0.00154,0.0494
CVE-2025-38206,0.00166,0.06316
CVE-2025-38207,0.00134,0.03263
CVE-2025-38208,0.00156,0.05135
CVE-2025-38209,0.00311,0.24094
CVE-2025-38210,0.00154,0.0494
CVE-2025-38211,0.00358,0.29504
CVE-2025-38212,0.00163,0.05901
CVE-2025-38214,0.00164,0.06034
CVE-2025-38215,0.00147,0.04312
CVE-2025-38216,0.0015,0.0459
CVE-2025-38217,0.00107,0.01305
CVE-2025-38218,0.00164,0.06045
CVE-2025-38219,0.00159,0.05495
CVE-2025-38220,0.00145,0.04158
CVE-2025-38221,0.00147,0.04326
CVE-2025-38222,0.00159,0.05495
CVE-2025-38223,0.00094,0.00673
CVE-2025-38224,0.00151,0.04674
CVE-2025-38225,0.00146,0.0421
CVE-2025-38226,0.00169,0.06579
CVE-2025-38227,0.00159,0.05534
CVE-2025-38228,0.00144,0.04022
CVE-2025-38229,0.00159,0.05495
CVE-2025-38230,0.00168,0.06427
CVE-2025-38231,0.00159,0.05494
CVE-2025-38232,0.00148,0.04356
CVE-2025-38233,0.00138,0.03524
CVE-2025-38234,0.00147,0.04324
CVE-2025-38235,0.00125,0.02562
CVE-2025-38236,0.00259,0.17937
CVE-2025-38237,0.00154,0.04945
CVE-2025-38238,0.00184,0.08257
CVE-2025-38239,0.00154,0.04887
CVE-2025-38240,0.00263,0.18446
CVE-2025-38241,0.00096,0.00814
CVE-2025-38242,0.00117,0.0191
CVE-2025-38243,0.00145,0.04137
CVE-2025-38244,0.0022,0.12713
CVE-2025-38245,0.00169,0.06579
CVE-2025-38246,0.00302,0.23063
CVE-2025-38247,0.00123,0.02383
CVE-2025-38248,0.00264,0.18531
CVE-2025-38249,0.00164,0.06029
CVE-2025-38250,0.00151,0.04608
CVE-2025-38251,0.00156,0.05215
CVE-2025-38252,0.00129,0.02965
CVE-2025-38253,0.00203,0.10586
CVE-2025-38254,0.00123,0.02391
CVE-2025-38255,0.00145,0.04158
CVE-2025-38256,0.00144,0.04023
CVE-2025-38257,0.00157,0.05296
CVE-2025-38258,0.00145,0.04159
CVE-2025-38259,0.00154,0.04887
CVE-2025-38260,0.00146,0.0421
CVE-2025-38261,0.00142,0.03825
CVE-2025-38262,0.00164,0.06013
CVE-2025-38263,0.00157,0.0531
CVE-2025-38264,0.00292,0.22002
CVE-2025-38265,0.00165,0.06206
CVE-2025-38266,0.00165,0.06207
CVE-2025-38267,0.00185,0.08279
CVE-2025-38268,0.00124,0.02474
CVE-2025-38269,0.00164,0.05987
CVE-2025-38270,0.00172,0.06974
CVE-2025-38271,0.0014,0.03704
CVE-2025-38272,0.00164,0.05987
CVE-2025-38273,0.00182,0.07996
CVE-2025-38274,0.00165,0.06206
CVE-2025-38275,0.00182,0.08018
CVE-2025-38276,0.00112,0.01546
CVE-2025-38277,0.00166,0.06291
CVE-2025-38278,0.00174,0.07195
CVE-2025-38279,0.00174,0.07138
CVE-2025-38280,0.00188,0.08646
CVE-2025-38281,0.0014,0.03703
CVE-2025-38282,0.00166,0.06291
CVE-2025-38283,0.00174,0.07194
CVE-2025-38284,0.0014,0.03691
CVE-2025-38285,0.00183,0.08117
CVE-2025-38286,0.00187,0.0851
CVE-2025-38287,0.00291,0.21883
CVE-2025-38288,0.00172,0.06974
CVE-2025-38289,0.00168,0.06458
CVE-2025-38290,0.00195,0.09422
CVE-2025-38291,0.00196,0.09553
CVE-2025-38292,0.00227,0.13669
CVE-2025-38293,0.00274,0.20024
CVE-2025-38294,0.0014,0.03703
CVE-2025-38295,0.00162,0.05875
CVE-2025-38296,0.0013,0.03022
CVE-2025-38297,0.00152,0.04767
CVE-2025-38298,0.00202,0.10406
CVE-2025-38299,0.00154,0.0493
CVE-2025-38300,0.00155,0.05012
CVE-2025-38301,0.00152,0.04767
CVE-2025-38302,0.00128,0.02845
CVE-2025-38303,0.00164,0.06007
CVE-2025-38304,0.00155,0.05012
CVE-2025-38305,0.00156,0.05176
CVE-2025-38306,0.0012,0.02093
CVE-2025-38307,0.00154,0.0493
CVE-2025-38308,0.00123,0.02392
CVE-2025-38309,0.00123,0.02391
CVE-2025-38310,0.00146,0.0421
CVE-2025-38311,0.00096,0.00813
CVE-2025-38312,0.00159,0.05495
CVE-2025-38313,0.00167,0.06388
CVE-2025-38314,0.00126,0.02639
CVE-2025-38315,0.00144,0.04022
CVE-2025-38316,0.0013,0.03021
CVE-2025-38317,0.00177,0.07534
CVE-2025-38318,0.00152,0.04766
CVE-2025-38319,0.00155,0.05011
CVE-2025-38320,0.00185,0.08339
CVE-2025-38321,0.00174,0.07195
CVE-2025-38322,0.00165,0.06138
CVE-2025-38323,0.00187,0.08559
CVE-2025-38324,0.00191,0.09043
CVE-2025-38325,0.00405,0.3443
CVE-2025-38326,0.0019,0.08862
CVE-2025-38327,0.0016,0.05577
CVE-2025-38328,0.0019,0.08862
CVE-2025-38329,0.00159,0.0552
CVE-2025-38330,0.00149,0.04423
CVE-2025-38331,0.00316,0.24708
CVE-2025-38332,0.00178,0.07588
CVE-2025-38333,0.00161,0.05671
CVE-2025-38334,0.00155,0.05011
CVE-2025-38335,0.00121,0.02222
CVE-2025-38336,0.00173,0.06981
CVE-2025-38337,0.0017,0.06773
CVE-2025-38338,0.00162,0.05875
CVE-2025-38339,0.00137,0.03498
CVE-2025-38340,0.00143,0.03998
CVE-2025-38341,0.00161,0.05671
CVE-2025-38342,0.0017,0.06756
CVE-2025-38343,0.0022,0.12738
CVE-2025-38344,0.0017,0.06773
CVE-2025-38345,0.00174,0.07143
CVE-2025-38346,0.00179,0.07657
CVE-2025-38347,0.00169,0.06642
CVE-2025-38348,0.00177,0.07525
CVE-2025-38349,0.00163,0.05886
CVE-2025-38350,0.00191,0.09004
CVE-2025-38351,0.00168,0.06565
CVE-2025-38352,0.01297,0.68635
CVE-2025-38353,0.00119,0.02024
CVE-2025-38354,0.0016,0.05564
CVE-2025-38355,0.00157,0.05289
CVE-2025-38356,0.00157,0.05291
CVE-2025-38357,0.00157,0.05257
CVE-2025-38358,0.00098,0.0088
CVE-2025-38359,0.00107,0.01284
CVE-2025-38360,0.00157,0.05289
CVE-2025-38361,0.00199,0.09951
CVE-2025-38362,0.0011,0.01422
CVE-2025-38363,0.0017,0.06703
CVE-2025-38364,0.0016,0.05566
CVE-2025-38365,0.00297,0.22569
CVE-2025-38366,0.00148,0.04378
CVE-2025-38367,0.00148,0.04357
CVE-2025-38368,0.0015,0.04539
CVE-2025-38369,0.00158,0.05345
CVE-2025-38370,0.00132,0.03135
CVE-2025-38371,0.00164,0.06068
CVE-2025-38372,0.00156,0.05196
CVE-2025-38373,0.00112,0.01579
CVE-2025-38374,0.00148,0.04401
CVE-2025-38375,0.00177,0.07481
CVE-2025-38376,0.0015,0.04539
CVE-2025-38377,0.00235,0.14776
CVE-2025-38378,0.00148,0.04357
CVE-2025-38379,0.00346,0.28168
CVE-2025-38381,0.00148,0.04401
CVE-2025-38382,0.00168,0.06545
CVE-2025-38383,0.00113,0.01649
CVE-2025-38384,0.00161,0.0571
CVE-2025-38385,0.0017,0.06694
CVE-2025-38386,0.00178,0.07565
CVE-2025-38387,0.00174,0.07186
CVE-2025-38388,0.00119,0.02024
CVE-2025-38389,0.00184,0.08258
CVE-2025-38390,0.00157,0.05289
CVE-2025-38391,0.00176,0.07349
CVE-2025-38392,0.00159,0.05416
CVE-2025-38393,0.00339,0.27361
CVE-2025-38394,0.00148,0.04357
CVE-2025-38395,0.00177,0.07481
CVE-2025-38396,0.00168,0.06499
CVE-2025-38397,0.00132,0.03122
CVE-2025-38398,0.00139,0.03626
CVE-2025-38399,0.00423,0.36146
CVE-2025-38400,0.00187,0.08559
CVE-2025-38401,0.00172,0.06963
CVE-2025-38402,0.00148,0.044
CVE-2025-38403,0.00184,0.08258
CVE-2025-38404,0.00132,0.0316
CVE-2025-38405,0.00362,0.29872
CVE-2025-38406,0.00174,0.07184
CVE-2025-38407,0.00157,0.05289
CVE-2025-38408,0.0017,0.06749
CVE-2025-38409,0.0016,0.05567
CVE-2025-38410,0.00161,0.05709
CVE-2025-38411,0.0033,0.26321
CVE-2025-38412,0.00168,0.06546
CVE-2025-38413,0.00165,0.06126
CVE-2025-38414,0.00158,0.05336
CVE-2025-38415,0.00185,0.08332
CVE-2025-38416,0.00188,0.08683
CVE-2025-38417,0.00159,0.05417
CVE-2025-38418,0.0016,0.05567
CVE-2025-38419,0.0016,0.05564
CVE-2025-38420,0.00174,0.07185
CVE-2025-38421,0.00157,0.05257
CVE-2025-38422,0.00168,0.06546
CVE-2025-38423,0.00166,0.06238
CVE-2025-38424,0.00183,0.08115
CVE-2025-38425,0.00168,0.06546
CVE-2025-38426,0.0016,0.05637
CVE-2025-38427,0.00159,0.05463
CVE-2025-38428,0.00184,0.08259
CVE-2025-38429,0.00389,0.32775
CVE-2025-38430,0.00503,0.41866
CVE-2025-38431,0.0014,0.03704
CVE-2025-38432,0.0014,0.03691
CVE-2025-38433,0.0014,0.03692
CVE-2025-38434,0.00169,0.0666
CVE-2025-38435,0.00147,0.04342
CVE-2025-38436,0.00129,0.02903
CVE-2025-38437,0.00372,0.30975
CVE-2025-38438,0.00157,0.0529
CVE-2025-38439,0.00492,0.41229
CVE-2025-38440,0.0012,0.02076
CVE-2025-38441,0.00161,0.0571
CVE-2025-38442,0.0014,0.03703
CVE-2025-38443,0.00154,0.04933
CVE-2025-38444,0.0015,0.04584
CVE-2025-38445,0.00169,0.06647
CVE-2025-38446,0.00152,0.04716
CVE-2025-38447,0.00164,0.06033
CVE-2025-38448,0.00117,0.01923
CVE-2025-38449,0.00159,0.05489
CVE-2025-38450,0.00148,0.04401
CVE-2025-38451,0.0015,0.04584
CVE-2025-38452,0.00148,0.044
CVE-2025-38453,0.00156,0.05197
CVE-2025-38454,0.00148,0.044
CVE-2025-38455,0.0016,0.05598
CVE-2025-38456,0.00159,0.05421
CVE-2025-38457,0.00164,0.06068
CVE-2025-38458,0.00166,0.0623
CVE-2025-38459,0.00174,0.07123
CVE-2025-38460,0.00164,0.06076
CVE-2025-38461,0.00121,0.02197
CVE-2025-38462,0.00114,0.01722
CVE-2025-38463,0.00158,0.05346
CVE-2025-38464,0.00173,0.06976
CVE-2025-38465,0.00168,0.06469
CVE-2025-38466,0.00182,0.07985
CVE-2025-38467,0.00166,0.06229
CVE-2025-38468,0.00164,0.06068
CVE-2025-38469,0.0015,0.04539
CVE-2025-38470,0.00174,0.07123
CVE-2025-38471,0.00394,0.33327
CVE-2025-38472,0.00393,0.33213
CVE-2025-38473,0.0016,0.05575
CVE-2025-38474,0.0016,0.05595
CVE-2025-38475,0.00146,0.04191
CVE-2025-38476,0.00332,0.26544
CVE-2025-38477,0.00119,0.02005
CVE-2025-38478,0.00162,0.05823
CVE-2025-38479,0.00277,0.20396
CVE-2025-38480,0.0016,0.05596
CVE-2025-38481,0.0016,0.05596
CVE-2025-38482,0.00163,0.05927
CVE-2025-38483,0.00163,0.05927
CVE-2025-38484,0.00146,0.04191
CVE-2025-38485,0.00144,0.04015
CVE-2025-38486,0.00129,0.02972
CVE-2025-38487,0.00153,0.04812
CVE-2025-38488,0.00645,0.49168
CVE-2025-38489,0.0014,0.03678
CVE-2025-38490,0.00302,0.2308
CVE-2025-38491,0.00202,0.10358
CVE-2025-38492,0.00089,0.00494
CVE-2025-38493,0.00154,0.04929
CVE-2025-38494,0.00205,0.10792
CVE-2025-38495,0.00298,0.22651
CVE-2025-38496,0.00142,0.03917
CVE-2025-38497,0.00156,0.05197
CVE-2025-38498,0.00174,0.07123
CVE-2025-38499,0.00158,0.05362
CVE-2025-38500,0.00154,0.04868
CVE-2025-38501,0.02103,0.80648
CVE-2025-38502,0.00164,0.06076
CVE-2025-38503,0.00149,0.04435
CVE-2025-38504,0.0013,0.03023
CVE-2025-38505,0.00184,0.08256
CVE-2025-38506,0.00115,0.01748
CVE-2025-38507,0.00146,0.04274
CVE-2025-38508,0.00131,0.0304
CVE-2025-38509,0.0013,0.03023
CVE-2025-38510,0.00149,0.04435
CVE-2025-38511,0.00154,0.04966
CVE-2025-38512,0.00227,0.1363
CVE-2025-38513,0.00164,0.05999
CVE-2025-38514,0.00358,0.2948
CVE-2025-38515,0.00153,0.04818
CVE-2025-38516,0.00164,0.06
CVE-2025-38517,0.00146,0.04274
CVE-2025-38518,0.0013,0.03022
CVE-2025-38519,0.0013,0.03023
CVE-2025-38520,0.00116,0.01855
CVE-2025-38521,0.0015,0.0457
CVE-2025-38522,0.0014,0.03702
CVE-2025-38523,0.00353,0.28878
CVE-2025-38524,0.00263,0.1848
CVE-2025-38525,0.00364,0.30176
CVE-2025-38526,0.00364,0.30175
CVE-2025-38527,0.00414,0.35331
CVE-2025-38528,0.00164,0.05994
CVE-2025-38529,0.00178,0.0758
CVE-2025-38530,0.00178,0.07581
CVE-2025-38531,0.00159,0.05464
CVE-2025-38532,0.00156,0.05188
CVE-2025-38533,0.00297,0.22521
CVE-2025-38534,0.0013,0.03022
CVE-2025-38535,0.00167,0.06409
CVE-2025-38536,0.00146,0.04248
CVE-2025-38537,0.00148,0.04394
CVE-2025-38538,0.0017,0.06769
CVE-2025-38539,0.00172,0.0689
CVE-2025-38540,0.00164,0.05999
CVE-2025-38541,0.00146,0.04274
CVE-2025-38542,0.0017,0.06768
CVE-2025-38543,0.00149,0.04435
CVE-2025-38544,0.00148,0.04394
CVE-2025-38545,0.00279,0.20605
CVE-2025-38546,0.00162,0.0587
CVE-2025-38547,0.0015,0.0457
CVE-2025-38548,0.00166,0.06265
CVE-2025-38549,0.00148,0.04354
CVE-2025-38550,0.00158,0.05361
CVE-2025-38551,0.00116,0.01812
CVE-2025-38552,0.00313,0.24342
CVE-2025-38554,0.00167,0.06392
CVE-2025-38555,0.00179,0.07704
CVE-2025-38556,0.00165,0.06162
CVE-2025-38557,0.0016,0.05637
CVE-2025-38558,0.00159,0.05415
CVE-2025-38559,0.00159,0.05463
CVE-2025-38560,0.00171,0.06842
CVE-2025-38561,0.00432,0.36913
CVE-2025-38562,0.08268,0.94749
CVE-2025-38563,0.0039,0.32846
CVE-2025-38564,0.00157,0.05288
CVE-2025-38565,0.00184,0.08259
CVE-2025-38566,0.00587,0.4651
CVE-2025-38567,0.00112,0.01582
CVE-2025-38568,0.00169,0.06636
CVE-2025-38569,0.00174,0.07186
CVE-2025-38570,0.00166,0.06237
CVE-2025-38571,0.0033,0.2625
CVE-2025-38572,0.00183,0.08115
CVE-2025-38573,0.00163,0.05918
CVE-2025-38574,0.00367,0.30385
CVE-2025-38575,0.00269,0.19286
CVE-2025-38576,0.00163,0.05941
CVE-2025-38577,0.00178,0.07565
CVE-2025-38578,0.00178,0.07565
CVE-2025-38579,0.00168,0.06546
CVE-2025-38580,0.00161,0.05721
CVE-2025-38581,0.00174,0.07186
CVE-2025-38582,0.00169,0.06635
CVE-2025-38583,0.0016,0.05565
CVE-2025-38584,0.00168,0.065
CVE-2025-38585,0.00211,0.11644
CVE-2025-38586,0.00168,0.06432
CVE-2025-38587,0.0016,0.05565
CVE-2025-38588,0.0016,0.05565
CVE-2025-38589,0.00157,0.0529
CVE-2025-38590,0.00364,0.30176
CVE-2025-38591,0.00197,0.09765
CVE-2025-38592,0.00223,0.13097
CVE-2025-38593,0.0017,0.06694
CVE-2025-38594,0.00157,0.05258
CVE-2025-38595,0.00168,0.06433
CVE-2025-38596,0.00157,0.05258
CVE-2025-38597,0.00157,0.05291
CVE-2025-38598,0.00146,0.04248
CVE-2025-38599,0.00207,0.11161
CVE-2025-38600,0.00182,0.0805
CVE-2025-38601,0.00239,0.15277
CVE-2025-38602,0.00162,0.05869
CVE-2025-38604,0.0017,0.06769
CVE-2025-38605,0.00146,0.04274
CVE-2025-38606,0.00153,0.04807
CVE-2025-38607,0.00154,0.04965
CVE-2025-38608,0.00395,0.33472
CVE-2025-38609,0.0016,0.05566
CVE-2025-38610,0.0016,0.05565
CVE-2025-38612,0.00174,0.07186
CVE-2025-38613,0.0014,0.03703
CVE-2025-38614,0.00177,0.07532
CVE-2025-38615,0.00168,0.06433
CVE-2025-38616,0.00202,0.10404
CVE-2025-38617,0.00336,0.26963
CVE-2025-38618,0.00167,0.06373
CVE-2025-38619,0.00169,0.06635
CVE-2025-38620,0.00158,0.05385
CVE-2025-38621,0.00159,0.05417
CVE-2025-38622,0.00176,0.07349
CVE-2025-38623,0.00165,0.06115
CVE-2025-38624,0.00165,0.06115
CVE-2025-38625,0.0016,0.05636
CVE-2025-38626,0.00161,0.0571
CVE-2025-38627,0.00169,0.06636
CVE-2025-38628,0.0016,0.05637
CVE-2025-38629,0.00157,0.0529
CVE-2025-38630,0.00168,0.06458
CVE-2025-38631,0.00159,0.05463
CVE-2025-38632,0.00114,0.0166
CVE-2025-38633,0.0014,0.03704
CVE-2025-38634,0.0016,0.05566
CVE-2025-38635,0.00174,0.07185
CVE-2025-38636,0.00153,0.04782
CVE-2025-38637,0.00329,0.26194
CVE-2025-38638,0.0014,0.03705
CVE-2025-38639,0.00179,0.07718
CVE-2025-38640,0.00169,0.06635
CVE-2025-38641,0.00141,0.03796
CVE-2025-38642,0.00159,0.05415
CVE-2025-38643,0.00181,0.07889
CVE-2025-38644,0.00161,0.0571
CVE-2025-38645,0.0016,0.05566
CVE-2025-38646,0.00159,0.05463
CVE-2025-38647,0.0014,0.03706
CVE-2025-38648,0.00159,0.05462
CVE-2025-38649,0.00174,0.07102
CVE-2025-38650,0.00132,0.0316
CVE-2025-38651,0.00159,0.05416
CVE-2025-38652,0.00175,0.0727
CVE-2025-38653,0.0017,0.06694
CVE-2025-38654,0.00159,0.05416
CVE-2025-38655,0.00159,0.05416
CVE-2025-38656,0.00162,0.05875
CVE-2025-38657,0.0015,0.04582
CVE-2025-38658,0.00196,0.09553
CVE-2025-38659,0.00165,0.06144
CVE-2025-38660,0.00389,0.32775
CVE-2025-38661,0.00143,0.04002
CVE-2025-38662,0.00166,0.06237
CVE-2025-38663,0.00174,0.07185
CVE-2025-38664,0.00174,0.07185
CVE-2025-38665,0.00149,0.04435
CVE-2025-38666,0.00167,0.06373
CVE-2025-38667,0.00146,0.04248
CVE-2025-38668,0.00164,0.05999
CVE-2025-38669,0.00133,0.03208
CVE-2025-38670,0.0016,0.05555
CVE-2025-38671,0.00162,0.0587
CVE-2025-38672,0.00133,0.03208
CVE-2025-38673,0.0013,0.03023
CVE-2025-38674,0.00133,0.03208
CVE-2025-38675,0.00118,0.01938
CVE-2025-38676,0.00403,0.3425
CVE-2025-38677,0.0017,0.06769
CVE-2025-38678,0.00274,0.20003
CVE-2025-38679,0.00161,0.05745
CVE-2025-38680,0.00174,0.07132
CVE-2025-38681,0.00123,0.02393
CVE-2025-38682,0.00153,0.04841
CVE-2025-38683,0.0017,0.06765
CVE-2025-38684,0.0017,0.06765
CVE-2025-38685,0.00172,0.06897
CVE-2025-38686,0.00155,0.05079
CVE-2025-38687,0.00124,0.02453
CVE-2025-38688,0.00164,0.06002
CVE-2025-38689,0.00137,0.03453
CVE-2025-38690,0.00137,0.03453
CVE-2025-38691,0.00177,0.07485
CVE-2025-38692,0.00155,0.05084
CVE-2025-38693,0.0017,0.06765
CVE-2025-38694,0.0017,0.06766
CVE-2025-38695,0.0017,0.06767
CVE-2025-38696,0.00183,0.08108
CVE-2025-38697,0.00179,0.07654
CVE-2025-38698,0.0017,0.06767
CVE-2025-38699,0.00179,0.07653
CVE-2025-38700,0.0017,0.06767
CVE-2025-38701,0.00177,0.07486
CVE-2025-38702,0.00185,0.08306
CVE-2025-38703,0.00165,0.06175
CVE-2025-38704,0.00166,0.06258
CVE-2025-38705,0.00155,0.0508
CVE-2025-38706,0.0019,0.08924
CVE-2025-38707,0.00167,0.06417
CVE-2025-38708,0.00367,0.30467
CVE-2025-38709,0.00146,0.04221
CVE-2025-38710,0.00154,0.04976
CVE-2025-38711,0.00119,0.02004
CVE-2025-38712,0.00159,0.05438
CVE-2025-38713,0.00162,0.05832
CVE-2025-38714,0.00167,0.06328
CVE-2025-38715,0.00167,0.06328
CVE-2025-38716,0.00145,0.04127
CVE-2025-38717,0.00114,0.01678
CVE-2025-38718,0.00161,0.05673
CVE-2025-38719,0.00143,0.03976
CVE-2025-38720,0.00112,0.0156
CVE-2025-38721,0.00165,0.06135
CVE-2025-38722,0.00153,0.04777
CVE-2025-38723,0.00162,0.05846
CVE-2025-38724,0.00378,0.31555
CVE-2025-38725,0.00154,0.04909
CVE-2025-38726,0.00145,0.04117
CVE-2025-38727,0.00165,0.06203
CVE-2025-38728,0.00312,0.242
CVE-2025-38729,0.00186,0.08419
CVE-2025-38730,0.00162,0.05836
CVE-2025-38731,0.00155,0.04995
CVE-2025-38732,0.00172,0.06887
CVE-2025-38733,0.00162,0.05831
CVE-2025-38734,0.00451,0.38436
CVE-2025-38735,0.00166,0.06258
CVE-2025-38736,0.00164,0.0606
CVE-2025-38737,0.00371,0.3083
CVE-2025-38738,0.00113,0.01611
CVE-2025-38739,0.00403,0.34307
CVE-2025-38741,0.00371,0.30832
CVE-2025-38742,0.00122,0.02297
CVE-2025-38743,0.00149,0.0448
CVE-2025-38745,0.00226,0.13555
CVE-2025-38746,0.00179,0.07638
CVE-2025-38747,0.00146,0.04214
CVE-2025-39201,0.00128,0.02829
CVE-2025-39202,0.00223,0.13165
CVE-2025-39203,0.00221,0.12852
CVE-2025-39204,0.00347,0.28303
CVE-2025-39205,0.00194,0.0933
CVE-2025-39240,0.01353,0.6992
CVE-2025-39245,0.00346,0.28102
CVE-2025-39246,0.00327,0.26013
CVE-2025-39247,0.00451,0.38405
CVE-2025-39348,0.00465,0.39359
CVE-2025-39349,0.00465,0.39361
CVE-2025-39350,0.00316,0.24729
CVE-2025-39351,0.00145,0.04097
CVE-2025-39352,0.00307,0.23668
CVE-2025-39353,0.00263,0.18386
CVE-2025-39354,0.00465,0.39361
CVE-2025-39355,0.00313,0.24391
CVE-2025-39356,0.00465,0.3936
CVE-2025-39357,0.00313,0.2439
CVE-2025-39358,0.00437,0.37314
CVE-2025-39359,0.00747,0.52937
CVE-2025-39360,0.00747,0.52938
CVE-2025-39361,0.00246,0.16171
CVE-2025-39362,0.00247,0.16276
CVE-2025-39363,0.00207,0.11186
CVE-2025-39364,0.00628,0.48405
CVE-2025-39365,0.00224,0.13242
CVE-2025-39366,0.00344,0.27945
CVE-2025-39367,0.00272,0.19745
CVE-2025-39368,0.00263,0.18385
CVE-2025-39369,0.00204,0.10733
CVE-2025-39370,0.00338,0.27222
CVE-2025-39371,0.00145,0.041
CVE-2025-39372,0.00224,0.13242
CVE-2025-39373,0.00263,0.18386
CVE-2025-39374,0.00131,0.03074
CVE-2025-39375,0.00145,0.04098
CVE-2025-39376,0.00232,0.14383
CVE-2025-39377,0.00335,0.26896
CVE-2025-39378,0.00747,0.52937
CVE-2025-39379,0.00685,0.50772
CVE-2025-39380,0.00421,0.35956
CVE-2025-39381,0.0015,0.04516
CVE-2025-39382,0.00288,0.21536
CVE-2025-39383,0.00747,0.52938
CVE-2025-39384,0.00747,0.52938
CVE-2025-39385,0.00321,0.25258
CVE-2025-39386,0.00343,0.27815
CVE-2025-39387,0.00747,0.52939
CVE-2025-39388,0.00263,0.18386
CVE-2025-39389,0.00343,0.27814
CVE-2025-39390,0.00334,0.26744
CVE-2025-39391,0.00747,0.52937
CVE-2025-39392,0.00224,0.13241
CVE-2025-39393,0.00224,0.13243
CVE-2025-39394,0.00295,0.22307
CVE-2025-39395,0.00353,0.28947
CVE-2025-39396,0.00598,0.4703
CVE-2025-39397,0.00288,0.21527
CVE-2025-39398,0.00232,0.14383
CVE-2025-39399,0.00747,0.52938
CVE-2025-39400,0.00289,0.21731
CVE-2025-39401,0.00539,0.44072
CVE-2025-39402,0.00407,0.34666
CVE-2025-39403,0.00323,0.25468
CVE-2025-39404,0.00322,0.25392
CVE-2025-39405,0.00355,0.29154
CVE-2025-39406,0.0051,0.42378
CVE-2025-39407,0.00224,0.13245
CVE-2025-39408,0.00288,0.21524
CVE-2025-39409,0.00224,0.13245
CVE-2025-39410,0.00479,0.40359
CVE-2025-39411,0.00548,0.44558
CVE-2025-39412,0.00232,0.14382
CVE-2025-39413,0.00373,0.31089
CVE-2025-39414,0.0015,0.04511
CVE-2025-39415,0.0015,0.04511
CVE-2025-39416,0.0015,0.04515
CVE-2025-39417,0.0015,0.04515
CVE-2025-39418,0.0015,0.04514
CVE-2025-39419,0.0015,0.04515
CVE-2025-39420,0.00288,0.2153
CVE-2025-39421,0.0015,0.04511
CVE-2025-39422,0.0015,0.04512
CVE-2025-39423,0.0015,0.0451
CVE-2025-39424,0.0015,0.0451
CVE-2025-39425,0.00165,0.06159
CVE-2025-39426,0.00165,0.06158
CVE-2025-39427,0.00275,0.20139
CVE-2025-39428,0.00275,0.20138
CVE-2025-39429,0.00705,0.5153
CVE-2025-39430,0.0015,0.04514
CVE-2025-39431,0.0015,0.04513
CVE-2025-39432,0.00288,0.21528
CVE-2025-39433,0.0015,0.04512
CVE-2025-39434,0.00336,0.27033
CVE-2025-39435,0.0015,0.0451
CVE-2025-39436,0.00719,0.52004
CVE-2025-39437,0.00165,0.0616
CVE-2025-39438,0.00165,0.06158
CVE-2025-39439,0.00374,0.31202
CVE-2025-39440,0.0015,0.0451
CVE-2025-39441,0.0015,0.04514
CVE-2025-39442,0.0015,0.04514
CVE-2025-39443,0.00165,0.0616
CVE-2025-39444,0.00275,0.20138
CVE-2025-39445,0.00353,0.28948
CVE-2025-39446,0.00228,0.13811
CVE-2025-39447,0.00347,0.2824
CVE-2025-39448,0.00204,0.10732
CVE-2025-39449,0.00347,0.2824
CVE-2025-39450,0.00204,0.1073
CVE-2025-39451,0.00347,0.2824
CVE-2025-39452,0.00788,0.54232
CVE-2025-39453,0.00165,0.06158
CVE-2025-39454,0.00232,0.14382
CVE-2025-39455,0.0015,0.04511
CVE-2025-39456,0.00334,0.26731
CVE-2025-39457,0.00334,0.26745
CVE-2025-39458,0.00735,0.52547
CVE-2025-39459,0.00383,0.32061
CVE-2025-39460,0.00263,0.18386
CVE-2025-39461,0.00705,0.51529
CVE-2025-39462,0.00705,0.5153
CVE-2025-39463,0.00573,0.4582
CVE-2025-39464,0.00288,0.21528
CVE-2025-39465,0.0022,0.12727
CVE-2025-39466,0.00624,0.48238
CVE-2025-39467,0.00574,0.45855
CVE-2025-39468,0.00637,0.48797
CVE-2025-39469,0.00233,0.14498
CVE-2025-39470,0.00678,0.50492
CVE-2025-39471,0.00368,0.30561
CVE-2025-39472,0.00172,0.06904
CVE-2025-39473,0.0065,0.49388
CVE-2025-39474,0.00408,0.34755
CVE-2025-39475,0.0065,0.49388
CVE-2025-39476,0.00676,0.50407
CVE-2025-39477,0.00342,0.27693
CVE-2025-39478,0.00235,0.14706
CVE-2025-39479,0.00398,0.33792
CVE-2025-39480,0.0059,0.46661
CVE-2025-39481,0.00519,0.42964
CVE-2025-39482,0.00495,0.4141
CVE-2025-39483,0.00264,0.18597
CVE-2025-39484,0.00277,0.20329
CVE-2025-39485,0.0059,0.46662
CVE-2025-39486,0.00295,0.22359
CVE-2025-39487,0.00222,0.1295
CVE-2025-39488,0.00242,0.15637
CVE-2025-39489,0.00494,0.41355
CVE-2025-39490,0.00785,0.54118
CVE-2025-39491,0.00429,0.36641
CVE-2025-39492,0.00452,0.38496
CVE-2025-39493,0.00335,0.26923
CVE-2025-39494,0.00706,0.51569
CVE-2025-39495,0.0059,0.46658
CVE-2025-39496,0.00303,0.23251
CVE-2025-39497,0.00152,0.04741
CVE-2025-39498,0.00287,0.21408
CVE-2025-39499,0.0059,0.46659
CVE-2025-39500,0.0059,0.4666
CVE-2025-39501,0.00435,0.37185
CVE-2025-39502,0.00276,0.20208
CVE-2025-39503,0.0059,0.46659
CVE-2025-39504,0.00435,0.37186
CVE-2025-39505,0.00276,0.20208
CVE-2025-39506,0.00785,0.54117
CVE-2025-39507,0.00809,0.54907
CVE-2025-39508,0.0026,0.17987
CVE-2025-39509,0.00252,0.16974
CVE-2025-39510,0.00279,0.20594
CVE-2025-39511,0.00283,0.21011
CVE-2025-39512,0.00188,0.08625
CVE-2025-39513,0.00569,0.45621
CVE-2025-39514,0.00354,0.29114
CVE-2025-39515,0.00354,0.2911
CVE-2025-39516,0.00354,0.2911
CVE-2025-39517,0.00205,0.10888
CVE-2025-39518,0.00572,0.45753
CVE-2025-39519,0.00288,0.21549
CVE-2025-39520,0.00354,0.29111
CVE-2025-39521,0.00288,0.21553
CVE-2025-39522,0.00439,0.3746
CVE-2025-39523,0.00263,0.18449
CVE-2025-39524,0.00354,0.29102
CVE-2025-39525,0.00354,0.29102
CVE-2025-39526,0.00664,0.49936
CVE-2025-39527,0.00481,0.40483
CVE-2025-39528,0.0036,0.29749
CVE-2025-39529,0.00354,0.29106
CVE-2025-39530,0.00186,0.0845
CVE-2025-39531,0.00569,0.45622
CVE-2025-39532,0.00383,0.3208
CVE-2025-39533,0.0037,0.30753
CVE-2025-39534,0.0028,0.207
CVE-2025-39535,0.00485,0.40773
CVE-2025-39536,0.00393,0.33288
CVE-2025-39537,0.00268,0.19133
CVE-2025-39538,0.0049,0.41106
CVE-2025-39539,0.00276,0.20209
CVE-2025-39540,0.00354,0.2911
CVE-2025-39541,0.00316,0.24635
CVE-2025-39542,0.00402,0.34188
CVE-2025-39543,0.00354,0.2911
CVE-2025-39544,0.00252,0.16983
CVE-2025-39545,0.00508,0.42265
CVE-2025-39546,0.00205,0.10885
CVE-2025-39547,0.00186,0.08448
CVE-2025-39548,0.00186,0.08449
CVE-2025-39549,0.00354,0.29117
CVE-2025-39550,0.00499,0.41679
CVE-2025-39551,0.00528,0.43473
CVE-2025-39552,0.00352,0.28771
CVE-2025-39553,0.00251,0.16738
CVE-2025-39554,0.00306,0.2349
CVE-2025-39555,0.00354,0.29102
CVE-2025-39556,0.00492,0.41235
CVE-2025-39557,0.00609,0.47541
CVE-2025-39558,0.00233,0.14503
CVE-2025-39559,0.0032,0.25138
CVE-2025-39560,0.00439,0.37461
CVE-2025-39561,0.0023,0.14041
CVE-2025-39562,0.00223,0.13196
CVE-2025-39563,0.00252,0.16983
CVE-2025-39564,0.00252,0.16983
CVE-2025-39565,0.00896,0.57525
CVE-2025-39566,0.00622,0.48147
CVE-2025-39567,0.00233,0.14503
CVE-2025-39568,0.00523,0.43173
CVE-2025-39569,0.00345,0.2801
CVE-2025-39570,0.0076,0.53342
CVE-2025-39571,0.00422,0.36077
CVE-2025-39572,0.00392,0.33122
CVE-2025-39573,0.00318,0.24894
CVE-2025-39574,0.00318,0.24893
CVE-2025-39575,0.00318,0.24895
CVE-2025-39576,0.00318,0.24894
CVE-2025-39577,0.00318,0.24893
CVE-2025-39578,0.00318,0.24893
CVE-2025-39579,0.00318,0.24894
CVE-2025-39580,0.00292,0.21938
CVE-2025-39581,0.00318,0.24892
CVE-2025-39582,0.00318,0.24893
CVE-2025-39583,0.00292,0.22005
CVE-2025-39584,0.00903,0.57741
CVE-2025-39585,0.00318,0.24894
CVE-2025-39586,0.00345,0.28011
CVE-2025-39587,0.00368,0.3056
CVE-2025-39588,0.00499,0.41679
CVE-2025-39589,0.00417,0.35535
CVE-2025-39590,0.00322,0.25334
CVE-2025-39591,0.00387,0.32558
CVE-2025-39592,0.00893,0.57433
CVE-2025-39593,0.00208,0.11218
CVE-2025-39594,0.00233,0.14498
CVE-2025-39595,0.00368,0.30561
CVE-2025-39596,0.00586,0.46442
CVE-2025-39597,0.00385,0.32335
CVE-2025-39598,0.00693,0.51064
CVE-2025-39599,0.00419,0.35766
CVE-2025-39600,0.00208,0.11218
CVE-2025-39601,0.0033,0.26311
CVE-2025-39602,0.00347,0.28269
CVE-2025-39663,0.00563,0.45345
CVE-2025-39664,0.00693,0.5108
CVE-2025-39665,0.00257,0.1765
CVE-2025-39666,0.00121,0.022
CVE-2025-39673,0.00299,0.22715
CVE-2025-39674,0.00137,0.03456
CVE-2025-39675,0.00156,0.05165
CVE-2025-39676,0.0017,0.06766
CVE-2025-39677,0.00144,0.04059
CVE-2025-39678,0.00155,0.05024
CVE-2025-39679,0.00157,0.05238
CVE-2025-39680,0.00153,0.0484
CVE-2025-39681,0.00172,0.06887
CVE-2025-39682,0.012,0.66357
CVE-2025-39683,0.00179,0.07654
CVE-2025-39684,0.00174,0.07147
CVE-2025-39685,0.0016,0.05609
CVE-2025-39686,0.00184,0.08169
CVE-2025-39687,0.00174,0.07132
CVE-2025-39688,0.00604,0.47293
CVE-2025-39689,0.0018,0.07852
CVE-2025-39690,0.00137,0.03456
CVE-2025-39691,0.00175,0.07298
CVE-2025-39692,0.00156,0.05147
CVE-2025-39693,0.00156,0.05164
CVE-2025-39694,0.0016,0.05609
CVE-2025-39695,0.00154,0.04882
CVE-2025-39696,0.00144,0.04059
CVE-2025-39697,0.0015,0.04506
CVE-2025-39698,0.0019,0.08906
CVE-2025-39699,0.00137,0.03453
CVE-2025-39700,0.00154,0.04883
CVE-2025-39701,0.00184,0.08168
CVE-2025-39702,0.00422,0.36033
CVE-2025-39703,0.00364,0.30125
CVE-2025-39704,0.00148,0.04406
CVE-2025-39705,0.00143,0.03973
CVE-2025-39706,0.00145,0.04166
CVE-2025-39707,0.00143,0.03976
CVE-2025-39708,0.00127,0.0275
CVE-2025-39709,0.00159,0.05438
CVE-2025-39710,0.00167,0.06329
CVE-2025-39711,0.00148,0.0441
CVE-2025-39712,0.00112,0.0156
CVE-2025-39713,0.00134,0.03294
CVE-2025-39714,0.00167,0.06328
CVE-2025-39715,0.00145,0.04172
CVE-2025-39716,0.00145,0.04173
CVE-2025-39717,0.00152,0.0469
CVE-2025-39718,0.00157,0.05282
CVE-2025-39719,0.00149,0.04475
CVE-2025-39720,0.0028,0.20654
CVE-2025-39721,0.00143,0.0395
CVE-2025-39722,0.00144,0.04073
CVE-2025-39723,0.00228,0.13816
CVE-2025-39724,0.00168,0.06575
CVE-2025-39725,0.00143,0.03981
CVE-2025-39726,0.00235,0.14792
CVE-2025-39727,0.00173,0.07073
CVE-2025-39728,0.00278,0.20452
CVE-2025-39729,0.00143,0.03981
CVE-2025-39730,0.00194,0.09391
CVE-2025-39731,0.00145,0.04165
CVE-2025-39732,0.00153,0.04777
CVE-2025-39733,0.00143,0.03975
CVE-2025-39734,0.00145,0.04174
CVE-2025-39735,0.00294,0.22158
CVE-2025-39736,0.00129,0.02952
CVE-2025-39737,0.0017,0.06766
CVE-2025-39738,0.00169,0.0667
CVE-2025-39739,0.00155,0.05073
CVE-2025-39740,0.00153,0.04841
CVE-2025-39741,0.00137,0.03457
CVE-2025-39742,0.0017,0.06766
CVE-2025-39743,0.00179,0.07654
CVE-2025-39744,0.00159,0.05502
CVE-2025-39745,0.00154,0.04872
CVE-2025-39746,0.00155,0.05078
CVE-2025-39747,0.00155,0.05073
CVE-2025-39748,0.00169,0.06673
CVE-2025-39749,0.00169,0.06586
CVE-2025-39750,0.00231,0.14196
CVE-2025-39752,0.0017,0.06767
CVE-2025-39753,0.00157,0.05236
CVE-2025-39754,0.00111,0.01509
CVE-2025-39755,0.00236,0.1486
CVE-2025-39756,0.00177,0.07485
CVE-2025-39757,0.00175,0.07312
CVE-2025-39758,0.00404,0.34371
CVE-2025-39759,0.00115,0.01776
CVE-2025-39760,0.00175,0.07312
CVE-2025-39761,0.00233,0.14442
CVE-2025-39762,0.00154,0.04874
CVE-2025-39763,0.00157,0.05298
CVE-2025-39764,0.00165,0.06156
CVE-2025-39765,0.00154,0.04874
CVE-2025-39766,0.0018,0.07851
CVE-2025-39767,0.00113,0.01649
CVE-2025-39768,0.00127,0.0275
CVE-2025-39769,0.001,0.00955
CVE-2025-39770,0.00357,0.29427
CVE-2025-39771,0.00127,0.0275
CVE-2025-39772,0.00145,0.04166
CVE-2025-39773,0.0012,0.02056
CVE-2025-39774,0.00127,0.0275
CVE-2025-39775,0.00128,0.02846
CVE-2025-39776,0.00146,0.04241
CVE-2025-39777,0.00127,0.02751
CVE-2025-39778,0.00251,0.16858
CVE-2025-39779,0.00151,0.04634
CVE-2025-39780,0.00151,0.04635
CVE-2025-39781,0.00146,0.0422
CVE-2025-39782,0.00125,0.02574
CVE-2025-39783,0.00162,0.05814
CVE-2025-39784,0.00127,0.02751
CVE-2025-39785,0.00134,0.03297
CVE-2025-39786,0.00143,0.03947
CVE-2025-39787,0.00167,0.06328
CVE-2025-39788,0.00167,0.06329
CVE-2025-39789,0.00134,0.03296
CVE-2025-39790,0.00156,0.05134
CVE-2025-39791,0.00127,0.0272
CVE-2025-39792,0.00156,0.05128
CVE-2025-39793,0.00151,0.04637
CVE-2025-39794,0.00159,0.05438
CVE-2025-39795,0.00165,0.06136
CVE-2025-39796,0.00151,0.04636
CVE-2025-39797,0.00157,0.05271
CVE-2025-39798,0.00269,0.19338
CVE-2025-39800,0.00153,0.04821
CVE-2025-39801,0.00148,0.04416
CVE-2025-39802,0.00246,0.16167
CVE-2025-39803,0.00143,0.03946
CVE-2025-39804,0.00246,0.16166
CVE-2025-39805,0.00157,0.05238
CVE-2025-39806,0.00233,0.14442
CVE-2025-39807,0.00155,0.05023
CVE-2025-39808,0.00172,0.06886
CVE-2025-39809,0.00155,0.05019
CVE-2025-39810,0.00163,0.05947
CVE-2025-39811,0.00155,0.05023
CVE-2025-39812,0.00172,0.06887
CVE-2025-39813,0.00118,0.01965
CVE-2025-39814,0.00127,0.02754
CVE-2025-39815,0.00152,0.04748
CVE-2025-39816,0.00145,0.04125
CVE-2025-39817,0.00163,0.05949
CVE-2025-39818,0.00144,0.04046
CVE-2025-39819,0.00147,0.04282
CVE-2025-39820,0.0013,0.03004
CVE-2025-39821,0.00159,0.05423
CVE-2025-39822,0.00128,0.02787
CVE-2025-39823,0.00177,0.07483
CVE-2025-39824,0.00163,0.05935
CVE-2025-39825,0.00115,0.01776
CVE-2025-39826,0.00201,0.10298
CVE-2025-39827,0.00211,0.11647
CVE-2025-39828,0.00168,0.06509
CVE-2025-39829,0.00144,0.04072
CVE-2025-39830,0.00127,0.02753
CVE-2025-39831,0.00143,0.03973
CVE-2025-39832,0.00114,0.01719
CVE-2025-39833,0.00145,0.04124
CVE-2025-39834,0.00127,0.02747
CVE-2025-39835,0.00168,0.06509
CVE-2025-39836,0.00152,0.04747
CVE-2025-39837,0.00155,0.04995
CVE-2025-39838,0.00157,0.05237
CVE-2025-39839,0.00253,0.17096
CVE-2025-39840,0.0015,0.04584
CVE-2025-39841,0.0047,0.39692
CVE-2025-39842,0.00167,0.06366
CVE-2025-39843,0.00115,0.01751
CVE-2025-39844,0.00147,0.04282
CVE-2025-39845,0.0015,0.04548
CVE-2025-39846,0.0016,0.05618
CVE-2025-39847,0.0016,0.05618
CVE-2025-39848,0.00236,0.14851
CVE-2025-39849,0.00217,0.12384
CVE-2025-39850,0.00144,0.04072
CVE-2025-39851,0.00293,0.22138
CVE-2025-39852,0.00144,0.04071
CVE-2025-39853,0.00163,0.05949
CVE-2025-39854,0.00151,0.04642
CVE-2025-39855,0.00162,0.05821
CVE-2025-39856,0.00127,0.02755
CVE-2025-39857,0.00306,0.23565
CVE-2025-39858,0.00127,0.02753
CVE-2025-39859,0.00146,0.04212
CVE-2025-39860,0.00226,0.13567
CVE-2025-39861,0.00153,0.04787
CVE-2025-39862,0.0019,0.08867
CVE-2025-39863,0.00158,0.0537
CVE-2025-39864,0.00229,0.13978
CVE-2025-39865,0.0016,0.05618
CVE-2025-39866,0.00307,0.2362
CVE-2025-39868,0.00143,0.03947
CVE-2025-39869,0.0016,0.05611
CVE-2025-39870,0.00154,0.04978
CVE-2025-39871,0.0015,0.04567
CVE-2025-39872,0.00151,0.04673
CVE-2025-39873,0.00158,0.0537
CVE-2025-39874,0.00127,0.02755
CVE-2025-39875,0.00127,0.02755
CVE-2025-39876,0.0015,0.04548
CVE-2025-39877,0.0015,0.04566
CVE-2025-39878,0.00127,0.02754
CVE-2025-39879,0.00127,0.02755
CVE-2025-39880,0.00323,0.25539
CVE-2025-39881,0.0015,0.04567
CVE-2025-39882,0.00152,0.04682
CVE-2025-39883,0.00153,0.04805
CVE-2025-39884,0.00106,0.01237
CVE-2025-39885,0.00117,0.01919
CVE-2025-39886,0.00149,0.0447
CVE-2025-39887,0.00127,0.02754
CVE-2025-39888,0.00146,0.04213
CVE-2025-39889,0.00096,0.00819
CVE-2025-39890,0.00145,0.04158
CVE-2025-39891,0.00163,0.05949
CVE-2025-39892,0.00127,0.02753
CVE-2025-39893,0.00127,0.02737
CVE-2025-39894,0.00324,0.25624
CVE-2025-39895,0.00146,0.04221
CVE-2025-39896,0.00147,0.04289
CVE-2025-39897,0.00271,0.19487
CVE-2025-39899,0.00144,0.04072
CVE-2025-39900,0.00143,0.03978
CVE-2025-39901,0.00153,0.04797
CVE-2025-39902,0.00163,0.05948
CVE-2025-39903,0.00143,0.03979
CVE-2025-39904,0.0013,0.03004
CVE-2025-39905,0.00109,0.01387
CVE-2025-39906,0.00134,0.03297
CVE-2025-39907,0.0015,0.04549
CVE-2025-39908,0.00134,0.03297
CVE-2025-39909,0.00145,0.0417
CVE-2025-39910,0.00101,0.01
CVE-2025-39911,0.00157,0.05292
CVE-2025-39912,0.00143,0.03979
CVE-2025-39913,0.00183,0.08121
CVE-2025-39914,0.00164,0.06054
CVE-2025-39915,0.001,0.00955
CVE-2025-39916,0.00145,0.04166
CVE-2025-39917,0.00151,0.04635
CVE-2025-39918,0.00203,0.10504
CVE-2025-39919,0.00178,0.07605
CVE-2025-39920,0.00162,0.05838
CVE-2025-39921,0.00127,0.02754
CVE-2025-39922,0.00147,0.04296
CVE-2025-39923,0.0015,0.04548
CVE-2025-39924,0.00134,0.03243
CVE-2025-39925,0.00147,0.04281
CVE-2025-39926,0.00143,0.03979
CVE-2025-39927,0.00113,0.01605
CVE-2025-39928,0.00131,0.0307
CVE-2025-39929,0.00306,0.23564
CVE-2025-39930,0.00259,0.17889
CVE-2025-39931,0.00161,0.05742
CVE-2025-39932,0.00289,0.21658
CVE-2025-39933,0.0021,0.11568
CVE-2025-39934,0.00147,0.04281
CVE-2025-39935,0.00143,0.03946
CVE-2025-39936,0.00143,0.03975
CVE-2025-39937,0.00147,0.04282
CVE-2025-39938,0.00145,0.04122
CVE-2025-39939,0.00144,0.04038
CVE-2025-39940,0.00144,0.04073
CVE-2025-39941,0.00099,0.0092
CVE-2025-39942,0.00282,0.20922
CVE-2025-39943,0.0026,0.18007
CVE-2025-39944,0.0015,0.04517
CVE-2025-39945,0.00158,0.0537
CVE-2025-39946,0.09567,0.95304
CVE-2025-39947,0.00146,0.0422
CVE-2025-39948,0.00291,0.21882
CVE-2025-39949,0.00154,0.04978
CVE-2025-39950,0.00147,0.04331
CVE-2025-39951,0.0015,0.04567
CVE-2025-39952,0.00228,0.13815
CVE-2025-39953,0.0015,0.04548
CVE-2025-39954,0.00127,0.02752
CVE-2025-39955,0.00157,0.05292
CVE-2025-39956,0.0017,0.06773
CVE-2025-39957,0.00154,0.04901
CVE-2025-39958,0.00143,0.03935
CVE-2025-39959,0.00127,0.02747
CVE-2025-39960,0.00152,0.04724
CVE-2025-39961,0.00115,0.01755
CVE-2025-39962,0.00246,0.16166
CVE-2025-39963,0.00151,0.04634
CVE-2025-39964,0.0079,0.54297
CVE-2025-39965,0.00197,0.0966
CVE-2025-39966,0.00109,0.01412
CVE-2025-39967,0.00171,0.06785
CVE-2025-39968,0.00147,0.04281
CVE-2025-39969,0.00154,0.04977
CVE-2025-39970,0.00154,0.04977
CVE-2025-39971,0.00154,0.04976
CVE-2025-39972,0.00154,0.04976
CVE-2025-39973,0.00154,0.04978
CVE-2025-39974,0.00184,0.08239
CVE-2025-39975,0.00463,0.39251
CVE-2025-39976,0.00143,0.03935
CVE-2025-39977,0.0015,0.04566
CVE-2025-39978,0.0015,0.04566
CVE-2025-39979,0.00144,0.04046
CVE-2025-39980,0.00211,0.11691
CVE-2025-39981,0.0015,0.04517
CVE-2025-39982,0.00282,0.20878
CVE-2025-39983,0.00247,0.1631
CVE-2025-39984,0.00197,0.09706
CVE-2025-39985,0.00176,0.07406
CVE-2025-39986,0.00173,0.07001
CVE-2025-39987,0.00176,0.07406
CVE-2025-39988,0.00176,0.07406
CVE-2025-39989,0.00247,0.16279
CVE-2025-39990,0.00151,0.04637
CVE-2025-39991,0.00201,0.10252
CVE-2025-39992,0.00201,0.10252
CVE-2025-39993,0.00157,0.05247
CVE-2025-39994,0.00155,0.0507
CVE-2025-39995,0.00233,0.14507
CVE-2025-39996,0.00233,0.14508
CVE-2025-39997,0.00206,0.11057
CVE-2025-39998,0.00173,0.07056
CVE-2025-39999,0.00197,0.0968
CVE-2025-3000,0.00199,0.0995
CVE-2025-3001,0.00198,0.09874
CVE-2025-3002,0.2004,0.97374
CVE-2025-3003,0.00322,0.25373
CVE-2025-3004,0.00337,0.27084
CVE-2025-3005,0.00337,0.27084
CVE-2025-3006,0.00562,0.45328
CVE-2025-3007,0.00287,0.21434
CVE-2025-3008,0.00969,0.5986
CVE-2025-3009,0.00322,0.25373
CVE-2025-3010,0.00189,0.08721
CVE-2025-3011,0.00511,0.42452
CVE-2025-3012,0.00257,0.17636
CVE-2025-3013,0.00311,0.24129
CVE-2025-3014,0.00311,0.24128
CVE-2025-3015,0.00504,0.41969
CVE-2025-3016,0.00623,0.48201
CVE-2025-3017,0.00188,0.0861
CVE-2025-3018,0.00453,0.3857
CVE-2025-3019,0.00262,0.18284
CVE-2025-3020,0.00272,0.19774
CVE-2025-3021,0.00487,0.40877
CVE-2025-3022,0.01047,0.62213
CVE-2025-3025,0.00142,0.03826
CVE-2025-3026,0.00224,0.13299
CVE-2025-3027,0.00212,0.11835
CVE-2025-3028,0.00855,0.56343
CVE-2025-3029,0.00342,0.27738
CVE-2025-3030,0.00495,0.41379
CVE-2025-3031,0.00291,0.21933
CVE-2025-3032,0.00388,0.32614
CVE-2025-3033,0.00173,0.07028
CVE-2025-3034,0.0046,0.39072
CVE-2025-3035,0.00286,0.21307
CVE-2025-3036,0.00337,0.2715
CVE-2025-3037,0.00295,0.22306
CVE-2025-3038,0.00658,0.49715
CVE-2025-3039,0.00658,0.49715
CVE-2025-3040,0.00631,0.48519
CVE-2025-3041,0.00469,0.39635
CVE-2025-3042,0.00469,0.39635
CVE-2025-3043,0.00703,0.51443
CVE-2025-3044,0.00284,0.21088
CVE-2025-3045,0.00558,0.45085
CVE-2025-3046,0.00559,0.45115
CVE-2025-3047,0.00756,0.53207
CVE-2025-3048,0.00647,0.4926
CVE-2025-3050,0.00373,0.31065
CVE-2025-3051,0.0042,0.35877
CVE-2025-3052,0.00426,0.3637
CVE-2025-3053,0.01046,0.62181
CVE-2025-3054,0.00924,0.58349
CVE-2025-3055,0.00814,0.55082
CVE-2025-3056,0.00367,0.30402
CVE-2025-3057,0.00299,0.22765
CVE-2025-3058,0.00468,0.39547
CVE-2025-3059,0.00445,0.37999
CVE-2025-3060,0.00514,0.42659
CVE-2025-3061,0.00476,0.40152
CVE-2025-3062,0.00476,0.40152
CVE-2025-3063,0.00396,0.33556
CVE-2025-3064,0.00246,0.16071
CVE-2025-3065,0.01109,0.63948
CVE-2025-3066,0.00399,0.33861
CVE-2025-3067,0.00762,0.53404
CVE-2025-3068,0.00377,0.31498
CVE-2025-3069,0.00377,0.31498
CVE-2025-3070,0.00329,0.26207
CVE-2025-3071,0.00271,0.19587
CVE-2025-3072,0.00289,0.21645
CVE-2025-3073,0.00289,0.21644
CVE-2025-3074,0.00293,0.22056
CVE-2025-3075,0.00169,0.06624
CVE-2025-3076,0.00193,0.09202
CVE-2025-3077,0.0028,0.20733
CVE-2025-3078,0.0065,0.49375
CVE-2025-3079,0.0065,0.49376
CVE-2025-3082,0.0019,0.0895
CVE-2025-3083,0.00437,0.37322
CVE-2025-3084,0.00398,0.33799
CVE-2025-3085,0.00267,0.19075
CVE-2025-3086,0.00416,0.35463
CVE-2025-3087,0.00269,0.19276
CVE-2025-3089,0.00354,0.29049
CVE-2025-3090,0.00436,0.37243
CVE-2025-3091,0.00352,0.28808
CVE-2025-3092,0.00437,0.37302
CVE-2025-3096,0.01436,0.71543
CVE-2025-3097,0.00314,0.24487
CVE-2025-3098,0.00341,0.27603
CVE-2025-3099,0.00186,0.08402
CVE-2025-3100,0.0028,0.20733
CVE-2025-3101,0.0037,0.30812
CVE-2025-3102,0.76237,0.99525
CVE-2025-3103,0.00392,0.33053
CVE-2025-3104,0.00325,0.25693
CVE-2025-3105,0.00381,0.31884
CVE-2025-3106,0.00418,0.35629
CVE-2025-3107,0.00414,0.35246
CVE-2025-3108,0.00432,0.36856
CVE-2025-3110,0.00445,0.37998
CVE-2025-3111,0.00451,0.38432
CVE-2025-3112,0.00617,0.47888
CVE-2025-3113,0.0033,0.26307
CVE-2025-3114,0.00598,0.47008
CVE-2025-3115,0.00673,0.50282
CVE-2025-3116,0.00452,0.38492
CVE-2025-3117,0.00224,0.13309
CVE-2025-3118,0.00558,0.45085
CVE-2025-3119,0.00558,0.45084
CVE-2025-3120,0.00558,0.45083
CVE-2025-3121,0.00274,0.20036
CVE-2025-3122,0.00602,0.4721
CVE-2025-3123,0.00568,0.45558
CVE-2025-3124,0.00418,0.35623
CVE-2025-3125,0.00855,0.56348
CVE-2025-3128,0.00697,0.51192
CVE-2025-3129,0.00265,0.18683
CVE-2025-3130,0.00232,0.14264
CVE-2025-3131,0.00175,0.07299
CVE-2025-3134,0.00525,0.43312
CVE-2025-3135,0.00434,0.37062
CVE-2025-3136,0.00262,0.1834
CVE-2025-3137,0.00562,0.4533
CVE-2025-3138,0.00639,0.48906
CVE-2025-3139,0.00245,0.15977
CVE-2025-3140,0.00558,0.45083
CVE-2025-3141,0.00558,0.45084
CVE-2025-3142,0.00525,0.43311
CVE-2025-3143,0.00527,0.43445
CVE-2025-3144,0.00187,0.08531
CVE-2025-3145,0.00185,0.08309
CVE-2025-3146,0.00562,0.45328
CVE-2025-3147,0.00562,0.45328
CVE-2025-3148,0.0024,0.15372
CVE-2025-3149,0.00322,0.25339
CVE-2025-3150,0.00281,0.20809
CVE-2025-3151,0.00562,0.45327
CVE-2025-3152,0.00328,0.26033
CVE-2025-3153,0.00167,0.06422
CVE-2025-3154,0.00161,0.05742
CVE-2025-3155,0.14214,0.96477
CVE-2025-3157,0.0032,0.25094
CVE-2025-3158,0.00328,0.26078
CVE-2025-3159,0.00328,0.26078
CVE-2025-3160,0.00278,0.20416
CVE-2025-3161,0.00901,0.5767
CVE-2025-3162,0.00324,0.25629
CVE-2025-3163,0.00373,0.31097
CVE-2025-3164,0.00678,0.50498
CVE-2025-3165,0.00206,0.10974
CVE-2025-3166,0.00374,0.31112
CVE-2025-3167,0.00878,0.57035
CVE-2025-3168,0.00562,0.45327
CVE-2025-3169,0.00337,0.27072
CVE-2025-3170,0.00603,0.4726
CVE-2025-3171,0.00544,0.44322
CVE-2025-3172,0.00508,0.42258
CVE-2025-3173,0.00562,0.45326
CVE-2025-3174,0.00562,0.45323
CVE-2025-3175,0.00508,0.42258
CVE-2025-3176,0.00508,0.42259
CVE-2025-3177,0.00468,0.39578
CVE-2025-3178,0.00603,0.47261
CVE-2025-3179,0.00603,0.47262
CVE-2025-3180,0.00603,0.47261
CVE-2025-3181,0.00603,0.4726
CVE-2025-3182,0.00639,0.48905
CVE-2025-3183,0.00603,0.4726
CVE-2025-3184,0.00603,0.47262
CVE-2025-3185,0.00639,0.48905
CVE-2025-3186,0.00562,0.4533
CVE-2025-3187,0.00562,0.45324
CVE-2025-3188,0.00562,0.4533
CVE-2025-3189,0.00384,0.32237
CVE-2025-3191,0.0024,0.1541
CVE-2025-3192,0.00338,0.27298
CVE-2025-3193,0.00516,0.4279
CVE-2025-3194,0.00595,0.4685
CVE-2025-3195,0.00562,0.45324
CVE-2025-3196,0.00316,0.24724
CVE-2025-3197,0.00408,0.34714
CVE-2025-3198,0.00282,0.20873
CVE-2025-3199,0.0063,0.48514
CVE-2025-3200,0.00354,0.29145
CVE-2025-3201,0.00252,0.16871
CVE-2025-3202,0.00531,0.43648
CVE-2025-3203,0.00574,0.45897
CVE-2025-3204,0.00491,0.41161
CVE-2025-3205,0.00462,0.39177
CVE-2025-3206,0.00457,0.38828
CVE-2025-3207,0.00453,0.38569
CVE-2025-3208,0.00453,0.38569
CVE-2025-3209,0.00558,0.45084
CVE-2025-3210,0.00453,0.38569
CVE-2025-3211,0.00453,0.3857
CVE-2025-3212,0.00325,0.25795
CVE-2025-3213,0.00562,0.45325
CVE-2025-3214,0.00488,0.40986
CVE-2025-3215,0.00462,0.39177
CVE-2025-3216,0.00603,0.47261
CVE-2025-3217,0.00562,0.45326
CVE-2025-3218,0.0025,0.16662
CVE-2025-3219,0.00384,0.32185
CVE-2025-3220,0.00562,0.45325
CVE-2025-3221,0.00411,0.34999
CVE-2025-3222,0.00499,0.41681
CVE-2025-3223,0.00252,0.16916
CVE-2025-3224,0.00238,0.15131
CVE-2025-3225,0.00419,0.3576
CVE-2025-3227,0.00246,0.16173
CVE-2025-3228,0.00294,0.22245
CVE-2025-3229,0.00458,0.38878
CVE-2025-3230,0.00219,0.12605
CVE-2025-3231,0.00562,0.45325
CVE-2025-3232,0.00514,0.4258
CVE-2025-3234,0.00616,0.47853
CVE-2025-3235,0.00491,0.41161
CVE-2025-3236,0.00672,0.50243
CVE-2025-3237,0.00618,0.47942
CVE-2025-3238,0.00562,0.45326
CVE-2025-3239,0.00562,0.45327
CVE-2025-3240,0.00562,0.45326
CVE-2025-3241,0.00633,0.48657
CVE-2025-3242,0.00491,0.41161
CVE-2025-3243,0.00578,0.46075
CVE-2025-3244,0.00554,0.44858
CVE-2025-3245,0.00491,0.4116
CVE-2025-3246,0.00297,0.22547
CVE-2025-3247,0.00249,0.1646
CVE-2025-3248,0.9999,0.99985
CVE-2025-3249,0.02762,0.85573
CVE-2025-3250,0.00484,0.40689
CVE-2025-3251,0.00402,0.3419
CVE-2025-3252,0.00376,0.31387
CVE-2025-3253,0.00376,0.31387
CVE-2025-3254,0.00541,0.44215
CVE-2025-3255,0.00534,0.43827
CVE-2025-3256,0.0039,0.3288
CVE-2025-3257,0.00328,0.26068
CVE-2025-3258,0.00562,0.45327
CVE-2025-3259,0.01117,0.64176
CVE-2025-3260,0.00557,0.45027
CVE-2025-3262,0.00434,0.37048
CVE-2025-3263,0.00435,0.37132
CVE-2025-3264,0.00435,0.37132
CVE-2025-3265,0.00603,0.47262
CVE-2025-3266,0.00803,0.54733
CVE-2025-3267,0.00525,0.43313
CVE-2025-3268,0.00772,0.53717
CVE-2025-3271,0.00303,0.23153
CVE-2025-3272,0.00181,0.07885
CVE-2025-3275,0.00309,0.23887
CVE-2025-3276,0.00225,0.13383
CVE-2025-3277,0.00828,0.55504
CVE-2025-3278,0.0056,0.4518
CVE-2025-3279,0.00346,0.2816
CVE-2025-3280,0.00387,0.32483
CVE-2025-3281,0.00398,0.33796
CVE-2025-3282,0.00278,0.20415
CVE-2025-3284,0.00153,0.04798
CVE-2025-3285,0.00303,0.23184
CVE-2025-3286,0.00303,0.23184
CVE-2025-3287,0.00308,0.23708
CVE-2025-3288,0.00303,0.23184
CVE-2025-3289,0.00308,0.23708
CVE-2025-3292,0.00306,0.23564
CVE-2025-3294,0.01019,0.61382
CVE-2025-3295,0.00529,0.43526
CVE-2025-3296,0.0039,0.32876
CVE-2025-3297,0.00413,0.35162
CVE-2025-3298,0.00403,0.34293
CVE-2025-3299,0.00455,0.38713
CVE-2025-3300,0.00877,0.57015
CVE-2025-3301,0.00216,0.12223
CVE-2025-3302,0.00406,0.34531
CVE-2025-3303,0.00454,0.38602
CVE-2025-3304,0.00409,0.34766
CVE-2025-3305,0.00403,0.34294
CVE-2025-3306,0.00555,0.44926
CVE-2025-3307,0.00631,0.48568
CVE-2025-3308,0.00595,0.4688
CVE-2025-3309,0.00555,0.44927
CVE-2025-3310,0.00555,0.44927
CVE-2025-3311,0.00555,0.44925
CVE-2025-3312,0.0056,0.45158
CVE-2025-3313,0.00555,0.44927
CVE-2025-3314,0.00555,0.44928
CVE-2025-3315,0.00555,0.44928
CVE-2025-3316,0.00555,0.44928
CVE-2025-3317,0.00569,0.45604
CVE-2025-3318,0.0031,0.23999
CVE-2025-3319,0.00372,0.30942
CVE-2025-3320,0.00503,0.41883
CVE-2025-3321,0.00165,0.06205
CVE-2025-3322,0.00647,0.49256
CVE-2025-3323,0.00555,0.44907
CVE-2025-3324,0.00538,0.44023
CVE-2025-3325,0.00414,0.35299
CVE-2025-3326,0.00431,0.36818
CVE-2025-3327,0.00388,0.32638
CVE-2025-3328,0.07635,0.94384
CVE-2025-3329,0.00345,0.28052
CVE-2025-3330,0.00595,0.46879
CVE-2025-3331,0.00595,0.4688
CVE-2025-3332,0.00595,0.4688
CVE-2025-3333,0.00555,0.44925
CVE-2025-3334,0.00555,0.44926
CVE-2025-3335,0.00455,0.38714
CVE-2025-3336,0.00455,0.38714
CVE-2025-3337,0.00455,0.38714
CVE-2025-3338,0.00555,0.44928
CVE-2025-3339,0.00555,0.44929
CVE-2025-3340,0.00555,0.44926
CVE-2025-3341,0.00555,0.44926
CVE-2025-3342,0.00562,0.4533
CVE-2025-3343,0.00562,0.45331
CVE-2025-3344,0.00562,0.45329
CVE-2025-3345,0.00562,0.45331
CVE-2025-3346,0.07731,0.9444
CVE-2025-3347,0.00525,0.43312
CVE-2025-3348,0.00525,0.4331
CVE-2025-3349,0.00751,0.53057
CVE-2025-3350,0.00562,0.45325
CVE-2025-3351,0.00508,0.42259
CVE-2025-3352,0.00508,0.42259
CVE-2025-3353,0.00455,0.3868
CVE-2025-3354,0.00503,0.41883
CVE-2025-3355,0.00494,0.4132
CVE-2025-3356,0.00395,0.33494
CVE-2025-3357,0.01027,0.616
CVE-2025-3359,0.00204,0.10734
CVE-2025-3360,0.00467,0.39492
CVE-2025-3361,0.01338,0.69552
CVE-2025-3362,0.01338,0.69553
CVE-2025-3363,0.01338,0.69552
CVE-2025-3364,0.00188,0.08615
CVE-2025-3365,0.00617,0.47893
CVE-2025-3369,0.00558,0.45084
CVE-2025-3370,0.00562,0.45329
CVE-2025-3371,0.00751,0.53054
CVE-2025-3372,0.00751,0.53054
CVE-2025-3373,0.00751,0.53054
CVE-2025-3374,0.00751,0.53054
CVE-2025-3375,0.00751,0.53058
CVE-2025-3376,0.00751,0.53056
CVE-2025-3377,0.00751,0.53058
CVE-2025-3378,0.00751,0.53057
CVE-2025-3379,0.00751,0.53057
CVE-2025-3380,0.00751,0.53057
CVE-2025-3381,0.01089,0.63424
CVE-2025-3382,0.00322,0.25373
CVE-2025-3383,0.00639,0.48906
CVE-2025-3384,0.00562,0.45328
CVE-2025-3385,0.00338,0.27214
CVE-2025-3386,0.00338,0.27214
CVE-2025-3387,0.00334,0.26776
CVE-2025-3388,0.00396,0.33517
CVE-2025-3389,0.00302,0.23026
CVE-2025-3390,0.00302,0.23025
CVE-2025-3391,0.00314,0.24417
CVE-2025-3392,0.00302,0.23025
CVE-2025-3393,0.00317,0.24782
CVE-2025-3394,0.00145,0.0415
CVE-2025-3395,0.00095,0.00745
CVE-2025-3396,0.00317,0.24782
CVE-2025-3397,0.00544,0.4437
CVE-2025-3398,0.00472,0.3991
CVE-2025-3399,0.00671,0.50193
CVE-2025-3400,0.00671,0.50193
CVE-2025-3401,0.00671,0.50193
CVE-2025-3402,0.00475,0.40115
CVE-2025-3403,0.00371,0.30821
CVE-2025-3404,0.01136,0.64621
CVE-2025-3405,0.00371,0.3085
CVE-2025-3406,0.0058,0.4613
CVE-2025-3407,0.00473,0.39984
CVE-2025-3408,0.00497,0.41507
CVE-2025-3409,0.00523,0.43157
CVE-2025-3410,0.005,0.41702
CVE-2025-3411,0.00446,0.38049
CVE-2025-3412,0.00446,0.38049
CVE-2025-3413,0.00542,0.44269
CVE-2025-3414,0.00172,0.0697
CVE-2025-3415,0.00983,0.603
CVE-2025-3416,0.00507,0.42146
CVE-2025-3417,0.00396,0.33515
CVE-2025-3418,0.00402,0.3418
CVE-2025-3419,0.00695,0.51128
CVE-2025-3421,0.00353,0.28976
CVE-2025-3422,0.0032,0.25081
CVE-2025-3423,0.00277,0.20353
CVE-2025-3424,0.00244,0.15895
CVE-2025-3425,0.00333,0.26594
CVE-2025-3426,0.00161,0.05703
CVE-2025-3427,0.00396,0.33517
CVE-2025-3428,0.00402,0.34183
CVE-2025-3429,0.00402,0.34183
CVE-2025-3430,0.00402,0.34183
CVE-2025-3431,0.00403,0.34239
CVE-2025-3432,0.00248,0.16352
CVE-2025-3433,0.00228,0.13834
CVE-2025-3434,0.00487,0.40875
CVE-2025-3435,0.00233,0.1443
CVE-2025-3436,0.00355,0.29225
CVE-2025-3437,0.00306,0.2347
CVE-2025-3438,0.00321,0.25237
CVE-2025-3439,0.01171,0.65595
CVE-2025-3440,0.0024,0.15419
CVE-2025-3442,0.00134,0.0329
CVE-2025-3444,0.0154,0.73373
CVE-2025-3445,0.005,0.41697
CVE-2025-3446,0.00244,0.15896
CVE-2025-3448,0.00263,0.18352
CVE-2025-3449,0.00192,0.09115
CVE-2025-3450,0.00281,0.20784
CVE-2025-3452,0.00285,0.21187
CVE-2025-3453,0.00364,0.3017
CVE-2025-3454,0.00456,0.38798
CVE-2025-3455,0.01483,0.72412
CVE-2025-3456,0.00105,0.01211
CVE-2025-3457,0.0029,0.2179
CVE-2025-3458,0.0029,0.21789
CVE-2025-3459,0.00596,0.46898
CVE-2025-3460,0.00936,0.58736
CVE-2025-3461,0.00553,0.44848
CVE-2025-3462,0.00495,0.41383
CVE-2025-3463,0.00845,0.56034
CVE-2025-3464,0.00591,0.46706
CVE-2025-3465,0.00186,0.08444
CVE-2025-3466,0.00718,0.51978
CVE-2025-3467,0.00349,0.28499
CVE-2025-3468,0.00213,0.11874
CVE-2025-3469,0.0043,0.36677
CVE-2025-3470,0.00406,0.34592
CVE-2025-3471,0.0034,0.27448
CVE-2025-3472,0.01968,0.79269
CVE-2025-3473,0.0014,0.03754
CVE-2025-3474,0.00377,0.31421
CVE-2025-3475,0.00438,0.37375
CVE-2025-3476,0.00348,0.28417
CVE-2025-3478,0.00302,0.23123
CVE-2025-3479,0.00212,0.1183
CVE-2025-3480,0.00163,0.05947
CVE-2025-3481,0.00582,0.46252
CVE-2025-3482,0.00587,0.46503
CVE-2025-3483,0.00582,0.46253
CVE-2025-3484,0.00972,0.59951
CVE-2025-3485,0.01735,0.76339
CVE-2025-3486,0.0152,0.7305
CVE-2025-3487,0.00292,0.22021
CVE-2025-3488,0.00289,0.21644
CVE-2025-3489,0.00509,0.42304
CVE-2025-3491,0.00707,0.51581
CVE-2025-3495,0.00716,0.51881
CVE-2025-3496,0.00552,0.44743
CVE-2025-3497,0.00334,0.2679
CVE-2025-3498,0.00295,0.22326
CVE-2025-3499,0.01065,0.62764
CVE-2025-3500,0.00459,0.38939
CVE-2025-3501,0.00439,0.37464
CVE-2025-3502,0.00296,0.22456
CVE-2025-3503,0.00277,0.20369
CVE-2025-3504,0.00256,0.17575
CVE-2025-3506,0.00311,0.24076
CVE-2025-3508,0.00917,0.58161
CVE-2025-3509,0.01292,0.68511
CVE-2025-3510,0.0027,0.19382
CVE-2025-3511,0.00906,0.57822
CVE-2025-3512,0.00225,0.1345
CVE-2025-3513,0.00296,0.22455
CVE-2025-3514,0.00256,0.17576
CVE-2025-3515,0.05821,0.92864
CVE-2025-3516,0.003,0.22862
CVE-2025-3517,0.00313,0.24376
CVE-2025-3518,0.00243,0.15705
CVE-2025-3519,0.00293,0.22104
CVE-2025-3520,0.01008,0.61042
CVE-2025-3521,0.00287,0.21494
CVE-2025-3522,0.00269,0.19307
CVE-2025-3523,0.00314,0.24457
CVE-2025-3525,0.00308,0.23788
CVE-2025-3526,0.00642,0.49037
CVE-2025-3527,0.00204,0.10647
CVE-2025-3528,0.00223,0.13127
CVE-2025-3529,0.00403,0.3423
CVE-2025-3530,0.00531,0.43626
CVE-2025-3531,0.00461,0.39089
CVE-2025-3532,0.00461,0.39088
CVE-2025-3533,0.00461,0.39088
CVE-2025-3534,0.00322,0.25408
CVE-2025-3535,0.00474,0.4003
CVE-2025-3536,0.00704,0.51487
CVE-2025-3537,0.00694,0.51092
CVE-2025-3538,0.13193,0.96257
CVE-2025-3539,0.01063,0.62711
CVE-2025-3540,0.01063,0.62711
CVE-2025-3541,0.01063,0.62711
CVE-2025-3542,0.01063,0.6271
CVE-2025-3543,0.01063,0.62711
CVE-2025-3544,0.01063,0.6271
CVE-2025-3545,0.01063,0.62712
CVE-2025-3546,0.01571,0.73864
CVE-2025-3547,0.00462,0.39154
CVE-2025-3548,0.00282,0.20896
CVE-2025-3549,0.00281,0.20765
CVE-2025-3550,0.00332,0.26533
CVE-2025-3553,0.00551,0.4473
CVE-2025-3554,0.00528,0.43476
CVE-2025-3555,0.00989,0.60468
CVE-2025-3556,0.00989,0.60469
CVE-2025-3557,0.00338,0.2727
CVE-2025-3558,0.00568,0.45568
CVE-2025-3559,0.00586,0.46443
CVE-2025-3560,0.00396,0.33529
CVE-2025-3561,0.00338,0.2727
CVE-2025-3562,0.00598,0.47036
CVE-2025-3563,0.00687,0.50836
CVE-2025-3564,0.00488,0.41
CVE-2025-3565,0.00587,0.46523
CVE-2025-3566,0.00444,0.37897
CVE-2025-3567,0.00332,0.26496
CVE-2025-3568,0.00423,0.36097
CVE-2025-3569,0.00445,0.38012
CVE-2025-3570,0.00409,0.34828
CVE-2025-3571,0.00322,0.25408
CVE-2025-3572,0.0046,0.3903
CVE-2025-3573,0.00353,0.28913
CVE-2025-3574,0.0046,0.39065
CVE-2025-3575,0.0046,0.39065
CVE-2025-3576,0.00345,0.28031
CVE-2025-3577,0.12508,0.96101
CVE-2025-3578,0.00486,0.40804
CVE-2025-3579,0.00654,0.4954
CVE-2025-3580,0.0046,0.39055
CVE-2025-3581,0.00258,0.17717
CVE-2025-3582,0.00258,0.17717
CVE-2025-3583,0.00296,0.22488
CVE-2025-3584,0.00246,0.16186
CVE-2025-3585,0.00569,0.45628
CVE-2025-3586,0.00417,0.35578
CVE-2025-3587,0.0051,0.42343
CVE-2025-3588,0.00207,0.11161
CVE-2025-3589,0.00551,0.4473
CVE-2025-3590,0.00406,0.34568
CVE-2025-3591,0.00396,0.33572
CVE-2025-3592,0.00396,0.33572
CVE-2025-3593,0.00561,0.45187
CVE-2025-3594,0.00681,0.50616
CVE-2025-3597,0.00306,0.23539
CVE-2025-3598,0.00419,0.35722
CVE-2025-3599,0.00274,0.19946
CVE-2025-3600,0.24142,0.97789
CVE-2025-3601,0.00324,0.25683
CVE-2025-3602,0.00517,0.42798
CVE-2025-3603,0.00551,0.44688
CVE-2025-3604,0.00722,0.52082
CVE-2025-3605,0.06937,0.93892
CVE-2025-3606,0.00408,0.34691
CVE-2025-3607,0.00444,0.37925
CVE-2025-3608,0.00315,0.2458
CVE-2025-3609,0.00274,0.19993
CVE-2025-3610,0.00594,0.46794
CVE-2025-3611,0.00224,0.1328
CVE-2025-3612,0.00431,0.36812
CVE-2025-3613,0.00328,0.26032
CVE-2025-3614,0.00254,0.17286
CVE-2025-3615,0.00319,0.25035
CVE-2025-3616,0.02522,0.84062
CVE-2025-3617,0.00299,0.22774
CVE-2025-3618,0.01784,0.7698
CVE-2025-3619,0.00491,0.41157
CVE-2025-3620,0.00306,0.23481
CVE-2025-3621,0.00812,0.55018
CVE-2025-3622,0.0038,0.31789
CVE-2025-3623,0.00833,0.55673
CVE-2025-3624,0.00232,0.14382
CVE-2025-3625,0.00408,0.34729
CVE-2025-3626,0.00887,0.57254
CVE-2025-3627,0.00332,0.26542
CVE-2025-3628,0.00331,0.26364
CVE-2025-3629,0.00204,0.10692
CVE-2025-3630,0.00171,0.06835
CVE-2025-3631,0.00331,0.26445
CVE-2025-3632,0.00477,0.402
CVE-2025-3633,0.0031,0.24019
CVE-2025-3634,0.0026,0.18004
CVE-2025-3635,0.00175,0.07266
CVE-2025-3636,0.0033,0.26323
CVE-2025-3637,0.00361,0.29785
CVE-2025-3638,0.00291,0.21859
CVE-2025-3639,0.00503,0.41867
CVE-2025-3640,0.00383,0.32097
CVE-2025-3641,0.00984,0.60315
CVE-2025-3642,0.0104,0.61978
CVE-2025-3643,0.00336,0.27063
CVE-2025-3644,0.00325,0.25694
CVE-2025-3645,0.00359,0.29643
CVE-2025-3646,0.00223,0.13121
CVE-2025-3647,0.00318,0.24926
CVE-2025-3648,0.01616,0.74563
CVE-2025-3649,0.00436,0.37278
CVE-2025-3650,0.00181,0.07881
CVE-2025-3651,0.00273,0.19933
CVE-2025-3652,0.00228,0.13795
CVE-2025-3653,0.00247,0.16318
CVE-2025-3654,0.00276,0.20235
CVE-2025-3659,0.00307,0.23605
CVE-2025-3660,0.0021,0.1147
CVE-2025-3661,0.0032,0.25073
CVE-2025-3662,0.00248,0.16427
CVE-2025-3663,0.11218,0.95821
CVE-2025-3664,0.00611,0.47598
CVE-2025-3665,0.00611,0.47598
CVE-2025-3666,0.00637,0.48819
CVE-2025-3667,0.00637,0.48819
CVE-2025-3668,0.01381,0.70505
CVE-2025-3669,0.00389,0.32743
CVE-2025-3670,0.00287,0.21494
CVE-2025-3671,0.00754,0.53143
CVE-2025-3674,0.00592,0.46739
CVE-2025-3675,0.00618,0.47942
CVE-2025-3676,0.00548,0.44532
CVE-2025-3677,0.00206,0.10974
CVE-2025-3678,0.00751,0.53056
CVE-2025-3679,0.00751,0.53053
CVE-2025-3680,0.00751,0.53053
CVE-2025-3681,0.00751,0.53052
CVE-2025-3682,0.00751,0.53052
CVE-2025-3683,0.00751,0.53053
CVE-2025-3684,0.00522,0.43127
CVE-2025-3685,0.00525,0.43311
CVE-2025-3686,0.00648,0.49278
CVE-2025-3687,0.00291,0.21877
CVE-2025-3688,0.00331,0.26337
CVE-2025-3689,0.00732,0.52447
CVE-2025-3690,0.00788,0.54243
CVE-2025-3691,0.00595,0.46849
CVE-2025-3692,0.0038,0.31773
CVE-2025-3693,0.06869,0.93832
CVE-2025-3694,0.00639,0.48905
CVE-2025-3696,0.00525,0.43311
CVE-2025-3697,0.00525,0.43311
CVE-2025-3698,0.00408,0.34691
CVE-2025-3699,0.01115,0.64109
CVE-2025-3701,0.00211,0.11613
CVE-2025-3702,0.00227,0.13614
CVE-2025-3703,0.0061,0.47571
CVE-2025-3704,0.00218,0.12538
CVE-2025-3705,0.0078,0.53986
CVE-2025-3706,0.00299,0.22765
CVE-2025-3707,0.00415,0.35342
CVE-2025-3708,0.0052,0.43006
CVE-2025-3709,0.0054,0.44113
CVE-2025-3710,0.01508,0.72858
CVE-2025-3711,0.01508,0.72858
CVE-2025-3712,0.00994,0.60604
CVE-2025-3713,0.00994,0.60604
CVE-2025-3714,0.01508,0.72857
CVE-2025-3715,0.00288,0.21558
CVE-2025-3716,0.00155,0.05087
CVE-2025-3717,0.00268,0.19178
CVE-2025-3718,0.00225,0.13471
CVE-2025-3719,0.00268,0.19104
CVE-2025-3722,0.00164,0.06037
CVE-2025-3723,0.00751,0.53055
CVE-2025-3724,0.00751,0.53055
CVE-2025-3725,0.00751,0.53055
CVE-2025-3726,0.00751,0.53055
CVE-2025-3727,0.00751,0.53056
CVE-2025-3728,0.00335,0.26939
CVE-2025-3729,0.03259,0.87818
CVE-2025-3730,0.00331,0.26451
CVE-2025-3733,0.00245,0.16037
CVE-2025-3734,0.00353,0.28893
CVE-2025-3735,0.0031,0.24009
CVE-2025-3736,0.00316,0.24623
CVE-2025-3737,0.00316,0.24623
CVE-2025-3738,0.00316,0.24623
CVE-2025-3739,0.00316,0.24623
CVE-2025-3740,0.00716,0.51874
CVE-2025-3742,0.00518,0.42902
CVE-2025-3743,0.00404,0.34332
CVE-2025-3744,0.00283,0.21049
CVE-2025-3745,0.00235,0.14733
CVE-2025-3746,0.00525,0.43287
CVE-2025-3748,0.0027,0.19382
CVE-2025-3749,0.0031,0.23978
CVE-2025-3750,0.00289,0.21709
CVE-2025-3751,0.00311,0.24088
CVE-2025-3752,0.0031,0.24014
CVE-2025-3753,0.00194,0.09307
CVE-2025-3755,0.00826,0.55446
CVE-2025-3756,0.00184,0.08253
CVE-2025-3757,0.00425,0.3626
CVE-2025-3758,0.00222,0.13012
CVE-2025-3759,0.00249,0.16514
CVE-2025-3760,0.00269,0.19309
CVE-2025-3761,0.00377,0.31435
CVE-2025-3762,0.00751,0.53056
CVE-2025-3763,0.00374,0.31113
CVE-2025-3764,0.00554,0.44858
CVE-2025-3765,0.00554,0.44859
CVE-2025-3766,0.00314,0.24484
CVE-2025-3767,0.004,0.33992
CVE-2025-3768,0.00254,0.17257
CVE-2025-3769,0.00339,0.27379
CVE-2025-3770,0.00153,0.04813
CVE-2025-3771,0.00151,0.04623
CVE-2025-3773,0.00131,0.03092
CVE-2025-3774,0.00287,0.21486
CVE-2025-3775,0.00282,0.20906
CVE-2025-3776,0.00927,0.58443
CVE-2025-3777,0.00357,0.29335
CVE-2025-3779,0.00297,0.22598
CVE-2025-3780,0.00257,0.17605
CVE-2025-3781,0.00299,0.22745
CVE-2025-3782,0.00297,0.22558
CVE-2025-3783,0.00965,0.59654
CVE-2025-3784,0.00102,0.0104
CVE-2025-3785,0.11423,0.95869
CVE-2025-3786,0.01114,0.64076
CVE-2025-3787,0.00465,0.39394
CVE-2025-3788,0.00384,0.32233
CVE-2025-3789,0.00384,0.32233
CVE-2025-3790,0.00751,0.53035
CVE-2025-3791,0.00218,0.12544
CVE-2025-3792,0.0065,0.49384
CVE-2025-3793,0.00221,0.12843
CVE-2025-3794,0.00287,0.21411
CVE-2025-3795,0.00373,0.31064
CVE-2025-3796,0.00526,0.43346
CVE-2025-3797,0.00521,0.43058
CVE-2025-3798,0.00454,0.38638
CVE-2025-3799,0.00519,0.42954
CVE-2025-3800,0.00648,0.49279
CVE-2025-3801,0.00331,0.2639
CVE-2025-3802,0.01073,0.62996
CVE-2025-3803,0.01,0.60828
CVE-2025-3804,0.00231,0.1418
CVE-2025-3805,0.00231,0.1418
CVE-2025-3806,0.00331,0.26389
CVE-2025-3807,0.00534,0.43853
CVE-2025-3808,0.00324,0.25571
CVE-2025-3809,0.00288,0.21632
CVE-2025-3810,0.00723,0.52126
CVE-2025-3811,0.00723,0.52126
CVE-2025-3812,0.00604,0.47314
CVE-2025-3813,0.00248,0.1644
CVE-2025-3814,0.00319,0.25035
CVE-2025-3815,0.00297,0.22598
CVE-2025-3816,0.06151,0.93228
CVE-2025-3817,0.00526,0.43346
CVE-2025-3818,0.00325,0.25732
CVE-2025-3819,0.00562,0.45329
CVE-2025-3820,0.11806,0.95949
CVE-2025-3821,0.00381,0.31822
CVE-2025-3822,0.00453,0.38537
CVE-2025-3823,0.00412,0.35089
CVE-2025-3824,0.00396,0.33577
CVE-2025-3825,0.00396,0.33576
CVE-2025-3826,0.00396,0.33576
CVE-2025-3827,0.00631,0.48569
CVE-2025-3828,0.00631,0.48569
CVE-2025-3829,0.00631,0.48569
CVE-2025-3830,0.005,0.41692
CVE-2025-3831,0.00397,0.33697
CVE-2025-3832,0.0031,0.24013
CVE-2025-3833,0.45156,0.98766
CVE-2025-3834,0.01654,0.75142
CVE-2025-3835,0.02231,0.81805
CVE-2025-3836,0.05753,0.92784
CVE-2025-3837,0.00331,0.26379
CVE-2025-3838,0.00133,0.03224
CVE-2025-3839,0.004,0.33919
CVE-2025-3840,0.00254,0.17294
CVE-2025-3841,0.00443,0.37802
CVE-2025-3842,0.00699,0.51311
CVE-2025-3843,0.00328,0.26068
CVE-2025-3844,0.00604,0.47305
CVE-2025-3845,0.00696,0.51165
CVE-2025-3846,0.00508,0.42258
CVE-2025-3847,0.00508,0.42259
CVE-2025-3849,0.00369,0.30698
CVE-2025-3850,0.0061,0.47584
CVE-2025-3851,0.00279,0.20561
CVE-2025-3852,0.00425,0.36323
CVE-2025-3853,0.00233,0.14504
CVE-2025-3854,0.0052,0.43001
CVE-2025-3855,0.00481,0.40506
CVE-2025-3856,0.00586,0.46443
CVE-2025-3857,0.00611,0.47646
CVE-2025-3858,0.0027,0.19381
CVE-2025-3859,0.00196,0.09542
CVE-2025-3860,0.00297,0.22559
CVE-2025-3861,0.00293,0.2206
CVE-2025-3862,0.00281,0.20761
CVE-2025-3863,0.00266,0.18721
CVE-2025-3864,0.00834,0.55709
CVE-2025-3866,0.0031,0.2398
CVE-2025-3867,0.0025,0.16584
CVE-2025-3868,0.00325,0.25776
CVE-2025-3869,0.00302,0.23096
CVE-2025-3870,0.0031,0.2398
CVE-2025-3871,0.00336,0.26974
CVE-2025-3872,0.004,0.33948
CVE-2025-3873,0.00309,0.23879
CVE-2025-3874,0.0039,0.32859
CVE-2025-3875,0.0038,0.31737
CVE-2025-3876,0.00441,0.37659
CVE-2025-3878,0.0027,0.19417
CVE-2025-3879,0.0042,0.35814
CVE-2025-3880,0.00285,0.21276
CVE-2025-3881,0.00678,0.50476
CVE-2025-3882,0.00678,0.50476
CVE-2025-3883,0.00678,0.50477
CVE-2025-3884,0.01711,0.75983
CVE-2025-3885,0.00278,0.20461
CVE-2025-3886,0.00236,0.14844
CVE-2025-3887,0.0085,0.56175
CVE-2025-3888,0.00322,0.25431
CVE-2025-3889,0.00344,0.27957
CVE-2025-3890,0.0027,0.19382
CVE-2025-3891,0.01424,0.71312
CVE-2025-3892,0.00146,0.04212
CVE-2025-3893,0.00391,0.33
CVE-2025-3894,0.00428,0.36554
CVE-2025-3895,0.00489,0.4102
CVE-2025-3897,0.00733,0.52473
CVE-2025-3898,0.00518,0.42877
CVE-2025-3899,0.00164,0.06063
CVE-2025-3900,0.00254,0.1726
CVE-2025-3901,0.00242,0.15666
CVE-2025-3902,0.00242,0.15666
CVE-2025-3903,0.00389,0.3282
CVE-2025-3904,0.00298,0.2261
CVE-2025-3905,0.00296,0.22431
CVE-2025-3906,0.00441,0.37659
CVE-2025-3907,0.00151,0.04639
CVE-2025-3908,0.00208,0.11221
CVE-2025-3909,0.00438,0.37419
CVE-2025-3910,0.00424,0.36234
CVE-2025-3911,0.00159,0.0547
CVE-2025-3912,0.00404,0.34369
CVE-2025-3913,0.00311,0.24116
CVE-2025-3914,0.15121,0.96639
CVE-2025-3915,0.00308,0.23797
CVE-2025-3916,0.00192,0.09083
CVE-2025-3917,0.00858,0.56437
CVE-2025-3918,0.00548,0.44538
CVE-2025-3919,0.00281,0.20857
CVE-2025-3920,0.00123,0.02416
CVE-2025-3921,0.00431,0.36783
CVE-2025-3922,0.00402,0.3413
CVE-2025-3923,0.00396,0.33562
CVE-2025-3924,0.00361,0.29809
CVE-2025-3925,0.00188,0.08681
CVE-2025-3927,0.00561,0.45198
CVE-2025-3928,0.02299,0.82361
CVE-2025-3929,0.00598,0.47041
CVE-2025-3930,0.00517,0.42826
CVE-2025-3931,0.00174,0.07102
CVE-2025-3932,0.00372,0.30994
CVE-2025-3933,0.00435,0.37132
CVE-2025-3935,0.03507,0.8868
CVE-2025-3936,0.00386,0.32376
CVE-2025-3937,0.00347,0.28237
CVE-2025-3938,0.00349,0.28433
CVE-2025-3939,0.00315,0.24609
CVE-2025-3940,0.00357,0.29425
CVE-2025-3941,0.00516,0.42747
CVE-2025-3942,0.00288,0.21557
CVE-2025-3943,0.10433,0.95594
CVE-2025-3944,0.00527,0.43398
CVE-2025-3945,0.00651,0.49417
CVE-2025-3946,0.00491,0.41131
CVE-2025-3947,0.00331,0.26369
CVE-2025-3949,0.006,0.47104
CVE-2025-3950,0.00266,0.19002
CVE-2025-3951,0.00317,0.24734
CVE-2025-3952,0.00412,0.35058
CVE-2025-3953,0.00258,0.17726
CVE-2025-3954,0.00567,0.45525
CVE-2025-3955,0.00414,0.35309
CVE-2025-3956,0.00423,0.36093
CVE-2025-3957,0.00485,0.40751
CVE-2025-3958,0.00394,0.33382
CVE-2025-3959,0.00285,0.21186
CVE-2025-3960,0.00617,0.47921
CVE-2025-3961,0.00394,0.33382
CVE-2025-3962,0.00394,0.33383
CVE-2025-3963,0.00617,0.47921
CVE-2025-3964,0.00285,0.21186
CVE-2025-3965,0.00343,0.27856
CVE-2025-3966,0.00466,0.39398
CVE-2025-3967,0.00451,0.38455
CVE-2025-3968,0.00488,0.40955
CVE-2025-3969,0.00488,0.40973
CVE-2025-3970,0.00343,0.27855
CVE-2025-3971,0.00472,0.39864
CVE-2025-3972,0.00472,0.39863
CVE-2025-3973,0.00472,0.39864
CVE-2025-3974,0.00472,0.39863
CVE-2025-3975,0.00707,0.51583
CVE-2025-3976,0.00472,0.39864
CVE-2025-3977,0.0035,0.28632
CVE-2025-3978,0.00493,0.41282
CVE-2025-3979,0.00285,0.21186
CVE-2025-3980,0.04787,0.91545
CVE-2025-3981,0.00351,0.28755
CVE-2025-3982,0.00611,0.47608
CVE-2025-3983,0.14465,0.96522
CVE-2025-3984,0.0046,0.39009
CVE-2025-3985,0.00595,0.46874
CVE-2025-3986,0.00603,0.47232
CVE-2025-3987,0.09942,0.95437
CVE-2025-3988,0.01331,0.69393
CVE-2025-3989,0.00995,0.6066
CVE-2025-3990,0.00995,0.60659
CVE-2025-3991,0.00995,0.6066
CVE-2025-3992,0.00995,0.60659
CVE-2025-3993,0.00995,0.60659
CVE-2025-3994,0.04768,0.91518
CVE-2025-3995,0.00402,0.34178
CVE-2025-3996,0.00361,0.29764
CVE-2025-3997,0.00231,0.14163
CVE-2025-3998,0.00507,0.42157
CVE-2025-3999,0.00293,0.22101
