#model_version:v2026.06.15,score_date:2026-09-19T12:00:21Z
cve,epss,percentile
CVE-2026-70009,0.0047,0.39789
CVE-2026-70019,0.01036,0.62382
CVE-2026-70065,0.01174,0.66136
CVE-2026-70091,0.00655,0.49943
CVE-2026-70105,0.00528,0.43627
CVE-2026-70124,0.00835,0.5615
CVE-2026-70130,0.00323,0.25555
CVE-2026-70145,0.00404,0.34466
CVE-2026-70178,0.00427,0.36602
CVE-2026-70200,0.00585,0.46654
CVE-2026-70203,0.00803,0.55159
CVE-2026-70283,0.0022,0.1276
CVE-2026-70289,0.00339,0.27493
CVE-2026-70290,0.00404,0.34465
CVE-2026-70296,0.00954,0.59841
CVE-2026-70304,0.00316,0.24699
CVE-2026-70306,0.00749,0.53403
CVE-2026-70307,0.00322,0.25457
CVE-2026-70309,0.00158,0.05386
CVE-2026-70310,0.00277,0.20414
CVE-2026-70311,0.00303,0.23235
CVE-2026-70312,0.00277,0.20415
CVE-2026-70313,0.00325,0.25812
CVE-2026-70314,0.00467,0.39621
CVE-2026-70315,0.00375,0.31422
CVE-2026-70316,0.00375,0.31421
CVE-2026-70317,0.00359,0.29741
CVE-2026-70318,0.0036,0.29825
CVE-2026-70319,0.00375,0.31423
CVE-2026-70320,0.00375,0.31421
CVE-2026-70321,0.01281,0.68742
CVE-2026-70322,0.00375,0.31422
CVE-2026-70323,0.00375,0.31423
CVE-2026-70324,0.00696,0.51552
CVE-2026-70325,0.00375,0.31422
CVE-2026-70326,0.00588,0.46801
CVE-2026-70327,0.00853,0.56709
CVE-2026-70328,0.00853,0.56708
CVE-2026-70329,0.00669,0.50495
CVE-2026-70330,0.00316,0.24699
CVE-2026-70331,0.00292,0.22033
CVE-2026-70332,0.00632,0.48858
CVE-2026-70334,0.00435,0.37251
CVE-2026-70335,0.00421,0.36045
CVE-2026-70336,0.00607,0.47708
CVE-2026-70337,0.00796,0.54924
CVE-2026-70338,0.00311,0.24105
CVE-2026-70339,0.00235,0.14734
CVE-2026-70340,0.00603,0.47533
CVE-2026-70341,0.00618,0.48215
CVE-2026-70342,0.00842,0.56344
CVE-2026-70344,0.00311,0.24175
CVE-2026-70345,0.0024,0.15403
CVE-2026-70346,0.00311,0.24177
CVE-2026-70347,0.00311,0.24124
CVE-2026-70348,0.00425,0.36391
CVE-2026-70351,0.0082,0.55696
CVE-2026-70352,0.00623,0.48472
CVE-2026-70354,0.00294,0.22265
CVE-2026-70355,0.00462,0.3932
CVE-2026-70367,0.00156,0.05131
CVE-2026-70368,0.00353,0.29011
CVE-2026-70369,0.00306,0.2362
CVE-2026-70370,0.00306,0.2362
CVE-2026-70371,0.00306,0.23619
CVE-2026-70372,0.00306,0.2362
CVE-2026-70373,0.00306,0.2362
CVE-2026-70374,0.0097,0.604
CVE-2026-70375,0.00981,0.60735
CVE-2026-70376,0.00169,0.06675
CVE-2026-70377,0.00357,0.29526
CVE-2026-70378,0.00278,0.20479
CVE-2026-70383,0.00153,0.04805
CVE-2026-70395,0.00138,0.03576
CVE-2026-70398,0.00318,0.24986
CVE-2026-70399,0.00533,0.43938
CVE-2026-70403,0.00291,0.2195
CVE-2026-70405,0.00421,0.36093
CVE-2026-70408,0.00333,0.26714
CVE-2026-70409,0.00423,0.36196
CVE-2026-70412,0.00194,0.09376
CVE-2026-70415,0.00704,0.51842
CVE-2026-70416,0.0091,0.58447
CVE-2026-70419,0.02186,0.81601
CVE-2026-70421,0.00316,0.24798
CVE-2026-70422,0.00301,0.23022
CVE-2026-70423,0.00277,0.20415
CVE-2026-70424,0.00336,0.27058
CVE-2026-70425,0.00389,0.3283
CVE-2026-70426,0.00313,0.24417
CVE-2026-70427,0.00328,0.26094
CVE-2026-70428,0.00323,0.25514
CVE-2026-70429,0.00236,0.14948
CVE-2026-70430,0.002,0.10102
CVE-2026-70431,0.00374,0.31255
CVE-2026-70432,0.00207,0.11109
CVE-2026-70433,0.0017,0.06781
CVE-2026-70434,0.00087,0.0043
CVE-2026-70435,0.00121,0.02201
CVE-2026-70436,0.00221,0.12895
CVE-2026-70437,0.00173,0.07082
CVE-2026-70438,0.0017,0.06781
CVE-2026-70439,0.00161,0.05775
CVE-2026-70440,0.0014,0.0373
CVE-2026-70441,0.0014,0.0373
CVE-2026-70442,0.0017,0.0678
CVE-2026-70443,0.00164,0.06029
CVE-2026-70444,0.00179,0.07671
CVE-2026-70445,0.0017,0.0678
CVE-2026-70446,0.0017,0.06781
CVE-2026-70447,0.00164,0.06029
CVE-2026-70448,0.00194,0.09361
CVE-2026-70449,0.00913,0.58534
CVE-2026-70452,0.00462,0.39293
CVE-2026-70453,0.00525,0.43467
CVE-2026-70454,0.0019,0.08904
CVE-2026-70455,0.00566,0.45726
CVE-2026-70456,0.00396,0.33586
CVE-2026-70457,0.00377,0.31596
CVE-2026-70458,0.00396,0.33586
CVE-2026-70459,0.00429,0.36736
CVE-2026-70460,0.00448,0.38302
CVE-2026-70461,0.0057,0.45901
CVE-2026-70462,0.00259,0.17937
CVE-2026-70463,0.00364,0.30243
CVE-2026-70464,0.00573,0.46069
CVE-2026-70465,0.00667,0.50402
CVE-2026-70466,0.00295,0.22322
CVE-2026-70467,0.00245,0.16098
CVE-2026-70468,0.00695,0.51532
CVE-2026-70469,0.00368,0.30657
CVE-2026-70470,0.00874,0.57384
CVE-2026-70471,0.00253,0.1707
CVE-2026-70472,0.00337,0.27252
CVE-2026-70473,0.00295,0.2243
CVE-2026-70474,0.00426,0.36469
CVE-2026-70475,0.00307,0.2372
CVE-2026-70476,0.00317,0.24909
CVE-2026-70477,0.00833,0.56079
CVE-2026-70478,0.00534,0.4404
CVE-2026-70479,0.00268,0.19226
CVE-2026-70480,0.00198,0.09955
CVE-2026-70481,0.00295,0.22346
CVE-2026-70482,0.00461,0.39237
CVE-2026-70483,0.003,0.229
CVE-2026-70484,0.00238,0.15107
CVE-2026-70485,0.0023,0.14076
CVE-2026-70486,0.00307,0.23625
CVE-2026-70487,0.00253,0.17131
CVE-2026-70488,0.00213,0.11968
CVE-2026-70489,0.0037,0.30838
CVE-2026-70490,0.00207,0.11184
CVE-2026-70491,0.00275,0.20123
CVE-2026-70492,0.00266,0.18799
CVE-2026-70493,0.0033,0.26342
CVE-2026-70494,0.00297,0.22614
CVE-2026-70495,0.00108,0.01335
CVE-2026-70496,0.00432,0.36953
CVE-2026-70547,0.00204,0.10779
CVE-2026-70548,0.00181,0.07992
CVE-2026-70550,0.00209,0.11343
CVE-2026-70551,0.00178,0.07589
CVE-2026-70552,0.00566,0.45726
CVE-2026-70553,0.01203,0.66858
CVE-2026-70554,0.00851,0.56631
CVE-2026-70556,0.00128,0.02825
CVE-2026-70557,0.00339,0.27417
CVE-2026-70558,0.00596,0.47161
CVE-2026-70559,0.00328,0.26201
CVE-2026-70560,0.00165,0.0623
CVE-2026-70561,0.00292,0.22052
CVE-2026-70562,0.00246,0.16198
CVE-2026-70563,0.00849,0.56584
CVE-2026-70564,0.00311,0.2417
CVE-2026-70565,0.00246,0.16146
CVE-2026-70567,0.00246,0.16145
CVE-2026-70568,0.00246,0.16145
CVE-2026-70569,0.00311,0.2413
CVE-2026-70570,0.00423,0.3626
CVE-2026-70572,0.00311,0.24127
CVE-2026-70573,0.00262,0.1838
CVE-2026-70574,0.00318,0.25022
CVE-2026-70575,0.00829,0.55948
CVE-2026-70577,0.00252,0.16955
CVE-2026-70578,0.00252,0.1699
CVE-2026-70579,0.01049,0.6275
CVE-2026-70581,0.00311,0.24127
CVE-2026-70582,0.00216,0.1233
CVE-2026-70583,0.00348,0.28411
CVE-2026-70584,0.00318,0.24984
CVE-2026-70585,0.00256,0.17625
CVE-2026-70586,0.00802,0.55122
CVE-2026-70587,0.0077,0.54119
CVE-2026-70588,0.00258,0.17827
CVE-2026-70589,0.00171,0.06897
CVE-2026-70590,0.00195,0.0946
CVE-2026-70591,0.00226,0.13595
CVE-2026-70592,0.00298,0.22706
CVE-2026-70593,0.0029,0.21798
CVE-2026-70594,0.0016,0.05625
CVE-2026-70595,0.00176,0.07408
CVE-2026-70596,0.0018,0.07804
CVE-2026-70597,0.00105,0.01203
CVE-2026-70598,0.00137,0.03462
CVE-2026-70599,0.00182,0.08035
CVE-2026-70600,0.00177,0.07567
CVE-2026-70601,0.00245,0.16014
CVE-2026-70602,0.00209,0.1141
CVE-2026-70603,0.001,0.00975
CVE-2026-70604,0.00281,0.2088
CVE-2026-70605,0.0027,0.19405
CVE-2026-70606,0.00157,0.05277
CVE-2026-70607,0.00441,0.37749
CVE-2026-70608,0.00324,0.25691
CVE-2026-70609,0.00403,0.34407
CVE-2026-70610,0.00479,0.40503
CVE-2026-70611,0.00173,0.07097
CVE-2026-70612,0.00452,0.38606
CVE-2026-70615,0.00215,0.12178
CVE-2026-70616,0.00198,0.09951
CVE-2026-70617,0.00293,0.22117
CVE-2026-70618,0.00243,0.15751
CVE-2026-70619,0.00364,0.30224
CVE-2026-70620,0.00264,0.18601
CVE-2026-70622,0.00342,0.27767
CVE-2026-70626,0.00205,0.10785
CVE-2026-70628,0.00145,0.04175
CVE-2026-70629,0.00129,0.02866
CVE-2026-70630,0.00129,0.02866
CVE-2026-70631,0.00131,0.03073
CVE-2026-70632,0.00202,0.10458
CVE-2026-70633,0.00492,0.41305
CVE-2026-70634,0.00401,0.34107
CVE-2026-70635,0.00311,0.24184
CVE-2026-70636,0.00486,0.40977
CVE-2026-70637,0.00227,0.13748
CVE-2026-70638,0.00209,0.11376
CVE-2026-70639,0.0013,0.02997
CVE-2026-70640,0.0016,0.05568
CVE-2026-70646,0.0035,0.28644
CVE-2026-70651,0.00121,0.02202
CVE-2026-70652,0.00114,0.01684
CVE-2026-70653,0.00123,0.02437
CVE-2026-70654,0.00114,0.01685
CVE-2026-70656,0.00505,0.42178
CVE-2026-70657,0.00317,0.24885
CVE-2026-70658,0.00501,0.4191
CVE-2026-70665,0.00163,0.05997
CVE-2026-70666,0.00165,0.06155
CVE-2026-70667,0.00168,0.06505
CVE-2026-70668,0.00307,0.23693
CVE-2026-70669,0.0038,0.319
CVE-2026-70670,0.00335,0.26987
CVE-2026-70671,0.00337,0.2724
CVE-2026-70672,0.00317,0.24837
CVE-2026-70673,0.00338,0.27287
CVE-2026-70674,0.00273,0.19918
CVE-2026-70675,0.00392,0.33242
CVE-2026-70676,0.00273,0.19931
CVE-2026-70677,0.00239,0.15258
CVE-2026-70678,0.00197,0.09732
CVE-2026-70679,0.00288,0.21562
CVE-2026-70680,0.00376,0.3153
CVE-2026-70681,0.00239,0.15322
CVE-2026-70682,0.00205,0.10883
CVE-2026-70683,0.00255,0.17369
CVE-2026-70684,0.00392,0.3324
CVE-2026-70685,0.00135,0.03371
CVE-2026-70686,0.00402,0.34291
CVE-2026-70687,0.00337,0.27239
CVE-2026-70688,0.00414,0.35372
CVE-2026-70689,0.00487,0.40985
CVE-2026-70690,0.00375,0.31443
CVE-2026-70691,0.0028,0.20757
CVE-2026-70692,0.00273,0.19926
CVE-2026-70693,0.00118,0.01957
CVE-2026-70694,0.00303,0.2326
CVE-2026-70695,0.00303,0.2326
CVE-2026-70696,0.00307,0.23692
CVE-2026-70697,0.00101,0.01026
CVE-2026-70698,0.00168,0.06609
CVE-2026-70699,0.00261,0.18147
CVE-2026-70700,0.00435,0.37253
CVE-2026-70701,0.00362,0.30016
CVE-2026-70702,0.00338,0.27288
CVE-2026-70703,0.0027,0.19398
CVE-2026-70704,0.00392,0.33245
CVE-2026-70705,0.00138,0.03614
CVE-2026-70706,0.00311,0.24198
CVE-2026-70707,0.00301,0.23055
CVE-2026-70708,0.00337,0.27242
CVE-2026-70709,0.00175,0.07299
CVE-2026-70710,0.00432,0.37001
CVE-2026-70711,0.00129,0.02896
CVE-2026-70712,0.00136,0.03434
CVE-2026-70713,0.00334,0.26845
CVE-2026-70714,0.00123,0.02438
CVE-2026-70715,0.00354,0.29192
CVE-2026-70716,0.00272,0.19812
CVE-2026-70717,0.00206,0.11079
CVE-2026-70718,0.00311,0.242
CVE-2026-70719,0.00167,0.06423
CVE-2026-70720,0.00352,0.28933
CVE-2026-70721,0.00396,0.3367
CVE-2026-70722,0.004,0.3406
CVE-2026-70723,0.00337,0.27243
CVE-2026-70724,0.00301,0.23061
CVE-2026-70725,0.00321,0.2529
CVE-2026-70726,0.00166,0.06338
CVE-2026-70727,0.00306,0.23549
CVE-2026-70728,0.00287,0.21517
CVE-2026-70729,0.00432,0.37001
CVE-2026-70730,0.00396,0.3367
CVE-2026-70731,0.00106,0.01264
CVE-2026-70732,0.00261,0.18246
CVE-2026-70733,0.0036,0.29848
CVE-2026-70734,0.00156,0.05138
CVE-2026-70735,0.00453,0.38661
CVE-2026-70736,0.00287,0.21516
CVE-2026-70737,0.00432,0.37043
CVE-2026-70738,0.00337,0.27243
CVE-2026-70739,0.00473,0.40077
CVE-2026-70740,0.00473,0.40077
CVE-2026-70741,0.00396,0.33667
CVE-2026-70742,0.00402,0.34288
CVE-2026-70743,0.00443,0.37884
CVE-2026-70744,0.00366,0.30428
CVE-2026-70745,0.00473,0.40078
CVE-2026-70746,0.00351,0.28796
CVE-2026-70747,0.00432,0.37
CVE-2026-70748,0.00331,0.26448
CVE-2026-70749,0.00366,0.30428
CVE-2026-70750,0.0015,0.04563
CVE-2026-70751,0.0028,0.2079
CVE-2026-70752,0.00414,0.35386
CVE-2026-70753,0.00254,0.1731
CVE-2026-70754,0.00306,0.23545
CVE-2026-70755,0.00248,0.16411
CVE-2026-70756,0.0045,0.38463
CVE-2026-70757,0.00331,0.26448
CVE-2026-70758,0.00112,0.01584
CVE-2026-70759,0.00231,0.14174
CVE-2026-70760,0.0023,0.14059
CVE-2026-70761,0.00402,0.34288
CVE-2026-70762,0.00362,0.30007
CVE-2026-70763,0.00311,0.24201
CVE-2026-70764,0.00321,0.2529
CVE-2026-70765,0.00231,0.14172
CVE-2026-70766,0.00231,0.14173
CVE-2026-70767,0.00352,0.28932
CVE-2026-70768,0.00231,0.14174
CVE-2026-70769,0.00282,0.20954
CVE-2026-70770,0.00387,0.32612
CVE-2026-70771,0.00352,0.28929
CVE-2026-70772,0.00414,0.35379
CVE-2026-70773,0.00338,0.27289
CVE-2026-70774,0.0034,0.27617
CVE-2026-70775,0.0025,0.16768
CVE-2026-70776,0.00178,0.07662
CVE-2026-70777,0.00321,0.25301
CVE-2026-70778,0.00298,0.22746
CVE-2026-70779,0.0034,0.27567
CVE-2026-70780,0.00256,0.17665
CVE-2026-70781,0.00453,0.38658
CVE-2026-70782,0.0028,0.20777
CVE-2026-70783,0.0034,0.2757
CVE-2026-70784,0.00112,0.01585
CVE-2026-70785,0.00205,0.10883
CVE-2026-70786,0.00254,0.1731
CVE-2026-70787,0.00301,0.23054
CVE-2026-70788,0.00272,0.19834
CVE-2026-70789,0.00196,0.09672
CVE-2026-70790,0.00292,0.22042
CVE-2026-70791,0.0023,0.14143
CVE-2026-70792,0.00301,0.23056
CVE-2026-70793,0.00155,0.05093
CVE-2026-70794,0.00092,0.0059
CVE-2026-70795,0.00291,0.219
CVE-2026-70796,0.00112,0.01593
CVE-2026-70797,0.00339,0.27452
CVE-2026-70798,0.00128,0.02833
CVE-2026-70799,0.00414,0.35389
CVE-2026-70800,0.00152,0.04784
CVE-2026-70801,0.00232,0.14414
CVE-2026-70802,0.00375,0.31445
CVE-2026-70803,0.00316,0.24692
CVE-2026-70804,0.00267,0.19164
CVE-2026-70805,0.00337,0.27238
CVE-2026-70806,0.00133,0.03254
CVE-2026-70807,0.003,0.22884
CVE-2026-70808,0.00287,0.21517
CVE-2026-70809,0.00279,0.20604
CVE-2026-70810,0.00396,0.33669
CVE-2026-70811,0.00362,0.30021
CVE-2026-70812,0.00323,0.25619
CVE-2026-70813,0.00432,0.37003
CVE-2026-70814,0.00392,0.33245
CVE-2026-70815,0.00362,0.30013
CVE-2026-70816,0.003,0.22883
CVE-2026-70817,0.00473,0.40081
CVE-2026-70818,0.00402,0.34291
CVE-2026-70819,0.00301,0.23056
CVE-2026-70820,0.00486,0.40909
CVE-2026-70821,0.00402,0.34292
CVE-2026-70822,0.00414,0.35384
CVE-2026-70823,0.0034,0.2757
CVE-2026-70824,0.00273,0.19926
CVE-2026-70825,0.00273,0.19925
CVE-2026-70826,0.00352,0.28935
CVE-2026-70827,0.00352,0.28934
CVE-2026-70828,0.00352,0.28935
CVE-2026-70829,0.00334,0.26845
CVE-2026-70830,0.0028,0.20776
CVE-2026-70831,0.00352,0.28935
CVE-2026-70832,0.00414,0.35388
CVE-2026-70833,0.003,0.22884
CVE-2026-70834,0.00339,0.27451
CVE-2026-70835,0.00362,0.30006
CVE-2026-70836,0.00148,0.04404
CVE-2026-70837,0.00279,0.20659
CVE-2026-70838,0.00151,0.04654
CVE-2026-70839,0.003,0.22881
CVE-2026-70840,0.00159,0.0546
CVE-2026-70841,0.00125,0.02542
CVE-2026-70842,0.00159,0.05459
CVE-2026-70843,0.00303,0.23199
CVE-2026-70844,0.00287,0.21516
CVE-2026-70845,0.00246,0.1614
CVE-2026-70846,0.00337,0.2724
CVE-2026-70847,0.00154,0.04988
CVE-2026-70848,0.0025,0.16648
CVE-2026-70849,0.00354,0.29175
CVE-2026-70850,0.00107,0.01304
CVE-2026-70851,0.00253,0.17094
CVE-2026-70852,0.00262,0.18284
CVE-2026-70853,0.00224,0.13355
CVE-2026-70854,0.00447,0.38223
CVE-2026-70855,0.00334,0.26817
CVE-2026-70856,0.00329,0.26206
CVE-2026-70857,0.00239,0.15214
CVE-2026-70858,0.00227,0.13682
CVE-2026-70859,0.00311,0.24199
CVE-2026-70861,0.00431,0.36912
CVE-2026-70862,0.00329,0.26308
CVE-2026-70863,0.00402,0.34282
CVE-2026-70864,0.00254,0.1731
CVE-2026-70865,0.00311,0.24199
CVE-2026-70866,0.0015,0.04561
CVE-2026-70867,0.00334,0.2687
CVE-2026-70868,0.00366,0.30429
CVE-2026-70870,0.00343,0.27902
CVE-2026-70871,0.00354,0.2922
CVE-2026-70872,0.00329,0.26308
CVE-2026-70873,0.00473,0.40078
CVE-2026-70874,0.00301,0.23056
CVE-2026-70875,0.00247,0.16361
CVE-2026-70876,0.00453,0.3866
CVE-2026-70877,0.00402,0.3429
CVE-2026-70878,0.00362,0.30009
CVE-2026-70879,0.00121,0.02224
CVE-2026-70880,0.00354,0.29219
CVE-2026-70881,0.00362,0.30011
CVE-2026-70882,0.00298,0.22746
CVE-2026-70883,0.00329,0.26308
CVE-2026-70884,0.00396,0.33672
CVE-2026-70885,0.00247,0.1636
CVE-2026-70886,0.00411,0.35052
CVE-2026-70887,0.00273,0.19954
CVE-2026-70888,0.00278,0.20538
CVE-2026-70889,0.00414,0.35386
CVE-2026-70890,0.00321,0.25301
CVE-2026-70891,0.00414,0.35385
CVE-2026-70892,0.00238,0.15117
CVE-2026-70893,0.0027,0.19397
CVE-2026-70894,0.00149,0.04518
CVE-2026-70895,0.00154,0.04989
CVE-2026-70896,0.00396,0.3367
CVE-2026-70897,0.00338,0.27287
CVE-2026-70898,0.00261,0.18147
CVE-2026-70899,0.00301,0.23056
CVE-2026-70900,0.00261,0.18148
CVE-2026-70901,0.00351,0.28797
CVE-2026-70902,0.00126,0.02683
CVE-2026-70903,0.00298,0.22747
CVE-2026-70904,0.00374,0.31337
CVE-2026-70905,0.00473,0.40076
CVE-2026-70906,0.00453,0.38691
CVE-2026-70907,0.00278,0.20488
CVE-2026-70908,0.0045,0.38487
CVE-2026-70909,0.00424,0.36303
CVE-2026-70910,0.00396,0.33672
CVE-2026-70911,0.00323,0.25544
CVE-2026-70912,0.00112,0.01595
CVE-2026-70913,0.00331,0.26447
CVE-2026-70914,0.00148,0.04368
CVE-2026-70915,0.00286,0.21377
CVE-2026-70916,0.00141,0.03779
CVE-2026-70917,0.00176,0.07448
CVE-2026-70918,0.00432,0.36999
CVE-2026-70919,0.00129,0.02888
CVE-2026-70920,0.00432,0.36999
CVE-2026-70921,0.00425,0.36429
CVE-2026-70922,0.00432,0.36996
CVE-2026-70923,0.0019,0.0892
CVE-2026-70924,0.00392,0.33241
CVE-2026-70925,0.00362,0.3002
CVE-2026-70926,0.00508,0.42386
CVE-2026-70927,0.0045,0.38486
CVE-2026-70928,0.00402,0.34287
CVE-2026-70929,0.00337,0.27244
CVE-2026-70930,0.00311,0.242
CVE-2026-70931,0.00354,0.29189
CVE-2026-70932,0.00134,0.03319
CVE-2026-70933,0.0036,0.29848
CVE-2026-70934,0.0036,0.29847
CVE-2026-70935,0.00279,0.20661
CVE-2026-70936,0.00148,0.04406
CVE-2026-70937,0.00311,0.24203
CVE-2026-70938,0.00337,0.27246
CVE-2026-70939,0.00453,0.38657
CVE-2026-70940,0.00402,0.34279
CVE-2026-70941,0.0015,0.04561
CVE-2026-70942,0.00337,0.27237
CVE-2026-70943,0.00317,0.24888
CVE-2026-70944,0.00402,0.34282
CVE-2026-70945,0.00261,0.18247
CVE-2026-70946,0.00247,0.1636
CVE-2026-70947,0.00307,0.23691
CVE-2026-70948,0.00402,0.34282
CVE-2026-70949,0.00402,0.34281
CVE-2026-70950,0.00453,0.38659
CVE-2026-70951,0.00301,0.23053
CVE-2026-70952,0.00424,0.36303
CVE-2026-70953,0.00354,0.29221
CVE-2026-70954,0.00354,0.29221
CVE-2026-70955,0.0028,0.20758
CVE-2026-70956,0.00301,0.23054
CVE-2026-70957,0.00337,0.27237
CVE-2026-70958,0.00381,0.31961
CVE-2026-70959,0.00354,0.29189
CVE-2026-70960,0.00254,0.17309
CVE-2026-70961,0.00231,0.14173
CVE-2026-70962,0.00136,0.0343
CVE-2026-70963,0.00181,0.07945
CVE-2026-70964,0.0027,0.19399
CVE-2026-70965,0.00301,0.23053
CVE-2026-70966,0.00402,0.34281
CVE-2026-70967,0.00148,0.04404
CVE-2026-70968,0.00337,0.2724
CVE-2026-70969,0.00261,0.18249
CVE-2026-70970,0.00474,0.40124
CVE-2026-70971,0.00287,0.21515
CVE-2026-70972,0.0027,0.19398
CVE-2026-70973,0.00311,0.24201
CVE-2026-70974,0.0027,0.19399
CVE-2026-70975,0.00261,0.18246
CVE-2026-70976,0.00312,0.24276
CVE-2026-70977,0.00416,0.3561
CVE-2026-70978,0.00396,0.33674
CVE-2026-70979,0.00312,0.24278
CVE-2026-70980,0.00366,0.30428
CVE-2026-70981,0.00416,0.3561
CVE-2026-70982,0.00317,0.24835
CVE-2026-70983,0.00317,0.24835
CVE-2026-70984,0.00416,0.35609
CVE-2026-70985,0.00307,0.2369
CVE-2026-70986,0.00396,0.33669
CVE-2026-70987,0.00396,0.33674
CVE-2026-70988,0.00337,0.27245
CVE-2026-70989,0.00148,0.04404
CVE-2026-70990,0.00334,0.26913
CVE-2026-70991,0.00166,0.06298
CVE-2026-70992,0.00121,0.02224
CVE-2026-70993,0.00272,0.19814
CVE-2026-70994,0.00354,0.29222
CVE-2026-70995,0.00354,0.29222
CVE-2026-70996,0.00307,0.2369
CVE-2026-70997,0.00354,0.29222
CVE-2026-70998,0.00262,0.18285
CVE-2026-70999,0.00337,0.27241
CVE-2026-71000,0.00298,0.22747
CVE-2026-71001,0.00261,0.18246
CVE-2026-71002,0.0026,0.18094
CVE-2026-71003,0.00279,0.2066
CVE-2026-71004,0.00179,0.07681
CVE-2026-71005,0.00179,0.0768
CVE-2026-71006,0.00179,0.07679
CVE-2026-71007,0.00379,0.31831
CVE-2026-71008,0.00294,0.22219
CVE-2026-71009,0.00317,0.24835
CVE-2026-71010,0.0017,0.06765
CVE-2026-71011,0.00179,0.0768
CVE-2026-71012,0.00279,0.20661
CVE-2026-71013,0.00115,0.01766
CVE-2026-71014,0.00307,0.23691
CVE-2026-71015,0.00396,0.33673
CVE-2026-71016,0.00231,0.14286
CVE-2026-71017,0.00328,0.26103
CVE-2026-71018,0.00299,0.22779
CVE-2026-71019,0.00231,0.14173
CVE-2026-71020,0.00197,0.09732
CVE-2026-71021,0.00197,0.09733
CVE-2026-71022,0.00197,0.09732
CVE-2026-71023,0.00256,0.17525
CVE-2026-71024,0.00328,0.2616
CVE-2026-71025,0.00179,0.07681
CVE-2026-71026,0.00396,0.33673
CVE-2026-71027,0.00254,0.1731
CVE-2026-71028,0.0015,0.0456
CVE-2026-71029,0.00261,0.18148
CVE-2026-71030,0.00202,0.10419
CVE-2026-71031,0.00179,0.07681
CVE-2026-71032,0.00261,0.18153
CVE-2026-71033,0.00118,0.01947
CVE-2026-71034,0.00396,0.33669
CVE-2026-71035,0.00366,0.30427
CVE-2026-71036,0.00287,0.2146
CVE-2026-71037,0.00334,0.26817
CVE-2026-71038,0.00287,0.21459
CVE-2026-71039,0.00402,0.34292
CVE-2026-71040,0.00473,0.40074
CVE-2026-71041,0.00121,0.02224
CVE-2026-71042,0.00354,0.29188
CVE-2026-71043,0.00307,0.23692
CVE-2026-71044,0.00301,0.23054
CVE-2026-71045,0.00285,0.21302
CVE-2026-71046,0.00119,0.02044
CVE-2026-71047,0.00389,0.32878
CVE-2026-71048,0.00307,0.23682
CVE-2026-71049,0.00287,0.21518
CVE-2026-71050,0.00379,0.31832
CVE-2026-71051,0.0015,0.04561
CVE-2026-71052,0.00301,0.23054
CVE-2026-71053,0.00366,0.30428
CVE-2026-71054,0.00216,0.12358
CVE-2026-71055,0.00414,0.35372
CVE-2026-71056,0.00338,0.27284
CVE-2026-71057,0.00361,0.29893
CVE-2026-71058,0.00302,0.231
CVE-2026-71059,0.00302,0.231
CVE-2026-71060,0.00303,0.2326
CVE-2026-71061,0.00307,0.23733
CVE-2026-71062,0.00248,0.16395
CVE-2026-71063,0.00335,0.27024
CVE-2026-71064,0.00335,0.27023
CVE-2026-71065,0.00262,0.18284
CVE-2026-71066,0.00121,0.02159
CVE-2026-71067,0.00402,0.34281
CVE-2026-71068,0.00366,0.30427
CVE-2026-71069,0.00311,0.242
CVE-2026-71070,0.00337,0.27245
CVE-2026-71071,0.00219,0.12618
CVE-2026-71072,0.00104,0.01175
CVE-2026-71073,0.0016,0.05636
CVE-2026-71074,0.00473,0.40074
CVE-2026-71075,0.00235,0.14758
CVE-2026-71076,0.00306,0.23546
CVE-2026-71077,0.00241,0.15504
CVE-2026-71078,0.00103,0.01088
CVE-2026-71079,0.00364,0.30273
CVE-2026-71080,0.00197,0.09769
CVE-2026-71081,0.00123,0.02438
CVE-2026-71082,0.00112,0.01584
CVE-2026-71083,0.00121,0.02189
CVE-2026-71084,0.00167,0.06378
CVE-2026-71085,0.00379,0.31832
CVE-2026-71087,0.0025,0.16704
CVE-2026-71088,0.00239,0.15213
CVE-2026-71089,0.00153,0.04822
CVE-2026-71090,0.00221,0.12907
CVE-2026-71091,0.00294,0.22218
CVE-2026-71092,0.001,0.00978
CVE-2026-71094,0.00115,0.01788
CVE-2026-71095,0.00361,0.29893
CVE-2026-71096,0.00222,0.13051
CVE-2026-71097,0.0015,0.04577
CVE-2026-71098,0.00101,0.01029
CVE-2026-71099,0.00453,0.38693
CVE-2026-71100,0.00306,0.23548
CVE-2026-71101,0.00119,0.02045
CVE-2026-71102,0.00417,0.35641
CVE-2026-71103,0.0025,0.16768
CVE-2026-71104,0.00339,0.27452
CVE-2026-71105,0.00093,0.00641
CVE-2026-71106,0.00381,0.31961
CVE-2026-71107,0.00397,0.33718
CVE-2026-71108,0.00222,0.13006
CVE-2026-71109,0.00168,0.06609
CVE-2026-71110,0.00337,0.27238
CVE-2026-71111,0.0015,0.0456
CVE-2026-71112,0.00366,0.30467
CVE-2026-71113,0.00417,0.35641
CVE-2026-71114,0.00167,0.06354
CVE-2026-71115,0.00167,0.06354
CVE-2026-71116,0.00136,0.03444
CVE-2026-71117,0.00136,0.03435
CVE-2026-71118,0.00213,0.11894
CVE-2026-71119,0.00136,0.03435
CVE-2026-71120,0.00282,0.20998
CVE-2026-71121,0.00325,0.25817
CVE-2026-71122,0.00279,0.2058
CVE-2026-71123,0.00125,0.02572
CVE-2026-71124,0.00317,0.24882
CVE-2026-71125,0.00122,0.02253
CVE-2026-71126,0.00121,0.02234
CVE-2026-71127,0.0012,0.02069
CVE-2026-71128,0.00159,0.05451
CVE-2026-71129,0.00134,0.03314
CVE-2026-71130,0.00262,0.18327
CVE-2026-71131,0.00175,0.0731
CVE-2026-71132,0.00135,0.03327
CVE-2026-71133,0.00331,0.26448
CVE-2026-71134,0.00149,0.04499
CVE-2026-71135,0.0015,0.04594
CVE-2026-71136,0.00152,0.04724
CVE-2026-71137,0.0012,0.02069
CVE-2026-71138,0.00152,0.04724
CVE-2026-71139,0.0015,0.04593
CVE-2026-71140,0.00119,0.02038
CVE-2026-71141,0.00154,0.04939
CVE-2026-71142,0.00396,0.33668
CVE-2026-71143,0.00317,0.24836
CVE-2026-71144,0.00123,0.02439
CVE-2026-71145,0.0016,0.05649
CVE-2026-71146,0.00123,0.02397
CVE-2026-71147,0.00204,0.10722
CVE-2026-71148,0.00306,0.23546
CVE-2026-71149,0.00103,0.01088
CVE-2026-71150,0.00301,0.23053
CVE-2026-71151,0.0012,0.02068
CVE-2026-71152,0.00473,0.40074
CVE-2026-71153,0.00416,0.3561
CVE-2026-71154,0.00115,0.01772
CVE-2026-71155,0.00222,0.13136
CVE-2026-71156,0.00223,0.13175
CVE-2026-71157,0.00306,0.23546
CVE-2026-71158,0.00396,0.33671
CVE-2026-71159,0.00262,0.18283
CVE-2026-71160,0.00311,0.24202
CVE-2026-71161,0.00373,0.31185
CVE-2026-71162,0.0027,0.19435
CVE-2026-71163,0.00265,0.18716
CVE-2026-71164,0.00473,0.40075
CVE-2026-71165,0.00222,0.13009
CVE-2026-71166,0.00424,0.36303
CVE-2026-71167,0.00328,0.2616
CVE-2026-71171,0.01009,0.61564
CVE-2026-71172,0.00184,0.08258
CVE-2026-71176,0.00314,0.24527
CVE-2026-71179,0.00505,0.4217
CVE-2026-71180,0.00134,0.03315
CVE-2026-71181,0.00123,0.02428
CVE-2026-71182,0.00123,0.02427
CVE-2026-71187,0.00521,0.43186
CVE-2026-71190,0.00538,0.44199
CVE-2026-71191,0.00284,0.21212
CVE-2026-71192,0.00292,0.21978
CVE-2026-71193,0.0037,0.30864
CVE-2026-71194,0.00305,0.23456
CVE-2026-71198,0.00449,0.38419
CVE-2026-71201,0.00188,0.08735
CVE-2026-71202,0.00263,0.18422
CVE-2026-71203,0.00256,0.17565
CVE-2026-71204,0.00254,0.1728
CVE-2026-71205,0.00207,0.11197
CVE-2026-71206,0.0028,0.20699
CVE-2026-71207,0.00531,0.43807
CVE-2026-71208,0.00209,0.11342
CVE-2026-71209,0.02005,0.79927
CVE-2026-71210,0.00157,0.05253
CVE-2026-71211,0.00254,0.17295
CVE-2026-71212,0.00111,0.01513
CVE-2026-71213,0.00323,0.25555
CVE-2026-71214,0.00307,0.23632
CVE-2026-71215,0.00372,0.3112
CVE-2026-71216,0.00149,0.04511
CVE-2026-71217,0.00589,0.46834
CVE-2026-71218,0.00383,0.32263
CVE-2026-71219,0.00116,0.01809
CVE-2026-71220,0.00135,0.03375
CVE-2026-71221,0.00135,0.03375
CVE-2026-71222,0.00109,0.01391
CVE-2026-71224,0.00116,0.01808
CVE-2026-71225,0.0033,0.26333
CVE-2026-71226,0.00135,0.03349
CVE-2026-71227,0.00165,0.06222
CVE-2026-71231,0.00358,0.29562
CVE-2026-71232,0.003,0.22894
CVE-2026-71233,0.00199,0.10018
CVE-2026-71234,0.00245,0.16096
CVE-2026-71235,0.00288,0.21655
CVE-2026-71236,0.00199,0.10019
CVE-2026-71237,0.0042,0.35993
CVE-2026-71238,0.00407,0.34739
CVE-2026-71239,0.00225,0.1343
CVE-2026-71240,0.00189,0.08801
CVE-2026-71241,0.00282,0.20971
CVE-2026-71242,0.00215,0.12194
CVE-2026-71243,0.00288,0.21612
CVE-2026-71244,0.00201,0.10271
CVE-2026-71246,0.00162,0.05814
CVE-2026-71247,0.00174,0.07239
CVE-2026-71248,0.00402,0.34273
CVE-2026-71249,0.00149,0.04471
CVE-2026-71250,0.00217,0.1238
CVE-2026-71251,0.00201,0.10279
CVE-2026-71252,0.00284,0.21185
CVE-2026-71254,0.00307,0.23743
CVE-2026-71255,0.0022,0.12768
CVE-2026-71256,0.00307,0.23743
CVE-2026-71257,0.00779,0.5439
CVE-2026-71259,0.00118,0.01971
CVE-2026-71260,0.00232,0.14403
CVE-2026-71261,0.00127,0.02733
CVE-2026-71262,0.0035,0.28709
CVE-2026-71263,0.00278,0.20572
CVE-2026-71264,0.00194,0.09432
CVE-2026-71265,0.00193,0.09234
CVE-2026-71266,0.00127,0.02733
CVE-2026-71267,0.00307,0.23743
CVE-2026-71268,0.00365,0.30357
CVE-2026-71270,0.00313,0.24405
CVE-2026-71271,0.00239,0.15316
CVE-2026-71272,0.00165,0.06214
CVE-2026-71273,0.00117,0.01879
CVE-2026-71274,0.00173,0.07099
CVE-2026-71275,0.00133,0.03213
CVE-2026-71276,0.00191,0.09005
CVE-2026-71277,0.00241,0.15603
CVE-2026-71278,0.00358,0.29562
CVE-2026-71279,0.00363,0.30159
CVE-2026-71280,0.00178,0.07589
CVE-2026-71281,0.00272,0.1978
CVE-2026-71282,0.00227,0.13754
CVE-2026-71283,0.00286,0.21361
CVE-2026-71284,0.00463,0.39339
CVE-2026-71285,0.00228,0.13828
CVE-2026-71286,0.00155,0.05008
CVE-2026-71287,0.00306,0.23497
CVE-2026-71288,0.00305,0.23457
CVE-2026-71289,0.00448,0.38291
CVE-2026-71290,0.00242,0.15748
CVE-2026-71291,0.00305,0.23457
CVE-2026-71292,0.00318,0.24975
CVE-2026-71293,0.00215,0.12253
CVE-2026-71294,0.00224,0.13308
CVE-2026-71300,0.00461,0.39218
CVE-2026-71303,0.00268,0.19243
CVE-2026-71307,0.00295,0.22328
CVE-2026-71308,0.00217,0.12413
CVE-2026-71309,0.00379,0.31764
CVE-2026-71310,0.00456,0.38873
CVE-2026-71311,0.00237,0.15077
CVE-2026-71312,0.00276,0.20259
CVE-2026-71313,0.00298,0.22668
CVE-2026-71314,0.004,0.3406
CVE-2026-71315,0.00267,0.19158
CVE-2026-71316,0.00297,0.22609
CVE-2026-71317,0.00116,0.01842
CVE-2026-71318,0.00209,0.11424
CVE-2026-71319,0.00356,0.29384
CVE-2026-71320,0.00438,0.37524
CVE-2026-71321,0.00422,0.36177
CVE-2026-71322,0.00178,0.07635
CVE-2026-71324,0.00505,0.4218
CVE-2026-71325,0.00139,0.03654
CVE-2026-71326,0.00257,0.17673
CVE-2026-71327,0.00352,0.28886
CVE-2026-71328,0.00572,0.46008
CVE-2026-71329,0.00305,0.23435
CVE-2026-71330,0.0077,0.54119
CVE-2026-71331,0.00454,0.38753
CVE-2026-71332,0.00246,0.16143
CVE-2026-71333,0.00246,0.16148
CVE-2026-71334,0.0024,0.15404
CVE-2026-71336,0.00852,0.56696
CVE-2026-71337,0.00311,0.24117
CVE-2026-71338,0.00257,0.17749
CVE-2026-71339,0.00325,0.2578
CVE-2026-71340,0.00264,0.1857
CVE-2026-71341,0.00387,0.32695
CVE-2026-71342,0.00246,0.16199
CVE-2026-71343,0.0034,0.27549
CVE-2026-71345,0.00318,0.24981
CVE-2026-71348,0.00409,0.34871
CVE-2026-71349,0.00418,0.35738
CVE-2026-71350,0.00417,0.35689
CVE-2026-71351,0.00252,0.16989
CVE-2026-71352,0.00663,0.50239
CVE-2026-71353,0.00204,0.10682
CVE-2026-71356,0.00255,0.17443
CVE-2026-71357,0.00255,0.17442
CVE-2026-71360,0.00508,0.42373
CVE-2026-71362,0.2452,0.97776
CVE-2026-71364,0.01202,0.6684
CVE-2026-71365,0.00448,0.38363
CVE-2026-71366,0.00333,0.26692
CVE-2026-71368,0.00163,0.05936
CVE-2026-71374,0.00313,0.24461
CVE-2026-71375,0.00246,0.16234
CVE-2026-71376,0.00985,0.60835
CVE-2026-71377,0.00314,0.24494
CVE-2026-71378,0.00246,0.1623
CVE-2026-71380,0.00387,0.32678
CVE-2026-71381,0.00158,0.05392
CVE-2026-71382,0.00158,0.05432
CVE-2026-71383,0.00247,0.16351
CVE-2026-71384,0.00385,0.32382
CVE-2026-71386,0.06945,0.93811
CVE-2026-71387,0.00286,0.21385
CVE-2026-71388,0.00255,0.17435
CVE-2026-71389,0.00153,0.04853
CVE-2026-71390,0.00155,0.05094
CVE-2026-71391,0.00327,0.2601
CVE-2026-71392,0.0039,0.32997
CVE-2026-71393,0.0039,0.32996
CVE-2026-71394,0.00279,0.20673
CVE-2026-71396,0.00236,0.14917
CVE-2026-71398,0.00794,0.54861
CVE-2026-71399,0.00199,0.1006
CVE-2026-71401,0.00183,0.08118
CVE-2026-71402,0.00168,0.06578
CVE-2026-71403,0.00188,0.08705
CVE-2026-71404,0.00241,0.15544
CVE-2026-71407,0.0054,0.44321
CVE-2026-71408,0.00529,0.43701
CVE-2026-71415,0.00246,0.16175
CVE-2026-71416,0.00174,0.07126
CVE-2026-71417,0.00121,0.02237
CVE-2026-71418,0.0035,0.28735
CVE-2026-71424,0.00291,0.21909
CVE-2026-71428,0.0025,0.16713
CVE-2026-71429,0.00112,0.01575
CVE-2026-71430,0.00155,0.05063
CVE-2026-71433,0.00225,0.13473
CVE-2026-71434,0.0024,0.1546
CVE-2026-71435,0.00191,0.09063
CVE-2026-71436,0.00408,0.34818
CVE-2026-71437,0.00434,0.37192
CVE-2026-71438,0.002,0.10115
CVE-2026-71439,0.0043,0.36796
CVE-2026-71440,0.00205,0.10943
CVE-2026-71441,0.00155,0.0504
CVE-2026-71442,0.00508,0.42374
CVE-2026-71443,0.00508,0.42373
CVE-2026-71444,0.00165,0.06132
CVE-2026-71445,0.00319,0.25036
CVE-2026-71446,0.00247,0.16357
CVE-2026-71447,0.00234,0.14604
CVE-2026-71467,0.00453,0.38701
CVE-2026-71468,0.00259,0.17881
CVE-2026-71469,0.00522,0.43278
CVE-2026-71470,0.00418,0.35774
CVE-2026-71471,0.01022,0.6192
CVE-2026-71472,0.00555,0.45154
CVE-2026-71473,0.00347,0.28337
CVE-2026-71474,0.0011,0.0145
CVE-2026-71475,0.00467,0.39598
CVE-2026-71476,0.00582,0.46487
CVE-2026-71477,0.00102,0.0107
CVE-2026-71478,0.00246,0.16214
CVE-2026-71479,0.00519,0.43116
CVE-2026-71485,0.00423,0.36211
CVE-2026-71486,0.00341,0.27754
CVE-2026-71488,0.00346,0.28219
CVE-2026-71491,0.00263,0.18445
CVE-2026-71492,0.00398,0.33832
CVE-2026-71493,0.00426,0.36453
CVE-2026-71494,0.00367,0.30494
CVE-2026-71497,0.0019,0.0899
CVE-2026-71498,0.00221,0.12952
CVE-2026-71502,0.00424,0.36346
CVE-2026-71503,0.00211,0.11669
CVE-2026-71504,0.00257,0.17769
CVE-2026-71505,0.00233,0.14471
CVE-2026-71506,0.00297,0.22546
CVE-2026-71507,0.0022,0.12869
CVE-2026-71508,0.0022,0.12869
CVE-2026-71509,0.0024,0.154
CVE-2026-71510,0.0023,0.14142
CVE-2026-71511,0.00238,0.15188
CVE-2026-71513,0.00793,0.54836
CVE-2026-71514,0.00162,0.05843
CVE-2026-71518,0.00384,0.32351
CVE-2026-71537,0.00232,0.14369
CVE-2026-71538,0.00149,0.04451
CVE-2026-71539,0.00206,0.1107
CVE-2026-71551,0.00235,0.14823
CVE-2026-71553,0.00312,0.24349
CVE-2026-71554,0.00443,0.37919
CVE-2026-71555,0.00168,0.06495
CVE-2026-71556,0.00357,0.29513
CVE-2026-71557,0.00413,0.35324
CVE-2026-71558,0.00527,0.436
CVE-2026-71559,0.00437,0.37458
CVE-2026-71560,0.00417,0.35636
CVE-2026-71562,0.00342,0.27853
CVE-2026-71564,0.00158,0.0543
CVE-2026-71565,0.00189,0.08887
CVE-2026-71566,0.00212,0.11804
CVE-2026-71567,0.00195,0.09562
CVE-2026-71568,0.00162,0.05894
CVE-2026-71570,0.00243,0.1583
CVE-2026-71571,0.00218,0.12532
CVE-2026-71572,0.00175,0.07247
CVE-2026-71573,0.00249,0.16615
CVE-2026-71574,0.002,0.10234
CVE-2026-71576,0.00122,0.02302
CVE-2026-71577,0.00191,0.09039
CVE-2026-71612,0.00144,0.04102
CVE-2026-71613,0.00139,0.03684
CVE-2026-71614,0.00149,0.04484
CVE-2026-71616,0.00112,0.01551
CVE-2026-71620,0.00432,0.37041
CVE-2026-71622,0.00259,0.17899
CVE-2026-71624,0.00515,0.42827
CVE-2026-71625,0.00401,0.34119
CVE-2026-71626,0.00315,0.24677
CVE-2026-71640,0.00448,0.38327
CVE-2026-71641,0.00339,0.2744
CVE-2026-71642,0.00166,0.06283
CVE-2026-71643,0.00432,0.3696
CVE-2026-71644,0.00352,0.28883
CVE-2026-71645,0.00432,0.36962
CVE-2026-71646,0.00343,0.27955
CVE-2026-71647,0.00432,0.3696
CVE-2026-71675,0.00386,0.32563
CVE-2026-71676,0.00392,0.33227
CVE-2026-71694,0.00274,0.19998
CVE-2026-71801,0.00528,0.43623
CVE-2026-71802,0.00162,0.05819
CVE-2026-71803,0.00194,0.09406
CVE-2026-71805,0.00361,0.29956
CVE-2026-71807,0.00253,0.17187
CVE-2026-71808,0.00351,0.28846
CVE-2026-71809,0.00355,0.29323
CVE-2026-71832,0.00118,0.01944
CVE-2026-71845,0.00284,0.21211
CVE-2026-71846,0.00121,0.0219
CVE-2026-71847,0.00385,0.32475
CVE-2026-71848,0.00291,0.21969
CVE-2026-71849,0.00236,0.14829
CVE-2026-71850,0.00164,0.0609
CVE-2026-71851,0.00335,0.26967
CVE-2026-71852,0.00127,0.02704
CVE-2026-71855,0.00312,0.24288
CVE-2026-71858,0.00139,0.0366
CVE-2026-71862,0.00353,0.29033
CVE-2026-71864,0.00607,0.47712
CVE-2026-71865,0.00478,0.40452
CVE-2026-71866,0.00478,0.40453
CVE-2026-71867,0.00607,0.47713
CVE-2026-71868,0.00608,0.47749
CVE-2026-71869,0.00607,0.47713
CVE-2026-71870,0.00127,0.02704
CVE-2026-71871,0.00478,0.40453
CVE-2026-71878,0.00478,0.40421
CVE-2026-71879,0.00478,0.40421
CVE-2026-71880,0.00379,0.31816
CVE-2026-71904,0.02405,0.83318
CVE-2026-71905,0.03054,0.86988
CVE-2026-71906,0.03054,0.8699
CVE-2026-71907,0.03054,0.8699
CVE-2026-71908,0.03054,0.86989
CVE-2026-71909,0.03054,0.86989
CVE-2026-71910,0.03054,0.86989
CVE-2026-71911,0.00478,0.40386
CVE-2026-71912,0.00478,0.40386
CVE-2026-71913,0.02405,0.83318
CVE-2026-71914,0.03071,0.87053
CVE-2026-71915,0.03054,0.86987
CVE-2026-71916,0.02405,0.83318
CVE-2026-71917,0.03054,0.86987
CVE-2026-71918,0.03054,0.86989
CVE-2026-71919,0.03054,0.86988
CVE-2026-71920,0.00392,0.33151
CVE-2026-71921,0.03248,0.87759
CVE-2026-71922,0.00469,0.39762
CVE-2026-71923,0.01666,0.75696
CVE-2026-71924,0.03054,0.86988
CVE-2026-71925,0.03054,0.86988
CVE-2026-71926,0.01666,0.75697
CVE-2026-71927,0.01666,0.75696
CVE-2026-71928,0.01666,0.75697
CVE-2026-71929,0.03054,0.86987
CVE-2026-71930,0.03054,0.86991
CVE-2026-71931,0.02405,0.83318
CVE-2026-71932,0.00693,0.51457
CVE-2026-71933,0.00379,0.31758
CVE-2026-71934,0.00478,0.40387
CVE-2026-71935,0.00478,0.40386
CVE-2026-71936,0.00478,0.40388
CVE-2026-71937,0.00478,0.40388
CVE-2026-71938,0.00478,0.40388
CVE-2026-71939,0.00478,0.40387
CVE-2026-71940,0.00478,0.40387
CVE-2026-71941,0.00478,0.40387
CVE-2026-71942,0.00478,0.40388
CVE-2026-71943,0.03054,0.8699
CVE-2026-71944,0.02084,0.80711
CVE-2026-71945,0.02084,0.80709
CVE-2026-71946,0.02084,0.80711
CVE-2026-71947,0.02084,0.80709
CVE-2026-71948,0.02084,0.8071
CVE-2026-71949,0.02084,0.80711
CVE-2026-71950,0.02084,0.8071
CVE-2026-71951,0.02084,0.8071
CVE-2026-71952,0.02035,0.80213
CVE-2026-71953,0.02035,0.80213
CVE-2026-71954,0.02078,0.80639
CVE-2026-71955,0.02078,0.80639
CVE-2026-71956,0.01695,0.76112
CVE-2026-71957,0.00594,0.47081
CVE-2026-71958,0.00562,0.45538
CVE-2026-71959,0.00289,0.21773
CVE-2026-71960,0.00544,0.44538
CVE-2026-71961,0.03051,0.86975
CVE-2026-71962,0.00687,0.51242
CVE-2026-71963,0.00858,0.56874
CVE-2026-71964,0.00317,0.24906
CVE-2026-71965,0.00345,0.28086
CVE-2026-71966,0.02078,0.8064
CVE-2026-71967,0.00119,0.02036
CVE-2026-71968,0.001,0.00947
CVE-2026-71969,0.00134,0.03294
CVE-2026-71979,0.00482,0.40663
CVE-2026-71980,0.00339,0.27441
CVE-2026-71981,0.00565,0.45698
CVE-2026-71983,0.01621,0.75013
CVE-2026-71984,0.0135,0.70253
CVE-2026-71985,0.0135,0.70252
CVE-2026-71986,0.0135,0.70252
CVE-2026-71987,0.0135,0.70252
CVE-2026-71988,0.0135,0.70253
CVE-2026-71989,0.0135,0.70254
CVE-2026-71990,0.0135,0.70251
CVE-2026-71991,0.0135,0.70254
CVE-2026-71992,0.0135,0.70253
CVE-2026-71993,0.0135,0.70253
CVE-2026-72001,0.00278,0.20457
CVE-2026-72003,0.00339,0.27496
CVE-2026-72004,0.00211,0.11632
CVE-2026-72005,0.00164,0.06042
CVE-2026-72006,0.00198,0.09888
CVE-2026-72007,0.002,0.10199
CVE-2026-72008,0.00189,0.08879
CVE-2026-72009,0.00162,0.05804
CVE-2026-72010,0.00216,0.12352
CVE-2026-72011,0.00213,0.1193
CVE-2026-72012,0.00164,0.06075
CVE-2026-72013,0.00206,0.10972
CVE-2026-72014,0.00684,0.51102
CVE-2026-72015,0.00211,0.11632
CVE-2026-72016,0.00198,0.09887
CVE-2026-72017,0.00206,0.1097
CVE-2026-72018,0.00163,0.05965
CVE-2026-72019,0.00168,0.06461
CVE-2026-72020,0.00714,0.52215
CVE-2026-72021,0.00589,0.46833
CVE-2026-72022,0.00211,0.11623
CVE-2026-72023,0.00211,0.11623
CVE-2026-72024,0.00164,0.06071
CVE-2026-72025,0.00211,0.11619
CVE-2026-72026,0.002,0.10201
CVE-2026-72027,0.00175,0.07344
CVE-2026-72028,0.002,0.102
CVE-2026-72029,0.00397,0.33778
CVE-2026-72030,0.00206,0.10972
CVE-2026-72031,0.00189,0.08868
CVE-2026-72032,0.002,0.10153
CVE-2026-72033,0.00739,0.53074
CVE-2026-72034,0.00163,0.05963
CVE-2026-72035,0.00573,0.46074
CVE-2026-72036,0.00169,0.06622
CVE-2026-72037,0.00211,0.11743
CVE-2026-72038,0.00211,0.11622
CVE-2026-72039,0.00216,0.12354
CVE-2026-72040,0.00206,0.1097
CVE-2026-72041,0.00695,0.51519
CVE-2026-72042,0.00162,0.05804
CVE-2026-72043,0.0016,0.05681
CVE-2026-72045,0.00169,0.06621
CVE-2026-72046,0.00618,0.48219
CVE-2026-72047,0.0021,0.11581
CVE-2026-72048,0.00211,0.11622
CVE-2026-72049,0.0016,0.0568
CVE-2026-72050,0.002,0.10189
CVE-2026-72051,0.00169,0.06624
CVE-2026-72052,0.00169,0.06624
CVE-2026-72053,0.00164,0.06077
CVE-2026-72054,0.00169,0.06624
CVE-2026-72055,0.00169,0.06621
CVE-2026-72056,0.0022,0.12778
CVE-2026-72057,0.00585,0.46641
CVE-2026-72058,0.00215,0.12145
CVE-2026-72059,0.00215,0.12191
CVE-2026-72060,0.00206,0.11086
CVE-2026-72061,0.00176,0.07414
CVE-2026-72062,0.00215,0.12193
CVE-2026-72063,0.0022,0.12778
CVE-2026-72064,0.00553,0.45045
CVE-2026-72065,0.00728,0.52716
CVE-2026-72066,0.00176,0.07414
CVE-2026-72067,0.00176,0.07414
CVE-2026-72068,0.0022,0.12778
CVE-2026-72069,0.00728,0.52715
CVE-2026-72070,0.0022,0.12777
CVE-2026-72071,0.0017,0.06776
CVE-2026-72072,0.00171,0.06853
CVE-2026-72073,0.00219,0.12717
CVE-2026-72074,0.0022,0.12746
CVE-2026-72075,0.00215,0.12191
CVE-2026-72076,0.0022,0.12746
CVE-2026-72077,0.0022,0.12777
CVE-2026-72078,0.0022,0.12743
CVE-2026-72079,0.0022,0.12743
CVE-2026-72080,0.00168,0.06595
CVE-2026-72081,0.00215,0.12144
CVE-2026-72082,0.00215,0.12144
CVE-2026-72083,0.00724,0.5259
CVE-2026-72084,0.00745,0.53286
CVE-2026-72085,0.0018,0.07793
CVE-2026-72086,0.00206,0.10979
CVE-2026-72087,0.0022,0.12778
CVE-2026-72088,0.00211,0.1164
CVE-2026-72089,0.00166,0.06273
CVE-2026-72090,0.00154,0.0492
CVE-2026-72091,0.00198,0.09844
CVE-2026-72092,0.00207,0.11116
CVE-2026-72093,0.00168,0.06595
CVE-2026-72094,0.00198,0.09843
CVE-2026-72095,0.00161,0.05787
CVE-2026-72096,0.00211,0.11624
CVE-2026-72097,0.00205,0.10923
CVE-2026-72098,0.00664,0.50289
CVE-2026-72099,0.00532,0.43867
CVE-2026-72100,0.00561,0.45435
CVE-2026-72101,0.002,0.10141
CVE-2026-72102,0.00169,0.0662
CVE-2026-72103,0.00159,0.05498
CVE-2026-72104,0.00198,0.09895
CVE-2026-72105,0.00169,0.06628
CVE-2026-72106,0.00216,0.1236
CVE-2026-72107,0.00633,0.48931
CVE-2026-72108,0.00169,0.06621
CVE-2026-72109,0.00164,0.06047
CVE-2026-72110,0.00164,0.06077
CVE-2026-72111,0.00176,0.07432
CVE-2026-72112,0.00154,0.04923
CVE-2026-72113,0.00164,0.06077
CVE-2026-72114,0.00164,0.06077
CVE-2026-72115,0.00295,0.22328
CVE-2026-72116,0.00181,0.0793
CVE-2026-72117,0.00211,0.11622
CVE-2026-72118,0.00211,0.11625
CVE-2026-72119,0.00164,0.06073
CVE-2026-72120,0.00169,0.06621
CVE-2026-72121,0.00345,0.28093
CVE-2026-72122,0.00164,0.06086
CVE-2026-72123,0.00164,0.06072
CVE-2026-72124,0.00354,0.29186
CVE-2026-72125,0.00164,0.06036
CVE-2026-72126,0.00159,0.05532
CVE-2026-72127,0.002,0.10192
CVE-2026-72128,0.00198,0.09862
CVE-2026-72129,0.00695,0.51517
CVE-2026-72130,0.00748,0.53369
CVE-2026-72131,0.00205,0.10926
CVE-2026-72132,0.002,0.10147
CVE-2026-72133,0.00182,0.08096
CVE-2026-72134,0.00154,0.04924
CVE-2026-72135,0.00169,0.0662
CVE-2026-72136,0.00169,0.0662
CVE-2026-72137,0.00663,0.50248
CVE-2026-72138,0.00216,0.12355
CVE-2026-72139,0.00581,0.4644
CVE-2026-72140,0.0021,0.11587
CVE-2026-72141,0.00576,0.46203
CVE-2026-72142,0.00211,0.1164
CVE-2026-72143,0.00157,0.05334
CVE-2026-72144,0.00163,0.05988
CVE-2026-72145,0.00189,0.08878
CVE-2026-72146,0.0018,0.07863
CVE-2026-72147,0.002,0.10186
CVE-2026-72148,0.00329,0.26284
CVE-2026-72149,0.00647,0.49557
CVE-2026-72150,0.00198,0.09894
CVE-2026-72151,0.00182,0.08095
CVE-2026-72152,0.00211,0.11622
CVE-2026-72153,0.00211,0.1164
CVE-2026-72154,0.00173,0.07106
CVE-2026-72155,0.00211,0.11621
CVE-2026-72156,0.00206,0.10979
CVE-2026-72157,0.00345,0.28093
CVE-2026-72158,0.002,0.10192
CVE-2026-72159,0.00211,0.1164
CVE-2026-72160,0.0065,0.49737
CVE-2026-72161,0.00206,0.10969
CVE-2026-72162,0.00162,0.05807
CVE-2026-72163,0.00211,0.11621
CVE-2026-72164,0.00164,0.06048
CVE-2026-72165,0.00164,0.06046
CVE-2026-72166,0.00211,0.11621
CVE-2026-72167,0.00206,0.10969
CVE-2026-72168,0.002,0.10186
CVE-2026-72169,0.00198,0.09893
CVE-2026-72170,0.00164,0.06076
CVE-2026-72171,0.00164,0.06044
CVE-2026-72172,0.00164,0.06074
CVE-2026-72173,0.00189,0.08878
CVE-2026-72174,0.002,0.1019
CVE-2026-72175,0.00172,0.06909
CVE-2026-72176,0.002,0.10185
CVE-2026-72177,0.00206,0.10976
CVE-2026-72178,0.002,0.10185
CVE-2026-72179,0.00206,0.10969
CVE-2026-72180,0.00201,0.10329
CVE-2026-72181,0.00164,0.06078
CVE-2026-72182,0.00216,0.12355
CVE-2026-72183,0.0017,0.06713
CVE-2026-72184,0.00189,0.08871
CVE-2026-72185,0.00626,0.48598
CVE-2026-72186,0.00468,0.39654
CVE-2026-72187,0.00189,0.08869
CVE-2026-72188,0.00467,0.39625
CVE-2026-72189,0.00189,0.08826
CVE-2026-72190,0.00189,0.0887
CVE-2026-72191,0.00679,0.50899
CVE-2026-72192,0.00728,0.52715
CVE-2026-72193,0.00211,0.11743
CVE-2026-72194,0.00754,0.53575
CVE-2026-72195,0.00169,0.06622
CVE-2026-72196,0.0018,0.07862
CVE-2026-72197,0.00185,0.08362
CVE-2026-72198,0.00162,0.05803
CVE-2026-72199,0.00516,0.42927
CVE-2026-72200,0.00598,0.47278
CVE-2026-72201,0.00516,0.42927
CVE-2026-72202,0.00468,0.39654
CVE-2026-72203,0.00576,0.46203
CVE-2026-72204,0.00168,0.06494
CVE-2026-72205,0.00198,0.09879
CVE-2026-72206,0.00516,0.42925
CVE-2026-72207,0.00516,0.42926
CVE-2026-72208,0.00516,0.42927
CVE-2026-72209,0.00516,0.42927
CVE-2026-72210,0.00516,0.42928
CVE-2026-72211,0.00516,0.42928
CVE-2026-72212,0.002,0.10197
CVE-2026-72213,0.00159,0.05539
CVE-2026-72214,0.00206,0.10974
CVE-2026-72215,0.00211,0.11632
CVE-2026-72216,0.00206,0.10975
CVE-2026-72217,0.00618,0.48219
CVE-2026-72218,0.00216,0.12356
CVE-2026-72219,0.00216,0.12353
CVE-2026-72220,0.00588,0.46819
CVE-2026-72221,0.00626,0.4861
CVE-2026-72222,0.00618,0.48218
CVE-2026-72223,0.0022,0.12774
CVE-2026-72224,0.0022,0.12745
CVE-2026-72225,0.00177,0.07527
CVE-2026-72226,0.00704,0.51851
CVE-2026-72227,0.00331,0.26517
CVE-2026-72228,0.00216,0.12355
CVE-2026-72229,0.00216,0.12356
CVE-2026-72230,0.00211,0.11631
CVE-2026-72231,0.00677,0.50832
CVE-2026-72232,0.00156,0.05163
CVE-2026-72233,0.00344,0.28029
CVE-2026-72234,0.00675,0.50753
CVE-2026-72235,0.00344,0.2803
CVE-2026-72236,0.00221,0.12981
CVE-2026-72237,0.00206,0.10975
CVE-2026-72238,0.00211,0.11631
CVE-2026-72239,0.00168,0.06459
CVE-2026-72240,0.00211,0.1163
CVE-2026-72241,0.00216,0.12352
CVE-2026-72242,0.00677,0.50832
CVE-2026-72243,0.00161,0.05698
CVE-2026-72244,0.00163,0.05991
CVE-2026-72245,0.00221,0.12941
CVE-2026-72247,0.00696,0.51556
CVE-2026-72248,0.00516,0.42926
CVE-2026-72249,0.00516,0.42928
CVE-2026-72250,0.00169,0.06622
CVE-2026-72251,0.00714,0.52214
CVE-2026-72252,0.00164,0.06074
CVE-2026-72253,0.00677,0.50833
CVE-2026-72254,0.00595,0.47121
CVE-2026-72255,0.00164,0.06076
CVE-2026-72256,0.00216,0.12354
CVE-2026-72257,0.00206,0.10976
CVE-2026-72258,0.002,0.10195
CVE-2026-72259,0.002,0.10194
CVE-2026-72260,0.00216,0.12319
CVE-2026-72261,0.00164,0.06043
CVE-2026-72262,0.00182,0.08085
CVE-2026-72263,0.00189,0.0884
CVE-2026-72264,0.00211,0.11625
CVE-2026-72265,0.0021,0.1158
CVE-2026-72266,0.002,0.10189
CVE-2026-72267,0.0021,0.1158
CVE-2026-72268,0.00211,0.11625
CVE-2026-72269,0.00211,0.11625
CVE-2026-72270,0.00211,0.11626
CVE-2026-72271,0.00211,0.11626
CVE-2026-72272,0.00211,0.11628
CVE-2026-72273,0.002,0.10193
CVE-2026-72274,0.00211,0.11742
CVE-2026-72275,0.00211,0.11742
CVE-2026-72276,0.00215,0.12192
CVE-2026-72277,0.00191,0.09068
CVE-2026-72278,0.00191,0.09068
CVE-2026-72279,0.00189,0.08764
CVE-2026-72280,0.00183,0.08194
CVE-2026-72281,0.00198,0.09844
CVE-2026-72282,0.00176,0.07415
CVE-2026-72283,0.00179,0.07707
CVE-2026-72284,0.00187,0.08557
CVE-2026-72285,0.00154,0.04944
CVE-2026-72286,0.00175,0.07345
CVE-2026-72287,0.00141,0.03846
CVE-2026-72288,0.00178,0.07639
CVE-2026-72289,0.00185,0.08362
CVE-2026-72290,0.00206,0.10978
CVE-2026-72291,0.00168,0.06459
CVE-2026-72292,0.00198,0.09878
CVE-2026-72293,0.00189,0.0887
CVE-2026-72294,0.00163,0.0599
CVE-2026-72295,0.00162,0.05804
CVE-2026-72296,0.00714,0.52215
CVE-2026-72297,0.00159,0.05551
CVE-2026-72298,0.0018,0.07864
CVE-2026-72299,0.00745,0.53287
CVE-2026-72300,0.00206,0.10948
CVE-2026-72301,0.00164,0.06075
CVE-2026-72302,0.00177,0.07575
CVE-2026-72303,0.00154,0.04943
CVE-2026-72304,0.00163,0.05988
CVE-2026-72305,0.00206,0.10977
CVE-2026-72306,0.00215,0.12191
CVE-2026-72307,0.0022,0.12777
CVE-2026-72308,0.0022,0.12776
CVE-2026-72309,0.00198,0.0988
CVE-2026-72310,0.00643,0.49397
CVE-2026-72311,0.00198,0.09881
CVE-2026-72312,0.00154,0.04963
CVE-2026-72313,0.00189,0.08869
CVE-2026-72314,0.00176,0.07416
CVE-2026-72315,0.00165,0.06209
CVE-2026-72316,0.0022,0.12773
CVE-2026-72317,0.00644,0.49451
CVE-2026-72318,0.00586,0.46718
CVE-2026-72319,0.00745,0.53288
CVE-2026-72320,0.00523,0.43335
CVE-2026-72321,0.00207,0.11116
CVE-2026-72322,0.00724,0.5259
CVE-2026-72323,0.00724,0.5259
CVE-2026-72324,0.00209,0.11385
CVE-2026-72325,0.00209,0.11386
CVE-2026-72326,0.0022,0.12774
CVE-2026-72327,0.00209,0.11388
CVE-2026-72328,0.00169,0.06615
CVE-2026-72329,0.0018,0.07807
CVE-2026-72330,0.0063,0.4877
CVE-2026-72331,0.00165,0.06208
CVE-2026-72332,0.00198,0.09879
CVE-2026-72333,0.00209,0.11388
CVE-2026-72334,0.00341,0.2768
CVE-2026-72335,0.00171,0.06869
CVE-2026-72336,0.002,0.10196
CVE-2026-72337,0.00198,0.0988
CVE-2026-72338,0.00166,0.0633
CVE-2026-72339,0.00745,0.53286
CVE-2026-72340,0.00175,0.07344
CVE-2026-72341,0.00207,0.11114
CVE-2026-72342,0.00193,0.09292
CVE-2026-72343,0.00193,0.09292
CVE-2026-72344,0.00165,0.06207
CVE-2026-72345,0.00165,0.06207
CVE-2026-72346,0.00198,0.09879
CVE-2026-72347,0.00174,0.07152
CVE-2026-72348,0.00626,0.48597
CVE-2026-72349,0.0022,0.12774
CVE-2026-72350,0.00176,0.07416
CVE-2026-72351,0.00745,0.53287
CVE-2026-72352,0.00175,0.07345
CVE-2026-72353,0.00508,0.42374
CVE-2026-72354,0.00508,0.42404
CVE-2026-72355,0.00554,0.45077
CVE-2026-72356,0.00622,0.48415
CVE-2026-72357,0.00173,0.07105
CVE-2026-72358,0.00165,0.06183
CVE-2026-72359,0.00198,0.09882
CVE-2026-72360,0.00171,0.06858
CVE-2026-72361,0.00209,0.11386
CVE-2026-72362,0.002,0.10185
CVE-2026-72363,0.00207,0.11115
CVE-2026-72364,0.00171,0.06858
CVE-2026-72365,0.00207,0.11115
CVE-2026-72366,0.00641,0.49289
CVE-2026-72367,0.00582,0.46487
CVE-2026-72368,0.00165,0.06208
CVE-2026-72369,0.00175,0.07344
CVE-2026-72370,0.00198,0.09881
CVE-2026-72371,0.00176,0.07394
CVE-2026-72372,0.00175,0.07322
CVE-2026-72373,0.00622,0.48414
CVE-2026-72374,0.00707,0.5199
CVE-2026-72375,0.00173,0.07105
CVE-2026-72376,0.00209,0.11387
CVE-2026-72377,0.00198,0.09881
CVE-2026-72378,0.00707,0.5199
CVE-2026-72379,0.00209,0.11385
CVE-2026-72380,0.00289,0.21715
CVE-2026-72381,0.00644,0.49451
CVE-2026-72382,0.00589,0.46828
CVE-2026-72383,0.00157,0.05299
CVE-2026-72384,0.00206,0.10973
CVE-2026-72385,0.00198,0.09894
CVE-2026-72386,0.002,0.10188
CVE-2026-72387,0.002,0.10188
CVE-2026-72388,0.00189,0.0888
CVE-2026-72389,0.00164,0.06037
CVE-2026-72390,0.00162,0.05882
CVE-2026-72391,0.00205,0.10931
CVE-2026-72392,0.00216,0.12356
CVE-2026-72393,0.00581,0.46441
CVE-2026-72394,0.002,0.10188
CVE-2026-72395,0.00169,0.067
CVE-2026-72396,0.0022,0.12776
CVE-2026-72397,0.00151,0.04696
CVE-2026-72398,0.00704,0.51866
CVE-2026-72399,0.00672,0.506
CVE-2026-72400,0.00169,0.06627
CVE-2026-72401,0.0021,0.11536
CVE-2026-72402,0.00189,0.0888
CVE-2026-72403,0.00198,0.09893
CVE-2026-72404,0.00154,0.04944
CVE-2026-72405,0.00134,0.033
CVE-2026-72406,0.00164,0.06073
CVE-2026-72407,0.00516,0.42925
CVE-2026-72408,0.0038,0.31852
CVE-2026-72409,0.00686,0.51199
CVE-2026-72410,0.00163,0.05989
CVE-2026-72411,0.00154,0.04922
CVE-2026-72412,0.0018,0.07788
CVE-2026-72413,0.00189,0.08879
CVE-2026-72414,0.0022,0.12775
CVE-2026-72415,0.0015,0.04545
CVE-2026-72416,0.00173,0.0707
CVE-2026-72417,0.00554,0.45077
CVE-2026-72418,0.00707,0.5199
CVE-2026-72419,0.00164,0.06073
CVE-2026-72420,0.00445,0.38102
CVE-2026-72421,0.00571,0.4595
CVE-2026-72422,0.0066,0.50119
CVE-2026-72423,0.00154,0.04943
CVE-2026-72424,0.00173,0.07018
CVE-2026-72425,0.00183,0.08194
CVE-2026-72426,0.0018,0.07807
CVE-2026-72427,0.00134,0.033
CVE-2026-72428,0.00216,0.12355
CVE-2026-72429,0.00605,0.47622
CVE-2026-72430,0.002,0.10184
CVE-2026-72431,0.00198,0.09888
CVE-2026-72432,0.00198,0.09879
CVE-2026-72433,0.00216,0.12356
CVE-2026-72434,0.00163,0.05991
CVE-2026-72435,0.00169,0.06627
CVE-2026-72436,0.00712,0.52147
CVE-2026-72437,0.00215,0.12193
CVE-2026-72438,0.00359,0.2971
CVE-2026-72439,0.00162,0.05899
CVE-2026-72440,0.00364,0.30234
CVE-2026-72441,0.00227,0.1366
CVE-2026-72442,0.00554,0.45078
CVE-2026-72443,0.00168,0.06478
CVE-2026-72444,0.00129,0.02946
CVE-2026-72445,0.00207,0.11115
CVE-2026-72446,0.00153,0.04869
CVE-2026-72447,0.0022,0.12775
CVE-2026-72448,0.00176,0.07464
CVE-2026-72449,0.00171,0.06852
CVE-2026-72450,0.00169,0.06628
CVE-2026-72451,0.00663,0.50249
CVE-2026-72452,0.00163,0.05987
CVE-2026-72453,0.00189,0.08879
CVE-2026-72454,0.0012,0.02143
CVE-2026-72455,0.00124,0.02461
CVE-2026-72456,0.00189,0.08882
CVE-2026-72457,0.00207,0.11116
CVE-2026-72458,0.00198,0.09891
CVE-2026-72459,0.00139,0.03628
CVE-2026-72460,0.00126,0.02622
CVE-2026-72461,0.00127,0.02728
CVE-2026-72462,0.00127,0.02745
CVE-2026-72463,0.0038,0.31852
CVE-2026-72464,0.00675,0.50758
CVE-2026-72465,0.00647,0.49557
CVE-2026-72466,0.00728,0.52716
CVE-2026-72467,0.00206,0.1097
CVE-2026-72468,0.002,0.1019
CVE-2026-72469,0.00317,0.24889
CVE-2026-72470,0.00138,0.03563
CVE-2026-72471,0.00315,0.2462
CVE-2026-72472,0.00644,0.49452
CVE-2026-72473,0.00664,0.5027
CVE-2026-72474,0.00209,0.11387
CVE-2026-72475,0.002,0.10198
CVE-2026-72476,0.00171,0.06869
CVE-2026-72477,0.00516,0.42925
CVE-2026-72478,0.00152,0.04747
CVE-2026-72479,0.00211,0.11634
CVE-2026-72480,0.00129,0.02939
CVE-2026-72481,0.00216,0.12354
CVE-2026-72482,0.0013,0.0303
CVE-2026-72483,0.00181,0.07999
CVE-2026-72484,0.00211,0.11635
CVE-2026-72485,0.00154,0.04946
CVE-2026-72486,0.00173,0.07021
CVE-2026-72487,0.0018,0.07864
CVE-2026-72488,0.00162,0.05805
CVE-2026-72489,0.00148,0.04397
CVE-2026-72490,0.00155,0.05129
CVE-2026-72491,0.00724,0.52591
CVE-2026-72492,0.00477,0.40343
CVE-2026-72493,0.00348,0.28521
CVE-2026-72494,0.00407,0.34755
CVE-2026-72495,0.00178,0.07639
CVE-2026-72496,0.00124,0.02502
CVE-2026-72497,0.0012,0.02144
CVE-2026-72498,0.00166,0.06309
CVE-2026-72499,0.0012,0.02142
CVE-2026-72500,0.00162,0.05806
CVE-2026-72501,0.00166,0.06309
CVE-2026-72502,0.00696,0.51556
CVE-2026-72506,0.00177,0.07526
CVE-2026-72508,0.00479,0.40484
CVE-2026-72522,0.00194,0.09367
CVE-2026-72524,0.00353,0.2903
CVE-2026-72526,0.00417,0.35666
CVE-2026-72529,0.01554,0.74041
CVE-2026-72530,0.01827,0.77869
CVE-2026-72531,0.00192,0.09211
CVE-2026-72532,0.00192,0.09212
CVE-2026-72533,0.00398,0.33788
CVE-2026-72534,0.00307,0.23655
CVE-2026-72535,0.00424,0.36299
CVE-2026-72536,0.00424,0.36299
CVE-2026-72537,0.00292,0.21983
CVE-2026-72538,0.00692,0.51421
CVE-2026-72539,0.00305,0.2342
CVE-2026-72541,0.00228,0.13823
CVE-2026-72542,0.00228,0.13854
CVE-2026-72543,0.00451,0.38529
CVE-2026-72544,0.00203,0.10595
CVE-2026-72545,0.00397,0.33696
CVE-2026-72546,0.00211,0.11714
CVE-2026-72547,0.00211,0.11713
CVE-2026-72548,0.00454,0.38767
CVE-2026-72549,0.00355,0.29244
CVE-2026-72550,0.00503,0.42008
CVE-2026-72551,0.00668,0.50438
CVE-2026-72552,0.00432,0.36957
CVE-2026-72553,0.00162,0.05818
CVE-2026-72554,0.00334,0.26869
CVE-2026-72555,0.00263,0.18471
CVE-2026-72556,0.00669,0.50475
CVE-2026-72557,0.00328,0.26182
CVE-2026-72558,0.00239,0.15302
CVE-2026-72559,0.00133,0.03209
CVE-2026-72560,0.00201,0.10277
CVE-2026-72561,0.00232,0.14358
CVE-2026-72562,0.00239,0.1527
CVE-2026-72563,0.00201,0.10277
CVE-2026-72564,0.00314,0.24501
CVE-2026-72565,0.00469,0.39731
CVE-2026-72566,0.00258,0.17779
CVE-2026-72567,0.00551,0.44913
CVE-2026-72569,0.00514,0.42745
CVE-2026-72570,0.00138,0.03577
CVE-2026-72571,0.00767,0.54019
CVE-2026-72572,0.0077,0.54094
CVE-2026-72573,0.00905,0.58311
CVE-2026-72574,0.00241,0.15581
CVE-2026-72575,0.00375,0.31354
CVE-2026-72576,0.00165,0.06233
CVE-2026-72577,0.00855,0.5679
CVE-2026-72578,0.00182,0.08046
CVE-2026-72579,0.00645,0.4948
CVE-2026-72580,0.00931,0.59092
CVE-2026-72581,0.00363,0.30132
CVE-2026-72582,0.00347,0.28352
CVE-2026-72583,0.0015,0.04566
CVE-2026-72584,0.00246,0.16116
CVE-2026-72586,0.00368,0.30681
CVE-2026-72587,0.00185,0.08394
CVE-2026-72588,0.00251,0.16849
CVE-2026-72589,0.01221,0.67363
CVE-2026-72590,0.01281,0.68747
CVE-2026-72591,0.0027,0.19507
CVE-2026-72592,0.00535,0.44055
CVE-2026-72593,0.00527,0.43579
CVE-2026-72594,0.00165,0.06165
CVE-2026-72595,0.00201,0.1028
CVE-2026-72596,0.0021,0.11542
CVE-2026-72597,0.00201,0.1028
CVE-2026-72598,0.0027,0.19507
CVE-2026-72599,0.00338,0.27311
CVE-2026-72600,0.00355,0.29244
CVE-2026-72601,0.00355,0.29244
CVE-2026-72602,0.00489,0.41166
CVE-2026-72603,0.02127,0.81111
CVE-2026-72604,0.00325,0.25814
CVE-2026-72605,0.00308,0.23831
CVE-2026-72606,0.00283,0.21114
CVE-2026-72607,0.00266,0.18817
CVE-2026-72608,0.00224,0.13281
CVE-2026-72609,0.00219,0.12712
CVE-2026-72610,0.00199,0.09981
CVE-2026-72626,0.00189,0.08888
CVE-2026-72627,0.00189,0.08888
CVE-2026-72628,0.00332,0.26598
CVE-2026-72629,0.00312,0.24258
CVE-2026-72630,0.00223,0.13218
CVE-2026-72631,0.00234,0.14657
CVE-2026-72632,0.00253,0.17113
CVE-2026-72633,0.00195,0.09557
CVE-2026-72636,0.00301,0.22972
CVE-2026-72638,0.00296,0.22502
CVE-2026-72639,0.00296,0.22501
CVE-2026-72640,0.00273,0.19969
CVE-2026-72641,0.00225,0.1341
CVE-2026-72642,0.00336,0.27088
CVE-2026-72643,0.00267,0.19136
CVE-2026-72644,0.00296,0.22461
CVE-2026-72645,0.00296,0.22501
CVE-2026-72647,0.00296,0.22501
CVE-2026-72648,0.0031,0.24024
CVE-2026-72649,0.00629,0.48749
CVE-2026-72650,0.00256,0.17573
CVE-2026-72651,0.00296,0.225
CVE-2026-72652,0.00296,0.22462
CVE-2026-72653,0.00296,0.22502
CVE-2026-72654,0.00369,0.30728
CVE-2026-72655,0.00223,0.13208
CVE-2026-72656,0.00296,0.225
CVE-2026-72657,0.0028,0.20773
CVE-2026-72658,0.00136,0.03423
CVE-2026-72659,0.00296,0.22503
CVE-2026-72660,0.00368,0.3061
CVE-2026-72661,0.00278,0.20547
CVE-2026-72663,0.00296,0.22503
CVE-2026-72664,0.00281,0.20875
CVE-2026-72665,0.00268,0.19257
CVE-2026-72666,0.0028,0.20771
CVE-2026-72667,0.00296,0.22503
CVE-2026-72669,0.00233,0.14499
CVE-2026-72670,0.00343,0.27898
CVE-2026-72671,0.00196,0.09582
CVE-2026-72672,0.00274,0.2
CVE-2026-72673,0.00225,0.13453
CVE-2026-72674,0.00296,0.22502
CVE-2026-72675,0.00227,0.13707
CVE-2026-72676,0.00388,0.32808
CVE-2026-72677,0.00278,0.20547
CVE-2026-72678,0.00332,0.26649
CVE-2026-72679,0.00332,0.2665
CVE-2026-72680,0.00196,0.09582
CVE-2026-72681,0.003,0.22946
CVE-2026-72682,0.00296,0.22461
CVE-2026-72683,0.00368,0.3061
CVE-2026-72684,0.00296,0.22503
CVE-2026-72685,0.00268,0.19183
CVE-2026-72686,0.00368,0.30609
CVE-2026-72687,0.00296,0.22502
CVE-2026-72688,0.00501,0.41897
CVE-2026-72689,0.00324,0.25638
CVE-2026-72690,0.00254,0.17321
CVE-2026-72691,0.00393,0.33321
CVE-2026-72692,0.00272,0.19844
CVE-2026-72693,0.00107,0.01311
CVE-2026-72694,0.00129,0.02979
CVE-2026-72695,0.00567,0.45771
CVE-2026-72696,0.00143,0.03982
CVE-2026-72697,0.00307,0.23674
CVE-2026-72698,0.00241,0.15613
CVE-2026-72699,0.00205,0.10851
CVE-2026-72700,0.00255,0.17361
CVE-2026-72701,0.00179,0.07701
CVE-2026-72702,0.00103,0.01116
CVE-2026-72703,0.0012,0.02114
CVE-2026-72704,0.0012,0.02114
CVE-2026-72705,0.0012,0.02114
CVE-2026-72708,0.00319,0.25078
CVE-2026-72709,0.00364,0.3022
CVE-2026-72710,0.00621,0.4837
CVE-2026-72711,0.0012,0.02113
CVE-2026-72712,0.00418,0.35725
CVE-2026-72713,0.00702,0.51777
CVE-2026-72714,0.0012,0.02113
CVE-2026-72716,0.00664,0.50272
CVE-2026-72717,0.00664,0.50271
CVE-2026-72718,0.00216,0.12357
CVE-2026-72719,0.0041,0.34989
CVE-2026-72720,0.00299,0.22775
CVE-2026-72721,0.00429,0.36718
CVE-2026-72722,0.00324,0.25668
CVE-2026-72723,0.00385,0.32386
CVE-2026-72724,0.00458,0.3904
CVE-2026-72725,0.00215,0.12202
CVE-2026-72726,0.00332,0.26555
CVE-2026-72727,0.00234,0.14607
CVE-2026-72728,0.00185,0.08327
CVE-2026-72729,0.00278,0.20508
CVE-2026-72730,0.00236,0.14952
CVE-2026-72731,0.00231,0.14224
CVE-2026-72732,0.00251,0.16805
CVE-2026-72733,0.00614,0.47999
CVE-2026-72734,0.00381,0.31976
CVE-2026-72735,0.00748,0.53382
CVE-2026-72736,0.00433,0.37137
CVE-2026-72737,0.00248,0.16415
CVE-2026-72738,0.00656,0.49948
CVE-2026-72739,0.00559,0.45348
CVE-2026-72740,0.00656,0.49948
CVE-2026-72741,0.00189,0.08796
CVE-2026-72742,0.00373,0.31143
CVE-2026-72743,0.00171,0.06862
CVE-2026-72744,0.00135,0.03381
CVE-2026-72747,0.00259,0.17959
CVE-2026-72748,0.0085,0.56606
CVE-2026-72749,0.00313,0.24448
CVE-2026-72750,0.00259,0.17926
CVE-2026-72751,0.00268,0.19193
CVE-2026-72759,0.00282,0.20985
CVE-2026-72760,0.00239,0.15216
CVE-2026-72761,0.00362,0.30043
CVE-2026-72762,0.00261,0.18273
CVE-2026-72763,0.00209,0.1134
CVE-2026-72764,0.00447,0.38249
CVE-2026-72765,0.00449,0.38395
CVE-2026-72766,0.00274,0.20007
CVE-2026-72767,0.00483,0.40765
CVE-2026-72768,0.00225,0.13481
CVE-2026-72769,0.00282,0.21002
CVE-2026-72770,0.00464,0.3943
CVE-2026-72771,0.00209,0.11344
CVE-2026-72772,0.0026,0.18051
CVE-2026-72773,0.00375,0.31355
CVE-2026-72774,0.0027,0.19404
CVE-2026-72775,0.00259,0.17926
CVE-2026-72776,0.00838,0.56245
CVE-2026-72777,0.00317,0.24853
CVE-2026-72778,0.00447,0.38217
CVE-2026-72779,0.00218,0.12496
CVE-2026-72780,0.00227,0.13686
CVE-2026-72781,0.00539,0.44279
CVE-2026-72782,0.00227,0.13753
CVE-2026-72783,0.00148,0.04394
CVE-2026-72784,0.00145,0.04129
CVE-2026-72785,0.00194,0.09426
CVE-2026-72786,0.00327,0.26065
CVE-2026-72787,0.0019,0.08938
CVE-2026-72788,0.00292,0.22074
CVE-2026-72789,0.00293,0.22134
CVE-2026-72790,0.00237,0.14968
CVE-2026-72791,0.00237,0.14969
CVE-2026-72792,0.00237,0.14968
CVE-2026-72793,0.00241,0.15601
CVE-2026-72794,0.00249,0.16569
CVE-2026-72795,0.00241,0.15602
CVE-2026-72796,0.00257,0.17689
CVE-2026-72797,0.00237,0.1497
CVE-2026-72798,0.00256,0.17598
CVE-2026-72799,0.00237,0.1497
CVE-2026-72800,0.00237,0.14969
CVE-2026-72801,0.00241,0.156
CVE-2026-72802,0.00237,0.14969
CVE-2026-72803,0.00237,0.14968
CVE-2026-72804,0.00255,0.1736
CVE-2026-72805,0.00237,0.1497
CVE-2026-72806,0.00307,0.23731
CVE-2026-72807,0.00199,0.10081
CVE-2026-72808,0.00283,0.21094
CVE-2026-72809,0.00206,0.11083
CVE-2026-72810,0.00313,0.24399
CVE-2026-72811,0.0025,0.16746
CVE-2026-72812,0.00275,0.20129
CVE-2026-72813,0.00394,0.33455
CVE-2026-72814,0.00382,0.321
CVE-2026-72815,0.00397,0.33735
CVE-2026-72816,0.00219,0.12664
CVE-2026-72817,0.0015,0.04598
CVE-2026-72818,0.00505,0.4215
CVE-2026-72819,0.00502,0.41951
CVE-2026-72820,0.00339,0.27456
CVE-2026-72821,0.00138,0.03577
CVE-2026-72822,0.00299,0.22765
CVE-2026-72823,0.00193,0.09235
CVE-2026-72824,0.00404,0.34462
CVE-2026-72825,0.00249,0.16572
CVE-2026-72826,0.00261,0.18217
CVE-2026-72827,0.00624,0.48527
CVE-2026-72828,0.00272,0.19836
CVE-2026-72829,0.00261,0.18217
CVE-2026-72830,0.00942,0.5945
CVE-2026-72831,0.00302,0.23118
CVE-2026-72832,0.0018,0.07866
CVE-2026-72833,0.00261,0.18217
CVE-2026-72834,0.00228,0.1389
CVE-2026-72835,0.00414,0.3543
CVE-2026-72836,0.00412,0.35182
CVE-2026-72837,0.003,0.22927
CVE-2026-72838,0.00295,0.22366
CVE-2026-72839,0.00514,0.42748
CVE-2026-72840,0.00383,0.32233
CVE-2026-72841,0.00534,0.44
CVE-2026-72842,0.00422,0.36179
CVE-2026-72843,0.0059,0.46904
CVE-2026-72844,0.00183,0.08191
CVE-2026-72846,0.00263,0.18402
CVE-2026-72847,0.00103,0.01088
CVE-2026-72848,0.00476,0.40262
CVE-2026-72849,0.00124,0.02505
CVE-2026-72850,0.00422,0.36174
CVE-2026-72851,0.00286,0.21343
CVE-2026-72852,0.00141,0.03786
CVE-2026-72853,0.00245,0.16051
CVE-2026-72854,0.00113,0.01599
CVE-2026-72855,0.00273,0.19942
CVE-2026-72856,0.00327,0.26066
CVE-2026-72857,0.00258,0.1778
CVE-2026-72859,0.00181,0.07978
CVE-2026-72860,0.0027,0.19446
CVE-2026-72861,0.002,0.10101
CVE-2026-72862,0.0055,0.44889
CVE-2026-72863,0.00379,0.31738
CVE-2026-72864,0.00274,0.20042
CVE-2026-72865,0.00352,0.28888
CVE-2026-72866,0.00391,0.33099
CVE-2026-72867,0.0049,0.41209
CVE-2026-72868,0.00363,0.30113
CVE-2026-72869,0.00352,0.28889
CVE-2026-72870,0.00278,0.20507
CVE-2026-72871,0.0035,0.28677
CVE-2026-72872,0.00462,0.39324
CVE-2026-72873,0.00332,0.26555
CVE-2026-72874,0.00354,0.29172
CVE-2026-72875,0.00539,0.4428
CVE-2026-72876,0.0059,0.46908
CVE-2026-72877,0.00402,0.34213
CVE-2026-72878,0.00267,0.19137
CVE-2026-72879,0.00353,0.29025
CVE-2026-72880,0.00298,0.22718
CVE-2026-72881,0.00474,0.40181
CVE-2026-72882,0.00355,0.29304
CVE-2026-72883,0.00401,0.34131
CVE-2026-72884,0.00426,0.36484
CVE-2026-72885,0.00725,0.52619
CVE-2026-72886,0.00458,0.39041
CVE-2026-72887,0.0055,0.44875
CVE-2026-72888,0.00436,0.3733
CVE-2026-72889,0.00347,0.2834
CVE-2026-72898,0.94217,0.99845
CVE-2026-72899,0.00559,0.45327
CVE-2026-72900,0.00301,0.22974
CVE-2026-72901,0.00634,0.48961
CVE-2026-72902,0.00539,0.4428
CVE-2026-72903,0.00366,0.3044
CVE-2026-72904,0.00288,0.21604
CVE-2026-72906,0.00204,0.1068
CVE-2026-72907,0.00246,0.16247
CVE-2026-72908,0.00287,0.215
CVE-2026-72909,0.00269,0.19297
CVE-2026-72910,0.00275,0.20139
CVE-2026-72911,0.00383,0.32256
CVE-2026-72912,0.00185,0.08396
CVE-2026-72913,0.00269,0.1936
CVE-2026-72914,0.00454,0.38775
CVE-2026-72915,0.00277,0.2044
CVE-2026-72916,0.00359,0.29739
CVE-2026-72917,0.00268,0.19218
CVE-2026-72918,0.002,0.10134
CVE-2026-72919,0.00238,0.15174
CVE-2026-72920,0.00408,0.34844
CVE-2026-72921,0.00238,0.15189
CVE-2026-72922,0.0034,0.2755
CVE-2026-72923,0.012,0.66793
CVE-2026-72924,0.00179,0.07675
CVE-2026-72925,0.00194,0.09363
CVE-2026-72926,0.00252,0.16987
CVE-2026-72927,0.00256,0.17642
CVE-2026-72928,0.00619,0.48264
CVE-2026-72929,0.00219,0.12728
CVE-2026-72930,0.00252,0.16953
CVE-2026-72931,0.00251,0.16866
CVE-2026-72932,0.01049,0.6275
CVE-2026-72933,0.00838,0.56238
CVE-2026-72935,0.00256,0.176
CVE-2026-72936,0.00649,0.49648
CVE-2026-72937,0.00396,0.33649
CVE-2026-72938,0.00922,0.588
CVE-2026-72939,0.01139,0.65166
CVE-2026-72940,0.00782,0.54468
CVE-2026-72941,0.00311,0.24129
CVE-2026-72942,0.00942,0.59475
CVE-2026-72943,0.00618,0.48247
CVE-2026-72944,0.00318,0.24983
CVE-2026-72945,0.00396,0.3365
CVE-2026-72946,0.00318,0.24983
CVE-2026-72947,0.00263,0.18446
CVE-2026-72948,0.00369,0.30702
CVE-2026-72949,0.01149,0.65438
CVE-2026-72950,0.00894,0.5796
CVE-2026-72952,0.00252,0.16951
CVE-2026-72953,0.00318,0.24984
CVE-2026-72954,0.00595,0.47098
CVE-2026-72956,0.00922,0.58802
CVE-2026-72957,0.00312,0.24292
CVE-2026-72958,0.00325,0.25816
CVE-2026-72959,0.00894,0.57961
CVE-2026-72960,0.00752,0.5352
CVE-2026-72961,0.00325,0.25816
CVE-2026-72962,0.00325,0.25871
CVE-2026-72963,0.00246,0.16197
CVE-2026-72964,0.00288,0.21559
CVE-2026-72965,0.00318,0.24979
CVE-2026-72966,0.00281,0.20911
CVE-2026-72967,0.00311,0.2418
CVE-2026-72970,0.00532,0.43896
CVE-2026-72971,0.00473,0.40052
CVE-2026-72972,0.00819,0.55665
CVE-2026-72973,0.00819,0.55664
CVE-2026-72974,0.00922,0.58801
CVE-2026-72975,0.00692,0.51413
CVE-2026-72976,0.00395,0.33516
CVE-2026-72977,0.00967,0.60303
CVE-2026-72978,0.00802,0.5512
CVE-2026-72979,0.0097,0.60377
CVE-2026-72980,0.00386,0.32548
CVE-2026-72981,0.00518,0.4302
CVE-2026-72982,0.00909,0.58421
CVE-2026-72983,0.00909,0.58421
CVE-2026-72984,0.00433,0.3707
CVE-2026-72985,0.00311,0.24207
CVE-2026-72986,0.00752,0.5352
CVE-2026-72987,0.00634,0.48964
CVE-2026-72988,0.0024,0.15359
CVE-2026-72989,0.00787,0.54642
CVE-2026-72990,0.00311,0.24176
CVE-2026-72991,0.00311,0.2412
CVE-2026-72992,0.00311,0.24119
CVE-2026-72993,0.0024,0.15361
CVE-2026-72994,0.0024,0.15359
CVE-2026-72995,0.0024,0.15359
CVE-2026-72996,0.00311,0.2412
CVE-2026-72997,0.00311,0.24121
CVE-2026-72999,0.00305,0.234
CVE-2026-73000,0.0024,0.15361
CVE-2026-73001,0.00311,0.24125
CVE-2026-73002,0.0024,0.15405
CVE-2026-73003,0.00199,0.10021
CVE-2026-73004,0.00217,0.12444
CVE-2026-73005,0.00188,0.08742
CVE-2026-73006,0.00802,0.55122
CVE-2026-73007,0.0024,0.15404
CVE-2026-73008,0.00458,0.39043
CVE-2026-73009,0.0089,0.57801
CVE-2026-73010,0.0089,0.57801
CVE-2026-73011,0.0024,0.15404
CVE-2026-73012,0.00618,0.48218
CVE-2026-73013,0.00554,0.45082
CVE-2026-73014,0.00273,0.19939
CVE-2026-73015,0.0024,0.15408
CVE-2026-73016,0.00572,0.46008
CVE-2026-73017,0.00247,0.16327
CVE-2026-73018,0.00751,0.5349
CVE-2026-73019,0.00725,0.52599
CVE-2026-73020,0.0024,0.15363
CVE-2026-73021,0.00311,0.24122
CVE-2026-73022,0.00199,0.10052
CVE-2026-73023,0.00554,0.45081
CVE-2026-73024,0.0024,0.15362
CVE-2026-73025,0.00901,0.58161
CVE-2026-73026,0.0024,0.15362
CVE-2026-73028,0.00526,0.43531
CVE-2026-73029,0.00747,0.53341
CVE-2026-73030,0.0045,0.38483
CVE-2026-73031,0.00364,0.30207
CVE-2026-73032,0.00437,0.37483
CVE-2026-73033,0.00729,0.52754
CVE-2026-73034,0.05122,0.91998
CVE-2026-73035,0.00214,0.12057
CVE-2026-73036,0.00134,0.03255
CVE-2026-73037,0.00155,0.05009
CVE-2026-73038,0.00205,0.10797
CVE-2026-73039,0.00223,0.13172
CVE-2026-73040,0.00821,0.55735
CVE-2026-73041,0.00234,0.14582
CVE-2026-73042,0.003,0.22868
CVE-2026-73043,0.00372,0.31041
CVE-2026-73044,0.00247,0.16323
CVE-2026-73045,0.00302,0.23174
CVE-2026-73046,0.00425,0.36431
CVE-2026-73047,0.00133,0.03217
CVE-2026-73048,0.00194,0.09433
CVE-2026-73049,0.00194,0.09433
CVE-2026-73050,0.00247,0.16323
CVE-2026-73051,0.00335,0.26926
CVE-2026-73052,0.003,0.22868
CVE-2026-73053,0.00284,0.21142
CVE-2026-73054,0.00313,0.24473
CVE-2026-73055,0.00207,0.11148
CVE-2026-73056,0.0045,0.38444
CVE-2026-73057,0.00278,0.20569
CVE-2026-73058,0.00238,0.15154
CVE-2026-73059,0.00221,0.12975
CVE-2026-73060,0.00373,0.3116
CVE-2026-73061,0.00302,0.23111
CVE-2026-73062,0.00278,0.20572
CVE-2026-73066,0.00126,0.02681
CVE-2026-73067,0.00126,0.02681
CVE-2026-73068,0.0028,0.20702
CVE-2026-73069,0.0045,0.38492
CVE-2026-73070,0.0013,0.03048
CVE-2026-73071,0.0011,0.01421
CVE-2026-73072,0.00125,0.0259
CVE-2026-73073,0.00147,0.0431
CVE-2026-73074,0.00108,0.01338
CVE-2026-73075,0.00117,0.01922
CVE-2026-73076,0.00131,0.03075
CVE-2026-73077,0.0014,0.03771
CVE-2026-73078,0.00336,0.27099
CVE-2026-73079,0.0031,0.24
CVE-2026-73080,0.00384,0.32309
CVE-2026-73081,0.00297,0.22643
CVE-2026-73082,0.00246,0.16177
CVE-2026-73083,0.00156,0.05214
CVE-2026-73084,0.00231,0.14276
CVE-2026-73085,0.0034,0.27523
CVE-2026-73086,0.00296,0.22531
CVE-2026-73087,0.0034,0.27524
CVE-2026-73088,0.00439,0.37573
CVE-2026-73089,0.00474,0.40123
CVE-2026-73090,0.00224,0.13311
CVE-2026-73102,0.00293,0.22119
CVE-2026-73108,0.00528,0.43629
CVE-2026-73122,0.00274,0.20052
CVE-2026-73125,0.0053,0.4373
CVE-2026-73136,0.00417,0.35669
CVE-2026-73137,0.00386,0.32544
CVE-2026-73140,0.00255,0.17476
CVE-2026-73155,0.00255,0.17475
CVE-2026-73156,0.0033,0.26342
CVE-2026-73157,0.00262,0.18347
CVE-2026-73158,0.00234,0.14605
CVE-2026-73159,0.00234,0.14605
CVE-2026-73160,0.00301,0.23063
CVE-2026-73161,0.00247,0.16358
CVE-2026-73162,0.00174,0.07195
CVE-2026-73163,0.00919,0.58721
CVE-2026-73164,0.00919,0.58721
CVE-2026-73165,0.00963,0.60145
CVE-2026-73166,0.00673,0.50658
CVE-2026-73167,0.00963,0.60146
CVE-2026-73169,0.00514,0.42805
CVE-2026-73170,0.00514,0.42805
CVE-2026-73171,0.00496,0.41609
CVE-2026-73172,0.01732,0.7661
CVE-2026-73173,0.0068,0.50929
CVE-2026-73174,0.00142,0.03932
CVE-2026-73175,0.00228,0.13859
CVE-2026-73176,0.00963,0.60145
CVE-2026-73177,0.00142,0.0388
CVE-2026-73178,0.00413,0.35323
CVE-2026-73180,0.00536,0.44112
CVE-2026-73181,0.00467,0.39649
CVE-2026-73182,0.00146,0.04256
CVE-2026-73183,0.00236,0.14942
CVE-2026-73184,0.00146,0.04259
CVE-2026-73185,0.00236,0.14942
CVE-2026-73187,0.00383,0.32229
CVE-2026-73190,0.0018,0.07818
CVE-2026-73191,0.00289,0.217
CVE-2026-73193,0.00477,0.40314
CVE-2026-73194,0.00493,0.41371
CVE-2026-73195,0.00336,0.27083
CVE-2026-73196,0.00244,0.15884
CVE-2026-73197,0.00333,0.2667
CVE-2026-73198,0.00333,0.2667
CVE-2026-73199,0.00297,0.22585
CVE-2026-73208,0.00256,0.17574
CVE-2026-73209,0.00321,0.25303
CVE-2026-73210,0.00422,0.36174
CVE-2026-73211,0.00393,0.33313
CVE-2026-73212,0.00282,0.21009
CVE-2026-73213,0.00385,0.3245
CVE-2026-73214,0.00423,0.36239
CVE-2026-73215,0.00331,0.26438
CVE-2026-73216,0.00405,0.34513
CVE-2026-73217,0.00312,0.24244
CVE-2026-73218,0.00818,0.55609
CVE-2026-73219,0.00341,0.27754
CVE-2026-73220,0.00278,0.20507
CVE-2026-73221,0.00246,0.16176
CVE-2026-73222,0.00247,0.16332
CVE-2026-73223,0.00311,0.24145
CVE-2026-73224,0.00339,0.27431
CVE-2026-73225,0.00311,0.24145
CVE-2026-73226,0.00385,0.32457
CVE-2026-73227,0.00311,0.24145
CVE-2026-73228,0.0039,0.32934
CVE-2026-73229,0.00344,0.28013
CVE-2026-73230,0.00128,0.02801
CVE-2026-73231,0.00217,0.12439
CVE-2026-73232,0.00441,0.37713
CVE-2026-73233,0.00215,0.1221
CVE-2026-73234,0.00236,0.14906
CVE-2026-73235,0.00124,0.02457
CVE-2026-73236,0.00336,0.27039
CVE-2026-73237,0.0043,0.36822
CVE-2026-73238,0.0043,0.36822
CVE-2026-73239,0.00343,0.27895
CVE-2026-73240,0.00541,0.444
CVE-2026-73241,0.00382,0.32093
CVE-2026-73242,0.0035,0.28742
CVE-2026-73243,0.00398,0.33817
CVE-2026-73244,0.00416,0.35596
CVE-2026-73245,0.00232,0.14311
CVE-2026-73246,0.0043,0.36825
CVE-2026-73247,0.00368,0.3064
CVE-2026-73248,0.00213,0.119
CVE-2026-73249,0.00301,0.22988
CVE-2026-73250,0.00129,0.02897
CVE-2026-73251,0.00195,0.09568
CVE-2026-73253,0.00212,0.11836
CVE-2026-73254,0.00234,0.14663
CVE-2026-73255,0.00594,0.4707
CVE-2026-73256,0.00397,0.33752
CVE-2026-73257,0.00485,0.40872
CVE-2026-73258,0.00323,0.25612
CVE-2026-73259,0.00278,0.20541
CVE-2026-73262,0.00215,0.12202
CVE-2026-73263,0.00352,0.28889
CVE-2026-73264,0.00395,0.33508
CVE-2026-73265,0.00304,0.23358
CVE-2026-73266,0.00215,0.12211
CVE-2026-73267,0.00462,0.39324
CVE-2026-73268,0.00468,0.39714
CVE-2026-73269,0.00332,0.26597
CVE-2026-73270,0.00661,0.50186
CVE-2026-73276,0.00328,0.2611
CVE-2026-73281,0.00158,0.0542
CVE-2026-73282,0.00163,0.05924
CVE-2026-73283,0.00091,0.00554
CVE-2026-73284,0.00283,0.21109
CVE-2026-73285,0.00346,0.28192
CVE-2026-73286,0.00238,0.15186
CVE-2026-73287,0.00257,0.17687
CVE-2026-73288,0.00245,0.15986
CVE-2026-73289,0.00231,0.14184
CVE-2026-73290,0.00306,0.23499
CVE-2026-73291,0.00273,0.19956
CVE-2026-73292,0.00233,0.14523
CVE-2026-73293,0.00498,0.41741
CVE-2026-73294,0.00569,0.45855
CVE-2026-73295,0.00185,0.08341
CVE-2026-73296,0.02922,0.86428
CVE-2026-73297,0.01931,0.79113
CVE-2026-73298,0.00677,0.50803
CVE-2026-73299,0.01215,0.67218
CVE-2026-73300,0.00482,0.4066
CVE-2026-73301,0.00315,0.2467
CVE-2026-73302,0.00398,0.33802
CVE-2026-73303,0.00232,0.14325
CVE-2026-73304,0.00452,0.38583
CVE-2026-73305,0.00458,0.39041
CVE-2026-73306,0.00416,0.35605
CVE-2026-73307,0.00398,0.33802
CVE-2026-73308,0.00373,0.31145
CVE-2026-73309,0.00476,0.40259
CVE-2026-73310,0.0036,0.29828
CVE-2026-73311,0.0037,0.30894
CVE-2026-73312,0.00353,0.2897
CVE-2026-73313,0.0039,0.32947
CVE-2026-73314,0.00452,0.38609
CVE-2026-73315,0.00272,0.19829
CVE-2026-73316,0.002,0.10225
CVE-2026-73317,0.00273,0.19908
CVE-2026-73318,0.00324,0.25651
CVE-2026-73319,0.00286,0.21386
CVE-2026-73320,0.00251,0.1686
CVE-2026-73321,0.004,0.34081
CVE-2026-73324,0.00213,0.11889
CVE-2026-73325,0.00261,0.18238
CVE-2026-73326,0.00274,0.20043
CVE-2026-73329,0.00229,0.13955
CVE-2026-73330,0.00587,0.46752
CVE-2026-73331,0.00264,0.18636
CVE-2026-73332,0.00229,0.13956
CVE-2026-73334,0.00376,0.3153
CVE-2026-73335,0.00128,0.02833
CVE-2026-73336,0.00194,0.09392
CVE-2026-73337,0.00267,0.19135
CVE-2026-73338,0.00237,0.14981
CVE-2026-73339,0.00383,0.3223
CVE-2026-73340,0.00156,0.05209
CVE-2026-73341,0.00386,0.3257
CVE-2026-73342,0.00237,0.14981
CVE-2026-73343,0.00801,0.55079
CVE-2026-73344,0.00167,0.0643
CVE-2026-73345,0.00274,0.19987
CVE-2026-73346,0.00279,0.20611
CVE-2026-73347,0.00268,0.19256
CVE-2026-73348,0.00188,0.08716
CVE-2026-73349,0.00208,0.11261
CVE-2026-73350,0.00395,0.33562
CVE-2026-73351,0.0018,0.07827
CVE-2026-73352,0.00248,0.16382
CVE-2026-73353,0.00221,0.12939
CVE-2026-73354,0.00146,0.04254
CVE-2026-73355,0.00383,0.3223
CVE-2026-73356,0.00254,0.17212
CVE-2026-73357,0.00156,0.0521
CVE-2026-73358,0.00237,0.14982
CVE-2026-73359,0.00211,0.11738
CVE-2026-73360,0.00237,0.14981
CVE-2026-73361,0.0018,0.07827
CVE-2026-73362,0.00237,0.14982
CVE-2026-73363,0.00174,0.07236
CVE-2026-73364,0.00313,0.24459
CVE-2026-73365,0.00383,0.32228
CVE-2026-73366,0.00525,0.43488
CVE-2026-73367,0.00248,0.16457
CVE-2026-73370,0.00477,0.40342
CVE-2026-73371,0.00208,0.1124
CVE-2026-73372,0.00208,0.11239
CVE-2026-73373,0.00361,0.29899
CVE-2026-73374,0.00359,0.29705
CVE-2026-73375,0.0018,0.07829
CVE-2026-73376,0.00386,0.32568
CVE-2026-73377,0.00323,0.2556
CVE-2026-73378,0.00237,0.14984
CVE-2026-73379,0.0021,0.11606
CVE-2026-73380,0.00525,0.43488
CVE-2026-73381,0.00511,0.42593
CVE-2026-73382,0.0023,0.14081
CVE-2026-73383,0.00352,0.28892
CVE-2026-73384,0.00245,0.16037
CVE-2026-73385,0.00202,0.10413
CVE-2026-73386,0.00245,0.16041
CVE-2026-73387,0.00282,0.20999
CVE-2026-73388,0.00236,0.1494
CVE-2026-73389,0.0032,0.25188
CVE-2026-73390,0.00274,0.20027
CVE-2026-73391,0.00241,0.15612
CVE-2026-73393,0.00237,0.14984
CVE-2026-73394,0.00202,0.10414
CVE-2026-73395,0.00318,0.2499
CVE-2026-73396,0.00385,0.32475
CVE-2026-73397,0.00386,0.32568
CVE-2026-73398,0.00295,0.22404
CVE-2026-73399,0.00399,0.33989
CVE-2026-73400,0.00435,0.37283
CVE-2026-73401,0.00208,0.1126
CVE-2026-73402,0.00211,0.11738
CVE-2026-73403,0.00208,0.1126
CVE-2026-73404,0.00326,0.25917
CVE-2026-73405,0.00285,0.21263
CVE-2026-73406,0.00473,0.4007
CVE-2026-73407,0.0052,0.4315
CVE-2026-73408,0.0033,0.26368
CVE-2026-73409,0.00243,0.1578
CVE-2026-73410,0.00171,0.06838
CVE-2026-73411,0.00336,0.27049
CVE-2026-73412,0.00348,0.28467
CVE-2026-73413,0.00336,0.2705
CVE-2026-73414,0.00524,0.43408
CVE-2026-73415,0.00574,0.46127
CVE-2026-73416,0.00487,0.4102
CVE-2026-73417,0.00552,0.44974
CVE-2026-73418,0.00461,0.39215
CVE-2026-73419,0.00193,0.09286
CVE-2026-73420,0.00528,0.43646
CVE-2026-73421,0.00459,0.39069
CVE-2026-73422,0.00394,0.33456
CVE-2026-73423,0.00182,0.08091
CVE-2026-73424,0.00275,0.20138
CVE-2026-73425,0.00171,0.06872
CVE-2026-73426,0.00245,0.16065
CVE-2026-73427,0.00326,0.25929
CVE-2026-73428,0.00203,0.10539
CVE-2026-73429,0.00354,0.29133
CVE-2026-73430,0.00332,0.26635
CVE-2026-73431,0.00279,0.20592
CVE-2026-73432,0.00242,0.15718
CVE-2026-73433,0.00143,0.0396
CVE-2026-73434,0.00143,0.03959
CVE-2026-73435,0.00163,0.05973
CVE-2026-73436,0.00234,0.146
CVE-2026-73437,0.00196,0.09587
CVE-2026-73438,0.00214,0.12076
CVE-2026-73439,0.00332,0.2662
CVE-2026-73440,0.00255,0.17468
CVE-2026-73442,0.00209,0.11454
CVE-2026-73443,0.00273,0.1995
CVE-2026-73444,0.00299,0.2276
CVE-2026-73445,0.00326,0.25927
CVE-2026-73446,0.00247,0.16353
CVE-2026-73447,0.00756,0.53649
CVE-2026-73449,0.00145,0.04214
CVE-2026-73450,0.00132,0.03151
CVE-2026-73451,0.00177,0.07552
CVE-2026-73453,0.00746,0.53307
CVE-2026-73454,0.00296,0.22454
CVE-2026-73455,0.00476,0.4025
CVE-2026-73456,0.00746,0.53307
CVE-2026-73457,0.00317,0.24845
CVE-2026-73458,0.00383,0.32252
CVE-2026-73459,0.00164,0.06022
CVE-2026-73460,0.00183,0.08193
CVE-2026-73461,0.00298,0.22719
CVE-2026-73462,0.00244,0.15967
CVE-2026-73463,0.00199,0.10023
CVE-2026-73464,0.00483,0.40718
CVE-2026-73465,0.00094,0.00685
CVE-2026-73466,0.00094,0.00685
CVE-2026-73467,0.00094,0.00686
CVE-2026-73468,0.00252,0.17056
CVE-2026-73469,0.00294,0.2224
CVE-2026-73470,0.00477,0.4034
CVE-2026-73474,0.00252,0.16992
CVE-2026-73475,0.00232,0.14383
CVE-2026-73476,0.00175,0.07318
CVE-2026-73477,0.00187,0.08592
CVE-2026-73478,0.00187,0.08591
CVE-2026-73479,0.00118,0.01952
CVE-2026-73480,0.00118,0.01933
CVE-2026-73481,0.00149,0.04515
CVE-2026-73482,0.00244,0.159
CVE-2026-73483,0.00621,0.4837
CVE-2026-73484,0.00443,0.37948
CVE-2026-73485,0.00631,0.48812
CVE-2026-73486,0.00677,0.50808
CVE-2026-73487,0.0096,0.60001
CVE-2026-73488,0.00321,0.25283
CVE-2026-73489,0.00315,0.24643
CVE-2026-73490,0.0018,0.07868
CVE-2026-73491,0.00245,0.16023
CVE-2026-73492,0.00245,0.16022
CVE-2026-73493,0.00346,0.28219
CVE-2026-73494,0.00374,0.31312
CVE-2026-73495,0.00289,0.2176
CVE-2026-73496,0.00327,0.26047
CVE-2026-73497,0.00232,0.14345
CVE-2026-73498,0.00403,0.34394
CVE-2026-73499,0.00365,0.30357
CVE-2026-73500,0.00396,0.33665
CVE-2026-73501,0.00426,0.36505
CVE-2026-73502,0.00451,0.38554
CVE-2026-73505,0.00219,0.12682
CVE-2026-73506,0.0019,0.08988
CVE-2026-73507,0.00455,0.38806
CVE-2026-73508,0.00333,0.26715
CVE-2026-73509,0.00446,0.38195
CVE-2026-73514,0.00607,0.47685
CVE-2026-73515,0.00566,0.45739
CVE-2026-73519,0.00786,0.54589
CVE-2026-73522,0.02361,0.83008
CVE-2026-73523,0.00324,0.25664
CVE-2026-73524,0.00253,0.1712
CVE-2026-73529,0.00298,0.22667
CVE-2026-73530,0.00397,0.33689
CVE-2026-73531,0.00205,0.1081
CVE-2026-73532,0.00463,0.39368
CVE-2026-73533,0.00448,0.38326
CVE-2026-73537,0.00186,0.08463
CVE-2026-73541,0.00421,0.36068
CVE-2026-73542,0.0011,0.01469
CVE-2026-73555,0.00255,0.17451
CVE-2026-73556,0.00315,0.24596
CVE-2026-73557,0.00251,0.16843
CVE-2026-73558,0.00326,0.25904
CVE-2026-73559,0.00472,0.39953
CVE-2026-73560,0.00319,0.25119
CVE-2026-73561,0.00524,0.43413
CVE-2026-73562,0.00369,0.30701
CVE-2026-73563,0.00201,0.10373
CVE-2026-73564,0.00487,0.41025
CVE-2026-73565,0.00388,0.328
CVE-2026-73566,0.0038,0.3185
CVE-2026-73567,0.00321,0.25381
CVE-2026-73568,0.00415,0.35477
CVE-2026-73569,0.00372,0.31054
CVE-2026-73570,0.32383,0.98252
CVE-2026-73571,0.00155,0.05006
CVE-2026-73572,0.00155,0.05012
CVE-2026-73573,0.00301,0.22977
CVE-2026-73574,0.00197,0.09797
CVE-2026-73575,0.00106,0.01265
CVE-2026-73576,0.00194,0.09387
CVE-2026-73579,0.00477,0.40341
CVE-2026-73583,0.00092,0.00588
CVE-2026-73584,0.0009,0.00528
CVE-2026-73585,0.00102,0.01076
CVE-2026-73600,0.00183,0.08196
CVE-2026-73601,0.00883,0.57616
CVE-2026-73602,0.00845,0.5643
CVE-2026-73603,0.00338,0.2729
CVE-2026-73604,0.00357,0.29523
CVE-2026-73605,0.00194,0.09434
CVE-2026-73606,0.00194,0.09432
CVE-2026-73607,0.00194,0.09434
CVE-2026-73608,0.00241,0.15601
CVE-2026-73609,0.00194,0.09434
CVE-2026-73610,0.00201,0.10268
CVE-2026-73611,0.00336,0.27079
CVE-2026-73612,0.00338,0.27329
CVE-2026-73613,0.00364,0.3021
CVE-2026-73614,0.00448,0.38296
CVE-2026-73615,0.0046,0.39121
CVE-2026-73616,0.00181,0.07978
CVE-2026-73617,0.00202,0.10474
CVE-2026-73618,0.0029,0.21854
CVE-2026-73619,0.00291,0.21974
CVE-2026-73620,0.00358,0.2956
CVE-2026-73621,0.00211,0.11653
CVE-2026-73622,0.00354,0.29134
CVE-2026-73623,0.00961,0.60079
CVE-2026-73624,0.00334,0.26924
CVE-2026-73625,0.00653,0.49827
CVE-2026-73626,0.00214,0.12089
CVE-2026-73627,0.00249,0.16592
CVE-2026-73628,0.00189,0.08784
CVE-2026-73629,0.00189,0.08743
CVE-2026-73630,0.00205,0.10853
CVE-2026-73631,0.00262,0.18316
CVE-2026-73632,0.00262,0.18316
CVE-2026-73633,0.00601,0.47434
CVE-2026-73634,0.00425,0.36384
CVE-2026-73635,0.00451,0.38553
CVE-2026-73638,0.00176,0.07451
CVE-2026-73639,0.00176,0.07451
CVE-2026-73643,0.00344,0.27991
CVE-2026-73644,0.00294,0.22278
CVE-2026-73645,0.00384,0.32284
CVE-2026-73646,0.00377,0.31546
CVE-2026-73647,0.0038,0.31902
CVE-2026-73648,0.00396,0.33585
CVE-2026-73649,0.00636,0.49042
CVE-2026-73650,0.00242,0.15746
CVE-2026-73651,0.00233,0.14435
CVE-2026-73652,0.00207,0.11162
CVE-2026-73653,0.00644,0.49428
CVE-2026-73654,0.00404,0.34462
CVE-2026-73655,0.0046,0.39133
CVE-2026-73656,0.00342,0.27829
CVE-2026-73657,0.0016,0.05611
CVE-2026-73658,0.00408,0.3483
CVE-2026-73659,0.00423,0.36219
CVE-2026-73660,0.00444,0.38032
CVE-2026-73661,0.00335,0.26989
CVE-2026-73662,0.00659,0.50086
CVE-2026-73663,0.00954,0.59827
CVE-2026-73664,0.00653,0.49852
CVE-2026-73665,0.00295,0.22393
CVE-2026-73666,0.00481,0.40611
CVE-2026-73667,0.00615,0.48084
CVE-2026-73668,0.00477,0.40342
CVE-2026-73669,0.00368,0.30667
CVE-2026-73670,0.00398,0.33836
CVE-2026-73671,0.00223,0.13224
CVE-2026-73673,0.00511,0.42587
CVE-2026-73678,0.01144,0.65285
CVE-2026-73679,0.0061,0.47824
CVE-2026-73680,0.01476,0.72699
CVE-2026-73683,0.00441,0.37784
CVE-2026-73693,0.01797,0.77465
CVE-2026-73694,0.01806,0.77589
CVE-2026-73698,0.0045,0.3844
CVE-2026-73699,0.00538,0.44248
CVE-2026-73700,0.00313,0.24417
CVE-2026-73701,0.00524,0.43419
CVE-2026-73702,0.00286,0.2138
CVE-2026-73703,0.00202,0.10389
CVE-2026-73704,0.00318,0.25024
CVE-2026-73705,0.00348,0.28463
CVE-2026-73706,0.00281,0.20911
CVE-2026-73707,0.00195,0.09465
CVE-2026-73708,0.00256,0.1759
CVE-2026-73709,0.00207,0.11177
CVE-2026-73710,0.00272,0.19867
CVE-2026-73711,0.0029,0.21776
CVE-2026-73712,0.00401,0.3419
CVE-2026-73713,0.00109,0.01387
CVE-2026-73714,0.00229,0.14043
CVE-2026-73715,0.00404,0.34422
CVE-2026-73716,0.00457,0.38934
CVE-2026-73717,0.00685,0.51167
CVE-2026-73718,0.00185,0.08406
CVE-2026-73719,0.00462,0.39284
CVE-2026-73720,0.00699,0.51664
CVE-2026-73721,0.00366,0.30458
CVE-2026-73722,0.00957,0.59933
CVE-2026-73723,0.00347,0.2834
CVE-2026-73724,0.0024,0.15412
CVE-2026-73725,0.00086,0.00379
CVE-2026-73726,0.00169,0.06697
CVE-2026-73727,0.00201,0.10276
CVE-2026-73728,0.0024,0.15411
CVE-2026-73729,0.00092,0.00596
CVE-2026-73730,0.00174,0.07236
CVE-2026-73731,0.00193,0.0929
CVE-2026-73732,0.00087,0.00416
CVE-2026-73733,0.0018,0.07876
CVE-2026-73734,0.00234,0.14588
CVE-2026-73735,0.0016,0.05667
CVE-2026-73736,0.00251,0.16848
CVE-2026-73737,0.00144,0.04092
CVE-2026-73738,0.00085,0.00375
CVE-2026-73739,0.00113,0.01636
CVE-2026-73740,0.00093,0.0067
CVE-2026-73741,0.00169,0.06655
CVE-2026-73742,0.00152,0.04754
CVE-2026-73743,0.00146,0.04272
CVE-2026-73744,0.00167,0.06405
CVE-2026-73745,0.00188,0.08636
CVE-2026-73746,0.00183,0.08201
CVE-2026-73747,0.00074,0.00092
CVE-2026-73748,0.00109,0.01373
CVE-2026-73749,0.00487,0.40989
CVE-2026-73750,0.00461,0.39208
CVE-2026-73751,0.00376,0.31509
CVE-2026-73752,0.00322,0.25506
CVE-2026-73753,0.00376,0.31509
CVE-2026-73754,0.00261,0.1826
CVE-2026-73755,0.00233,0.14495
CVE-2026-73756,0.00212,0.11869
CVE-2026-73757,0.00287,0.21522
CVE-2026-73758,0.00228,0.13823
CVE-2026-73759,0.002,0.10203
CVE-2026-73760,0.00435,0.37228
CVE-2026-73761,0.002,0.10206
CVE-2026-73762,0.00219,0.12668
CVE-2026-73763,0.00334,0.26801
CVE-2026-73764,0.00213,0.11897
CVE-2026-73765,0.00652,0.49788
CVE-2026-73766,0.01051,0.62798
CVE-2026-73767,0.01016,0.61787
CVE-2026-73768,0.00122,0.02302
CVE-2026-73769,0.01025,0.62068
CVE-2026-73770,0.00149,0.04451
CVE-2026-73771,0.00297,0.22578
CVE-2026-73772,0.00181,0.07921
CVE-2026-73773,0.00263,0.18426
CVE-2026-73774,0.00191,0.09005
CVE-2026-73775,0.00272,0.19866
CVE-2026-73776,0.00087,0.00423
CVE-2026-73777,0.00268,0.19167
CVE-2026-73778,0.00281,0.20842
CVE-2026-73779,0.00172,0.06965
CVE-2026-73780,0.00134,0.03302
CVE-2026-73781,0.00281,0.20836
CVE-2026-73782,0.00269,0.19335
CVE-2026-73783,0.00255,0.17482
CVE-2026-73784,0.00177,0.07519
CVE-2026-73785,0.00404,0.34423
CVE-2026-73786,0.00327,0.26071
CVE-2026-73787,0.00814,0.55508
CVE-2026-73788,0.00212,0.11876
CVE-2026-73789,0.00298,0.22693
CVE-2026-73807,0.00651,0.49774
CVE-2026-73809,0.00167,0.06371
CVE-2026-73812,0.00301,0.23032
CVE-2026-73819,0.00528,0.43651
CVE-2026-73827,0.00169,0.06662
CVE-2026-73829,0.00192,0.09173
CVE-2026-73834,0.00085,0.00347
CVE-2026-73839,0.00153,0.04816
CVE-2026-73840,0.00237,0.15033
CVE-2026-73841,0.00549,0.44811
CVE-2026-73842,0.0018,0.07803
CVE-2026-73843,0.00291,0.21943
CVE-2026-73844,0.00223,0.13167
CVE-2026-73845,0.00224,0.13311
CVE-2026-73846,0.00167,0.06433
CVE-2026-73847,0.00197,0.09728
CVE-2026-73848,0.00323,0.25583
CVE-2026-73849,0.00591,0.46933
CVE-2026-73850,0.00329,0.26251
CVE-2026-73851,0.01479,0.72747
CVE-2026-73863,0.00275,0.20127
CVE-2026-73865,0.00307,0.23691
CVE-2026-73866,0.00396,0.3367
CVE-2026-73867,0.00261,0.18153
CVE-2026-73868,0.00261,0.18154
CVE-2026-73869,0.00179,0.0768
CVE-2026-73870,0.00179,0.07679
CVE-2026-73871,0.00237,0.15019
CVE-2026-73872,0.00237,0.15019
CVE-2026-73873,0.00181,0.07945
CVE-2026-73874,0.00172,0.06913
CVE-2026-73875,0.00261,0.18154
CVE-2026-73876,0.00261,0.18152
CVE-2026-73877,0.00306,0.23548
CVE-2026-73878,0.00418,0.35801
CVE-2026-73879,0.0033,0.26362
CVE-2026-73880,0.00166,0.06337
CVE-2026-73881,0.00222,0.13008
CVE-2026-73882,0.00337,0.27228
CVE-2026-73883,0.00418,0.358
CVE-2026-73884,0.00418,0.35801
CVE-2026-73885,0.00261,0.18151
CVE-2026-73886,0.00261,0.18154
CVE-2026-73887,0.00307,0.23691
CVE-2026-73888,0.00306,0.23546
CVE-2026-73889,0.00306,0.23547
CVE-2026-73890,0.00312,0.24277
CVE-2026-73891,0.00228,0.13863
CVE-2026-73892,0.00202,0.1042
CVE-2026-73893,0.00261,0.18153
CVE-2026-73894,0.00294,0.22301
CVE-2026-73895,0.00306,0.23545
CVE-2026-73896,0.00346,0.28202
CVE-2026-73897,0.00261,0.18154
CVE-2026-73898,0.00231,0.14174
CVE-2026-73899,0.00306,0.23549
CVE-2026-73900,0.00237,0.15018
CVE-2026-73901,0.00175,0.07299
CVE-2026-73902,0.00312,0.24277
CVE-2026-73903,0.0033,0.26362
CVE-2026-73904,0.00202,0.1042
CVE-2026-73905,0.00354,0.29222
CVE-2026-73906,0.00306,0.23549
CVE-2026-73907,0.00396,0.33675
CVE-2026-73908,0.00307,0.23692
CVE-2026-73909,0.00261,0.18147
CVE-2026-73910,0.00237,0.15019
CVE-2026-73911,0.00172,0.06913
CVE-2026-73912,0.00362,0.29989
CVE-2026-73913,0.00222,0.13008
CVE-2026-73914,0.00268,0.19193
CVE-2026-73915,0.00312,0.24278
CVE-2026-73916,0.00405,0.34519
CVE-2026-73917,0.00396,0.33668
CVE-2026-73918,0.00294,0.22301
CVE-2026-73919,0.00222,0.13009
CVE-2026-73920,0.00328,0.2616
CVE-2026-73921,0.00354,0.2922
CVE-2026-73922,0.00313,0.24476
CVE-2026-73923,0.00195,0.09495
CVE-2026-73924,0.00313,0.24476
CVE-2026-73925,0.00237,0.15019
CVE-2026-73926,0.00274,0.20066
CVE-2026-73927,0.00416,0.3561
CVE-2026-73928,0.00261,0.18153
CVE-2026-73929,0.00307,0.23744
CVE-2026-73930,0.00379,0.3175
CVE-2026-73931,0.00238,0.15168
CVE-2026-73932,0.00289,0.2172
CVE-2026-73933,0.00228,0.13863
CVE-2026-73934,0.00312,0.24277
CVE-2026-73935,0.00312,0.24277
CVE-2026-73936,0.00416,0.35611
CVE-2026-73937,0.00386,0.3254
CVE-2026-73938,0.00396,0.33668
CVE-2026-73939,0.0033,0.26362
CVE-2026-73940,0.0045,0.38461
CVE-2026-73941,0.00299,0.2283
CVE-2026-73942,0.00389,0.32876
CVE-2026-73943,0.00244,0.15918
CVE-2026-73944,0.00308,0.23757
CVE-2026-73945,0.00286,0.21378
CVE-2026-73946,0.00316,0.24797
CVE-2026-73947,0.00331,0.26447
CVE-2026-73948,0.00389,0.32876
CVE-2026-73949,0.00389,0.32876
CVE-2026-73950,0.0045,0.38463
CVE-2026-73951,0.00373,0.31218
CVE-2026-73952,0.00308,0.23756
CVE-2026-73953,0.00355,0.29296
CVE-2026-73954,0.00271,0.19776
CVE-2026-73955,0.00219,0.12714
CVE-2026-73956,0.00483,0.40732
CVE-2026-73957,0.00277,0.20376
CVE-2026-73958,0.00291,0.21955
CVE-2026-73959,0.00417,0.35698
CVE-2026-73960,0.00441,0.37722
CVE-2026-73961,0.00483,0.40728
CVE-2026-73962,0.00266,0.18802
CVE-2026-73963,0.00355,0.29296
CVE-2026-73965,0.00226,0.13544
CVE-2026-73966,0.0034,0.27517
CVE-2026-73973,0.00299,0.22758
CVE-2026-73974,0.002,0.10235
CVE-2026-73992,0.00736,0.52971
CVE-2026-73993,0.00386,0.32568
CVE-2026-73994,0.00323,0.2556
CVE-2026-73995,0.00345,0.28155
CVE-2026-73996,0.00358,0.29565
CVE-2026-73997,0.00428,0.36635
CVE-2026-73998,0.00342,0.27842
CVE-2026-73999,0.00209,0.11414
CVE-2026-74000,0.00214,0.12062
CVE-2026-74001,0.00404,0.34437
CVE-2026-74002,0.00214,0.12063
CVE-2026-74003,0.00243,0.1585
CVE-2026-74004,0.0022,0.12861
CVE-2026-74005,0.00104,0.01158
CVE-2026-74006,0.00185,0.0837
CVE-2026-74007,0.0024,0.15454
CVE-2026-74008,0.0024,0.15455
CVE-2026-74009,0.00282,0.20915
CVE-2026-74010,0.00188,0.08681
CVE-2026-74011,0.00226,0.13611
CVE-2026-74012,0.00482,0.40709
CVE-2026-74013,0.00342,0.27841
CVE-2026-74014,0.00447,0.38216
CVE-2026-74015,0.00291,0.21961
CVE-2026-74016,0.00447,0.38215
CVE-2026-74017,0.00228,0.13802
CVE-2026-74018,0.00447,0.38215
CVE-2026-74019,0.00211,0.11708
CVE-2026-74020,0.00287,0.21462
CVE-2026-74021,0.00287,0.21462
CVE-2026-74038,0.0047,0.39791
CVE-2026-74039,0.0033,0.2633
CVE-2026-74044,0.00415,0.35524
CVE-2026-74046,0.00345,0.28177
CVE-2026-74232,0.00474,0.4016
CVE-2026-74233,0.02633,0.84859
CVE-2026-74235,0.00559,0.45373
CVE-2026-74236,0.00644,0.49426
CVE-2026-74237,0.00232,0.14366
CVE-2026-74238,0.00375,0.31351
CVE-2026-74239,0.00695,0.51524
CVE-2026-74240,0.00173,0.07011
CVE-2026-74241,0.00183,0.08149
CVE-2026-74242,0.00259,0.17934
CVE-2026-74243,0.00265,0.18695
CVE-2026-74244,0.00141,0.03843
CVE-2026-74245,0.00305,0.23481
CVE-2026-74247,0.00145,0.04123
CVE-2026-74248,0.00208,0.11298
CVE-2026-74250,0.00254,0.17289
CVE-2026-74251,0.00372,0.31082
CVE-2026-74252,0.00416,0.35608
CVE-2026-74253,0.00323,0.25583
CVE-2026-74254,0.00281,0.20831
CVE-2026-74255,0.00506,0.42232
CVE-2026-74256,0.00185,0.08362
CVE-2026-74257,0.00124,0.02454
CVE-2026-74258,0.00154,0.04945
CVE-2026-74260,0.00154,0.04942
CVE-2026-74261,0.00198,0.09892
CVE-2026-74262,0.00136,0.03421
CVE-2026-74263,0.00168,0.06509
CVE-2026-74264,0.00162,0.05806
CVE-2026-74265,0.00211,0.11743
CVE-2026-74266,0.00198,0.09897
CVE-2026-74267,0.00714,0.52213
CVE-2026-74268,0.00695,0.51517
CVE-2026-74269,0.0038,0.31851
CVE-2026-74270,0.00128,0.02862
CVE-2026-74271,0.00206,0.10974
CVE-2026-74272,0.00155,0.05122
CVE-2026-74273,0.00155,0.05126
CVE-2026-74274,0.00173,0.0703
CVE-2026-74275,0.00131,0.03091
CVE-2026-74276,0.00177,0.07488
CVE-2026-74277,0.00154,0.04945
CVE-2026-74278,0.00168,0.0651
CVE-2026-74279,0.00514,0.42783
CVE-2026-74280,0.00695,0.51518
CVE-2026-74281,0.00662,0.50207
CVE-2026-74282,0.00677,0.50833
CVE-2026-74283,0.00164,0.06043
CVE-2026-74284,0.00216,0.12353
CVE-2026-74285,0.0012,0.02123
CVE-2026-74286,0.00168,0.06509
CVE-2026-74287,0.00514,0.42781
CVE-2026-74288,0.00129,0.02949
CVE-2026-74289,0.0012,0.02144
CVE-2026-74290,0.00173,0.0702
CVE-2026-74291,0.00155,0.05128
CVE-2026-74292,0.00126,0.0262
CVE-2026-74293,0.00129,0.02952
CVE-2026-74294,0.00114,0.01728
CVE-2026-74295,0.00126,0.02622
CVE-2026-74296,0.00129,0.02941
CVE-2026-74297,0.00129,0.02946
CVE-2026-74298,0.00155,0.05124
CVE-2026-74299,0.00155,0.0509
CVE-2026-74300,0.00256,0.17639
CVE-2026-74301,0.00168,0.06509
CVE-2026-74302,0.00125,0.02557
CVE-2026-74303,0.00168,0.06475
CVE-2026-74304,0.00155,0.05125
CVE-2026-74305,0.00129,0.02947
CVE-2026-74306,0.00129,0.02885
CVE-2026-74307,0.00166,0.06311
CVE-2026-74308,0.00168,0.06509
CVE-2026-74309,0.00442,0.3785
CVE-2026-74310,0.00138,0.03543
CVE-2026-74311,0.00127,0.02745
CVE-2026-74312,0.00129,0.02947
CVE-2026-74313,0.00126,0.02608
CVE-2026-74314,0.00129,0.02913
CVE-2026-74315,0.0038,0.31851
CVE-2026-74316,0.00441,0.37708
CVE-2026-74317,0.0012,0.02142
CVE-2026-74318,0.00168,0.06517
CVE-2026-74319,0.00155,0.05125
CVE-2026-74320,0.00177,0.0749
CVE-2026-74321,0.00501,0.41923
CVE-2026-74322,0.00166,0.06309
CVE-2026-74323,0.00239,0.15255
CVE-2026-74324,0.00166,0.0631
CVE-2026-74325,0.00127,0.02738
CVE-2026-74326,0.00155,0.05123
CVE-2026-74327,0.00173,0.07018
CVE-2026-74328,0.0012,0.02145
CVE-2026-74329,0.00173,0.07021
CVE-2026-74330,0.00129,0.02957
CVE-2026-74331,0.0019,0.08956
CVE-2026-74332,0.00142,0.03861
CVE-2026-74333,0.00142,0.03892
CVE-2026-74334,0.00129,0.02942
CVE-2026-74335,0.00166,0.06303
CVE-2026-74336,0.00155,0.05127
CVE-2026-74337,0.00166,0.06304
CVE-2026-74338,0.00128,0.02799
CVE-2026-74339,0.00173,0.07028
CVE-2026-74340,0.00274,0.20025
CVE-2026-74341,0.00338,0.27337
CVE-2026-74342,0.00155,0.05122
CVE-2026-74343,0.0012,0.02143
CVE-2026-74344,0.00127,0.02744
CVE-2026-74345,0.00444,0.38037
CVE-2026-74346,0.00173,0.07017
CVE-2026-74347,0.0012,0.02145
CVE-2026-74348,0.00177,0.0749
CVE-2026-74349,0.00126,0.02648
CVE-2026-74350,0.0038,0.31852
CVE-2026-74351,0.00177,0.0749
CVE-2026-74352,0.00168,0.06511
CVE-2026-74353,0.00168,0.06511
CVE-2026-74354,0.0012,0.02146
CVE-2026-74355,0.00132,0.03185
CVE-2026-74356,0.00232,0.14428
CVE-2026-74357,0.0012,0.02121
CVE-2026-74358,0.00166,0.06308
CVE-2026-74359,0.00126,0.02603
CVE-2026-74360,0.00166,0.06309
CVE-2026-74361,0.00442,0.37851
CVE-2026-74362,0.00168,0.06512
CVE-2026-74363,0.00126,0.02612
CVE-2026-74364,0.00132,0.03176
CVE-2026-74365,0.00132,0.03169
CVE-2026-74366,0.00166,0.06311
CVE-2026-74367,0.0012,0.02143
CVE-2026-74368,0.00155,0.05129
CVE-2026-74369,0.00155,0.05086
CVE-2026-74370,0.00155,0.05128
CVE-2026-74371,0.00129,0.02875
CVE-2026-74372,0.00166,0.06302
CVE-2026-74373,0.00173,0.0703
CVE-2026-74374,0.00344,0.2799
CVE-2026-74375,0.00155,0.05127
CVE-2026-74376,0.00502,0.41996
CVE-2026-74377,0.00129,0.02942
CVE-2026-74378,0.00143,0.03951
CVE-2026-74379,0.00173,0.07028
CVE-2026-74380,0.00129,0.02953
CVE-2026-74381,0.00173,0.07028
CVE-2026-74382,0.00195,0.09514
CVE-2026-74383,0.00142,0.03939
CVE-2026-74384,0.00514,0.42779
CVE-2026-74385,0.00426,0.36495
CVE-2026-74386,0.00168,0.06601
CVE-2026-74387,0.00126,0.0261
CVE-2026-74388,0.00124,0.02451
CVE-2026-74389,0.00168,0.06511
CVE-2026-74390,0.0013,0.02991
CVE-2026-74391,0.00168,0.066
CVE-2026-74392,0.00156,0.05201
CVE-2026-74393,0.00168,0.06512
CVE-2026-74394,0.0054,0.44316
CVE-2026-74395,0.00177,0.07489
CVE-2026-74396,0.00512,0.42657
CVE-2026-74397,0.00129,0.02932
CVE-2026-74398,0.00514,0.42779
CVE-2026-74399,0.00173,0.07029
CVE-2026-74400,0.00166,0.06302
CVE-2026-74401,0.00444,0.38037
CVE-2026-74402,0.00177,0.07557
CVE-2026-74403,0.00121,0.022
CVE-2026-74404,0.00142,0.03944
CVE-2026-74405,0.00128,0.02785
CVE-2026-74406,0.00491,0.41269
CVE-2026-74407,0.00218,0.12588
CVE-2026-74408,0.00262,0.18378
CVE-2026-74409,0.0024,0.15369
CVE-2026-74410,0.00278,0.2055
CVE-2026-74411,0.00254,0.17217
CVE-2026-74412,0.0024,0.15369
CVE-2026-74413,0.0024,0.1537
CVE-2026-74414,0.00155,0.05129
CVE-2026-74415,0.00155,0.0513
CVE-2026-74416,0.00177,0.07555
CVE-2026-74417,0.0012,0.0208
CVE-2026-74418,0.00154,0.04912
CVE-2026-74419,0.0011,0.01457
CVE-2026-74420,0.00155,0.05066
CVE-2026-74421,0.00155,0.05065
CVE-2026-74422,0.00145,0.04203
CVE-2026-74423,0.00155,0.05021
CVE-2026-74424,0.00161,0.0577
CVE-2026-74425,0.00346,0.28218
CVE-2026-74426,0.00165,0.06196
CVE-2026-74427,0.00404,0.34447
CVE-2026-74428,0.00347,0.28378
CVE-2026-74429,0.00335,0.26933
CVE-2026-74430,0.00339,0.27436
CVE-2026-74431,0.00335,0.26931
CVE-2026-74432,0.00156,0.05233
CVE-2026-74433,0.00347,0.28378
CVE-2026-74434,0.00337,0.27271
CVE-2026-74435,0.00346,0.28218
CVE-2026-74436,0.00399,0.33934
CVE-2026-74437,0.00155,0.05019
CVE-2026-74438,0.00133,0.03208
CVE-2026-74439,0.00134,0.03271
CVE-2026-74440,0.00129,0.02879
CVE-2026-74441,0.00173,0.07017
CVE-2026-74442,0.00168,0.06516
CVE-2026-74443,0.00129,0.0294
CVE-2026-74444,0.00129,0.02953
CVE-2026-74445,0.00168,0.06515
CVE-2026-74446,0.00129,0.02944
CVE-2026-74447,0.00129,0.02878
CVE-2026-74448,0.00168,0.06516
CVE-2026-74449,0.0012,0.02142
CVE-2026-74450,0.00126,0.02612
CVE-2026-74451,0.00129,0.02871
CVE-2026-74452,0.00142,0.03895
CVE-2026-74453,0.00129,0.02945
CVE-2026-74454,0.00129,0.02941
CVE-2026-74455,0.00177,0.07497
CVE-2026-74456,0.00129,0.02955
CVE-2026-74457,0.00177,0.07497
CVE-2026-74458,0.00177,0.07494
CVE-2026-74459,0.00173,0.07027
CVE-2026-74460,0.00173,0.07029
CVE-2026-74461,0.00138,0.03542
CVE-2026-74462,0.00166,0.06307
CVE-2026-74463,0.00177,0.07499
CVE-2026-74464,0.00177,0.07498
CVE-2026-74465,0.00126,0.02601
CVE-2026-74466,0.0017,0.06765
CVE-2026-74467,0.00129,0.02944
CVE-2026-74468,0.0018,0.07898
CVE-2026-74469,0.00469,0.39722
CVE-2026-74470,0.00129,0.02944
CVE-2026-74471,0.00126,0.026
CVE-2026-74472,0.00173,0.07027
CVE-2026-74473,0.00525,0.43463
CVE-2026-74474,0.00491,0.41269
CVE-2026-74475,0.00454,0.38775
CVE-2026-74476,0.00491,0.41269
CVE-2026-74477,0.00166,0.06306
CVE-2026-74478,0.00573,0.46053
CVE-2026-74479,0.00126,0.02604
CVE-2026-74480,0.0056,0.45414
CVE-2026-74481,0.00132,0.03177
CVE-2026-74482,0.00126,0.02604
CVE-2026-74483,0.00168,0.06516
CVE-2026-74484,0.00168,0.06514
CVE-2026-74485,0.00126,0.0262
CVE-2026-74486,0.00177,0.075
CVE-2026-74487,0.00177,0.07497
CVE-2026-74488,0.00255,0.17419
CVE-2026-74489,0.00218,0.12588
CVE-2026-74490,0.00455,0.3885
CVE-2026-74491,0.00166,0.06306
CVE-2026-74492,0.00142,0.03862
CVE-2026-74493,0.005,0.41835
CVE-2026-74494,0.00173,0.07023
CVE-2026-74495,0.00514,0.42782
CVE-2026-74496,0.0012,0.02139
CVE-2026-74497,0.00142,0.03862
CVE-2026-74498,0.00177,0.07496
CVE-2026-74499,0.00177,0.075
CVE-2026-74500,0.00168,0.06515
CVE-2026-74501,0.00168,0.06515
CVE-2026-74502,0.00168,0.06515
CVE-2026-74503,0.00129,0.02871
CVE-2026-74504,0.00168,0.06516
CVE-2026-74505,0.00177,0.07494
CVE-2026-74506,0.00124,0.02455
CVE-2026-74507,0.00242,0.15704
CVE-2026-74508,0.00262,0.18378
CVE-2026-74509,0.00249,0.16585
CVE-2026-74510,0.00139,0.03687
CVE-2026-74512,0.00126,0.02609
CVE-2026-74513,0.00124,0.02451
CVE-2026-74514,0.00173,0.07027
CVE-2026-74515,0.00129,0.02939
CVE-2026-74516,0.00135,0.03327
CVE-2026-74517,0.00138,0.03542
CVE-2026-74518,0.00126,0.02607
CVE-2026-74519,0.00146,0.04238
CVE-2026-74520,0.00127,0.02746
CVE-2026-74521,0.00315,0.24609
CVE-2026-74522,0.00435,0.37261
CVE-2026-74523,0.00501,0.41922
CVE-2026-74524,0.00168,0.06518
CVE-2026-74525,0.00177,0.07499
CVE-2026-74526,0.00155,0.0513
CVE-2026-74527,0.0012,0.0214
CVE-2026-74528,0.0023,0.14109
CVE-2026-74529,0.0012,0.0214
CVE-2026-74530,0.00218,0.12587
CVE-2026-74531,0.00254,0.17217
CVE-2026-74532,0.00168,0.06517
CVE-2026-74533,0.00218,0.12588
CVE-2026-74534,0.00239,0.15255
CVE-2026-74535,0.00241,0.15636
CVE-2026-74536,0.00168,0.06517
CVE-2026-74537,0.00239,0.15254
CVE-2026-74538,0.00239,0.15254
CVE-2026-74539,0.00249,0.16531
CVE-2026-74540,0.00255,0.17421
CVE-2026-74541,0.00247,0.16266
CVE-2026-74542,0.00155,0.05123
CVE-2026-74543,0.00168,0.06601
CVE-2026-74544,0.00121,0.022
CVE-2026-74545,0.00457,0.38968
CVE-2026-74546,0.00173,0.07024
CVE-2026-74547,0.00177,0.07556
CVE-2026-74548,0.00126,0.02599
CVE-2026-74549,0.0013,0.0299
CVE-2026-74550,0.00479,0.40474
CVE-2026-74551,0.00129,0.02938
CVE-2026-74552,0.00173,0.07024
CVE-2026-74553,0.00161,0.0577
CVE-2026-74554,0.00204,0.10728
CVE-2026-74555,0.00161,0.05723
CVE-2026-74556,0.00399,0.33935
CVE-2026-74557,0.00329,0.26273
CVE-2026-74558,0.00145,0.04166
CVE-2026-74559,0.00166,0.06305
CVE-2026-74560,0.00155,0.05019
CVE-2026-74561,0.00112,0.0157
CVE-2026-74562,0.00113,0.01601
CVE-2026-74563,0.00117,0.01916
CVE-2026-74564,0.00118,0.01946
CVE-2026-74565,0.00117,0.01892
CVE-2026-74566,0.00165,0.06125
CVE-2026-74567,0.00117,0.01898
CVE-2026-74568,0.00122,0.02311
CVE-2026-74569,0.00388,0.32743
CVE-2026-74570,0.00308,0.23794
CVE-2026-74571,0.00145,0.04202
CVE-2026-74572,0.00346,0.28219
CVE-2026-74573,0.00131,0.03055
CVE-2026-74574,0.00122,0.02321
CVE-2026-74575,0.00238,0.15082
CVE-2026-74576,0.00376,0.31471
CVE-2026-74577,0.00165,0.06195
CVE-2026-74578,0.00146,0.04284
CVE-2026-74579,0.0012,0.02109
CVE-2026-74580,0.00121,0.02193
CVE-2026-74581,0.00399,0.33934
CVE-2026-74582,0.0012,0.02125
CVE-2026-74583,0.00117,0.01891
CVE-2026-74584,0.00131,0.03102
CVE-2026-74585,0.00177,0.07487
CVE-2026-74586,0.005,0.41834
CVE-2026-74587,0.005,0.41834
CVE-2026-74588,0.005,0.41834
CVE-2026-74589,0.00138,0.03542
CVE-2026-74590,0.00129,0.02882
CVE-2026-74591,0.00442,0.3785
CVE-2026-74592,0.00341,0.27729
CVE-2026-74593,0.00166,0.0631
CVE-2026-74594,0.00129,0.02946
CVE-2026-74595,0.00092,0.00613
CVE-2026-74596,0.00155,0.05124
CVE-2026-74597,0.00514,0.42783
CVE-2026-74598,0.00425,0.36409
CVE-2026-74599,0.00173,0.07024
CVE-2026-74600,0.00166,0.06306
CVE-2026-74601,0.00136,0.03387
CVE-2026-74602,0.00168,0.06519
CVE-2026-74603,0.00126,0.02623
CVE-2026-74604,0.00138,0.03542
CVE-2026-74605,0.0012,0.02139
CVE-2026-74606,0.00125,0.02558
CVE-2026-74607,0.00129,0.02947
CVE-2026-74608,0.00477,0.40359
CVE-2026-74609,0.00126,0.02607
CVE-2026-74610,0.00129,0.02883
CVE-2026-74611,0.00442,0.37849
CVE-2026-74612,0.00491,0.4127
CVE-2026-74613,0.00126,0.02598
CVE-2026-74614,0.00142,0.03861
CVE-2026-74615,0.00126,0.02613
CVE-2026-74616,0.00513,0.42686
CVE-2026-74617,0.00442,0.37849
CVE-2026-74618,0.00168,0.0652
CVE-2026-74619,0.00168,0.06519
CVE-2026-74620,0.00177,0.07491
CVE-2026-74621,0.0049,0.41193
CVE-2026-74622,0.00177,0.07491
CVE-2026-74623,0.00177,0.07488
CVE-2026-74624,0.00479,0.40472
CVE-2026-74625,0.00501,0.41919
CVE-2026-74626,0.00501,0.41919
CVE-2026-74627,0.00127,0.02737
CVE-2026-74628,0.005,0.41835
CVE-2026-74629,0.00239,0.15255
CVE-2026-74630,0.00128,0.02841
CVE-2026-74631,0.00138,0.03543
CVE-2026-74632,0.00129,0.0295
CVE-2026-74633,0.00166,0.0631
CVE-2026-74634,0.00125,0.02555
CVE-2026-74635,0.00129,0.02946
CVE-2026-74636,0.00173,0.07023
CVE-2026-74637,0.00126,0.02604
CVE-2026-74638,0.00166,0.06299
CVE-2026-74639,0.00166,0.0631
CVE-2026-74640,0.00127,0.02738
CVE-2026-74641,0.00129,0.0296
CVE-2026-74642,0.00168,0.0652
CVE-2026-74643,0.00166,0.063
CVE-2026-74644,0.00168,0.0652
CVE-2026-74645,0.00155,0.05123
CVE-2026-74646,0.00129,0.02872
CVE-2026-74647,0.00129,0.0296
CVE-2026-74648,0.00129,0.02957
CVE-2026-74649,0.00288,0.21626
CVE-2026-74650,0.00177,0.07491
CVE-2026-74651,0.00274,0.20025
CVE-2026-74652,0.00127,0.02738
CVE-2026-74653,0.00168,0.06519
CVE-2026-74654,0.00177,0.0749
CVE-2026-74655,0.00129,0.02872
CVE-2026-74656,0.00126,0.02611
CVE-2026-74657,0.00177,0.07494
CVE-2026-74658,0.00177,0.07493
CVE-2026-74659,0.00173,0.07026
CVE-2026-74660,0.00126,0.02601
CVE-2026-74661,0.00125,0.02554
CVE-2026-74662,0.00514,0.42782
CVE-2026-74663,0.00129,0.0296
CVE-2026-74664,0.00177,0.07491
CVE-2026-74665,0.00373,0.31186
CVE-2026-74666,0.00129,0.02954
CVE-2026-74667,0.00136,0.03387
CVE-2026-74668,0.00129,0.0295
CVE-2026-74669,0.00514,0.4278
CVE-2026-74670,0.00129,0.02874
CVE-2026-74671,0.00177,0.07492
CVE-2026-74672,0.00173,0.07028
CVE-2026-74673,0.00177,0.07492
CVE-2026-74674,0.0012,0.02137
CVE-2026-74675,0.00129,0.02958
CVE-2026-74676,0.00177,0.07492
CVE-2026-74677,0.00168,0.06521
CVE-2026-74678,0.00479,0.40473
CVE-2026-74679,0.00185,0.08408
CVE-2026-74680,0.00177,0.07556
CVE-2026-74681,0.00166,0.063
CVE-2026-74682,0.00177,0.07495
CVE-2026-74683,0.0019,0.08956
CVE-2026-74684,0.00138,0.0359
CVE-2026-74685,0.00168,0.0652
CVE-2026-74686,0.00189,0.08896
CVE-2026-74687,0.00127,0.0274
CVE-2026-74688,0.005,0.41835
CVE-2026-74689,0.00139,0.03656
CVE-2026-74690,0.0014,0.03758
CVE-2026-74691,0.00256,0.17639
CVE-2026-74692,0.0049,0.41194
CVE-2026-74693,0.00177,0.07495
CVE-2026-74694,0.00177,0.07495
CVE-2026-74695,0.00426,0.36495
CVE-2026-74696,0.0049,0.41194
CVE-2026-74697,0.00433,0.37079
CVE-2026-74698,0.00166,0.063
CVE-2026-74699,0.00155,0.0513
CVE-2026-74700,0.00125,0.02553
CVE-2026-74701,0.0013,0.02991
CVE-2026-74702,0.00127,0.02739
CVE-2026-74703,0.00137,0.03496
CVE-2026-74704,0.00443,0.37935
CVE-2026-74705,0.005,0.41836
CVE-2026-74706,0.00156,0.05201
CVE-2026-74707,0.00135,0.03356
CVE-2026-74708,0.00127,0.02741
CVE-2026-74709,0.00167,0.06362
CVE-2026-74710,0.00129,0.02878
CVE-2026-74711,0.0014,0.03758
CVE-2026-74712,0.00142,0.03863
CVE-2026-74713,0.0012,0.02112
CVE-2026-74714,0.00126,0.02604
CVE-2026-74715,0.0012,0.02139
CVE-2026-74716,0.00155,0.05123
CVE-2026-74717,0.00501,0.41922
CVE-2026-74718,0.00168,0.06521
CVE-2026-74719,0.00177,0.07495
CVE-2026-74720,0.00129,0.02945
CVE-2026-74721,0.0012,0.0214
CVE-2026-74722,0.00173,0.07027
CVE-2026-74723,0.0038,0.31851
CVE-2026-74724,0.00123,0.02394
CVE-2026-74725,0.00125,0.02552
CVE-2026-74726,0.00126,0.0262
CVE-2026-74727,0.00442,0.37848
CVE-2026-74728,0.0017,0.0671
CVE-2026-74729,0.0017,0.06745
CVE-2026-74730,0.0051,0.42512
CVE-2026-74731,0.00123,0.02409
CVE-2026-74732,0.00183,0.08191
CVE-2026-74733,0.00123,0.02408
CVE-2026-74734,0.00173,0.0709
CVE-2026-74735,0.00162,0.0588
CVE-2026-74736,0.00138,0.0355
CVE-2026-74737,0.00559,0.45336
CVE-2026-74738,0.00173,0.07091
CVE-2026-74739,0.00138,0.03611
CVE-2026-74740,0.00175,0.07324
CVE-2026-74741,0.00451,0.38532
CVE-2026-74742,0.00466,0.39539
CVE-2026-74743,0.00519,0.43073
CVE-2026-74744,0.00519,0.43073
CVE-2026-74745,0.00359,0.2967
CVE-2026-74746,0.00543,0.44504
CVE-2026-74747,0.00129,0.02934
CVE-2026-74748,0.00138,0.03611
CVE-2026-74749,0.00162,0.0588
CVE-2026-74750,0.00359,0.2967
CVE-2026-74751,0.00337,0.27248
CVE-2026-74752,0.00434,0.37218
CVE-2026-74753,0.00128,0.02863
CVE-2026-74754,0.00155,0.05084
CVE-2026-74761,0.00639,0.49174
CVE-2026-74764,0.00405,0.34523
CVE-2026-74767,0.00253,0.17082
CVE-2026-74768,0.00349,0.28557
CVE-2026-74769,0.0038,0.3189
CVE-2026-74770,0.01089,0.63858
CVE-2026-74771,0.00183,0.08136
CVE-2026-74774,0.00133,0.03192
CVE-2026-74783,0.00278,0.20565
CVE-2026-74784,0.00263,0.18412
CVE-2026-74785,0.00272,0.19813
CVE-2026-74786,0.00272,0.19813
CVE-2026-74787,0.00337,0.27157
CVE-2026-74788,0.00278,0.20565
CVE-2026-74789,0.0034,0.27634
CVE-2026-74790,0.00286,0.21334
CVE-2026-74791,0.00269,0.19336
CVE-2026-74792,0.00307,0.23741
CVE-2026-74793,0.00204,0.10735
CVE-2026-74794,0.00278,0.20564
CVE-2026-74795,0.00318,0.24921
CVE-2026-74796,0.00229,0.13974
CVE-2026-74797,0.00174,0.07226
CVE-2026-74798,0.00366,0.30402
CVE-2026-74799,0.00385,0.32432
CVE-2026-74800,0.00288,0.21652
CVE-2026-74801,0.00265,0.18697
CVE-2026-74802,0.00124,0.02458
CVE-2026-74803,0.00312,0.24244
CVE-2026-74804,0.00281,0.20831
CVE-2026-74820,0.00248,0.1643
CVE-2026-74835,0.00328,0.2611
CVE-2026-74836,0.00493,0.4142
CVE-2026-74837,0.00315,0.24605
CVE-2026-74842,0.00262,0.18374
CVE-2026-74843,0.00584,0.46584
CVE-2026-74845,0.0065,0.49696
CVE-2026-74848,0.00622,0.48424
CVE-2026-74851,0.00503,0.42028
CVE-2026-74853,0.00234,0.14655
CVE-2026-74858,0.00209,0.11448
CVE-2026-74859,0.00126,0.02673
CVE-2026-74860,0.00354,0.29176
CVE-2026-74866,0.00193,0.09256
CVE-2026-74867,0.00103,0.01131
CVE-2026-74868,0.00375,0.31354
CVE-2026-74869,0.00258,0.17779
CVE-2026-74870,0.00188,0.08666
CVE-2026-74871,0.00081,0.00243
CVE-2026-74872,0.0046,0.39146
CVE-2026-74873,0.00227,0.13708
CVE-2026-74874,0.00255,0.1736
CVE-2026-74875,0.00179,0.07708
CVE-2026-74876,0.00201,0.1038
CVE-2026-74877,0.00248,0.16417
CVE-2026-74878,0.00398,0.33856
CVE-2026-74879,0.00259,0.17923
CVE-2026-74880,0.00307,0.23742
CVE-2026-74881,0.0025,0.16735
CVE-2026-74882,0.00126,0.0263
CVE-2026-74883,0.00257,0.17761
CVE-2026-74884,0.00266,0.18795
CVE-2026-74885,0.00122,0.02244
CVE-2026-74886,0.00376,0.315
CVE-2026-74887,0.00182,0.08112
CVE-2026-74888,0.00167,0.06381
CVE-2026-74889,0.00201,0.1038
CVE-2026-74890,0.00155,0.05033
CVE-2026-74891,0.00284,0.21217
CVE-2026-74892,0.00306,0.23574
CVE-2026-74893,0.00264,0.18599
CVE-2026-74894,0.00374,0.31265
CVE-2026-74895,0.00409,0.34864
CVE-2026-74896,0.00337,0.27182
CVE-2026-74899,0.00491,0.41284
CVE-2026-74900,0.00337,0.27182
CVE-2026-74901,0.00228,0.1387
CVE-2026-74902,0.00147,0.04345
CVE-2026-74903,0.0021,0.11481
CVE-2026-74904,0.00357,0.29462
CVE-2026-74905,0.00317,0.2483
CVE-2026-74906,0.00298,0.22687
CVE-2026-74907,0.00333,0.26795
CVE-2026-74908,0.00182,0.08099
CVE-2026-74909,0.00893,0.57904
CVE-2026-74916,0.00107,0.01279
CVE-2026-74925,0.00257,0.17685
CVE-2026-74926,0.00315,0.24691
CVE-2026-74927,0.00235,0.14756
CVE-2026-74928,0.00306,0.23589
CVE-2026-74929,0.00181,0.07964
CVE-2026-74930,0.00213,0.11896
CVE-2026-74932,0.00216,0.12374
CVE-2026-74933,0.00274,0.20046
CVE-2026-74934,0.00158,0.05377
CVE-2026-74935,0.0031,0.24039
CVE-2026-74936,0.00403,0.34335
CVE-2026-74937,0.00292,0.22029
CVE-2026-74938,0.00322,0.25483
CVE-2026-74939,0.00304,0.23328
CVE-2026-74940,0.00412,0.35216
CVE-2026-74941,0.00323,0.25546
CVE-2026-74942,0.00304,0.23328
CVE-2026-74943,0.0057,0.45885
CVE-2026-74944,0.00403,0.34335
CVE-2026-74945,0.00433,0.37114
CVE-2026-74946,0.00328,0.26191
CVE-2026-74947,0.00244,0.15948
CVE-2026-74948,0.00314,0.24497
CVE-2026-74949,0.00312,0.2429
CVE-2026-74950,0.00221,0.12968
CVE-2026-74951,0.0016,0.05634
CVE-2026-74952,0.00226,0.13577
CVE-2026-74953,0.00297,0.22572
CVE-2026-74954,0.00256,0.17595
CVE-2026-74955,0.00221,0.12968
CVE-2026-74956,0.00283,0.21048
CVE-2026-74957,0.003,0.22937
CVE-2026-74958,0.00264,0.18604
CVE-2026-74959,0.00342,0.27789
CVE-2026-74960,0.00164,0.06011
CVE-2026-74961,0.00252,0.16947
CVE-2026-74962,0.00164,0.06011
CVE-2026-74963,0.00124,0.0247
CVE-2026-74964,0.00466,0.39522
CVE-2026-74965,0.00297,0.22572
CVE-2026-74966,0.00256,0.17596
CVE-2026-74967,0.00124,0.0247
CVE-2026-74968,0.00105,0.01201
CVE-2026-74969,0.00319,0.25113
CVE-2026-74970,0.00142,0.03911
CVE-2026-74971,0.00261,0.18204
CVE-2026-74972,0.00261,0.18204
CVE-2026-74973,0.00175,0.07351
CVE-2026-74974,0.00135,0.0333
CVE-2026-74975,0.00154,0.04996
CVE-2026-74976,0.0032,0.25217
CVE-2026-74977,0.0035,0.28645
CVE-2026-74978,0.00229,0.13965
CVE-2026-74979,0.00306,0.23534
CVE-2026-74980,0.00175,0.0725
CVE-2026-74981,0.00148,0.04375
CVE-2026-74982,0.00311,0.24189
CVE-2026-74983,0.00328,0.26125
CVE-2026-74984,0.00186,0.08473
CVE-2026-74985,0.00307,0.23638
CVE-2026-74986,0.00323,0.25545
CVE-2026-74987,0.00523,0.43336
CVE-2026-74988,0.0035,0.28703
CVE-2026-74989,0.00332,0.26557
CVE-2026-74990,0.00534,0.43987
CVE-2026-74992,0.0029,0.21848
CVE-2026-74994,0.00364,0.3022
CVE-2026-74997,0.00784,0.54518
CVE-2026-74998,0.00322,0.25402
CVE-2026-74999,0.0022,0.12796
CVE-2026-75000,0.00346,0.28181
CVE-2026-75002,0.01356,0.7039
CVE-2026-75003,0.00394,0.33371
CVE-2026-75004,0.00274,0.20046
CVE-2026-75005,0.00796,0.54904
CVE-2026-75006,0.00416,0.35589
CVE-2026-75007,0.00353,0.2897
CVE-2026-75010,0.00285,0.21309
CVE-2026-75011,0.01088,0.63838
CVE-2026-75012,0.0036,0.29803
CVE-2026-75013,0.0036,0.29803
CVE-2026-75014,0.00328,0.26175
CVE-2026-75015,0.00375,0.31376
CVE-2026-75016,0.00201,0.10307
CVE-2026-75017,0.00316,0.24722
CVE-2026-75018,0.00299,0.22776
CVE-2026-75019,0.00201,0.10303
CVE-2026-75020,0.00542,0.44469
CVE-2026-75021,0.00416,0.35598
CVE-2026-75025,0.00146,0.04279
CVE-2026-75027,0.00342,0.27772
CVE-2026-75029,0.00405,0.34508
CVE-2026-75030,0.00579,0.46327
CVE-2026-75031,0.00711,0.52128
CVE-2026-75032,0.00201,0.10347
CVE-2026-75033,0.00205,0.10815
CVE-2026-75034,0.00197,0.09739
CVE-2026-75035,0.00201,0.10272
CVE-2026-75036,0.00215,0.12159
CVE-2026-75037,0.00115,0.0175
CVE-2026-75038,0.00122,0.02242
CVE-2026-75044,0.0023,0.14151
CVE-2026-75045,0.00299,0.22792
CVE-2026-75046,0.00206,0.10984
CVE-2026-75047,0.0088,0.57554
CVE-2026-75048,0.002,0.10251
CVE-2026-75049,0.00259,0.17953
CVE-2026-75050,0.00783,0.54496
CVE-2026-75051,0.0022,0.128
CVE-2026-75052,0.00132,0.03181
CVE-2026-75053,0.00182,0.08112
CVE-2026-75054,0.0012,0.02102
CVE-2026-75055,0.0012,0.02102
CVE-2026-75056,0.00152,0.04735
CVE-2026-75057,0.00133,0.03199
CVE-2026-75058,0.0012,0.02101
CVE-2026-75059,0.0014,0.03761
CVE-2026-75060,0.00145,0.04179
CVE-2026-75062,0.00231,0.14193
CVE-2026-75077,0.00278,0.20561
CVE-2026-75078,0.00273,0.19911
CVE-2026-75079,0.00263,0.18484
CVE-2026-75080,0.00263,0.18484
CVE-2026-75081,0.00271,0.19613
CVE-2026-75082,0.00331,0.26494
CVE-2026-75086,0.002,0.10223
CVE-2026-75087,0.002,0.10223
CVE-2026-75088,0.00204,0.10755
CVE-2026-75089,0.00263,0.1849
CVE-2026-75090,0.00515,0.42823
CVE-2026-75091,0.00194,0.0942
CVE-2026-75092,0.00128,0.02854
CVE-2026-75093,0.00344,0.28056
CVE-2026-75094,0.02108,0.80947
CVE-2026-75099,0.00356,0.29396
CVE-2026-75103,0.00338,0.27345
CVE-2026-75104,0.0019,0.08905
CVE-2026-75105,0.00277,0.20357
CVE-2026-75106,0.00305,0.23442
CVE-2026-75107,0.00168,0.06554
CVE-2026-75108,0.0021,0.116
CVE-2026-75109,0.00243,0.15766
CVE-2026-75110,0.00516,0.42892
CVE-2026-75111,0.00389,0.32919
CVE-2026-75112,0.00113,0.01614
CVE-2026-75114,0.00295,0.22394
CVE-2026-75115,0.00313,0.244
CVE-2026-75118,0.0025,0.16692
CVE-2026-75121,0.01148,0.65384
CVE-2026-75122,0.00765,0.53921
CVE-2026-75123,0.01148,0.65384
CVE-2026-75124,0.00484,0.40822
CVE-2026-75125,0.00392,0.33151
CVE-2026-75126,0.00433,0.37073
CVE-2026-75130,0.00276,0.20208
CVE-2026-75132,0.00289,0.2174
CVE-2026-75133,0.00309,0.23906
CVE-2026-75134,0.00187,0.08565
CVE-2026-75135,0.00072,0.00064
CVE-2026-75136,0.0011,0.01447
CVE-2026-75137,0.00072,0.00063
CVE-2026-75140,0.00525,0.43468
CVE-2026-75141,0.00137,0.03499
CVE-2026-75142,0.00137,0.03499
CVE-2026-75143,0.00405,0.34572
CVE-2026-75144,0.00137,0.03499
CVE-2026-75145,0.00117,0.01896
CVE-2026-75146,0.00261,0.18273
CVE-2026-75147,0.00121,0.02202
CVE-2026-75148,0.00152,0.04746
CVE-2026-75149,0.00637,0.49101
CVE-2026-75151,0.00155,0.05039
CVE-2026-75156,0.00274,0.20001
CVE-2026-75157,0.00172,0.07001
CVE-2026-75159,0.00264,0.18592
CVE-2026-75160,0.0043,0.36792
CVE-2026-75161,0.00534,0.4401
CVE-2026-75162,0.00461,0.39249
CVE-2026-75163,0.00326,0.25952
CVE-2026-75164,0.00404,0.34425
CVE-2026-75165,0.0041,0.34944
CVE-2026-75166,0.00494,0.41471
CVE-2026-75167,0.003,0.22866
CVE-2026-75168,0.00306,0.23621
CVE-2026-75169,0.00494,0.41461
CVE-2026-75170,0.00244,0.15949
CVE-2026-75171,0.00418,0.3578
CVE-2026-75307,0.00149,0.0447
CVE-2026-75308,0.00149,0.04474
CVE-2026-75325,0.00346,0.28227
CVE-2026-75327,0.0029,0.21827
CVE-2026-75328,0.00335,0.27022
CVE-2026-75329,0.00326,0.25923
CVE-2026-75330,0.0026,0.18098
CVE-2026-75331,0.00133,0.0321
CVE-2026-75332,0.00252,0.17051
CVE-2026-75333,0.00335,0.27022
CVE-2026-75334,0.00386,0.32584
CVE-2026-75336,0.0026,0.18101
CVE-2026-75337,0.00422,0.36169
CVE-2026-75338,0.00326,0.25923
CVE-2026-75339,0.00286,0.21377
CVE-2026-75340,0.00232,0.1438
CVE-2026-75357,0.00635,0.49001
CVE-2026-75363,0.00277,0.2037
CVE-2026-75364,0.00244,0.1593
CVE-2026-75368,0.00267,0.19101
CVE-2026-75369,0.0017,0.06795
CVE-2026-75370,0.00245,0.16103
CVE-2026-75371,0.00324,0.2568
CVE-2026-75411,0.00591,0.46939
CVE-2026-75413,0.00279,0.20671
CVE-2026-75414,0.00461,0.39248
CVE-2026-75415,0.00232,0.14378
CVE-2026-75417,0.00286,0.21405
CVE-2026-75418,0.00406,0.34631
CVE-2026-75419,0.00323,0.25527
CVE-2026-75421,0.00118,0.01952
CVE-2026-75429,0.009,0.58107
CVE-2026-75430,0.00885,0.57673
CVE-2026-75431,0.00772,0.54172
CVE-2026-75438,0.00466,0.39541
CVE-2026-75439,0.00422,0.36154
CVE-2026-75458,0.00259,0.17932
CVE-2026-75460,0.00248,0.16414
CVE-2026-75464,0.00256,0.17553
CVE-2026-75465,0.00528,0.43638
CVE-2026-75466,0.00199,0.10028
CVE-2026-75476,0.00187,0.08627
CVE-2026-75479,0.00356,0.29416
CVE-2026-75480,0.00238,0.15188
CVE-2026-75481,0.00283,0.21108
CVE-2026-75482,0.00622,0.48453
CVE-2026-75483,0.0012,0.02114
CVE-2026-75484,0.00549,0.44796
CVE-2026-75485,0.00143,0.04017
CVE-2026-75486,0.01251,0.68093
CVE-2026-75496,0.00531,0.43847
CVE-2026-75497,0.00437,0.37445
CVE-2026-75498,0.00437,0.37445
CVE-2026-75509,0.00091,0.00558
CVE-2026-75513,0.00352,0.28884
CVE-2026-75514,0.00462,0.39284
CVE-2026-75516,0.00529,0.43678
CVE-2026-75523,0.00286,0.21428
CVE-2026-75526,0.00165,0.06154
CVE-2026-75528,0.00304,0.23308
CVE-2026-75529,0.00277,0.2039
CVE-2026-75531,0.00324,0.25738
CVE-2026-75538,0.00491,0.41278
CVE-2026-75542,0.00362,0.30041
CVE-2026-75548,0.00171,0.06869
CVE-2026-75554,0.00246,0.16176
CVE-2026-75569,0.00382,0.32058
CVE-2026-75573,0.0009,0.0051
CVE-2026-75574,0.00364,0.30234
CVE-2026-75575,0.00231,0.14287
CVE-2026-75583,0.00204,0.10741
CVE-2026-75584,0.00428,0.36631
CVE-2026-75586,0.00215,0.12207
CVE-2026-75587,0.00093,0.00626
CVE-2026-75588,0.00167,0.06367
CVE-2026-75589,0.00409,0.3491
CVE-2026-75592,0.00461,0.39227
CVE-2026-75593,0.0054,0.44348
CVE-2026-75594,0.00513,0.42699
CVE-2026-75595,0.00317,0.24907
CVE-2026-75596,0.00351,0.2877
CVE-2026-75601,0.0023,0.14142
CVE-2026-75602,0.00431,0.3692
CVE-2026-75604,0.02462,0.8373
CVE-2026-75616,0.03119,0.8724
CVE-2026-75618,0.00232,0.14354
CVE-2026-75619,0.00262,0.18288
CVE-2026-75624,0.00351,0.28813
CVE-2026-75625,0.00197,0.09822
CVE-2026-75626,0.0026,0.18132
CVE-2026-75627,0.00578,0.46297
CVE-2026-75628,0.00408,0.3479
CVE-2026-75629,0.00189,0.0889
CVE-2026-75631,0.00184,0.08303
CVE-2026-75635,0.00189,0.0889
CVE-2026-75636,0.00189,0.0889
CVE-2026-75637,0.00255,0.17429
CVE-2026-75639,0.00189,0.08888
CVE-2026-75640,0.00189,0.08887
CVE-2026-75642,0.00205,0.10939
CVE-2026-75643,0.00205,0.10939
CVE-2026-75644,0.00205,0.10938
CVE-2026-75646,0.00189,0.08892
CVE-2026-75647,0.00189,0.08892
CVE-2026-75650,0.02148,0.81298
CVE-2026-75651,0.00189,0.08889
CVE-2026-75652,0.00189,0.08892
CVE-2026-75657,0.00189,0.08892
CVE-2026-75659,0.00189,0.08889
CVE-2026-75660,0.00189,0.08889
CVE-2026-75661,0.00255,0.17431
CVE-2026-75666,0.00255,0.17444
CVE-2026-75667,0.00255,0.17437
CVE-2026-75668,0.00255,0.17437
CVE-2026-75669,0.00255,0.17437
CVE-2026-75670,0.00255,0.1744
CVE-2026-75671,0.00255,0.17439
CVE-2026-75672,0.00255,0.17441
CVE-2026-75674,0.00255,0.17441
CVE-2026-75675,0.00255,0.1744
CVE-2026-75677,0.00255,0.1744
CVE-2026-75678,0.00255,0.17439
CVE-2026-75679,0.00255,0.17441
CVE-2026-75680,0.00255,0.17441
CVE-2026-75681,0.00255,0.17442
CVE-2026-75683,0.00255,0.17442
CVE-2026-75685,0.00255,0.17444
CVE-2026-75687,0.00255,0.17439
CVE-2026-75690,0.00255,0.1744
CVE-2026-75691,0.00255,0.17436
CVE-2026-75692,0.00255,0.17436
CVE-2026-75693,0.00255,0.17431
CVE-2026-75694,0.00255,0.17431
CVE-2026-75695,0.00255,0.17432
CVE-2026-75696,0.00255,0.17431
CVE-2026-75700,0.00255,0.17432
CVE-2026-75701,0.00255,0.17432
CVE-2026-75702,0.00255,0.17432
CVE-2026-75704,0.00255,0.17435
CVE-2026-75705,0.00255,0.17433
CVE-2026-75706,0.00255,0.17434
CVE-2026-75707,0.00255,0.17434
CVE-2026-75708,0.00255,0.17434
CVE-2026-75709,0.00255,0.17433
CVE-2026-75710,0.00255,0.17433
CVE-2026-75711,0.00255,0.17437
CVE-2026-75712,0.00255,0.17433
CVE-2026-75713,0.00255,0.17436
CVE-2026-75714,0.00255,0.17435
CVE-2026-75715,0.00255,0.17435
CVE-2026-75716,0.00255,0.17443
CVE-2026-75717,0.00255,0.17443
CVE-2026-75718,0.00255,0.17438
CVE-2026-75719,0.00255,0.17438
CVE-2026-75720,0.00255,0.1743
CVE-2026-75722,0.00255,0.1743
CVE-2026-75724,0.00255,0.1743
CVE-2026-75725,0.00255,0.17429
CVE-2026-75726,0.00364,0.30279
CVE-2026-75727,0.00277,0.2035
CVE-2026-75729,0.00277,0.20351
CVE-2026-75730,0.00277,0.20348
CVE-2026-75731,0.00277,0.2035
CVE-2026-75733,0.00277,0.2035
CVE-2026-75734,0.00277,0.2035
CVE-2026-75735,0.00277,0.20348
CVE-2026-75736,0.00277,0.20348
CVE-2026-75737,0.00277,0.20349
CVE-2026-75738,0.00277,0.20348
CVE-2026-75739,0.00277,0.20349
CVE-2026-75740,0.00277,0.20349
CVE-2026-75741,0.00277,0.20349
CVE-2026-75742,0.00277,0.20345
CVE-2026-75746,0.01066,0.63264
CVE-2026-75749,0.00159,0.0549
CVE-2026-75750,0.00186,0.08437
CVE-2026-75752,0.00155,0.05003
CVE-2026-75754,0.00215,0.12199
CVE-2026-75757,0.00301,0.2303
CVE-2026-75758,0.00126,0.02678
CVE-2026-75759,0.00136,0.03416
CVE-2026-75760,0.00283,0.21119
CVE-2026-75766,0.00186,0.08437
CVE-2026-75767,0.00186,0.08436
CVE-2026-75768,0.00169,0.0664
CVE-2026-75769,0.00186,0.08521
CVE-2026-75770,0.00148,0.0437
CVE-2026-75771,0.00226,0.13609
CVE-2026-75773,0.00524,0.43426
CVE-2026-75774,0.00465,0.39488
CVE-2026-75777,0.00149,0.04513
CVE-2026-75778,0.00328,0.26174
CVE-2026-75783,0.00401,0.34101
CVE-2026-75784,0.01021,0.61917
CVE-2026-75792,0.00281,0.20873
CVE-2026-75793,0.00164,0.06113
CVE-2026-75796,0.00262,0.18354
CVE-2026-75797,0.00381,0.32023
CVE-2026-75798,0.00239,0.15251
CVE-2026-75800,0.00417,0.35642
CVE-2026-75802,0.00496,0.41615
CVE-2026-75803,0.00221,0.12892
CVE-2026-75807,0.00289,0.21714
CVE-2026-75808,0.00108,0.0134
CVE-2026-75809,0.00108,0.01341
CVE-2026-75810,0.00108,0.0134
CVE-2026-75811,0.00105,0.01219
CVE-2026-75813,0.00255,0.17466
CVE-2026-75814,0.00176,0.07422
CVE-2026-75816,0.005,0.41865
CVE-2026-75827,0.00777,0.54305
CVE-2026-75828,0.00343,0.2789
CVE-2026-75829,0.00289,0.21702
CVE-2026-75830,0.00338,0.27294
CVE-2026-75831,0.00313,0.24398
CVE-2026-75832,0.00222,0.13015
CVE-2026-75833,0.00194,0.09392
CVE-2026-75834,0.00182,0.08099
CVE-2026-75835,0.00224,0.13347
CVE-2026-75836,0.00407,0.3471
CVE-2026-75837,0.00339,0.27426
CVE-2026-75838,0.003,0.22908
CVE-2026-75839,0.00223,0.13197
CVE-2026-75840,0.00397,0.33774
CVE-2026-75841,0.00272,0.19803
CVE-2026-75842,0.00341,0.27722
CVE-2026-75843,0.00303,0.23251
CVE-2026-75844,0.00233,0.14469
CVE-2026-75845,0.00209,0.11383
CVE-2026-75846,0.00249,0.16607
CVE-2026-75847,0.00097,0.00858
CVE-2026-75850,0.0016,0.0564
CVE-2026-75851,0.00316,0.24737
CVE-2026-75852,0.00451,0.3855
CVE-2026-75853,0.00494,0.41501
CVE-2026-75854,0.01069,0.63335
CVE-2026-75855,0.0039,0.33019
CVE-2026-75856,0.0046,0.39184
CVE-2026-75857,0.00189,0.08772
CVE-2026-75858,0.00267,0.19144
CVE-2026-75859,0.00414,0.35396
CVE-2026-75860,0.00341,0.27756
CVE-2026-75861,0.00212,0.11857
CVE-2026-75862,0.00226,0.13609
CVE-2026-75863,0.00226,0.13609
CVE-2026-75865,0.00513,0.42677
CVE-2026-75866,0.00526,0.43525
CVE-2026-75870,0.00491,0.41286
CVE-2026-75871,0.00192,0.09173
CVE-2026-75872,0.00709,0.52061
CVE-2026-75874,0.00455,0.38841
CVE-2026-75876,0.0025,0.16662
CVE-2026-75877,0.00614,0.4803
CVE-2026-75878,0.00476,0.40291
CVE-2026-75880,0.00413,0.35249
CVE-2026-75883,0.00255,0.17492
CVE-2026-75885,0.00414,0.35375
CVE-2026-75889,0.00219,0.12644
CVE-2026-75892,0.00139,0.03676
CVE-2026-75893,0.00141,0.03845
CVE-2026-75894,0.00169,0.06614
CVE-2026-75895,0.00156,0.05214
CVE-2026-75896,0.00232,0.14382
CVE-2026-75897,0.00504,0.42117
CVE-2026-75898,0.00297,0.22612
CVE-2026-75899,0.0022,0.1275
CVE-2026-75900,0.00111,0.01527
CVE-2026-75904,0.00119,0.02029
CVE-2026-75905,0.00274,0.20004
CVE-2026-75908,0.00222,0.1302
CVE-2026-75910,0.0037,0.30907
CVE-2026-75911,0.00253,0.17128
CVE-2026-75912,0.00408,0.3483
CVE-2026-75913,0.0033,0.26403
CVE-2026-75914,0.00423,0.36222
CVE-2026-75915,0.00624,0.48547
CVE-2026-75916,0.00159,0.05505
CVE-2026-75917,0.00162,0.05903
CVE-2026-75918,0.00341,0.27663
CVE-2026-75919,0.00461,0.39221
CVE-2026-75920,0.00334,0.26909
CVE-2026-75921,0.00628,0.48686
CVE-2026-75922,0.0042,0.35959
CVE-2026-75924,0.00159,0.05474
CVE-2026-75925,0.00671,0.50575
CVE-2026-75926,0.00145,0.0414
CVE-2026-75927,0.00342,0.27795
CVE-2026-75928,0.0039,0.33029
CVE-2026-75930,0.00225,0.13514
CVE-2026-75931,0.00232,0.14333
CVE-2026-75932,0.004,0.34036
CVE-2026-75933,0.00298,0.22688
CVE-2026-75935,0.00441,0.3773
CVE-2026-75936,0.00441,0.37729
CVE-2026-75940,0.00287,0.21459
CVE-2026-75943,0.00129,0.02916
CVE-2026-75944,0.00146,0.04269
CVE-2026-75945,0.00129,0.02916
CVE-2026-75946,0.00073,0.00079
CVE-2026-75948,0.0023,0.14125
CVE-2026-75949,0.00312,0.24241
CVE-2026-75950,0.00295,0.22392
CVE-2026-75951,0.00295,0.22393
CVE-2026-75952,0.00159,0.0554
CVE-2026-75953,0.00303,0.23183
CVE-2026-75954,0.00281,0.20831
CVE-2026-75955,0.00318,0.24934
CVE-2026-75956,0.00312,0.24242
CVE-2026-75959,0.00266,0.19066
CVE-2026-75960,0.0035,0.28661
CVE-2026-75961,0.00377,0.31548
CVE-2026-75963,0.00518,0.43021
CVE-2026-75964,0.00219,0.1273
CVE-2026-75965,0.00193,0.093
CVE-2026-75966,0.00259,0.17914
CVE-2026-75971,0.00314,0.24491
CVE-2026-75975,0.0022,0.1275
CVE-2026-75976,0.00627,0.48647
CVE-2026-75977,0.00623,0.48462
CVE-2026-75978,0.00276,0.20221
CVE-2026-75979,0.00305,0.23459
CVE-2026-75980,0.00205,0.10865
CVE-2026-75981,0.00245,0.16088
CVE-2026-75982,0.0023,0.14111
CVE-2026-75983,0.00411,0.35099
CVE-2026-75984,0.01293,0.68984
CVE-2026-75985,0.01293,0.68984
CVE-2026-75986,0.00328,0.26175
CVE-2026-75987,0.00423,0.36277
CVE-2026-75990,0.002,0.10163
CVE-2026-75991,0.00217,0.12404
CVE-2026-75992,0.00184,0.08303
CVE-2026-75993,0.00371,0.30965
CVE-2026-75998,0.00648,0.49616
CVE-2026-75999,0.00376,0.31458
CVE-2026-76000,0.0033,0.26311
CVE-2026-76002,0.00412,0.35146
CVE-2026-76003,0.00463,0.39345
CVE-2026-76004,0.00438,0.37502
CVE-2026-76006,0.00351,0.28853
CVE-2026-76008,0.00574,0.46108
CVE-2026-76009,0.00515,0.42832
CVE-2026-76014,0.00121,0.02157
CVE-2026-76017,0.00428,0.3666
CVE-2026-76018,0.00386,0.32554
CVE-2026-76019,0.00359,0.29707
CVE-2026-76020,0.00301,0.23003
CVE-2026-76021,0.00449,0.38389
CVE-2026-76022,0.00468,0.39718
CVE-2026-76023,0.00456,0.38905
CVE-2026-76032,0.00277,0.20418
CVE-2026-76033,0.00283,0.21039
CVE-2026-76034,0.00697,0.5158
CVE-2026-76035,0.00387,0.32676
CVE-2026-76036,0.0081,0.55371
CVE-2026-76037,0.00207,0.11222
CVE-2026-76038,0.00422,0.36177
CVE-2026-76039,0.00496,0.4159
CVE-2026-76040,0.00508,0.42375
CVE-2026-76041,0.00334,0.26821
CVE-2026-76042,0.00323,0.25603
CVE-2026-76043,0.00448,0.38349
CVE-2026-76044,0.00387,0.32691
CVE-2026-76045,0.00349,0.28533
CVE-2026-76046,0.00366,0.30486
CVE-2026-76047,0.00388,0.32783
CVE-2026-76048,0.00328,0.26177
CVE-2026-76049,0.00328,0.26176
CVE-2026-76050,0.00328,0.26177
CVE-2026-76053,0.00304,0.23308
CVE-2026-76054,0.00138,0.03532
CVE-2026-76055,0.0013,0.03006
CVE-2026-76057,0.00254,0.17344
CVE-2026-76059,0.00473,0.40043
CVE-2026-76060,0.02315,0.82656
CVE-2026-76063,0.00201,0.10304
CVE-2026-76070,0.01003,0.6139
CVE-2026-76071,0.01061,0.63084
CVE-2026-76072,0.0032,0.25143
CVE-2026-76073,0.00283,0.21108
CVE-2026-76074,0.00233,0.14471
CVE-2026-76081,0.00226,0.13536
CVE-2026-76098,0.00278,0.20572
CVE-2026-76104,0.00381,0.31962
CVE-2026-76111,0.00286,0.21379
CVE-2026-76128,0.00207,0.11205
CVE-2026-76131,0.00198,0.09949
CVE-2026-76133,0.00397,0.3371
CVE-2026-76137,0.00109,0.01392
CVE-2026-76139,0.00446,0.38184
CVE-2026-76148,0.00206,0.11051
CVE-2026-76149,0.00134,0.03278
CVE-2026-76151,0.00642,0.49358
CVE-2026-76154,0.00393,0.33253
CVE-2026-76155,0.00292,0.21992
CVE-2026-76156,0.00833,0.5609
CVE-2026-76157,0.00418,0.35738
CVE-2026-76158,0.00415,0.35435
CVE-2026-76159,0.00098,0.00874
CVE-2026-76163,0.0048,0.40552
CVE-2026-76164,0.00342,0.27805
CVE-2026-76166,0.00841,0.56334
CVE-2026-76169,0.00508,0.42361
CVE-2026-76172,0.00232,0.14333
CVE-2026-76174,0.00487,0.40995
CVE-2026-76175,0.0033,0.26332
CVE-2026-76176,0.0033,0.26333
CVE-2026-76177,0.00336,0.27051
CVE-2026-76178,0.00269,0.19367
CVE-2026-76179,0.00434,0.37218
CVE-2026-76186,0.00789,0.54693
CVE-2026-76187,0.0095,0.59723
CVE-2026-76189,0.00153,0.04852
CVE-2026-76190,0.00921,0.58778
CVE-2026-76191,0.00253,0.17112
CVE-2026-76193,0.00676,0.50785
CVE-2026-76195,0.01586,0.74495
CVE-2026-76196,0.002,0.10126
CVE-2026-76197,0.01586,0.74495
CVE-2026-76198,0.00152,0.04733
CVE-2026-76199,0.00211,0.11691
CVE-2026-76200,0.00459,0.39089
CVE-2026-76201,0.00459,0.39089
CVE-2026-76202,0.00393,0.3331
CVE-2026-76203,0.00289,0.2174
CVE-2026-76205,0.00288,0.21648
CVE-2026-76206,0.00261,0.18191
CVE-2026-76207,0.00255,0.17492
CVE-2026-76208,0.00298,0.22684
CVE-2026-76209,0.00241,0.15623
CVE-2026-76210,0.00366,0.3043
CVE-2026-76211,0.00252,0.16994
CVE-2026-76212,0.00308,0.23855
CVE-2026-76213,0.00332,0.26562
CVE-2026-76214,0.00292,0.22076
CVE-2026-76215,0.00367,0.30578
CVE-2026-76216,0.00264,0.18602
CVE-2026-76217,0.0036,0.29809
CVE-2026-76218,0.0072,0.52437
CVE-2026-76219,0.00299,0.22788
CVE-2026-76220,0.0057,0.45929
CVE-2026-76221,0.00485,0.40859
CVE-2026-76222,0.00333,0.268
CVE-2026-76223,0.00249,0.16607
CVE-2026-76224,0.00583,0.46543
CVE-2026-76225,0.00326,0.25877
CVE-2026-76226,0.00214,0.12119
CVE-2026-76227,0.00116,0.01793
CVE-2026-76228,0.00844,0.56415
CVE-2026-76229,0.00722,0.52505
CVE-2026-76230,0.0092,0.58755
CVE-2026-76231,0.00924,0.58881
CVE-2026-76232,0.0092,0.58755
CVE-2026-76233,0.0091,0.58447
CVE-2026-76234,0.00224,0.13283
CVE-2026-76235,0.00355,0.29249
CVE-2026-76236,0.00265,0.18745
CVE-2026-76237,0.0029,0.21792
CVE-2026-76238,0.00265,0.18745
CVE-2026-76239,0.00265,0.1874
CVE-2026-76240,0.00279,0.20654
CVE-2026-76241,0.00088,0.00459
CVE-2026-76242,0.00267,0.19126
CVE-2026-76243,0.004,0.34016
CVE-2026-76244,0.00216,0.12347
CVE-2026-76245,0.00183,0.08183
CVE-2026-76251,0.00211,0.11707
CVE-2026-76252,0.00184,0.08213
CVE-2026-76253,0.0035,0.28708
CVE-2026-76254,0.00308,0.23868
CVE-2026-76255,0.00222,0.13113
CVE-2026-76256,0.00229,0.13998
CVE-2026-76257,0.00248,0.16413
CVE-2026-76258,0.00248,0.16416
CVE-2026-76259,0.00128,0.02834
CVE-2026-76260,0.00259,0.17919
CVE-2026-76261,0.00212,0.11791
CVE-2026-76262,0.00373,0.31186
CVE-2026-76263,0.00218,0.12605
CVE-2026-76309,0.00216,0.123
CVE-2026-76310,0.0037,0.30864
CVE-2026-76311,0.0037,0.30864
CVE-2026-76312,0.00362,0.3007
CVE-2026-76313,0.00499,0.41789
CVE-2026-76314,0.00666,0.50356
CVE-2026-76315,0.00443,0.37916
CVE-2026-76316,0.00301,0.23005
CVE-2026-76317,0.00386,0.32526
CVE-2026-76318,0.00193,0.09238
CVE-2026-76319,0.00379,0.3182
CVE-2026-76320,0.00206,0.11078
CVE-2026-76321,0.00337,0.2717
CVE-2026-76322,0.00289,0.21738
CVE-2026-76323,0.00231,0.14229
CVE-2026-76324,0.00216,0.12323
CVE-2026-76325,0.00251,0.16872
CVE-2026-76326,0.00244,0.15972
CVE-2026-76327,0.00207,0.11153
CVE-2026-76328,0.00208,0.11326
CVE-2026-76329,0.00195,0.09494
CVE-2026-76330,0.00246,0.16244
CVE-2026-76331,0.0023,0.14097
CVE-2026-76332,0.00246,0.16244
CVE-2026-76333,0.00258,0.17838
CVE-2026-76334,0.00126,0.02642
CVE-2026-76335,0.00334,0.26864
CVE-2026-76336,0.0024,0.15412
CVE-2026-76337,0.00301,0.22952
CVE-2026-76338,0.00275,0.20139
CVE-2026-76339,0.0018,0.07903
CVE-2026-76340,0.0027,0.19469
CVE-2026-76341,0.00227,0.13695
CVE-2026-76342,0.00214,0.11993
CVE-2026-76343,0.00276,0.20302
CVE-2026-76344,0.00296,0.22443
CVE-2026-76345,0.004,0.34094
CVE-2026-76346,0.00188,0.08652
CVE-2026-76347,0.00209,0.11415
CVE-2026-76348,0.00231,0.14298
CVE-2026-76349,0.00211,0.11741
CVE-2026-76350,0.00282,0.20943
CVE-2026-76351,0.00245,0.16075
CVE-2026-76352,0.00254,0.17287
CVE-2026-76353,0.00283,0.21119
CVE-2026-76354,0.00247,0.16275
CVE-2026-76355,0.00354,0.29227
CVE-2026-76356,0.00362,0.30028
CVE-2026-76357,0.00326,0.25887
CVE-2026-76358,0.00361,0.29887
CVE-2026-76359,0.00361,0.29887
CVE-2026-76360,0.00206,0.10947
CVE-2026-76361,0.00218,0.12522
CVE-2026-76362,0.00178,0.07648
CVE-2026-76363,0.00289,0.2177
CVE-2026-76364,0.00285,0.21257
CVE-2026-76365,0.00306,0.23507
CVE-2026-76366,0.00293,0.22189
CVE-2026-76367,0.0015,0.0458
CVE-2026-76368,0.00218,0.12523
CVE-2026-76369,0.00263,0.18419
CVE-2026-76370,0.00206,0.10947
CVE-2026-76371,0.00205,0.10811
CVE-2026-76372,0.00304,0.23394
CVE-2026-76373,0.00183,0.08134
CVE-2026-76374,0.00215,0.12133
CVE-2026-76375,0.00215,0.12133
CVE-2026-76376,0.00139,0.03642
CVE-2026-76377,0.00139,0.03643
CVE-2026-76378,0.00145,0.0417
CVE-2026-76379,0.00145,0.04171
CVE-2026-76380,0.00139,0.03642
CVE-2026-76381,0.00139,0.03643
CVE-2026-76382,0.00139,0.03643
CVE-2026-76383,0.00153,0.04804
CVE-2026-76384,0.00139,0.03642
CVE-2026-76385,0.00092,0.00615
CVE-2026-76386,0.00139,0.03642
CVE-2026-76387,0.00284,0.21172
CVE-2026-76388,0.00248,0.16412
CVE-2026-76389,0.00337,0.27221
CVE-2026-76390,0.00291,0.2193
CVE-2026-76391,0.00347,0.28351
CVE-2026-76392,0.00168,0.06468
CVE-2026-76393,0.00136,0.03438
CVE-2026-76394,0.00258,0.17789
CVE-2026-76395,0.00487,0.41001
CVE-2026-76396,0.00235,0.14704
CVE-2026-76397,0.00253,0.17127
CVE-2026-76398,0.00185,0.08371
CVE-2026-76399,0.00248,0.16411
CVE-2026-76400,0.00285,0.21265
CVE-2026-76401,0.00285,0.21265
CVE-2026-76402,0.00299,0.22813
CVE-2026-76403,0.00193,0.09243
CVE-2026-76404,0.00561,0.45491
CVE-2026-76405,0.00139,0.03643
CVE-2026-76409,0.00496,0.4161
CVE-2026-76412,0.00321,0.25393
CVE-2026-76413,0.00322,0.25404
CVE-2026-76420,0.00367,0.30531
CVE-2026-76423,0.00547,0.4469
CVE-2026-76424,0.00617,0.48175
CVE-2026-76425,0.00295,0.22423
CVE-2026-76426,0.00347,0.28346
CVE-2026-76427,0.00334,0.26885
CVE-2026-76428,0.00369,0.30761
CVE-2026-76431,0.01132,0.64999
CVE-2026-76432,0.0088,0.57541
CVE-2026-76433,0.00929,0.59046
CVE-2026-76434,0.00265,0.18714
CVE-2026-76438,0.00331,0.26443
CVE-2026-76439,0.00324,0.25693
CVE-2026-76440,0.00453,0.38711
CVE-2026-76441,0.00493,0.4141
CVE-2026-76442,0.00351,0.28817
CVE-2026-76443,0.00388,0.32736
CVE-2026-76444,0.00286,0.21346
CVE-2026-76446,0.00303,0.23178
CVE-2026-76447,0.00277,0.20365
CVE-2026-76448,0.00326,0.2595
CVE-2026-76449,0.00326,0.2595
CVE-2026-76450,0.00248,0.16449
CVE-2026-76451,0.00248,0.16449
CVE-2026-76460,0.00784,0.54531
CVE-2026-76461,0.02009,0.79973
CVE-2026-76546,0.00235,0.14821
CVE-2026-76547,0.00246,0.162
CVE-2026-76548,0.00187,0.08591
CVE-2026-76549,0.00097,0.00843
CVE-2026-76550,0.00767,0.53993
CVE-2026-76551,0.00767,0.53992
CVE-2026-76552,0.0068,0.50969
CVE-2026-76553,0.00422,0.36115
CVE-2026-76554,0.00132,0.0316
CVE-2026-76555,0.00454,0.38762
CVE-2026-76556,0.00375,0.31351
CVE-2026-76557,0.00375,0.31351
CVE-2026-76558,0.00395,0.33506
CVE-2026-76559,0.00286,0.2143
CVE-2026-76560,0.00367,0.30504
CVE-2026-76561,0.00592,0.46978
CVE-2026-76562,0.00236,0.14937
CVE-2026-76564,0.0032,0.2526
CVE-2026-76565,0.0032,0.2526
CVE-2026-76569,0.00258,0.17796
CVE-2026-76571,0.00271,0.19566
CVE-2026-76572,0.00335,0.26968
CVE-2026-76573,0.00201,0.10303
CVE-2026-76574,0.00328,0.26175
CVE-2026-76576,0.00365,0.30367
CVE-2026-76578,0.00453,0.38706
CVE-2026-76579,0.0023,0.14136
CVE-2026-76581,0.00339,0.27457
CVE-2026-76582,0.01282,0.68757
CVE-2026-76583,0.01067,0.63288
CVE-2026-76584,0.00493,0.41401
CVE-2026-76585,0.00276,0.20254
CVE-2026-76586,0.00208,0.11313
CVE-2026-76589,0.00614,0.48027
CVE-2026-76590,0.00614,0.48027
CVE-2026-76591,0.01318,0.69547
CVE-2026-76596,0.00239,0.15341
CVE-2026-76597,0.00352,0.28968
CVE-2026-76598,0.00311,0.24167
CVE-2026-76599,0.00295,0.22394
CVE-2026-76600,0.00239,0.15342
CVE-2026-76601,0.00295,0.22393
CVE-2026-76602,0.00249,0.16543
CVE-2026-76603,0.00239,0.15342
CVE-2026-76604,0.00411,0.35046
CVE-2026-76605,0.00411,0.35046
CVE-2026-76606,0.00331,0.26528
CVE-2026-76607,0.00239,0.15339
CVE-2026-76608,0.00295,0.22393
CVE-2026-76609,0.00239,0.1534
CVE-2026-76610,0.00156,0.0514
CVE-2026-76611,0.00331,0.26528
CVE-2026-76612,0.00347,0.28364
CVE-2026-76613,0.00293,0.22182
CVE-2026-76614,0.00334,0.26819
CVE-2026-76633,0.00245,0.16012
CVE-2026-76634,0.00374,0.31257
CVE-2026-76635,0.00353,0.2901
CVE-2026-76639,0.00714,0.52209
CVE-2026-76640,0.00347,0.28303
CVE-2026-76641,0.00353,0.2905
CVE-2026-76642,0.00176,0.07415
CVE-2026-76646,0.00506,0.42189
CVE-2026-76647,0.00375,0.31359
CVE-2026-76649,0.00179,0.07688
CVE-2026-76650,0.00179,0.07688
CVE-2026-76651,0.00296,0.22496
CVE-2026-76652,0.00526,0.43499
CVE-2026-76653,0.00299,0.22759
CVE-2026-76657,0.00428,0.36626
CVE-2026-76658,0.00435,0.37311
CVE-2026-76669,0.00448,0.38361
CVE-2026-76670,0.00448,0.3836
CVE-2026-76672,0.00395,0.33495
CVE-2026-76673,0.00453,0.38661
CVE-2026-76674,0.01056,0.62951
CVE-2026-76675,0.01342,0.70097
CVE-2026-76676,0.00245,0.16078
CVE-2026-76677,0.0042,0.3597
CVE-2026-76678,0.00718,0.52375
CVE-2026-76679,0.00338,0.27374
CVE-2026-76680,0.00285,0.21294
CVE-2026-76681,0.00293,0.22113
CVE-2026-76682,0.00518,0.43033
CVE-2026-76683,0.00589,0.46824
CVE-2026-76684,0.00462,0.39323
CVE-2026-76685,0.00668,0.50469
CVE-2026-76686,0.00573,0.46086
CVE-2026-76687,0.00535,0.44047
CVE-2026-76688,0.00302,0.23146
CVE-2026-76689,0.00852,0.56679
CVE-2026-76690,0.00979,0.6068
CVE-2026-76691,0.00755,0.53593
CVE-2026-76692,0.00191,0.09058
CVE-2026-76693,0.00356,0.29353
CVE-2026-76694,0.0042,0.35944
CVE-2026-76695,0.00372,0.31077
CVE-2026-76696,0.00269,0.19305
CVE-2026-76697,0.00452,0.38608
CVE-2026-76698,0.04107,0.90306
CVE-2026-76699,0.00161,0.05692
CVE-2026-76700,0.00455,0.38798
CVE-2026-76701,0.00421,0.36041
CVE-2026-76702,0.00112,0.01551
CVE-2026-76703,0.00287,0.21452
CVE-2026-76704,0.00249,0.16571
CVE-2026-76705,0.00543,0.44481
CVE-2026-76706,0.0042,0.35932
CVE-2026-76707,0.00166,0.06263
CVE-2026-76755,0.00199,0.10001
CVE-2026-76756,0.00199,0.1
CVE-2026-76757,0.00199,0.10001
CVE-2026-76758,0.00212,0.11849
CVE-2026-76759,0.00176,0.07407
CVE-2026-76760,0.00329,0.26291
CVE-2026-76761,0.01583,0.74458
CVE-2026-76762,0.00275,0.20132
CVE-2026-76763,0.00354,0.29187
CVE-2026-76764,0.00328,0.26174
CVE-2026-76781,0.0016,0.05608
CVE-2026-76782,0.00176,0.07407
CVE-2026-76783,0.00254,0.17276
CVE-2026-76784,0.00146,0.04277
CVE-2026-76785,0.002,0.10214
CVE-2026-76789,0.0034,0.27582
CVE-2026-76790,0.00158,0.05422
CVE-2026-76793,0.00348,0.2842
CVE-2026-76794,0.00165,0.06217
CVE-2026-76795,0.00352,0.28906
CVE-2026-76796,0.0024,0.15432
CVE-2026-76797,0.00252,0.17022
CVE-2026-76798,0.00208,0.113
CVE-2026-76799,0.00396,0.33645
CVE-2026-76800,0.00201,0.10359
CVE-2026-76801,0.00502,0.41992
CVE-2026-76816,0.00174,0.07147
CVE-2026-76820,0.00304,0.23358
CVE-2026-76821,0.00466,0.39536
CVE-2026-76825,0.00572,0.46023
CVE-2026-76827,0.00316,0.24742
CVE-2026-76832,0.00844,0.56413
CVE-2026-76833,0.00151,0.04677
CVE-2026-76834,0.00847,0.56505
CVE-2026-76835,0.00347,0.28357
CVE-2026-76836,0.00331,0.26414
CVE-2026-76837,0.00197,0.09775
CVE-2026-76838,0.00306,0.23551
CVE-2026-76839,0.00272,0.19777
CVE-2026-76840,0.003,0.22849
CVE-2026-76841,0.0071,0.5208
CVE-2026-76842,0.0038,0.31922
CVE-2026-76843,0.00147,0.0435
CVE-2026-76844,0.00371,0.30996
CVE-2026-76845,0.00131,0.03101
CVE-2026-76846,0.00241,0.15603
CVE-2026-76847,0.00226,0.13618
CVE-2026-76850,0.00983,0.60799
CVE-2026-76851,0.00509,0.42451
CVE-2026-76852,0.00231,0.14192
CVE-2026-76853,0.00218,0.12518
CVE-2026-76854,0.00464,0.39434
CVE-2026-76855,0.00376,0.31452
CVE-2026-76856,0.00159,0.05536
CVE-2026-76857,0.00345,0.28061
CVE-2026-76858,0.0028,0.207
CVE-2026-76859,0.00345,0.28061
CVE-2026-76860,0.00415,0.35504
CVE-2026-76861,0.00511,0.42565
CVE-2026-76862,0.00415,0.35481
CVE-2026-76863,0.00221,0.12927
CVE-2026-76864,0.00194,0.09456
CVE-2026-76865,0.00362,0.30082
CVE-2026-76866,0.00433,0.37073
CVE-2026-76867,0.00182,0.08009
CVE-2026-76868,0.00362,0.30082
CVE-2026-76869,0.00433,0.37081
CVE-2026-76870,0.00314,0.24482
CVE-2026-76871,0.00279,0.20635
CVE-2026-76872,0.00182,0.0801
CVE-2026-76873,0.00192,0.09149
CVE-2026-76876,0.00281,0.20862
CVE-2026-76878,0.00476,0.40264
CVE-2026-76879,0.00269,0.19306
CVE-2026-76880,0.00243,0.15858
CVE-2026-76881,0.00102,0.01058
CVE-2026-76882,0.00102,0.01039
CVE-2026-76883,0.00095,0.00738
CVE-2026-76884,0.00186,0.08423
CVE-2026-76885,0.00186,0.08422
CVE-2026-76886,0.00319,0.25097
CVE-2026-76887,0.00176,0.07375
CVE-2026-76888,0.00186,0.08422
CVE-2026-76889,0.00095,0.00738
CVE-2026-76890,0.00186,0.08423
CVE-2026-76891,0.00186,0.08422
CVE-2026-76899,0.00303,0.23197
CVE-2026-76900,0.00382,0.32158
CVE-2026-76901,0.00332,0.26551
CVE-2026-76902,0.00225,0.13417
CVE-2026-76904,0.01791,0.77389
CVE-2026-76905,0.00421,0.3604
CVE-2026-76917,0.00101,0.01031
CVE-2026-76918,0.00101,0.01032
CVE-2026-76919,0.00269,0.19306
CVE-2026-76920,0.00095,0.00738
CVE-2026-76921,0.00114,0.01662
CVE-2026-76922,0.00101,0.01031
CVE-2026-76923,0.00101,0.01031
CVE-2026-76924,0.00104,0.01134
CVE-2026-76925,0.00098,0.00867
CVE-2026-76926,0.00189,0.08885
CVE-2026-76927,0.00156,0.05134
CVE-2026-76928,0.00274,0.20069
CVE-2026-76929,0.00097,0.00833
CVE-2026-76931,0.00193,0.09306
CVE-2026-76940,0.00357,0.29462
CVE-2026-76943,0.00674,0.50675
CVE-2026-76945,0.00364,0.3025
CVE-2026-76949,0.00491,0.41256
CVE-2026-76956,0.00287,0.21542
CVE-2026-76957,0.00107,0.01268
CVE-2026-76958,0.00223,0.13232
CVE-2026-76959,0.00088,0.00451
CVE-2026-76960,0.00094,0.00698
CVE-2026-76961,0.00094,0.00697
CVE-2026-76962,0.00202,0.10476
CVE-2026-76963,0.00168,0.06551
CVE-2026-76967,0.00218,0.12488
CVE-2026-76968,0.00231,0.14263
CVE-2026-76969,0.00294,0.22234
CVE-2026-76971,0.00148,0.04434
CVE-2026-76977,0.00223,0.13222
CVE-2026-76982,0.00496,0.41615
CVE-2026-76983,0.00496,0.41615
CVE-2026-76984,0.00496,0.41615
CVE-2026-76985,0.00496,0.41616
CVE-2026-76986,0.00563,0.45591
CVE-2026-76987,0.00307,0.23675
CVE-2026-76988,0.00419,0.35814
CVE-2026-76989,0.00419,0.35815
CVE-2026-76990,0.00263,0.18488
CVE-2026-76991,0.002,0.10211
CVE-2026-76993,0.00224,0.13358
CVE-2026-76995,0.00227,0.13701
CVE-2026-76996,0.00263,0.18488
CVE-2026-76997,0.002,0.10221
CVE-2026-76998,0.00263,0.18482
CVE-2026-76999,0.00256,0.17664
CVE-2026-77000,0.00341,0.27755
CVE-2026-77001,0.00417,0.35642
CVE-2026-77002,0.00341,0.27756
CVE-2026-77003,0.00168,0.06581
CVE-2026-77004,0.01282,0.68757
CVE-2026-77005,0.00297,0.22637
CVE-2026-77006,0.0018,0.07871
CVE-2026-77007,0.00256,0.17583
CVE-2026-77008,0.00246,0.16207
CVE-2026-77009,0.00288,0.21612
CVE-2026-77010,0.00164,0.06113
CVE-2026-77012,0.00204,0.10727
CVE-2026-77013,0.00182,0.08018
CVE-2026-77014,0.00232,0.14413
CVE-2026-77016,0.00241,0.15606
CVE-2026-77017,0.00249,0.16624
CVE-2026-77018,0.00406,0.34624
CVE-2026-77019,0.00263,0.18478
CVE-2026-77020,0.00263,0.18478
CVE-2026-77022,0.00463,0.39346
CVE-2026-77025,0.002,0.1021
CVE-2026-77026,0.00268,0.19247
CVE-2026-77027,0.00258,0.17799
CVE-2026-77028,0.00244,0.15941
CVE-2026-77029,0.00159,0.0554
CVE-2026-77031,0.01318,0.69547
CVE-2026-77034,0.00239,0.15336
CVE-2026-77035,0.00229,0.14003
CVE-2026-77036,0.00209,0.11452
CVE-2026-77037,0.00347,0.28346
CVE-2026-77051,0.00561,0.45475
CVE-2026-77063,0.0016,0.0563
CVE-2026-77066,0.00199,0.10081
CVE-2026-77067,0.00222,0.13007
CVE-2026-77068,0.00579,0.46322
CVE-2026-77069,0.00173,0.07092
CVE-2026-77070,0.00281,0.20813
CVE-2026-77071,0.00338,0.2734
CVE-2026-77072,0.00175,0.07332
CVE-2026-77073,0.00201,0.10333
CVE-2026-77074,0.00211,0.11615
CVE-2026-77075,0.00257,0.17668
CVE-2026-77076,0.00287,0.21474
CVE-2026-77077,0.00312,0.24267
CVE-2026-77078,0.00291,0.21909
CVE-2026-77079,0.00248,0.16417
CVE-2026-77080,0.00312,0.24321
CVE-2026-77081,0.00217,0.12483
CVE-2026-77082,0.00275,0.20203
CVE-2026-77083,0.00226,0.13649
CVE-2026-77084,0.004,0.34077
CVE-2026-77085,0.0021,0.11556
CVE-2026-77086,0.00647,0.49575
CVE-2026-77087,0.00396,0.33636
CVE-2026-77088,0.00188,0.08704
CVE-2026-77089,0.00329,0.26209
CVE-2026-77091,0.00133,0.03247
CVE-2026-77092,0.00185,0.08412
CVE-2026-77097,0.00257,0.17755
CVE-2026-77098,0.0026,0.181
CVE-2026-77101,0.00267,0.19102
CVE-2026-77102,0.00267,0.19101
CVE-2026-77103,0.00289,0.21741
CVE-2026-77104,0.00374,0.3133
CVE-2026-77105,0.00177,0.07518
CVE-2026-77106,0.00305,0.23494
CVE-2026-77108,0.00479,0.40459
CVE-2026-77109,0.00409,0.34867
CVE-2026-77110,0.00724,0.52573
CVE-2026-77111,0.00476,0.40277
CVE-2026-77113,0.00237,0.15076
CVE-2026-77115,0.00146,0.04259
CVE-2026-77116,0.00165,0.06191
CVE-2026-77117,0.00412,0.35189
CVE-2026-77118,0.00131,0.03074
CVE-2026-77119,0.00188,0.08691
CVE-2026-77120,0.00449,0.38399
CVE-2026-77121,0.00235,0.14676
CVE-2026-77122,0.00215,0.1222
CVE-2026-77123,0.00271,0.19534
CVE-2026-77124,0.00307,0.23702
CVE-2026-77125,0.00215,0.12218
CVE-2026-77127,0.00255,0.17476
CVE-2026-77128,0.00371,0.31012
CVE-2026-77129,0.00234,0.14606
CVE-2026-77130,0.00207,0.11161
CVE-2026-77131,0.00152,0.04718
CVE-2026-77132,0.00409,0.34917
CVE-2026-77133,0.00207,0.11161
CVE-2026-77134,0.00239,0.15337
CVE-2026-77135,0.00239,0.15338
CVE-2026-77136,0.00554,0.45074
CVE-2026-77137,0.00234,0.14606
CVE-2026-77138,0.00423,0.36224
CVE-2026-77139,0.00292,0.22025
CVE-2026-77140,0.00239,0.15339
CVE-2026-77141,0.00239,0.15338
CVE-2026-77142,0.00239,0.15338
CVE-2026-77143,0.00239,0.15338
CVE-2026-77144,0.00301,0.22953
CVE-2026-77145,0.00207,0.11165
CVE-2026-77146,0.00247,0.16343
CVE-2026-77147,0.00284,0.21137
CVE-2026-77148,0.00472,0.40014
CVE-2026-77150,0.00254,0.17248
CVE-2026-77151,0.00296,0.22511
CVE-2026-77159,0.00162,0.05876
CVE-2026-77161,0.00269,0.19288
CVE-2026-77164,0.00126,0.02673
CVE-2026-77169,0.00241,0.15632
CVE-2026-77170,0.00153,0.04828
CVE-2026-77176,0.00411,0.3507
CVE-2026-77179,0.0016,0.05608
CVE-2026-77180,0.00307,0.23698
CVE-2026-77181,0.00477,0.40341
CVE-2026-77184,0.00218,0.12572
CVE-2026-77186,0.00207,0.11205
CVE-2026-77187,0.00193,0.09301
CVE-2026-77189,0.00287,0.21501
CVE-2026-77190,0.00281,0.20828
CVE-2026-77191,0.0014,0.03741
CVE-2026-77194,0.00424,0.36341
CVE-2026-77217,0.00433,0.37073
CVE-2026-77218,0.00411,0.3508
CVE-2026-77219,0.00128,0.02849
CVE-2026-77220,0.00239,0.15314
CVE-2026-77233,0.00292,0.2207
CVE-2026-77234,0.00119,0.02001
CVE-2026-77235,0.0011,0.0146
CVE-2026-77236,0.00113,0.01655
CVE-2026-77237,0.00132,0.03164
CVE-2026-77239,0.00284,0.21181
CVE-2026-77240,0.00274,0.20042
CVE-2026-77263,0.00247,0.16279
CVE-2026-77264,0.00568,0.45797
CVE-2026-77281,0.0036,0.29791
CVE-2026-77298,0.0029,0.21799
CVE-2026-77301,0.00411,0.35119
CVE-2026-77310,0.00187,0.08611
CVE-2026-77317,0.0022,0.12865
CVE-2026-77337,0.00389,0.32827
CVE-2026-77339,0.00214,0.12044
CVE-2026-77341,0.00272,0.19855
CVE-2026-77348,0.00246,0.16165
CVE-2026-77351,0.00182,0.08052
CVE-2026-77352,0.00193,0.09261
CVE-2026-77353,0.00165,0.06231
CVE-2026-77354,0.00302,0.2308
CVE-2026-77357,0.00304,0.2339
CVE-2026-77358,0.00287,0.21478
CVE-2026-77360,0.00623,0.48465
CVE-2026-77365,0.0031,0.24027
CVE-2026-77368,0.00215,0.12227
CVE-2026-77384,0.00339,0.27441
CVE-2026-77385,0.00315,0.2467
CVE-2026-77386,0.00391,0.33111
CVE-2026-77391,0.00179,0.07737
CVE-2026-77392,0.0025,0.16661
CVE-2026-77393,0.00506,0.42233
CVE-2026-77396,0.00128,0.0285
CVE-2026-77401,0.00368,0.30592
CVE-2026-77403,0.00411,0.35082
CVE-2026-77404,0.00097,0.00853
CVE-2026-77405,0.0023,0.1409
CVE-2026-77406,0.00411,0.35082
CVE-2026-77407,0.00127,0.02722
CVE-2026-77408,0.00411,0.35081
CVE-2026-77409,0.00411,0.35082
CVE-2026-77410,0.00411,0.35081
CVE-2026-77411,0.00411,0.35081
CVE-2026-77412,0.00411,0.35081
CVE-2026-77413,0.00519,0.43119
CVE-2026-77414,0.00432,0.36954
CVE-2026-77415,0.00645,0.49465
CVE-2026-77438,0.00241,0.156
CVE-2026-77454,0.00126,0.02627
CVE-2026-77465,0.00358,0.29629
CVE-2026-77480,0.00526,0.4353
CVE-2026-77481,0.00618,0.48218
CVE-2026-77482,0.00751,0.53465
CVE-2026-77483,0.00526,0.43531
CVE-2026-77484,0.01147,0.65344
CVE-2026-77485,0.00199,0.10021
CVE-2026-77486,0.00545,0.44583
CVE-2026-77487,0.00526,0.4353
CVE-2026-77488,0.00298,0.22753
CVE-2026-77489,0.00311,0.24125
CVE-2026-77490,0.00299,0.22764
CVE-2026-77491,0.0029,0.21836
CVE-2026-77492,0.00306,0.23511
CVE-2026-77493,0.00954,0.59842
CVE-2026-77494,0.01174,0.66132
CVE-2026-77495,0.00554,0.45082
CVE-2026-77498,0.00816,0.55563
CVE-2026-77499,0.00853,0.5673
CVE-2026-77500,0.00327,0.25983
CVE-2026-77501,0.00817,0.55592
CVE-2026-77502,0.00816,0.55563
CVE-2026-77503,0.00242,0.15723
CVE-2026-77504,0.00618,0.48213
CVE-2026-77505,0.00519,0.43061
CVE-2026-77506,0.00254,0.17227
CVE-2026-77507,0.00237,0.15069
CVE-2026-77508,0.00152,0.04765
CVE-2026-77528,0.00401,0.3413
CVE-2026-77532,0.00271,0.19554
CVE-2026-77533,0.01015,0.61771
CVE-2026-77534,0.00232,0.14356
CVE-2026-77535,0.00811,0.55415
CVE-2026-77536,0.00232,0.14358
CVE-2026-77537,0.00943,0.59509
CVE-2026-77538,0.00225,0.13482
CVE-2026-77539,0.00811,0.55416
CVE-2026-77540,0.00811,0.55416
CVE-2026-77541,0.00257,0.17685
CVE-2026-77542,0.00811,0.55416
CVE-2026-77543,0.00804,0.55198
CVE-2026-77545,0.00214,0.1212
CVE-2026-77546,0.00804,0.55198
CVE-2026-77547,0.00804,0.55198
CVE-2026-77548,0.00804,0.55198
CVE-2026-77549,0.003,0.22949
CVE-2026-77550,0.00486,0.40927
CVE-2026-77551,0.0022,0.12823
CVE-2026-77552,0.00893,0.57932
CVE-2026-77553,0.00232,0.14358
CVE-2026-77554,0.00992,0.61051
CVE-2026-77557,0.00331,0.26447
CVE-2026-77567,0.00304,0.23346
CVE-2026-77568,0.00098,0.00877
CVE-2026-77573,0.00142,0.03853
CVE-2026-77584,0.00177,0.0756
CVE-2026-77585,0.00102,0.01071
CVE-2026-77586,0.00226,0.13579
CVE-2026-77587,0.00232,0.14304
CVE-2026-77606,0.00155,0.05011
CVE-2026-77607,0.00155,0.05009
CVE-2026-77608,0.00155,0.05011
CVE-2026-77609,0.00147,0.04304
CVE-2026-77610,0.00155,0.05013
CVE-2026-77611,0.00221,0.12938
CVE-2026-77614,0.00405,0.34563
CVE-2026-77615,0.00392,0.33217
CVE-2026-77616,0.00202,0.1049
CVE-2026-77634,0.00312,0.24353
CVE-2026-77635,0.00294,0.22224
CVE-2026-77638,0.00193,0.09226
CVE-2026-77639,0.00231,0.1421
CVE-2026-77640,0.00223,0.13249
CVE-2026-77641,0.00202,0.1043
CVE-2026-77642,0.00202,0.1043
CVE-2026-77643,0.00156,0.05216
CVE-2026-77644,0.00313,0.24467
CVE-2026-77645,0.00472,0.39998
CVE-2026-77646,0.00348,0.28516
CVE-2026-77647,0.0262,0.8477
CVE-2026-77648,0.00192,0.09133
CVE-2026-77649,0.00434,0.37182
CVE-2026-77650,0.00434,0.37182
CVE-2026-77651,0.00453,0.38674
CVE-2026-77652,0.00151,0.0468
CVE-2026-77654,0.00099,0.00899
CVE-2026-77658,0.00144,0.04048
CVE-2026-77680,0.00344,0.27971
CVE-2026-77681,0.0027,0.19454
CVE-2026-77683,0.01514,0.73357
CVE-2026-77686,0.00274,0.20088
CVE-2026-77689,0.00221,0.12931
CVE-2026-77692,0.0048,0.40551
CVE-2026-77693,0.00342,0.27799
CVE-2026-77694,0.00239,0.15251
CVE-2026-77695,0.00216,0.12349
CVE-2026-77697,0.00246,0.16254
CVE-2026-77698,0.00225,0.13392
CVE-2026-77699,0.00157,0.05333
CVE-2026-77701,0.00221,0.1293
CVE-2026-77702,0.00291,0.21874
CVE-2026-77704,0.00168,0.06583
CVE-2026-77705,0.00316,0.248
CVE-2026-77710,0.00292,0.21979
CVE-2026-77751,0.00483,0.40772
CVE-2026-77752,0.00316,0.24798
CVE-2026-77753,0.00234,0.1456
CVE-2026-77754,0.00271,0.19598
CVE-2026-77755,0.00304,0.23392
CVE-2026-77757,0.00254,0.17319
CVE-2026-77758,0.00271,0.19598
CVE-2026-77759,0.0032,0.25243
CVE-2026-77761,0.0037,0.3093
CVE-2026-77763,0.00325,0.25813
CVE-2026-77764,0.00185,0.08369
CVE-2026-77767,0.00361,0.29962
CVE-2026-77768,0.00243,0.15848
CVE-2026-77769,0.00243,0.15848
CVE-2026-77770,0.00243,0.15806
CVE-2026-77771,0.0019,0.0899
CVE-2026-77773,0.00206,0.11061
CVE-2026-77774,0.00484,0.4078
CVE-2026-77775,0.00363,0.30114
CVE-2026-77776,0.00345,0.28121
CVE-2026-77780,0.00253,0.17058
CVE-2026-77781,0.00583,0.46558
CVE-2026-77782,0.00251,0.1683
CVE-2026-77783,0.00197,0.09767
CVE-2026-77784,0.00205,0.10811
CVE-2026-77785,0.00179,0.07712
CVE-2026-77786,0.00193,0.09278
CVE-2026-77787,0.00168,0.06581
CVE-2026-77788,0.00193,0.09278
CVE-2026-77789,0.002,0.10168
CVE-2026-77790,0.00208,0.11288
CVE-2026-77792,0.00216,0.12375
CVE-2026-77793,0.00194,0.0939
CVE-2026-77794,0.00194,0.09389
CVE-2026-77795,0.00201,0.10365
CVE-2026-77801,0.00337,0.27207
CVE-2026-77806,0.04201,0.90499
CVE-2026-77807,0.0068,0.50956
CVE-2026-77810,0.00347,0.28393
CVE-2026-77811,0.00371,0.30999
CVE-2026-77812,0.00062,0.00013
CVE-2026-77814,0.00409,0.34905
CVE-2026-77815,0.0041,0.34986
CVE-2026-77818,0.00179,0.07694
CVE-2026-77820,0.00242,0.1569
CVE-2026-77822,0.00212,0.11867
CVE-2026-77823,0.00353,0.28969
CVE-2026-77824,0.00301,0.23041
CVE-2026-77826,0.00275,0.20142
CVE-2026-77827,0.00166,0.0629
CVE-2026-77830,0.00273,0.19902
CVE-2026-77831,0.00138,0.03566
CVE-2026-77838,0.00169,0.06663
CVE-2026-77846,0.00139,0.03618
CVE-2026-77847,0.0033,0.26396
CVE-2026-77850,0.00278,0.20507
CVE-2026-77853,0.01029,0.6216
CVE-2026-77856,0.00315,0.24606
CVE-2026-77860,0.00272,0.19836
CVE-2026-77866,0.0046,0.39121
CVE-2026-77875,0.0016,0.05673
CVE-2026-77883,0.00375,0.31375
CVE-2026-77884,0.0032,0.25254
CVE-2026-77886,0.00816,0.55564
CVE-2026-77887,0.00208,0.11287
CVE-2026-77888,0.00852,0.56692
CVE-2026-77889,0.00852,0.56692
CVE-2026-77890,0.00853,0.5673
CVE-2026-77891,0.00208,0.11319
CVE-2026-77892,0.00305,0.234
CVE-2026-77893,0.00816,0.55564
CVE-2026-77894,0.00153,0.04807
CVE-2026-77895,0.01125,0.64821
CVE-2026-77896,0.00656,0.49966
CVE-2026-77897,0.0027,0.19454
CVE-2026-77898,0.00468,0.39657
CVE-2026-77899,0.00199,0.10022
CVE-2026-77901,0.00594,0.47083
CVE-2026-77903,0.00381,0.31946
CVE-2026-77904,0.0024,0.15403
CVE-2026-77905,0.00199,0.10021
CVE-2026-77906,0.00751,0.53465
CVE-2026-77907,0.00545,0.44583
CVE-2026-77908,0.00689,0.51305
CVE-2026-77909,0.00592,0.46984
CVE-2026-77911,0.00692,0.51412
CVE-2026-77914,0.00536,0.44133
CVE-2026-77915,0.00405,0.34576
CVE-2026-77923,0.00208,0.11335
CVE-2026-77927,0.00406,0.34627
CVE-2026-77928,0.00255,0.17493
CVE-2026-77929,0.0051,0.42496
CVE-2026-77939,0.00444,0.38013
CVE-2026-77945,0.01284,0.6879
CVE-2026-77946,0.00619,0.4828
CVE-2026-77950,0.00315,0.24605
CVE-2026-77955,0.00128,0.02853
CVE-2026-77956,0.00195,0.09521
CVE-2026-77960,0.00237,0.14968
CVE-2026-77966,0.00442,0.37856
CVE-2026-77968,0.00248,0.1645
CVE-2026-77970,0.00097,0.00858
CVE-2026-77972,0.00317,0.24843
CVE-2026-77974,0.00158,0.05394
CVE-2026-77975,0.00181,0.07996
CVE-2026-77977,0.00229,0.13938
CVE-2026-77988,0.02093,0.80805
CVE-2026-77989,0.00258,0.178
CVE-2026-77990,0.00207,0.11162
CVE-2026-77991,0.00414,0.35397
CVE-2026-77992,0.00262,0.18347
CVE-2026-77993,0.00258,0.17797
CVE-2026-77994,0.00228,0.13815
CVE-2026-77995,0.00295,0.22392
CVE-2026-77996,0.00247,0.16268
CVE-2026-77997,0.00229,0.14004
CVE-2026-77998,0.0034,0.276
CVE-2026-77999,0.00253,0.17082
CVE-2026-78000,0.00314,0.24492
CVE-2026-78002,0.00612,0.47943
CVE-2026-78003,0.00873,0.57343
CVE-2026-78006,0.00778,0.54341
CVE-2026-78008,0.00365,0.30371
CVE-2026-78009,0.00322,0.25406
CVE-2026-78010,0.00327,0.25977
CVE-2026-78011,0.00322,0.25405
CVE-2026-78012,0.00475,0.40233
CVE-2026-78032,0.00419,0.35901
CVE-2026-78037,0.0122,0.67338
CVE-2026-78038,0.0014,0.03733
CVE-2026-78043,0.00171,0.06899
CVE-2026-78047,0.00258,0.1786
CVE-2026-78049,0.00397,0.33693
CVE-2026-78050,0.00569,0.45875
CVE-2026-78051,0.00405,0.34504
CVE-2026-78054,0.00273,0.19915
CVE-2026-78055,0.00347,0.28369
CVE-2026-78056,0.00204,0.10755
CVE-2026-78057,0.00255,0.17414
CVE-2026-78059,0.00354,0.29228
CVE-2026-78060,0.00354,0.29228
CVE-2026-78061,0.00276,0.20222
CVE-2026-78062,0.00288,0.21633
CVE-2026-78063,0.01067,0.63287
CVE-2026-78064,0.00239,0.15339
CVE-2026-78065,0.00207,0.11165
CVE-2026-78069,0.00239,0.15339
CVE-2026-78070,0.00269,0.19292
CVE-2026-78071,0.00304,0.23343
CVE-2026-78072,0.00323,0.25582
CVE-2026-78073,0.00318,0.24934
CVE-2026-78074,0.0031,0.24096
CVE-2026-78075,0.00229,0.14003
CVE-2026-78076,0.00229,0.14004
CVE-2026-78077,0.00269,0.19367
CVE-2026-78078,0.00257,0.17678
CVE-2026-78079,0.00262,0.183
CVE-2026-78080,0.00281,0.20831
CVE-2026-78081,0.00151,0.04628
CVE-2026-78082,0.0049,0.41189
CVE-2026-78083,0.00205,0.10898
CVE-2026-78084,0.00184,0.08276
CVE-2026-78085,0.00362,0.30042
CVE-2026-78088,0.00595,0.47091
CVE-2026-78103,0.00291,0.2197
CVE-2026-78112,0.0025,0.16662
CVE-2026-78115,0.00296,0.22496
CVE-2026-78122,0.00322,0.25491
CVE-2026-78123,0.00413,0.35236
CVE-2026-78124,0.00194,0.09366
CVE-2026-78125,0.00206,0.1106
CVE-2026-78126,0.00413,0.35235
CVE-2026-78127,0.00354,0.29104
CVE-2026-78129,0.00413,0.35235
CVE-2026-78130,0.00315,0.24649
CVE-2026-78131,0.00231,0.14171
CVE-2026-78132,0.00315,0.24648
CVE-2026-78133,0.00426,0.36509
CVE-2026-78134,0.00319,0.25068
CVE-2026-78135,0.00363,0.30127
CVE-2026-78136,0.00188,0.08699
CVE-2026-78137,0.00281,0.20815
CVE-2026-78138,0.00176,0.07435
CVE-2026-78139,0.00152,0.04755
CVE-2026-78140,0.00244,0.15879
CVE-2026-78141,0.01067,0.63287
CVE-2026-78142,0.0022,0.1278
CVE-2026-78143,0.00263,0.18492
CVE-2026-78144,0.00289,0.21765
CVE-2026-78145,0.0042,0.35927
CVE-2026-78146,0.00231,0.14224
CVE-2026-78147,0.00432,0.37038
CVE-2026-78148,0.0054,0.44305
CVE-2026-78149,0.00251,0.16829
CVE-2026-78150,0.00218,0.12522
CVE-2026-78151,0.00206,0.11056
CVE-2026-78152,0.0024,0.15455
CVE-2026-78153,0.0021,0.11463
CVE-2026-78155,0.00294,0.22207
CVE-2026-78156,0.00333,0.2671
CVE-2026-78157,0.00228,0.13908
CVE-2026-78158,0.00209,0.1145
CVE-2026-78159,0.00762,0.53839
CVE-2026-78160,0.0029,0.21833
CVE-2026-78161,0.00405,0.3454
CVE-2026-78166,0.00305,0.23459
CVE-2026-78167,0.0103,0.62203
CVE-2026-78168,0.00929,0.59033
CVE-2026-78169,0.00438,0.37502
CVE-2026-78170,0.00438,0.37504
CVE-2026-78171,0.00328,0.26176
CVE-2026-78172,0.00211,0.11669
CVE-2026-78174,0.00346,0.28234
CVE-2026-78175,0.00586,0.46708
CVE-2026-78177,0.00603,0.47519
CVE-2026-78178,0.00439,0.37591
CVE-2026-78179,0.0033,0.26321
CVE-2026-78180,0.00439,0.37592
CVE-2026-78181,0.00439,0.37591
CVE-2026-78182,0.00313,0.24442
CVE-2026-78183,0.0055,0.44872
CVE-2026-78185,0.0025,0.16663
CVE-2026-78186,0.0039,0.32997
CVE-2026-78187,0.00413,0.35332
CVE-2026-78196,0.00137,0.03487
CVE-2026-78197,0.00266,0.18774
CVE-2026-78198,0.00263,0.18476
CVE-2026-78199,0.00263,0.18475
CVE-2026-78200,0.00251,0.16787
CVE-2026-78201,0.00263,0.18492
CVE-2026-78202,0.00288,0.21634
CVE-2026-78203,0.0027,0.19495
CVE-2026-78204,0.00223,0.13171
CVE-2026-78205,0.003,0.22942
CVE-2026-78206,0.00446,0.38186
CVE-2026-78207,0.00439,0.37603
CVE-2026-78208,0.00373,0.31143
CVE-2026-78209,0.00295,0.22409
CVE-2026-78211,0.01545,0.73867
CVE-2026-78212,0.00502,0.41938
CVE-2026-78213,0.00311,0.24168
CVE-2026-78216,0.00246,0.16175
CVE-2026-78221,0.00116,0.0183
CVE-2026-78222,0.00372,0.31056
CVE-2026-78223,0.00319,0.2509
CVE-2026-78224,0.00437,0.37476
CVE-2026-78225,0.00413,0.35291
CVE-2026-78227,0.00267,0.19089
CVE-2026-78228,0.00126,0.02678
CVE-2026-78230,0.00246,0.16177
CVE-2026-78234,0.00212,0.1177
CVE-2026-78236,0.00094,0.00682
CVE-2026-78237,0.00134,0.03283
CVE-2026-78238,0.00169,0.06663
CVE-2026-78239,0.00552,0.44994
CVE-2026-78244,0.00412,0.35218
CVE-2026-78245,0.00474,0.4014
CVE-2026-78246,0.00263,0.18476
CVE-2026-78247,0.00412,0.35217
CVE-2026-78248,0.00412,0.35218
CVE-2026-78250,0.00542,0.44458
CVE-2026-78251,0.00388,0.32806
CVE-2026-78252,0.00392,0.33162
CVE-2026-78254,0.0054,0.44303
CVE-2026-78255,0.00239,0.15341
CVE-2026-78257,0.00482,0.40708
CVE-2026-78258,0.00187,0.08589
CVE-2026-78259,0.00216,0.12308
CVE-2026-78260,0.00383,0.32229
CVE-2026-78261,0.00237,0.1498
CVE-2026-78262,0.00331,0.2651
CVE-2026-78263,0.00146,0.04251
CVE-2026-78264,0.00146,0.04258
CVE-2026-78265,0.00313,0.24461
CVE-2026-78266,0.00234,0.14633
CVE-2026-78267,0.00274,0.20027
CVE-2026-78268,0.0025,0.16706
CVE-2026-78269,0.00138,0.03538
CVE-2026-78270,0.00226,0.13612
CVE-2026-78271,0.0043,0.36844
CVE-2026-78272,0.00181,0.07964
CVE-2026-78273,0.00211,0.11737
CVE-2026-78274,0.00465,0.395
CVE-2026-78275,0.00503,0.42038
CVE-2026-78276,0.00503,0.42016
CVE-2026-78277,0.00148,0.04397
CVE-2026-78278,0.00246,0.16173
CVE-2026-78279,0.00091,0.0058
CVE-2026-78280,0.00098,0.0087
CVE-2026-78281,0.00237,0.14981
CVE-2026-78282,0.00149,0.04497
CVE-2026-78283,0.00237,0.14985
CVE-2026-78284,0.00346,0.28193
CVE-2026-78285,0.00342,0.27841
CVE-2026-78286,0.00525,0.43487
CVE-2026-78288,0.00383,0.32229
CVE-2026-78289,0.00237,0.1498
CVE-2026-78290,0.0013,0.03042
CVE-2026-78291,0.00176,0.07398
CVE-2026-78292,0.00525,0.43487
CVE-2026-78293,0.00237,0.14983
CVE-2026-78294,0.00161,0.05712
CVE-2026-78295,0.00143,0.03966
CVE-2026-78296,0.00111,0.01487
CVE-2026-78299,0.00349,0.28527
CVE-2026-78301,0.00181,0.07961
CVE-2026-78302,0.00258,0.17797
CVE-2026-78303,0.00253,0.17085
CVE-2026-78306,0.00149,0.04493
CVE-2026-78314,0.00364,0.30241
CVE-2026-78315,0.00364,0.30241
CVE-2026-78316,0.00364,0.30241
CVE-2026-78317,0.00364,0.30241
CVE-2026-78318,0.00247,0.16362
CVE-2026-78319,0.00404,0.34489
CVE-2026-78321,0.00164,0.06091
CVE-2026-78322,0.00282,0.20983
CVE-2026-78323,0.00114,0.01658
CVE-2026-78325,0.00088,0.00453
CVE-2026-78327,0.01551,0.73974
CVE-2026-78328,0.00495,0.41557
CVE-2026-78329,0.00427,0.36549
CVE-2026-78330,0.00599,0.47313
CVE-2026-78333,0.00276,0.20252
CVE-2026-78336,0.00413,0.35323
CVE-2026-78337,0.00289,0.21741
CVE-2026-78361,0.00251,0.16821
CVE-2026-78362,0.00341,0.27755
CVE-2026-78363,0.00154,0.04967
CVE-2026-78364,0.00142,0.03929
CVE-2026-78365,0.00373,0.31233
CVE-2026-78367,0.00141,0.03835
CVE-2026-78369,0.00496,0.41623
CVE-2026-78370,0.00486,0.40969
CVE-2026-78372,0.00481,0.40618
CVE-2026-78374,0.00308,0.23748
CVE-2026-78375,0.00218,0.12531
CVE-2026-78376,0.00276,0.20299
CVE-2026-78377,0.00185,0.08404
CVE-2026-78378,0.00279,0.20649
CVE-2026-78379,0.0032,0.25153
CVE-2026-78380,0.00281,0.20869
CVE-2026-78381,0.00394,0.33443
CVE-2026-78385,0.00257,0.17733
CVE-2026-78386,0.00482,0.40668
CVE-2026-78387,0.00351,0.28758
CVE-2026-78391,0.00258,0.17796
CVE-2026-78408,0.00113,0.01619
CVE-2026-78409,0.00124,0.02457
CVE-2026-78410,0.00096,0.00785
CVE-2026-78414,0.00216,0.12361
CVE-2026-78415,0.00183,0.08148
CVE-2026-78416,0.00608,0.47737
CVE-2026-78417,0.00106,0.01259
CVE-2026-78422,0.0009,0.00516
CVE-2026-78425,0.00349,0.28554
CVE-2026-78426,0.00116,0.01852
CVE-2026-78427,0.00357,0.29539
CVE-2026-78428,0.00237,0.1505
CVE-2026-78430,0.00634,0.4896
CVE-2026-78434,0.00424,0.36308
CVE-2026-78435,0.00358,0.29566
CVE-2026-78438,0.00287,0.21454
CVE-2026-78439,0.00618,0.48213
CVE-2026-78441,0.00707,0.51986
CVE-2026-78442,0.00557,0.45222
CVE-2026-78444,0.00507,0.42268
CVE-2026-78445,0.00891,0.57838
CVE-2026-78446,0.00611,0.47858
CVE-2026-78447,0.0024,0.15364
CVE-2026-78448,0.0024,0.15363
CVE-2026-78449,0.00518,0.43019
CVE-2026-78450,0.00507,0.42267
CVE-2026-78451,0.00439,0.37552
CVE-2026-78452,0.00468,0.39718
CVE-2026-78453,0.00922,0.58804
CVE-2026-78454,0.00394,0.33439
CVE-2026-78455,0.00501,0.41899
CVE-2026-78456,0.00852,0.5666
CVE-2026-78457,0.00199,0.10022
CVE-2026-78461,0.01036,0.62382
CVE-2026-78462,0.00504,0.42077
CVE-2026-78463,0.00882,0.57603
CVE-2026-78464,0.00188,0.08742
CVE-2026-78465,0.00235,0.14709
CVE-2026-78470,0.00228,0.1391
CVE-2026-78472,0.00426,0.36507
CVE-2026-78474,0.00377,0.31566
CVE-2026-78475,0.00184,0.08222
CVE-2026-78478,0.00487,0.40997
CVE-2026-78480,0.00305,0.23423
CVE-2026-78481,0.00317,0.24866
CVE-2026-78482,0.01855,0.78234
CVE-2026-78483,0.00132,0.03132
CVE-2026-78484,0.0182,0.77776
CVE-2026-78485,0.0025,0.16653
CVE-2026-78486,0.00194,0.09359
CVE-2026-78487,0.00094,0.00677
CVE-2026-78488,0.03249,0.87764
CVE-2026-78489,0.00132,0.03131
CVE-2026-78490,0.00291,0.21929
CVE-2026-78491,0.00162,0.05844
CVE-2026-78492,0.00185,0.08365
CVE-2026-78493,0.0182,0.77776
CVE-2026-78494,0.0015,0.04559
CVE-2026-78495,0.00232,0.14412
CVE-2026-78498,0.0026,0.18087
CVE-2026-78499,0.0026,0.18087
CVE-2026-78500,0.0026,0.18087
CVE-2026-78501,0.00487,0.41024
CVE-2026-78502,0.00692,0.51415
CVE-2026-78503,0.00922,0.58804
CVE-2026-78504,0.00594,0.47083
CVE-2026-78505,0.00802,0.55123
CVE-2026-78506,0.00541,0.44397
CVE-2026-78507,0.00594,0.47082
CVE-2026-78508,0.00449,0.38369
CVE-2026-78509,0.00954,0.59841
CVE-2026-78510,0.00954,0.59841
CVE-2026-78511,0.00819,0.55666
CVE-2026-78512,0.00819,0.55666
CVE-2026-78513,0.00541,0.44399
CVE-2026-78514,0.00594,0.47083
CVE-2026-78515,0.00922,0.58803
CVE-2026-78516,0.00501,0.41898
CVE-2026-78517,0.00594,0.47083
CVE-2026-78518,0.00859,0.5692
CVE-2026-78519,0.00604,0.47584
CVE-2026-78520,0.00704,0.51853
CVE-2026-78521,0.00594,0.47084
CVE-2026-78522,0.00692,0.51413
CVE-2026-78523,0.00983,0.60794
CVE-2026-78524,0.00819,0.55669
CVE-2026-78525,0.00802,0.55121
CVE-2026-78526,0.00594,0.47082
CVE-2026-78528,0.00214,0.12062
CVE-2026-78536,0.00253,0.17078
CVE-2026-78541,0.00962,0.60104
CVE-2026-78543,0.00386,0.32566
CVE-2026-78545,0.00357,0.29471
CVE-2026-78546,0.00149,0.04513
CVE-2026-78547,0.00153,0.04829
CVE-2026-78550,0.00357,0.29471
CVE-2026-78551,0.00405,0.34567
CVE-2026-78552,0.00329,0.26282
CVE-2026-78553,0.00135,0.03321
CVE-2026-78555,0.00357,0.29435
CVE-2026-78560,0.00201,0.10263
CVE-2026-78569,0.00457,0.38932
CVE-2026-78571,0.00553,0.45035
CVE-2026-78573,0.00394,0.33473
CVE-2026-78574,0.00099,0.00913
CVE-2026-78575,0.00524,0.43394
CVE-2026-78579,0.00247,0.16313
CVE-2026-78581,0.00129,0.02903
CVE-2026-78583,0.00221,0.12969
CVE-2026-78584,0.00226,0.13536
CVE-2026-78586,0.00332,0.26598
CVE-2026-78587,0.00228,0.13824
CVE-2026-78588,0.00296,0.22462
CVE-2026-78590,0.00278,0.20509
CVE-2026-78591,0.0023,0.14126
CVE-2026-78592,0.00251,0.16771
CVE-2026-78593,0.00175,0.07316
CVE-2026-78594,0.00285,0.21324
CVE-2026-78595,0.00166,0.06335
CVE-2026-78596,0.00161,0.0569
CVE-2026-78597,0.00171,0.06893
CVE-2026-78598,0.00143,0.03946
CVE-2026-78599,0.0031,0.24079
CVE-2026-78600,0.00183,0.08165
CVE-2026-78601,0.00206,0.10944
CVE-2026-78602,0.00376,0.31501
CVE-2026-78603,0.00171,0.06894
CVE-2026-78604,0.00101,0.01029
CVE-2026-78605,0.00211,0.1175
CVE-2026-78606,0.0015,0.04576
CVE-2026-78607,0.00193,0.09308
CVE-2026-78608,0.00225,0.13483
CVE-2026-78609,0.00093,0.00657
CVE-2026-78610,0.00162,0.05865
CVE-2026-78612,0.00729,0.52754
CVE-2026-78613,0.00635,0.48995
CVE-2026-78614,0.00729,0.52753
CVE-2026-78615,0.0028,0.20734
CVE-2026-78616,0.00186,0.08523
CVE-2026-78617,0.00323,0.25519
CVE-2026-78618,0.00254,0.17345
CVE-2026-78619,0.00616,0.48149
CVE-2026-78620,0.00251,0.1681
CVE-2026-78622,0.00099,0.00904
CVE-2026-78623,0.00238,0.15101
CVE-2026-78624,0.00352,0.28892
CVE-2026-78625,0.00162,0.05887
CVE-2026-78626,0.00213,0.1193
CVE-2026-78627,0.00105,0.01214
CVE-2026-78629,0.00099,0.00917
CVE-2026-78630,0.00153,0.04859
CVE-2026-78631,0.001,0.00952
CVE-2026-78635,0.00156,0.05154
CVE-2026-78637,0.00326,0.25897
CVE-2026-78638,0.00137,0.03487
CVE-2026-78654,0.00416,0.35575
CVE-2026-78655,0.00495,0.41528
CVE-2026-78656,0.002,0.1022
CVE-2026-78657,0.00718,0.52383
CVE-2026-78658,0.00275,0.20135
CVE-2026-78662,0.00315,0.24678
CVE-2026-78675,0.00119,0.02042
CVE-2026-78676,0.00426,0.365
CVE-2026-78677,0.0043,0.36781
CVE-2026-78678,0.0024,0.15437
CVE-2026-78679,0.00241,0.15613
CVE-2026-78680,0.0012,0.02136
CVE-2026-78681,0.00294,0.22277
CVE-2026-78682,0.00253,0.17183
CVE-2026-78683,0.00292,0.21978
CVE-2026-78684,0.00327,0.26084
CVE-2026-78685,0.00347,0.28339
CVE-2026-78689,0.00453,0.38689
CVE-2026-78691,0.00138,0.03576
CVE-2026-78693,0.00301,0.23032
CVE-2026-78699,0.00113,0.01619
CVE-2026-78701,0.00419,0.35874
CVE-2026-78738,0.00181,0.07957
CVE-2026-78741,0.00181,0.07956
CVE-2026-78742,0.00181,0.07956
CVE-2026-78745,0.00717,0.52326
CVE-2026-78807,0.0008,0.00218
CVE-2026-78834,0.00457,0.3893
CVE-2026-78837,0.00312,0.24275
CVE-2026-78838,0.00367,0.30581
CVE-2026-78839,0.00514,0.4279
CVE-2026-78849,0.00361,0.29874
CVE-2026-78863,0.00289,0.21705
CVE-2026-78864,0.002,0.10219
CVE-2026-78885,0.0036,0.29819
CVE-2026-78886,0.00425,0.36435
CVE-2026-78887,0.00292,0.22032
CVE-2026-78891,0.00417,0.35687
CVE-2026-78892,0.00086,0.00389
CVE-2026-78893,0.00364,0.30236
CVE-2026-78894,0.0021,0.11591
CVE-2026-78895,0.00306,0.23506
CVE-2026-78896,0.00235,0.14784
CVE-2026-78897,0.00271,0.1961
CVE-2026-78898,0.00247,0.16294
CVE-2026-78899,0.00435,0.37288
CVE-2026-78900,0.00435,0.37289
CVE-2026-78901,0.00247,0.16308
CVE-2026-78903,0.00268,0.19199
CVE-2026-78904,0.00475,0.40193
CVE-2026-78905,0.00475,0.40193
CVE-2026-78906,0.00304,0.23355
CVE-2026-78907,0.0037,0.30925
CVE-2026-78908,0.00306,0.23506
CVE-2026-78909,0.00435,0.37289
CVE-2026-78910,0.00487,0.41037
CVE-2026-78911,0.00367,0.3053
CVE-2026-78912,0.0025,0.16644
CVE-2026-78913,0.00313,0.2447
CVE-2026-78914,0.0027,0.19402
CVE-2026-78915,0.00115,0.0178
CVE-2026-78934,0.00381,0.31985
CVE-2026-78935,0.00509,0.42442
CVE-2026-78936,0.00107,0.01277
CVE-2026-78937,0.00373,0.31147
CVE-2026-78938,0.00406,0.34669
CVE-2026-78939,0.00373,0.31147
CVE-2026-78940,0.00376,0.31448
CVE-2026-78941,0.00275,0.20133
CVE-2026-78942,0.00318,0.24948
CVE-2026-78943,0.00251,0.16855
CVE-2026-78944,0.00279,0.20669
CVE-2026-78945,0.00373,0.31149
CVE-2026-78946,0.00233,0.14523
CVE-2026-78947,0.00273,0.1998
CVE-2026-78948,0.00487,0.41036
CVE-2026-78949,0.00099,0.00941
CVE-2026-78950,0.0056,0.45378
CVE-2026-78951,0.00494,0.41467
CVE-2026-78952,0.00381,0.31986
CVE-2026-78953,0.00299,0.22788
CVE-2026-78954,0.00311,0.24185
CVE-2026-78955,0.00441,0.37727
CVE-2026-78956,0.00385,0.32474
CVE-2026-78957,0.00112,0.01537
CVE-2026-78958,0.00287,0.21528
CVE-2026-78959,0.00391,0.33081
CVE-2026-78960,0.00323,0.25524
CVE-2026-78961,0.00311,0.24185
CVE-2026-78962,0.00256,0.1765
CVE-2026-78963,0.00442,0.37866
CVE-2026-78964,0.00494,0.41468
CVE-2026-78965,0.00391,0.33098
CVE-2026-78966,0.00455,0.38793
CVE-2026-78967,0.00386,0.32572
CVE-2026-78968,0.00297,0.22613
CVE-2026-78969,0.00397,0.33722
CVE-2026-78970,0.00346,0.28189
CVE-2026-78971,0.00168,0.06557
CVE-2026-78974,0.0025,0.16696
CVE-2026-78975,0.00424,0.36334
CVE-2026-78976,0.0037,0.3087
CVE-2026-78977,0.00381,0.32009
CVE-2026-78978,0.00442,0.37867
CVE-2026-78979,0.00234,0.14643
CVE-2026-78980,0.00229,0.14013
CVE-2026-78981,0.00258,0.1787
CVE-2026-78983,0.00433,0.37087
CVE-2026-78984,0.00276,0.20287
CVE-2026-78985,0.00594,0.47069
CVE-2026-78986,0.00348,0.28472
CVE-2026-78987,0.0037,0.30869
CVE-2026-78989,0.00545,0.44595
CVE-2026-78990,0.00545,0.44596
CVE-2026-78991,0.00313,0.24411
CVE-2026-78997,0.00278,0.20533
CVE-2026-78999,0.0046,0.39119
CVE-2026-79000,0.00271,0.19572
CVE-2026-79001,0.00311,0.2416
CVE-2026-79002,0.00321,0.2528
CVE-2026-79003,0.00267,0.19139
CVE-2026-79004,0.00253,0.17142
CVE-2026-79005,0.00303,0.23198
CVE-2026-79006,0.00292,0.22073
CVE-2026-79007,0.00348,0.28472
CVE-2026-79008,0.00509,0.42458
CVE-2026-79009,0.00245,0.1601
CVE-2026-79010,0.0038,0.31896
CVE-2026-79011,0.00444,0.38022
CVE-2026-79012,0.00545,0.44596
CVE-2026-79013,0.00472,0.39984
CVE-2026-79014,0.00295,0.22403
CVE-2026-79015,0.00277,0.20443
CVE-2026-79016,0.00359,0.29688
CVE-2026-79017,0.0023,0.14075
CVE-2026-79018,0.00299,0.22813
CVE-2026-79019,0.00466,0.39576
CVE-2026-79020,0.00358,0.29594
CVE-2026-79021,0.00234,0.14571
CVE-2026-79022,0.00269,0.19345
CVE-2026-79023,0.00424,0.36334
CVE-2026-79024,0.00377,0.31609
CVE-2026-79025,0.00206,0.10947
CVE-2026-79026,0.00431,0.36851
CVE-2026-79027,0.00598,0.47302
CVE-2026-79028,0.00324,0.25636
CVE-2026-79030,0.00324,0.25636
CVE-2026-79031,0.00333,0.267
CVE-2026-79032,0.00298,0.22705
CVE-2026-79033,0.00303,0.23194
CVE-2026-79034,0.00179,0.07715
CVE-2026-79035,0.00188,0.08701
CVE-2026-79038,0.00384,0.32304
CVE-2026-79039,0.00512,0.42646
CVE-2026-79040,0.0031,0.2409
CVE-2026-79041,0.00233,0.14524
CVE-2026-79042,0.00274,0.20036
CVE-2026-79043,0.00435,0.37289
CVE-2026-79044,0.00399,0.33941
CVE-2026-79045,0.00322,0.25434
CVE-2026-79046,0.00244,0.15908
CVE-2026-79047,0.00435,0.37288
CVE-2026-79048,0.00545,0.44596
CVE-2026-79049,0.00358,0.29636
CVE-2026-79050,0.00332,0.26568
CVE-2026-79051,0.00311,0.24185
CVE-2026-79052,0.00436,0.37337
CVE-2026-79053,0.00265,0.18694
CVE-2026-79054,0.00381,0.32032
CVE-2026-79055,0.00102,0.01074
CVE-2026-79056,0.00395,0.3349
CVE-2026-79057,0.00091,0.00549
CVE-2026-79058,0.00321,0.25319
CVE-2026-79059,0.00179,0.07714
CVE-2026-79060,0.00229,0.14001
CVE-2026-79064,0.0039,0.33021
CVE-2026-79065,0.00317,0.24823
CVE-2026-79066,0.00251,0.16854
CVE-2026-79067,0.00235,0.14687
CVE-2026-79068,0.00208,0.11228
CVE-2026-79069,0.00373,0.31151
CVE-2026-79070,0.00255,0.17429
CVE-2026-79071,0.0026,0.18116
CVE-2026-79072,0.00312,0.24254
CVE-2026-79073,0.00303,0.23193
CVE-2026-79074,0.00277,0.20393
CVE-2026-79075,0.00299,0.22814
CVE-2026-79076,0.00348,0.28499
CVE-2026-79077,0.002,0.10122
CVE-2026-79078,0.00373,0.31151
CVE-2026-79082,0.00266,0.19046
CVE-2026-79083,0.00265,0.18718
CVE-2026-79084,0.00134,0.03295
CVE-2026-79085,0.00247,0.16286
CVE-2026-79086,0.00106,0.01234
CVE-2026-79087,0.00285,0.2124
CVE-2026-79088,0.00295,0.22367
CVE-2026-79089,0.00196,0.09593
CVE-2026-79090,0.00391,0.33042
CVE-2026-79091,0.00338,0.27309
CVE-2026-79093,0.00266,0.19047
CVE-2026-79094,0.00227,0.13653
CVE-2026-79095,0.00254,0.17228
CVE-2026-79097,0.00303,0.23192
CVE-2026-79098,0.0019,0.08989
CVE-2026-79099,0.00273,0.19962
CVE-2026-79103,0.00229,0.14026
CVE-2026-79104,0.00323,0.25588
CVE-2026-79105,0.00238,0.1509
CVE-2026-79106,0.00262,0.18308
CVE-2026-79107,0.00277,0.20384
CVE-2026-79108,0.00251,0.16912
CVE-2026-79109,0.00348,0.28496
CVE-2026-79110,0.00266,0.19047
CVE-2026-79111,0.00373,0.31149
CVE-2026-79112,0.00247,0.16333
CVE-2026-79116,0.00322,0.25497
CVE-2026-79117,0.00229,0.13949
CVE-2026-79118,0.00277,0.20367
CVE-2026-79119,0.00279,0.20669
CVE-2026-79120,0.0034,0.27555
CVE-2026-79121,0.00349,0.28532
CVE-2026-79122,0.00313,0.24384
CVE-2026-79123,0.00225,0.13492
CVE-2026-79124,0.00247,0.16333
CVE-2026-79125,0.00247,0.16334
CVE-2026-79126,0.00229,0.14031
CVE-2026-79127,0.00466,0.39575
CVE-2026-79128,0.00373,0.31149
CVE-2026-79129,0.00344,0.28007
CVE-2026-79130,0.00417,0.35687
CVE-2026-79131,0.00466,0.39576
CVE-2026-79132,0.00348,0.28496
CVE-2026-79133,0.00238,0.15146
CVE-2026-79134,0.00238,0.15147
CVE-2026-79136,0.00322,0.25497
CVE-2026-79137,0.00217,0.1238
CVE-2026-79138,0.00373,0.3115
CVE-2026-79139,0.00354,0.2919
CVE-2026-79140,0.00466,0.39576
CVE-2026-79141,0.00211,0.11725
CVE-2026-79142,0.00417,0.35687
CVE-2026-79143,0.00284,0.21174
CVE-2026-79144,0.00254,0.17229
CVE-2026-79146,0.00106,0.01238
CVE-2026-79147,0.0022,0.12757
CVE-2026-79148,0.00263,0.18537
CVE-2026-79149,0.00466,0.39575
CVE-2026-79150,0.00467,0.39625
CVE-2026-79151,0.00225,0.13436
CVE-2026-79152,0.00239,0.15286
CVE-2026-79154,0.0022,0.12754
CVE-2026-79155,0.0026,0.18115
CVE-2026-79173,0.0025,0.16643
CVE-2026-79174,0.00266,0.19046
CVE-2026-79175,0.00356,0.29365
CVE-2026-79176,0.00348,0.28498
CVE-2026-79177,0.00262,0.18384
CVE-2026-79178,0.00235,0.14796
CVE-2026-79179,0.00238,0.15146
CVE-2026-79180,0.0025,0.16643
CVE-2026-79181,0.0022,0.12757
CVE-2026-79182,0.00303,0.23191
CVE-2026-79183,0.00344,0.28007
CVE-2026-79184,0.00256,0.17557
CVE-2026-79185,0.00251,0.16867
CVE-2026-79186,0.00227,0.13654
CVE-2026-79187,0.00373,0.31147
CVE-2026-79188,0.00466,0.39575
CVE-2026-79189,0.00373,0.3115
CVE-2026-79190,0.00211,0.11725
CVE-2026-79191,0.00227,0.13654
CVE-2026-79192,0.00242,0.15645
CVE-2026-79193,0.00307,0.23711
CVE-2026-79194,0.00512,0.42646
CVE-2026-79195,0.00373,0.3115
CVE-2026-79196,0.00175,0.07354
CVE-2026-79197,0.00303,0.23193
CVE-2026-79198,0.00373,0.31149
CVE-2026-79199,0.00235,0.14687
CVE-2026-79200,0.00373,0.31202
CVE-2026-79201,0.00266,0.19047
CVE-2026-79202,0.00466,0.39577
CVE-2026-79203,0.00241,0.15619
CVE-2026-79204,0.0025,0.16644
CVE-2026-79205,0.00211,0.11725
CVE-2026-79206,0.00247,0.16334
CVE-2026-79207,0.00183,0.08147
CVE-2026-79208,0.00301,0.23003
CVE-2026-79209,0.00406,0.34668
CVE-2026-79210,0.00409,0.34862
CVE-2026-79211,0.00229,0.13961
CVE-2026-79212,0.00266,0.19047
CVE-2026-79213,0.00248,0.16438
CVE-2026-79214,0.00262,0.18308
CVE-2026-79215,0.00373,0.31148
CVE-2026-79216,0.00365,0.30377
CVE-2026-79217,0.00235,0.14687
CVE-2026-79218,0.00314,0.24541
CVE-2026-79219,0.00431,0.36851
CVE-2026-79220,0.00266,0.18827
CVE-2026-79221,0.0027,0.19402
CVE-2026-79222,0.00181,0.07933
CVE-2026-79223,0.00233,0.1451
CVE-2026-79224,0.00327,0.25979
CVE-2026-79225,0.00184,0.08296
CVE-2026-79226,0.003,0.22937
CVE-2026-79227,0.0033,0.26358
CVE-2026-79228,0.00289,0.21725
CVE-2026-79229,0.00411,0.35114
CVE-2026-79230,0.00303,0.23192
CVE-2026-79231,0.00417,0.35686
CVE-2026-79232,0.00373,0.31148
CVE-2026-79233,0.0019,0.08989
CVE-2026-79234,0.00247,0.16336
CVE-2026-79235,0.00373,0.31148
CVE-2026-79236,0.00509,0.42416
CVE-2026-79237,0.00339,0.27492
CVE-2026-79238,0.00205,0.10894
CVE-2026-79239,0.00247,0.16335
CVE-2026-79240,0.00373,0.31147
CVE-2026-79241,0.00312,0.24254
CVE-2026-79242,0.00277,0.20393
CVE-2026-79243,0.00225,0.13491
CVE-2026-79244,0.00303,0.23193
CVE-2026-79245,0.00103,0.01114
CVE-2026-79246,0.00299,0.22814
CVE-2026-79247,0.00377,0.31605
CVE-2026-79248,0.0028,0.20785
CVE-2026-79249,0.00228,0.13875
CVE-2026-79250,0.0025,0.16643
CVE-2026-79251,0.00275,0.20199
CVE-2026-79252,0.00201,0.10349
CVE-2026-79253,0.00247,0.16336
CVE-2026-79254,0.00241,0.15596
CVE-2026-79255,0.0032,0.25252
CVE-2026-79256,0.00446,0.38136
CVE-2026-79257,0.00373,0.31148
CVE-2026-79258,0.00305,0.23401
CVE-2026-79259,0.00225,0.13435
CVE-2026-79260,0.00249,0.16595
CVE-2026-79261,0.002,0.10123
CVE-2026-79262,0.00322,0.25497
CVE-2026-79263,0.00307,0.23689
CVE-2026-79264,0.00389,0.32904
CVE-2026-79265,0.0029,0.21845
CVE-2026-79266,0.00279,0.20669
CVE-2026-79267,0.00209,0.11375
CVE-2026-79269,0.00309,0.23897
CVE-2026-79270,0.00411,0.35115
CVE-2026-79271,0.00312,0.24254
CVE-2026-79272,0.00241,0.15538
CVE-2026-79273,0.00255,0.17429
CVE-2026-79274,0.00254,0.17228
CVE-2026-79275,0.00466,0.39575
CVE-2026-79276,0.00275,0.20094
CVE-2026-79282,0.004,0.34072
CVE-2026-79283,0.00198,0.0991
CVE-2026-79284,0.0023,0.14158
CVE-2026-79285,0.00411,0.35115
CVE-2026-79286,0.00094,0.00699
CVE-2026-79287,0.00277,0.20393
CVE-2026-79288,0.00312,0.24254
CVE-2026-79289,0.00214,0.12107
CVE-2026-79290,0.00373,0.31202
CVE-2026-79291,0.00247,0.16335
CVE-2026-79292,0.00409,0.34862
CVE-2026-79293,0.00312,0.24253
CVE-2026-79294,0.00506,0.42228
CVE-2026-79298,0.00193,0.09288
CVE-2026-79300,0.00212,0.11819
CVE-2026-79303,0.00215,0.12169
CVE-2026-79322,0.00277,0.20428
CVE-2026-79323,0.00329,0.26302
CVE-2026-79324,0.0032,0.25246
CVE-2026-79362,0.00166,0.06285
CVE-2026-79376,0.00227,0.13705
CVE-2026-79377,0.00379,0.31809
CVE-2026-79378,0.00432,0.36962
CVE-2026-79379,0.00255,0.17452
CVE-2026-79387,0.00247,0.16291
CVE-2026-79389,0.00144,0.04074
CVE-2026-79390,0.00258,0.17794
CVE-2026-79391,0.00389,0.32845
CVE-2026-79393,0.00535,0.44065
CVE-2026-79394,0.00428,0.36613
CVE-2026-79395,0.00413,0.35233
CVE-2026-79396,0.00394,0.33473
CVE-2026-79406,0.00224,0.13368
CVE-2026-79407,0.00381,0.31951
CVE-2026-79408,0.01173,0.66095
CVE-2026-79409,0.0042,0.3597
CVE-2026-79410,0.00345,0.28161
CVE-2026-79411,0.00311,0.24183
CVE-2026-79418,0.00264,0.186
CVE-2026-79419,0.00269,0.19376
CVE-2026-79423,0.00473,0.40037
CVE-2026-79425,0.00326,0.25877
CVE-2026-79426,0.00294,0.22271
CVE-2026-79483,0.00369,0.30761
CVE-2026-79513,0.00208,0.11325
CVE-2026-79514,0.00292,0.22027
CVE-2026-79515,0.00226,0.13622
CVE-2026-79516,0.00094,0.007
CVE-2026-79522,0.00292,0.22026
CVE-2026-79551,0.00259,0.17993
CVE-2026-79569,0.00393,0.33301
CVE-2026-79570,0.00321,0.25318
CVE-2026-79571,0.00291,0.21929
CVE-2026-79572,0.00321,0.25294
CVE-2026-79573,0.00266,0.18795
CVE-2026-79574,0.00476,0.4031
CVE-2026-79575,0.00245,0.16041
CVE-2026-79576,0.00334,0.26806
CVE-2026-79577,0.00268,0.19252
CVE-2026-79588,0.00105,0.01202
CVE-2026-79590,0.00254,0.17278
CVE-2026-79591,0.00127,0.02687
CVE-2026-79592,0.00314,0.24565
CVE-2026-79602,0.0013,0.03014
CVE-2026-79603,0.00231,0.14234
CVE-2026-79615,0.00218,0.12521
CVE-2026-79617,0.00137,0.03519
CVE-2026-79619,0.00139,0.03638
CVE-2026-79621,0.00101,0.01021
CVE-2026-79622,0.00424,0.36354
CVE-2026-79623,0.01422,0.71678
CVE-2026-79630,0.00182,0.08022
CVE-2026-79631,0.00206,0.11059
CVE-2026-79632,0.00182,0.08021
CVE-2026-79635,0.00183,0.08202
CVE-2026-79636,0.00132,0.03174
CVE-2026-79637,0.00191,0.09099
CVE-2026-79638,0.00203,0.10565
CVE-2026-79639,0.00104,0.01174
CVE-2026-79640,0.00151,0.04667
CVE-2026-79641,0.00666,0.50363
CVE-2026-79642,0.00113,0.01645
CVE-2026-79643,0.00255,0.17419
CVE-2026-79644,0.0015,0.0456
CVE-2026-79645,0.00239,0.15332
CVE-2026-79651,0.00622,0.48446
CVE-2026-79652,0.0021,0.11488
CVE-2026-79653,0.00371,0.30943
CVE-2026-79654,0.00328,0.261
CVE-2026-79655,0.00142,0.03877
CVE-2026-79657,0.01214,0.67181
CVE-2026-79658,0.00291,0.21914
CVE-2026-79659,0.00209,0.11341
CVE-2026-79660,0.00241,0.15633
CVE-2026-79661,0.00246,0.16181
CVE-2026-79662,0.00192,0.09164
CVE-2026-79663,0.00148,0.04407
CVE-2026-79664,0.00217,0.12429
CVE-2026-79665,0.00352,0.28876
CVE-2026-79666,0.00281,0.20856
CVE-2026-79667,0.0019,0.08963
CVE-2026-79668,0.00256,0.17632
CVE-2026-79669,0.00168,0.0655
CVE-2026-79670,0.00148,0.04407
CVE-2026-79671,0.00245,0.16026
CVE-2026-79672,0.00186,0.08471
CVE-2026-79673,0.00245,0.16045
CVE-2026-79674,0.00226,0.13557
CVE-2026-79675,0.00426,0.36499
CVE-2026-79676,0.00307,0.23661
CVE-2026-79678,0.00466,0.39528
CVE-2026-79679,0.00198,0.09934
CVE-2026-79682,0.00525,0.43474
CVE-2026-79683,0.00328,0.26181
CVE-2026-79684,0.00349,0.28529
CVE-2026-79685,0.00219,0.12646
CVE-2026-79686,0.00283,0.21042
CVE-2026-79687,0.00275,0.20139
CVE-2026-79689,0.0191,0.78874
CVE-2026-79690,0.00123,0.02431
CVE-2026-79691,0.00119,0.02046
CVE-2026-79692,0.00255,0.17419
CVE-2026-79693,0.00093,0.00633
CVE-2026-79694,0.001,0.00978
CVE-2026-79695,0.00196,0.09619
CVE-2026-79696,0.00437,0.37466
CVE-2026-79697,0.03353,0.88152
CVE-2026-79698,0.017,0.76175
CVE-2026-79699,0.0013,0.02986
CVE-2026-79700,0.00268,0.19246
CVE-2026-79701,0.00268,0.19246
CVE-2026-79705,0.00246,0.16201
CVE-2026-79706,0.00236,0.14897
CVE-2026-79707,0.00446,0.38146
CVE-2026-79708,0.0034,0.27576
CVE-2026-79713,0.00214,0.12014
CVE-2026-79717,0.00215,0.12228
CVE-2026-79718,0.00205,0.1091
CVE-2026-79719,0.00205,0.1091
CVE-2026-79720,0.00184,0.08246
CVE-2026-79721,0.00293,0.22099
CVE-2026-79723,0.00257,0.17683
CVE-2026-79724,0.00471,0.39878
CVE-2026-79725,0.00302,0.23112
CVE-2026-79727,0.00095,0.00745
CVE-2026-79728,0.00224,0.13333
CVE-2026-79729,0.00123,0.02431
CVE-2026-79730,0.00132,0.03161
CVE-2026-79731,0.00194,0.09358
CVE-2026-79732,0.00112,0.01561
CVE-2026-79734,0.0013,0.03048
CVE-2026-79735,0.00197,0.09738
CVE-2026-79736,0.00123,0.02431
CVE-2026-79738,0.00296,0.22486
CVE-2026-79740,0.00296,0.22486
CVE-2026-79741,0.01533,0.73664
CVE-2026-79742,0.00553,0.45036
CVE-2026-79743,0.00367,0.30555
CVE-2026-79744,0.00299,0.22765
CVE-2026-79745,0.00246,0.16176
CVE-2026-79746,0.00252,0.16993
CVE-2026-79747,0.00178,0.07588
CVE-2026-79748,0.00333,0.26714
CVE-2026-79749,0.00258,0.1785
CVE-2026-79750,0.00253,0.17114
CVE-2026-79752,0.00462,0.39285
CVE-2026-79754,0.0039,0.32987
CVE-2026-79755,0.00397,0.33705
CVE-2026-79756,0.05148,0.92036
CVE-2026-79769,0.00181,0.07948
CVE-2026-79770,0.00278,0.20571
CVE-2026-79771,0.00304,0.23376
CVE-2026-79772,0.00246,0.16172
CVE-2026-79773,0.00385,0.32447
CVE-2026-79774,0.0043,0.36832
CVE-2026-79775,0.00307,0.23634
CVE-2026-79776,0.00304,0.23393
CVE-2026-79777,0.00239,0.15254
CVE-2026-79778,0.00233,0.14494
CVE-2026-79779,0.00108,0.01349
CVE-2026-79780,0.00095,0.00771
CVE-2026-79781,0.00255,0.17373
CVE-2026-79782,0.00132,0.03139
CVE-2026-79783,0.0014,0.03768
CVE-2026-79784,0.00322,0.25417
CVE-2026-79785,0.00176,0.07386
CVE-2026-79786,0.00219,0.12716
CVE-2026-79787,0.00347,0.28366
CVE-2026-79788,0.00285,0.21322
CVE-2026-79792,0.01105,0.64326
CVE-2026-79793,0.00443,0.37909
CVE-2026-79804,0.00393,0.3335
CVE-2026-79845,0.0033,0.26404
CVE-2026-79902,0.00201,0.10289
CVE-2026-79904,0.0013,0.02992
CVE-2026-79905,0.00277,0.20346
CVE-2026-79907,0.0019,0.08981
CVE-2026-79908,0.00178,0.0763
CVE-2026-79909,0.00165,0.06175
CVE-2026-79910,0.00173,0.07076
CVE-2026-79911,0.00644,0.49421
CVE-2026-79912,0.01402,0.71331
CVE-2026-79921,0.00316,0.24766
CVE-2026-79938,0.00245,0.16107
CVE-2026-79939,0.00124,0.0246
CVE-2026-79940,0.00181,0.0798
CVE-2026-79941,0.0191,0.78873
CVE-2026-79942,0.00107,0.0131
CVE-2026-79943,0.00095,0.00775
CVE-2026-79944,0.00093,0.00633
CVE-2026-79945,0.01714,0.76379
CVE-2026-79946,0.00211,0.11733
CVE-2026-79947,0.00764,0.53907
CVE-2026-79950,0.0024,0.15367
CVE-2026-79952,0.0021,0.11613
CVE-2026-79954,0.00323,0.25525
CVE-2026-79961,0.00235,0.1468
CVE-2026-79962,0.00186,0.08488
CVE-2026-79963,0.00181,0.07981
CVE-2026-79964,0.00206,0.1106
CVE-2026-79965,0.00206,0.11061
CVE-2026-79966,0.00095,0.00745
CVE-2026-79967,0.001,0.00948
CVE-2026-79968,0.00145,0.04144
CVE-2026-79969,0.00186,0.08488
CVE-2026-79970,0.00109,0.01406
CVE-2026-79971,0.00219,0.12717
CVE-2026-79972,0.00249,0.16566
CVE-2026-79973,0.00138,0.036
CVE-2026-79974,0.00183,0.08163
CVE-2026-79975,0.00064,0.00015
CVE-2026-79987,0.00359,0.29682
CVE-2026-79988,0.00259,0.17992
CVE-2026-79989,0.00313,0.24453
CVE-2026-79990,0.00258,0.17851
CVE-2026-79991,0.00292,0.22023
CVE-2026-79992,0.00135,0.03362
CVE-2026-79993,0.00606,0.47666
CVE-2026-79994,0.00106,0.01234
CVE-2026-79995,0.00185,0.0837
CVE-2026-79996,0.00316,0.24799
CVE-2026-7000,0.00245,0.15984
CVE-2026-7001,0.00245,0.15984
CVE-2026-7002,0.00246,0.16133
CVE-2026-7006,0.00096,0.00777
CVE-2026-7007,0.0022,0.12741
CVE-2026-7009,0.00274,0.20023
CVE-2026-7010,0.00227,0.1365
CVE-2026-7011,0.00269,0.19332
CVE-2026-7012,0.00291,0.21938
CVE-2026-7013,0.00215,0.12183
CVE-2026-7014,0.00269,0.19332
CVE-2026-7015,0.00215,0.12183
CVE-2026-7016,0.00215,0.12182
CVE-2026-7017,0.00247,0.16326
CVE-2026-7018,0.00338,0.27342
CVE-2026-7019,0.00632,0.489
CVE-2026-7020,0.00908,0.58394
CVE-2026-7021,0.0018,0.07791
CVE-2026-7022,0.00383,0.32245
CVE-2026-7023,0.00365,0.30341
CVE-2026-7024,0.00372,0.31091
CVE-2026-7025,0.00278,0.20525
CVE-2026-7026,0.00556,0.45178
CVE-2026-7027,0.00433,0.37137
CVE-2026-7028,0.00311,0.24211
CVE-2026-7029,0.00632,0.489
CVE-2026-7030,0.00632,0.48894
CVE-2026-7031,0.00655,0.49913
CVE-2026-7032,0.00632,0.48899
CVE-2026-7033,0.00746,0.53296
CVE-2026-7034,0.00619,0.48291
CVE-2026-7035,0.00632,0.48897
CVE-2026-7036,0.00536,0.44111
CVE-2026-7037,0.01785,0.77321
CVE-2026-7038,0.00138,0.03558
CVE-2026-7039,0.00653,0.49833
CVE-2026-7040,0.00436,0.37356
CVE-2026-7041,0.00412,0.35176
CVE-2026-7042,0.00383,0.32246
CVE-2026-7043,0.00201,0.10365
CVE-2026-7044,0.00201,0.10366
CVE-2026-7045,0.00237,0.14998
CVE-2026-7046,0.00355,0.29338
CVE-2026-7047,0.00132,0.03136
CVE-2026-7048,0.00504,0.42091
CVE-2026-7049,0.00577,0.46241
CVE-2026-7050,0.00283,0.2103
CVE-2026-7051,0.00409,0.34857
CVE-2026-7052,0.00292,0.2207
CVE-2026-7053,0.00619,0.48293
CVE-2026-7054,0.00655,0.49914
CVE-2026-7055,0.0065,0.49704
CVE-2026-7056,0.00622,0.48433
CVE-2026-7057,0.00632,0.489
CVE-2026-7058,0.01338,0.69993
CVE-2026-7059,0.0044,0.37686
CVE-2026-7060,0.00263,0.18487
CVE-2026-7061,0.01353,0.70336
CVE-2026-7062,0.01368,0.70637
CVE-2026-7063,0.00254,0.17268
CVE-2026-7064,0.01707,0.76271
CVE-2026-7065,0.00294,0.22245
CVE-2026-7066,0.01338,0.69992
CVE-2026-7067,0.02476,0.83828
CVE-2026-7068,0.01871,0.78414
CVE-2026-7069,0.01384,0.70962
CVE-2026-7070,0.00254,0.17271
CVE-2026-7071,0.0038,0.31862
CVE-2026-7072,0.00254,0.17264
CVE-2026-7073,0.00254,0.17265
CVE-2026-7074,0.00254,0.17269
CVE-2026-7075,0.00254,0.17269
CVE-2026-7076,0.00254,0.1727
CVE-2026-7077,0.00254,0.1726
CVE-2026-7078,0.00619,0.48294
CVE-2026-7079,0.00632,0.48892
CVE-2026-7080,0.00641,0.49305
CVE-2026-7081,0.00619,0.48294
CVE-2026-7082,0.00619,0.48292
CVE-2026-7083,0.00253,0.17072
CVE-2026-7084,0.00262,0.18374
CVE-2026-7085,0.00248,0.16397
CVE-2026-7086,0.00408,0.34804
CVE-2026-7087,0.00254,0.17269
CVE-2026-7088,0.00254,0.17271
CVE-2026-7089,0.00377,0.31572
CVE-2026-7090,0.00253,0.1709
CVE-2026-7091,0.00201,0.10359
CVE-2026-7092,0.00201,0.10359
CVE-2026-7093,0.00201,0.10367
CVE-2026-7094,0.0032,0.25188
CVE-2026-7095,0.00273,0.19914
CVE-2026-7096,0.04075,0.90231
CVE-2026-7097,0.00815,0.55518
CVE-2026-7098,0.00619,0.48293
CVE-2026-7099,0.00632,0.48895
CVE-2026-7100,0.00619,0.48292
CVE-2026-7101,0.00641,0.49305
CVE-2026-7102,0.03024,0.86864
CVE-2026-7103,0.00188,0.08668
CVE-2026-7105,0.00204,0.1068
CVE-2026-7106,0.00307,0.23681
CVE-2026-7107,0.00201,0.1036
CVE-2026-7108,0.00155,0.05039
CVE-2026-7109,0.00286,0.21401
CVE-2026-7110,0.00191,0.09052
CVE-2026-7111,0.00158,0.05373
CVE-2026-7112,0.0036,0.29819
CVE-2026-7113,0.00362,0.30055
CVE-2026-7114,0.00192,0.09197
CVE-2026-7115,0.00192,0.09196
CVE-2026-7116,0.00273,0.19911
CVE-2026-7117,0.00192,0.0921
CVE-2026-7118,0.00192,0.09207
CVE-2026-7119,0.03269,0.87841
CVE-2026-7120,0.00369,0.30751
CVE-2026-7121,0.01947,0.79293
CVE-2026-7122,0.01766,0.77078
CVE-2026-7123,0.01766,0.77077
CVE-2026-7124,0.01766,0.77077
CVE-2026-7125,0.01766,0.77076
CVE-2026-7126,0.00254,0.1726
CVE-2026-7127,0.00254,0.17271
CVE-2026-7128,0.00254,0.17262
CVE-2026-7129,0.00263,0.18531
CVE-2026-7130,0.00254,0.17264
CVE-2026-7131,0.00254,0.17264
CVE-2026-7132,0.0044,0.37686
CVE-2026-7133,0.00218,0.12569
CVE-2026-7134,0.00218,0.12568
CVE-2026-7135,0.00113,0.01602
CVE-2026-7136,0.01766,0.77075
CVE-2026-7137,0.01766,0.77078
CVE-2026-7138,0.01766,0.77076
CVE-2026-7139,0.01766,0.77075
CVE-2026-7140,0.01766,0.77077
CVE-2026-7141,0.00289,0.21686
CVE-2026-7142,0.00215,0.12152
CVE-2026-7143,0.00192,0.09207
CVE-2026-7144,0.00215,0.12239
CVE-2026-7145,0.00235,0.14736
CVE-2026-7146,0.0032,0.25176
CVE-2026-7147,0.00278,0.20526
CVE-2026-7148,0.00241,0.15559
CVE-2026-7149,0.00411,0.35076
CVE-2026-7150,0.00201,0.1036
CVE-2026-7151,0.00632,0.48895
CVE-2026-7152,0.01766,0.77076
CVE-2026-7153,0.01766,0.77078
CVE-2026-7154,0.01785,0.77321
CVE-2026-7155,0.01766,0.77075
CVE-2026-7156,0.01785,0.77321
CVE-2026-7157,0.01338,0.69992
CVE-2026-7158,0.00294,0.22246
CVE-2026-7159,0.00426,0.36464
CVE-2026-7160,0.03269,0.87841
CVE-2026-7161,0.00223,0.13212
CVE-2026-7162,0.00141,0.03846
CVE-2026-7163,0.00194,0.09377
CVE-2026-7164,0.00432,0.37019
CVE-2026-7165,0.0048,0.4059
CVE-2026-7166,0.00544,0.44578
CVE-2026-7167,0.00571,0.45973
CVE-2026-7168,0.00471,0.39911
CVE-2026-7177,0.00356,0.29433
CVE-2026-7178,0.00344,0.28037
CVE-2026-7179,0.00173,0.07046
CVE-2026-7182,0.00397,0.33706
CVE-2026-7183,0.00405,0.34566
CVE-2026-7184,0.00255,0.17485
CVE-2026-7185,0.00437,0.3743
CVE-2026-7186,0.00136,0.03418
CVE-2026-7187,0.00215,0.12243
CVE-2026-7188,0.00321,0.25318
CVE-2026-7189,0.00416,0.35545
CVE-2026-7191,0.00433,0.37104
CVE-2026-7194,0.00254,0.17263
CVE-2026-7195,0.00471,0.39859
CVE-2026-7196,0.00201,0.1031
CVE-2026-7198,0.00443,0.37963
CVE-2026-7199,0.00265,0.1875
CVE-2026-7200,0.0028,0.2071
CVE-2026-7201,0.00348,0.2844
CVE-2026-7202,0.02448,0.83636
CVE-2026-7203,0.02448,0.83635
CVE-2026-7204,0.02448,0.83635
CVE-2026-7205,0.00429,0.36762
CVE-2026-7206,0.00277,0.20439
CVE-2026-7208,0.00227,0.13707
CVE-2026-7209,0.00195,0.09532
CVE-2026-7210,0.00672,0.50583
CVE-2026-7211,0.01338,0.69993
CVE-2026-7212,0.0041,0.34956
CVE-2026-7213,0.00411,0.35075
CVE-2026-7214,0.0041,0.34957
CVE-2026-7215,0.01338,0.69993
CVE-2026-7216,0.00411,0.35076
CVE-2026-7217,0.0044,0.37686
CVE-2026-7218,0.00463,0.39331
CVE-2026-7219,0.00589,0.46845
CVE-2026-7220,0.01338,0.69993
CVE-2026-7221,0.00298,0.22666
CVE-2026-7222,0.00232,0.14335
CVE-2026-7223,0.00278,0.20525
CVE-2026-7224,0.00254,0.17258
CVE-2026-7225,0.00254,0.17257
CVE-2026-7226,0.00254,0.17257
CVE-2026-7227,0.00254,0.17257
CVE-2026-7228,0.00254,0.17257
CVE-2026-7229,0.00233,0.14437
CVE-2026-7230,0.00263,0.18531
CVE-2026-7232,0.00345,0.28128
CVE-2026-7233,0.00238,0.151
CVE-2026-7234,0.00428,0.36657
CVE-2026-7235,0.0046,0.39136
CVE-2026-7237,0.00448,0.38297
CVE-2026-7238,0.00228,0.13836
CVE-2026-7240,0.02426,0.8347
CVE-2026-7241,0.02448,0.83636
CVE-2026-7242,0.02452,0.83666
CVE-2026-7243,0.02448,0.83635
CVE-2026-7244,0.02421,0.8344
CVE-2026-7246,0.009,0.58118
CVE-2026-7247,0.00717,0.52333
CVE-2026-7248,0.02154,0.8135
CVE-2026-7249,0.00248,0.16409
CVE-2026-7250,0.0037,0.30843
CVE-2026-7251,0.00498,0.4172
CVE-2026-7252,0.0095,0.59705
CVE-2026-7253,0.00371,0.31034
CVE-2026-7254,0.00238,0.15082
CVE-2026-7255,0.002,0.10246
CVE-2026-7256,0.01007,0.61514
CVE-2026-7257,0.00108,0.01346
CVE-2026-7258,0.00337,0.27161
CVE-2026-7259,0.00202,0.1045
CVE-2026-7260,0.00114,0.01693
CVE-2026-7261,0.00302,0.23086
CVE-2026-7262,0.0078,0.54416
CVE-2026-7263,0.00353,0.29039
CVE-2026-7264,0.0025,0.16658
CVE-2026-7265,0.00241,0.15558
CVE-2026-7266,0.00192,0.09198
CVE-2026-7267,0.00192,0.09208
CVE-2026-7268,0.002,0.10218
CVE-2026-7269,0.0021,0.11533
CVE-2026-7270,0.00179,0.07724
CVE-2026-7271,0.00479,0.40494
CVE-2026-7272,0.00424,0.36355
CVE-2026-7273,0.00315,0.24676
CVE-2026-7279,0.00114,0.01727
CVE-2026-7280,0.00119,0.0203
CVE-2026-7281,0.00206,0.1104
CVE-2026-7282,0.00206,0.11022
CVE-2026-7283,0.00263,0.18466
CVE-2026-7284,0.00494,0.41431
CVE-2026-7287,0.00309,0.23978
CVE-2026-7288,0.0069,0.51351
CVE-2026-7289,0.0069,0.51351
CVE-2026-7290,0.00204,0.10751
CVE-2026-7291,0.00206,0.10951
CVE-2026-7292,0.00258,0.17782
CVE-2026-7293,0.00206,0.11022
CVE-2026-7294,0.00206,0.11044
CVE-2026-7295,0.00206,0.11039
CVE-2026-7296,0.00202,0.10432
CVE-2026-7297,0.00202,0.10431
CVE-2026-7298,0.00149,0.04472
CVE-2026-7299,0.00341,0.27674
CVE-2026-7300,0.00251,0.16863
CVE-2026-7301,0.00399,0.34003
CVE-2026-7302,0.00386,0.32548
CVE-2026-7303,0.00419,0.3583
CVE-2026-7304,0.00585,0.46659
CVE-2026-7305,0.00209,0.11447
CVE-2026-7306,0.00327,0.26064
CVE-2026-7307,0.00743,0.53229
CVE-2026-7308,0.00266,0.18776
CVE-2026-7309,0.00179,0.0774
CVE-2026-7310,0.00103,0.01124
CVE-2026-7311,0.01035,0.62351
CVE-2026-7312,0.00441,0.37716
CVE-2026-7313,0.00319,0.251
CVE-2026-7314,0.0041,0.34957
CVE-2026-7315,0.0041,0.34958
CVE-2026-7316,0.01334,0.69896
CVE-2026-7317,0.00224,0.13318
CVE-2026-7318,0.00185,0.08349
CVE-2026-7319,0.0053,0.43765
CVE-2026-7320,0.00323,0.25608
CVE-2026-7321,0.00258,0.1785
CVE-2026-7322,0.00316,0.24757
CVE-2026-7323,0.00375,0.31425
CVE-2026-7324,0.003,0.22857
CVE-2026-7325,0.00247,0.16302
CVE-2026-7326,0.00148,0.04413
CVE-2026-7327,0.00236,0.14879
CVE-2026-7328,0.0013,0.03024
CVE-2026-7329,0.00373,0.31152
CVE-2026-7330,0.0038,0.31886
CVE-2026-7332,0.0045,0.38454
CVE-2026-7333,0.0036,0.29853
CVE-2026-7334,0.0036,0.29853
CVE-2026-7335,0.00381,0.32005
CVE-2026-7336,0.00422,0.36131
CVE-2026-7337,0.00424,0.36313
CVE-2026-7338,0.00153,0.04823
CVE-2026-7339,0.00331,0.26437
CVE-2026-7340,0.00261,0.18256
CVE-2026-7341,0.00389,0.32841
CVE-2026-7342,0.00389,0.32841
CVE-2026-7343,0.00229,0.13991
CVE-2026-7344,0.00308,0.23816
CVE-2026-7345,0.00306,0.23583
CVE-2026-7346,0.00317,0.24873
CVE-2026-7347,0.00457,0.38955
CVE-2026-7348,0.00389,0.32893
CVE-2026-7349,0.00161,0.05733
CVE-2026-7350,0.00297,0.22603
CVE-2026-7351,0.0011,0.01435
CVE-2026-7352,0.00297,0.22602
CVE-2026-7353,0.00319,0.25086
CVE-2026-7354,0.00333,0.26672
CVE-2026-7355,0.00389,0.32893
CVE-2026-7356,0.00381,0.32005
CVE-2026-7357,0.00297,0.22603
CVE-2026-7358,0.00389,0.32894
CVE-2026-7359,0.00333,0.26672
CVE-2026-7360,0.00204,0.10684
CVE-2026-7361,0.00326,0.25899
CVE-2026-7362,0.00178,0.07609
CVE-2026-7363,0.00381,0.32004
CVE-2026-7364,0.00259,0.17959
CVE-2026-7365,0.00122,0.02326
CVE-2026-7366,0.00107,0.01324
CVE-2026-7368,0.00259,0.17953
CVE-2026-7371,0.00205,0.10817
CVE-2026-7372,0.00475,0.4023
CVE-2026-7373,0.0017,0.06769
CVE-2026-7374,0.00742,0.5318
CVE-2026-7375,0.00193,0.09244
CVE-2026-7376,0.00193,0.09244
CVE-2026-7377,0.00256,0.17659
CVE-2026-7378,0.00193,0.09243
CVE-2026-7379,0.00193,0.09244
CVE-2026-7380,0.00253,0.17101
CVE-2026-7381,0.00442,0.37873
CVE-2026-7382,0.00344,0.2801
CVE-2026-7383,0.00804,0.55183
CVE-2026-7384,0.00418,0.35799
CVE-2026-7385,0.00271,0.19598
CVE-2026-7386,0.00429,0.36695
CVE-2026-7387,0.0031,0.24018
CVE-2026-7388,0.00239,0.15227
CVE-2026-7389,0.00259,0.17969
CVE-2026-7390,0.00195,0.095
CVE-2026-7391,0.00192,0.09206
CVE-2026-7392,0.00192,0.09201
CVE-2026-7393,0.00268,0.19187
CVE-2026-7394,0.00244,0.15901
CVE-2026-7396,0.00479,0.40493
CVE-2026-7397,0.00138,0.03523
CVE-2026-7398,0.0041,0.34958
CVE-2026-7399,0.00327,0.2608
CVE-2026-7400,0.0043,0.36801
CVE-2026-7401,0.0032,0.25159
CVE-2026-7402,0.00378,0.31699
CVE-2026-7403,0.00563,0.45606
CVE-2026-7404,0.00512,0.42658
CVE-2026-7405,0.00115,0.01792
CVE-2026-7406,0.00134,0.03293
CVE-2026-7407,0.00253,0.17071
CVE-2026-7408,0.00253,0.17072
CVE-2026-7409,0.00202,0.10411
CVE-2026-7410,0.00192,0.09203
CVE-2026-7411,0.03678,0.89167
CVE-2026-7412,0.00516,0.42905
CVE-2026-7413,0.00577,0.46276
CVE-2026-7414,0.00531,0.43817
CVE-2026-7415,0.00544,0.44574
CVE-2026-7416,0.01629,0.75134
CVE-2026-7417,0.00361,0.29891
CVE-2026-7418,0.00563,0.45617
CVE-2026-7419,0.00544,0.44561
CVE-2026-7420,0.00463,0.39344
CVE-2026-7421,0.00208,0.11325
CVE-2026-7422,0.00177,0.07552
CVE-2026-7423,0.00221,0.12954
CVE-2026-7424,0.00223,0.13197
CVE-2026-7425,0.00233,0.14455
CVE-2026-7426,0.00246,0.16211
CVE-2026-7427,0.00475,0.40219
CVE-2026-7428,0.00239,0.1534
CVE-2026-7429,0.00165,0.0623
CVE-2026-7430,0.00244,0.15865
CVE-2026-7431,0.00176,0.07368
CVE-2026-7432,0.00284,0.21196
CVE-2026-7435,0.00429,0.36764
CVE-2026-7436,0.00188,0.08641
CVE-2026-7437,0.00204,0.10711
CVE-2026-7438,0.00206,0.10963
CVE-2026-7439,0.00089,0.00468
CVE-2026-7441,0.00195,0.09532
CVE-2026-7443,0.01378,0.70854
CVE-2026-7444,0.00168,0.06576
CVE-2026-7445,0.00294,0.2228
CVE-2026-7446,0.01396,0.71193
CVE-2026-7447,0.00246,0.16185
CVE-2026-7450,0.00155,0.05024
CVE-2026-7451,0.00166,0.06312
CVE-2026-7452,0.00166,0.06312
CVE-2026-7453,0.00155,0.05024
CVE-2026-7454,0.00132,0.03148
CVE-2026-7455,0.00132,0.03135
CVE-2026-7456,0.00239,0.15311
CVE-2026-7457,0.00339,0.27496
CVE-2026-7458,0.00578,0.46282
CVE-2026-7459,0.00593,0.47018
CVE-2026-7460,0.0032,0.25175
CVE-2026-7461,0.00547,0.44717
CVE-2026-7462,0.00275,0.20196
CVE-2026-7464,0.00211,0.1167
CVE-2026-7465,0.01174,0.66142
CVE-2026-7466,0.00343,0.27897
CVE-2026-7467,0.01242,0.67863
CVE-2026-7468,0.00356,0.29356
CVE-2026-7469,0.01314,0.69464
CVE-2026-7470,0.00516,0.42935
CVE-2026-7471,0.00171,0.06823
CVE-2026-7472,0.00448,0.38297
CVE-2026-7473,0.01108,0.64394
CVE-2026-7474,0.06892,0.93765
CVE-2026-7475,0.00244,0.15963
CVE-2026-7476,0.0011,0.01442
CVE-2026-7477,0.0011,0.01442
CVE-2026-7480,0.00135,0.03372
CVE-2026-7481,0.00256,0.17659
CVE-2026-7482,0.02241,0.82075
CVE-2026-7483,0.001,0.00943
CVE-2026-7484,0.00197,0.09805
CVE-2026-7485,0.00207,0.11191
CVE-2026-7486,0.00275,0.20164
CVE-2026-7487,0.00225,0.1351
CVE-2026-7488,0.00416,0.35543
CVE-2026-7489,0.00326,0.25922
CVE-2026-7490,0.00465,0.39482
CVE-2026-7491,0.00259,0.17962
CVE-2026-7492,0.00346,0.28259
CVE-2026-7493,0.0035,0.28737
CVE-2026-7494,0.00237,0.15005
CVE-2026-7498,0.00303,0.23285
CVE-2026-7500,0.00232,0.14396
CVE-2026-7501,0.00254,0.17304
CVE-2026-7502,0.00255,0.17507
CVE-2026-7503,0.00447,0.38273
CVE-2026-7504,0.005,0.41824
CVE-2026-7505,0.00381,0.31987
CVE-2026-7506,0.0026,0.18013
CVE-2026-7507,0.00568,0.45803
CVE-2026-7508,0.00233,0.14443
CVE-2026-7509,0.00249,0.16627
CVE-2026-7510,0.00281,0.20905
CVE-2026-7511,0.00255,0.17474
CVE-2026-7512,0.00472,0.40014
CVE-2026-7513,0.00472,0.40013
CVE-2026-7514,0.00325,0.25823
CVE-2026-7515,0.00942,0.59456
CVE-2026-7516,0.00171,0.06834
CVE-2026-7517,0.00428,0.36681
CVE-2026-7518,0.00364,0.3022
CVE-2026-7519,0.00418,0.358
CVE-2026-7520,0.00262,0.18318
CVE-2026-7521,0.00283,0.21118
CVE-2026-7522,0.00755,0.53589
CVE-2026-7523,0.00272,0.19782
CVE-2026-7524,0.00787,0.54609
CVE-2026-7525,0.00341,0.27679
CVE-2026-7526,0.00376,0.31512
CVE-2026-7527,0.00224,0.13272
CVE-2026-7528,0.00283,0.21107
CVE-2026-7529,0.00351,0.28823
CVE-2026-7531,0.00497,0.41679
CVE-2026-7532,0.00288,0.21647
CVE-2026-7533,0.00135,0.0336
CVE-2026-7534,0.00318,0.24956
CVE-2026-7535,0.00302,0.23137
CVE-2026-7536,0.0038,0.31907
CVE-2026-7537,0.00659,0.50099
CVE-2026-7538,0.01823,0.77813
CVE-2026-7539,0.00132,0.03124
CVE-2026-7541,0.00388,0.32762
CVE-2026-7542,0.00252,0.16982
CVE-2026-7543,0.00318,0.24955
CVE-2026-7544,0.00412,0.35219
CVE-2026-7545,0.00259,0.17978
CVE-2026-7546,0.00754,0.53568
CVE-2026-7547,0.00589,0.46855
CVE-2026-7548,0.01485,0.72866
CVE-2026-7549,0.00274,0.20041
CVE-2026-7550,0.00259,0.17974
CVE-2026-7551,0.00649,0.49669
CVE-2026-7552,0.00333,0.26776
CVE-2026-7553,0.00206,0.11022
CVE-2026-7554,0.01097,0.64135
CVE-2026-7555,0.00259,0.17968
CVE-2026-7556,0.00241,0.15567
CVE-2026-7557,0.00317,0.24829
CVE-2026-7558,0.00455,0.38813
CVE-2026-7559,0.00535,0.44052
CVE-2026-7561,0.0012,0.02116
CVE-2026-7562,0.00132,0.03144
CVE-2026-7563,0.00265,0.18737
CVE-2026-7565,0.00692,0.51397
CVE-2026-7566,0.0045,0.38471
CVE-2026-7567,0.09246,0.95118
CVE-2026-7568,0.00455,0.38809
CVE-2026-7569,0.00935,0.59249
CVE-2026-7570,0.00946,0.59573
CVE-2026-7571,0.00344,0.27983
CVE-2026-7572,0.00142,0.03904
CVE-2026-7573,0.00255,0.17397
CVE-2026-7574,0.00115,0.0178
CVE-2026-7578,0.00231,0.14182
CVE-2026-7579,0.00288,0.21632
CVE-2026-7580,0.0018,0.07908
CVE-2026-7581,0.00169,0.06709
CVE-2026-7582,0.00112,0.01572
CVE-2026-7583,0.00271,0.19568
CVE-2026-7584,0.00256,0.17624
CVE-2026-7585,0.00341,0.27752
CVE-2026-7586,0.00299,0.22817
CVE-2026-7587,0.00306,0.23497
CVE-2026-7588,0.00449,0.38425
CVE-2026-7589,0.00449,0.38426
CVE-2026-7590,0.01366,0.70588
CVE-2026-7591,0.00196,0.09681
CVE-2026-7592,0.00259,0.17968
CVE-2026-7593,0.01362,0.7052
CVE-2026-7594,0.00418,0.35799
CVE-2026-7595,0.00242,0.15661
CVE-2026-7596,0.00377,0.31633
CVE-2026-7597,0.00315,0.24676
CVE-2026-7598,0.00466,0.39537
CVE-2026-7599,0.00294,0.2228
CVE-2026-7600,0.0111,0.64463
CVE-2026-7601,0.00398,0.33853
CVE-2026-7602,0.00209,0.11444
CVE-2026-7603,0.00268,0.19194
CVE-2026-7604,0.00214,0.12033
CVE-2026-7605,0.00214,0.12033
CVE-2026-7606,0.00234,0.14561
CVE-2026-7607,0.00632,0.48892
CVE-2026-7608,0.05189,0.92086
CVE-2026-7609,0.04123,0.90339
CVE-2026-7610,0.00319,0.2506
CVE-2026-7611,0.00234,0.14561
CVE-2026-7612,0.00206,0.11023
CVE-2026-7613,0.00255,0.17483
CVE-2026-7614,0.00128,0.02824
CVE-2026-7615,0.00168,0.06598
CVE-2026-7616,0.00128,0.02824
CVE-2026-7617,0.00403,0.34321
CVE-2026-7618,0.00294,0.22292
CVE-2026-7619,0.00281,0.20881
CVE-2026-7620,0.00473,0.40032
CVE-2026-7621,0.0025,0.16714
CVE-2026-7623,0.002,0.10119
CVE-2026-7624,0.00296,0.22511
CVE-2026-7626,0.00251,0.16791
CVE-2026-7627,0.00344,0.28058
CVE-2026-7628,0.0111,0.64463
CVE-2026-7629,0.0111,0.64462
CVE-2026-7630,0.00433,0.37074
CVE-2026-7631,0.00225,0.13522
CVE-2026-7632,0.00269,0.19283
CVE-2026-7633,0.00329,0.26292
CVE-2026-7634,0.00436,0.37351
CVE-2026-7635,0.00481,0.4059
CVE-2026-7636,0.00236,0.14904
CVE-2026-7637,0.00573,0.46051
CVE-2026-7638,0.00306,0.236
CVE-2026-7639,0.00179,0.07745
CVE-2026-7640,0.00331,0.26541
CVE-2026-7641,0.00665,0.50329
CVE-2026-7642,0.0134,0.70052
CVE-2026-7643,0.00158,0.05392
CVE-2026-7644,0.00309,0.23907
CVE-2026-7645,0.00462,0.3933
CVE-2026-7646,0.00302,0.23127
CVE-2026-7647,0.00462,0.39318
CVE-2026-7648,0.00423,0.36241
CVE-2026-7649,0.00335,0.27005
CVE-2026-7650,0.00244,0.15964
CVE-2026-7651,0.0035,0.28686
CVE-2026-7652,0.00719,0.52418
CVE-2026-7653,0.01294,0.69018
CVE-2026-7654,0.00905,0.58284
CVE-2026-7655,0.00469,0.39741
CVE-2026-7656,0.00329,0.26259
CVE-2026-7657,0.00221,0.12969
CVE-2026-7658,0.00335,0.26963
CVE-2026-7659,0.00242,0.1569
CVE-2026-7660,0.00205,0.10805
CVE-2026-7661,0.00187,0.08572
CVE-2026-7662,0.00192,0.09145
CVE-2026-7663,0.0052,0.43159
CVE-2026-7664,0.00498,0.41731
CVE-2026-7665,0.07236,0.94042
CVE-2026-7666,0.0015,0.04605
CVE-2026-7667,0.0056,0.45394
CVE-2026-7668,0.003,0.22847
CVE-2026-7669,0.00368,0.3068
CVE-2026-7670,0.00259,0.1797
CVE-2026-7671,0.00565,0.45708
CVE-2026-7672,0.00246,0.16185
CVE-2026-7673,0.00223,0.13156
CVE-2026-7674,0.00481,0.40592
CVE-2026-7675,0.00702,0.51794
CVE-2026-7676,0.00365,0.30328
CVE-2026-7677,0.00195,0.095
CVE-2026-7678,0.00196,0.09676
CVE-2026-7679,0.00414,0.35346
CVE-2026-7680,0.00467,0.39615
CVE-2026-7681,0.00455,0.38812
CVE-2026-7682,0.01567,0.74207
CVE-2026-7683,0.02086,0.80728
CVE-2026-7684,0.00481,0.40591
CVE-2026-7685,0.00481,0.40591
CVE-2026-7686,0.00363,0.30155
CVE-2026-7687,0.02467,0.83759
CVE-2026-7688,0.00221,0.12923
CVE-2026-7689,0.00145,0.04178
CVE-2026-7690,0.04971,0.91799
CVE-2026-7691,0.03191,0.87526
CVE-2026-7692,0.03191,0.87527
CVE-2026-7693,0.02169,0.8146
CVE-2026-7694,0.00325,0.25771
CVE-2026-7695,0.00343,0.27947
CVE-2026-7696,0.00224,0.13263
CVE-2026-7697,0.00206,0.11021
CVE-2026-7698,0.02237,0.82047
CVE-2026-7699,0.00196,0.09676
CVE-2026-7700,0.00291,0.21919
CVE-2026-7701,0.00389,0.32862
CVE-2026-7702,0.00314,0.24498
CVE-2026-7703,0.00311,0.24137
CVE-2026-7704,0.00381,0.32019
CVE-2026-7705,0.01567,0.74207
CVE-2026-7706,0.00276,0.20328
CVE-2026-7707,0.00407,0.34699
CVE-2026-7708,0.00276,0.20328
CVE-2026-7709,0.00219,0.12674
CVE-2026-7710,0.00405,0.34562
CVE-2026-7711,0.00284,0.21169
CVE-2026-7712,0.00297,0.22583
CVE-2026-7713,0.00272,0.19797
CVE-2026-7714,0.00456,0.38882
CVE-2026-7715,0.00288,0.21654
CVE-2026-7716,0.00192,0.092
CVE-2026-7717,0.00472,0.40017
CVE-2026-7718,0.00916,0.58645
CVE-2026-7719,0.00619,0.4828
CVE-2026-7720,0.00916,0.58645
CVE-2026-7721,0.00916,0.58645
CVE-2026-7722,0.00453,0.38692
CVE-2026-7723,0.00421,0.36084
CVE-2026-7724,0.0025,0.16674
CVE-2026-7725,0.00247,0.16357
CVE-2026-7726,0.00267,0.19131
CVE-2026-7727,0.00259,0.17977
CVE-2026-7728,0.00294,0.2228
CVE-2026-7729,0.00214,0.12031
CVE-2026-7730,0.01089,0.63862
CVE-2026-7731,0.00246,0.16183
CVE-2026-7732,0.00206,0.10955
CVE-2026-7733,0.00294,0.22258
CVE-2026-7734,0.00464,0.39438
CVE-2026-7735,0.00361,0.29922
CVE-2026-7736,0.00454,0.38779
CVE-2026-7737,0.00631,0.48816
CVE-2026-7738,0.00288,0.21654
CVE-2026-7739,0.00113,0.01603
CVE-2026-7740,0.00113,0.01602
CVE-2026-7741,0.00192,0.092
CVE-2026-7742,0.00241,0.15558
CVE-2026-7743,0.00241,0.15558
CVE-2026-7744,0.00192,0.09203
CVE-2026-7745,0.00192,0.09198
CVE-2026-7746,0.00192,0.09209
CVE-2026-7747,0.00606,0.47664
CVE-2026-7748,0.00463,0.39346
CVE-2026-7749,0.00563,0.45617
CVE-2026-7750,0.00463,0.39347
CVE-2026-7753,0.00345,0.28067
CVE-2026-7754,0.0034,0.27626
CVE-2026-7755,0.00746,0.53332
CVE-2026-7761,0.00724,0.52564
CVE-2026-7762,0.00567,0.45763
CVE-2026-7763,0.00536,0.44122
CVE-2026-7764,0.0013,0.03039
CVE-2026-7765,0.00187,0.0861
CVE-2026-7766,0.00258,0.17818
CVE-2026-7768,0.00284,0.21204
CVE-2026-7769,0.00276,0.20208
CVE-2026-7770,0.00449,0.38368
CVE-2026-7771,0.00148,0.04396
CVE-2026-7774,0.00598,0.4731
CVE-2026-7775,0.00142,0.03928
CVE-2026-7776,0.002,0.10238
CVE-2026-7778,0.00168,0.06552
CVE-2026-7779,0.00358,0.29569
CVE-2026-7780,0.00276,0.20328
CVE-2026-7781,0.00271,0.19568
CVE-2026-7782,0.00211,0.11753
CVE-2026-7783,0.00241,0.15558
CVE-2026-7784,0.00501,0.4189
CVE-2026-7785,0.01312,0.69405
CVE-2026-7786,0.00415,0.35473
CVE-2026-7787,0.00248,0.1646
CVE-2026-7788,0.0041,0.34956
CVE-2026-7790,0.00431,0.36863
CVE-2026-7791,0.00122,0.0231
CVE-2026-7792,0.00301,0.23051
CVE-2026-7795,0.00407,0.34734
CVE-2026-7796,0.00331,0.26513
CVE-2026-7797,0.00554,0.45072
CVE-2026-7798,0.00695,0.51535
CVE-2026-7802,0.00417,0.35718
CVE-2026-7803,0.00643,0.49384
CVE-2026-7804,0.00261,0.18193
CVE-2026-7807,0.00296,0.2243
CVE-2026-7808,0.00352,0.28938
CVE-2026-7810,0.0041,0.34958
CVE-2026-7811,0.00418,0.35799
CVE-2026-7812,0.01339,0.7003
CVE-2026-7813,0.00455,0.38827
CVE-2026-7814,0.00163,0.05929
CVE-2026-7815,0.00456,0.38923
CVE-2026-7816,0.01444,0.72087
CVE-2026-7817,0.00217,0.12423
CVE-2026-7818,0.00131,0.03062
CVE-2026-7819,0.00359,0.29717
CVE-2026-7820,0.00211,0.1166
CVE-2026-7821,0.00509,0.42449
CVE-2026-7822,0.00196,0.09681
CVE-2026-7823,0.01788,0.77343
CVE-2026-7824,0.00242,0.15672
CVE-2026-7828,0.01352,0.70293
CVE-2026-7829,0.00852,0.56666
CVE-2026-7830,0.00285,0.21254
CVE-2026-7831,0.00738,0.53048
CVE-2026-7832,0.00131,0.03113
CVE-2026-7833,0.03157,0.87392
CVE-2026-7834,0.0063,0.48775
CVE-2026-7835,0.00318,0.25002
CVE-2026-7836,0.00257,0.1773
CVE-2026-7837,0.00236,0.14846
CVE-2026-7838,0.01869,0.78388
CVE-2026-7839,0.00655,0.49936
CVE-2026-7840,0.02628,0.84816
CVE-2026-7841,0.00593,0.47006
CVE-2026-7842,0.00391,0.33088
CVE-2026-7844,0.00322,0.25485
CVE-2026-7845,0.0014,0.03716
CVE-2026-7846,0.00162,0.05799
CVE-2026-7847,0.00235,0.1468
CVE-2026-7848,0.00263,0.18436
CVE-2026-7849,0.00477,0.40346
CVE-2026-7850,0.0014,0.0371
CVE-2026-7851,0.0408,0.90245
CVE-2026-7852,0.00358,0.29564
CVE-2026-7853,0.01515,0.73378
CVE-2026-7854,0.0586,0.92858
CVE-2026-7855,0.01057,0.62986
CVE-2026-7856,0.04589,0.91217
CVE-2026-7857,0.04164,0.90425
CVE-2026-7858,0.00543,0.44504
CVE-2026-7859,0.00163,0.05914
CVE-2026-7860,0.00117,0.019
CVE-2026-7861,0.0032,0.25188
CVE-2026-7862,0.00215,0.12246
CVE-2026-7863,0.00534,0.44035
CVE-2026-7864,0.17015,0.96928
CVE-2026-7865,0.00753,0.53531
CVE-2026-7867,0.00176,0.07405
CVE-2026-7868,0.00204,0.10661
CVE-2026-7869,0.00216,0.1229
CVE-2026-7870,0.00343,0.27896
CVE-2026-7871,0.00695,0.51513
CVE-2026-7872,0.00566,0.45727
CVE-2026-7873,0.0053,0.4372
CVE-2026-7874,0.00275,0.20156
CVE-2026-7875,0.00148,0.04391
CVE-2026-7876,0.00312,0.24289
CVE-2026-7877,0.00156,0.05198
CVE-2026-7879,0.00224,0.13367
CVE-2026-7881,0.00205,0.1079
CVE-2026-7882,0.00116,0.01821
CVE-2026-7884,0.00226,0.13569
CVE-2026-7886,0.00288,0.21617
CVE-2026-7887,0.00172,0.06988
CVE-2026-7888,0.00155,0.05094
CVE-2026-7890,0.00152,0.04787
CVE-2026-7891,0.00273,0.1996
CVE-2026-7896,0.00281,0.20837
CVE-2026-7897,0.00308,0.23756
CVE-2026-7898,0.00309,0.23938
CVE-2026-7899,0.00296,0.2251
CVE-2026-7900,0.00227,0.13762
CVE-2026-7901,0.00267,0.19151
CVE-2026-7902,0.00344,0.28022
CVE-2026-7903,0.00224,0.13346
CVE-2026-7904,0.00193,0.09322
CVE-2026-7905,0.0022,0.1276
CVE-2026-7906,0.00267,0.19152
CVE-2026-7907,0.00267,0.1915
CVE-2026-7908,0.00224,0.13346
CVE-2026-7909,0.00187,0.0861
CVE-2026-7910,0.0022,0.12812
CVE-2026-7911,0.00206,0.11016
CVE-2026-7912,0.00153,0.04826
CVE-2026-7913,0.00112,0.01541
CVE-2026-7914,0.00225,0.13393
CVE-2026-7915,0.00243,0.15851
CVE-2026-7916,0.0022,0.12761
CVE-2026-7917,0.00206,0.11017
CVE-2026-7918,0.00206,0.11017
CVE-2026-7919,0.00206,0.11017
CVE-2026-7920,0.00206,0.11018
CVE-2026-7921,0.00267,0.19152
CVE-2026-7922,0.00206,0.11018
CVE-2026-7923,0.00206,0.11016
CVE-2026-7924,0.00239,0.15305
CVE-2026-7925,0.00112,0.01541
CVE-2026-7926,0.00267,0.1915
CVE-2026-7927,0.00292,0.21978
CVE-2026-7928,0.00338,0.27333
CVE-2026-7929,0.00246,0.16116
CVE-2026-7931,0.0019,0.08959
CVE-2026-7932,0.00119,0.02005
CVE-2026-7933,0.00178,0.07663
CVE-2026-7934,0.0017,0.06776
CVE-2026-7935,0.0019,0.08959
CVE-2026-7937,0.00143,0.0397
CVE-2026-7938,0.00267,0.19151
CVE-2026-7939,0.00165,0.06144
CVE-2026-7940,0.00196,0.0966
CVE-2026-7941,0.00112,0.01531
CVE-2026-7942,0.00193,0.09322
CVE-2026-7943,0.00163,0.05959
CVE-2026-7944,0.002,0.10133
CVE-2026-7945,0.002,0.10134
CVE-2026-7946,0.00199,0.10056
CVE-2026-7947,0.00186,0.08527
CVE-2026-7948,0.00131,0.03106
CVE-2026-7949,0.00179,0.0771
CVE-2026-7950,0.00171,0.06897
CVE-2026-7951,0.00383,0.32223
CVE-2026-7952,0.00172,0.0697
CVE-2026-7953,0.00171,0.06897
CVE-2026-7954,0.00155,0.05035
CVE-2026-7955,0.0024,0.1541
CVE-2026-7956,0.00222,0.13116
CVE-2026-7957,0.00291,0.21905
CVE-2026-7958,0.00142,0.0386
CVE-2026-7959,0.00195,0.09474
CVE-2026-7960,0.00176,0.07371
CVE-2026-7961,0.0017,0.06792
CVE-2026-7962,0.00171,0.06898
CVE-2026-7963,0.00222,0.13116
CVE-2026-7964,0.00176,0.07431
CVE-2026-7965,0.00207,0.11143
CVE-2026-7966,0.00216,0.123
CVE-2026-7967,0.00237,0.15067
CVE-2026-7968,0.00216,0.123
CVE-2026-7969,0.00225,0.13417
CVE-2026-7970,0.00207,0.11215
CVE-2026-7971,0.00177,0.07565
CVE-2026-7972,0.00238,0.15116
CVE-2026-7973,0.00224,0.13346
CVE-2026-7974,0.00267,0.19151
CVE-2026-7975,0.00206,0.11017
CVE-2026-7976,0.0018,0.07894
CVE-2026-7977,0.00157,0.05309
CVE-2026-7978,0.00237,0.14967
CVE-2026-7979,0.00157,0.05325
CVE-2026-7980,0.00338,0.27334
CVE-2026-7981,0.00202,0.10531
CVE-2026-7982,0.00239,0.15305
CVE-2026-7983,0.00193,0.09322
CVE-2026-7984,0.00267,0.1915
CVE-2026-7985,0.00206,0.11018
CVE-2026-7986,0.00157,0.05326
CVE-2026-7987,0.00338,0.27334
CVE-2026-7988,0.00307,0.23712
CVE-2026-7989,0.00163,0.05959
CVE-2026-7990,0.00112,0.01541
CVE-2026-7991,0.00223,0.13165
CVE-2026-7992,0.00223,0.13165
CVE-2026-7993,0.00186,0.08527
CVE-2026-7994,0.00108,0.01348
CVE-2026-7995,0.00223,0.13165
CVE-2026-7996,0.00172,0.06974
CVE-2026-7997,0.0008,0.00202
CVE-2026-7998,0.0019,0.08987
CVE-2026-7999,0.00163,0.05979
