#model_version:v2026.06.15,score_date:2026-09-25T12:03:13Z
cve,epss,percentile
CVE-2021-20001,0.01615,0.74983
CVE-2021-20016,0.40038,0.98583
CVE-2021-20017,0.01849,0.78195
CVE-2021-20018,0.00673,0.50007
CVE-2021-20019,0.01414,0.71601
CVE-2021-20020,0.0373,0.89411
CVE-2021-20021,0.8867,0.99771
CVE-2021-20022,0.16509,0.96886
CVE-2021-20023,0.51407,0.98904
CVE-2021-20024,0.00635,0.48243
CVE-2021-20025,0.00356,0.26639
CVE-2021-20026,0.11642,0.95906
CVE-2021-20027,0.01291,0.69012
CVE-2021-20028,0.30084,0.98156
CVE-2021-20030,0.00867,0.56981
CVE-2021-20031,0.13041,0.96209
CVE-2021-20032,0.02007,0.79994
CVE-2021-20034,0.81007,0.99621
CVE-2021-20035,0.04181,0.90549
CVE-2021-20037,0.00417,0.33321
CVE-2021-20038,0.99912,0.99966
CVE-2021-20039,0.78746,0.99578
CVE-2021-20040,0.2515,0.9786
CVE-2021-20041,0.066,0.93604
CVE-2021-20042,0.0259,0.84651
CVE-2021-20043,0.23259,0.977
CVE-2021-20044,0.40067,0.98584
CVE-2021-20045,0.25208,0.97864
CVE-2021-20046,0.01939,0.79265
CVE-2021-20047,0.00851,0.56453
CVE-2021-20048,0.01939,0.79265
CVE-2021-20049,0.01347,0.70253
CVE-2021-20050,0.00904,0.58127
CVE-2021-20051,0.00742,0.52745
CVE-2021-20066,0.0139,0.71153
CVE-2021-20067,0.00871,0.57122
CVE-2021-20068,0.00485,0.39156
CVE-2021-20069,0.00485,0.39155
CVE-2021-20070,0.00485,0.39155
CVE-2021-20071,0.00485,0.39155
CVE-2021-20072,0.01476,0.7276
CVE-2021-20073,0.00475,0.3844
CVE-2021-20074,0.01284,0.68878
CVE-2021-20075,0.00239,0.13355
CVE-2021-20076,0.02055,0.8047
CVE-2021-20077,0.00346,0.25436
CVE-2021-20078,0.6037,0.99114
CVE-2021-20079,0.00608,0.46854
CVE-2021-20080,0.93108,0.99832
CVE-2021-20081,0.5242,0.98925
CVE-2021-20083,0.04186,0.90558
CVE-2021-20084,0.01409,0.71494
CVE-2021-20085,0.01606,0.74859
CVE-2021-20086,0.06104,0.9317
CVE-2021-20087,0.02072,0.80644
CVE-2021-20088,0.01449,0.72251
CVE-2021-20089,0.01606,0.74858
CVE-2021-20090,0.99983,0.99982
CVE-2021-20091,0.08796,0.94998
CVE-2021-20092,0.0817,0.94661
CVE-2021-20093,0.33304,0.98317
CVE-2021-20094,0.04673,0.91431
CVE-2021-20096,0.00608,0.46849
CVE-2021-20099,0.00431,0.34776
CVE-2021-20100,0.00473,0.38342
CVE-2021-20101,0.00722,0.51979
CVE-2021-20102,0.00512,0.4118
CVE-2021-20103,0.00685,0.50572
CVE-2021-20104,0.02168,0.81499
CVE-2021-20105,0.00744,0.52798
CVE-2021-20106,0.01294,0.69085
CVE-2021-20107,0.00543,0.43245
CVE-2021-20108,0.04497,0.91137
CVE-2021-20109,0.01378,0.70924
CVE-2021-20110,0.07376,0.94199
CVE-2021-20111,0.00609,0.46894
CVE-2021-20112,0.00634,0.48167
CVE-2021-20113,0.01299,0.69188
CVE-2021-20114,0.05973,0.93033
CVE-2021-20115,0.00947,0.59536
CVE-2021-20116,0.00937,0.59199
CVE-2021-20117,0.00303,0.20569
CVE-2021-20118,0.00303,0.20569
CVE-2021-20119,0.00459,0.3713
CVE-2021-20120,0.00558,0.44167
CVE-2021-20121,0.00498,0.40096
CVE-2021-20122,0.06529,0.93544
CVE-2021-20123,0.90234,0.99795
CVE-2021-20124,0.96308,0.99878
CVE-2021-20125,0.03948,0.90025
CVE-2021-20126,0.00632,0.48096
CVE-2021-20127,0.01132,0.65035
CVE-2021-20128,0.00569,0.44769
CVE-2021-20129,0.01698,0.762
CVE-2021-20130,0.32515,0.98282
CVE-2021-20131,0.16847,0.96941
CVE-2021-20132,0.04289,0.90755
CVE-2021-20133,0.02075,0.80671
CVE-2021-20134,0.07531,0.94284
CVE-2021-20135,0.00308,0.21009
CVE-2021-20136,0.10787,0.95684
CVE-2021-20137,0.02557,0.84425
CVE-2021-20138,0.03702,0.89327
CVE-2021-20139,0.03984,0.90121
CVE-2021-20140,0.03984,0.90122
CVE-2021-20141,0.03709,0.8934
CVE-2021-20142,0.03709,0.8934
CVE-2021-20143,0.03709,0.89341
CVE-2021-20144,0.03709,0.8934
CVE-2021-20145,0.01242,0.67932
CVE-2021-20146,0.0199,0.79782
CVE-2021-20147,0.069,0.93844
CVE-2021-20148,0.01116,0.64662
CVE-2021-20149,0.01444,0.72147
CVE-2021-20150,0.4006,0.98584
CVE-2021-20151,0.01611,0.74912
CVE-2021-20152,0.00823,0.55535
CVE-2021-20153,0.00958,0.5985
CVE-2021-20154,0.00767,0.53614
CVE-2021-20155,0.01899,0.78799
CVE-2021-20156,0.00406,0.32112
CVE-2021-20157,0.01549,0.7399
CVE-2021-20158,0.10861,0.95709
CVE-2021-20159,0.03109,0.87258
CVE-2021-20160,0.03135,0.87367
CVE-2021-20161,0.00247,0.14244
CVE-2021-20162,0.00472,0.3827
CVE-2021-20163,0.00788,0.54337
CVE-2021-20164,0.00725,0.52097
CVE-2021-20165,0.00629,0.47899
CVE-2021-20166,0.02195,0.81736
CVE-2021-20167,0.07783,0.9444
CVE-2021-20168,0.00333,0.24019
CVE-2021-20169,0.00173,0.05937
CVE-2021-20170,0.00504,0.4057
CVE-2021-20171,0.00188,0.07433
CVE-2021-20172,0.00289,0.19187
CVE-2021-20173,0.03226,0.87739
CVE-2021-20174,0.00589,0.45865
CVE-2021-20175,0.00589,0.45865
CVE-2021-20176,0.00925,0.58786
CVE-2021-20177,0.00277,0.17941
CVE-2021-20178,0.0034,0.24734
CVE-2021-20179,0.0122,0.67407
CVE-2021-20180,0.00314,0.21752
CVE-2021-20181,0.00333,0.23808
CVE-2021-20182,0.01145,0.65367
CVE-2021-20183,0.00816,0.55277
CVE-2021-20184,0.00719,0.51876
CVE-2021-20185,0.01377,0.70898
CVE-2021-20186,0.00754,0.53137
CVE-2021-20187,0.01572,0.74355
CVE-2021-20188,0.00261,0.15972
CVE-2021-20190,0.07483,0.94259
CVE-2021-20191,0.00349,0.25879
CVE-2021-20193,0.01092,0.63983
CVE-2021-20194,0.004,0.31471
CVE-2021-20195,0.01249,0.68121
CVE-2021-20196,0.00479,0.38747
CVE-2021-20197,0.00304,0.20691
CVE-2021-20198,0.01833,0.7799
CVE-2021-20199,0.0115,0.65525
CVE-2021-20201,0.02703,0.85336
CVE-2021-20202,0.00299,0.20168
CVE-2021-20203,0.00592,0.46036
CVE-2021-20204,0.02157,0.81418
CVE-2021-20205,0.01194,0.66719
CVE-2021-20206,0.01525,0.73586
CVE-2021-20208,0.00666,0.49709
CVE-2021-20209,0.01897,0.78779
CVE-2021-20210,0.02355,0.83014
CVE-2021-20211,0.02147,0.81328
CVE-2021-20212,0.02024,0.80153
CVE-2021-20213,0.01571,0.7434
CVE-2021-20214,0.02024,0.80154
CVE-2021-20215,0.02252,0.822
CVE-2021-20216,0.02276,0.82384
CVE-2021-20217,0.01371,0.70773
CVE-2021-20218,0.01312,0.69469
CVE-2021-20219,0.00401,0.3161
CVE-2021-20220,0.01119,0.64719
CVE-2021-20221,0.00326,0.23027
CVE-2021-20222,0.0119,0.66637
CVE-2021-20224,0.00384,0.29747
CVE-2021-20225,0.01009,0.61558
CVE-2021-20226,0.00436,0.35311
CVE-2021-20227,0.00496,0.39983
CVE-2021-20228,0.0206,0.80523
CVE-2021-20229,0.01466,0.7259
CVE-2021-20230,0.01179,0.6635
CVE-2021-20231,0.03751,0.8947
CVE-2021-20232,0.03444,0.88539
CVE-2021-20233,0.00605,0.46726
CVE-2021-20234,0.01073,0.63469
CVE-2021-20235,0.43862,0.98703
CVE-2021-20236,0.01602,0.74786
CVE-2021-20237,0.01694,0.76147
CVE-2021-20238,0.00765,0.53563
CVE-2021-20239,0.00255,0.15301
CVE-2021-20240,0.02346,0.82943
CVE-2021-20241,0.01126,0.6491
CVE-2021-20243,0.01066,0.6331
CVE-2021-20244,0.01209,0.67141
CVE-2021-20245,0.01215,0.67287
CVE-2021-20246,0.01228,0.67618
CVE-2021-20247,0.0188,0.78566
CVE-2021-20250,0.00743,0.52753
CVE-2021-20251,0.00758,0.53295
CVE-2021-20252,0.00972,0.60365
CVE-2021-20253,0.00411,0.32649
CVE-2021-20254,0.01616,0.74992
CVE-2021-20255,0.00411,0.32564
CVE-2021-20256,0.00257,0.15509
CVE-2021-20257,0.0037,0.28184
CVE-2021-20259,0.00273,0.17563
CVE-2021-20260,0.00208,0.09746
CVE-2021-20261,0.00227,0.12053
CVE-2021-20262,0.00329,0.2332
CVE-2021-20263,0.00377,0.28907
CVE-2021-20264,0.00271,0.17211
CVE-2021-20265,0.00339,0.2466
CVE-2021-20266,0.01706,0.76311
CVE-2021-20267,0.01023,0.61996
CVE-2021-20268,0.00321,0.22492
CVE-2021-20269,0.00252,0.1489
CVE-2021-20270,0.02759,0.85658
CVE-2021-20271,0.00794,0.54539
CVE-2021-20272,0.02108,0.80989
CVE-2021-20273,0.01953,0.79407
CVE-2021-20274,0.01915,0.78975
CVE-2021-20275,0.01953,0.79407
CVE-2021-20276,0.01953,0.79408
CVE-2021-20277,0.04328,0.90822
CVE-2021-20278,0.00763,0.53473
CVE-2021-20279,0.01001,0.61286
CVE-2021-20280,0.01277,0.68722
CVE-2021-20281,0.01307,0.69377
CVE-2021-20282,0.01266,0.68496
CVE-2021-20283,0.01067,0.6332
CVE-2021-20284,0.01287,0.68937
CVE-2021-20285,0.00751,0.53034
CVE-2021-20286,0.01136,0.65137
CVE-2021-20288,0.02128,0.81164
CVE-2021-20289,0.014,0.71347
CVE-2021-20290,0.00223,0.11572
CVE-2021-20291,0.01587,0.74565
CVE-2021-20292,0.00853,0.56495
CVE-2021-20293,0.00856,0.56629
CVE-2021-20294,0.03278,0.87951
CVE-2021-20295,0.00297,0.19941
CVE-2021-20296,0.01747,0.7684
CVE-2021-20297,0.00256,0.15415
CVE-2021-20298,0.01535,0.73766
CVE-2021-20299,0.01767,0.77145
CVE-2021-20300,0.0089,0.57652
CVE-2021-20302,0.00911,0.58317
CVE-2021-20303,0.00822,0.555
CVE-2021-20304,0.01938,0.79239
CVE-2021-20305,0.01687,0.76057
CVE-2021-20306,0.00655,0.49207
CVE-2021-20307,0.01941,0.79276
CVE-2021-20308,0.02477,0.83889
CVE-2021-20309,0.02315,0.82707
CVE-2021-20310,0.01287,0.68927
CVE-2021-20311,0.01272,0.68613
CVE-2021-20312,0.0238,0.8318
CVE-2021-20313,0.01797,0.77517
CVE-2021-20314,0.0281,0.85941
CVE-2021-20315,0.00196,0.0829
CVE-2021-20316,0.00977,0.6056
CVE-2021-20317,0.00398,0.31244
CVE-2021-20318,0.01701,0.76241
CVE-2021-20319,0.00523,0.41959
CVE-2021-20320,0.0026,0.15842
CVE-2021-20321,0.00216,0.10716
CVE-2021-20322,0.06902,0.93846
CVE-2021-20323,0.37246,0.98474
CVE-2021-20325,0.01593,0.74664
CVE-2021-20326,0.00948,0.59545
CVE-2021-20327,0.00202,0.08971
CVE-2021-20328,0.00432,0.34903
CVE-2021-20329,0.00961,0.59989
CVE-2021-20330,0.01037,0.62428
CVE-2021-20331,0.00623,0.47665
CVE-2021-20332,0.00308,0.21083
CVE-2021-20333,0.01273,0.68645
CVE-2021-20334,0.00201,0.0883
CVE-2021-20335,0.00138,0.0259
CVE-2021-20336,0.00539,0.42965
CVE-2021-20337,0.0071,0.51547
CVE-2021-20338,0.00495,0.39944
CVE-2021-20340,0.00598,0.46367
CVE-2021-20341,0.01026,0.62098
CVE-2021-20343,0.00504,0.40515
CVE-2021-20345,0.00504,0.40516
CVE-2021-20346,0.00504,0.40516
CVE-2021-20347,0.00504,0.40517
CVE-2021-20348,0.00504,0.40516
CVE-2021-20349,0.00254,0.15129
CVE-2021-20350,0.00601,0.46505
CVE-2021-20351,0.00601,0.46505
CVE-2021-20352,0.00502,0.40369
CVE-2021-20353,0.05162,0.92131
CVE-2021-20354,0.04097,0.90369
CVE-2021-20355,0.0111,0.64507
CVE-2021-20357,0.00665,0.49647
CVE-2021-20358,0.00815,0.55267
CVE-2021-20359,0.01267,0.68522
CVE-2021-20360,0.0071,0.51547
CVE-2021-20361,0.00495,0.39947
CVE-2021-20362,0.00495,0.39955
CVE-2021-20363,0.00495,0.39955
CVE-2021-20364,0.00495,0.39952
CVE-2021-20365,0.00498,0.40097
CVE-2021-20366,0.00495,0.39956
CVE-2021-20368,0.00495,0.39956
CVE-2021-20369,0.00674,0.50083
CVE-2021-20371,0.01195,0.6675
CVE-2021-20372,0.01247,0.68053
CVE-2021-20373,0.01482,0.72863
CVE-2021-20374,0.00515,0.41356
CVE-2021-20375,0.00799,0.54705
CVE-2021-20376,0.00727,0.52183
CVE-2021-20377,0.00966,0.60132
CVE-2021-20378,0.00432,0.34898
CVE-2021-20379,0.00454,0.36809
CVE-2021-20380,0.01443,0.72124
CVE-2021-20385,0.02101,0.80933
CVE-2021-20386,0.00653,0.49124
CVE-2021-20389,0.00199,0.08694
CVE-2021-20391,0.00249,0.14472
CVE-2021-20392,0.00653,0.49125
CVE-2021-20393,0.01443,0.72124
CVE-2021-20396,0.00249,0.14471
CVE-2021-20397,0.00653,0.49125
CVE-2021-20399,0.01788,0.77409
CVE-2021-20400,0.00687,0.50656
CVE-2021-20401,0.00155,0.0389
CVE-2021-20402,0.01013,0.61704
CVE-2021-20403,0.00386,0.29979
CVE-2021-20404,0.00932,0.59048
CVE-2021-20405,0.00779,0.54027
CVE-2021-20406,0.00515,0.41395
CVE-2021-20407,0.00726,0.52163
CVE-2021-20408,0.00191,0.07817
CVE-2021-20409,0.00993,0.61047
CVE-2021-20410,0.00714,0.51671
CVE-2021-20411,0.00448,0.36341
CVE-2021-20412,0.0094,0.59292
CVE-2021-20413,0.00751,0.53052
CVE-2021-20414,0.00541,0.43142
CVE-2021-20415,0.00937,0.59214
CVE-2021-20416,0.00722,0.51999
CVE-2021-20417,0.00629,0.47898
CVE-2021-20418,0.00962,0.60024
CVE-2021-20419,0.0071,0.51546
CVE-2021-20420,0.00727,0.52183
CVE-2021-20421,0.00504,0.40496
CVE-2021-20422,0.0125,0.6814
CVE-2021-20423,0.01065,0.63245
CVE-2021-20424,0.00982,0.60707
CVE-2021-20426,0.00963,0.60062
CVE-2021-20427,0.01344,0.70206
CVE-2021-20428,0.01275,0.68688
CVE-2021-20429,0.00822,0.55511
CVE-2021-20430,0.01275,0.68688
CVE-2021-20431,0.00935,0.59135
CVE-2021-20432,0.00747,0.52905
CVE-2021-20433,0.00946,0.59475
CVE-2021-20434,0.00214,0.10442
CVE-2021-20435,0.00131,0.02208
CVE-2021-20439,0.01185,0.66488
CVE-2021-20440,0.00689,0.50707
CVE-2021-20441,0.0081,0.55104
CVE-2021-20442,0.0101,0.61584
CVE-2021-20443,0.00916,0.5852
CVE-2021-20444,0.00733,0.52408
CVE-2021-20445,0.01263,0.68453
CVE-2021-20446,0.00557,0.44039
CVE-2021-20447,0.00502,0.40369
CVE-2021-20448,0.00495,0.39948
CVE-2021-20450,0.00366,0.27712
CVE-2021-20451,0.00504,0.40563
CVE-2021-20453,0.02463,0.8379
CVE-2021-20454,0.02795,0.85861
CVE-2021-20455,0.00483,0.39005
CVE-2021-20461,0.00951,0.59657
CVE-2021-20464,0.01398,0.71294
CVE-2021-20468,0.00408,0.32314
CVE-2021-20470,0.01381,0.70963
CVE-2021-20473,0.00477,0.38592
CVE-2021-20474,0.00479,0.38745
CVE-2021-20477,0.00502,0.40369
CVE-2021-20478,0.00237,0.13117
CVE-2021-20479,0.00655,0.49233
CVE-2021-20480,0.01151,0.65569
CVE-2021-20481,0.00637,0.48307
CVE-2021-20482,0.01398,0.71299
CVE-2021-20483,0.00915,0.58481
CVE-2021-20484,0.00495,0.39949
CVE-2021-20485,0.00982,0.60706
CVE-2021-20486,0.00852,0.56478
CVE-2021-20487,0.0068,0.50325
CVE-2021-20488,0.00913,0.58382
CVE-2021-20489,0.00397,0.31168
CVE-2021-20490,0.00204,0.09191
CVE-2021-20491,0.00258,0.15594
CVE-2021-20492,0.02071,0.80634
CVE-2021-20493,0.009,0.57976
CVE-2021-20494,0.01132,0.65044
CVE-2021-20496,0.00649,0.48928
CVE-2021-20497,0.0071,0.51547
CVE-2021-20498,0.00944,0.59413
CVE-2021-20499,0.00966,0.60132
CVE-2021-20500,0.00251,0.1465
CVE-2021-20501,0.01338,0.70074
CVE-2021-20502,0.01398,0.71299
CVE-2021-20503,0.00502,0.40368
CVE-2021-20504,0.00502,0.40368
CVE-2021-20505,0.00546,0.43375
CVE-2021-20506,0.00502,0.40369
CVE-2021-20507,0.00495,0.39948
CVE-2021-20508,0.00974,0.60471
CVE-2021-20509,0.01748,0.76854
CVE-2021-20510,0.0048,0.38791
CVE-2021-20511,0.01892,0.78719
CVE-2021-20515,0.00317,0.22032
CVE-2021-20517,0.0186,0.78342
CVE-2021-20518,0.00502,0.4037
CVE-2021-20519,0.0062,0.4752
CVE-2021-20520,0.00502,0.4037
CVE-2021-20523,0.00966,0.60133
CVE-2021-20524,0.00487,0.39363
CVE-2021-20526,0.01111,0.64523
CVE-2021-20527,0.01073,0.63465
CVE-2021-20528,0.00495,0.39954
CVE-2021-20529,0.00944,0.59413
CVE-2021-20532,0.00206,0.09426
CVE-2021-20533,0.01757,0.77007
CVE-2021-20534,0.00545,0.43335
CVE-2021-20535,0.00523,0.4197
CVE-2021-20536,0.00266,0.16524
CVE-2021-20537,0.00684,0.50499
CVE-2021-20538,0.00737,0.52547
CVE-2021-20539,0.00944,0.59413
CVE-2021-20540,0.00912,0.58351
CVE-2021-20541,0.00868,0.57009
CVE-2021-20543,0.00636,0.48297
CVE-2021-20544,0.00504,0.40496
CVE-2021-20546,0.00266,0.16515
CVE-2021-20549,0.00495,0.39945
CVE-2021-20550,0.00495,0.39945
CVE-2021-20551,0.00249,0.14459
CVE-2021-20552,0.00982,0.60707
CVE-2021-20553,0.00264,0.16361
CVE-2021-20554,0.00653,0.49124
CVE-2021-20556,0.00463,0.37478
CVE-2021-20557,0.02726,0.85465
CVE-2021-20559,0.00495,0.39949
CVE-2021-20560,0.00641,0.48508
CVE-2021-20561,0.00637,0.48306
CVE-2021-20562,0.00945,0.59459
CVE-2021-20563,0.00727,0.52182
CVE-2021-20564,0.00851,0.56443
CVE-2021-20565,0.00839,0.56043
CVE-2021-20566,0.0071,0.51546
CVE-2021-20567,0.00114,0.01326
CVE-2021-20569,0.00944,0.59414
CVE-2021-20571,0.0046,0.37212
CVE-2021-20572,0.01498,0.73133
CVE-2021-20573,0.01498,0.73133
CVE-2021-20574,0.01722,0.76528
CVE-2021-20575,0.00268,0.16853
CVE-2021-20576,0.02476,0.83884
CVE-2021-20577,0.00606,0.46758
CVE-2021-20578,0.00991,0.6097
CVE-2021-20579,0.0111,0.64497
CVE-2021-20580,0.00377,0.28913
CVE-2021-20581,0.00383,0.29658
CVE-2021-20582,0.00868,0.5701
CVE-2021-20583,0.00899,0.57942
CVE-2021-20584,0.01378,0.70923
CVE-2021-20585,0.01014,0.61725
CVE-2021-20586,0.02744,0.8557
CVE-2021-20587,0.03886,0.89849
CVE-2021-20588,0.06881,0.93828
CVE-2021-20589,0.01476,0.72755
CVE-2021-20590,0.01275,0.687
CVE-2021-20591,0.01497,0.73118
CVE-2021-20592,0.01497,0.73118
CVE-2021-20593,0.00853,0.56529
CVE-2021-20594,0.0237,0.83116
CVE-2021-20595,0.01781,0.77325
CVE-2021-20596,0.02172,0.81532
CVE-2021-20597,0.0222,0.81947
CVE-2021-20598,0.01513,0.73405
CVE-2021-20599,0.01402,0.71394
CVE-2021-20600,0.02385,0.83215
CVE-2021-20601,0.02428,0.83544
CVE-2021-20606,0.00932,0.59047
CVE-2021-20607,0.00932,0.59048
CVE-2021-20608,0.02711,0.85384
CVE-2021-20609,0.03273,0.87937
CVE-2021-20610,0.03273,0.87937
CVE-2021-20611,0.03179,0.87539
CVE-2021-20612,0.03595,0.89001
CVE-2021-20613,0.03595,0.89001
CVE-2021-20616,0.00321,0.22468
CVE-2021-20617,0.07871,0.94494
CVE-2021-20618,0.03296,0.88031
CVE-2021-20619,0.01044,0.62618
CVE-2021-20620,0.01044,0.62618
CVE-2021-20621,0.00645,0.48749
CVE-2021-20622,0.01044,0.62618
CVE-2021-20623,0.02815,0.85972
CVE-2021-20624,0.00778,0.53985
CVE-2021-20625,0.0065,0.48996
CVE-2021-20626,0.00778,0.53985
CVE-2021-20627,0.0081,0.55092
CVE-2021-20628,0.0081,0.55091
CVE-2021-20629,0.0081,0.55091
CVE-2021-20630,0.00722,0.52005
CVE-2021-20631,0.00743,0.52759
CVE-2021-20632,0.00722,0.52005
CVE-2021-20633,0.00722,0.52005
CVE-2021-20634,0.00722,0.52004
CVE-2021-20635,0.00439,0.35553
CVE-2021-20636,0.00515,0.41402
CVE-2021-20637,0.01028,0.62152
CVE-2021-20638,0.00461,0.37326
CVE-2021-20639,0.00461,0.37326
CVE-2021-20640,0.00563,0.44492
CVE-2021-20641,0.00515,0.41401
CVE-2021-20642,0.01028,0.62151
CVE-2021-20643,0.0118,0.6636
CVE-2021-20644,0.00615,0.47231
CVE-2021-20645,0.00764,0.53504
CVE-2021-20646,0.00515,0.41401
CVE-2021-20647,0.00515,0.41402
CVE-2021-20648,0.00461,0.37326
CVE-2021-20649,0.00331,0.23597
CVE-2021-20650,0.00515,0.41402
CVE-2021-20651,0.01938,0.79241
CVE-2021-20652,0.0084,0.56083
CVE-2021-20653,0.01234,0.6775
CVE-2021-20654,0.00751,0.53034
CVE-2021-20655,0.03541,0.88841
CVE-2021-20656,0.01152,0.65577
CVE-2021-20657,0.02829,0.86045
CVE-2021-20658,0.03683,0.89269
CVE-2021-20659,0.02129,0.81177
CVE-2021-20660,0.47165,0.98795
CVE-2021-20661,0.02471,0.8385
CVE-2021-20662,0.02093,0.80846
CVE-2021-20663,0.00839,0.56042
CVE-2021-20664,0.00839,0.56042
CVE-2021-20665,0.00839,0.56042
CVE-2021-20667,0.0065,0.4898
CVE-2021-20668,0.00821,0.55474
CVE-2021-20669,0.00756,0.53243
CVE-2021-20670,0.01509,0.73343
CVE-2021-20671,0.01835,0.78016
CVE-2021-20672,0.00947,0.59521
CVE-2021-20673,0.00754,0.53131
CVE-2021-20674,0.00915,0.58485
CVE-2021-20675,0.01333,0.69942
CVE-2021-20676,0.00769,0.53707
CVE-2021-20677,0.00919,0.5861
CVE-2021-20678,0.02044,0.80359
CVE-2021-20679,0.01549,0.74007
CVE-2021-20680,0.00796,0.5461
CVE-2021-20681,0.00731,0.52329
CVE-2021-20682,0.02475,0.83878
CVE-2021-20683,0.00731,0.52329
CVE-2021-20684,0.00756,0.53213
CVE-2021-20685,0.00756,0.53213
CVE-2021-20686,0.00756,0.53212
CVE-2021-20687,0.00558,0.44135
CVE-2021-20688,0.00756,0.53214
CVE-2021-20689,0.00756,0.53213
CVE-2021-20690,0.00756,0.53212
CVE-2021-20691,0.00756,0.53212
CVE-2021-20692,0.01001,0.61282
CVE-2021-20693,0.01148,0.65439
CVE-2021-20694,0.01705,0.763
CVE-2021-20695,0.01256,0.68269
CVE-2021-20696,0.02399,0.83318
CVE-2021-20697,0.01706,0.7632
CVE-2021-20698,0.0147,0.72669
CVE-2021-20699,0.0166,0.75652
CVE-2021-20700,0.02142,0.81284
CVE-2021-20701,0.02142,0.81284
CVE-2021-20702,0.02202,0.81792
CVE-2021-20703,0.02142,0.81285
CVE-2021-20704,0.02142,0.81285
CVE-2021-20705,0.01114,0.64602
CVE-2021-20706,0.01114,0.64602
CVE-2021-20707,0.00986,0.60822
CVE-2021-20708,0.01217,0.67338
CVE-2021-20709,0.0066,0.49475
CVE-2021-20710,0.00773,0.53824
CVE-2021-20711,0.01359,0.70529
CVE-2021-20712,0.00801,0.54768
CVE-2021-20713,0.0022,0.11199
CVE-2021-20714,0.02625,0.84855
CVE-2021-20715,0.00869,0.57045
CVE-2021-20716,0.03179,0.87542
CVE-2021-20717,0.02308,0.82649
CVE-2021-20718,0.03395,0.88367
CVE-2021-20719,0.0044,0.35585
CVE-2021-20720,0.01317,0.69598
CVE-2021-20721,0.01522,0.7353
CVE-2021-20722,0.0044,0.35584
CVE-2021-20723,0.00777,0.53937
CVE-2021-20724,0.00773,0.53824
CVE-2021-20725,0.00777,0.53937
CVE-2021-20726,0.00292,0.19459
CVE-2021-20727,0.01036,0.62407
CVE-2021-20728,0.00993,0.61042
CVE-2021-20729,0.02878,0.8628
CVE-2021-20730,0.00368,0.28016
CVE-2021-20731,0.00593,0.46074
CVE-2021-20732,0.00486,0.39248
CVE-2021-20733,0.00821,0.55471
CVE-2021-20734,0.01044,0.62646
CVE-2021-20735,0.01121,0.64778
CVE-2021-20736,0.01307,0.69367
CVE-2021-20737,0.01052,0.62862
CVE-2021-20738,0.00407,0.32229
CVE-2021-20739,0.00512,0.41181
CVE-2021-20740,0.0311,0.8726
CVE-2021-20741,0.00754,0.53125
CVE-2021-20742,0.00757,0.5327
CVE-2021-20743,0.00754,0.53126
CVE-2021-20744,0.00754,0.53124
CVE-2021-20745,0.00964,0.6008
CVE-2021-20746,0.01442,0.72106
CVE-2021-20747,0.01004,0.61404
CVE-2021-20748,0.01037,0.62436
CVE-2021-20749,0.00989,0.60928
CVE-2021-20750,0.01557,0.74129
CVE-2021-20751,0.01088,0.63895
CVE-2021-20752,0.00788,0.54341
CVE-2021-20753,0.00605,0.467
CVE-2021-20754,0.0078,0.54065
CVE-2021-20755,0.00909,0.5827
CVE-2021-20756,0.00934,0.59115
CVE-2021-20757,0.00818,0.55336
CVE-2021-20758,0.00488,0.39384
CVE-2021-20759,0.00818,0.55335
CVE-2021-20760,0.0078,0.54066
CVE-2021-20761,0.00752,0.53073
CVE-2021-20762,0.00802,0.54821
CVE-2021-20763,0.00934,0.59114
CVE-2021-20764,0.00993,0.61042
CVE-2021-20765,0.008,0.54714
CVE-2021-20766,0.00757,0.53269
CVE-2021-20767,0.00608,0.46828
CVE-2021-20768,0.00818,0.55335
CVE-2021-20769,0.00605,0.46697
CVE-2021-20770,0.00605,0.467
CVE-2021-20771,0.00796,0.54609
CVE-2021-20772,0.00881,0.57424
CVE-2021-20773,0.0078,0.54065
CVE-2021-20774,0.00605,0.46699
CVE-2021-20775,0.00881,0.57424
CVE-2021-20776,0.0129,0.68995
CVE-2021-20777,0.00869,0.57046
CVE-2021-20778,0.02071,0.80631
CVE-2021-20779,0.0087,0.57086
CVE-2021-20780,0.00866,0.56961
CVE-2021-20781,0.00849,0.56376
CVE-2021-20782,0.00871,0.57123
CVE-2021-20783,0.00551,0.43698
CVE-2021-20784,0.01118,0.64693
CVE-2021-20785,0.006,0.46464
CVE-2021-20786,0.0045,0.36448
CVE-2021-20787,0.0064,0.4844
CVE-2021-20788,0.00916,0.5851
CVE-2021-20789,0.00871,0.57115
CVE-2021-20790,0.01263,0.68445
CVE-2021-20791,0.00842,0.56142
CVE-2021-20792,0.03378,0.88314
CVE-2021-20793,0.00315,0.21771
CVE-2021-20795,0.00556,0.44025
CVE-2021-20796,0.01516,0.73449
CVE-2021-20797,0.00608,0.46827
CVE-2021-20798,0.00608,0.46827
CVE-2021-20799,0.00608,0.46827
CVE-2021-20800,0.00605,0.467
CVE-2021-20801,0.01064,0.63224
CVE-2021-20802,0.00993,0.61043
CVE-2021-20803,0.00716,0.51764
CVE-2021-20804,0.01134,0.65078
CVE-2021-20805,0.00605,0.46699
CVE-2021-20806,0.00821,0.55471
CVE-2021-20807,0.00754,0.53125
CVE-2021-20808,0.009,0.57972
CVE-2021-20809,0.009,0.57972
CVE-2021-20810,0.00904,0.58117
CVE-2021-20811,0.009,0.57972
CVE-2021-20812,0.009,0.57971
CVE-2021-20813,0.009,0.57972
CVE-2021-20814,0.00904,0.58117
CVE-2021-20815,0.009,0.57971
CVE-2021-20825,0.00757,0.53269
CVE-2021-20826,0.0039,0.30343
CVE-2021-20827,0.00588,0.45831
CVE-2021-20828,0.00773,0.53823
CVE-2021-20829,0.00754,0.53125
CVE-2021-20831,0.0074,0.52667
CVE-2021-20832,0.00778,0.53985
CVE-2021-20833,0.00486,0.39248
CVE-2021-20834,0.01195,0.66742
CVE-2021-20835,0.01625,0.75136
CVE-2021-20836,0.00806,0.54969
CVE-2021-20837,0.88144,0.99764
CVE-2021-20838,0.0152,0.73496
CVE-2021-20839,0.01138,0.65209
CVE-2021-20840,0.01284,0.68866
CVE-2021-20841,0.01319,0.69631
CVE-2021-20842,0.00551,0.43718
CVE-2021-20843,0.00693,0.50872
CVE-2021-20844,0.00957,0.59825
CVE-2021-20845,0.00523,0.41981
CVE-2021-20846,0.00674,0.50084
CVE-2021-20847,0.00842,0.56127
CVE-2021-20848,0.00906,0.58179
CVE-2021-20850,0.01535,0.73753
CVE-2021-20851,0.00784,0.54172
CVE-2021-20852,0.00469,0.37979
CVE-2021-20853,0.00436,0.353
CVE-2021-20854,0.00436,0.353
CVE-2021-20855,0.00605,0.46698
CVE-2021-20856,0.00605,0.46698
CVE-2021-20857,0.00605,0.46699
CVE-2021-20858,0.00605,0.46699
CVE-2021-20859,0.00563,0.44469
CVE-2021-20860,0.00554,0.4389
CVE-2021-20861,0.00462,0.37361
CVE-2021-20862,0.00384,0.2971
CVE-2021-20863,0.00861,0.56806
CVE-2021-20864,0.00518,0.41617
CVE-2021-20865,0.02462,0.83782
CVE-2021-20866,0.01662,0.75687
CVE-2021-20867,0.01368,0.70704
CVE-2021-20868,0.00436,0.35248
CVE-2021-20869,0.00532,0.42565
CVE-2021-20870,0.00298,0.20033
CVE-2021-20871,0.0052,0.41733
CVE-2021-20872,0.003,0.20207
CVE-2021-20873,0.00842,0.56149
CVE-2021-20874,0.01296,0.69121
CVE-2021-20875,0.0082,0.55448
CVE-2021-20876,0.01026,0.6209
CVE-2021-20877,0.00842,0.5614
CVE-2021-20986,0.01038,0.62444
CVE-2021-20987,0.01138,0.65185
CVE-2021-20988,0.0099,0.60945
CVE-2021-20989,0.01983,0.79704
CVE-2021-20990,0.03429,0.88477
CVE-2021-20991,0.05437,0.92428
CVE-2021-20992,0.01421,0.71731
CVE-2021-20993,0.00793,0.54513
CVE-2021-20994,0.00629,0.47921
CVE-2021-20995,0.00542,0.43165
CVE-2021-20996,0.00752,0.53058
CVE-2021-20997,0.01016,0.61794
CVE-2021-20998,0.01111,0.64532
CVE-2021-20999,0.00947,0.59523
CVE-2021-21000,0.01037,0.62427
CVE-2021-21001,0.01134,0.65096
CVE-2021-21002,0.00961,0.59976
CVE-2021-21003,0.00946,0.59468
CVE-2021-21004,0.00581,0.45407
CVE-2021-21005,0.00678,0.50271
CVE-2021-21006,0.05614,0.92653
CVE-2021-21007,0.02152,0.81378
CVE-2021-21008,0.0235,0.82973
CVE-2021-21009,0.0299,0.8678
CVE-2021-21010,0.02486,0.83948
CVE-2021-21011,0.0203,0.80212
CVE-2021-21012,0.03951,0.90034
CVE-2021-21013,0.03181,0.87549
CVE-2021-21014,0.04213,0.90615
CVE-2021-21015,0.0293,0.86529
CVE-2021-21016,0.0485,0.91697
CVE-2021-21017,0.86326,0.99728
CVE-2021-21018,0.0399,0.90135
CVE-2021-21019,0.03635,0.89113
CVE-2021-21020,0.02412,0.83416
CVE-2021-21021,0.04117,0.90413
CVE-2021-21022,0.02195,0.81739
CVE-2021-21023,0.01606,0.74854
CVE-2021-21024,0.02772,0.85734
CVE-2021-21025,0.03269,0.87919
CVE-2021-21026,0.01808,0.77663
CVE-2021-21027,0.01661,0.75678
CVE-2021-21028,0.04117,0.90414
CVE-2021-21029,0.84641,0.99699
CVE-2021-21030,0.05616,0.92655
CVE-2021-21031,0.01673,0.75848
CVE-2021-21032,0.01558,0.74143
CVE-2021-21033,0.04117,0.90413
CVE-2021-21034,0.02562,0.84457
CVE-2021-21035,0.04117,0.90414
CVE-2021-21036,0.02791,0.85841
CVE-2021-21037,0.03348,0.88214
CVE-2021-21038,0.03277,0.87947
CVE-2021-21039,0.03061,0.87075
CVE-2021-21040,0.03061,0.87074
CVE-2021-21041,0.03061,0.87075
CVE-2021-21042,0.14705,0.96552
CVE-2021-21043,0.03337,0.88178
CVE-2021-21044,0.03537,0.88825
CVE-2021-21045,0.01761,0.77049
CVE-2021-21046,0.01719,0.76486
CVE-2021-21047,0.03043,0.86995
CVE-2021-21048,0.02982,0.86746
CVE-2021-21049,0.03476,0.88643
CVE-2021-21050,0.03476,0.88644
CVE-2021-21051,0.07413,0.94222
CVE-2021-21052,0.03808,0.89635
CVE-2021-21053,0.02329,0.82811
CVE-2021-21054,0.03957,0.90049
CVE-2021-21055,0.00784,0.54182
CVE-2021-21056,0.21224,0.97512
CVE-2021-21057,0.01132,0.65036
CVE-2021-21058,0.02617,0.84806
CVE-2021-21059,0.02617,0.84807
CVE-2021-21060,0.0162,0.75065
CVE-2021-21061,0.02077,0.80687
CVE-2021-21062,0.02617,0.84807
CVE-2021-21063,0.02617,0.84806
CVE-2021-21064,0.08514,0.94852
CVE-2021-21065,0.03725,0.89395
CVE-2021-21066,0.03725,0.89394
CVE-2021-21067,0.02855,0.86168
CVE-2021-21068,0.00621,0.47536
CVE-2021-21069,0.02467,0.8382
CVE-2021-21070,0.01598,0.74727
CVE-2021-21071,0.04161,0.90506
CVE-2021-21072,0.03021,0.86913
CVE-2021-21073,0.03021,0.86912
CVE-2021-21074,0.03189,0.87573
CVE-2021-21075,0.03021,0.86913
CVE-2021-21076,0.03189,0.87573
CVE-2021-21077,0.07503,0.94273
CVE-2021-21078,0.01081,0.63705
CVE-2021-21079,0.01125,0.64872
CVE-2021-21080,0.01188,0.66575
CVE-2021-21082,0.04478,0.91102
CVE-2021-21083,0.0198,0.79668
CVE-2021-21084,0.01816,0.7778
CVE-2021-21085,0.03738,0.89434
CVE-2021-21086,0.04714,0.9149
CVE-2021-21087,0.37095,0.98467
CVE-2021-21088,0.00344,0.25203
CVE-2021-21089,0.01868,0.78434
CVE-2021-21090,0.05371,0.9236
CVE-2021-21091,0.02414,0.83433
CVE-2021-21092,0.0393,0.89984
CVE-2021-21093,0.0393,0.89984
CVE-2021-21094,0.03868,0.89803
CVE-2021-21095,0.03868,0.89803
CVE-2021-21096,0.00707,0.51421
CVE-2021-21098,0.05751,0.92795
CVE-2021-21099,0.05751,0.92795
CVE-2021-21100,0.01721,0.76518
CVE-2021-21101,0.03467,0.88611
CVE-2021-21102,0.0388,0.89836
CVE-2021-21103,0.03284,0.87981
CVE-2021-21104,0.04847,0.91693
CVE-2021-21105,0.05915,0.92973
CVE-2021-21106,0.02239,0.82109
CVE-2021-21107,0.01117,0.64667
CVE-2021-21108,0.01317,0.6958
CVE-2021-21109,0.01317,0.69581
CVE-2021-21110,0.03095,0.8721
CVE-2021-21111,0.01065,0.63229
CVE-2021-21112,0.01353,0.70386
CVE-2021-21113,0.01474,0.72728
CVE-2021-21114,0.01353,0.70403
CVE-2021-21115,0.01392,0.71194
CVE-2021-21116,0.01434,0.71969
CVE-2021-21117,0.00221,0.11356
CVE-2021-21118,0.1677,0.96931
CVE-2021-21119,0.06825,0.93786
CVE-2021-21120,0.06879,0.93826
CVE-2021-21121,0.0619,0.93246
CVE-2021-21122,0.0701,0.93936
CVE-2021-21123,0.1091,0.95725
CVE-2021-21124,0.07851,0.9448
CVE-2021-21125,0.08084,0.94608
CVE-2021-21126,0.08726,0.94965
CVE-2021-21127,0.05878,0.92946
CVE-2021-21128,0.06506,0.93525
CVE-2021-21129,0.05444,0.92433
CVE-2021-21130,0.05444,0.92433
CVE-2021-21131,0.07647,0.9436
CVE-2021-21132,0.23406,0.97713
CVE-2021-21133,0.03036,0.8697
CVE-2021-21134,0.05036,0.91959
CVE-2021-21135,0.19228,0.9724
CVE-2021-21136,0.04175,0.90535
CVE-2021-21137,0.05919,0.92978
CVE-2021-21138,0.0051,0.41046
CVE-2021-21139,0.04743,0.91535
CVE-2021-21140,0.0076,0.53384
CVE-2021-21141,0.05439,0.92429
CVE-2021-21142,0.01107,0.64422
CVE-2021-21143,0.0082,0.55441
CVE-2021-21144,0.00873,0.57189
CVE-2021-21145,0.01039,0.6248
CVE-2021-21146,0.01128,0.64946
CVE-2021-21147,0.00845,0.56254
CVE-2021-21148,0.19968,0.97348
CVE-2021-21149,0.01468,0.72631
CVE-2021-21150,0.0117,0.66053
CVE-2021-21151,0.01139,0.65213
CVE-2021-21152,0.01273,0.68656
CVE-2021-21153,0.01273,0.68655
CVE-2021-21154,0.01422,0.7175
CVE-2021-21155,0.01324,0.69732
CVE-2021-21156,0.02703,0.85342
CVE-2021-21157,0.09458,0.95256
CVE-2021-21159,0.01726,0.76571
CVE-2021-21160,0.0191,0.78922
CVE-2021-21161,0.01538,0.73804
CVE-2021-21162,0.01376,0.70872
CVE-2021-21163,0.0094,0.59292
CVE-2021-21164,0.00814,0.5523
CVE-2021-21165,0.0112,0.64765
CVE-2021-21166,0.24027,0.97764
CVE-2021-21167,0.01376,0.70872
CVE-2021-21168,0.01778,0.77295
CVE-2021-21169,0.01415,0.71621
CVE-2021-21170,0.01599,0.74745
CVE-2021-21171,0.01659,0.75629
CVE-2021-21172,0.0165,0.75502
CVE-2021-21173,0.01603,0.74811
CVE-2021-21174,0.01501,0.73196
CVE-2021-21175,0.01179,0.66354
CVE-2021-21176,0.01705,0.76304
CVE-2021-21177,0.17289,0.97002
CVE-2021-21178,0.01615,0.74981
CVE-2021-21179,0.01414,0.71604
CVE-2021-21180,0.01623,0.75087
CVE-2021-21181,0.01603,0.74811
CVE-2021-21182,0.01874,0.78501
CVE-2021-21183,0.0104,0.62488
CVE-2021-21184,0.0104,0.62488
CVE-2021-21185,0.01286,0.68918
CVE-2021-21186,0.01127,0.64938
CVE-2021-21187,0.01451,0.72281
CVE-2021-21188,0.0163,0.75208
CVE-2021-21189,0.01463,0.72516
CVE-2021-21190,0.01501,0.73203
CVE-2021-21191,0.01374,0.70829
CVE-2021-21192,0.01475,0.72735
CVE-2021-21193,0.0987,0.95405
CVE-2021-21194,0.0121,0.67162
CVE-2021-21195,0.01353,0.70392
CVE-2021-21196,0.01337,0.70055
CVE-2021-21197,0.01361,0.70574
CVE-2021-21198,0.01793,0.77474
CVE-2021-21199,0.01146,0.65385
CVE-2021-21200,0.00443,0.35931
CVE-2021-21201,0.017,0.76235
CVE-2021-21202,0.01031,0.62237
CVE-2021-21203,0.01769,0.77175
CVE-2021-21204,0.01568,0.74282
CVE-2021-21205,0.01473,0.72715
CVE-2021-21206,0.09307,0.95202
CVE-2021-21207,0.00943,0.59405
CVE-2021-21208,0.01398,0.71288
CVE-2021-21209,0.01009,0.61565
CVE-2021-21210,0.01905,0.78866
CVE-2021-21211,0.01018,0.61825
CVE-2021-21212,0.01809,0.77678
CVE-2021-21213,0.01516,0.73448
CVE-2021-21214,0.01292,0.69038
CVE-2021-21215,0.34466,0.98363
CVE-2021-21216,0.21765,0.97558
CVE-2021-21217,0.01637,0.75324
CVE-2021-21218,0.01336,0.70013
CVE-2021-21219,0.01208,0.67084
CVE-2021-21220,0.70435,0.99369
CVE-2021-21221,0.01569,0.74307
CVE-2021-21222,0.01755,0.76969
CVE-2021-21223,0.0144,0.72069
CVE-2021-21224,0.84173,0.99688
CVE-2021-21225,0.06625,0.9362
CVE-2021-21226,0.01354,0.70411
CVE-2021-21227,0.01189,0.66588
CVE-2021-21228,0.01063,0.63158
CVE-2021-21229,0.0085,0.56389
CVE-2021-21230,0.01601,0.74768
CVE-2021-21231,0.01144,0.65321
CVE-2021-21232,0.01104,0.64349
CVE-2021-21233,0.01328,0.69824
CVE-2021-21234,0.21011,0.9749
CVE-2021-21235,0.01515,0.73435
CVE-2021-21236,0.01466,0.72599
CVE-2021-21237,0.00431,0.34728
CVE-2021-21238,0.01078,0.63601
CVE-2021-21239,0.01271,0.68609
CVE-2021-21240,0.03626,0.89088
CVE-2021-21241,0.00917,0.58536
CVE-2021-21242,0.74191,0.99473
CVE-2021-21243,0.54494,0.98981
CVE-2021-21244,0.01494,0.73072
CVE-2021-21245,0.01198,0.66828
CVE-2021-21246,0.49051,0.98843
CVE-2021-21247,0.01502,0.73224
CVE-2021-21248,0.01451,0.72286
CVE-2021-21249,0.02932,0.86536
CVE-2021-21250,0.00932,0.59048
CVE-2021-21251,0.12681,0.96119
CVE-2021-21252,0.03437,0.88507
CVE-2021-21253,0.00736,0.52514
CVE-2021-21254,0.01792,0.77453
CVE-2021-21255,0.00854,0.56562
CVE-2021-21257,0.01088,0.63891
CVE-2021-21258,0.0065,0.49012
CVE-2021-21259,0.01352,0.70376
CVE-2021-21260,0.00596,0.46219
CVE-2021-21261,0.0057,0.44851
CVE-2021-21263,0.01605,0.74841
CVE-2021-21264,0.00262,0.16107
CVE-2021-21265,0.01748,0.7686
CVE-2021-21266,0.011,0.64233
CVE-2021-21267,0.0209,0.8082
CVE-2021-21269,0.01392,0.71185
CVE-2021-21270,0.00276,0.17882
CVE-2021-21271,0.01742,0.76781
CVE-2021-21272,0.01448,0.7222
CVE-2021-21273,0.01809,0.77674
CVE-2021-21274,0.02164,0.81463
CVE-2021-21275,0.00716,0.51768
CVE-2021-21276,0.07164,0.9406
CVE-2021-21277,0.0273,0.8549
CVE-2021-21278,0.01572,0.74349
CVE-2021-21279,0.00978,0.6059
CVE-2021-21280,0.01064,0.63197
CVE-2021-21281,0.00918,0.58585
CVE-2021-21282,0.00993,0.61041
CVE-2021-21283,0.00787,0.54298
CVE-2021-21284,0.01065,0.63233
CVE-2021-21285,0.03287,0.87998
CVE-2021-21286,0.0077,0.53734
CVE-2021-21287,0.24784,0.97827
CVE-2021-21288,0.01173,0.66121
CVE-2021-21289,0.03507,0.88742
CVE-2021-21290,0.01777,0.7728
CVE-2021-21291,0.01576,0.74417
CVE-2021-21292,0.00393,0.30684
CVE-2021-21293,0.02117,0.81068
CVE-2021-21294,0.02146,0.8132
CVE-2021-21295,0.18891,0.97198
CVE-2021-21296,0.01941,0.79276
CVE-2021-21297,0.01397,0.7127
CVE-2021-21298,0.01071,0.6342
CVE-2021-21299,0.04771,0.9158
CVE-2021-21300,0.88533,0.9977
CVE-2021-21301,0.0102,0.61885
CVE-2021-21302,0.02425,0.83513
CVE-2021-21303,0.0103,0.62205
CVE-2021-21304,0.01894,0.78739
CVE-2021-21305,0.12678,0.96118
CVE-2021-21306,0.02462,0.83782
CVE-2021-21307,0.89189,0.99777
CVE-2021-21308,0.01854,0.78264
CVE-2021-21309,0.0479,0.91605
CVE-2021-21310,0.01667,0.75764
CVE-2021-21311,0.98464,0.99918
CVE-2021-21312,0.00592,0.46009
CVE-2021-21313,0.00919,0.58591
CVE-2021-21314,0.00587,0.45775
CVE-2021-21315,0.90675,0.99801
CVE-2021-21316,0.00988,0.60882
CVE-2021-21317,0.02517,0.84163
CVE-2021-21318,0.00707,0.51417
CVE-2021-21319,0.00886,0.57564
CVE-2021-21320,0.00922,0.58667
CVE-2021-21321,0.01821,0.77848
CVE-2021-21322,0.01627,0.75153
CVE-2021-21323,0.0226,0.82254
CVE-2021-21324,0.01416,0.71632
CVE-2021-21325,0.00634,0.48165
CVE-2021-21326,0.0138,0.70958
CVE-2021-21327,0.02252,0.82198
CVE-2021-21328,0.01837,0.78045
CVE-2021-21329,0.01461,0.72486
CVE-2021-21330,0.01905,0.78854
CVE-2021-21331,0.00625,0.47751
CVE-2021-21332,0.01221,0.67427
CVE-2021-21333,0.01392,0.71197
CVE-2021-21334,0.02027,0.80187
CVE-2021-21335,0.0166,0.75649
CVE-2021-21336,0.01499,0.73178
CVE-2021-21337,0.08443,0.9481
CVE-2021-21338,0.01104,0.64332
CVE-2021-21339,0.00918,0.58566
CVE-2021-21340,0.00872,0.57138
CVE-2021-21341,0.77801,0.99555
CVE-2021-21342,0.4999,0.98863
CVE-2021-21343,0.46666,0.98784
CVE-2021-21344,0.7598,0.99514
CVE-2021-21345,0.72324,0.9942
CVE-2021-21346,0.76367,0.99523
CVE-2021-21347,0.14301,0.96479
CVE-2021-21348,0.13832,0.9639
CVE-2021-21349,0.46826,0.98787
CVE-2021-21350,0.15234,0.96642
CVE-2021-21351,0.82136,0.99645
CVE-2021-21352,0.01545,0.73917
CVE-2021-21353,0.04305,0.90782
CVE-2021-21354,0.01365,0.70646
CVE-2021-21355,0.01631,0.75223
CVE-2021-21357,0.01606,0.74862
CVE-2021-21358,0.00872,0.57138
CVE-2021-21359,0.01731,0.76645
CVE-2021-21360,0.01549,0.74006
CVE-2021-21361,0.01176,0.66245
CVE-2021-21362,0.01321,0.69684
CVE-2021-21363,0.00414,0.33059
CVE-2021-21364,0.00282,0.18486
CVE-2021-21365,0.00941,0.59313
CVE-2021-21366,0.0134,0.70106
CVE-2021-21367,0.00514,0.41301
CVE-2021-21368,0.01649,0.75501
CVE-2021-21369,0.01503,0.73239
CVE-2021-21370,0.00872,0.57138
CVE-2021-21371,0.00452,0.36648
CVE-2021-21372,0.03635,0.89112
CVE-2021-21373,0.01155,0.65651
CVE-2021-21374,0.01044,0.62617
CVE-2021-21375,0.0208,0.80716
CVE-2021-21376,0.01457,0.72412
CVE-2021-21377,0.00826,0.55645
CVE-2021-21378,0.0171,0.76375
CVE-2021-21379,0.00459,0.37162
CVE-2021-21380,0.01345,0.70212
CVE-2021-21381,0.01546,0.73935
CVE-2021-21382,0.01469,0.72645
CVE-2021-21383,0.00876,0.57262
CVE-2021-21384,0.00578,0.45254
CVE-2021-21385,0.00702,0.51219
CVE-2021-21386,0.02326,0.82789
CVE-2021-21387,0.00396,0.31073
CVE-2021-21388,0.01854,0.78253
CVE-2021-21389,0.13521,0.96314
CVE-2021-21390,0.00851,0.56435
CVE-2021-21391,0.01667,0.75762
CVE-2021-21392,0.00944,0.59431
CVE-2021-21393,0.01596,0.74705
CVE-2021-21394,0.01538,0.73809
CVE-2021-21395,0.00383,0.29639
CVE-2021-21396,0.01093,0.64005
CVE-2021-21398,0.00701,0.51189
CVE-2021-21399,0.01438,0.72044
CVE-2021-21400,0.01118,0.64703
CVE-2021-21401,0.01811,0.77706
CVE-2021-21402,0.79313,0.9959
CVE-2021-21403,0.01359,0.7053
CVE-2021-21404,0.0197,0.79564
CVE-2021-21405,0.00976,0.60546
CVE-2021-21406,0.01032,0.62254
CVE-2021-21407,0.00461,0.37344
CVE-2021-21408,0.0222,0.81945
CVE-2021-21409,0.04935,0.91821
CVE-2021-21410,0.0123,0.67675
CVE-2021-21411,0.00987,0.60837
CVE-2021-21412,0.01339,0.70103
CVE-2021-21413,0.00713,0.51655
CVE-2021-21414,0.02073,0.80651
CVE-2021-21415,0.02098,0.80899
CVE-2021-21416,0.0041,0.32538
CVE-2021-21417,0.00944,0.59409
CVE-2021-21418,0.00786,0.54243
CVE-2021-21419,0.01807,0.77658
CVE-2021-21420,0.00565,0.44605
CVE-2021-21421,0.01065,0.63236
CVE-2021-21422,0.0157,0.7432
CVE-2021-21423,0.01381,0.70971
CVE-2021-21424,0.01712,0.76397
CVE-2021-21425,0.806,0.99614
CVE-2021-21426,0.01203,0.6693
CVE-2021-21427,0.01075,0.63518
CVE-2021-21428,0.00351,0.26122
CVE-2021-21429,0.00296,0.19833
CVE-2021-21430,0.00404,0.31911
CVE-2021-21431,0.01081,0.63702
CVE-2021-21432,0.00986,0.608
CVE-2021-21433,0.0296,0.86651
CVE-2021-21434,0.00659,0.49422
CVE-2021-21435,0.01273,0.68656
CVE-2021-21436,0.0076,0.53392
CVE-2021-21437,0.0067,0.49872
CVE-2021-21438,0.00634,0.48186
CVE-2021-21439,0.00877,0.57299
CVE-2021-21440,0.00789,0.54355
CVE-2021-21441,0.01093,0.63999
CVE-2021-21442,0.00603,0.46604
CVE-2021-21443,0.00817,0.55311
CVE-2021-21444,0.00813,0.55188
CVE-2021-21445,0.00635,0.48219
CVE-2021-21446,0.01441,0.72095
CVE-2021-21447,0.00529,0.42351
CVE-2021-21448,0.00287,0.18902
CVE-2021-21449,0.01199,0.66848
CVE-2021-21450,0.01199,0.6685
CVE-2021-21451,0.01199,0.66851
CVE-2021-21452,0.01199,0.66851
CVE-2021-21453,0.01199,0.66847
CVE-2021-21454,0.01199,0.66848
CVE-2021-21455,0.01199,0.6685
CVE-2021-21456,0.01199,0.6685
CVE-2021-21457,0.01199,0.66849
CVE-2021-21458,0.01199,0.66849
CVE-2021-21459,0.01199,0.66849
CVE-2021-21460,0.01199,0.66851
CVE-2021-21461,0.01199,0.6685
CVE-2021-21462,0.01199,0.66848
CVE-2021-21463,0.01199,0.66848
CVE-2021-21464,0.01024,0.62027
CVE-2021-21465,0.0367,0.89234
CVE-2021-21466,0.03078,0.87143
CVE-2021-21467,0.00783,0.54147
CVE-2021-21468,0.01895,0.78753
CVE-2021-21469,0.01189,0.66603
CVE-2021-21470,0.00234,0.12819
CVE-2021-21471,0.00729,0.52271
CVE-2021-21472,0.01157,0.657
CVE-2021-21473,0.01242,0.67932
CVE-2021-21474,0.00701,0.51171
CVE-2021-21475,0.01904,0.78848
CVE-2021-21476,0.00816,0.55281
CVE-2021-21477,0.29847,0.98143
CVE-2021-21478,0.0085,0.5639
CVE-2021-21479,0.10116,0.95484
CVE-2021-21480,0.50913,0.98891
CVE-2021-21481,0.00496,0.39986
CVE-2021-21482,0.00422,0.33863
CVE-2021-21483,0.00694,0.50903
CVE-2021-21484,0.01208,0.67091
CVE-2021-21485,0.0094,0.59309
CVE-2021-21486,0.00753,0.53094
CVE-2021-21487,0.00769,0.53686
CVE-2021-21488,0.01295,0.69107
CVE-2021-21489,0.00575,0.45132
CVE-2021-21490,0.00585,0.45645
CVE-2021-21491,0.00666,0.49702
CVE-2021-21492,0.00561,0.44315
CVE-2021-21493,0.01398,0.71301
CVE-2021-21494,0.00512,0.41168
CVE-2021-21495,0.00528,0.423
CVE-2021-21501,0.04441,0.91041
CVE-2021-21502,0.01412,0.71549
CVE-2021-21503,0.00309,0.21205
CVE-2021-21505,0.02387,0.8323
CVE-2021-21506,0.01039,0.62472
CVE-2021-21507,0.0054,0.4303
CVE-2021-21508,0.00117,0.01466
CVE-2021-21510,0.01026,0.62088
CVE-2021-21511,0.01043,0.62612
CVE-2021-21512,0.00263,0.1613
CVE-2021-21513,0.05942,0.93002
CVE-2021-21514,0.05358,0.92345
CVE-2021-21515,0.00846,0.56284
CVE-2021-21517,0.01452,0.72307
CVE-2021-21518,0.0034,0.24707
CVE-2021-21522,0.00234,0.12785
CVE-2021-21524,0.03242,0.87796
CVE-2021-21526,0.00287,0.18894
CVE-2021-21527,0.00272,0.17465
CVE-2021-21528,0.00986,0.6082
CVE-2021-21529,0.0021,0.10064
CVE-2021-21530,0.00916,0.58531
CVE-2021-21531,0.00695,0.50948
CVE-2021-21532,0.00216,0.10734
CVE-2021-21533,0.00773,0.53823
CVE-2021-21534,0.00226,0.11854
CVE-2021-21535,0.00204,0.09261
CVE-2021-21536,0.00235,0.12925
CVE-2021-21537,0.00235,0.12925
CVE-2021-21538,0.01726,0.7657
CVE-2021-21539,0.00616,0.47295
CVE-2021-21540,0.01155,0.65659
CVE-2021-21541,0.00813,0.55182
CVE-2021-21542,0.00397,0.31161
CVE-2021-21543,0.00628,0.47852
CVE-2021-21544,0.00921,0.58657
CVE-2021-21545,0.00283,0.18603
CVE-2021-21546,0.00239,0.13349
CVE-2021-21547,0.00143,0.02927
CVE-2021-21548,0.00292,0.19379
CVE-2021-21549,0.00429,0.34476
CVE-2021-21550,0.00272,0.17465
CVE-2021-21551,0.79249,0.99589
CVE-2021-21552,0.00995,0.61102
CVE-2021-21553,0.00222,0.11373
CVE-2021-21554,0.00335,0.24242
CVE-2021-21555,0.00314,0.21681
CVE-2021-21556,0.00306,0.20817
CVE-2021-21557,0.00346,0.25418
CVE-2021-21558,0.0025,0.14616
CVE-2021-21559,0.00166,0.05132
CVE-2021-21561,0.00247,0.14258
CVE-2021-21562,0.00225,0.11809
CVE-2021-21563,0.00832,0.55821
CVE-2021-21564,0.01584,0.74533
CVE-2021-21565,0.00946,0.59468
CVE-2021-21567,0.00215,0.10585
CVE-2021-21568,0.00572,0.44954
CVE-2021-21569,0.0096,0.59929
CVE-2021-21570,0.00804,0.54873
CVE-2021-21571,0.00539,0.42986
CVE-2021-21572,0.00263,0.16193
CVE-2021-21573,0.00279,0.18179
CVE-2021-21574,0.00287,0.18928
CVE-2021-21575,0.00529,0.42318
CVE-2021-21576,0.00746,0.52888
CVE-2021-21577,0.00746,0.52886
CVE-2021-21578,0.00815,0.55237
CVE-2021-21579,0.00815,0.55237
CVE-2021-21580,0.0069,0.50739
CVE-2021-21581,0.00746,0.52887
CVE-2021-21584,0.0081,0.55107
CVE-2021-21585,0.02091,0.80832
CVE-2021-21586,0.04038,0.90241
CVE-2021-21587,0.00926,0.58815
CVE-2021-21588,0.00336,0.24261
CVE-2021-21589,0.00193,0.0793
CVE-2021-21590,0.00198,0.08595
CVE-2021-21591,0.00198,0.08595
CVE-2021-21592,0.00839,0.56045
CVE-2021-21594,0.00806,0.54966
CVE-2021-21595,0.00241,0.1364
CVE-2021-21596,0.0075,0.53018
CVE-2021-21597,0.0025,0.14615
CVE-2021-21598,0.0025,0.14616
CVE-2021-21599,0.00384,0.29712
CVE-2021-21600,0.00832,0.5582
CVE-2021-21601,0.00239,0.1335
CVE-2021-21602,0.02226,0.81997
CVE-2021-21603,0.01029,0.6217
CVE-2021-21604,0.01677,0.75895
CVE-2021-21605,0.02219,0.8194
CVE-2021-21606,0.01215,0.67283
CVE-2021-21607,0.01444,0.72155
CVE-2021-21608,0.01029,0.6217
CVE-2021-21609,0.01307,0.69363
CVE-2021-21610,0.01185,0.66484
CVE-2021-21611,0.01029,0.6217
CVE-2021-21612,0.00334,0.2405
CVE-2021-21613,0.00947,0.59514
CVE-2021-21614,0.00331,0.23563
CVE-2021-21615,0.00899,0.57952
CVE-2021-21616,0.78819,0.9958
CVE-2021-21617,0.00943,0.59392
CVE-2021-21618,0.81765,0.99636
CVE-2021-21619,0.0939,0.95232
CVE-2021-21620,0.01635,0.75283
CVE-2021-21621,0.01206,0.67021
CVE-2021-21622,0.09387,0.9523
CVE-2021-21623,0.01011,0.6165
CVE-2021-21624,0.00877,0.57303
CVE-2021-21625,0.00722,0.52004
CVE-2021-21626,0.00857,0.5669
CVE-2021-21627,0.00818,0.55335
CVE-2021-21628,0.8143,0.99629
CVE-2021-21629,0.00755,0.53211
CVE-2021-21630,0.72391,0.99422
CVE-2021-21631,0.00801,0.54762
CVE-2021-21632,0.01051,0.62841
CVE-2021-21633,0.00777,0.53947
CVE-2021-21634,0.00807,0.54992
CVE-2021-21635,0.08759,0.94981
CVE-2021-21636,0.00786,0.54245
CVE-2021-21637,0.00972,0.60387
CVE-2021-21638,0.00839,0.56041
CVE-2021-21639,0.02725,0.85462
CVE-2021-21640,0.01905,0.78856
CVE-2021-21641,0.0116,0.65759
CVE-2021-21642,0.3783,0.98496
CVE-2021-21643,0.01082,0.63711
CVE-2021-21644,0.01053,0.62887
CVE-2021-21645,0.00887,0.57574
CVE-2021-21646,0.01749,0.76876
CVE-2021-21647,0.01456,0.72366
CVE-2021-21648,0.11308,0.95831
CVE-2021-21649,0.72678,0.99428
CVE-2021-21650,0.00712,0.51619
CVE-2021-21651,0.00733,0.52411
CVE-2021-21652,0.00642,0.4858
CVE-2021-21653,0.00865,0.56907
CVE-2021-21654,0.01301,0.69254
CVE-2021-21655,0.00522,0.4189
CVE-2021-21656,0.01511,0.73367
CVE-2021-21657,0.01596,0.747
CVE-2021-21658,0.01536,0.73781
CVE-2021-21659,0.66774,0.99267
CVE-2021-21660,0.01087,0.63873
CVE-2021-21661,0.0164,0.75365
CVE-2021-21662,0.00949,0.59588
CVE-2021-21663,0.01001,0.61319
CVE-2021-21664,0.00991,0.60971
CVE-2021-21665,0.00662,0.49541
CVE-2021-21666,0.01216,0.67312
CVE-2021-21667,0.75742,0.99508
CVE-2021-21668,0.76016,0.99515
CVE-2021-21669,0.25746,0.97897
CVE-2021-21670,0.01982,0.79693
CVE-2021-21671,0.01706,0.76319
CVE-2021-21672,0.42521,0.98659
CVE-2021-21673,0.01584,0.74537
CVE-2021-21674,0.0097,0.60309
CVE-2021-21675,0.01256,0.68276
CVE-2021-21676,0.01391,0.71178
CVE-2021-21677,0.02213,0.81889
CVE-2021-21678,0.0081,0.55099
CVE-2021-21679,0.00683,0.50468
CVE-2021-21680,0.01321,0.69686
CVE-2021-21681,0.003,0.20253
CVE-2021-21682,0.00999,0.61221
CVE-2021-21683,0.02173,0.81535
CVE-2021-21684,0.01237,0.67803
CVE-2021-21685,0.01518,0.73477
CVE-2021-21686,0.01974,0.79603
CVE-2021-21687,0.01386,0.71068
CVE-2021-21688,0.01371,0.70772
CVE-2021-21689,0.01462,0.72504
CVE-2021-21690,0.02532,0.84264
CVE-2021-21691,0.02101,0.80929
CVE-2021-21692,0.02101,0.80929
CVE-2021-21693,0.01555,0.74101
CVE-2021-21694,0.01555,0.74101
CVE-2021-21695,0.02145,0.81309
CVE-2021-21696,0.02397,0.83308
CVE-2021-21697,0.01602,0.74781
CVE-2021-21698,0.02142,0.81281
CVE-2021-21699,0.88476,0.99768
CVE-2021-21700,0.00707,0.51422
CVE-2021-21701,0.01726,0.76573
CVE-2021-21702,0.03179,0.87538
CVE-2021-21703,0.01426,0.71832
CVE-2021-21704,0.01796,0.77505
CVE-2021-21705,0.02091,0.80834
CVE-2021-21706,0.01438,0.72043
CVE-2021-21707,0.25951,0.97913
CVE-2021-21708,0.03002,0.86835
CVE-2021-21722,0.00389,0.30267
CVE-2021-21723,0.01194,0.66733
CVE-2021-21724,0.00367,0.27916
CVE-2021-21725,0.00509,0.40951
CVE-2021-21726,0.00373,0.28573
CVE-2021-21727,0.01387,0.71091
CVE-2021-21728,0.00957,0.5984
CVE-2021-21729,0.00379,0.29116
CVE-2021-21730,0.01002,0.61343
CVE-2021-21731,0.00388,0.30191
CVE-2021-21732,0.01003,0.61387
CVE-2021-21733,0.0079,0.54396
CVE-2021-21734,0.00512,0.41174
CVE-2021-21735,0.00929,0.58925
CVE-2021-21736,0.00879,0.57352
CVE-2021-21737,0.00781,0.54099
CVE-2021-21738,0.00581,0.4541
CVE-2021-21739,0.00248,0.14386
CVE-2021-21740,0.00442,0.35756
CVE-2021-21741,0.01942,0.7929
CVE-2021-21742,0.00654,0.49172
CVE-2021-21743,0.0085,0.56399
CVE-2021-21744,0.00825,0.55586
CVE-2021-21745,0.55709,0.99008
CVE-2021-21746,0.00581,0.45413
CVE-2021-21747,0.00581,0.45413
CVE-2021-21748,0.01777,0.77274
CVE-2021-21749,0.01617,0.75011
CVE-2021-21750,0.00322,0.22631
CVE-2021-21751,0.00828,0.55694
CVE-2021-21772,0.0417,0.90522
CVE-2021-21773,0.00678,0.50245
CVE-2021-21775,0.01264,0.68463
CVE-2021-21776,0.01325,0.69759
CVE-2021-21777,0.01667,0.75765
CVE-2021-21778,0.01261,0.68389
CVE-2021-21779,0.029,0.86388
CVE-2021-21781,0.00496,0.40015
CVE-2021-21782,0.01257,0.68306
CVE-2021-21783,0.04983,0.91897
CVE-2021-21784,0.00807,0.55009
CVE-2021-21785,0.00336,0.24341
CVE-2021-21786,0.00295,0.19709
CVE-2021-21787,0.00338,0.2455
CVE-2021-21788,0.00321,0.2253
CVE-2021-21789,0.00321,0.2253
CVE-2021-21790,0.00336,0.24342
CVE-2021-21791,0.00336,0.24341
CVE-2021-21792,0.0034,0.24857
CVE-2021-21793,0.01137,0.65178
CVE-2021-21794,0.0067,0.49883
CVE-2021-21795,0.01407,0.71472
CVE-2021-21796,0.15777,0.96753
CVE-2021-21797,0.15046,0.96608
CVE-2021-21798,0.16033,0.96797
CVE-2021-21799,0.12293,0.96045
CVE-2021-21800,0.14115,0.9644
CVE-2021-21801,0.63415,0.99184
CVE-2021-21802,0.099,0.95413
CVE-2021-21803,0.07902,0.94511
CVE-2021-21804,0.03705,0.89333
CVE-2021-21805,0.69842,0.99351
CVE-2021-21806,0.02835,0.86068
CVE-2021-21807,0.01458,0.7242
CVE-2021-21808,0.01004,0.61416
CVE-2021-21809,0.24173,0.97774
CVE-2021-21810,0.01136,0.65129
CVE-2021-21811,0.01136,0.65129
CVE-2021-21812,0.00333,0.2388
CVE-2021-21813,0.00333,0.2388
CVE-2021-21814,0.00344,0.25238
CVE-2021-21815,0.00333,0.2388
CVE-2021-21816,0.32385,0.98275
CVE-2021-21817,0.02013,0.80048
CVE-2021-21818,0.01691,0.76111
CVE-2021-21819,0.02886,0.86313
CVE-2021-21820,0.02962,0.86663
CVE-2021-21821,0.01963,0.79495
CVE-2021-21822,0.01765,0.77101
CVE-2021-21823,0.00895,0.5783
CVE-2021-21824,0.01215,0.67287
CVE-2021-21825,0.02274,0.8237
CVE-2021-21826,0.01136,0.65129
CVE-2021-21827,0.01136,0.65129
CVE-2021-21828,0.01136,0.65128
CVE-2021-21829,0.02545,0.84347
CVE-2021-21830,0.02274,0.8237
CVE-2021-21831,0.06156,0.93219
CVE-2021-21832,0.01153,0.6561
CVE-2021-21833,0.01428,0.71872
CVE-2021-21834,0.01695,0.76167
CVE-2021-21835,0.0143,0.71905
CVE-2021-21836,0.01695,0.76167
CVE-2021-21837,0.0201,0.80029
CVE-2021-21838,0.0201,0.80029
CVE-2021-21839,0.0201,0.80029
CVE-2021-21840,0.01695,0.76168
CVE-2021-21841,0.01703,0.76279
CVE-2021-21842,0.01695,0.76168
CVE-2021-21843,0.02019,0.80108
CVE-2021-21844,0.01963,0.79496
CVE-2021-21845,0.0201,0.80028
CVE-2021-21846,0.0201,0.80029
CVE-2021-21847,0.01972,0.79579
CVE-2021-21848,0.01695,0.76166
CVE-2021-21849,0.01695,0.76166
CVE-2021-21850,0.01695,0.76167
CVE-2021-21851,0.01703,0.76279
CVE-2021-21852,0.01993,0.79819
CVE-2021-21853,0.01695,0.76167
CVE-2021-21854,0.01656,0.7558
CVE-2021-21855,0.01656,0.7558
CVE-2021-21856,0.01397,0.71266
CVE-2021-21857,0.01656,0.7558
CVE-2021-21858,0.01695,0.76166
CVE-2021-21859,0.01601,0.74773
CVE-2021-21860,0.01632,0.75242
CVE-2021-21861,0.01632,0.75242
CVE-2021-21862,0.0143,0.71906
CVE-2021-21863,0.01215,0.67282
CVE-2021-21864,0.01727,0.76591
CVE-2021-21865,0.01298,0.69171
CVE-2021-21866,0.01671,0.75808
CVE-2021-21867,0.01648,0.75487
CVE-2021-21868,0.01607,0.74866
CVE-2021-21869,0.01755,0.76969
CVE-2021-21870,0.019,0.78806
CVE-2021-21871,0.00947,0.59524
CVE-2021-21872,0.06061,0.93126
CVE-2021-21873,0.02915,0.86458
CVE-2021-21874,0.02915,0.86458
CVE-2021-21875,0.02915,0.86458
CVE-2021-21876,0.02694,0.85292
CVE-2021-21877,0.02694,0.85293
CVE-2021-21878,0.01203,0.66939
CVE-2021-21879,0.03656,0.89195
CVE-2021-21880,0.02386,0.83222
CVE-2021-21881,0.36234,0.98428
CVE-2021-21882,0.06061,0.93126
CVE-2021-21883,0.06061,0.93127
CVE-2021-21884,0.05271,0.92258
CVE-2021-21885,0.02386,0.83222
CVE-2021-21886,0.01876,0.78529
CVE-2021-21887,0.02989,0.86774
CVE-2021-21888,0.03886,0.8985
CVE-2021-21889,0.02845,0.86122
CVE-2021-21890,0.02989,0.86774
CVE-2021-21891,0.02989,0.86774
CVE-2021-21892,0.30436,0.98174
CVE-2021-21893,0.019,0.78806
CVE-2021-21894,0.02399,0.83323
CVE-2021-21895,0.02338,0.82888
CVE-2021-21896,0.02157,0.81412
CVE-2021-21897,0.02885,0.86308
CVE-2021-21898,0.02597,0.84695
CVE-2021-21899,0.02774,0.85767
CVE-2021-21900,0.02537,0.84291
CVE-2021-21901,0.01556,0.74124
CVE-2021-21902,0.01723,0.76534
CVE-2021-21903,0.0173,0.76635
CVE-2021-21904,0.02817,0.85977
CVE-2021-21905,0.00953,0.59726
CVE-2021-21906,0.00974,0.6049
CVE-2021-21907,0.01423,0.71764
CVE-2021-21908,0.01441,0.72085
CVE-2021-21909,0.01014,0.61725
CVE-2021-21910,0.00314,0.21675
CVE-2021-21911,0.00314,0.21675
CVE-2021-21912,0.00378,0.29008
CVE-2021-21913,0.02187,0.81646
CVE-2021-21914,0.01595,0.74685
CVE-2021-21915,0.0138,0.70951
CVE-2021-21916,0.0138,0.70951
CVE-2021-21917,0.0138,0.70952
CVE-2021-21918,0.01134,0.65091
CVE-2021-21919,0.01134,0.65091
CVE-2021-21920,0.01134,0.6509
CVE-2021-21921,0.01134,0.65091
CVE-2021-21922,0.01144,0.65325
CVE-2021-21923,0.01134,0.6509
CVE-2021-21924,0.20155,0.97372
CVE-2021-21925,0.01144,0.65324
CVE-2021-21926,0.01144,0.65326
CVE-2021-21927,0.01144,0.65326
CVE-2021-21928,0.01144,0.65325
CVE-2021-21929,0.01144,0.65326
CVE-2021-21930,0.01144,0.65323
CVE-2021-21931,0.01144,0.65325
CVE-2021-21932,0.01144,0.65324
CVE-2021-21933,0.01144,0.65326
CVE-2021-21934,0.01144,0.65324
CVE-2021-21935,0.01144,0.65324
CVE-2021-21936,0.0138,0.70952
CVE-2021-21937,0.01176,0.66243
CVE-2021-21938,0.01913,0.78948
CVE-2021-21939,0.01595,0.74685
CVE-2021-21940,0.01335,0.70004
CVE-2021-21941,0.01679,0.75924
CVE-2021-21942,0.02012,0.80046
CVE-2021-21943,0.01595,0.74685
CVE-2021-21944,0.01084,0.63804
CVE-2021-21945,0.01084,0.63803
CVE-2021-21946,0.01084,0.63804
CVE-2021-21947,0.01084,0.63803
CVE-2021-21948,0.00778,0.53977
CVE-2021-21949,0.01101,0.64269
CVE-2021-21950,0.02405,0.83366
CVE-2021-21951,0.02405,0.83366
CVE-2021-21952,0.01271,0.68608
CVE-2021-21953,0.00978,0.60599
CVE-2021-21954,0.02433,0.83587
CVE-2021-21955,0.00978,0.60591
CVE-2021-21956,0.01393,0.71204
CVE-2021-21957,0.01244,0.67997
CVE-2021-21958,0.011,0.64246
CVE-2021-21959,0.00843,0.56165
CVE-2021-21960,0.02639,0.84944
CVE-2021-21961,0.02639,0.84944
CVE-2021-21962,0.0201,0.80026
CVE-2021-21963,0.00489,0.39485
CVE-2021-21964,0.00711,0.51577
CVE-2021-21965,0.01021,0.61922
CVE-2021-21966,0.01384,0.71031
CVE-2021-21967,0.00744,0.52815
CVE-2021-21968,0.00952,0.59679
CVE-2021-21969,0.0089,0.57681
CVE-2021-21970,0.0089,0.57681
CVE-2021-21971,0.00696,0.50988
CVE-2021-21972,0.99865,0.99962
CVE-2021-21973,0.8764,0.99755
CVE-2021-21974,0.45063,0.9874
CVE-2021-21975,0.7829,0.99566
CVE-2021-21976,0.02123,0.81121
CVE-2021-21978,0.99005,0.9993
CVE-2021-21979,0.00645,0.48756
CVE-2021-21980,0.04674,0.91434
CVE-2021-21981,0.00217,0.10774
CVE-2021-21982,0.01358,0.70509
CVE-2021-21983,0.68557,0.99315
CVE-2021-21984,0.01981,0.79675
CVE-2021-21985,0.99999,0.99993
CVE-2021-21986,0.12918,0.96174
CVE-2021-21987,0.00559,0.44231
CVE-2021-21988,0.00453,0.36723
CVE-2021-21989,0.00453,0.36722
CVE-2021-21990,0.00796,0.54612
CVE-2021-21991,0.00316,0.21969
CVE-2021-21992,0.00976,0.60523
CVE-2021-21993,0.00938,0.59226
CVE-2021-21994,0.01158,0.65717
CVE-2021-21995,0.00961,0.59973
CVE-2021-21996,0.03514,0.88765
CVE-2021-21997,0.00652,0.49087
CVE-2021-21998,0.10619,0.95636
CVE-2021-21999,0.01475,0.72733
CVE-2021-22000,0.00563,0.44466
CVE-2021-22001,0.00986,0.60821
CVE-2021-22002,0.01207,0.67056
CVE-2021-22003,0.00994,0.61063
CVE-2021-22004,0.00354,0.26461
CVE-2021-22005,0.99999,0.99998
CVE-2021-22006,0.06434,0.9347
CVE-2021-22007,0.00243,0.13871
CVE-2021-22008,0.01683,0.75999
CVE-2021-22009,0.01403,0.71405
CVE-2021-22010,0.01629,0.75189
CVE-2021-22011,0.01092,0.63995
CVE-2021-22012,0.01384,0.7102
CVE-2021-22013,0.01655,0.75565
CVE-2021-22014,0.01522,0.73535
CVE-2021-22015,0.01944,0.79314
CVE-2021-22016,0.00899,0.57949
CVE-2021-22017,0.49177,0.98845
CVE-2021-22018,0.01087,0.63881
CVE-2021-22019,0.01616,0.74992
CVE-2021-22020,0.00227,0.12046
CVE-2021-22021,0.00468,0.37897
CVE-2021-22022,0.01134,0.65081
CVE-2021-22023,0.00999,0.6121
CVE-2021-22024,0.01038,0.62447
CVE-2021-22025,0.00809,0.55059
CVE-2021-22026,0.01128,0.64958
CVE-2021-22027,0.0116,0.65769
CVE-2021-22028,0.02432,0.83572
CVE-2021-22029,0.00961,0.5997
CVE-2021-22030,0.01004,0.61418
CVE-2021-22033,0.00607,0.4681
CVE-2021-22034,0.01003,0.61386
CVE-2021-22035,0.00572,0.44954
CVE-2021-22036,0.00925,0.58797
CVE-2021-22037,0.00289,0.19144
CVE-2021-22038,0.00994,0.61076
CVE-2021-22040,0.00725,0.52119
CVE-2021-22041,0.00574,0.45063
CVE-2021-22042,0.00296,0.19835
CVE-2021-22043,0.01052,0.62855
CVE-2021-22044,0.011,0.64239
CVE-2021-22045,0.04681,0.91442
CVE-2021-22047,0.00771,0.53747
CVE-2021-22048,0.10296,0.95538
CVE-2021-22049,0.01728,0.766
CVE-2021-22050,0.02316,0.82715
CVE-2021-22051,0.0069,0.50769
CVE-2021-22053,0.13235,0.96244
CVE-2021-22054,0.99677,0.99949
CVE-2021-22055,0.00983,0.60716
CVE-2021-22056,0.01558,0.74144
CVE-2021-22057,0.0113,0.64993
CVE-2021-22060,0.00848,0.56326
CVE-2021-22095,0.01052,0.62875
CVE-2021-22096,0.01363,0.70613
CVE-2021-22097,0.01071,0.63427
CVE-2021-22098,0.00712,0.51598
CVE-2021-22100,0.00915,0.58488
CVE-2021-22101,0.01004,0.61409
CVE-2021-22112,0.03197,0.87609
CVE-2021-22113,0.00852,0.56494
CVE-2021-22114,0.01038,0.62454
CVE-2021-22115,0.00836,0.55942
CVE-2021-22116,0.01387,0.71086
CVE-2021-22117,0.00611,0.47052
CVE-2021-22118,0.00396,0.31114
CVE-2021-22119,0.06001,0.93063
CVE-2021-22122,0.1052,0.95608
CVE-2021-22123,0.7727,0.99541
CVE-2021-22124,0.01022,0.61929
CVE-2021-22125,0.0141,0.71521
CVE-2021-22126,0.00161,0.04533
CVE-2021-22127,0.00507,0.40728
CVE-2021-22128,0.01036,0.62392
CVE-2021-22129,0.01095,0.64101
CVE-2021-22130,0.01107,0.64408
CVE-2021-22131,0.00141,0.02822
CVE-2021-22132,0.01241,0.67914
CVE-2021-22133,0.00521,0.41829
CVE-2021-22134,0.01112,0.64536
CVE-2021-22135,0.01162,0.65843
CVE-2021-22136,0.00282,0.18483
CVE-2021-22137,0.0111,0.64509
CVE-2021-22138,0.00459,0.37161
CVE-2021-22139,0.00999,0.61217
CVE-2021-22140,0.0127,0.68568
CVE-2021-22141,0.00573,0.45028
CVE-2021-22142,0.01009,0.61561
CVE-2021-22143,0.00611,0.47052
CVE-2021-22144,0.0218,0.816
CVE-2021-22145,0.76249,0.9952
CVE-2021-22146,0.35781,0.98414
CVE-2021-22147,0.01037,0.62419
CVE-2021-22148,0.00954,0.59753
CVE-2021-22149,0.00954,0.59753
CVE-2021-22150,0.01154,0.65639
CVE-2021-22151,0.00704,0.51289
CVE-2021-22152,0.00219,0.10968
CVE-2021-22153,0.00964,0.60077
CVE-2021-22154,0.00793,0.54514
CVE-2021-22155,0.00957,0.59834
CVE-2021-22156,0.01793,0.77475
CVE-2021-22157,0.01946,0.79337
CVE-2021-22158,0.00621,0.47525
CVE-2021-22159,0.00331,0.23596
CVE-2021-22160,0.52926,0.98938
CVE-2021-22161,0.00524,0.42049
CVE-2021-22166,0.01377,0.70908
CVE-2021-22167,0.0157,0.74314
CVE-2021-22168,0.01,0.61274
CVE-2021-22169,0.00831,0.55789
CVE-2021-22170,0.00536,0.42795
CVE-2021-22171,0.01332,0.69919
CVE-2021-22172,0.01023,0.61986
CVE-2021-22173,0.02411,0.83409
CVE-2021-22174,0.02747,0.85586
CVE-2021-22175,0.53372,0.98952
CVE-2021-22176,0.01001,0.613
CVE-2021-22177,0.01206,0.67024
CVE-2021-22178,0.01114,0.6461
CVE-2021-22179,0.00946,0.59474
CVE-2021-22180,0.00864,0.56896
CVE-2021-22181,0.01058,0.63019
CVE-2021-22182,0.01005,0.61425
CVE-2021-22183,0.00838,0.56004
CVE-2021-22184,0.00302,0.20487
CVE-2021-22185,0.00807,0.55017
CVE-2021-22186,0.00861,0.56779
CVE-2021-22187,0.01038,0.62441
CVE-2021-22188,0.01312,0.69485
CVE-2021-22189,0.00655,0.49213
CVE-2021-22190,0.01636,0.75313
CVE-2021-22191,0.03669,0.89232
CVE-2021-22192,0.13108,0.96222
CVE-2021-22193,0.00991,0.60984
CVE-2021-22194,0.00189,0.0758
CVE-2021-22195,0.01139,0.6523
CVE-2021-22196,0.00939,0.59279
CVE-2021-22197,0.00845,0.56211
CVE-2021-22198,0.01077,0.63578
CVE-2021-22199,0.00793,0.54507
CVE-2021-22200,0.01003,0.61359
CVE-2021-22201,0.03073,0.87126
CVE-2021-22202,0.00479,0.38783
CVE-2021-22203,0.01388,0.71102
CVE-2021-22204,0.99981,0.99981
CVE-2021-22205,0.99731,0.99952
CVE-2021-22206,0.01035,0.62377
CVE-2021-22207,0.02023,0.80141
CVE-2021-22208,0.00756,0.53246
CVE-2021-22209,0.00934,0.59119
CVE-2021-22210,0.0115,0.6551
CVE-2021-22211,0.00562,0.44396
CVE-2021-22212,0.00522,0.41855
CVE-2021-22213,0.01668,0.75771
CVE-2021-22214,0.27806,0.98027
CVE-2021-22215,0.00797,0.54643
CVE-2021-22216,0.01029,0.62183
CVE-2021-22217,0.01845,0.78134
CVE-2021-22218,0.00463,0.37504
CVE-2021-22219,0.00885,0.57532
CVE-2021-22220,0.00799,0.54678
CVE-2021-22221,0.00821,0.55468
CVE-2021-22222,0.01914,0.78967
CVE-2021-22223,0.00949,0.59584
CVE-2021-22224,0.00893,0.57753
CVE-2021-22225,0.00555,0.43943
CVE-2021-22226,0.00922,0.58673
CVE-2021-22227,0.00946,0.59503
CVE-2021-22228,0.0135,0.70315
CVE-2021-22229,0.01084,0.63801
CVE-2021-22230,0.00965,0.6011
CVE-2021-22231,0.00998,0.61185
CVE-2021-22232,0.00747,0.52916
CVE-2021-22233,0.00812,0.55172
CVE-2021-22234,0.00997,0.61174
CVE-2021-22235,0.03296,0.88031
CVE-2021-22236,0.00865,0.56907
CVE-2021-22237,0.00844,0.56198
CVE-2021-22238,0.71787,0.99406
CVE-2021-22239,0.00592,0.46047
CVE-2021-22240,0.00662,0.49542
CVE-2021-22241,0.00991,0.60969
CVE-2021-22242,0.63555,0.99186
CVE-2021-22243,0.00505,0.40594
CVE-2021-22244,0.01006,0.61476
CVE-2021-22245,0.01366,0.70653
CVE-2021-22246,0.01335,0.6998
CVE-2021-22247,0.00833,0.55847
CVE-2021-22248,0.01051,0.62818
CVE-2021-22249,0.00974,0.60491
CVE-2021-22250,0.0083,0.5575
CVE-2021-22251,0.00819,0.55389
CVE-2021-22252,0.01126,0.64891
CVE-2021-22253,0.00818,0.55361
CVE-2021-22254,0.0087,0.57091
CVE-2021-22255,0.01288,0.68956
CVE-2021-22256,0.00729,0.52257
CVE-2021-22257,0.00938,0.59249
CVE-2021-22258,0.01002,0.61347
CVE-2021-22259,0.01029,0.62174
CVE-2021-22260,0.00942,0.59353
CVE-2021-22261,0.00982,0.60695
CVE-2021-22262,0.00729,0.52257
CVE-2021-22263,0.01095,0.64115
CVE-2021-22264,0.01007,0.61483
CVE-2021-22267,0.01424,0.7179
CVE-2021-22272,0.00657,0.49309
CVE-2021-22275,0.00947,0.59513
CVE-2021-22276,0.00256,0.15426
CVE-2021-22277,0.00947,0.59519
CVE-2021-22278,0.00128,0.02069
CVE-2021-22279,0.0144,0.72069
CVE-2021-22280,0.00166,0.05222
CVE-2021-22281,0.00376,0.28815
CVE-2021-22282,0.00397,0.31166
CVE-2021-22283,0.00171,0.05709
CVE-2021-22284,0.00831,0.55788
CVE-2021-22285,0.01038,0.6244
CVE-2021-22286,0.01059,0.63072
CVE-2021-22288,0.01059,0.63072
CVE-2021-22289,0.00774,0.53873
CVE-2021-22291,0.00316,0.21915
CVE-2021-22292,0.00904,0.58122
CVE-2021-22293,0.00912,0.58343
CVE-2021-22294,0.00181,0.06812
CVE-2021-22295,0.00139,0.02654
CVE-2021-22296,0.00209,0.09939
CVE-2021-22298,0.00913,0.58407
CVE-2021-22299,0.00228,0.12151
CVE-2021-22300,0.00146,0.03221
CVE-2021-22301,0.00223,0.11505
CVE-2021-22302,0.00232,0.12602
CVE-2021-22303,0.0052,0.41714
CVE-2021-22304,0.00212,0.10278
CVE-2021-22305,0.00203,0.09141
CVE-2021-22306,0.00213,0.10386
CVE-2021-22307,0.00199,0.08678
CVE-2021-22308,0.00173,0.05927
CVE-2021-22309,0.00767,0.5362
CVE-2021-22310,0.00186,0.07324
CVE-2021-22311,0.00725,0.52116
CVE-2021-22312,0.00825,0.5561
CVE-2021-22313,0.00695,0.50925
CVE-2021-22314,0.00179,0.06685
CVE-2021-22316,0.00185,0.07188
CVE-2021-22317,0.00726,0.52157
CVE-2021-22318,0.00149,0.03382
CVE-2021-22319,0.00694,0.50893
CVE-2021-22320,0.00727,0.52184
CVE-2021-22321,0.00715,0.51739
CVE-2021-22322,0.00728,0.522
CVE-2021-22323,0.00943,0.59387
CVE-2021-22324,0.00695,0.50923
CVE-2021-22325,0.00417,0.33309
CVE-2021-22326,0.00158,0.04206
CVE-2021-22327,0.00534,0.42711
CVE-2021-22328,0.00677,0.50209
CVE-2021-22329,0.00471,0.3815
CVE-2021-22330,0.00272,0.17496
CVE-2021-22331,0.00721,0.51973
CVE-2021-22332,0.00677,0.50207
CVE-2021-22333,0.00917,0.58542
CVE-2021-22334,0.00231,0.12512
CVE-2021-22335,0.00176,0.06293
CVE-2021-22336,0.00702,0.51222
CVE-2021-22337,0.00657,0.49329
CVE-2021-22338,0.00631,0.48052
CVE-2021-22339,0.00283,0.18578
CVE-2021-22340,0.00114,0.01331
CVE-2021-22341,0.00588,0.45851
CVE-2021-22342,0.00563,0.4448
CVE-2021-22343,0.00677,0.50206
CVE-2021-22344,0.00666,0.49717
CVE-2021-22345,0.00765,0.53567
CVE-2021-22346,0.00529,0.4235
CVE-2021-22347,0.00666,0.49717
CVE-2021-22348,0.00765,0.53567
CVE-2021-22349,0.00689,0.5071
CVE-2021-22350,0.00689,0.50712
CVE-2021-22351,0.00614,0.47176
CVE-2021-22352,0.00462,0.37464
CVE-2021-22353,0.00689,0.50712
CVE-2021-22354,0.008,0.54736
CVE-2021-22356,0.00417,0.33318
CVE-2021-22357,0.00696,0.50978
CVE-2021-22358,0.00533,0.42607
CVE-2021-22359,0.00695,0.50933
CVE-2021-22360,0.0064,0.48458
CVE-2021-22361,0.00176,0.06293
CVE-2021-22362,0.00685,0.50546
CVE-2021-22363,0.00677,0.50209
CVE-2021-22364,0.00156,0.04054
CVE-2021-22365,0.00149,0.03381
CVE-2021-22366,0.00156,0.04053
CVE-2021-22367,0.00832,0.5581
CVE-2021-22368,0.00641,0.48554
CVE-2021-22369,0.0061,0.46971
CVE-2021-22370,0.00695,0.50925
CVE-2021-22371,0.00677,0.50195
CVE-2021-22372,0.00695,0.50924
CVE-2021-22373,0.00677,0.50206
CVE-2021-22374,0.00677,0.50206
CVE-2021-22375,0.00765,0.53567
CVE-2021-22376,0.00189,0.07564
CVE-2021-22377,0.00917,0.58559
CVE-2021-22378,0.00398,0.31274
CVE-2021-22379,0.00677,0.50205
CVE-2021-22380,0.00564,0.44553
CVE-2021-22381,0.00677,0.50206
CVE-2021-22382,0.00175,0.06266
CVE-2021-22383,0.00599,0.46419
CVE-2021-22384,0.00563,0.44459
CVE-2021-22385,0.00198,0.08472
CVE-2021-22386,0.00163,0.04828
CVE-2021-22387,0.00946,0.59502
CVE-2021-22388,0.00787,0.5428
CVE-2021-22389,0.00725,0.52118
CVE-2021-22390,0.00765,0.53568
CVE-2021-22391,0.00677,0.50205
CVE-2021-22392,0.0062,0.47477
CVE-2021-22393,0.00677,0.50209
CVE-2021-22394,0.00843,0.56158
CVE-2021-22395,0.00679,0.50295
CVE-2021-22396,0.00148,0.03361
CVE-2021-22397,0.00173,0.05889
CVE-2021-22398,0.00159,0.04327
CVE-2021-22399,0.00166,0.05171
CVE-2021-22400,0.00396,0.31057
CVE-2021-22401,0.00718,0.51863
CVE-2021-22402,0.00718,0.51863
CVE-2021-22403,0.00917,0.58542
CVE-2021-22404,0.009,0.57978
CVE-2021-22405,0.00718,0.51862
CVE-2021-22406,0.00718,0.51863
CVE-2021-22407,0.00593,0.46065
CVE-2021-22409,0.00487,0.39354
CVE-2021-22410,0.00325,0.22945
CVE-2021-22411,0.00581,0.45405
CVE-2021-22412,0.00695,0.50924
CVE-2021-22413,0.00677,0.50208
CVE-2021-22414,0.00677,0.50205
CVE-2021-22415,0.00677,0.50205
CVE-2021-22416,0.002,0.088
CVE-2021-22417,0.00149,0.03382
CVE-2021-22418,0.00177,0.06506
CVE-2021-22419,0.00102,0.00867
CVE-2021-22420,0.00177,0.06505
CVE-2021-22421,0.00157,0.04137
CVE-2021-22422,0.00177,0.06505
CVE-2021-22423,0.00177,0.06505
CVE-2021-22424,0.00149,0.03383
CVE-2021-22425,0.00177,0.06506
CVE-2021-22426,0.00873,0.57194
CVE-2021-22427,0.00556,0.43996
CVE-2021-22428,0.00623,0.47662
CVE-2021-22429,0.00894,0.57803
CVE-2021-22430,0.00854,0.56562
CVE-2021-22431,0.00763,0.53491
CVE-2021-22432,0.00894,0.57804
CVE-2021-22433,0.00873,0.57194
CVE-2021-22434,0.00898,0.57916
CVE-2021-22435,0.00677,0.50207
CVE-2021-22436,0.00706,0.51392
CVE-2021-22437,0.00158,0.04207
CVE-2021-22438,0.00765,0.53569
CVE-2021-22439,0.00833,0.55861
CVE-2021-22440,0.00209,0.09902
CVE-2021-22441,0.00151,0.03591
CVE-2021-22442,0.00337,0.24373
CVE-2021-22443,0.00714,0.51678
CVE-2021-22444,0.00765,0.53568
CVE-2021-22445,0.00689,0.50708
CVE-2021-22446,0.00689,0.50708
CVE-2021-22447,0.00689,0.50712
CVE-2021-22448,0.00739,0.52624
CVE-2021-22449,0.00607,0.4679
CVE-2021-22450,0.00149,0.0338
CVE-2021-22451,0.00167,0.05306
CVE-2021-22452,0.00163,0.04887
CVE-2021-22453,0.00149,0.0338
CVE-2021-22454,0.00149,0.0338
CVE-2021-22455,0.00149,0.03381
CVE-2021-22456,0.00158,0.04168
CVE-2021-22457,0.00149,0.0338
CVE-2021-22458,0.00189,0.07536
CVE-2021-22459,0.00149,0.03381
CVE-2021-22460,0.00108,0.01086
CVE-2021-22461,0.00149,0.03383
CVE-2021-22462,0.00149,0.03382
CVE-2021-22463,0.00166,0.05217
CVE-2021-22464,0.00151,0.03557
CVE-2021-22465,0.00151,0.03557
CVE-2021-22466,0.00149,0.03379
CVE-2021-22467,0.00163,0.04888
CVE-2021-22468,0.00157,0.04089
CVE-2021-22469,0.00163,0.04827
CVE-2021-22470,0.00167,0.05305
CVE-2021-22471,0.00149,0.03382
CVE-2021-22472,0.00695,0.50925
CVE-2021-22473,0.00728,0.522
CVE-2021-22474,0.00765,0.53568
CVE-2021-22475,0.00529,0.4235
CVE-2021-22478,0.00166,0.05235
CVE-2021-22479,0.00151,0.03591
CVE-2021-22480,0.00741,0.52694
CVE-2021-22481,0.00695,0.50926
CVE-2021-22482,0.00499,0.40163
CVE-2021-22483,0.00677,0.50208
CVE-2021-22484,0.00286,0.18829
CVE-2021-22485,0.00714,0.51679
CVE-2021-22486,0.00695,0.50924
CVE-2021-22487,0.00696,0.50978
CVE-2021-22488,0.00716,0.51747
CVE-2021-22489,0.00675,0.50118
CVE-2021-22490,0.00631,0.48052
CVE-2021-22491,0.00677,0.50209
CVE-2021-22492,0.00252,0.14917
CVE-2021-22494,0.00304,0.20649
CVE-2021-22495,0.0027,0.17198
CVE-2021-22496,0.01131,0.65011
CVE-2021-22497,0.00761,0.5341
CVE-2021-22498,0.00958,0.59871
CVE-2021-22499,0.00612,0.471
CVE-2021-22500,0.00478,0.38695
CVE-2021-22501,0.00495,0.39922
CVE-2021-22502,0.9674,0.99885
CVE-2021-22503,0.00245,0.14059
CVE-2021-22504,0.03455,0.88567
CVE-2021-22505,0.01497,0.73126
CVE-2021-22506,0.25695,0.97894
CVE-2021-22507,0.0168,0.75941
CVE-2021-22508,0.00435,0.35208
CVE-2021-22509,0.00206,0.09434
CVE-2021-22510,0.04977,0.9189
CVE-2021-22511,0.00408,0.32364
CVE-2021-22512,0.00719,0.51899
CVE-2021-22513,0.01183,0.66461
CVE-2021-22514,0.02007,0.79993
CVE-2021-22515,0.00685,0.50547
CVE-2021-22516,0.00986,0.60821
CVE-2021-22517,0.0102,0.61888
CVE-2021-22518,0.00135,0.02429
CVE-2021-22519,0.02007,0.79993
CVE-2021-22521,0.00246,0.14202
CVE-2021-22522,0.00622,0.47585
CVE-2021-22523,0.00811,0.55144
CVE-2021-22524,0.00654,0.4918
CVE-2021-22525,0.00241,0.13589
CVE-2021-22526,0.00485,0.39179
CVE-2021-22527,0.00733,0.52398
CVE-2021-22528,0.00582,0.45496
CVE-2021-22529,0.00158,0.04174
CVE-2021-22530,0.00228,0.12199
CVE-2021-22531,0.00556,0.43993
CVE-2021-22532,0.00369,0.28062
CVE-2021-22533,0.00438,0.35446
CVE-2021-22535,0.00762,0.53433
CVE-2021-22538,0.00718,0.51844
CVE-2021-22539,0.0031,0.21307
CVE-2021-22540,0.00681,0.50401
CVE-2021-22543,0.0066,0.49477
CVE-2021-22545,0.00207,0.09637
CVE-2021-22547,0.00217,0.10788
CVE-2021-22548,0.00119,0.01575
CVE-2021-22549,0.00119,0.01576
CVE-2021-22550,0.00102,0.00854
CVE-2021-22552,0.00151,0.03569
CVE-2021-22553,0.00368,0.27962
CVE-2021-22555,0.78684,0.99576
CVE-2021-22556,0.00164,0.04989
CVE-2021-22557,0.0158,0.74459
CVE-2021-22563,0.00311,0.21364
CVE-2021-22564,0.00311,0.21364
CVE-2021-22565,0.00425,0.3419
CVE-2021-22566,0.00294,0.19681
CVE-2021-22567,0.00599,0.46405
CVE-2021-22568,0.00915,0.58475
CVE-2021-22569,0.01669,0.7578
CVE-2021-22570,0.0266,0.85085
CVE-2021-22571,0.00204,0.09219
CVE-2021-22572,0.00133,0.02301
CVE-2021-22573,0.003,0.203
CVE-2021-22600,0.06533,0.93548
CVE-2021-22636,0.00276,0.17894
CVE-2021-22637,0.02142,0.81282
CVE-2021-22638,0.01079,0.63626
CVE-2021-22639,0.01858,0.78316
CVE-2021-22640,0.00808,0.55035
CVE-2021-22641,0.02065,0.8057
CVE-2021-22642,0.00851,0.56434
CVE-2021-22643,0.02154,0.81392
CVE-2021-22644,0.00808,0.55035
CVE-2021-22645,0.01563,0.74214
CVE-2021-22646,0.01396,0.71253
CVE-2021-22647,0.02578,0.84563
CVE-2021-22648,0.00891,0.57694
CVE-2021-22649,0.02241,0.82123
CVE-2021-22650,0.01337,0.70049
CVE-2021-22651,0.02934,0.86543
CVE-2021-22652,0.36845,0.98456
CVE-2021-22653,0.01191,0.66646
CVE-2021-22654,0.12196,0.96023
CVE-2021-22655,0.01191,0.66646
CVE-2021-22656,0.03235,0.87767
CVE-2021-22657,0.01218,0.67345
CVE-2021-22658,0.12691,0.96121
CVE-2021-22659,0.01733,0.76671
CVE-2021-22660,0.02025,0.80168
CVE-2021-22661,0.018,0.77562
CVE-2021-22662,0.01135,0.65104
CVE-2021-22663,0.01345,0.70218
CVE-2021-22664,0.0156,0.74171
CVE-2021-22665,0.00434,0.35099
CVE-2021-22666,0.01152,0.65592
CVE-2021-22667,0.0374,0.89439
CVE-2021-22668,0.01752,0.76927
CVE-2021-22669,0.01174,0.66167
CVE-2021-22670,0.01079,0.63627
CVE-2021-22671,0.01752,0.76927
CVE-2021-22672,0.09006,0.95093
CVE-2021-22673,0.01209,0.67111
CVE-2021-22674,0.01089,0.63906
CVE-2021-22675,0.01387,0.71077
CVE-2021-22676,0.00642,0.48578
CVE-2021-22677,0.00299,0.2013
CVE-2021-22678,0.0103,0.62201
CVE-2021-22679,0.01752,0.76927
CVE-2021-22680,0.01558,0.74141
CVE-2021-22681,0.6363,0.99189
CVE-2021-22682,0.00219,0.11015
CVE-2021-22683,0.01079,0.63627
CVE-2021-22684,0.01105,0.6437
CVE-2021-22685,0.00632,0.48105
CVE-2021-22696,0.06593,0.93599
CVE-2021-22697,0.0347,0.8862
CVE-2021-22698,0.03873,0.89818
CVE-2021-22699,0.00978,0.6059
CVE-2021-22701,0.00335,0.24248
CVE-2021-22702,0.00592,0.4601
CVE-2021-22703,0.00599,0.46414
CVE-2021-22704,0.01282,0.68832
CVE-2021-22705,0.00246,0.14126
CVE-2021-22706,0.00757,0.53257
CVE-2021-22707,0.64612,0.99214
CVE-2021-22708,0.00652,0.49068
CVE-2021-22709,0.02,0.79894
CVE-2021-22710,0.02,0.79894
CVE-2021-22711,0.00796,0.54602
CVE-2021-22712,0.00841,0.56101
CVE-2021-22713,0.01195,0.66741
CVE-2021-22714,0.02362,0.83066
CVE-2021-22716,0.00765,0.5354
CVE-2021-22717,0.38912,0.9854
CVE-2021-22718,0.27172,0.97985
CVE-2021-22719,0.40582,0.98602
CVE-2021-22720,0.30534,0.9818
CVE-2021-22721,0.00951,0.59644
CVE-2021-22722,0.00476,0.38508
CVE-2021-22723,0.00751,0.53024
CVE-2021-22724,0.00468,0.37875
CVE-2021-22725,0.00468,0.37875
CVE-2021-22726,0.00997,0.6115
CVE-2021-22727,0.01404,0.71418
CVE-2021-22728,0.01072,0.6345
CVE-2021-22729,0.0176,0.77036
CVE-2021-22730,0.01369,0.70731
CVE-2021-22731,0.014,0.71355
CVE-2021-22732,0.00263,0.16228
CVE-2021-22733,0.00215,0.10588
CVE-2021-22734,0.01,0.6126
CVE-2021-22735,0.01,0.6126
CVE-2021-22736,0.01134,0.65087
CVE-2021-22737,0.0095,0.59608
CVE-2021-22738,0.00632,0.48088
CVE-2021-22739,0.00817,0.55307
CVE-2021-22740,0.00796,0.54616
CVE-2021-22741,0.00166,0.05228
CVE-2021-22742,0.00246,0.14101
CVE-2021-22743,0.00224,0.11633
CVE-2021-22744,0.00246,0.14101
CVE-2021-22745,0.00246,0.14102
CVE-2021-22746,0.00246,0.14101
CVE-2021-22747,0.00246,0.14101
CVE-2021-22748,0.01855,0.78276
CVE-2021-22749,0.00925,0.58788
CVE-2021-22750,0.01172,0.66108
CVE-2021-22751,0.00855,0.56599
CVE-2021-22752,0.01172,0.66107
CVE-2021-22753,0.01172,0.66109
CVE-2021-22754,0.01172,0.66108
CVE-2021-22755,0.01265,0.68486
CVE-2021-22756,0.01265,0.68486
CVE-2021-22757,0.01265,0.68486
CVE-2021-22758,0.01172,0.66108
CVE-2021-22759,0.01232,0.67714
CVE-2021-22760,0.01172,0.66108
CVE-2021-22761,0.00665,0.49665
CVE-2021-22762,0.01395,0.71242
CVE-2021-22763,0.01858,0.78323
CVE-2021-22764,0.01874,0.78496
CVE-2021-22765,0.0273,0.85489
CVE-2021-22766,0.0129,0.68993
CVE-2021-22767,0.0273,0.85489
CVE-2021-22768,0.0273,0.85489
CVE-2021-22769,0.00652,0.49053
CVE-2021-22770,0.01054,0.62925
CVE-2021-22771,0.01145,0.65361
CVE-2021-22772,0.01541,0.73869
CVE-2021-22773,0.00833,0.55871
CVE-2021-22774,0.00799,0.54682
CVE-2021-22775,0.00328,0.23243
CVE-2021-22777,0.00942,0.59345
CVE-2021-22778,0.00216,0.10697
CVE-2021-22779,0.01023,0.61981
CVE-2021-22780,0.00217,0.10855
CVE-2021-22781,0.00236,0.12998
CVE-2021-22782,0.00109,0.01106
CVE-2021-22783,0.0037,0.2819
CVE-2021-22784,0.12083,0.96002
CVE-2021-22785,0.00962,0.60033
CVE-2021-22786,0.0063,0.47949
CVE-2021-22787,0.01037,0.62418
CVE-2021-22788,0.01037,0.62418
CVE-2021-22789,0.00839,0.56051
CVE-2021-22790,0.00839,0.56052
CVE-2021-22791,0.00839,0.56051
CVE-2021-22792,0.00937,0.59195
CVE-2021-22793,0.0096,0.59907
CVE-2021-22794,0.02216,0.8191
CVE-2021-22795,0.03122,0.8732
CVE-2021-22796,0.01197,0.66812
CVE-2021-22797,0.261,0.97921
CVE-2021-22798,0.00904,0.58127
CVE-2021-22799,0.00237,0.13139
CVE-2021-22800,0.01004,0.61408
CVE-2021-22801,0.01557,0.74135
CVE-2021-22802,0.20165,0.97374
CVE-2021-22803,0.01943,0.79294
CVE-2021-22804,0.01294,0.69083
CVE-2021-22805,0.0085,0.56386
CVE-2021-22806,0.00954,0.59752
CVE-2021-22807,0.00814,0.55207
CVE-2021-22808,0.00855,0.56607
CVE-2021-22809,0.00647,0.48815
CVE-2021-22810,0.00749,0.52964
CVE-2021-22811,0.00745,0.52852
CVE-2021-22812,0.00745,0.52852
CVE-2021-22813,0.00745,0.52852
CVE-2021-22814,0.00745,0.52852
CVE-2021-22815,0.00768,0.53653
CVE-2021-22816,0.00947,0.59518
CVE-2021-22817,0.002,0.08755
CVE-2021-22818,0.01005,0.61436
CVE-2021-22819,0.00651,0.49049
CVE-2021-22820,0.01084,0.63796
CVE-2021-22821,0.00823,0.55521
CVE-2021-22822,0.00562,0.44403
CVE-2021-22823,0.21388,0.97525
CVE-2021-22824,0.14241,0.96466
CVE-2021-22825,0.00774,0.53861
CVE-2021-22826,0.01201,0.66904
CVE-2021-22827,0.01201,0.66904
CVE-2021-22847,0.01638,0.75338
CVE-2021-22848,0.00985,0.60773
CVE-2021-22849,0.00509,0.40963
CVE-2021-22850,0.0099,0.6094
CVE-2021-22851,0.01156,0.65681
CVE-2021-22852,0.01028,0.62144
CVE-2021-22853,0.01041,0.62535
CVE-2021-22854,0.01582,0.7449
CVE-2021-22855,0.02039,0.80293
CVE-2021-22856,0.0147,0.72661
CVE-2021-22857,0.01839,0.78063
CVE-2021-22858,0.01235,0.6777
CVE-2021-22859,0.03751,0.8947
CVE-2021-22860,0.02558,0.8443
CVE-2021-22861,0.00952,0.59684
CVE-2021-22862,0.00839,0.5606
CVE-2021-22863,0.01003,0.61388
CVE-2021-22864,0.02465,0.83811
CVE-2021-22865,0.01316,0.69575
CVE-2021-22866,0.01045,0.62652
CVE-2021-22867,0.01171,0.66078
CVE-2021-22868,0.00929,0.58936
CVE-2021-22869,0.01195,0.6675
CVE-2021-22870,0.01134,0.65089
CVE-2021-22871,0.02123,0.81117
CVE-2021-22872,0.03447,0.88545
CVE-2021-22873,0.69561,0.99343
CVE-2021-22874,0.18242,0.97117
CVE-2021-22875,0.18242,0.97117
CVE-2021-22876,0.05301,0.92286
CVE-2021-22877,0.01686,0.76044
CVE-2021-22878,0.01059,0.63069
CVE-2021-22879,0.04698,0.91468
CVE-2021-22880,0.04434,0.91026
CVE-2021-22881,0.87301,0.99749
CVE-2021-22882,0.01318,0.69627
CVE-2021-22883,0.74352,0.99478
CVE-2021-22884,0.32362,0.98274
CVE-2021-22885,0.04162,0.90509
CVE-2021-22886,0.017,0.76227
CVE-2021-22887,0.00249,0.14438
CVE-2021-22888,0.16347,0.96853
CVE-2021-22889,0.30544,0.9818
CVE-2021-22890,0.03141,0.87386
CVE-2021-22891,0.01081,0.63704
CVE-2021-22892,0.01864,0.78385
CVE-2021-22893,0.47172,0.98795
CVE-2021-22894,0.41284,0.98622
CVE-2021-22895,0.01031,0.62248
CVE-2021-22896,0.00988,0.60905
CVE-2021-22897,0.02979,0.86735
CVE-2021-22898,0.04507,0.91155
CVE-2021-22899,0.22915,0.97671
CVE-2021-22900,0.14146,0.96447
CVE-2021-22901,0.60122,0.99106
CVE-2021-22902,0.02791,0.85838
CVE-2021-22903,0.01224,0.67534
CVE-2021-22904,0.05003,0.91923
CVE-2021-22905,0.01373,0.70826
CVE-2021-22906,0.00722,0.52007
CVE-2021-22907,0.00239,0.13391
CVE-2021-22908,0.69377,0.99338
CVE-2021-22909,0.01292,0.69032
CVE-2021-22910,0.02265,0.82296
CVE-2021-22911,0.95242,0.99863
CVE-2021-22912,0.01367,0.70687
CVE-2021-22913,0.01368,0.70706
CVE-2021-22914,0.01035,0.62378
CVE-2021-22915,0.01739,0.76748
CVE-2021-22916,0.02993,0.86796
CVE-2021-22917,0.0123,0.67661
CVE-2021-22918,0.23132,0.9769
CVE-2021-22919,0.0094,0.59305
CVE-2021-22920,0.00918,0.5857
CVE-2021-22921,0.07409,0.94219
CVE-2021-22922,0.04332,0.90832
CVE-2021-22923,0.01894,0.78741
CVE-2021-22924,0.0627,0.93323
CVE-2021-22925,0.04929,0.91811
CVE-2021-22926,0.0982,0.95387
CVE-2021-22927,0.00838,0.56003
CVE-2021-22928,0.00248,0.14395
CVE-2021-22929,0.00405,0.32081
CVE-2021-22930,0.36453,0.98438
CVE-2021-22931,0.21952,0.97578
CVE-2021-22932,0.00411,0.32632
CVE-2021-22933,0.01378,0.7092
CVE-2021-22934,0.0467,0.91427
CVE-2021-22935,0.02101,0.80929
CVE-2021-22936,0.00848,0.56343
CVE-2021-22937,0.07828,0.94465
CVE-2021-22938,0.02101,0.80929
CVE-2021-22939,0.1473,0.96556
CVE-2021-22940,0.13861,0.96396
CVE-2021-22941,0.53585,0.98958
CVE-2021-22942,0.01695,0.76154
CVE-2021-22943,0.00411,0.3256
CVE-2021-22944,0.00421,0.33844
CVE-2021-22945,0.06677,0.93656
CVE-2021-22946,0.04539,0.91207
CVE-2021-22947,0.03009,0.86866
CVE-2021-22948,0.02714,0.85404
CVE-2021-22949,0.00357,0.26783
CVE-2021-22950,0.00441,0.357
CVE-2021-22951,0.0111,0.64502
CVE-2021-22952,0.01023,0.61981
CVE-2021-22953,0.00357,0.26783
CVE-2021-22954,0.00543,0.43214
CVE-2021-22955,0.0089,0.57664
CVE-2021-22956,0.00894,0.57807
CVE-2021-22957,0.00912,0.58345
CVE-2021-22958,0.01226,0.67568
CVE-2021-22959,0.03156,0.87449
CVE-2021-22960,0.02472,0.83856
CVE-2021-22961,0.01726,0.76576
CVE-2021-22962,0.91,0.99805
CVE-2021-22963,0.01169,0.66036
CVE-2021-22964,0.01021,0.61916
CVE-2021-22965,0.02193,0.81698
CVE-2021-22966,0.00981,0.60662
CVE-2021-22967,0.01146,0.6539
CVE-2021-22968,0.03235,0.87768
CVE-2021-22969,0.00859,0.56723
CVE-2021-22970,0.01485,0.72925
CVE-2021-22973,0.01023,0.6199
CVE-2021-22974,0.00834,0.55874
CVE-2021-22975,0.00967,0.60158
CVE-2021-22976,0.00995,0.61105
CVE-2021-22977,0.01056,0.62966
CVE-2021-22978,0.00816,0.55285
CVE-2021-22979,0.00604,0.46676
CVE-2021-22980,0.00289,0.19139
CVE-2021-22981,0.00555,0.43971
CVE-2021-22982,0.01027,0.62114
CVE-2021-22983,0.0051,0.40999
CVE-2021-22984,0.01118,0.64712
CVE-2021-22985,0.01013,0.61706
CVE-2021-22986,0.99898,0.99964
CVE-2021-22987,0.13672,0.96354
CVE-2021-22988,0.10444,0.95585
CVE-2021-22989,0.08838,0.95016
CVE-2021-22990,0.08838,0.95015
CVE-2021-22991,0.61064,0.9913
CVE-2021-22992,0.72711,0.99429
CVE-2021-22993,0.00921,0.58659
CVE-2021-22994,0.00581,0.45408
CVE-2021-22995,0.00874,0.57226
CVE-2021-22996,0.00973,0.60431
CVE-2021-22997,0.01075,0.63517
CVE-2021-22998,0.00946,0.59468
CVE-2021-22999,0.00961,0.59972
CVE-2021-23000,0.00933,0.59095
CVE-2021-23001,0.00572,0.44954
CVE-2021-23002,0.00339,0.24627
CVE-2021-23003,0.00961,0.59974
CVE-2021-23004,0.00961,0.59975
CVE-2021-23005,0.00998,0.61196
CVE-2021-23006,0.00621,0.47546
CVE-2021-23007,0.0158,0.74463
CVE-2021-23008,0.01326,0.69777
CVE-2021-23009,0.00988,0.60898
CVE-2021-23010,0.00961,0.59968
CVE-2021-23011,0.00961,0.59975
CVE-2021-23012,0.00273,0.17526
CVE-2021-23013,0.00861,0.56795
CVE-2021-23014,0.00804,0.54899
CVE-2021-23015,0.01343,0.70174
CVE-2021-23016,0.00833,0.55861
CVE-2021-23017,0.53461,0.98956
CVE-2021-23018,0.00544,0.43286
CVE-2021-23019,0.00239,0.13401
CVE-2021-23020,0.00255,0.15278
CVE-2021-23021,0.00229,0.12238
CVE-2021-23022,0.00228,0.12115
CVE-2021-23023,0.003,0.20203
CVE-2021-23024,0.05346,0.92334
CVE-2021-23025,0.02288,0.82486
CVE-2021-23026,0.00481,0.38892
CVE-2021-23027,0.00581,0.45411
CVE-2021-23028,0.00933,0.59097
CVE-2021-23029,0.00875,0.57239
CVE-2021-23030,0.00961,0.59972
CVE-2021-23031,0.02072,0.8064
CVE-2021-23032,0.00933,0.59096
CVE-2021-23033,0.00933,0.59095
CVE-2021-23034,0.0095,0.59626
CVE-2021-23035,0.0095,0.59626
CVE-2021-23036,0.00933,0.59096
CVE-2021-23037,0.00824,0.5556
CVE-2021-23038,0.00916,0.58522
CVE-2021-23039,0.0095,0.59627
CVE-2021-23040,0.00995,0.61085
CVE-2021-23041,0.00581,0.45412
CVE-2021-23042,0.00933,0.59096
CVE-2021-23043,0.01994,0.79828
CVE-2021-23044,0.00933,0.59098
CVE-2021-23045,0.00933,0.59097
CVE-2021-23046,0.00768,0.53646
CVE-2021-23047,0.00598,0.46364
CVE-2021-23048,0.00961,0.59969
CVE-2021-23049,0.00961,0.59974
CVE-2021-23050,0.00468,0.37861
CVE-2021-23051,0.00961,0.59974
CVE-2021-23052,0.00581,0.45459
CVE-2021-23053,0.00919,0.58587
CVE-2021-23054,0.00581,0.45408
CVE-2021-23055,0.00769,0.53703
CVE-2021-23123,0.01166,0.65959
CVE-2021-23124,0.7896,0.99584
CVE-2021-23125,0.0076,0.53385
CVE-2021-23126,0.0111,0.64504
CVE-2021-23127,0.0138,0.70952
CVE-2021-23128,0.0138,0.70952
CVE-2021-23129,0.00804,0.549
CVE-2021-23130,0.00804,0.549
CVE-2021-23131,0.01361,0.70582
CVE-2021-23132,0.06654,0.93639
CVE-2021-23133,0.00475,0.38439
CVE-2021-23134,0.00375,0.28714
CVE-2021-23135,0.00232,0.12549
CVE-2021-23136,0.00583,0.4557
CVE-2021-23138,0.08595,0.94893
CVE-2021-23139,0.0111,0.645
CVE-2021-23140,0.00853,0.56532
CVE-2021-23146,0.0088,0.57389
CVE-2021-23147,0.00364,0.27598
CVE-2021-23150,0.00556,0.44018
CVE-2021-23152,0.00241,0.13591
CVE-2021-23154,0.00604,0.46673
CVE-2021-23155,0.00482,0.38951
CVE-2021-23157,0.07613,0.9434
CVE-2021-23158,0.02436,0.83602
CVE-2021-23159,0.00481,0.38925
CVE-2021-23162,0.00424,0.34062
CVE-2021-23163,0.00358,0.26939
CVE-2021-23165,0.03512,0.8876
CVE-2021-23166,0.00649,0.48934
CVE-2021-23167,0.00398,0.31234
CVE-2021-23168,0.00367,0.27856
CVE-2021-23169,0.02291,0.82513
CVE-2021-23172,0.00454,0.36802
CVE-2021-23173,0.00524,0.42033
CVE-2021-23174,0.83853,0.99683
CVE-2021-23175,0.00449,0.36422
CVE-2021-23176,0.00788,0.54312
CVE-2021-23177,0.00387,0.30046
CVE-2021-23178,0.00563,0.44462
CVE-2021-23179,0.00213,0.1037
CVE-2021-23180,0.01354,0.70432
CVE-2021-23182,0.00167,0.05315
CVE-2021-23186,0.00644,0.48682
CVE-2021-23188,0.00199,0.08619
CVE-2021-23191,0.011,0.64245
CVE-2021-23192,0.01953,0.79401
CVE-2021-23193,0.00698,0.51033
CVE-2021-23195,0.00845,0.56262
CVE-2021-23196,0.00909,0.58282
CVE-2021-23197,0.0027,0.17127
CVE-2021-23198,0.01218,0.67345
CVE-2021-23201,0.00284,0.18699
CVE-2021-23203,0.00875,0.57238
CVE-2021-23204,0.00698,0.51033
CVE-2021-23205,0.00871,0.571
CVE-2021-23206,0.01481,0.72847
CVE-2021-23207,0.00218,0.10883
CVE-2021-23209,0.00556,0.44018
CVE-2021-23210,0.00447,0.36252
CVE-2021-23211,0.00108,0.01076
CVE-2021-23214,0.01901,0.78821
CVE-2021-23215,0.01148,0.65475
CVE-2021-23217,0.00312,0.21507
CVE-2021-23218,0.00904,0.581
CVE-2021-23219,0.0021,0.10078
CVE-2021-23222,0.01501,0.73198
CVE-2021-23223,0.00271,0.17269
CVE-2021-23225,0.00532,0.42543
CVE-2021-23227,0.004,0.31452
CVE-2021-23228,0.00603,0.46621
CVE-2021-23230,0.0066,0.49452
CVE-2021-23233,0.00945,0.59455
CVE-2021-23236,0.0107,0.634
CVE-2021-23239,0.01029,0.62193
CVE-2021-23240,0.01066,0.63296
CVE-2021-23241,0.13329,0.96268
CVE-2021-23242,0.01807,0.77657
CVE-2021-23243,0.00111,0.01209
CVE-2021-23244,0.00633,0.48122
CVE-2021-23246,0.00971,0.60333
CVE-2021-23247,0.01804,0.77613
CVE-2021-23253,0.00751,0.5303
CVE-2021-23258,0.00727,0.52174
CVE-2021-23259,0.00727,0.52174
CVE-2021-23260,0.00444,0.3601
CVE-2021-23261,0.00661,0.49506
CVE-2021-23262,0.00643,0.48652
CVE-2021-23263,0.017,0.76231
CVE-2021-23264,0.01177,0.66313
CVE-2021-23265,0.00591,0.45988
CVE-2021-23266,0.00553,0.43868
CVE-2021-23267,0.00917,0.58533
CVE-2021-23270,0.01034,0.62359
CVE-2021-23271,0.00922,0.58674
CVE-2021-23272,0.00515,0.41378
CVE-2021-23273,0.00639,0.48435
CVE-2021-23274,0.01176,0.66254
CVE-2021-23275,0.00219,0.1099
CVE-2021-23276,0.00792,0.54475
CVE-2021-23277,0.00962,0.60038
CVE-2021-23278,0.01015,0.6177
CVE-2021-23279,0.2709,0.97981
CVE-2021-23280,0.00872,0.57161
CVE-2021-23281,0.02235,0.8207
CVE-2021-23282,0.08329,0.94754
CVE-2021-23283,0.00531,0.42439
CVE-2021-23284,0.00503,0.40456
CVE-2021-23285,0.00422,0.33872
CVE-2021-23286,0.00419,0.3356
CVE-2021-23287,0.00462,0.37398
CVE-2021-23288,0.00288,0.19107
CVE-2021-23326,0.02814,0.85962
CVE-2021-23327,0.0137,0.70758
CVE-2021-23328,0.00982,0.607
CVE-2021-23329,0.0152,0.73502
CVE-2021-23330,0.05247,0.92232
CVE-2021-23331,0.00341,0.24956
CVE-2021-23335,0.01419,0.71683
CVE-2021-23336,0.40736,0.98606
CVE-2021-23337,0.21333,0.97521
CVE-2021-23338,0.03584,0.88967
CVE-2021-23339,0.00711,0.51564
CVE-2021-23340,0.01316,0.69564
CVE-2021-23341,0.03167,0.8749
CVE-2021-23342,0.01657,0.75596
CVE-2021-23343,0.02218,0.81929
CVE-2021-23344,0.04879,0.91737
CVE-2021-23345,0.01091,0.63956
CVE-2021-23346,0.02129,0.81179
CVE-2021-23347,0.00594,0.4611
CVE-2021-23348,0.0182,0.77839
CVE-2021-23351,0.01871,0.78476
CVE-2021-23352,0.02057,0.80484
CVE-2021-23353,0.02644,0.84979
CVE-2021-23354,0.02176,0.81563
CVE-2021-23355,0.01201,0.66892
CVE-2021-23356,0.01146,0.65384
CVE-2021-23357,0.00525,0.42062
CVE-2021-23358,0.04087,0.9035
CVE-2021-23359,0.01654,0.75558
CVE-2021-23360,0.0234,0.82899
CVE-2021-23362,0.03612,0.89047
CVE-2021-23363,0.01765,0.77111
CVE-2021-23364,0.02449,0.83697
CVE-2021-23365,0.01011,0.61635
CVE-2021-23368,0.03511,0.88757
CVE-2021-23369,0.07028,0.93949
CVE-2021-23370,0.022,0.8178
CVE-2021-23371,0.01987,0.79748
CVE-2021-23372,0.00878,0.57339
CVE-2021-23373,0.01153,0.6561
CVE-2021-23374,0.01336,0.70019
CVE-2021-23375,0.01336,0.7002
CVE-2021-23376,0.01943,0.79301
CVE-2021-23377,0.02972,0.86698
CVE-2021-23378,0.01943,0.793
CVE-2021-23379,0.01336,0.70019
CVE-2021-23380,0.01151,0.65549
CVE-2021-23381,0.01336,0.7002
CVE-2021-23382,0.02557,0.84423
CVE-2021-23383,0.04506,0.91152
CVE-2021-23384,0.00835,0.5591
CVE-2021-23385,0.01147,0.65413
CVE-2021-23386,0.01425,0.71816
CVE-2021-23387,0.0115,0.65524
CVE-2021-23388,0.0165,0.75504
CVE-2021-23389,0.03603,0.89022
CVE-2021-23390,0.02987,0.86766
CVE-2021-23391,0.00433,0.34991
CVE-2021-23392,0.01936,0.79211
CVE-2021-23393,0.00716,0.51765
CVE-2021-23394,0.18935,0.97203
CVE-2021-23395,0.0087,0.57075
CVE-2021-23396,0.01003,0.61392
CVE-2021-23397,0.00798,0.54665
CVE-2021-23398,0.01341,0.70131
CVE-2021-23399,0.01336,0.70019
CVE-2021-23400,0.01392,0.71195
CVE-2021-23401,0.01113,0.64576
CVE-2021-23402,0.01171,0.6609
CVE-2021-23403,0.01287,0.68937
CVE-2021-23404,0.00477,0.38613
CVE-2021-23405,0.01715,0.7644
CVE-2021-23406,0.02943,0.86583
CVE-2021-23407,0.01997,0.7986
CVE-2021-23408,0.01401,0.71367
CVE-2021-23409,0.01648,0.75487
CVE-2021-23411,0.01164,0.65905
CVE-2021-23412,0.04025,0.90213
CVE-2021-23413,0.03441,0.88523
CVE-2021-23414,0.02549,0.84366
CVE-2021-23415,0.01732,0.76654
CVE-2021-23416,0.00793,0.54511
CVE-2021-23417,0.01083,0.6375
CVE-2021-23418,0.01639,0.75352
CVE-2021-23419,0.01113,0.64573
CVE-2021-23420,0.02714,0.85407
CVE-2021-23421,0.01084,0.63779
CVE-2021-23422,0.00789,0.54377
CVE-2021-23423,0.01106,0.64383
CVE-2021-23424,0.02019,0.80109
CVE-2021-23425,0.01927,0.79105
CVE-2021-23426,0.00861,0.568
CVE-2021-23427,0.01431,0.7191
CVE-2021-23428,0.0167,0.75796
CVE-2021-23429,0.01016,0.61783
CVE-2021-23430,0.01779,0.77299
CVE-2021-23431,0.00403,0.31781
CVE-2021-23432,0.00889,0.57636
CVE-2021-23433,0.01626,0.7515
CVE-2021-23434,0.01902,0.78826
CVE-2021-23435,0.00697,0.51022
CVE-2021-23436,0.0178,0.77311
CVE-2021-23437,0.0318,0.87544
CVE-2021-23438,0.01723,0.76538
CVE-2021-23439,0.00893,0.57753
CVE-2021-23440,0.02206,0.81826
CVE-2021-23442,0.0159,0.74617
CVE-2021-23443,0.00906,0.58177
CVE-2021-23444,0.0186,0.78341
CVE-2021-23445,0.01975,0.79613
CVE-2021-23446,0.02958,0.86641
CVE-2021-23447,0.01128,0.64941
CVE-2021-23448,0.01193,0.66692
CVE-2021-23449,0.0359,0.88987
CVE-2021-23450,0.30367,0.98171
CVE-2021-23451,0.00883,0.57466
CVE-2021-23452,0.0155,0.74022
CVE-2021-23460,0.02521,0.84189
CVE-2021-23463,0.02698,0.85313
CVE-2021-23470,0.01266,0.68497
CVE-2021-23472,0.02409,0.83391
CVE-2021-23484,0.0205,0.8042
CVE-2021-23490,0.01831,0.77969
CVE-2021-23495,0.00884,0.5751
CVE-2021-23497,0.03734,0.89424
CVE-2021-23507,0.02125,0.81142
CVE-2021-23509,0.01828,0.77933
CVE-2021-23514,0.01589,0.74596
CVE-2021-23518,0.01943,0.79292
CVE-2021-23520,0.01094,0.64084
CVE-2021-23521,0.00544,0.43283
CVE-2021-23543,0.01762,0.77072
CVE-2021-23555,0.02876,0.86272
CVE-2021-23556,0.0113,0.65
CVE-2021-23558,0.01627,0.75154
CVE-2021-23561,0.01171,0.66084
CVE-2021-23562,0.00993,0.61024
CVE-2021-23566,0.0044,0.35618
CVE-2021-23567,0.01733,0.76662
CVE-2021-23568,0.0145,0.72253
CVE-2021-23574,0.02099,0.80908
CVE-2021-23592,0.01731,0.76645
CVE-2021-23594,0.01762,0.77072
CVE-2021-23597,0.0203,0.80209
CVE-2021-23624,0.01283,0.68855
CVE-2021-23631,0.01978,0.79653
CVE-2021-23632,0.0235,0.82975
CVE-2021-23639,0.05329,0.92316
CVE-2021-23648,0.0143,0.71895
CVE-2021-23654,0.01245,0.68007
CVE-2021-23663,0.01171,0.66084
CVE-2021-23664,0.01389,0.71149
CVE-2021-23673,0.0084,0.56071
CVE-2021-23682,0.02117,0.81068
CVE-2021-23700,0.01171,0.66095
CVE-2021-23702,0.01378,0.70928
CVE-2021-23718,0.01615,0.74987
CVE-2021-23727,0.03877,0.89825
CVE-2021-23732,0.01884,0.78615
CVE-2021-23758,0.82578,0.99656
CVE-2021-23760,0.01678,0.75919
CVE-2021-23771,0.01013,0.61704
CVE-2021-23772,0.01822,0.77854
CVE-2021-23784,0.0126,0.6835
CVE-2021-23792,0.01066,0.63304
CVE-2021-23797,0.01718,0.76484
CVE-2021-23803,0.01576,0.74412
CVE-2021-23807,0.0273,0.85485
CVE-2021-23814,0.01771,0.77206
CVE-2021-23820,0.01873,0.78488
CVE-2021-23824,0.00921,0.58652
CVE-2021-23827,0.00296,0.19826
CVE-2021-23835,0.0168,0.75942
CVE-2021-23836,0.00921,0.58656
CVE-2021-23837,0.01463,0.7252
CVE-2021-23838,0.00981,0.60683
CVE-2021-23839,0.02961,0.86656
CVE-2021-23840,0.50732,0.98884
CVE-2021-23841,0.0741,0.9422
CVE-2021-23842,0.00144,0.0302
CVE-2021-23843,0.00241,0.13594
CVE-2021-23845,0.00839,0.56068
CVE-2021-23846,0.00469,0.37981
CVE-2021-23847,0.01445,0.72171
CVE-2021-23848,0.00558,0.44173
CVE-2021-23849,0.00487,0.39378
CVE-2021-23850,0.0156,0.74172
CVE-2021-23851,0.0156,0.74172
CVE-2021-23852,0.00832,0.55833
CVE-2021-23853,0.00863,0.5685
CVE-2021-23854,0.00558,0.44174
CVE-2021-23855,0.00602,0.46545
CVE-2021-23856,0.00629,0.47921
CVE-2021-23857,0.01234,0.67744
CVE-2021-23858,0.01243,0.67968
CVE-2021-23859,0.00972,0.6037
CVE-2021-23860,0.00495,0.39895
CVE-2021-23861,0.00799,0.54692
CVE-2021-23862,0.01393,0.71213
CVE-2021-23863,0.00562,0.44402
CVE-2021-23872,0.00426,0.34251
CVE-2021-23873,0.00654,0.49183
CVE-2021-23874,0.01026,0.62094
CVE-2021-23876,0.0043,0.34583
CVE-2021-23877,0.0037,0.28228
CVE-2021-23878,0.00616,0.4728
CVE-2021-23879,0.00323,0.22761
CVE-2021-23880,0.00291,0.19357
CVE-2021-23881,0.00637,0.4832
CVE-2021-23882,0.00288,0.19097
CVE-2021-23883,0.00272,0.17519
CVE-2021-23884,0.00213,0.10392
CVE-2021-23885,0.01087,0.63869
CVE-2021-23886,0.00217,0.10778
CVE-2021-23887,0.00217,0.10808
CVE-2021-23888,0.00601,0.46495
CVE-2021-23889,0.00506,0.40671
CVE-2021-23890,0.00906,0.58194
CVE-2021-23891,0.00342,0.24975
CVE-2021-23892,0.00195,0.08188
CVE-2021-23893,0.00149,0.03431
CVE-2021-23894,0.02242,0.82132
CVE-2021-23895,0.0187,0.78457
CVE-2021-23896,0.00204,0.09243
CVE-2021-23899,0.02068,0.80603
CVE-2021-23900,0.02099,0.80914
CVE-2021-23901,0.04359,0.90886
CVE-2021-23906,0.00804,0.54884
CVE-2021-23907,0.02362,0.83063
CVE-2021-23908,0.02362,0.83063
CVE-2021-23909,0.02361,0.83061
CVE-2021-23910,0.0174,0.76761
CVE-2021-23921,0.00998,0.61196
CVE-2021-23922,0.0143,0.71904
CVE-2021-23923,0.00758,0.53303
CVE-2021-23924,0.00998,0.61196
CVE-2021-23925,0.00588,0.45818
CVE-2021-23926,0.06215,0.93275
CVE-2021-23927,0.00759,0.53367
CVE-2021-23928,0.01133,0.65048
CVE-2021-23929,0.01133,0.65048
CVE-2021-23930,0.01133,0.65048
CVE-2021-23931,0.01133,0.65049
CVE-2021-23932,0.01133,0.65047
CVE-2021-23933,0.01133,0.65047
CVE-2021-23934,0.01133,0.65048
CVE-2021-23935,0.01076,0.63547
CVE-2021-23936,0.00921,0.5866
CVE-2021-23937,0.0426,0.90701
CVE-2021-23953,0.01056,0.62974
CVE-2021-23954,0.01186,0.66514
CVE-2021-23955,0.00657,0.49334
CVE-2021-23956,0.00993,0.61047
CVE-2021-23957,0.00793,0.54512
CVE-2021-23958,0.00877,0.57323
CVE-2021-23959,0.00567,0.447
CVE-2021-23960,0.01289,0.68972
CVE-2021-23961,0.01477,0.72782
CVE-2021-23962,0.00886,0.5754
CVE-2021-23963,0.00657,0.49336
CVE-2021-23964,0.01361,0.70578
CVE-2021-23965,0.00969,0.6028
CVE-2021-23968,0.01307,0.69365
CVE-2021-23969,0.01212,0.67232
CVE-2021-23970,0.01007,0.61487
CVE-2021-23971,0.01007,0.61483
CVE-2021-23972,0.01013,0.61716
CVE-2021-23973,0.01368,0.70704
CVE-2021-23974,0.00753,0.53096
CVE-2021-23975,0.01012,0.61668
CVE-2021-23976,0.01096,0.64142
CVE-2021-23977,0.00881,0.57417
CVE-2021-23978,0.0153,0.73663
CVE-2021-23979,0.00925,0.58798
CVE-2021-23980,0.00483,0.3901
CVE-2021-23981,0.01145,0.65364
CVE-2021-23982,0.00743,0.52752
CVE-2021-23983,0.00736,0.52511
CVE-2021-23984,0.01113,0.64581
CVE-2021-23985,0.01506,0.7328
CVE-2021-23986,0.00434,0.35083
CVE-2021-23987,0.01416,0.71633
CVE-2021-23988,0.01076,0.63557
CVE-2021-23991,0.01035,0.62378
CVE-2021-23992,0.00478,0.38652
CVE-2021-23993,0.00423,0.34027
CVE-2021-23994,0.01756,0.76984
CVE-2021-23995,0.01181,0.6641
CVE-2021-23996,0.00719,0.51884
CVE-2021-23997,0.00816,0.55295
CVE-2021-23998,0.00594,0.4615
CVE-2021-23999,0.01372,0.70786
CVE-2021-24000,0.00605,0.46718
CVE-2021-24001,0.0057,0.44835
CVE-2021-24002,0.01263,0.6842
CVE-2021-24005,0.00563,0.44469
CVE-2021-24006,0.00958,0.59853
CVE-2021-24007,0.0143,0.71897
CVE-2021-24008,0.00495,0.39894
CVE-2021-24009,0.01515,0.73427
CVE-2021-24010,0.00903,0.58083
CVE-2021-24011,0.0081,0.55105
CVE-2021-24012,0.0048,0.38805
CVE-2021-24013,0.01102,0.6429
CVE-2021-24014,0.00614,0.47187
CVE-2021-24015,0.01155,0.65663
CVE-2021-24016,0.00504,0.40569
CVE-2021-24017,0.00554,0.43876
CVE-2021-24018,0.01035,0.62367
CVE-2021-24019,0.03902,0.89885
CVE-2021-24020,0.00616,0.47271
CVE-2021-24021,0.00662,0.49551
CVE-2021-24022,0.00219,0.10983
CVE-2021-24023,0.0075,0.5302
CVE-2021-24024,0.00909,0.5829
CVE-2021-24025,0.01659,0.75639
CVE-2021-24026,0.01406,0.71451
CVE-2021-24027,0.03805,0.89626
CVE-2021-24028,0.01746,0.76826
CVE-2021-24029,0.01186,0.66521
CVE-2021-24030,0.01693,0.76135
CVE-2021-24031,0.00462,0.3739
CVE-2021-24032,0.00346,0.25414
CVE-2021-24033,0.03289,0.88004
CVE-2021-24035,0.01134,0.65086
CVE-2021-24036,0.03284,0.87979
CVE-2021-24037,0.01795,0.77498
CVE-2021-24038,0.00204,0.0921
CVE-2021-24040,0.17353,0.97012
CVE-2021-24041,0.01389,0.71146
CVE-2021-24042,0.01242,0.67937
CVE-2021-24043,0.01088,0.63898
CVE-2021-24044,0.0126,0.68365
CVE-2021-24045,0.01212,0.67216
CVE-2021-24046,0.00698,0.5104
CVE-2021-24066,0.06303,0.93354
CVE-2021-24067,0.0248,0.83904
CVE-2021-24068,0.0248,0.83904
CVE-2021-24069,0.02491,0.8398
CVE-2021-24070,0.0248,0.83903
CVE-2021-24071,0.02703,0.85338
CVE-2021-24072,0.02403,0.83345
CVE-2021-24073,0.01797,0.77521
CVE-2021-24074,0.26157,0.97925
CVE-2021-24075,0.02523,0.84204
CVE-2021-24076,0.00949,0.59602
CVE-2021-24077,0.02874,0.86261
CVE-2021-24078,0.11893,0.95961
CVE-2021-24079,0.00949,0.59602
CVE-2021-24080,0.03051,0.87037
CVE-2021-24081,0.0251,0.84106
CVE-2021-24082,0.02632,0.84913
CVE-2021-24083,0.0287,0.86239
CVE-2021-24084,0.02768,0.8571
CVE-2021-24085,0.04627,0.91366
CVE-2021-24086,0.58961,0.99081
CVE-2021-24087,0.00494,0.39809
CVE-2021-24088,0.02432,0.83577
CVE-2021-24089,0.0433,0.90825
CVE-2021-24090,0.03486,0.88679
CVE-2021-24091,0.03375,0.88302
CVE-2021-24092,0.00606,0.46759
CVE-2021-24093,0.46053,0.98767
CVE-2021-24094,0.22136,0.97592
CVE-2021-24095,0.00804,0.54904
CVE-2021-24096,0.01462,0.72488
CVE-2021-24098,0.01516,0.73442
CVE-2021-24099,0.03201,0.87624
CVE-2021-24100,0.03103,0.87234
CVE-2021-24101,0.03112,0.87268
CVE-2021-24102,0.00546,0.43392
CVE-2021-24103,0.00625,0.47759
CVE-2021-24104,0.01369,0.70707
CVE-2021-24105,0.02382,0.83194
CVE-2021-24106,0.00949,0.59602
CVE-2021-24107,0.00957,0.59838
CVE-2021-24108,0.02505,0.84067
CVE-2021-24109,0.02174,0.81547
CVE-2021-24110,0.02535,0.84284
CVE-2021-24111,0.0384,0.89728
CVE-2021-24112,0.0327,0.87924
CVE-2021-24113,0.01478,0.72792
CVE-2021-24114,0.03155,0.8744
CVE-2021-24115,0.01976,0.79618
CVE-2021-24116,0.01036,0.6241
CVE-2021-24117,0.02221,0.81953
CVE-2021-24119,0.01484,0.72895
CVE-2021-24122,0.22852,0.97665
CVE-2021-24123,0.01647,0.75458
CVE-2021-24124,0.01148,0.65419
CVE-2021-24125,0.01456,0.72368
CVE-2021-24126,0.00661,0.49487
CVE-2021-24127,0.00653,0.49145
CVE-2021-24128,0.00656,0.49283
CVE-2021-24129,0.00658,0.49344
CVE-2021-24130,0.01416,0.71638
CVE-2021-24131,0.01444,0.7215
CVE-2021-24132,0.02586,0.84606
CVE-2021-24133,0.00474,0.38401
CVE-2021-24134,0.00654,0.49157
CVE-2021-24135,0.01085,0.63808
CVE-2021-24136,0.00822,0.55508
CVE-2021-24137,0.01505,0.73266
CVE-2021-24138,0.01231,0.67685
CVE-2021-24139,0.05547,0.9255
CVE-2021-24140,0.01205,0.66977
CVE-2021-24141,0.01205,0.66978
CVE-2021-24142,0.01238,0.67835
CVE-2021-24143,0.01255,0.68238
CVE-2021-24144,0.01244,0.67991
CVE-2021-24145,0.87201,0.99746
CVE-2021-24146,0.31043,0.98205
CVE-2021-24147,0.00748,0.52949
CVE-2021-24148,0.03373,0.88299
CVE-2021-24149,0.01505,0.73266
CVE-2021-24150,0.04337,0.9084
CVE-2021-24151,0.00771,0.53762
CVE-2021-24152,0.00734,0.52464
CVE-2021-24153,0.01115,0.64637
CVE-2021-24154,0.01066,0.63304
CVE-2021-24155,0.84112,0.99687
CVE-2021-24156,0.00687,0.50636
CVE-2021-24157,0.00687,0.50636
CVE-2021-24158,0.009,0.57956
CVE-2021-24159,0.00593,0.46085
CVE-2021-24160,0.08196,0.94676
CVE-2021-24161,0.01249,0.68101
CVE-2021-24162,0.00796,0.54614
CVE-2021-24163,0.01439,0.72058
CVE-2021-24164,0.00889,0.57646
CVE-2021-24165,0.01643,0.75411
CVE-2021-24166,0.00458,0.37055
CVE-2021-24167,0.01412,0.71555
CVE-2021-24168,0.00628,0.47854
CVE-2021-24169,0.10348,0.95555
CVE-2021-24170,0.04788,0.91602
CVE-2021-24171,0.01899,0.78795
CVE-2021-24172,0.00411,0.32667
CVE-2021-24173,0.00377,0.2893
CVE-2021-24174,0.03218,0.87706
CVE-2021-24175,0.14462,0.96506
CVE-2021-24176,0.02044,0.80358
CVE-2021-24177,0.00898,0.57928
CVE-2021-24178,0.00672,0.49961
CVE-2021-24179,0.00672,0.49961
CVE-2021-24180,0.00632,0.48075
CVE-2021-24181,0.01253,0.68201
CVE-2021-24182,0.01742,0.76786
CVE-2021-24183,0.01742,0.76786
CVE-2021-24184,0.01439,0.72058
CVE-2021-24185,0.01253,0.68202
CVE-2021-24186,0.01253,0.68202
CVE-2021-24187,0.00632,0.48076
CVE-2021-24188,0.01325,0.6977
CVE-2021-24189,0.01325,0.69772
CVE-2021-24190,0.01325,0.69772
CVE-2021-24191,0.01311,0.6945
CVE-2021-24192,0.01325,0.69771
CVE-2021-24193,0.01325,0.69771
CVE-2021-24194,0.01325,0.69771
CVE-2021-24195,0.01325,0.69771
CVE-2021-24196,0.00679,0.50313
CVE-2021-24197,0.01237,0.67803
CVE-2021-24198,0.0147,0.72653
CVE-2021-24199,0.01341,0.70133
CVE-2021-24200,0.01341,0.70134
CVE-2021-24201,0.00746,0.5289
CVE-2021-24202,0.00746,0.52889
CVE-2021-24203,0.00746,0.52889
CVE-2021-24204,0.00746,0.5289
CVE-2021-24205,0.0075,0.52994
CVE-2021-24206,0.00746,0.52889
CVE-2021-24207,0.00689,0.50713
CVE-2021-24208,0.00658,0.49372
CVE-2021-24209,0.27671,0.98017
CVE-2021-24210,0.03066,0.87095
CVE-2021-24211,0.00628,0.47854
CVE-2021-24212,0.07908,0.94514
CVE-2021-24213,0.0137,0.70758
CVE-2021-24214,0.0163,0.75201
CVE-2021-24215,0.09733,0.95355
CVE-2021-24216,0.01713,0.76422
CVE-2021-24217,0.0352,0.8878
CVE-2021-24218,0.00699,0.51095
CVE-2021-24219,0.02059,0.80501
CVE-2021-24220,0.03946,0.90021
CVE-2021-24221,0.01893,0.78727
CVE-2021-24222,0.02426,0.83529
CVE-2021-24223,0.02207,0.81835
CVE-2021-24224,0.01906,0.7888
CVE-2021-24225,0.00691,0.50809
CVE-2021-24226,0.05404,0.92393
CVE-2021-24227,0.05927,0.92987
CVE-2021-24228,0.01874,0.78502
CVE-2021-24229,0.01758,0.77009
CVE-2021-24230,0.00598,0.46341
CVE-2021-24231,0.00575,0.45127
CVE-2021-24232,0.0062,0.47483
CVE-2021-24233,0.01749,0.76874
CVE-2021-24234,0.01173,0.66147
CVE-2021-24235,0.02927,0.86513
CVE-2021-24236,0.07277,0.94139
CVE-2021-24237,0.06275,0.93329
CVE-2021-24238,0.01114,0.64611
CVE-2021-24239,0.01602,0.74787
CVE-2021-24240,0.03037,0.86974
CVE-2021-24241,0.01387,0.71097
CVE-2021-24242,0.00778,0.53974
CVE-2021-24243,0.00703,0.51271
CVE-2021-24244,0.00938,0.59256
CVE-2021-24245,0.05721,0.92759
CVE-2021-24246,0.00659,0.49411
CVE-2021-24247,0.04682,0.91442
CVE-2021-24248,0.01583,0.74505
CVE-2021-24249,0.00708,0.51485
CVE-2021-24250,0.00645,0.48748
CVE-2021-24251,0.00474,0.38402
CVE-2021-24252,0.01678,0.75907
CVE-2021-24253,0.01906,0.7888
CVE-2021-24254,0.01844,0.78123
CVE-2021-24255,0.0059,0.45912
CVE-2021-24256,0.0059,0.45912
CVE-2021-24257,0.0059,0.45913
CVE-2021-24258,0.00626,0.47768
CVE-2021-24259,0.0059,0.45914
CVE-2021-24260,0.00663,0.49561
CVE-2021-24261,0.00663,0.49561
CVE-2021-24262,0.0059,0.45912
CVE-2021-24263,0.00663,0.49561
CVE-2021-24264,0.0059,0.45914
CVE-2021-24265,0.00556,0.43984
CVE-2021-24266,0.0059,0.45913
CVE-2021-24267,0.00663,0.49561
CVE-2021-24268,0.0059,0.45913
CVE-2021-24269,0.0059,0.45913
CVE-2021-24270,0.0059,0.45914
CVE-2021-24271,0.0059,0.45915
CVE-2021-24272,0.01815,0.77766
CVE-2021-24273,0.0059,0.45914
CVE-2021-24274,0.17638,0.97048
CVE-2021-24275,0.18165,0.97106
CVE-2021-24276,0.16044,0.968
CVE-2021-24277,0.0062,0.47486
CVE-2021-24278,0.07359,0.94187
CVE-2021-24279,0.00831,0.5578
CVE-2021-24280,0.01967,0.79524
CVE-2021-24281,0.00663,0.4957
CVE-2021-24282,0.00728,0.52212
CVE-2021-24283,0.00624,0.477
CVE-2021-24284,0.4214,0.98647
CVE-2021-24285,0.14697,0.9655
CVE-2021-24286,0.13942,0.96412
CVE-2021-24287,0.10358,0.9556
CVE-2021-24288,0.01939,0.79256
CVE-2021-24289,0.01149,0.655
CVE-2021-24290,0.00826,0.55617
CVE-2021-24291,0.14513,0.96515
CVE-2021-24292,0.00636,0.48305
CVE-2021-24293,0.00867,0.56976
CVE-2021-24294,0.01186,0.66514
CVE-2021-24295,0.04691,0.91455
CVE-2021-24296,0.00617,0.4737
CVE-2021-24297,0.00822,0.55493
CVE-2021-24298,0.03451,0.88553
CVE-2021-24299,0.05501,0.92494
CVE-2021-24300,0.10587,0.95627
CVE-2021-24301,0.00624,0.47696
CVE-2021-24302,0.0062,0.47484
CVE-2021-24303,0.01608,0.74883
CVE-2021-24304,0.01234,0.67748
CVE-2021-24305,0.01188,0.66579
CVE-2021-24306,0.0062,0.47482
CVE-2021-24307,0.53274,0.98948
CVE-2021-24308,0.03249,0.87822
CVE-2021-24309,0.0065,0.48972
CVE-2021-24310,0.01131,0.65024
CVE-2021-24311,0.01775,0.77255
CVE-2021-24312,0.0195,0.79375
CVE-2021-24313,0.00698,0.5108
CVE-2021-24314,0.0195,0.79372
CVE-2021-24315,0.00664,0.49618
CVE-2021-24316,0.06442,0.93476
CVE-2021-24317,0.00932,0.59044
CVE-2021-24318,0.00986,0.60826
CVE-2021-24319,0.01681,0.75954
CVE-2021-24320,0.10769,0.95682
CVE-2021-24321,0.66576,0.99262
CVE-2021-24322,0.00703,0.5127
CVE-2021-24323,0.00743,0.52766
CVE-2021-24324,0.0056,0.44286
CVE-2021-24325,0.00827,0.55665
CVE-2021-24326,0.0062,0.47482
CVE-2021-24327,0.00617,0.47368
CVE-2021-24328,0.00614,0.47181
CVE-2021-24329,0.04455,0.91067
CVE-2021-24330,0.00652,0.49086
CVE-2021-24331,0.00652,0.49086
CVE-2021-24332,0.00626,0.47811
CVE-2021-24333,0.008,0.54737
CVE-2021-24334,0.00659,0.4941
CVE-2021-24335,0.03884,0.89844
CVE-2021-24336,0.01547,0.73955
CVE-2021-24337,0.01568,0.74285
CVE-2021-24338,0.00792,0.54467
CVE-2021-24339,0.0076,0.53384
CVE-2021-24340,0.29776,0.98138
CVE-2021-24341,0.01586,0.74552
CVE-2021-24342,0.01975,0.79612
CVE-2021-24343,0.00613,0.47146
CVE-2021-24344,0.00542,0.43153
CVE-2021-24345,0.01338,0.70077
CVE-2021-24346,0.00675,0.50145
CVE-2021-24347,0.5408,0.98971
CVE-2021-24348,0.01565,0.74236
CVE-2021-24349,0.00412,0.32804
CVE-2021-24350,0.01303,0.69287
CVE-2021-24351,0.02483,0.83928
CVE-2021-24352,0.01175,0.66215
CVE-2021-24353,0.01112,0.64551
CVE-2021-24354,0.0148,0.72819
CVE-2021-24355,0.0072,0.51919
CVE-2021-24356,0.02604,0.84731
CVE-2021-24357,0.00624,0.47698
CVE-2021-24358,0.02295,0.82542
CVE-2021-24359,0.0111,0.64503
CVE-2021-24360,0.01164,0.65897
CVE-2021-24361,0.01832,0.77979
CVE-2021-24362,0.00827,0.55666
CVE-2021-24363,0.01893,0.78727
CVE-2021-24364,0.01975,0.79612
CVE-2021-24365,0.00932,0.59039
CVE-2021-24366,0.00997,0.61182
CVE-2021-24367,0.0062,0.4748
CVE-2021-24368,0.00827,0.55669
CVE-2021-24369,0.00624,0.47703
CVE-2021-24370,0.47371,0.98799
CVE-2021-24371,0.01012,0.6167
CVE-2021-24372,0.00827,0.55669
CVE-2021-24373,0.00827,0.55665
CVE-2021-24374,0.01494,0.73061
CVE-2021-24375,0.02633,0.84915
CVE-2021-24376,0.03727,0.89399
CVE-2021-24377,0.01183,0.66453
CVE-2021-24378,0.00617,0.47373
CVE-2021-24379,0.00981,0.60664
CVE-2021-24380,0.0045,0.36466
CVE-2021-24381,0.00617,0.47372
CVE-2021-24382,0.00676,0.50179
CVE-2021-24383,0.02467,0.83817
CVE-2021-24384,0.02068,0.80603
CVE-2021-24385,0.02848,0.86135
CVE-2021-24386,0.00659,0.49411
CVE-2021-24387,0.03677,0.89253
CVE-2021-24388,0.00319,0.22204
CVE-2021-24389,0.03753,0.89473
CVE-2021-24390,0.01547,0.73954
CVE-2021-24391,0.01568,0.74285
CVE-2021-24392,0.01547,0.73954
CVE-2021-24393,0.01547,0.73955
CVE-2021-24394,0.01547,0.73954
CVE-2021-24395,0.01547,0.73953
CVE-2021-24396,0.01516,0.73444
CVE-2021-24397,0.01516,0.73444
CVE-2021-24398,0.01516,0.73445
CVE-2021-24399,0.01516,0.73445
CVE-2021-24400,0.01516,0.73445
CVE-2021-24401,0.04648,0.91396
CVE-2021-24402,0.04648,0.91397
CVE-2021-24403,0.01516,0.73445
CVE-2021-24404,0.0471,0.91486
CVE-2021-24405,0.10703,0.95663
CVE-2021-24406,0.02915,0.86461
CVE-2021-24407,0.02591,0.84656
CVE-2021-24408,0.00624,0.47707
CVE-2021-24409,0.01722,0.76529
CVE-2021-24410,0.00412,0.32804
CVE-2021-24411,0.00412,0.32805
CVE-2021-24412,0.0065,0.48971
CVE-2021-24413,0.0065,0.48973
CVE-2021-24414,0.00624,0.47705
CVE-2021-24415,0.00581,0.45422
CVE-2021-24416,0.00581,0.45422
CVE-2021-24418,0.00626,0.4781
CVE-2021-24419,0.00626,0.4781
CVE-2021-24420,0.00624,0.477
CVE-2021-24421,0.00633,0.48146
CVE-2021-24423,0.00614,0.47183
CVE-2021-24424,0.00629,0.4792
CVE-2021-24425,0.00626,0.47811
CVE-2021-24426,0.00626,0.4781
CVE-2021-24427,0.00622,0.47626
CVE-2021-24428,0.00547,0.43454
CVE-2021-24429,0.01242,0.67925
CVE-2021-24430,0.01721,0.76515
CVE-2021-24431,0.00483,0.39042
CVE-2021-24432,0.00449,0.36399
CVE-2021-24433,0.00431,0.3473
CVE-2021-24434,0.00412,0.32805
CVE-2021-24435,0.01714,0.76434
CVE-2021-24436,0.01905,0.78859
CVE-2021-24437,0.00827,0.55668
CVE-2021-24438,0.00827,0.55666
CVE-2021-24439,0.0062,0.47484
CVE-2021-24440,0.00617,0.4737
CVE-2021-24441,0.01308,0.69391
CVE-2021-24442,0.45996,0.98765
CVE-2021-24443,0.0062,0.47484
CVE-2021-24444,0.02315,0.82703
CVE-2021-24445,0.00656,0.49265
CVE-2021-24446,0.00329,0.23329
CVE-2021-24447,0.01375,0.70858
CVE-2021-24448,0.00613,0.47147
CVE-2021-24450,0.00652,0.49054
CVE-2021-24451,0.01416,0.71634
CVE-2021-24452,0.01917,0.79006
CVE-2021-24453,0.04956,0.91859
CVE-2021-24454,0.01593,0.74661
CVE-2021-24455,0.00747,0.52898
CVE-2021-24456,0.01292,0.69034
CVE-2021-24457,0.014,0.71353
CVE-2021-24458,0.01362,0.70593
CVE-2021-24459,0.01362,0.70593
CVE-2021-24460,0.01362,0.70594
CVE-2021-24461,0.01362,0.70592
CVE-2021-24462,0.01362,0.70594
CVE-2021-24463,0.01362,0.70593
CVE-2021-24464,0.0062,0.47486
CVE-2021-24465,0.01168,0.66011
CVE-2021-24466,0.00412,0.32806
CVE-2021-24467,0.0056,0.44286
CVE-2021-24468,0.00624,0.47699
CVE-2021-24470,0.00547,0.43482
CVE-2021-24471,0.00577,0.45202
CVE-2021-24472,0.56614,0.9903
CVE-2021-24473,0.00775,0.53881
CVE-2021-24474,0.00726,0.52121
CVE-2021-24476,0.0062,0.47487
CVE-2021-24477,0.00412,0.32805
CVE-2021-24478,0.0062,0.47485
CVE-2021-24479,0.00613,0.47146
CVE-2021-24480,0.00613,0.47146
CVE-2021-24481,0.00613,0.47147
CVE-2021-24482,0.00687,0.50645
CVE-2021-24483,0.01409,0.71494
CVE-2021-24484,0.01344,0.70196
CVE-2021-24485,0.00617,0.4737
CVE-2021-24486,0.00624,0.47697
CVE-2021-24487,0.00639,0.48412
CVE-2021-24488,0.11241,0.95818
CVE-2021-24489,0.00643,0.48629
CVE-2021-24490,0.00558,0.44166
CVE-2021-24491,0.00713,0.51633
CVE-2021-24492,0.01599,0.74751
CVE-2021-24493,0.01978,0.79641
CVE-2021-24494,0.00681,0.50375
CVE-2021-24495,0.03343,0.88198
CVE-2021-24496,0.00827,0.5567
CVE-2021-24497,0.01344,0.70196
CVE-2021-24498,0.03536,0.88822
CVE-2021-24499,0.60113,0.99106
CVE-2021-24500,0.00646,0.48761
CVE-2021-24501,0.01251,0.68151
CVE-2021-24502,0.00668,0.49809
CVE-2021-24503,0.00624,0.47704
CVE-2021-24504,0.00762,0.53445
CVE-2021-24505,0.0062,0.47487
CVE-2021-24506,0.01362,0.70592
CVE-2021-24507,0.11004,0.95753
CVE-2021-24508,0.01343,0.70176
CVE-2021-24509,0.00624,0.47706
CVE-2021-24510,0.02721,0.8544
CVE-2021-24511,0.01533,0.73725
CVE-2021-24512,0.0062,0.47486
CVE-2021-24513,0.00624,0.47704
CVE-2021-24514,0.00617,0.47363
CVE-2021-24515,0.00617,0.47362
CVE-2021-24516,0.00638,0.48394
CVE-2021-24517,0.00624,0.47699
CVE-2021-24518,0.00695,0.5095
CVE-2021-24519,0.00613,0.47146
CVE-2021-24520,0.01568,0.74285
CVE-2021-24521,0.01587,0.74563
CVE-2021-24522,0.01552,0.74051
CVE-2021-24523,0.0062,0.47483
CVE-2021-24524,0.00617,0.4737
CVE-2021-24525,0.00624,0.47707
CVE-2021-24526,0.01091,0.6397
CVE-2021-24527,0.07634,0.94353
CVE-2021-24528,0.00624,0.47698
CVE-2021-24529,0.0062,0.47482
CVE-2021-24530,0.00617,0.47366
CVE-2021-24531,0.00576,0.45174
CVE-2021-24533,0.00617,0.47362
CVE-2021-24534,0.00624,0.47697
CVE-2021-24535,0.00412,0.32806
CVE-2021-24536,0.00412,0.32804
CVE-2021-24537,0.01564,0.74235
CVE-2021-24538,0.0062,0.47483
CVE-2021-24539,0.0059,0.45936
CVE-2021-24540,0.00624,0.47705
CVE-2021-24541,0.00624,0.47706
CVE-2021-24543,0.00412,0.32805
CVE-2021-24544,0.0062,0.47486
CVE-2021-24545,0.018,0.77562
CVE-2021-24546,0.01811,0.7771
CVE-2021-24547,0.0062,0.47484
CVE-2021-24548,0.0062,0.47485
CVE-2021-24549,0.0157,0.74322
CVE-2021-24550,0.01578,0.7444
CVE-2021-24551,0.01911,0.78938
CVE-2021-24552,0.01578,0.7444
CVE-2021-24553,0.01578,0.74439
CVE-2021-24554,0.0654,0.93556
CVE-2021-24555,0.00821,0.55464
CVE-2021-24556,0.01344,0.70196
CVE-2021-24557,0.01547,0.73954
CVE-2021-24558,0.00675,0.50145
CVE-2021-24559,0.00218,0.10929
CVE-2021-24560,0.00726,0.52121
CVE-2021-24561,0.00671,0.4992
CVE-2021-24562,0.01625,0.75129
CVE-2021-24563,0.26379,0.97937
CVE-2021-24564,0.0062,0.47487
CVE-2021-24565,0.00719,0.51904
CVE-2021-24566,0.01316,0.69575
CVE-2021-24567,0.00506,0.40697
CVE-2021-24568,0.00624,0.47706
CVE-2021-24569,0.00617,0.47366
CVE-2021-24570,0.00504,0.40501
CVE-2021-24571,0.00624,0.47699
CVE-2021-24572,0.00468,0.37923
CVE-2021-24574,0.00676,0.50169
CVE-2021-24575,0.01361,0.7058
CVE-2021-24576,0.00624,0.47702
CVE-2021-24577,0.0062,0.47485
CVE-2021-24578,0.008,0.54753
CVE-2021-24579,0.08215,0.94685
CVE-2021-24580,0.01362,0.70593
CVE-2021-24581,0.04087,0.9035
CVE-2021-24582,0.00624,0.47704
CVE-2021-24583,0.0162,0.75056
CVE-2021-24584,0.00506,0.4064
CVE-2021-24585,0.01177,0.6626
CVE-2021-24586,0.00483,0.39042
CVE-2021-24587,0.0062,0.47482
CVE-2021-24588,0.00827,0.55667
CVE-2021-24590,0.00624,0.47698
CVE-2021-24591,0.00624,0.47698
CVE-2021-24592,0.00617,0.47363
CVE-2021-24593,0.0062,0.47485
CVE-2021-24594,0.00676,0.5017
CVE-2021-24595,0.00526,0.42142
CVE-2021-24596,0.02754,0.85626
CVE-2021-24597,0.00624,0.47707
CVE-2021-24598,0.00676,0.5017
CVE-2021-24599,0.00855,0.56592
CVE-2021-24600,0.00617,0.47365
CVE-2021-24601,0.00624,0.47707
CVE-2021-24602,0.01509,0.7334
CVE-2021-24603,0.00624,0.47705
CVE-2021-24604,0.00617,0.47366
CVE-2021-24605,0.0062,0.47481
CVE-2021-24606,0.01334,0.69976
CVE-2021-24607,0.00617,0.47368
CVE-2021-24608,0.00676,0.50169
CVE-2021-24609,0.00617,0.47366
CVE-2021-24610,0.05432,0.92421
CVE-2021-24611,0.00319,0.22204
CVE-2021-24612,0.00643,0.48616
CVE-2021-24613,0.00617,0.47368
CVE-2021-24614,0.00617,0.47367
CVE-2021-24615,0.00395,0.30983
CVE-2021-24616,0.00676,0.50169
CVE-2021-24617,0.0077,0.53726
CVE-2021-24618,0.00386,0.29951
CVE-2021-24619,0.00617,0.47367
CVE-2021-24620,0.00632,0.48096
CVE-2021-24621,0.00617,0.47367
CVE-2021-24622,0.00643,0.48616
CVE-2021-24623,0.00617,0.47367
CVE-2021-24624,0.00643,0.48618
CVE-2021-24625,0.01516,0.73444
CVE-2021-24626,0.00735,0.52493
CVE-2021-24627,0.06668,0.93649
CVE-2021-24628,0.01546,0.73942
CVE-2021-24629,0.01546,0.73942
CVE-2021-24630,0.01567,0.74273
CVE-2021-24631,0.01567,0.74273
CVE-2021-24632,0.00827,0.5567
CVE-2021-24633,0.00671,0.49923
CVE-2021-24634,0.00624,0.47706
CVE-2021-24635,0.00635,0.48241
CVE-2021-24636,0.00537,0.4282
CVE-2021-24637,0.00624,0.47703
CVE-2021-24638,0.01821,0.77841
CVE-2021-24639,0.00912,0.58371
CVE-2021-24640,0.00624,0.47696
CVE-2021-24641,0.00537,0.42821
CVE-2021-24642,0.00572,0.44931
CVE-2021-24643,0.00624,0.47697
CVE-2021-24644,0.04912,0.91788
CVE-2021-24645,0.00617,0.47364
CVE-2021-24646,0.00617,0.47364
CVE-2021-24647,0.0983,0.95391
CVE-2021-24648,0.00876,0.57283
CVE-2021-24649,0.00692,0.50818
CVE-2021-24651,0.0164,0.75354
CVE-2021-24652,0.00716,0.51759
CVE-2021-24653,0.00617,0.47364
CVE-2021-24654,0.0062,0.47481
CVE-2021-24655,0.0104,0.62499
CVE-2021-24656,0.00617,0.47363
CVE-2021-24657,0.01582,0.7449
CVE-2021-24658,0.00676,0.5017
CVE-2021-24659,0.00547,0.43482
CVE-2021-24660,0.00534,0.42681
CVE-2021-24661,0.00764,0.53517
CVE-2021-24662,0.01343,0.70184
CVE-2021-24663,0.0149,0.7301
CVE-2021-24664,0.02358,0.8304
CVE-2021-24665,0.00618,0.47399
CVE-2021-24666,0.08883,0.9504
CVE-2021-24667,0.00618,0.47399
CVE-2021-24668,0.0045,0.36465
CVE-2021-24669,0.01334,0.69975
CVE-2021-24670,0.00624,0.477
CVE-2021-24671,0.00624,0.47696
CVE-2021-24672,0.0065,0.48972
CVE-2021-24673,0.00617,0.47369
CVE-2021-24674,0.00549,0.43584
CVE-2021-24675,0.00572,0.44931
CVE-2021-24676,0.00827,0.55669
CVE-2021-24677,0.01252,0.68175
CVE-2021-24678,0.00624,0.47705
CVE-2021-24679,0.00827,0.55669
CVE-2021-24680,0.00604,0.46661
CVE-2021-24681,0.00893,0.57778
CVE-2021-24682,0.0065,0.48971
CVE-2021-24683,0.00412,0.32806
CVE-2021-24684,0.04267,0.90715
CVE-2021-24685,0.00507,0.40741
CVE-2021-24686,0.00654,0.49186
CVE-2021-24687,0.00617,0.47362
CVE-2021-24688,0.00433,0.34954
CVE-2021-24689,0.0132,0.69647
CVE-2021-24690,0.00624,0.47697
CVE-2021-24691,0.0062,0.47505
CVE-2021-24692,0.01361,0.70579
CVE-2021-24693,0.01282,0.68818
CVE-2021-24694,0.00611,0.47065
CVE-2021-24695,0.01679,0.75929
CVE-2021-24696,0.0063,0.48
CVE-2021-24697,0.00827,0.55667
CVE-2021-24698,0.00675,0.50146
CVE-2021-24699,0.00624,0.47701
CVE-2021-24700,0.00617,0.47369
CVE-2021-24701,0.00617,0.47369
CVE-2021-24702,0.00683,0.50467
CVE-2021-24703,0.00398,0.31321
CVE-2021-24704,0.00618,0.47411
CVE-2021-24705,0.00305,0.20732
CVE-2021-24706,0.00617,0.47369
CVE-2021-24707,0.00598,0.46345
CVE-2021-24708,0.00617,0.47371
CVE-2021-24709,0.00617,0.47372
CVE-2021-24710,0.00676,0.5017
CVE-2021-24711,0.0069,0.50736
CVE-2021-24712,0.00624,0.47701
CVE-2021-24713,0.00617,0.47372
CVE-2021-24714,0.00598,0.46349
CVE-2021-24715,0.00643,0.48618
CVE-2021-24716,0.0065,0.48972
CVE-2021-24717,0.01337,0.70033
CVE-2021-24718,0.00598,0.46351
CVE-2021-24719,0.02959,0.86647
CVE-2021-24720,0.00882,0.57454
CVE-2021-24721,0.0094,0.59295
CVE-2021-24722,0.00643,0.48618
CVE-2021-24723,0.0065,0.48971
CVE-2021-24724,0.00888,0.57613
CVE-2021-24725,0.00487,0.39343
CVE-2021-24726,0.01567,0.74273
CVE-2021-24727,0.01713,0.76422
CVE-2021-24728,0.01713,0.76422
CVE-2021-24729,0.00624,0.47702
CVE-2021-24730,0.00344,0.25237
CVE-2021-24731,0.06415,0.93445
CVE-2021-24732,0.0065,0.48972
CVE-2021-24733,0.00783,0.54154
CVE-2021-24734,0.0065,0.48973
CVE-2021-24735,0.00572,0.44931
CVE-2021-24736,0.00643,0.48617
CVE-2021-24737,0.00617,0.47372
CVE-2021-24738,0.00604,0.46658
CVE-2021-24739,0.01006,0.61461
CVE-2021-24740,0.00643,0.48617
CVE-2021-24741,0.05603,0.92626
CVE-2021-24742,0.00858,0.56701
CVE-2021-24743,0.00624,0.477
CVE-2021-24744,0.00617,0.47371
CVE-2021-24745,0.00624,0.47701
CVE-2021-24746,0.02244,0.82146
CVE-2021-24747,0.01497,0.73119
CVE-2021-24748,0.01361,0.7058
CVE-2021-24749,0.0045,0.36466
CVE-2021-24750,0.38298,0.98516
CVE-2021-24751,0.00624,0.47702
CVE-2021-24752,0.00422,0.33854
CVE-2021-24753,0.01497,0.73119
CVE-2021-24754,0.01371,0.70759
CVE-2021-24755,0.01361,0.7058
CVE-2021-24756,0.01322,0.69689
CVE-2021-24757,0.01054,0.6292
CVE-2021-24758,0.01334,0.69975
CVE-2021-24759,0.00604,0.46658
CVE-2021-24760,0.0065,0.48971
CVE-2021-24761,0.00599,0.46431
CVE-2021-24762,0.86782,0.99739
CVE-2021-24763,0.00644,0.48716
CVE-2021-24764,0.008,0.54744
CVE-2021-24765,0.01405,0.71434
CVE-2021-24766,0.00549,0.43584
CVE-2021-24767,0.00549,0.43585
CVE-2021-24768,0.00617,0.47371
CVE-2021-24769,0.0138,0.70956
CVE-2021-24770,0.00852,0.5649
CVE-2021-24771,0.00598,0.46345
CVE-2021-24772,0.01554,0.74086
CVE-2021-24773,0.02865,0.86217
CVE-2021-24774,0.01317,0.69585
CVE-2021-24775,0.01327,0.69809
CVE-2021-24776,0.0045,0.36466
CVE-2021-24777,0.01301,0.69254
CVE-2021-24778,0.01275,0.68683
CVE-2021-24779,0.00575,0.4511
CVE-2021-24780,0.00435,0.35217
CVE-2021-24781,0.00793,0.54519
CVE-2021-24782,0.00598,0.4635
CVE-2021-24783,0.00824,0.55575
CVE-2021-24784,0.00531,0.42502
CVE-2021-24785,0.00617,0.47371
CVE-2021-24786,0.17348,0.9701
CVE-2021-24787,0.00617,0.47365
CVE-2021-24788,0.00901,0.58026
CVE-2021-24789,0.00643,0.48617
CVE-2021-24790,0.0037,0.28186
CVE-2021-24791,0.05208,0.9219
CVE-2021-24792,0.01167,0.65979
CVE-2021-24793,0.00643,0.48617
CVE-2021-24794,0.00728,0.52218
CVE-2021-24795,0.00531,0.42503
CVE-2021-24796,0.01186,0.66514
CVE-2021-24797,0.01167,0.65979
CVE-2021-24798,0.00827,0.55665
CVE-2021-24799,0.00468,0.37923
CVE-2021-24800,0.00654,0.4917
CVE-2021-24801,0.0045,0.36465
CVE-2021-24802,0.00549,0.43585
CVE-2021-24803,0.00628,0.47857
CVE-2021-24804,0.00632,0.48096
CVE-2021-24805,0.00435,0.35217
CVE-2021-24806,0.00483,0.39042
CVE-2021-24807,0.01417,0.71665
CVE-2021-24808,0.00942,0.59373
CVE-2021-24809,0.00726,0.52142
CVE-2021-24810,0.00598,0.46353
CVE-2021-24811,0.00617,0.47362
CVE-2021-24812,0.00624,0.47701
CVE-2021-24813,0.00704,0.51285
CVE-2021-24814,0.02085,0.80773
CVE-2021-24815,0.00617,0.47364
CVE-2021-24816,0.00675,0.50147
CVE-2021-24817,0.00604,0.46658
CVE-2021-24818,0.00435,0.35216
CVE-2021-24819,0.00783,0.54154
CVE-2021-24820,0.03047,0.87011
CVE-2021-24821,0.00604,0.46661
CVE-2021-24822,0.00317,0.2199
CVE-2021-24823,0.0055,0.43682
CVE-2021-24824,0.00794,0.54543
CVE-2021-24825,0.00442,0.35777
CVE-2021-24826,0.00604,0.46659
CVE-2021-24827,0.12559,0.96096
CVE-2021-24828,0.00604,0.4666
CVE-2021-24829,0.01361,0.70579
CVE-2021-24830,0.00676,0.50169
CVE-2021-24831,0.01196,0.66764
CVE-2021-24832,0.0045,0.36466
CVE-2021-24833,0.01124,0.64851
CVE-2021-24834,0.01532,0.73692
CVE-2021-24835,0.01334,0.69975
CVE-2021-24836,0.00347,0.25529
CVE-2021-24837,0.00393,0.3076
CVE-2021-24838,0.02208,0.81844
CVE-2021-24839,0.0124,0.67886
CVE-2021-24840,0.01168,0.66007
CVE-2021-24841,0.00757,0.53268
CVE-2021-24842,0.00722,0.51988
CVE-2021-24843,0.00531,0.42503
CVE-2021-24844,0.01533,0.73726
CVE-2021-24845,0.00995,0.61101
CVE-2021-24846,0.01318,0.69613
CVE-2021-24847,0.01361,0.70581
CVE-2021-24848,0.01318,0.69613
CVE-2021-24849,0.0848,0.9483
CVE-2021-24850,0.00624,0.47702
CVE-2021-24851,0.00943,0.5939
CVE-2021-24852,0.00549,0.43584
CVE-2021-24853,0.00447,0.36234
CVE-2021-24854,0.00624,0.47703
CVE-2021-24855,0.00604,0.46661
CVE-2021-24856,0.00668,0.49809
CVE-2021-24857,0.01841,0.78093
CVE-2021-24858,0.01316,0.69576
CVE-2021-24859,0.00783,0.54154
CVE-2021-24860,0.01317,0.69585
CVE-2021-24861,0.01275,0.68684
CVE-2021-24862,0.73293,0.99445
CVE-2021-24863,0.01575,0.74404
CVE-2021-24864,0.01221,0.67422
CVE-2021-24865,0.01502,0.7322
CVE-2021-24866,0.01575,0.74403
CVE-2021-24867,0.18044,0.97094
CVE-2021-24868,0.00891,0.57692
CVE-2021-24869,0.01178,0.6632
CVE-2021-24870,0.00252,0.14907
CVE-2021-24871,0.00684,0.50528
CVE-2021-24872,0.00995,0.611
CVE-2021-24873,0.00782,0.54102
CVE-2021-24874,0.008,0.54752
CVE-2021-24875,0.01663,0.75698
CVE-2021-24876,0.01196,0.66781
CVE-2021-24877,0.01279,0.68766
CVE-2021-24878,0.01165,0.65931
CVE-2021-24879,0.00612,0.47076
CVE-2021-24880,0.00604,0.4666
CVE-2021-24881,0.00818,0.55346
CVE-2021-24882,0.00617,0.47365
CVE-2021-24883,0.00804,0.54895
CVE-2021-24884,0.03134,0.87359
CVE-2021-24885,0.00905,0.58168
CVE-2021-24888,0.00699,0.51118
CVE-2021-24889,0.01317,0.69585
CVE-2021-24890,0.00583,0.45562
CVE-2021-24891,0.25136,0.97859
CVE-2021-24892,0.01857,0.78311
CVE-2021-24893,0.01553,0.74072
CVE-2021-24894,0.0148,0.72824
CVE-2021-24895,0.00598,0.46353
CVE-2021-24896,0.00598,0.46344
CVE-2021-24897,0.00604,0.4666
CVE-2021-24898,0.00598,0.46346
CVE-2021-24899,0.00617,0.47365
CVE-2021-24900,0.00686,0.5058
CVE-2021-24901,0.05063,0.92005
CVE-2021-24902,0.00598,0.46346
CVE-2021-24903,0.00598,0.46345
CVE-2021-24904,0.05063,0.92004
CVE-2021-24905,0.0077,0.53722
CVE-2021-24906,0.01489,0.72983
CVE-2021-24907,0.00907,0.58212
CVE-2021-24908,0.00782,0.54111
CVE-2021-24909,0.008,0.54749
CVE-2021-24910,0.01567,0.74266
CVE-2021-24911,0.00674,0.50074
CVE-2021-24912,0.00341,0.24891
CVE-2021-24913,0.00471,0.38175
CVE-2021-24914,0.00519,0.41649
CVE-2021-24915,0.12004,0.95988
CVE-2021-24916,0.01729,0.76613
CVE-2021-24917,0.71532,0.99399
CVE-2021-24918,0.00675,0.50145
CVE-2021-24919,0.01517,0.73465
CVE-2021-24920,0.00647,0.48818
CVE-2021-24921,0.008,0.54741
CVE-2021-24922,0.00535,0.4272
CVE-2021-24923,0.0081,0.55117
CVE-2021-24924,0.008,0.54742
CVE-2021-24925,0.00795,0.54579
CVE-2021-24926,0.12857,0.96162
CVE-2021-24927,0.0062,0.47481
CVE-2021-24928,0.00889,0.5764
CVE-2021-24930,0.00604,0.4666
CVE-2021-24931,0.78812,0.9958
CVE-2021-24932,0.008,0.54751
CVE-2021-24933,0.006,0.46468
CVE-2021-24934,0.01397,0.7127
CVE-2021-24935,0.00861,0.56787
CVE-2021-24936,0.00541,0.43127
CVE-2021-24937,0.008,0.54745
CVE-2021-24938,0.00795,0.54579
CVE-2021-24939,0.008,0.54745
CVE-2021-24940,0.01439,0.72058
CVE-2021-24941,0.008,0.54743
CVE-2021-24942,0.01225,0.67549
CVE-2021-24943,0.07474,0.94253
CVE-2021-24944,0.00598,0.46353
CVE-2021-24945,0.00557,0.4404
CVE-2021-24946,0.728,0.99432
CVE-2021-24947,0.03063,0.87084
CVE-2021-24948,0.01815,0.77767
CVE-2021-24949,0.01704,0.76283
CVE-2021-24950,0.00524,0.42043
CVE-2021-24951,0.01575,0.74402
CVE-2021-24952,0.01318,0.69613
CVE-2021-24953,0.008,0.54748
CVE-2021-24954,0.00968,0.60234
CVE-2021-24955,0.00968,0.60234
CVE-2021-24956,0.01439,0.72057
CVE-2021-24957,0.01345,0.70213
CVE-2021-24958,0.006,0.46469
CVE-2021-24959,0.02249,0.82177
CVE-2021-24960,0.00674,0.50063
CVE-2021-24961,0.00674,0.50063
CVE-2021-24962,0.02805,0.85916
CVE-2021-24963,0.00654,0.49187
CVE-2021-24964,0.01216,0.67313
CVE-2021-24965,0.00607,0.46821
CVE-2021-24966,0.05188,0.92163
CVE-2021-24967,0.01167,0.6598
CVE-2021-24968,0.00426,0.34242
CVE-2021-24969,0.006,0.46468
CVE-2021-24970,0.05898,0.92959
CVE-2021-24971,0.006,0.46468
CVE-2021-24972,0.00598,0.46352
CVE-2021-24973,0.01314,0.69512
CVE-2021-24974,0.00607,0.46821
CVE-2021-24975,0.01334,0.69966
CVE-2021-24976,0.00917,0.58534
CVE-2021-24977,0.01492,0.73041
CVE-2021-24978,0.00527,0.42229
CVE-2021-24979,0.01868,0.78435
CVE-2021-24980,0.008,0.54749
CVE-2021-24981,0.00811,0.55123
CVE-2021-24982,0.00646,0.48768
CVE-2021-24983,0.00824,0.5556
CVE-2021-24984,0.008,0.54751
CVE-2021-24985,0.01109,0.64485
CVE-2021-24986,0.008,0.5475
CVE-2021-24987,0.01938,0.7924
CVE-2021-24988,0.00292,0.19434
CVE-2021-24989,0.00538,0.42907
CVE-2021-24991,0.01188,0.66578
CVE-2021-24992,0.00598,0.46348
CVE-2021-24993,0.00469,0.37952
CVE-2021-24994,0.01232,0.67718
CVE-2021-24995,0.00598,0.46347
CVE-2021-24996,0.008,0.54747
CVE-2021-24997,0.02753,0.85624
CVE-2021-24998,0.01186,0.66532
CVE-2021-24999,0.00757,0.53258
CVE-2021-25000,0.00757,0.53259
CVE-2021-25001,0.00757,0.53259
CVE-2021-25002,0.01521,0.73526
CVE-2021-25003,0.56148,0.99017
CVE-2021-25004,0.01156,0.65674
CVE-2021-25005,0.00605,0.46709
CVE-2021-25006,0.00833,0.55864
CVE-2021-25007,0.01608,0.74877
CVE-2021-25008,0.02258,0.82245
CVE-2021-25009,0.01198,0.66818
CVE-2021-25010,0.00612,0.47075
CVE-2021-25011,0.00426,0.34242
CVE-2021-25012,0.008,0.5475
CVE-2021-25013,0.00429,0.34505
CVE-2021-25014,0.0059,0.45955
CVE-2021-25015,0.00887,0.57581
CVE-2021-25016,0.01798,0.77533
CVE-2021-25017,0.01005,0.61429
CVE-2021-25018,0.00524,0.42043
CVE-2021-25019,0.008,0.54746
CVE-2021-25020,0.01021,0.61907
CVE-2021-25021,0.01021,0.61907
CVE-2021-25022,0.01122,0.64792
CVE-2021-25023,0.01112,0.64539
CVE-2021-25024,0.0081,0.55118
CVE-2021-25025,0.00347,0.25528
CVE-2021-25026,0.00699,0.51114
CVE-2021-25027,0.00876,0.57282
CVE-2021-25028,0.01932,0.79167
CVE-2021-25029,0.00598,0.46347
CVE-2021-25030,0.01356,0.70466
CVE-2021-25031,0.00887,0.57582
CVE-2021-25032,0.06691,0.93666
CVE-2021-25033,0.02303,0.82612
CVE-2021-25034,0.008,0.54742
CVE-2021-25035,0.00887,0.57582
CVE-2021-25036,0.03033,0.86963
CVE-2021-25037,0.01291,0.69029
CVE-2021-25038,0.008,0.54747
CVE-2021-25039,0.008,0.5474
CVE-2021-25040,0.008,0.5474
CVE-2021-25041,0.0088,0.57395
CVE-2021-25042,0.00524,0.42043
CVE-2021-25043,0.00876,0.57285
CVE-2021-25044,0.00529,0.42315
CVE-2021-25045,0.01502,0.7322
CVE-2021-25046,0.00611,0.47064
CVE-2021-25047,0.008,0.54751
CVE-2021-25048,0.00637,0.48349
CVE-2021-25049,0.00654,0.49186
CVE-2021-25050,0.00654,0.49187
CVE-2021-25051,0.00773,0.53812
CVE-2021-25052,0.02985,0.86759
CVE-2021-25053,0.0067,0.49881
CVE-2021-25054,0.01318,0.69612
CVE-2021-25055,0.0201,0.80032
CVE-2021-25056,0.00588,0.45834
CVE-2021-25057,0.006,0.46466
CVE-2021-25058,0.006,0.46466
CVE-2021-25059,0.0064,0.48443
CVE-2021-25060,0.006,0.46466
CVE-2021-25061,0.00675,0.50127
CVE-2021-25062,0.00887,0.57581
CVE-2021-25063,0.0208,0.80712
CVE-2021-25064,0.01327,0.69805
CVE-2021-25065,0.01049,0.62769
CVE-2021-25066,0.00588,0.45844
CVE-2021-25067,0.01091,0.63974
CVE-2021-25068,0.01301,0.69253
CVE-2021-25069,0.01487,0.72957
CVE-2021-25070,0.01608,0.74877
CVE-2021-25071,0.008,0.54747
CVE-2021-25072,0.00531,0.42503
CVE-2021-25073,0.00683,0.50487
CVE-2021-25074,0.02161,0.81444
CVE-2021-25075,0.01359,0.70522
CVE-2021-25076,0.1712,0.96979
CVE-2021-25077,0.00876,0.57282
CVE-2021-25078,0.02288,0.82483
CVE-2021-25079,0.0679,0.93758
CVE-2021-25080,0.842,0.9969
CVE-2021-25081,0.00575,0.45137
CVE-2021-25082,0.05229,0.92213
CVE-2021-25083,0.00887,0.57582
CVE-2021-25084,0.0065,0.48974
CVE-2021-25085,0.01651,0.75526
CVE-2021-25086,0.01322,0.69689
CVE-2021-25087,0.01516,0.73456
CVE-2021-25088,0.00588,0.45835
CVE-2021-25089,0.008,0.54749
CVE-2021-25090,0.006,0.46467
CVE-2021-25091,0.008,0.54752
CVE-2021-25092,0.0048,0.38805
CVE-2021-25093,0.01196,0.66764
CVE-2021-25094,0.83354,0.99671
CVE-2021-25095,0.00537,0.42851
CVE-2021-25096,0.01047,0.62726
CVE-2021-25097,0.00382,0.29441
CVE-2021-25098,0.00531,0.42504
CVE-2021-25099,0.02145,0.81308
CVE-2021-25100,0.00866,0.56971
CVE-2021-25101,0.00598,0.46349
CVE-2021-25102,0.00752,0.53065
CVE-2021-25103,0.00752,0.53065
CVE-2021-25104,0.01444,0.72154
CVE-2021-25105,0.00598,0.46349
CVE-2021-25106,0.006,0.46467
CVE-2021-25107,0.01523,0.73557
CVE-2021-25108,0.00451,0.36576
CVE-2021-25109,0.00846,0.56263
CVE-2021-25110,0.00897,0.57876
CVE-2021-25111,0.01908,0.78904
CVE-2021-25112,0.02187,0.8165
CVE-2021-25113,0.00604,0.46659
CVE-2021-25114,0.81828,0.99638
CVE-2021-25115,0.00683,0.50468
CVE-2021-25116,0.00425,0.34141
CVE-2021-25117,0.00224,0.11668
CVE-2021-25118,0.05632,0.92667
CVE-2021-25119,0.01449,0.72241
CVE-2021-25120,0.02909,0.86433
CVE-2021-25121,0.01215,0.67294
CVE-2021-25122,0.18114,0.971
CVE-2021-25123,0.00319,0.22234
CVE-2021-25124,0.00418,0.33491
CVE-2021-25125,0.00418,0.33491
CVE-2021-25126,0.00341,0.24929
CVE-2021-25127,0.00246,0.141
CVE-2021-25128,0.00418,0.33491
CVE-2021-25129,0.00418,0.3349
CVE-2021-25130,0.00341,0.24929
CVE-2021-25131,0.00341,0.24928
CVE-2021-25132,0.00341,0.24928
CVE-2021-25133,0.00341,0.24929
CVE-2021-25134,0.00341,0.24928
CVE-2021-25135,0.00341,0.24927
CVE-2021-25136,0.00341,0.2493
CVE-2021-25137,0.00341,0.2493
CVE-2021-25138,0.00341,0.24928
CVE-2021-25139,0.07876,0.94497
CVE-2021-25140,0.12012,0.95989
CVE-2021-25141,0.00296,0.19882
CVE-2021-25142,0.00336,0.24321
CVE-2021-25143,0.01309,0.69424
CVE-2021-25144,0.02146,0.81314
CVE-2021-25145,0.00407,0.32229
CVE-2021-25146,0.02722,0.85446
CVE-2021-25147,0.01257,0.68307
CVE-2021-25148,0.00918,0.58569
CVE-2021-25149,0.01648,0.75473
CVE-2021-25150,0.02843,0.86112
CVE-2021-25151,0.1171,0.95923
CVE-2021-25152,0.01237,0.67816
CVE-2021-25153,0.01088,0.63899
CVE-2021-25154,0.01021,0.61898
CVE-2021-25155,0.1242,0.96067
CVE-2021-25156,0.3965,0.98568
CVE-2021-25157,0.10259,0.95528
CVE-2021-25158,0.30459,0.98175
CVE-2021-25159,0.12573,0.96098
CVE-2021-25160,0.06607,0.93609
CVE-2021-25161,0.16372,0.96857
CVE-2021-25162,0.25765,0.97898
CVE-2021-25163,0.0119,0.66623
CVE-2021-25164,0.01313,0.69492
CVE-2021-25165,0.0119,0.66624
CVE-2021-25166,0.01514,0.73421
CVE-2021-25167,0.01473,0.72711
CVE-2021-25168,0.00326,0.23077
CVE-2021-25169,0.00326,0.23077
CVE-2021-25170,0.00326,0.23076
CVE-2021-25171,0.00326,0.23076
CVE-2021-25172,0.00728,0.52204
CVE-2021-25173,0.02286,0.82459
CVE-2021-25174,0.02216,0.81913
CVE-2021-25175,0.0263,0.84888
CVE-2021-25176,0.02286,0.82459
CVE-2021-25177,0.02286,0.82459
CVE-2021-25178,0.0323,0.87749
CVE-2021-25179,0.01393,0.71209
CVE-2021-25195,0.00625,0.47758
CVE-2021-25197,0.00838,0.56022
CVE-2021-25200,0.01874,0.78495
CVE-2021-25201,0.01535,0.73765
CVE-2021-25202,0.01517,0.73469
CVE-2021-25203,0.01874,0.78495
CVE-2021-25204,0.00658,0.49363
CVE-2021-25205,0.01476,0.72763
CVE-2021-25206,0.01874,0.78494
CVE-2021-25207,0.01874,0.78494
CVE-2021-25208,0.01874,0.78494
CVE-2021-25209,0.01279,0.68764
CVE-2021-25210,0.01479,0.72808
CVE-2021-25211,0.01874,0.78494
CVE-2021-25212,0.01476,0.72764
CVE-2021-25213,0.01476,0.72763
CVE-2021-25214,0.05989,0.93049
CVE-2021-25215,0.11387,0.95847
CVE-2021-25216,0.82367,0.99652
CVE-2021-25217,0.06118,0.93179
CVE-2021-25218,0.03589,0.8898
CVE-2021-25219,0.10576,0.95625
CVE-2021-25220,0.03357,0.88246
CVE-2021-25224,0.00404,0.31955
CVE-2021-25225,0.00404,0.31955
CVE-2021-25226,0.00404,0.31955
CVE-2021-25227,0.00484,0.39094
CVE-2021-25228,0.02124,0.81131
CVE-2021-25229,0.02083,0.8075
CVE-2021-25230,0.02083,0.8075
CVE-2021-25231,0.02153,0.81382
CVE-2021-25232,0.02026,0.80182
CVE-2021-25233,0.02067,0.80588
CVE-2021-25234,0.02067,0.80589
CVE-2021-25235,0.02083,0.8075
CVE-2021-25236,0.01898,0.78785
CVE-2021-25237,0.01572,0.7436
CVE-2021-25238,0.02083,0.8075
CVE-2021-25239,0.02094,0.80866
CVE-2021-25240,0.02094,0.80866
CVE-2021-25241,0.01873,0.7849
CVE-2021-25242,0.02153,0.81382
CVE-2021-25243,0.02153,0.81383
CVE-2021-25244,0.01527,0.73622
CVE-2021-25245,0.01527,0.73622
CVE-2021-25246,0.01742,0.76788
CVE-2021-25247,0.00749,0.52978
CVE-2021-25248,0.00887,0.57573
CVE-2021-25249,0.00426,0.34212
CVE-2021-25250,0.00508,0.40875
CVE-2021-25251,0.0258,0.84574
CVE-2021-25252,0.00617,0.47337
CVE-2021-25253,0.01909,0.78911
CVE-2021-25254,0.00541,0.43128
CVE-2021-25255,0.00786,0.54244
CVE-2021-25261,0.00466,0.37715
CVE-2021-25262,0.00436,0.35244
CVE-2021-25263,0.00414,0.33069
CVE-2021-25264,0.00311,0.2135
CVE-2021-25265,0.01845,0.78142
CVE-2021-25266,0.00234,0.12765
CVE-2021-25267,0.01093,0.63997
CVE-2021-25268,0.00912,0.58362
CVE-2021-25269,0.00252,0.14863
CVE-2021-25270,0.00264,0.16344
CVE-2021-25271,0.00229,0.12283
CVE-2021-25273,0.00831,0.55796
CVE-2021-25274,0.36426,0.98437
CVE-2021-25275,0.00593,0.46097
CVE-2021-25276,0.00468,0.37863
CVE-2021-25277,0.00817,0.55323
CVE-2021-25278,0.0056,0.44235
CVE-2021-25281,0.7313,0.99441
CVE-2021-25282,0.92409,0.99822
CVE-2021-25283,0.1051,0.95607
CVE-2021-25284,0.00543,0.43233
CVE-2021-25287,0.02931,0.86533
CVE-2021-25288,0.02388,0.83239
CVE-2021-25289,0.02345,0.82937
CVE-2021-25290,0.02372,0.83131
CVE-2021-25291,0.01398,0.71299
CVE-2021-25292,0.01635,0.75296
CVE-2021-25293,0.01601,0.74772
CVE-2021-25294,0.1088,0.95712
CVE-2021-25295,0.01522,0.7354
CVE-2021-25296,0.72182,0.99417
CVE-2021-25297,0.56659,0.99031
CVE-2021-25298,0.75148,0.99495
CVE-2021-25299,0.9776,0.99904
CVE-2021-25306,0.01548,0.73982
CVE-2021-25309,0.01397,0.71279
CVE-2021-25310,0.04633,0.91375
CVE-2021-25311,0.03164,0.87479
CVE-2021-25312,0.01045,0.62671
CVE-2021-25313,0.01498,0.73134
CVE-2021-25314,0.00378,0.2908
CVE-2021-25315,0.02333,0.82843
CVE-2021-25316,0.00315,0.21756
CVE-2021-25317,0.00268,0.16911
CVE-2021-25318,0.01051,0.62814
CVE-2021-25319,0.00255,0.15326
CVE-2021-25320,0.00855,0.56603
CVE-2021-25321,0.00441,0.3566
CVE-2021-25322,0.0044,0.35637
CVE-2021-25323,0.01323,0.69714
CVE-2021-25324,0.00801,0.54783
CVE-2021-25325,0.00798,0.54653
CVE-2021-25326,0.01486,0.72936
CVE-2021-25327,0.00899,0.57952
CVE-2021-25328,0.03942,0.90016
CVE-2021-25329,0.09491,0.95267
CVE-2021-25330,0.00447,0.36269
CVE-2021-25331,0.00266,0.16479
CVE-2021-25332,0.00266,0.16479
CVE-2021-25333,0.00266,0.16479
CVE-2021-25334,0.0013,0.02168
CVE-2021-25335,0.00115,0.01387
CVE-2021-25336,0.00249,0.1448
CVE-2021-25337,0.02807,0.85928
CVE-2021-25338,0.00126,0.01923
CVE-2021-25339,0.00119,0.0158
CVE-2021-25340,0.00124,0.01817
CVE-2021-25341,0.00224,0.11629
CVE-2021-25342,0.00224,0.11628
CVE-2021-25343,0.00224,0.11628
CVE-2021-25344,0.00123,0.01751
CVE-2021-25345,0.00124,0.01811
CVE-2021-25346,0.0127,0.68574
CVE-2021-25347,0.00118,0.01528
CVE-2021-25348,0.00268,0.1693
CVE-2021-25349,0.00226,0.11873
CVE-2021-25350,0.00239,0.13329
CVE-2021-25351,0.00288,0.19099
CVE-2021-25352,0.00224,0.11627
CVE-2021-25353,0.00213,0.10315
CVE-2021-25354,0.00456,0.36927
CVE-2021-25355,0.00213,0.10315
CVE-2021-25356,0.00177,0.06451
CVE-2021-25357,0.00107,0.01044
CVE-2021-25358,0.00106,0.01004
CVE-2021-25359,0.00106,0.01003
CVE-2021-25360,0.00725,0.52106
CVE-2021-25361,0.00167,0.0527
CVE-2021-25362,0.00104,0.00961
CVE-2021-25363,0.00106,0.01016
CVE-2021-25364,0.00125,0.01868
CVE-2021-25365,0.00111,0.01238
CVE-2021-25366,0.00272,0.17507
CVE-2021-25367,0.00583,0.45538
CVE-2021-25368,0.0056,0.44245
CVE-2021-25369,0.01121,0.64785
CVE-2021-25370,0.0089,0.5766
CVE-2021-25371,0.00802,0.54787
CVE-2021-25372,0.00804,0.54897
CVE-2021-25373,0.00213,0.10316
CVE-2021-25374,0.03072,0.87122
CVE-2021-25375,0.012,0.66866
CVE-2021-25376,0.00786,0.54249
CVE-2021-25377,0.00209,0.09938
CVE-2021-25378,0.00967,0.6015
CVE-2021-25379,0.00215,0.10623
CVE-2021-25380,0.00596,0.46214
CVE-2021-25381,0.00213,0.10316
CVE-2021-25382,0.00103,0.00898
CVE-2021-25383,0.00546,0.43407
CVE-2021-25384,0.00546,0.43407
CVE-2021-25385,0.00634,0.48198
CVE-2021-25386,0.00634,0.48198
CVE-2021-25387,0.00572,0.44957
CVE-2021-25388,0.00088,0.00359
CVE-2021-25389,0.00113,0.01279
CVE-2021-25390,0.00158,0.04208
CVE-2021-25391,0.00162,0.04825
CVE-2021-25392,0.00102,0.00884
CVE-2021-25393,0.00138,0.02594
CVE-2021-25394,0.00401,0.31659
CVE-2021-25395,0.00366,0.27816
CVE-2021-25396,0.00128,0.0207
CVE-2021-25397,0.0013,0.0218
CVE-2021-25398,0.00245,0.14012
CVE-2021-25399,0.00216,0.10697
CVE-2021-25400,0.00228,0.12106
CVE-2021-25401,0.00261,0.1594
CVE-2021-25402,0.00231,0.12427
CVE-2021-25403,0.00231,0.12427
CVE-2021-25404,0.00245,0.14012
CVE-2021-25405,0.00229,0.12238
CVE-2021-25406,0.00398,0.31288
CVE-2021-25407,0.00171,0.05751
CVE-2021-25408,0.00133,0.02314
CVE-2021-25409,0.00104,0.00952
CVE-2021-25410,0.00169,0.0546
CVE-2021-25411,0.00103,0.00909
CVE-2021-25412,0.00107,0.01049
CVE-2021-25413,0.00177,0.06462
CVE-2021-25414,0.00183,0.07043
CVE-2021-25415,0.00149,0.03409
CVE-2021-25416,0.00121,0.01686
CVE-2021-25417,0.0039,0.30437
CVE-2021-25418,0.00226,0.11943
CVE-2021-25419,0.0076,0.53392
CVE-2021-25420,0.00241,0.13633
CVE-2021-25421,0.00241,0.13633
CVE-2021-25422,0.00241,0.13632
CVE-2021-25423,0.00241,0.13633
CVE-2021-25424,0.00438,0.35461
CVE-2021-25425,0.00793,0.54514
CVE-2021-25426,0.0058,0.45366
CVE-2021-25427,0.00206,0.09406
CVE-2021-25428,0.00102,0.00853
CVE-2021-25429,0.00159,0.04308
CVE-2021-25430,0.00159,0.04308
CVE-2021-25431,0.00197,0.08417
CVE-2021-25432,0.00231,0.12428
CVE-2021-25433,0.00223,0.11566
CVE-2021-25434,0.01675,0.7587
CVE-2021-25435,0.01675,0.7587
CVE-2021-25436,0.01641,0.75374
CVE-2021-25437,0.02352,0.82992
CVE-2021-25438,0.01707,0.76326
CVE-2021-25439,0.00225,0.11823
CVE-2021-25440,0.00367,0.27906
CVE-2021-25441,0.00246,0.1413
CVE-2021-25442,0.00922,0.58674
CVE-2021-25443,0.00104,0.00931
CVE-2021-25444,0.00757,0.53253
CVE-2021-25445,0.00752,0.53059
CVE-2021-25446,0.00814,0.55226
CVE-2021-25447,0.00794,0.54533
CVE-2021-25448,0.00814,0.55227
CVE-2021-25449,0.00394,0.30819
CVE-2021-25450,0.00165,0.05103
CVE-2021-25451,0.00229,0.12246
CVE-2021-25452,0.00117,0.0151
CVE-2021-25453,0.00106,0.01014
CVE-2021-25454,0.00224,0.11678
CVE-2021-25455,0.00193,0.07951
CVE-2021-25456,0.00249,0.14414
CVE-2021-25457,0.00099,0.00762
CVE-2021-25458,0.00118,0.0155
CVE-2021-25459,0.00116,0.01414
CVE-2021-25460,0.00096,0.00656
CVE-2021-25461,0.00165,0.05105
CVE-2021-25462,0.00118,0.01551
CVE-2021-25463,0.00215,0.10521
CVE-2021-25464,0.00276,0.17844
CVE-2021-25465,0.00216,0.10725
CVE-2021-25466,0.00765,0.5354
CVE-2021-25467,0.00112,0.01248
CVE-2021-25468,0.00111,0.01209
CVE-2021-25469,0.0013,0.02144
CVE-2021-25470,0.00122,0.01714
CVE-2021-25471,0.00398,0.31269
CVE-2021-25472,0.00102,0.00874
CVE-2021-25473,0.00104,0.00943
CVE-2021-25474,0.00104,0.00943
CVE-2021-25475,0.00124,0.0183
CVE-2021-25476,0.00099,0.00748
CVE-2021-25477,0.00497,0.40043
CVE-2021-25478,0.00551,0.43691
CVE-2021-25479,0.00551,0.43691
CVE-2021-25480,0.00475,0.3846
CVE-2021-25481,0.00097,0.00682
CVE-2021-25482,0.00131,0.02208
CVE-2021-25483,0.0024,0.13481
CVE-2021-25484,0.00108,0.01068
CVE-2021-25485,0.00183,0.0701
CVE-2021-25486,0.00098,0.00706
CVE-2021-25487,0.00635,0.48233
CVE-2021-25488,0.00108,0.01096
CVE-2021-25489,0.00531,0.42438
CVE-2021-25490,0.00751,0.53031
CVE-2021-25491,0.00104,0.00943
CVE-2021-25492,0.00227,0.1203
CVE-2021-25493,0.00234,0.12749
CVE-2021-25494,0.00291,0.19353
CVE-2021-25495,0.00283,0.18572
CVE-2021-25496,0.00283,0.18573
CVE-2021-25497,0.00283,0.18572
CVE-2021-25498,0.00283,0.18573
CVE-2021-25499,0.00216,0.10697
CVE-2021-25500,0.00103,0.00906
CVE-2021-25501,0.00096,0.00639
CVE-2021-25502,0.00068,0.00024
CVE-2021-25503,0.00116,0.01413
CVE-2021-25504,0.00245,0.13983
CVE-2021-25505,0.0059,0.4593
CVE-2021-25506,0.00196,0.08326
CVE-2021-25507,0.00295,0.19815
CVE-2021-25508,0.00827,0.5568
CVE-2021-25509,0.00228,0.12092
CVE-2021-25510,0.00111,0.01231
CVE-2021-25511,0.00112,0.01248
CVE-2021-25512,0.00103,0.00917
CVE-2021-25513,0.00105,0.00993
CVE-2021-25514,0.00238,0.1327
CVE-2021-25515,0.00097,0.007
CVE-2021-25516,0.00301,0.20384
CVE-2021-25517,0.00116,0.01449
CVE-2021-25518,0.00111,0.0121
CVE-2021-25519,0.00093,0.00506
CVE-2021-25520,0.00412,0.32698
CVE-2021-25521,0.0021,0.10053
CVE-2021-25522,0.00218,0.10921
CVE-2021-25523,0.00223,0.11584
CVE-2021-25524,0.00223,0.11585
CVE-2021-25525,0.0033,0.2347
CVE-2021-25526,0.00203,0.09106
CVE-2021-25527,0.00219,0.10997
CVE-2021-25630,0.00309,0.21173
CVE-2021-25631,0.05043,0.91981
CVE-2021-25633,0.00733,0.52389
CVE-2021-25634,0.00708,0.51466
CVE-2021-25635,0.00138,0.02635
CVE-2021-25636,0.00954,0.59734
CVE-2021-25640,0.02073,0.80648
CVE-2021-25641,0.21221,0.97512
CVE-2021-25642,0.02236,0.8208
CVE-2021-25643,0.00504,0.40563
CVE-2021-25644,0.00638,0.48373
CVE-2021-25645,0.00171,0.05776
CVE-2021-25646,0.99001,0.9993
CVE-2021-25647,0.00746,0.52863
CVE-2021-25648,0.01209,0.67117
CVE-2021-25649,0.00616,0.47323
CVE-2021-25650,0.00511,0.4106
CVE-2021-25651,0.00484,0.39106
CVE-2021-25652,0.00698,0.51058
CVE-2021-25653,0.00639,0.48405
CVE-2021-25654,0.00778,0.53982
CVE-2021-25655,0.0038,0.29286
CVE-2021-25656,0.00342,0.24982
CVE-2021-25657,0.00257,0.15524
CVE-2021-25659,0.01037,0.62427
CVE-2021-25660,0.00969,0.6028
CVE-2021-25661,0.01148,0.65432
CVE-2021-25662,0.0164,0.7537
CVE-2021-25663,0.01885,0.78623
CVE-2021-25664,0.01885,0.78623
CVE-2021-25665,0.01336,0.70014
CVE-2021-25666,0.00694,0.50903
CVE-2021-25667,0.00859,0.5673
CVE-2021-25668,0.01569,0.74304
CVE-2021-25669,0.02129,0.81172
CVE-2021-25670,0.00892,0.57732
CVE-2021-25671,0.00375,0.28725
CVE-2021-25672,0.00864,0.56891
CVE-2021-25673,0.00223,0.11566
CVE-2021-25674,0.00223,0.11565
CVE-2021-25675,0.00223,0.11565
CVE-2021-25676,0.0129,0.68997
CVE-2021-25677,0.01061,0.63107
CVE-2021-25678,0.0144,0.72063
CVE-2021-25679,0.02704,0.85346
CVE-2021-25680,0.02465,0.83806
CVE-2021-25681,0.10879,0.95711
CVE-2021-25682,0.00453,0.36726
CVE-2021-25683,0.00432,0.34891
CVE-2021-25684,0.00568,0.44728
CVE-2021-25688,0.00252,0.14897
CVE-2021-25689,0.01551,0.74036
CVE-2021-25690,0.01007,0.61495
CVE-2021-25692,0.00175,0.06241
CVE-2021-25693,0.00961,0.59966
CVE-2021-25694,0.00263,0.16128
CVE-2021-25695,0.00281,0.18358
CVE-2021-25698,0.00406,0.32198
CVE-2021-25699,0.00406,0.32198
CVE-2021-25701,0.00221,0.11346
CVE-2021-25735,0.05524,0.92519
CVE-2021-25736,0.00915,0.58492
CVE-2021-25737,0.01326,0.69785
CVE-2021-25738,0.00473,0.38346
CVE-2021-25740,0.01952,0.79392
CVE-2021-25741,0.07964,0.94542
CVE-2021-25742,0.02067,0.80591
CVE-2021-25743,0.00785,0.54203
CVE-2021-25745,0.01182,0.66429
CVE-2021-25746,0.01436,0.71997
CVE-2021-25748,0.00694,0.50887
CVE-2021-25749,0.00211,0.10151
CVE-2021-25755,0.00378,0.29024
CVE-2021-25756,0.01298,0.6918
CVE-2021-25757,0.00641,0.48493
CVE-2021-25758,0.00964,0.60086
CVE-2021-25759,0.00731,0.52335
CVE-2021-25760,0.0086,0.56753
CVE-2021-25761,0.00541,0.43118
CVE-2021-25762,0.00809,0.55079
CVE-2021-25763,0.00541,0.43118
CVE-2021-25764,0.00768,0.53669
CVE-2021-25765,0.00709,0.51488
CVE-2021-25766,0.0143,0.71903
CVE-2021-25767,0.02565,0.84473
CVE-2021-25768,0.01175,0.66239
CVE-2021-25769,0.01766,0.77128
CVE-2021-25770,0.0347,0.88624
CVE-2021-25771,0.01546,0.73937
CVE-2021-25772,0.01025,0.62061
CVE-2021-25773,0.00641,0.48488
CVE-2021-25774,0.00653,0.49122
CVE-2021-25775,0.00625,0.47748
CVE-2021-25776,0.0107,0.63389
CVE-2021-25777,0.00719,0.51901
CVE-2021-25778,0.00759,0.5335
CVE-2021-25779,0.01188,0.66566
CVE-2021-25780,0.02556,0.8442
CVE-2021-25783,0.01134,0.65083
CVE-2021-25784,0.01134,0.65083
CVE-2021-25785,0.00589,0.45876
CVE-2021-25786,0.00537,0.4285
CVE-2021-25790,0.00878,0.57335
CVE-2021-25791,0.02535,0.84281
CVE-2021-25801,0.01522,0.7353
CVE-2021-25802,0.00741,0.52691
CVE-2021-25803,0.00741,0.52691
CVE-2021-25804,0.01811,0.77707
CVE-2021-25808,0.01215,0.67278
CVE-2021-25809,0.00934,0.59116
CVE-2021-25810,0.01111,0.6453
CVE-2021-25811,0.0163,0.75201
CVE-2021-25812,0.02809,0.85938
CVE-2021-25827,0.01497,0.73129
CVE-2021-25828,0.0053,0.42368
CVE-2021-25829,0.07445,0.94238
CVE-2021-25830,0.11763,0.95931
CVE-2021-25831,0.11503,0.95875
CVE-2021-25832,0.1259,0.96101
CVE-2021-25833,0.43534,0.98694
CVE-2021-25834,0.01147,0.65413
CVE-2021-25835,0.01309,0.69423
CVE-2021-25836,0.0126,0.68356
CVE-2021-25837,0.01548,0.73978
CVE-2021-25838,0.00586,0.45735
CVE-2021-25839,0.01183,0.66452
CVE-2021-25845,0.01017,0.61819
CVE-2021-25846,0.01051,0.62822
CVE-2021-25847,0.01209,0.67132
CVE-2021-25848,0.01209,0.67132
CVE-2021-25849,0.01051,0.62821
CVE-2021-25856,0.00551,0.43697
CVE-2021-25857,0.00921,0.58656
CVE-2021-25863,0.01249,0.68102
CVE-2021-25864,0.09331,0.95211
CVE-2021-25874,0.01749,0.76875
CVE-2021-25875,0.00869,0.57055
CVE-2021-25876,0.00869,0.57055
CVE-2021-25877,0.01594,0.74672
CVE-2021-25878,0.00862,0.56825
CVE-2021-25893,0.00875,0.57248
CVE-2021-25894,0.0111,0.64505
CVE-2021-25898,0.00867,0.56973
CVE-2021-25899,0.12245,0.96034
CVE-2021-25900,0.01666,0.7575
CVE-2021-25901,0.01314,0.69535
CVE-2021-25902,0.0139,0.71156
CVE-2021-25903,0.01397,0.71269
CVE-2021-25904,0.01327,0.69808
CVE-2021-25905,0.01642,0.75403
CVE-2021-25906,0.01327,0.69808
CVE-2021-25907,0.01552,0.74061
CVE-2021-25908,0.01327,0.69808
CVE-2021-25909,0.01299,0.69193
CVE-2021-25910,0.00461,0.3731
CVE-2021-25912,0.03337,0.88175
CVE-2021-25913,0.04197,0.90579
CVE-2021-25914,0.03702,0.89326
CVE-2021-25915,0.03507,0.88744
CVE-2021-25916,0.03507,0.88745
CVE-2021-25917,0.00621,0.47526
CVE-2021-25918,0.00621,0.47525
CVE-2021-25919,0.69893,0.99352
CVE-2021-25920,0.01065,0.63228
CVE-2021-25921,0.91102,0.99806
CVE-2021-25922,0.0084,0.5607
CVE-2021-25923,0.01338,0.70063
CVE-2021-25924,0.00751,0.53024
CVE-2021-25925,0.0066,0.49434
CVE-2021-25926,0.0082,0.55447
CVE-2021-25927,0.03337,0.88176
CVE-2021-25928,0.03391,0.88357
CVE-2021-25929,0.0102,0.61894
CVE-2021-25930,0.00633,0.4815
CVE-2021-25931,0.00726,0.52124
CVE-2021-25932,0.00926,0.58816
CVE-2021-25933,0.01043,0.62602
CVE-2021-25934,0.01008,0.61525
CVE-2021-25935,0.0091,0.58314
CVE-2021-25938,0.0081,0.55107
CVE-2021-25939,0.01129,0.64984
CVE-2021-25940,0.00806,0.54964
CVE-2021-25941,0.03337,0.88175
CVE-2021-25943,0.03299,0.88047
CVE-2021-25944,0.02961,0.86658
CVE-2021-25945,0.02961,0.86658
CVE-2021-25946,0.03299,0.88047
CVE-2021-25947,0.02961,0.86658
CVE-2021-25948,0.03299,0.88048
CVE-2021-25949,0.03299,0.88048
CVE-2021-25951,0.01172,0.66101
CVE-2021-25952,0.03337,0.88176
CVE-2021-25953,0.02961,0.86657
CVE-2021-25954,0.00702,0.51245
CVE-2021-25955,0.00893,0.57769
CVE-2021-25956,0.00935,0.59146
CVE-2021-25957,0.01058,0.63022
CVE-2021-25958,0.02639,0.84947
CVE-2021-25959,0.00865,0.56922
CVE-2021-25960,0.01194,0.66732
CVE-2021-25961,0.00951,0.59665
CVE-2021-25962,0.01085,0.63828
CVE-2021-25963,0.00955,0.59762
CVE-2021-25964,0.00549,0.43574
CVE-2021-25965,0.00527,0.42184
CVE-2021-25966,0.01058,0.63034
CVE-2021-25967,0.00509,0.40972
CVE-2021-25968,0.00514,0.41351
CVE-2021-25969,0.00808,0.55036
CVE-2021-25970,0.01307,0.69376
CVE-2021-25971,0.01008,0.61521
CVE-2021-25972,0.00986,0.60819
CVE-2021-25973,0.00827,0.55655
CVE-2021-25974,0.00597,0.46311
CVE-2021-25975,0.00597,0.46311
CVE-2021-25976,0.00456,0.36928
CVE-2021-25977,0.0065,0.4901
CVE-2021-25978,0.00499,0.40201
CVE-2021-25979,0.0114,0.65231
CVE-2021-25980,0.01251,0.68169
CVE-2021-25981,0.02464,0.83799
CVE-2021-25982,0.00757,0.53279
CVE-2021-25983,0.00714,0.51672
CVE-2021-25984,0.00714,0.51672
CVE-2021-25985,0.0078,0.54039
CVE-2021-25986,0.00602,0.46578
CVE-2021-25987,0.00339,0.24646
CVE-2021-25988,0.00615,0.47251
CVE-2021-25989,0.00615,0.47251
CVE-2021-25990,0.00615,0.47251
CVE-2021-25991,0.00803,0.54835
CVE-2021-25992,0.01603,0.74803
CVE-2021-25993,0.00618,0.47403
CVE-2021-25994,0.01549,0.74011
CVE-2021-26023,0.25176,0.97861
CVE-2021-26024,0.19017,0.9721
CVE-2021-26025,0.00705,0.5134
CVE-2021-26026,0.00705,0.5134
CVE-2021-26027,0.00951,0.59656
CVE-2021-26028,0.01011,0.61628
CVE-2021-26029,0.01003,0.614
CVE-2021-26030,0.82264,0.99649
CVE-2021-26031,0.0101,0.616
CVE-2021-26032,0.00808,0.55035
CVE-2021-26033,0.00498,0.40107
CVE-2021-26034,0.00498,0.40107
CVE-2021-26035,0.00723,0.5203
CVE-2021-26036,0.01224,0.67519
CVE-2021-26037,0.00855,0.56592
CVE-2021-26038,0.00997,0.61159
CVE-2021-26039,0.00723,0.52031
CVE-2021-26040,0.00936,0.59179
CVE-2021-26067,0.0111,0.64505
CVE-2021-26068,0.0301,0.86867
CVE-2021-26069,0.02508,0.84092
CVE-2021-26070,0.01955,0.7942
CVE-2021-26071,0.0049,0.39586
CVE-2021-26072,0.38845,0.98539
CVE-2021-26073,0.00915,0.58475
CVE-2021-26074,0.00651,0.49038
CVE-2021-26075,0.0161,0.74909
CVE-2021-26076,0.01232,0.67713
CVE-2021-26077,0.00951,0.5966
CVE-2021-26078,0.04034,0.90232
CVE-2021-26079,0.01237,0.6781
CVE-2021-26080,0.01292,0.69044
CVE-2021-26081,0.01184,0.66466
CVE-2021-26082,0.00999,0.61221
CVE-2021-26083,0.00599,0.46414
CVE-2021-26084,0.99999,0.99993
CVE-2021-26085,0.99937,0.9997
CVE-2021-26086,0.99999,0.99992
CVE-2021-26087,0.00335,0.24169
CVE-2021-26088,0.01031,0.62242
CVE-2021-26089,0.00426,0.34265
CVE-2021-26090,0.01328,0.69823
CVE-2021-26091,0.00308,0.21048
CVE-2021-26092,0.01077,0.63579
CVE-2021-26093,0.00161,0.04559
CVE-2021-26095,0.00692,0.50811
CVE-2021-26096,0.00768,0.53669
CVE-2021-26097,0.01165,0.65936
CVE-2021-26098,0.00814,0.55228
CVE-2021-26099,0.00545,0.43327
CVE-2021-26100,0.00342,0.25061
CVE-2021-26102,0.19728,0.97312
CVE-2021-26103,0.00422,0.33918
CVE-2021-26104,0.03013,0.8688
CVE-2021-26105,0.00503,0.40478
CVE-2021-26106,0.00295,0.19804
CVE-2021-26107,0.00513,0.41225
CVE-2021-26108,0.01042,0.62575
CVE-2021-26109,0.01823,0.77875
CVE-2021-26110,0.00247,0.14283
CVE-2021-26111,0.00381,0.29356
CVE-2021-26112,0.01746,0.76833
CVE-2021-26113,0.00414,0.32978
CVE-2021-26114,0.01551,0.74037
CVE-2021-26115,0.00789,0.54359
CVE-2021-26116,0.00623,0.47631
CVE-2021-26117,0.1133,0.95834
CVE-2021-26118,0.03919,0.89946
CVE-2021-26119,0.09436,0.95245
CVE-2021-26120,0.82316,0.99651
CVE-2021-26122,0.00672,0.49967
CVE-2021-26123,0.00672,0.49967
CVE-2021-26194,0.00937,0.59209
CVE-2021-26195,0.01124,0.64856
CVE-2021-26197,0.00856,0.56628
CVE-2021-26198,0.00856,0.56627
CVE-2021-26199,0.00856,0.56627
CVE-2021-26200,0.02179,0.81589
CVE-2021-26201,0.02179,0.81588
CVE-2021-26215,0.00494,0.39862
CVE-2021-26216,0.00494,0.39862
CVE-2021-26220,0.01178,0.66319
CVE-2021-26221,0.01178,0.6632
CVE-2021-26222,0.01178,0.6632
CVE-2021-26223,0.01517,0.73469
CVE-2021-26224,0.00842,0.56141
CVE-2021-26226,0.01476,0.72763
CVE-2021-26227,0.00872,0.57165
CVE-2021-26228,0.01735,0.76698
CVE-2021-26229,0.01536,0.73781
CVE-2021-26230,0.00872,0.57165
CVE-2021-26231,0.01536,0.73781
CVE-2021-26232,0.02705,0.85352
CVE-2021-26233,0.01065,0.63238
CVE-2021-26234,0.01065,0.63238
CVE-2021-26235,0.01065,0.63238
CVE-2021-26236,0.01968,0.79541
CVE-2021-26237,0.02731,0.85494
CVE-2021-26247,0.07124,0.94029
CVE-2021-26248,0.00241,0.13549
CVE-2021-26251,0.00596,0.46233
CVE-2021-26252,0.00959,0.59882
CVE-2021-26253,0.00816,0.55305
CVE-2021-26254,0.00195,0.08153
CVE-2021-26256,0.00833,0.55867
CVE-2021-26257,0.00195,0.08153
CVE-2021-26258,0.00663,0.49572
CVE-2021-26259,0.01215,0.67285
CVE-2021-26260,0.01098,0.64206
CVE-2021-26262,0.00688,0.50664
CVE-2021-26263,0.00557,0.44123
CVE-2021-26264,0.00187,0.07422
CVE-2021-26266,0.00919,0.58601
CVE-2021-26267,0.00919,0.58602
CVE-2021-26271,0.0197,0.79557
CVE-2021-26272,0.02223,0.81964
CVE-2021-26273,0.00376,0.28863
CVE-2021-26274,0.00365,0.27626
CVE-2021-26275,0.03039,0.86982
CVE-2021-26276,0.01207,0.67057
CVE-2021-26277,0.00339,0.24685
CVE-2021-26278,0.00207,0.09593
CVE-2021-26279,0.0016,0.04386
CVE-2021-26280,0.00151,0.03595
CVE-2021-26281,0.00176,0.06428
CVE-2021-26291,0.08691,0.94948
CVE-2021-26293,0.0711,0.94015
CVE-2021-26294,0.16899,0.96948
CVE-2021-26295,0.97822,0.99905
CVE-2021-26296,0.02889,0.86331
CVE-2021-26303,0.00782,0.54104
CVE-2021-26304,0.00583,0.45526
CVE-2021-26305,0.01688,0.76066
CVE-2021-26306,0.01261,0.68385
CVE-2021-26307,0.00341,0.24949
CVE-2021-26308,0.01498,0.73147
CVE-2021-26309,0.00234,0.12751
CVE-2021-26310,0.01547,0.73953
CVE-2021-26311,0.01683,0.75997
CVE-2021-26312,0.00247,0.14245
CVE-2021-26313,0.00328,0.23261
CVE-2021-26314,0.00607,0.46811
CVE-2021-26315,0.00165,0.05104
CVE-2021-26316,0.00256,0.15405
CVE-2021-26317,0.00274,0.17703
CVE-2021-26318,0.00327,0.23161
CVE-2021-26320,0.00186,0.07345
CVE-2021-26321,0.00252,0.14925
CVE-2021-26322,0.01046,0.62696
CVE-2021-26323,0.00246,0.14127
CVE-2021-26324,0.00264,0.16333
CVE-2021-26325,0.00219,0.10963
CVE-2021-26326,0.00261,0.15955
CVE-2021-26327,0.0024,0.13525
CVE-2021-26328,0.00185,0.07215
CVE-2021-26329,0.00219,0.10962
CVE-2021-26330,0.00219,0.10965
CVE-2021-26331,0.00295,0.19711
CVE-2021-26332,0.00227,0.12049
CVE-2021-26333,0.00517,0.41557
CVE-2021-26334,0.01208,0.67093
CVE-2021-26335,0.00295,0.19784
CVE-2021-26336,0.00219,0.10964
CVE-2021-26337,0.0024,0.13526
CVE-2021-26338,0.00927,0.58858
CVE-2021-26339,0.00272,0.17453
CVE-2021-26340,0.00239,0.13385
CVE-2021-26341,0.00321,0.22539
CVE-2021-26342,0.0022,0.11171
CVE-2021-26343,0.00185,0.07174
CVE-2021-26344,0.00161,0.04536
CVE-2021-26345,0.00434,0.35115
CVE-2021-26346,0.00212,0.10245
CVE-2021-26347,0.00193,0.07959
CVE-2021-26348,0.0022,0.11222
CVE-2021-26349,0.00215,0.10651
CVE-2021-26350,0.00137,0.02517
CVE-2021-26351,0.00208,0.09746
CVE-2021-26352,0.00221,0.11324
CVE-2021-26353,0.00264,0.16385
CVE-2021-26354,0.00178,0.06531
CVE-2021-26355,0.00171,0.05704
CVE-2021-26356,0.00399,0.31372
CVE-2021-26360,0.00222,0.1147
CVE-2021-26361,0.00233,0.12682
CVE-2021-26362,0.00214,0.1047
CVE-2021-26363,0.00215,0.10607
CVE-2021-26364,0.00213,0.10359
CVE-2021-26365,0.00571,0.44911
CVE-2021-26366,0.00235,0.12977
CVE-2021-26367,0.00157,0.04147
CVE-2021-26368,0.00143,0.02964
CVE-2021-26369,0.00234,0.12824
CVE-2021-26370,0.00227,0.12049
CVE-2021-26371,0.00189,0.07625
CVE-2021-26372,0.00217,0.10789
CVE-2021-26373,0.00217,0.10788
CVE-2021-26375,0.00222,0.11408
CVE-2021-26376,0.00217,0.10788
CVE-2021-26377,0.0015,0.0348
CVE-2021-26378,0.00217,0.10789
CVE-2021-26379,0.00683,0.50465
CVE-2021-26380,0.00102,0.00881
CVE-2021-26381,0.00152,0.03607
CVE-2021-26382,0.00188,0.07488
CVE-2021-26383,0.00166,0.05176
CVE-2021-26384,0.00203,0.09138
CVE-2021-26386,0.00269,0.16984
CVE-2021-26387,0.00146,0.03163
CVE-2021-26388,0.00217,0.10788
CVE-2021-26390,0.00236,0.12992
CVE-2021-26391,0.00179,0.06658
CVE-2021-26392,0.00271,0.17212
CVE-2021-26393,0.00257,0.1553
CVE-2021-26396,0.00113,0.01285
CVE-2021-26397,0.00176,0.06275
CVE-2021-26398,0.00212,0.10208
CVE-2021-26400,0.00233,0.1269
CVE-2021-26401,0.00293,0.195
CVE-2021-26402,0.0018,0.06717
CVE-2021-26403,0.00122,0.01748
CVE-2021-26404,0.00185,0.07174
CVE-2021-26406,0.00416,0.33249
CVE-2021-26407,0.00185,0.07173
CVE-2021-26408,0.00265,0.16447
CVE-2021-26409,0.00189,0.07582
CVE-2021-26410,0.00152,0.03607
CVE-2021-26411,0.80765,0.99617
CVE-2021-26412,0.33757,0.98336
CVE-2021-26413,0.0071,0.5154
CVE-2021-26414,0.49844,0.9886
CVE-2021-26415,0.03569,0.88922
CVE-2021-26416,0.03933,0.89991
CVE-2021-26417,0.00806,0.54974
CVE-2021-26418,0.0124,0.67876
CVE-2021-26419,0.22767,0.97656
CVE-2021-26420,0.02962,0.86664
CVE-2021-26421,0.01411,0.71529
CVE-2021-26422,0.02219,0.81941
CVE-2021-26423,0.03902,0.89884
CVE-2021-26424,0.61133,0.99132
CVE-2021-26425,0.00897,0.5788
CVE-2021-26426,0.007,0.51147
CVE-2021-26427,0.00893,0.5776
CVE-2021-26428,0.00852,0.56472
CVE-2021-26429,0.00596,0.46213
CVE-2021-26430,0.00726,0.52151
CVE-2021-26431,0.01165,0.65935
CVE-2021-26432,0.11343,0.9584
CVE-2021-26433,0.0354,0.88834
CVE-2021-26434,0.00884,0.57503
CVE-2021-26435,0.05335,0.92323
CVE-2021-26436,0.02746,0.8558
CVE-2021-26437,0.02307,0.82644
CVE-2021-26439,0.02892,0.86347
CVE-2021-26441,0.00944,0.59437
CVE-2021-26442,0.0079,0.54395
CVE-2021-26443,0.01682,0.75971
CVE-2021-26444,0.01555,0.74107
CVE-2021-26461,0.05038,0.91961
CVE-2021-26471,0.02261,0.82266
CVE-2021-26472,0.02459,0.83771
CVE-2021-26473,0.01756,0.76979
CVE-2021-26474,0.00707,0.51428
CVE-2021-26475,0.07326,0.94168
CVE-2021-26476,0.03057,0.87062
CVE-2021-26504,0.01418,0.71668
CVE-2021-26505,0.01144,0.65322
CVE-2021-26528,0.01462,0.72499
CVE-2021-26529,0.01462,0.72499
CVE-2021-26530,0.01462,0.72499
CVE-2021-26539,0.01953,0.79406
CVE-2021-26540,0.01754,0.76956
CVE-2021-26541,0.05362,0.92351
CVE-2021-26543,0.02462,0.83783
CVE-2021-26544,0.02816,0.85976
CVE-2021-26549,0.01347,0.70249
CVE-2021-26550,0.00369,0.28095
CVE-2021-26551,0.02609,0.84763
CVE-2021-26556,0.00263,0.16128
CVE-2021-26557,0.00324,0.22796
CVE-2021-26558,0.02491,0.83985
CVE-2021-26559,0.02805,0.85917
CVE-2021-26560,0.00766,0.53595
CVE-2021-26561,0.02061,0.80529
CVE-2021-26562,0.01898,0.78791
CVE-2021-26563,0.00513,0.41239
CVE-2021-26564,0.00668,0.49791
CVE-2021-26565,0.00742,0.52716
CVE-2021-26566,0.01508,0.7332
CVE-2021-26567,0.01129,0.64968
CVE-2021-26569,0.02176,0.81562
CVE-2021-26570,0.00504,0.40545
CVE-2021-26571,0.00326,0.23076
CVE-2021-26572,0.00326,0.23076
CVE-2021-26573,0.00326,0.23077
CVE-2021-26574,0.00423,0.34003
CVE-2021-26575,0.00423,0.34003
CVE-2021-26576,0.00839,0.56065
CVE-2021-26577,0.00377,0.28913
CVE-2021-26578,0.01029,0.62182
CVE-2021-26579,0.00211,0.10158
CVE-2021-26580,0.00621,0.47547
CVE-2021-26581,0.00842,0.56146
CVE-2021-26582,0.00701,0.51174
CVE-2021-26583,0.0443,0.91013
CVE-2021-26584,0.00773,0.53844
CVE-2021-26585,0.00232,0.12615
CVE-2021-26586,0.01566,0.74261
CVE-2021-26587,0.00497,0.40021
CVE-2021-26588,0.01813,0.77751
CVE-2021-26589,0.0055,0.43673
CVE-2021-26593,0.01381,0.70974
CVE-2021-26594,0.01165,0.6594
CVE-2021-26595,0.00702,0.51253
CVE-2021-26596,0.00737,0.52552
CVE-2021-26597,0.01437,0.72029
CVE-2021-26598,0.10528,0.9561
CVE-2021-26599,0.20968,0.97485
CVE-2021-26600,0.0563,0.92666
CVE-2021-26601,0.03236,0.8777
CVE-2021-26603,0.00664,0.49613
CVE-2021-26605,0.01049,0.62757
CVE-2021-26606,0.02432,0.8358
CVE-2021-26607,0.01868,0.78436
CVE-2021-26608,0.00595,0.46162
CVE-2021-26609,0.01769,0.77176
CVE-2021-26610,0.00453,0.367
CVE-2021-26611,0.01164,0.65897
CVE-2021-26612,0.01203,0.66933
CVE-2021-26613,0.00831,0.55787
CVE-2021-26614,0.02535,0.84282
CVE-2021-26615,0.00654,0.49161
CVE-2021-26616,0.00884,0.57493
CVE-2021-26617,0.01269,0.68548
CVE-2021-26618,0.00997,0.61155
CVE-2021-26619,0.00902,0.58058
CVE-2021-26620,0.0135,0.70327
CVE-2021-26621,0.01737,0.76727
CVE-2021-26622,0.03034,0.86967
CVE-2021-26623,0.01133,0.65065
CVE-2021-26624,0.02412,0.83422
CVE-2021-26625,0.00628,0.4787
CVE-2021-26626,0.0125,0.68126
CVE-2021-26627,0.01433,0.71947
CVE-2021-26628,0.00786,0.54256
CVE-2021-26629,0.01564,0.74228
CVE-2021-26630,0.00782,0.54116
CVE-2021-26631,0.01038,0.62456
CVE-2021-26633,0.00884,0.57489
CVE-2021-26634,0.0129,0.68999
CVE-2021-26635,0.01152,0.65584
CVE-2021-26636,0.01486,0.72946
CVE-2021-26637,0.01869,0.78449
CVE-2021-26638,0.03702,0.89324
CVE-2021-26639,0.00454,0.36761
CVE-2021-26642,0.01162,0.6584
CVE-2021-26644,0.00891,0.57687
CVE-2021-26675,0.01301,0.69257
CVE-2021-26676,0.01164,0.6591
CVE-2021-26677,0.00311,0.21436
CVE-2021-26678,0.00904,0.58116
CVE-2021-26679,0.02511,0.84111
CVE-2021-26680,0.02511,0.84112
CVE-2021-26681,0.02511,0.84111
CVE-2021-26682,0.0083,0.5577
CVE-2021-26683,0.02511,0.84112
CVE-2021-26684,0.02511,0.84111
CVE-2021-26685,0.01169,0.66026
CVE-2021-26686,0.01282,0.68821
CVE-2021-26687,0.00549,0.4361
CVE-2021-26688,0.00437,0.35399
CVE-2021-26689,0.00549,0.4361
CVE-2021-26690,0.65308,0.99232
CVE-2021-26691,0.68289,0.99308
CVE-2021-26697,0.04555,0.9125
CVE-2021-26698,0.01428,0.71869
CVE-2021-26699,0.02002,0.79913
CVE-2021-26700,0.06003,0.93064
CVE-2021-26701,0.30096,0.98156
CVE-2021-26702,0.03072,0.87124
CVE-2021-26703,0.04034,0.90234
CVE-2021-26704,0.03072,0.87122
CVE-2021-26705,0.02065,0.80574
CVE-2021-26706,0.01939,0.79258
CVE-2021-26707,0.01901,0.78822
CVE-2021-26708,0.01589,0.74598
CVE-2021-26709,0.40081,0.98586
CVE-2021-26710,0.075,0.9427
CVE-2021-26711,0.01874,0.78497
CVE-2021-26712,0.03587,0.88976
CVE-2021-26713,0.01845,0.78141
CVE-2021-26714,0.02516,0.84155
CVE-2021-26715,0.01494,0.73061
CVE-2021-26716,0.00791,0.5443
CVE-2021-26717,0.02177,0.81569
CVE-2021-26718,0.00217,0.10827
CVE-2021-26719,0.01355,0.70442
CVE-2021-26720,0.00395,0.30938
CVE-2021-26722,0.03203,0.87632
CVE-2021-26723,0.12633,0.96109
CVE-2021-26724,0.02769,0.85715
CVE-2021-26725,0.01097,0.64172
CVE-2021-26726,0.01148,0.65442
CVE-2021-26727,0.02343,0.82928
CVE-2021-26728,0.02343,0.82928
CVE-2021-26729,0.02343,0.82929
CVE-2021-26730,0.01048,0.62738
CVE-2021-26731,0.02367,0.83094
CVE-2021-26732,0.00468,0.37935
CVE-2021-26733,0.00689,0.50717
CVE-2021-26734,0.00142,0.02887
CVE-2021-26735,0.00131,0.02204
CVE-2021-26736,0.00225,0.11843
CVE-2021-26737,0.00107,0.0104
CVE-2021-26738,0.00228,0.1215
CVE-2021-26739,0.01681,0.75954
CVE-2021-26740,0.01603,0.74802
CVE-2021-26746,0.00994,0.61053
CVE-2021-26747,0.54777,0.98988
CVE-2021-26750,0.00258,0.15578
CVE-2021-26751,0.01227,0.67578
CVE-2021-26752,0.0149,0.73013
CVE-2021-26753,0.0115,0.65519
CVE-2021-26754,0.04615,0.91348
CVE-2021-26758,0.02707,0.85364
CVE-2021-26762,0.02265,0.82287
CVE-2021-26764,0.02491,0.8398
CVE-2021-26765,0.02924,0.86502
CVE-2021-26776,0.0053,0.42418
CVE-2021-26777,0.02526,0.84219
CVE-2021-26786,0.01568,0.7429
CVE-2021-26787,0.00734,0.52442
CVE-2021-26788,0.01218,0.67355
CVE-2021-26794,0.01603,0.74802
CVE-2021-26795,0.01527,0.73615
CVE-2021-26797,0.01355,0.70455
CVE-2021-26799,0.01042,0.62551
CVE-2021-26800,0.00395,0.30957
CVE-2021-26804,0.01189,0.66607
CVE-2021-26805,0.00706,0.51366
CVE-2021-26807,0.0048,0.38855
CVE-2021-26809,0.02139,0.81254
CVE-2021-26810,0.04905,0.91775
CVE-2021-26812,0.97157,0.99892
CVE-2021-26813,0.02228,0.82012
CVE-2021-26814,0.08746,0.94975
CVE-2021-26822,0.04844,0.91683
CVE-2021-26824,0.00421,0.33824
CVE-2021-26825,0.01531,0.7368
CVE-2021-26826,0.01531,0.73681
CVE-2021-26827,0.01703,0.76267
CVE-2021-26828,0.39356,0.98556
CVE-2021-26829,0.4805,0.98814
CVE-2021-26830,0.04572,0.91276
CVE-2021-26832,0.00846,0.56265
CVE-2021-26833,0.00979,0.60607
CVE-2021-26834,0.00695,0.50961
CVE-2021-26835,0.01291,0.69019
CVE-2021-26837,0.0094,0.59288
CVE-2021-26843,0.01444,0.72138
CVE-2021-26844,0.00692,0.50813
CVE-2021-26845,0.00934,0.59121
CVE-2021-26854,0.24742,0.97823
CVE-2021-26855,0.99996,0.99988
CVE-2021-26857,0.95762,0.99871
CVE-2021-26858,0.93651,0.9984
CVE-2021-26859,0.03044,0.86997
CVE-2021-26860,0.00668,0.49797
CVE-2021-26861,0.02681,0.85215
CVE-2021-26862,0.01158,0.65718
CVE-2021-26863,0.11848,0.9595
CVE-2021-26864,0.00711,0.5158
CVE-2021-26865,0.01066,0.63291
CVE-2021-26866,0.01147,0.65411
CVE-2021-26867,0.02842,0.8611
CVE-2021-26868,0.03054,0.87051
CVE-2021-26869,0.00957,0.59838
CVE-2021-26870,0.00693,0.50883
CVE-2021-26871,0.01419,0.71686
CVE-2021-26872,0.00693,0.50884
CVE-2021-26873,0.01139,0.65222
CVE-2021-26874,0.00839,0.56049
CVE-2021-26875,0.00858,0.56707
CVE-2021-26876,0.02708,0.85367
CVE-2021-26877,0.16533,0.96896
CVE-2021-26878,0.00846,0.56274
CVE-2021-26879,0.03596,0.89006
CVE-2021-26880,0.00693,0.50883
CVE-2021-26881,0.02624,0.84849
CVE-2021-26882,0.02088,0.80806
CVE-2021-26884,0.00957,0.59837
CVE-2021-26885,0.03466,0.88605
CVE-2021-26886,0.01124,0.64848
CVE-2021-26887,0.01056,0.62981
CVE-2021-26889,0.01084,0.63781
CVE-2021-26890,0.0079,0.54382
CVE-2021-26891,0.00858,0.56707
CVE-2021-26892,0.01197,0.66797
CVE-2021-26893,0.0702,0.93944
CVE-2021-26894,0.07267,0.94128
CVE-2021-26895,0.07267,0.94128
CVE-2021-26896,0.07352,0.94183
CVE-2021-26897,0.11639,0.95906
CVE-2021-26898,0.00873,0.57188
CVE-2021-26899,0.00965,0.60105
CVE-2021-26900,0.02449,0.83694
CVE-2021-26901,0.00763,0.5348
CVE-2021-26902,0.05498,0.92491
CVE-2021-26903,0.00979,0.60607
CVE-2021-26904,0.02028,0.80194
CVE-2021-26905,0.01018,0.61825
CVE-2021-26906,0.02547,0.84356
CVE-2021-26908,0.00245,0.13995
CVE-2021-26909,0.00726,0.5216
CVE-2021-26910,0.00444,0.36015
CVE-2021-26911,0.0109,0.6395
CVE-2021-26912,0.41045,0.98615
CVE-2021-26913,0.13276,0.96254
CVE-2021-26914,0.77673,0.99551
CVE-2021-26915,0.41844,0.98641
CVE-2021-26916,0.01101,0.64259
CVE-2021-26917,0.0055,0.43663
CVE-2021-26918,0.02585,0.84604
CVE-2021-26919,0.2276,0.97655
CVE-2021-26920,0.09498,0.95271
CVE-2021-26921,0.01271,0.68606
CVE-2021-26923,0.01435,0.71984
CVE-2021-26924,0.0071,0.51531
CVE-2021-26925,0.01006,0.61463
CVE-2021-26926,0.01197,0.66803
CVE-2021-26927,0.0109,0.63928
CVE-2021-26928,0.01008,0.615
CVE-2021-26929,0.04944,0.91836
CVE-2021-26930,0.00348,0.25689
CVE-2021-26931,0.00556,0.44018
CVE-2021-26932,0.00346,0.25404
CVE-2021-26933,0.00329,0.23387
CVE-2021-26934,0.00346,0.25459
CVE-2021-26935,0.02318,0.82728
CVE-2021-26936,0.00513,0.41214
CVE-2021-26937,0.09147,0.95147
CVE-2021-26938,0.00662,0.49557
CVE-2021-26939,0.017,0.76231
CVE-2021-26943,0.00937,0.59217
CVE-2021-26945,0.00674,0.50069
CVE-2021-26947,0.0141,0.7152
CVE-2021-26948,0.00839,0.56063
CVE-2021-26950,0.00195,0.08152
CVE-2021-26951,0.01728,0.76594
CVE-2021-26952,0.01557,0.74134
CVE-2021-26953,0.01489,0.73005
CVE-2021-26954,0.01359,0.70529
CVE-2021-26955,0.01728,0.76594
CVE-2021-26956,0.01728,0.76594
CVE-2021-26957,0.01754,0.76964
CVE-2021-26958,0.016,0.74754
CVE-2021-26960,0.00633,0.4812
CVE-2021-26961,0.00633,0.4812
CVE-2021-26962,0.0323,0.87746
CVE-2021-26963,0.02989,0.86777
CVE-2021-26964,0.00993,0.61022
CVE-2021-26965,0.01169,0.66026
CVE-2021-26966,0.01169,0.66026
CVE-2021-26967,0.0083,0.5577
CVE-2021-26968,0.00661,0.49504
CVE-2021-26969,0.01462,0.72492
CVE-2021-26970,0.01386,0.71065
CVE-2021-26971,0.01337,0.70039
CVE-2021-26987,0.0244,0.83625
CVE-2021-26988,0.00427,0.34289
CVE-2021-26989,0.01274,0.68676
CVE-2021-26990,0.01542,0.73885
CVE-2021-26991,0.01197,0.66792
CVE-2021-26992,0.01365,0.70647
CVE-2021-26993,0.01355,0.70456
CVE-2021-26994,0.00832,0.55821
CVE-2021-26995,0.01213,0.67238
CVE-2021-26996,0.01413,0.71581
CVE-2021-26997,0.01076,0.63546
CVE-2021-26998,0.00646,0.48774
CVE-2021-26999,0.00646,0.48774
CVE-2021-27001,0.00255,0.15278
CVE-2021-27002,0.01391,0.71179
CVE-2021-27003,0.00619,0.47431
CVE-2021-27004,0.00223,0.11514
CVE-2021-27005,0.01271,0.68599
CVE-2021-27006,0.00259,0.15696
CVE-2021-27007,0.01099,0.64215
CVE-2021-27017,0.00551,0.43702
CVE-2021-27018,0.00541,0.43082
CVE-2021-27019,0.00736,0.5251
CVE-2021-27020,0.01066,0.63293
CVE-2021-27021,0.01262,0.68402
CVE-2021-27022,0.00916,0.58532
CVE-2021-27023,0.01372,0.70782
CVE-2021-27024,0.00819,0.55376
CVE-2021-27025,0.01187,0.66554
CVE-2021-27026,0.00246,0.14173
CVE-2021-27027,0.01778,0.77285
CVE-2021-27028,0.02281,0.82426
CVE-2021-27029,0.00785,0.54231
CVE-2021-27030,0.5964,0.99097
CVE-2021-27031,0.01378,0.70913
CVE-2021-27032,0.00237,0.13201
CVE-2021-27033,0.03017,0.86899
CVE-2021-27034,0.02208,0.81845
CVE-2021-27035,0.01708,0.76344
CVE-2021-27036,0.01708,0.76344
CVE-2021-27037,0.01606,0.74851
CVE-2021-27038,0.01767,0.77145
CVE-2021-27039,0.01613,0.74947
CVE-2021-27040,0.02743,0.85565
CVE-2021-27041,0.01696,0.76173
CVE-2021-27042,0.01797,0.77516
CVE-2021-27043,0.00876,0.57293
CVE-2021-27044,0.01223,0.67499
CVE-2021-27045,0.00957,0.59827
CVE-2021-27046,0.00298,0.20032
CVE-2021-27047,0.02678,0.852
CVE-2021-27048,0.02505,0.84066
CVE-2021-27049,0.02505,0.84066
CVE-2021-27050,0.02505,0.84066
CVE-2021-27051,0.02505,0.84066
CVE-2021-27052,0.02916,0.86463
CVE-2021-27053,0.04577,0.91284
CVE-2021-27054,0.04046,0.90256
CVE-2021-27055,0.02452,0.83718
CVE-2021-27056,0.04028,0.90218
CVE-2021-27057,0.04046,0.90256
CVE-2021-27058,0.0354,0.88832
CVE-2021-27059,0.06076,0.9314
CVE-2021-27060,0.03155,0.87446
CVE-2021-27061,0.0433,0.90826
CVE-2021-27062,0.02505,0.84067
CVE-2021-27063,0.06302,0.93353
CVE-2021-27064,0.0059,0.45961
CVE-2021-27065,0.99876,0.99963
CVE-2021-27066,0.03038,0.86978
CVE-2021-27067,0.02645,0.84986
CVE-2021-27068,0.53582,0.98958
CVE-2021-27070,0.03863,0.89791
CVE-2021-27072,0.00605,0.46716
CVE-2021-27074,0.01178,0.66328
CVE-2021-27075,0.01367,0.70678
CVE-2021-27076,0.15168,0.96629
CVE-2021-27077,0.01441,0.72088
CVE-2021-27078,0.21586,0.97544
CVE-2021-27079,0.0292,0.86477
CVE-2021-27080,0.01278,0.68745
CVE-2021-27081,0.04312,0.90795
CVE-2021-27082,0.03949,0.90029
CVE-2021-27083,0.61907,0.99147
CVE-2021-27084,0.62127,0.99153
CVE-2021-27085,0.05448,0.92439
CVE-2021-27086,0.00761,0.53426
CVE-2021-27088,0.00563,0.44457
CVE-2021-27089,0.0226,0.82254
CVE-2021-27090,0.00796,0.54607
CVE-2021-27091,0.00556,0.43989
CVE-2021-27092,0.02628,0.84875
CVE-2021-27093,0.00806,0.54974
CVE-2021-27094,0.00972,0.60376
CVE-2021-27095,0.0407,0.90304
CVE-2021-27096,0.00556,0.43989
CVE-2021-27097,0.01068,0.63347
CVE-2021-27098,0.00558,0.44157
CVE-2021-27099,0.00722,0.51995
CVE-2021-27101,0.05998,0.9306
CVE-2021-27102,0.03654,0.8919
CVE-2021-27103,0.11406,0.95852
CVE-2021-27104,0.56686,0.99031
CVE-2021-27112,0.02423,0.83506
CVE-2021-27113,0.03459,0.88579
CVE-2021-27114,0.24552,0.97805
CVE-2021-27116,0.00439,0.35536
CVE-2021-27117,0.00439,0.35537
CVE-2021-27124,0.05831,0.92894
CVE-2021-27129,0.00614,0.47209
CVE-2021-27130,0.02213,0.81887
CVE-2021-27131,0.00686,0.50613
CVE-2021-27132,0.16487,0.96881
CVE-2021-27135,0.07844,0.94475
CVE-2021-27137,0.03995,0.90144
CVE-2021-27138,0.01104,0.64351
CVE-2021-27139,0.16206,0.96829
CVE-2021-27140,0.18862,0.97194
CVE-2021-27141,0.158,0.96757
CVE-2021-27142,0.15745,0.96746
CVE-2021-27143,0.15987,0.96785
CVE-2021-27144,0.21943,0.97576
CVE-2021-27145,0.23633,0.97734
CVE-2021-27146,0.20297,0.97389
CVE-2021-27147,0.17138,0.96981
CVE-2021-27148,0.23633,0.97732
CVE-2021-27149,0.23633,0.97732
CVE-2021-27150,0.20297,0.97389
CVE-2021-27151,0.23633,0.97732
CVE-2021-27152,0.23633,0.97733
CVE-2021-27153,0.20297,0.9739
CVE-2021-27154,0.20297,0.97389
CVE-2021-27155,0.20297,0.9739
CVE-2021-27156,0.15031,0.96606
CVE-2021-27157,0.15031,0.96605
CVE-2021-27158,0.23633,0.97734
CVE-2021-27159,0.23633,0.97734
CVE-2021-27160,0.17138,0.96981
CVE-2021-27161,0.17138,0.96982
CVE-2021-27162,0.26847,0.97965
CVE-2021-27163,0.23633,0.97733
CVE-2021-27164,0.23633,0.97733
CVE-2021-27165,0.19844,0.97329
CVE-2021-27166,0.19844,0.97329
CVE-2021-27167,0.1459,0.96529
CVE-2021-27168,0.19844,0.97329
CVE-2021-27169,0.19844,0.97328
CVE-2021-27170,0.15948,0.9678
CVE-2021-27171,0.17835,0.9707
CVE-2021-27172,0.19844,0.97329
CVE-2021-27173,0.12674,0.96118
CVE-2021-27174,0.18656,0.97169
CVE-2021-27175,0.1818,0.97107
CVE-2021-27176,0.18656,0.97168
CVE-2021-27177,0.19732,0.97313
CVE-2021-27178,0.1818,0.97108
CVE-2021-27179,0.13929,0.96411
CVE-2021-27180,0.00926,0.58814
CVE-2021-27181,0.0065,0.48994
CVE-2021-27182,0.01554,0.74095
CVE-2021-27183,0.02695,0.85294
CVE-2021-27184,0.01594,0.74676
CVE-2021-27185,0.04831,0.91663
CVE-2021-27186,0.01987,0.79748
CVE-2021-27187,0.02025,0.80171
CVE-2021-27188,0.01804,0.77615
CVE-2021-27189,0.01046,0.62697
CVE-2021-27190,0.01615,0.74986
CVE-2021-27191,0.02031,0.80224
CVE-2021-27192,0.00222,0.11458
CVE-2021-27193,0.0148,0.72833
CVE-2021-27194,0.00363,0.27483
CVE-2021-27195,0.00771,0.53749
CVE-2021-27196,0.01575,0.744
CVE-2021-27197,0.0079,0.54394
CVE-2021-27198,0.13623,0.96342
CVE-2021-27200,0.0336,0.88255
CVE-2021-27201,0.02606,0.84749
CVE-2021-27203,0.00375,0.28698
CVE-2021-27204,0.00293,0.19532
CVE-2021-27205,0.00293,0.19532
CVE-2021-27208,0.00379,0.29209
CVE-2021-27209,0.00238,0.1326
CVE-2021-27210,0.00841,0.5612
CVE-2021-27211,0.03253,0.87838
CVE-2021-27212,0.64147,0.99202
CVE-2021-27213,0.02614,0.84791
CVE-2021-27214,0.02043,0.80344
CVE-2021-27215,0.02349,0.82968
CVE-2021-27216,0.00976,0.60536
CVE-2021-27217,0.01595,0.74682
CVE-2021-27218,0.0408,0.90333
CVE-2021-27219,0.02993,0.86797
CVE-2021-27220,0.01765,0.77114
CVE-2021-27221,0.04494,0.91132
CVE-2021-27222,0.00908,0.58254
CVE-2021-27223,0.00202,0.08994
CVE-2021-27224,0.37988,0.98504
CVE-2021-27225,0.00533,0.42613
CVE-2021-27228,0.01778,0.77289
CVE-2021-27229,0.03203,0.87636
CVE-2021-27230,0.02832,0.86056
CVE-2021-27231,0.01413,0.71572
CVE-2021-27232,0.01738,0.76732
CVE-2021-27233,0.00529,0.42321
CVE-2021-27234,0.01014,0.61726
CVE-2021-27235,0.00852,0.56464
CVE-2021-27236,0.02134,0.81224
CVE-2021-27237,0.0096,0.59915
CVE-2021-27239,0.00739,0.52643
CVE-2021-27240,0.0042,0.33731
CVE-2021-27241,0.00261,0.15967
CVE-2021-27242,0.00271,0.17225
CVE-2021-27243,0.00276,0.17928
CVE-2021-27244,0.0027,0.17164
CVE-2021-27245,0.03215,0.87693
CVE-2021-27246,0.06598,0.93601
CVE-2021-27247,0.06447,0.93478
CVE-2021-27248,0.026,0.84709
CVE-2021-27249,0.05089,0.92041
CVE-2021-27250,0.67389,0.99284
CVE-2021-27251,0.00731,0.52334
CVE-2021-27252,0.01118,0.64693
CVE-2021-27253,0.01127,0.64919
CVE-2021-27254,0.00516,0.41479
CVE-2021-27255,0.014,0.71356
CVE-2021-27256,0.00963,0.60051
CVE-2021-27257,0.00323,0.22698
CVE-2021-27258,0.03981,0.90115
CVE-2021-27259,0.00447,0.36244
CVE-2021-27260,0.0049,0.39578
CVE-2021-27261,0.02691,0.85277
CVE-2021-27262,0.02023,0.80148
CVE-2021-27263,0.02899,0.86383
CVE-2021-27264,0.02187,0.81645
CVE-2021-27265,0.02023,0.80148
CVE-2021-27266,0.02187,0.81645
CVE-2021-27267,0.02491,0.83978
CVE-2021-27268,0.02491,0.83978
CVE-2021-27269,0.02491,0.83978
CVE-2021-27270,0.02692,0.85282
CVE-2021-27271,0.03304,0.88064
CVE-2021-27272,0.73766,0.99462
CVE-2021-27273,0.64997,0.99225
CVE-2021-27274,0.08167,0.9466
CVE-2021-27275,0.73318,0.99446
CVE-2021-27276,0.72461,0.99424
CVE-2021-27277,0.01092,0.63984
CVE-2021-27278,0.00542,0.43162
CVE-2021-27279,0.00959,0.59902
CVE-2021-27280,0.00973,0.60443
CVE-2021-27285,0.00354,0.26371
CVE-2021-27288,0.00918,0.58563
CVE-2021-27289,0.00854,0.56567
CVE-2021-27290,0.0472,0.91499
CVE-2021-27291,0.03906,0.89895
CVE-2021-27292,0.03366,0.88277
CVE-2021-27293,0.01508,0.7333
CVE-2021-27306,0.01789,0.77418
CVE-2021-27308,0.01994,0.79827
CVE-2021-27309,0.01969,0.79551
CVE-2021-27310,0.02816,0.85974
CVE-2021-27312,0.01031,0.62226
CVE-2021-27314,0.12394,0.96062
CVE-2021-27315,0.07826,0.94463
CVE-2021-27316,0.07826,0.94463
CVE-2021-27317,0.01313,0.69501
CVE-2021-27318,0.01487,0.72963
CVE-2021-27319,0.07826,0.94463
CVE-2021-27320,0.09299,0.952
CVE-2021-27328,0.06356,0.93399
CVE-2021-27329,0.01535,0.73759
CVE-2021-27330,0.06196,0.93252
CVE-2021-27332,0.00845,0.56255
CVE-2021-27335,0.02999,0.86824
CVE-2021-27338,0.00687,0.50639
CVE-2021-27340,0.01099,0.64216
CVE-2021-27341,0.02051,0.80425
CVE-2021-27342,0.04562,0.91258
CVE-2021-27343,0.01673,0.75851
CVE-2021-27345,0.00713,0.51647
CVE-2021-27347,0.00716,0.5177
CVE-2021-27349,0.00776,0.5391
CVE-2021-27351,0.00843,0.56166
CVE-2021-27352,0.00832,0.55832
CVE-2021-27357,0.01236,0.67794
CVE-2021-27358,0.83042,0.99665
CVE-2021-27362,0.04477,0.911
CVE-2021-27363,0.00711,0.51576
CVE-2021-27364,0.00965,0.60088
CVE-2021-27365,0.02097,0.80886
CVE-2021-27367,0.01747,0.76844
CVE-2021-27368,0.00592,0.46051
CVE-2021-27369,0.00592,0.46051
CVE-2021-27370,0.03271,0.8793
CVE-2021-27371,0.00592,0.4605
CVE-2021-27372,0.01637,0.75325
CVE-2021-27374,0.01139,0.65215
CVE-2021-27375,0.00767,0.53612
CVE-2021-27376,0.01448,0.72211
CVE-2021-27377,0.01355,0.70446
CVE-2021-27378,0.01238,0.67826
CVE-2021-27379,0.00359,0.26969
CVE-2021-27380,0.0144,0.72074
CVE-2021-27381,0.00903,0.58079
CVE-2021-27382,0.02303,0.82612
CVE-2021-27383,0.01792,0.77452
CVE-2021-27384,0.02559,0.84433
CVE-2021-27385,0.02555,0.84405
CVE-2021-27386,0.01792,0.77452
CVE-2021-27387,0.01336,0.70015
CVE-2021-27388,0.01545,0.73925
CVE-2021-27389,0.0103,0.62203
CVE-2021-27390,0.0191,0.7892
CVE-2021-27391,0.03369,0.88287
CVE-2021-27392,0.01183,0.66453
CVE-2021-27393,0.00751,0.5305
CVE-2021-27394,0.00804,0.54898
CVE-2021-27395,0.00801,0.54785
CVE-2021-27396,0.0145,0.72265
CVE-2021-27397,0.01355,0.70442
CVE-2021-27398,0.0145,0.72265
CVE-2021-27399,0.01336,0.70015
CVE-2021-27400,0.00568,0.44743
CVE-2021-27401,0.00586,0.45736
CVE-2021-27402,0.01067,0.63321
CVE-2021-27403,0.01229,0.67623
CVE-2021-27404,0.0087,0.57067
CVE-2021-27405,0.01759,0.77023
CVE-2021-27406,0.01042,0.62569
CVE-2021-27408,0.01687,0.76056
CVE-2021-27410,0.01859,0.78325
CVE-2021-27411,0.00886,0.57563
CVE-2021-27412,0.0097,0.60318
CVE-2021-27413,0.09987,0.95444
CVE-2021-27414,0.00573,0.45028
CVE-2021-27416,0.00622,0.47606
CVE-2021-27417,0.006,0.46459
CVE-2021-27418,0.00609,0.46909
CVE-2021-27419,0.01722,0.76529
CVE-2021-27420,0.01061,0.6312
CVE-2021-27421,0.00872,0.57157
CVE-2021-27422,0.00667,0.49771
CVE-2021-27424,0.00878,0.5733
CVE-2021-27425,0.01675,0.75877
CVE-2021-27426,0.0121,0.67148
CVE-2021-27427,0.01675,0.75877
CVE-2021-27428,0.0121,0.67149
CVE-2021-27429,0.00276,0.17894
CVE-2021-27430,0.00249,0.14441
CVE-2021-27431,0.01148,0.65422
CVE-2021-27432,0.0195,0.7937
CVE-2021-27433,0.01787,0.77401
CVE-2021-27434,0.01741,0.76772
CVE-2021-27435,0.01859,0.78326
CVE-2021-27436,0.0069,0.50735
CVE-2021-27437,0.01242,0.67944
CVE-2021-27438,0.01211,0.67173
CVE-2021-27439,0.01558,0.74141
CVE-2021-27440,0.01351,0.70346
CVE-2021-27442,0.00906,0.58173
CVE-2021-27444,0.01165,0.65944
CVE-2021-27445,0.00217,0.1078
CVE-2021-27446,0.02928,0.8652
CVE-2021-27447,0.02295,0.82544
CVE-2021-27448,0.00233,0.12733
CVE-2021-27449,0.03081,0.87157
CVE-2021-27450,0.00196,0.0823
CVE-2021-27451,0.00802,0.54834
CVE-2021-27452,0.00263,0.16173
CVE-2021-27453,0.00983,0.60728
CVE-2021-27454,0.00233,0.12733
CVE-2021-27455,0.00736,0.52528
CVE-2021-27456,0.0024,0.13477
CVE-2021-27457,0.00452,0.36658
CVE-2021-27458,0.01105,0.6437
CVE-2021-27459,0.01752,0.76926
CVE-2021-27460,0.03195,0.876
CVE-2021-27461,0.01397,0.71278
CVE-2021-27462,0.03828,0.89695
CVE-2021-27463,0.009,0.57966
CVE-2021-27464,0.03481,0.88661
CVE-2021-27465,0.00642,0.48579
CVE-2021-27466,0.03886,0.89851
CVE-2021-27467,0.00699,0.511
CVE-2021-27468,0.03493,0.887
CVE-2021-27470,0.03828,0.89695
CVE-2021-27471,0.02856,0.86172
CVE-2021-27472,0.05657,0.92692
CVE-2021-27473,0.00783,0.54133
CVE-2021-27474,0.01612,0.74931
CVE-2021-27475,0.02989,0.86776
CVE-2021-27476,0.04111,0.90401
CVE-2021-27477,0.01125,0.64872
CVE-2021-27478,0.01138,0.65187
CVE-2021-27479,0.00539,0.42947
CVE-2021-27480,0.01269,0.68562
CVE-2021-27481,0.00152,0.03618
CVE-2021-27482,0.01333,0.6994
CVE-2021-27483,0.00231,0.12417
CVE-2021-27485,0.01169,0.6603
CVE-2021-27486,0.00982,0.60701
CVE-2021-27487,0.00178,0.06566
CVE-2021-27488,0.01982,0.79692
CVE-2021-27489,0.01291,0.69019
CVE-2021-27490,0.02029,0.80204
CVE-2021-27491,0.01105,0.64363
CVE-2021-27492,0.01745,0.76815
CVE-2021-27493,0.0068,0.50344
CVE-2021-27494,0.02203,0.81801
CVE-2021-27495,0.0081,0.55114
CVE-2021-27496,0.02029,0.80204
CVE-2021-27497,0.00848,0.56328
CVE-2021-27498,0.01325,0.69756
CVE-2021-27499,0.00475,0.38498
CVE-2021-27500,0.01325,0.69756
CVE-2021-27501,0.00924,0.58769
CVE-2021-27502,0.00279,0.18202
CVE-2021-27503,0.00562,0.44381
CVE-2021-27504,0.00279,0.18203
CVE-2021-27505,0.0106,0.63075
CVE-2021-27506,0.01312,0.69484
CVE-2021-27509,0.01007,0.6149
CVE-2021-27513,0.2839,0.9806
CVE-2021-27514,0.03548,0.88857
CVE-2021-27515,0.01964,0.79501
CVE-2021-27516,0.02483,0.83929
CVE-2021-27517,0.0077,0.53733
CVE-2021-27519,0.07604,0.94333
CVE-2021-27520,0.06396,0.93422
CVE-2021-27522,0.01109,0.64478
CVE-2021-27523,0.01163,0.65888
CVE-2021-27524,0.00565,0.4458
CVE-2021-27526,0.00786,0.5425
CVE-2021-27527,0.00786,0.5425
CVE-2021-27528,0.00786,0.54251
CVE-2021-27529,0.00786,0.5425
CVE-2021-27530,0.00786,0.54251
CVE-2021-27531,0.0083,0.55761
CVE-2021-27544,0.01089,0.63907
CVE-2021-27545,0.01964,0.795
CVE-2021-27548,0.00745,0.52847
CVE-2021-27549,0.0106,0.63102
CVE-2021-27550,0.01663,0.75703
CVE-2021-27556,0.04009,0.90178
CVE-2021-27557,0.0036,0.27134
CVE-2021-27558,0.00838,0.56021
CVE-2021-27559,0.00592,0.4605
CVE-2021-27561,0.82865,0.99662
CVE-2021-27562,0.03093,0.87199
CVE-2021-27564,0.00541,0.43126
CVE-2021-27565,0.02588,0.8462
CVE-2021-27568,0.02896,0.86373
CVE-2021-27569,0.00637,0.48331
CVE-2021-27570,0.01387,0.71097
CVE-2021-27571,0.01148,0.65474
CVE-2021-27572,0.03248,0.87816
CVE-2021-27573,0.03643,0.89152
CVE-2021-27574,0.01078,0.6359
CVE-2021-27576,0.0284,0.86101
CVE-2021-27577,0.03543,0.88848
CVE-2021-27578,0.03232,0.87755
CVE-2021-27579,0.00477,0.38601
CVE-2021-27581,0.0169,0.76095
CVE-2021-27582,0.02222,0.81959
CVE-2021-27583,0.011,0.64249
CVE-2021-27584,0.00716,0.51769
CVE-2021-27585,0.0137,0.7074
CVE-2021-27586,0.01242,0.67952
CVE-2021-27587,0.0137,0.7074
CVE-2021-27588,0.01242,0.67953
CVE-2021-27589,0.01242,0.67952
CVE-2021-27590,0.01242,0.67952
CVE-2021-27591,0.01242,0.67951
CVE-2021-27592,0.01382,0.70983
CVE-2021-27593,0.00611,0.47007
CVE-2021-27594,0.00611,0.47007
CVE-2021-27595,0.01377,0.70906
CVE-2021-27596,0.00716,0.5177
CVE-2021-27597,0.01508,0.73329
CVE-2021-27598,0.00635,0.48224
CVE-2021-27599,0.00809,0.55065
CVE-2021-27600,0.00585,0.45651
CVE-2021-27601,0.00473,0.38334
CVE-2021-27602,0.02001,0.79898
CVE-2021-27603,0.00862,0.56822
CVE-2021-27604,0.00792,0.54475
CVE-2021-27605,0.00582,0.45462
CVE-2021-27606,0.01508,0.73328
CVE-2021-27607,0.01508,0.73328
CVE-2021-27608,0.00228,0.12112
CVE-2021-27609,0.00515,0.41377
CVE-2021-27610,0.0132,0.69656
CVE-2021-27611,0.0027,0.17063
CVE-2021-27612,0.00618,0.47409
CVE-2021-27613,0.00258,0.15596
CVE-2021-27614,0.00256,0.15436
CVE-2021-27615,0.00585,0.45651
CVE-2021-27616,0.00268,0.16856
CVE-2021-27617,0.00848,0.56322
CVE-2021-27618,0.00848,0.56322
CVE-2021-27619,0.00823,0.55523
CVE-2021-27620,0.01208,0.67085
CVE-2021-27621,0.00613,0.47109
CVE-2021-27622,0.01208,0.67084
CVE-2021-27623,0.00863,0.56869
CVE-2021-27624,0.01208,0.67085
CVE-2021-27625,0.01208,0.67086
CVE-2021-27626,0.01208,0.67085
CVE-2021-27627,0.01208,0.67085
CVE-2021-27628,0.01508,0.73328
CVE-2021-27629,0.01508,0.73329
CVE-2021-27630,0.01508,0.73328
CVE-2021-27631,0.01508,0.73327
CVE-2021-27632,0.01508,0.73329
CVE-2021-27633,0.01508,0.73327
CVE-2021-27634,0.01325,0.69752
CVE-2021-27635,0.01594,0.74677
CVE-2021-27637,0.00259,0.15725
CVE-2021-27638,0.00561,0.44367
CVE-2021-27639,0.00561,0.44366
CVE-2021-27640,0.00561,0.44367
CVE-2021-27641,0.00561,0.44365
CVE-2021-27642,0.00561,0.44366
CVE-2021-27643,0.00561,0.44366
CVE-2021-27644,0.01922,0.79058
CVE-2021-27645,0.00374,0.28669
CVE-2021-27646,0.03786,0.8957
CVE-2021-27647,0.03134,0.87363
CVE-2021-27648,0.02843,0.86111
CVE-2021-27649,0.02007,0.79993
CVE-2021-27651,0.53841,0.98965
CVE-2021-27653,0.01086,0.63839
CVE-2021-27654,0.00603,0.46591
CVE-2021-27656,0.01204,0.66967
CVE-2021-27657,0.01245,0.68013
CVE-2021-27658,0.0089,0.57651
CVE-2021-27659,0.01222,0.6745
CVE-2021-27660,0.02096,0.80882
CVE-2021-27661,0.00816,0.55285
CVE-2021-27662,0.00841,0.56114
CVE-2021-27663,0.01669,0.75782
CVE-2021-27664,0.01601,0.74767
CVE-2021-27665,0.01573,0.74364
CVE-2021-27668,0.01043,0.62592
CVE-2021-27670,0.61274,0.99135
CVE-2021-27671,0.00686,0.50608
CVE-2021-27672,0.01327,0.69811
CVE-2021-27673,0.01089,0.63907
CVE-2021-27676,0.00619,0.47456
CVE-2021-27677,0.00601,0.46502
CVE-2021-27678,0.00601,0.46502
CVE-2021-27679,0.00601,0.46502
CVE-2021-27691,0.25183,0.97862
CVE-2021-27692,0.03194,0.87594
CVE-2021-27693,0.01067,0.63334
CVE-2021-27695,0.03011,0.86871
CVE-2021-27697,0.01271,0.68592
CVE-2021-27698,0.01236,0.67793
CVE-2021-27700,0.00335,0.24212
CVE-2021-27701,0.00171,0.05698
CVE-2021-27702,0.00308,0.21108
CVE-2021-27703,0.00252,0.14904
CVE-2021-27704,0.00396,0.3105
CVE-2021-27705,0.02943,0.86582
CVE-2021-27706,0.02828,0.86036
CVE-2021-27707,0.02828,0.86036
CVE-2021-27708,0.0761,0.94337
CVE-2021-27710,0.07905,0.94512
CVE-2021-27715,0.01115,0.64618
CVE-2021-27722,0.00723,0.52034
CVE-2021-27730,0.01426,0.71824
CVE-2021-27731,0.00721,0.51975
CVE-2021-27733,0.00578,0.45284
CVE-2021-27734,0.01264,0.68457
CVE-2021-27736,0.01305,0.69327
CVE-2021-27737,0.03797,0.89603
CVE-2021-27738,0.02557,0.84421
CVE-2021-27741,0.01152,0.65576
CVE-2021-27746,0.00466,0.37689
CVE-2021-27751,0.00186,0.07346
CVE-2021-27753,0.00251,0.14692
CVE-2021-27755,0.00251,0.14692
CVE-2021-27756,0.00566,0.44637
CVE-2021-27757,0.00582,0.45514
CVE-2021-27758,0.00361,0.27219
CVE-2021-27759,0.003,0.20281
CVE-2021-27760,0.00727,0.52193
CVE-2021-27761,0.00371,0.28361
CVE-2021-27762,0.00716,0.51748
CVE-2021-27764,0.00554,0.4388
CVE-2021-27765,0.00338,0.24566
CVE-2021-27766,0.00195,0.08173
CVE-2021-27767,0.00195,0.08173
CVE-2021-27768,0.00323,0.22759
CVE-2021-27769,0.00756,0.53224
CVE-2021-27770,0.00724,0.52081
CVE-2021-27771,0.00721,0.51952
CVE-2021-27772,0.00665,0.49652
CVE-2021-27773,0.00462,0.3739
CVE-2021-27774,0.00413,0.32893
CVE-2021-27777,0.00833,0.5585
CVE-2021-27778,0.0037,0.28238
CVE-2021-27779,0.00593,0.46056
CVE-2021-27780,0.00756,0.53225
CVE-2021-27781,0.0044,0.35655
CVE-2021-27782,0.00346,0.25471
CVE-2021-27783,0.00372,0.28447
CVE-2021-27784,0.00203,0.0913
CVE-2021-27785,0.00181,0.0685
CVE-2021-27786,0.00569,0.44797
CVE-2021-27788,0.00568,0.44736
CVE-2021-27789,0.00818,0.55349
CVE-2021-27790,0.00455,0.36897
CVE-2021-27791,0.00604,0.46675
CVE-2021-27792,0.00272,0.17478
CVE-2021-27793,0.00905,0.58142
CVE-2021-27794,0.0024,0.13528
CVE-2021-27795,0.00244,0.13878
CVE-2021-27796,0.00907,0.58221
CVE-2021-27797,0.01347,0.70261
CVE-2021-27798,0.00226,0.11857
CVE-2021-27799,0.02365,0.83086
CVE-2021-27803,0.01228,0.67604
CVE-2021-27804,0.03989,0.90133
CVE-2021-27807,0.02993,0.86797
CVE-2021-27811,0.01198,0.66819
CVE-2021-27815,0.01268,0.68537
CVE-2021-27817,0.03227,0.87742
CVE-2021-27821,0.00591,0.46
CVE-2021-27822,0.00611,0.47065
CVE-2021-27823,0.01058,0.63024
CVE-2021-27825,0.078,0.94452
CVE-2021-27828,0.2028,0.97386
CVE-2021-27836,0.01159,0.65743
CVE-2021-27839,0.00724,0.52063
CVE-2021-27845,0.00653,0.49142
CVE-2021-27847,0.00976,0.60548
CVE-2021-27850,0.93471,0.99838
CVE-2021-27851,0.00334,0.24111
CVE-2021-27852,0.30258,0.98163
CVE-2021-27853,0.00813,0.5519
CVE-2021-27854,0.00714,0.51708
CVE-2021-27855,0.01604,0.74815
CVE-2021-27856,0.05598,0.92619
CVE-2021-27857,0.01794,0.77487
CVE-2021-27858,0.02703,0.85342
CVE-2021-27859,0.01615,0.74976
CVE-2021-27860,0.39824,0.98575
CVE-2021-27861,0.00663,0.49592
CVE-2021-27862,0.00688,0.50683
CVE-2021-27876,0.13518,0.96313
CVE-2021-27877,0.6491,0.99223
CVE-2021-27878,0.23952,0.97758
CVE-2021-27884,0.00338,0.24544
CVE-2021-27885,0.03207,0.87653
CVE-2021-27886,0.45596,0.98753
CVE-2021-27887,0.00505,0.4059
CVE-2021-27888,0.00646,0.48785
CVE-2021-27889,0.05072,0.92015
CVE-2021-27890,0.1059,0.95628
CVE-2021-27891,0.01039,0.62472
CVE-2021-27892,0.00251,0.14696
CVE-2021-27893,0.00381,0.29349
CVE-2021-27899,0.00641,0.48493
CVE-2021-27900,0.02452,0.83718
CVE-2021-27901,0.00125,0.01904
CVE-2021-27902,0.00987,0.60851
CVE-2021-27903,0.02819,0.85991
CVE-2021-27904,0.0029,0.192
CVE-2021-27905,0.93053,0.99831
CVE-2021-27906,0.03337,0.88178
CVE-2021-27907,0.86393,0.9973
CVE-2021-27908,0.00345,0.2532
CVE-2021-27909,0.04067,0.903
CVE-2021-27910,0.00699,0.51104
CVE-2021-27911,0.00642,0.48606
CVE-2021-27912,0.00604,0.46644
CVE-2021-27913,0.00458,0.37107
CVE-2021-27914,0.00458,0.37108
CVE-2021-27915,0.0062,0.475
CVE-2021-27916,0.008,0.54715
CVE-2021-27917,0.00291,0.1935
CVE-2021-27918,0.02474,0.83867
CVE-2021-27919,0.01517,0.73469
CVE-2021-27921,0.0317,0.87506
CVE-2021-27922,0.04851,0.91698
CVE-2021-27923,0.03045,0.87004
CVE-2021-27924,0.00549,0.43579
CVE-2021-27925,0.00529,0.42316
CVE-2021-27927,0.02196,0.81747
CVE-2021-27928,0.38436,0.98522
CVE-2021-27930,0.00549,0.43596
CVE-2021-27931,0.18132,0.97103
CVE-2021-27932,0.00195,0.08137
CVE-2021-27933,0.26611,0.9795
CVE-2021-27935,0.04967,0.91875
CVE-2021-27938,0.00751,0.53049
CVE-2021-27940,0.01245,0.68022
CVE-2021-27941,0.00214,0.10472
CVE-2021-27942,0.00447,0.3624
CVE-2021-27943,0.00925,0.58797
CVE-2021-27944,0.03536,0.8882
CVE-2021-27945,0.00621,0.47547
CVE-2021-27946,0.04201,0.90587
CVE-2021-27947,0.009,0.57956
CVE-2021-27948,0.009,0.57956
CVE-2021-27949,0.00624,0.47691
CVE-2021-27950,0.01456,0.7237
CVE-2021-27952,0.01129,0.64987
CVE-2021-27953,0.01674,0.75857
CVE-2021-27954,0.00936,0.59153
CVE-2021-27956,0.01606,0.74848
CVE-2021-27961,0.00206,0.09476
CVE-2021-27962,0.02068,0.80609
CVE-2021-27963,0.02446,0.83676
CVE-2021-27964,0.47519,0.98803
CVE-2021-27965,0.11836,0.95947
CVE-2021-27969,0.00668,0.49778
CVE-2021-27971,0.00403,0.31857
CVE-2021-27973,0.11046,0.95762
CVE-2021-27983,0.03471,0.88628
CVE-2021-27984,0.02529,0.84242
CVE-2021-27989,0.00499,0.402
CVE-2021-27990,0.01436,0.72009
CVE-2021-27999,0.00841,0.56122
CVE-2021-28000,0.00932,0.59039
CVE-2021-28001,0.01019,0.61848
CVE-2021-28002,0.01073,0.63489
CVE-2021-28006,0.00863,0.5686
CVE-2021-28007,0.00863,0.5686
CVE-2021-28021,0.0143,0.71891
CVE-2021-28022,0.01152,0.65594
CVE-2021-28023,0.01354,0.70411
CVE-2021-28024,0.01354,0.70411
CVE-2021-28025,0.00291,0.19301
CVE-2021-28026,0.01172,0.66115
CVE-2021-28027,0.01295,0.69103
CVE-2021-28028,0.01295,0.69103
CVE-2021-28029,0.01175,0.66229
CVE-2021-28030,0.01175,0.66229
CVE-2021-28031,0.01364,0.7063
CVE-2021-28032,0.01528,0.73625
CVE-2021-28033,0.01295,0.69102
CVE-2021-28034,0.01295,0.69103
CVE-2021-28035,0.01295,0.69104
CVE-2021-28036,0.0125,0.68145
CVE-2021-28037,0.01295,0.69104
CVE-2021-28038,0.00708,0.51463
CVE-2021-28039,0.00424,0.34077
CVE-2021-28040,0.01192,0.66686
CVE-2021-28041,0.03422,0.88448
CVE-2021-28042,0.03429,0.88477
CVE-2021-28047,0.01242,0.67931
CVE-2021-28048,0.00567,0.44672
CVE-2021-28052,0.00774,0.53848
CVE-2021-28053,0.01773,0.77219
CVE-2021-28054,0.01074,0.63492
CVE-2021-28055,0.00823,0.55519
CVE-2021-28060,0.0143,0.71893
CVE-2021-28070,0.00361,0.27194
CVE-2021-28075,0.01015,0.61771
CVE-2021-28079,0.0123,0.67678
CVE-2021-28088,0.00867,0.56979
CVE-2021-28089,0.01672,0.7583
CVE-2021-28090,0.02096,0.80881
CVE-2021-28091,0.01325,0.69757
CVE-2021-28092,0.02027,0.80184
CVE-2021-28093,0.0107,0.63394
CVE-2021-28094,0.01114,0.64585
CVE-2021-28095,0.00903,0.58085
CVE-2021-28096,0.00889,0.57641
CVE-2021-28098,0.0041,0.32491
CVE-2021-28099,0.00243,0.13782
CVE-2021-28100,0.00259,0.15674
CVE-2021-28109,0.0071,0.5153
CVE-2021-28110,0.00978,0.60593
CVE-2021-28111,0.03102,0.87231
CVE-2021-28112,0.01878,0.78545
CVE-2021-28113,0.22326,0.97609
CVE-2021-28114,0.52037,0.98918
CVE-2021-28115,0.00854,0.56535
CVE-2021-28116,0.12948,0.96182
CVE-2021-28117,0.01563,0.74214
CVE-2021-28119,0.03578,0.88951
CVE-2021-28121,0.01669,0.75786
CVE-2021-28122,0.03962,0.90069
CVE-2021-28123,0.01428,0.7186
CVE-2021-28124,0.01015,0.61774
CVE-2021-28125,0.64016,0.99198
CVE-2021-28126,0.00624,0.47691
CVE-2021-28127,0.00944,0.59412
CVE-2021-28128,0.0128,0.68783
CVE-2021-28129,0.00534,0.42673
CVE-2021-28130,0.00371,0.2833
CVE-2021-28131,0.03324,0.88132
CVE-2021-28132,0.03153,0.87434
CVE-2021-28133,0.16289,0.96842
CVE-2021-28134,0.05169,0.92138
CVE-2021-28135,0.00854,0.56558
CVE-2021-28136,0.00872,0.57143
CVE-2021-28139,0.0139,0.71153
CVE-2021-28141,0.02241,0.82122
CVE-2021-28142,0.05767,0.92811
CVE-2021-28143,0.45708,0.98756
CVE-2021-28144,0.06009,0.9307
CVE-2021-28145,0.00861,0.56779
CVE-2021-28146,0.01397,0.7127
CVE-2021-28147,0.0161,0.74903
CVE-2021-28148,0.03497,0.88709
CVE-2021-28149,0.1592,0.96775
CVE-2021-28150,0.02794,0.85856
CVE-2021-28151,0.27912,0.98033
CVE-2021-28152,0.05185,0.92157
CVE-2021-28153,0.02622,0.84841
CVE-2021-28154,0.01481,0.72859
CVE-2021-28155,0.00452,0.36606
CVE-2021-28156,0.02292,0.82517
CVE-2021-28157,0.00837,0.55998
CVE-2021-28160,0.00818,0.55368
CVE-2021-28161,0.00708,0.51477
CVE-2021-28162,0.00776,0.5393
CVE-2021-28163,0.0418,0.90547
CVE-2021-28164,0.82371,0.99653
CVE-2021-28165,0.53861,0.98965
CVE-2021-28166,0.00968,0.60246
CVE-2021-28167,0.01126,0.64896
CVE-2021-28168,0.00869,0.57055
CVE-2021-28169,0.7848,0.99572
CVE-2021-28170,0.02132,0.81197
CVE-2021-28171,0.0118,0.66393
CVE-2021-28172,0.01803,0.77607
CVE-2021-28173,0.01584,0.74529
CVE-2021-28174,0.00953,0.59727
CVE-2021-28175,0.0186,0.78344
CVE-2021-28176,0.0186,0.78344
CVE-2021-28177,0.0181,0.77689
CVE-2021-28178,0.0181,0.77689
CVE-2021-28179,0.0181,0.7769
CVE-2021-28180,0.0181,0.77689
CVE-2021-28181,0.0181,0.7769
CVE-2021-28182,0.0181,0.7769
CVE-2021-28183,0.0181,0.77691
CVE-2021-28184,0.0181,0.77692
CVE-2021-28185,0.0181,0.77693
CVE-2021-28186,0.0181,0.77692
CVE-2021-28187,0.01154,0.65638
CVE-2021-28188,0.0181,0.77692
CVE-2021-28189,0.0181,0.77691
CVE-2021-28190,0.01154,0.65638
CVE-2021-28191,0.0181,0.77692
CVE-2021-28192,0.0181,0.77693
CVE-2021-28193,0.0181,0.77693
CVE-2021-28194,0.0181,0.77693
CVE-2021-28195,0.0181,0.77688
CVE-2021-28196,0.01154,0.65638
CVE-2021-28197,0.0181,0.77688
CVE-2021-28198,0.0181,0.77689
CVE-2021-28199,0.0181,0.77688
CVE-2021-28200,0.0181,0.77688
CVE-2021-28201,0.0181,0.77691
CVE-2021-28202,0.0181,0.77691
CVE-2021-28203,0.01961,0.79477
CVE-2021-28204,0.02016,0.80079
CVE-2021-28205,0.01903,0.78838
CVE-2021-28206,0.01903,0.78837
CVE-2021-28207,0.01903,0.78837
CVE-2021-28208,0.01903,0.78838
CVE-2021-28209,0.01903,0.78837
CVE-2021-28210,0.00399,0.31426
CVE-2021-28211,0.00386,0.29913
CVE-2021-28213,0.01106,0.64382
CVE-2021-28216,0.00423,0.34026
CVE-2021-28233,0.01064,0.6321
CVE-2021-28235,0.01618,0.75029
CVE-2021-28236,0.01236,0.67797
CVE-2021-28237,0.01409,0.71494
CVE-2021-28242,0.04962,0.91867
CVE-2021-28245,0.01136,0.65136
CVE-2021-28246,0.00393,0.3079
CVE-2021-28247,0.0074,0.52645
CVE-2021-28248,0.01392,0.71184
CVE-2021-28249,0.00415,0.33189
CVE-2021-28250,0.00339,0.24646
CVE-2021-28254,0.0132,0.6965
CVE-2021-28269,0.01866,0.78406
CVE-2021-28271,0.01866,0.78406
CVE-2021-28275,0.00664,0.49602
CVE-2021-28276,0.01127,0.64928
CVE-2021-28277,0.00867,0.56989
CVE-2021-28278,0.00867,0.5699
CVE-2021-28280,0.00697,0.51024
CVE-2021-28290,0.00618,0.47391
CVE-2021-28293,0.01606,0.74858
CVE-2021-28294,0.03728,0.89402
CVE-2021-28295,0.15904,0.96772
CVE-2021-28300,0.02082,0.80731
CVE-2021-28302,0.01415,0.71613
CVE-2021-28305,0.01319,0.69631
CVE-2021-28306,0.0113,0.64996
CVE-2021-28307,0.0113,0.64997
CVE-2021-28308,0.01278,0.68742
CVE-2021-28309,0.00806,0.54975
CVE-2021-28310,0.0833,0.94754
CVE-2021-28311,0.02519,0.8418
CVE-2021-28312,0.06599,0.93602
CVE-2021-28313,0.01039,0.62476
CVE-2021-28314,0.00569,0.44775
CVE-2021-28315,0.01596,0.74699
CVE-2021-28316,0.01095,0.6412
CVE-2021-28317,0.00769,0.53706
CVE-2021-28318,0.0076,0.53374
CVE-2021-28319,0.09365,0.95222
CVE-2021-28320,0.0055,0.43676
CVE-2021-28321,0.01281,0.68798
CVE-2021-28322,0.01039,0.62476
CVE-2021-28323,0.04319,0.90808
CVE-2021-28324,0.06223,0.93281
CVE-2021-28325,0.62088,0.99151
CVE-2021-28326,0.0098,0.60635
CVE-2021-28327,0.02536,0.84287
CVE-2021-28328,0.02494,0.84003
CVE-2021-28329,0.02315,0.82713
CVE-2021-28330,0.02315,0.82713
CVE-2021-28331,0.02315,0.82713
CVE-2021-28332,0.02315,0.82708
CVE-2021-28333,0.02536,0.84287
CVE-2021-28334,0.02315,0.82711
CVE-2021-28335,0.02315,0.82709
CVE-2021-28336,0.02315,0.8271
CVE-2021-28337,0.02315,0.8271
CVE-2021-28338,0.02315,0.82708
CVE-2021-28339,0.02315,0.82711
CVE-2021-28340,0.02536,0.84287
CVE-2021-28341,0.02315,0.8271
CVE-2021-28342,0.02315,0.82709
CVE-2021-28343,0.02315,0.82712
CVE-2021-28344,0.02536,0.84287
CVE-2021-28345,0.02315,0.82708
CVE-2021-28346,0.02315,0.82711
CVE-2021-28347,0.0055,0.43676
CVE-2021-28348,0.00706,0.51382
CVE-2021-28349,0.00706,0.51383
CVE-2021-28350,0.00792,0.54476
CVE-2021-28351,0.0055,0.43676
CVE-2021-28352,0.02315,0.82712
CVE-2021-28353,0.02315,0.82712
CVE-2021-28354,0.02315,0.82712
CVE-2021-28355,0.02315,0.82709
CVE-2021-28356,0.02536,0.84288
CVE-2021-28357,0.02315,0.82708
CVE-2021-28358,0.02315,0.8271
CVE-2021-28359,0.14389,0.96496
CVE-2021-28361,0.0114,0.65234
CVE-2021-28362,0.01307,0.69363
CVE-2021-28363,0.02109,0.81003
CVE-2021-28372,0.02554,0.84405
CVE-2021-28373,0.00934,0.5912
CVE-2021-28374,0.01271,0.68598
CVE-2021-28375,0.00305,0.20704
CVE-2021-28376,0.01083,0.63752
CVE-2021-28377,0.08389,0.94784
CVE-2021-28378,0.08762,0.94984
CVE-2021-28379,0.06033,0.93096
CVE-2021-28380,0.00501,0.40317
CVE-2021-28381,0.01039,0.62464
CVE-2021-28382,0.01165,0.65936
CVE-2021-28398,0.01426,0.71823
CVE-2021-28399,0.00953,0.59718
CVE-2021-28411,0.00996,0.61132
CVE-2021-28417,0.01871,0.78475
CVE-2021-28418,0.01871,0.78474
CVE-2021-28419,0.10672,0.95651
CVE-2021-28420,0.01933,0.7918
CVE-2021-28423,0.02578,0.84565
CVE-2021-28424,0.0131,0.69437
CVE-2021-28427,0.00271,0.17293
CVE-2021-28428,0.01243,0.67966
CVE-2021-28429,0.00199,0.08632
CVE-2021-28434,0.02315,0.82709
CVE-2021-28435,0.0076,0.53375
CVE-2021-28436,0.0055,0.43677
CVE-2021-28437,0.0076,0.53375
CVE-2021-28438,0.00677,0.50214
CVE-2021-28439,0.06112,0.93174
CVE-2021-28440,0.00616,0.47296
CVE-2021-28441,0.0076,0.53375
CVE-2021-28442,0.06492,0.93516
CVE-2021-28443,0.00648,0.48859
CVE-2021-28444,0.01747,0.76842
CVE-2021-28445,0.0271,0.85382
CVE-2021-28446,0.0076,0.53376
CVE-2021-28447,0.02042,0.80334
CVE-2021-28448,0.0228,0.82423
CVE-2021-28449,0.02471,0.83847
CVE-2021-28450,0.02395,0.83296
CVE-2021-28451,0.02341,0.82913
CVE-2021-28452,0.01295,0.69107
CVE-2021-28453,0.04053,0.90273
CVE-2021-28454,0.03138,0.87377
CVE-2021-28455,0.0212,0.81094
CVE-2021-28456,0.03674,0.89246
CVE-2021-28457,0.02705,0.85348
CVE-2021-28458,0.01956,0.79429
CVE-2021-28459,0.02317,0.82722
CVE-2021-28460,0.0048,0.38797
CVE-2021-28461,0.01323,0.69719
CVE-2021-28464,0.02253,0.82203
CVE-2021-28465,0.03663,0.89218
CVE-2021-28466,0.02253,0.82204
CVE-2021-28468,0.05914,0.92973
CVE-2021-28469,0.02705,0.85348
CVE-2021-28470,0.02253,0.82203
CVE-2021-28471,0.04075,0.90321
CVE-2021-28472,0.61751,0.99145
CVE-2021-28473,0.02705,0.85349
CVE-2021-28474,0.50768,0.98886
CVE-2021-28475,0.02705,0.85348
CVE-2021-28476,0.38625,0.9853
CVE-2021-28477,0.02295,0.82541
CVE-2021-28478,0.01569,0.74303
CVE-2021-28479,0.0076,0.53374
CVE-2021-28480,0.71227,0.99391
CVE-2021-28481,0.36237,0.98429
CVE-2021-28482,0.83214,0.99669
CVE-2021-28483,0.01196,0.66771
CVE-2021-28484,0.01521,0.73515
CVE-2021-28485,0.00662,0.49528
CVE-2021-28488,0.01118,0.64717
CVE-2021-28490,0.00501,0.40326
CVE-2021-28492,0.00847,0.56291
CVE-2021-28493,0.00218,0.10887
CVE-2021-28494,0.00875,0.5725
CVE-2021-28495,0.0093,0.58947
CVE-2021-28496,0.0043,0.34565
CVE-2021-28497,0.00232,0.12573
CVE-2021-28498,0.00222,0.11447
CVE-2021-28499,0.00205,0.09282
CVE-2021-28500,0.00811,0.55133
CVE-2021-28501,0.00844,0.56201
CVE-2021-28503,0.00735,0.52478
CVE-2021-28504,0.00735,0.5248
CVE-2021-28505,0.00882,0.57454
CVE-2021-28506,0.01418,0.71674
CVE-2021-28507,0.00669,0.4984
CVE-2021-28508,0.00508,0.40868
CVE-2021-28509,0.00463,0.37504
CVE-2021-28510,0.01003,0.61388
CVE-2021-28511,0.00568,0.44725
CVE-2021-28543,0.01495,0.73089
CVE-2021-28544,0.02788,0.85828
CVE-2021-28545,0.02267,0.82308
CVE-2021-28546,0.01421,0.71721
CVE-2021-28547,0.0052,0.41719
CVE-2021-28548,0.06435,0.9347
CVE-2021-28549,0.0653,0.93545
CVE-2021-28550,0.52005,0.98917
CVE-2021-28551,0.0339,0.8835
CVE-2021-28552,0.04709,0.91485
CVE-2021-28553,0.03539,0.88831
CVE-2021-28554,0.46031,0.98767
CVE-2021-28555,0.02836,0.86076
CVE-2021-28556,0.01397,0.71267
CVE-2021-28557,0.01801,0.77571
CVE-2021-28558,0.10362,0.95562
CVE-2021-28559,0.01646,0.75454
CVE-2021-28560,0.66918,0.99271
CVE-2021-28561,0.03265,0.87908
CVE-2021-28562,0.05117,0.92072
CVE-2021-28563,0.01429,0.71879
CVE-2021-28564,0.03529,0.88801
CVE-2021-28565,0.03936,0.89996
CVE-2021-28566,0.01425,0.71794
CVE-2021-28567,0.00824,0.55578
CVE-2021-28568,0.00578,0.45284
CVE-2021-28569,0.02366,0.8309
CVE-2021-28570,0.0226,0.82252
CVE-2021-28571,0.02874,0.8626
CVE-2021-28573,0.04052,0.90272
CVE-2021-28574,0.03782,0.89557
CVE-2021-28575,0.03782,0.89557
CVE-2021-28576,0.03583,0.88963
CVE-2021-28579,0.01088,0.63889
CVE-2021-28580,0.08486,0.94836
CVE-2021-28581,0.00856,0.5664
CVE-2021-28583,0.01897,0.78775
CVE-2021-28584,0.0178,0.77311
CVE-2021-28585,0.01578,0.74438
CVE-2021-28586,0.03069,0.87104
CVE-2021-28587,0.02065,0.80566
CVE-2021-28588,0.06215,0.93274
CVE-2021-28589,0.02776,0.85783
CVE-2021-28590,0.02776,0.85783
CVE-2021-28591,0.0194,0.79266
CVE-2021-28592,0.0194,0.79266
CVE-2021-28593,0.01834,0.7801
CVE-2021-28594,0.02689,0.85261
CVE-2021-28595,0.03785,0.89569
CVE-2021-28596,0.02323,0.82769
CVE-2021-28597,0.00476,0.38553
CVE-2021-28600,0.0243,0.83567
CVE-2021-28601,0.01868,0.7844
CVE-2021-28602,0.03264,0.87905
CVE-2021-28603,0.05339,0.92325
CVE-2021-28604,0.05339,0.92325
CVE-2021-28605,0.02973,0.86704
CVE-2021-28606,0.05935,0.92996
CVE-2021-28607,0.03446,0.88542
CVE-2021-28608,0.05935,0.92996
CVE-2021-28609,0.02489,0.83965
CVE-2021-28610,0.05718,0.92753
CVE-2021-28611,0.02363,0.8307
CVE-2021-28612,0.02363,0.83071
CVE-2021-28613,0.00487,0.39354
CVE-2021-28614,0.02363,0.83071
CVE-2021-28615,0.0243,0.83568
CVE-2021-28616,0.02363,0.83071
CVE-2021-28617,0.03284,0.87981
CVE-2021-28618,0.03284,0.8798
CVE-2021-28619,0.03207,0.87654
CVE-2021-28620,0.07842,0.94473
CVE-2021-28621,0.04341,0.90849
CVE-2021-28622,0.03962,0.90068
CVE-2021-28623,0.00476,0.38554
CVE-2021-28624,0.07228,0.94103
CVE-2021-28625,0.0104,0.62484
CVE-2021-28626,0.01335,0.69999
CVE-2021-28627,0.01335,0.70002
CVE-2021-28628,0.0104,0.62484
CVE-2021-28629,0.07842,0.94473
CVE-2021-28630,0.02797,0.85873
CVE-2021-28631,0.04709,0.91485
CVE-2021-28632,0.05172,0.92142
CVE-2021-28633,0.00487,0.3934
CVE-2021-28634,0.02214,0.81892
CVE-2021-28635,0.51184,0.98898
CVE-2021-28636,0.02218,0.8193
CVE-2021-28637,0.02852,0.86156
CVE-2021-28638,0.04942,0.91833
CVE-2021-28639,0.66052,0.99251
CVE-2021-28640,0.53379,0.98953
CVE-2021-28641,0.04331,0.90828
CVE-2021-28642,0.0371,0.89341
CVE-2021-28643,0.01919,0.79023
CVE-2021-28644,0.00402,0.3176
CVE-2021-28645,0.00508,0.40875
CVE-2021-28646,0.00424,0.34053
CVE-2021-28647,0.00469,0.37987
CVE-2021-28648,0.00527,0.42223
CVE-2021-28649,0.00261,0.15891
CVE-2021-28650,0.00528,0.42278
CVE-2021-28651,0.0745,0.9424
CVE-2021-28652,0.04341,0.90848
CVE-2021-28653,0.00888,0.576
CVE-2021-28655,0.01539,0.73827
CVE-2021-28656,0.00482,0.38972
CVE-2021-28657,0.02752,0.85606
CVE-2021-28658,0.03865,0.89796
CVE-2021-28660,0.01316,0.69564
CVE-2021-28661,0.00812,0.55178
CVE-2021-28662,0.7176,0.99405
CVE-2021-28663,0.12084,0.96003
CVE-2021-28664,0.05407,0.92397
CVE-2021-28665,0.0099,0.60945
CVE-2021-28667,0.02232,0.82041
CVE-2021-28668,0.00975,0.60504
CVE-2021-28669,0.00788,0.54323
CVE-2021-28670,0.00969,0.60281
CVE-2021-28671,0.02574,0.84534
CVE-2021-28672,0.0216,0.81436
CVE-2021-28673,0.01872,0.78478
CVE-2021-28674,0.00908,0.58259
CVE-2021-28675,0.00956,0.59791
CVE-2021-28676,0.02501,0.84043
CVE-2021-28677,0.02338,0.82882
CVE-2021-28678,0.00732,0.5234
CVE-2021-28680,0.0121,0.67146
CVE-2021-28681,0.00677,0.50211
CVE-2021-28682,0.0204,0.80302
CVE-2021-28683,0.01686,0.76046
CVE-2021-28684,0.00918,0.58569
CVE-2021-28685,0.00316,0.21901
CVE-2021-28686,0.00251,0.14642
CVE-2021-28687,0.00314,0.21751
CVE-2021-28688,0.00332,0.23727
CVE-2021-28689,0.0036,0.27148
CVE-2021-28690,0.01019,0.61858
CVE-2021-28691,0.00361,0.27241
CVE-2021-28692,0.00287,0.1889
CVE-2021-28693,0.00321,0.22539
CVE-2021-28694,0.00381,0.29345
CVE-2021-28695,0.00381,0.29345
CVE-2021-28696,0.00364,0.27603
CVE-2021-28697,0.00263,0.16126
CVE-2021-28698,0.00351,0.26042
CVE-2021-28699,0.00353,0.26284
CVE-2021-28700,0.0187,0.78464
CVE-2021-28701,0.00266,0.16489
CVE-2021-28702,0.00441,0.3573
CVE-2021-28703,0.00308,0.21051
CVE-2021-28704,0.00353,0.26258
CVE-2021-28705,0.00361,0.27241
CVE-2021-28706,0.02215,0.81904
CVE-2021-28707,0.00374,0.28662
CVE-2021-28708,0.00353,0.26259
CVE-2021-28709,0.00366,0.27817
CVE-2021-28710,0.00285,0.18722
CVE-2021-28711,0.00332,0.23683
CVE-2021-28712,0.00332,0.23683
CVE-2021-28713,0.00332,0.23683
CVE-2021-28714,0.00325,0.22883
CVE-2021-28715,0.00332,0.23741
CVE-2021-28789,0.01714,0.76423
CVE-2021-28790,0.01678,0.75916
CVE-2021-28791,0.01624,0.75115
CVE-2021-28792,0.01678,0.75916
CVE-2021-28793,0.0163,0.75195
CVE-2021-28794,0.01831,0.77973
CVE-2021-28796,0.00774,0.53872
CVE-2021-28797,0.05909,0.92967
CVE-2021-28798,0.00938,0.59222
CVE-2021-28799,0.7825,0.99565
CVE-2021-28800,0.01433,0.71944
CVE-2021-28801,0.00749,0.52976
CVE-2021-28802,0.01816,0.77786
CVE-2021-28803,0.00466,0.37691
CVE-2021-28804,0.01816,0.77786
CVE-2021-28805,0.00238,0.1323
CVE-2021-28806,0.00505,0.4059
CVE-2021-28807,0.0138,0.70957
CVE-2021-28809,0.15802,0.96757
CVE-2021-28810,0.01033,0.62278
CVE-2021-28811,0.0145,0.7226
CVE-2021-28812,0.01553,0.74071
CVE-2021-28813,0.01095,0.64103
CVE-2021-28814,0.01225,0.67552
CVE-2021-28815,0.01726,0.7657
CVE-2021-28816,0.00928,0.58914
CVE-2021-28817,0.00251,0.14695
CVE-2021-28818,0.00251,0.14696
CVE-2021-28819,0.00233,0.12636
CVE-2021-28820,0.00251,0.14696
CVE-2021-28821,0.00216,0.10757
CVE-2021-28822,0.00248,0.14343
CVE-2021-28823,0.00219,0.1101
CVE-2021-28824,0.00219,0.1101
CVE-2021-28825,0.0023,0.12391
CVE-2021-28826,0.0023,0.12391
CVE-2021-28827,0.01102,0.64283
CVE-2021-28828,0.00839,0.56053
CVE-2021-28829,0.00676,0.50182
CVE-2021-28830,0.00251,0.14666
CVE-2021-28831,0.02719,0.85431
CVE-2021-28832,0.01218,0.67371
CVE-2021-28833,0.00739,0.52618
CVE-2021-28834,0.02805,0.85916
CVE-2021-28835,0.00343,0.2511
CVE-2021-28838,0.0222,0.81948
CVE-2021-28839,0.01376,0.70872
CVE-2021-28840,0.02311,0.82672
CVE-2021-28841,0.00961,0.59973
CVE-2021-28842,0.00961,0.59972
CVE-2021-28843,0.00961,0.59973
CVE-2021-28844,0.00961,0.59978
CVE-2021-28845,0.00961,0.59976
CVE-2021-28846,0.00814,0.55214
CVE-2021-28847,0.01427,0.71847
CVE-2021-28848,0.01637,0.75325
CVE-2021-28855,0.00895,0.57825
CVE-2021-28856,0.00843,0.56176
CVE-2021-28857,0.01287,0.68931
CVE-2021-28858,0.00257,0.15493
CVE-2021-28860,0.01843,0.78109
CVE-2021-28861,0.02535,0.84284
CVE-2021-28874,0.01046,0.62701
CVE-2021-28875,0.02122,0.81109
CVE-2021-28876,0.01566,0.7426
CVE-2021-28877,0.01387,0.71092
CVE-2021-28878,0.01997,0.79855
CVE-2021-28879,0.02412,0.83422
CVE-2021-28890,0.0134,0.70122
CVE-2021-28899,0.01094,0.641
CVE-2021-28901,0.00697,0.51005
CVE-2021-28902,0.01555,0.74101
CVE-2021-28903,0.02425,0.8352
CVE-2021-28904,0.01407,0.71469
CVE-2021-28905,0.01423,0.71761
CVE-2021-28906,0.01572,0.74353
CVE-2021-28909,0.01391,0.71167
CVE-2021-28910,0.01166,0.65965
CVE-2021-28911,0.01653,0.75549
CVE-2021-28912,0.01226,0.67575
CVE-2021-28913,0.01844,0.78119
CVE-2021-28914,0.01018,0.61839
CVE-2021-28918,0.16657,0.96915
CVE-2021-28924,0.10536,0.95613
CVE-2021-28925,0.04817,0.91642
CVE-2021-28927,0.01272,0.68618
CVE-2021-28931,0.0121,0.67162
CVE-2021-28935,0.01574,0.74392
CVE-2021-28936,0.02044,0.8036
CVE-2021-28937,0.04155,0.90495
CVE-2021-28938,0.00826,0.55644
CVE-2021-28940,0.03299,0.88046
CVE-2021-28941,0.01131,0.65016
CVE-2021-28950,0.0036,0.27134
CVE-2021-28951,0.00279,0.1819
CVE-2021-28952,0.00378,0.29069
CVE-2021-28953,0.01006,0.61461
CVE-2021-28954,0.00965,0.6009
CVE-2021-28955,0.01719,0.76491
CVE-2021-28956,0.01539,0.73818
CVE-2021-28957,0.04035,0.90234
CVE-2021-28958,0.73126,0.99441
CVE-2021-28959,0.16912,0.96951
CVE-2021-28960,0.01971,0.79569
CVE-2021-28961,0.0153,0.73661
CVE-2021-28962,0.01161,0.65831
CVE-2021-28963,0.01305,0.69322
CVE-2021-28964,0.00267,0.16769
CVE-2021-28965,0.05061,0.92001
CVE-2021-28966,0.57133,0.99041
CVE-2021-28967,0.0203,0.80213
CVE-2021-28968,0.00519,0.41699
CVE-2021-28969,0.01316,0.69574
CVE-2021-28970,0.01316,0.69574
CVE-2021-28971,0.00385,0.29854
CVE-2021-28972,0.00805,0.5495
CVE-2021-28973,0.00891,0.57689
CVE-2021-28975,0.00895,0.57836
CVE-2021-28976,0.07548,0.94297
CVE-2021-28977,0.00506,0.40671
CVE-2021-28979,0.01178,0.66334
CVE-2021-28993,0.00983,0.60713
CVE-2021-28994,0.02049,0.80403
CVE-2021-28998,0.01294,0.69081
CVE-2021-28999,0.01332,0.69925
CVE-2021-29002,0.00753,0.53104
CVE-2021-29003,0.45417,0.98749
CVE-2021-29004,0.021,0.80926
CVE-2021-29005,0.02154,0.81391
CVE-2021-29006,0.05603,0.92627
CVE-2021-29008,0.00755,0.53196
CVE-2021-29009,0.00828,0.55706
CVE-2021-29010,0.00755,0.53196
CVE-2021-29011,0.01392,0.71192
CVE-2021-29012,0.03205,0.87642
CVE-2021-29022,0.01081,0.63701
CVE-2021-29023,0.01152,0.65596
CVE-2021-29024,0.01642,0.75389
CVE-2021-29025,0.00786,0.54251
CVE-2021-29026,0.00786,0.54252
CVE-2021-29027,0.00786,0.54252
CVE-2021-29028,0.00786,0.54252
CVE-2021-29029,0.00786,0.54251
CVE-2021-29030,0.00786,0.54252
CVE-2021-29031,0.00862,0.56832
CVE-2021-29032,0.00786,0.5425
CVE-2021-29033,0.00755,0.53196
CVE-2021-29038,0.00284,0.18686
CVE-2021-29039,0.00753,0.53094
CVE-2021-29040,0.01081,0.63682
CVE-2021-29041,0.01124,0.64853
CVE-2021-29043,0.00738,0.52589
CVE-2021-29044,0.00746,0.52886
CVE-2021-29045,0.00795,0.5456
CVE-2021-29046,0.0088,0.57389
CVE-2021-29047,0.01065,0.6323
CVE-2021-29048,0.00873,0.57179
CVE-2021-29049,0.00746,0.52886
CVE-2021-29050,0.0028,0.18238
CVE-2021-29051,0.00746,0.52885
CVE-2021-29052,0.00771,0.53757
CVE-2021-29053,0.01158,0.65711
CVE-2021-29054,0.00783,0.54138
CVE-2021-29055,0.00898,0.57915
CVE-2021-29056,0.0051,0.4105
CVE-2021-29057,0.00586,0.45729
CVE-2021-29059,0.02629,0.84886
CVE-2021-29060,0.03134,0.87361
CVE-2021-29061,0.02315,0.82703
CVE-2021-29063,0.04179,0.90543
CVE-2021-29065,0.00608,0.46841
CVE-2021-29066,0.00608,0.46841
CVE-2021-29067,0.00608,0.46841
CVE-2021-29068,0.01055,0.62949
CVE-2021-29069,0.00462,0.3744
CVE-2021-29070,0.00614,0.47183
CVE-2021-29071,0.00706,0.51379
CVE-2021-29072,0.00571,0.44881
CVE-2021-29073,0.00341,0.24904
CVE-2021-29074,0.00439,0.35568
CVE-2021-29075,0.00401,0.31578
CVE-2021-29076,0.00796,0.54599
CVE-2021-29077,0.00806,0.54959
CVE-2021-29078,0.00806,0.54959
CVE-2021-29079,0.00745,0.52839
CVE-2021-29080,0.00416,0.33267
CVE-2021-29081,0.00435,0.35211
CVE-2021-29082,0.004,0.31465
CVE-2021-29083,0.0262,0.84826
CVE-2021-29084,0.01332,0.69918
CVE-2021-29085,0.01332,0.69919
CVE-2021-29086,0.01181,0.66397
CVE-2021-29087,0.01396,0.71257
CVE-2021-29088,0.00318,0.22077
CVE-2021-29089,0.01929,0.7914
CVE-2021-29090,0.01672,0.75822
CVE-2021-29091,0.01143,0.6532
CVE-2021-29092,0.01746,0.76835
CVE-2021-29093,0.00948,0.59557
CVE-2021-29094,0.01002,0.61349
CVE-2021-29095,0.00883,0.57458
CVE-2021-29096,0.01522,0.7354
CVE-2021-29097,0.02412,0.83413
CVE-2021-29098,0.01952,0.7939
CVE-2021-29099,0.00633,0.48138
CVE-2021-29100,0.01138,0.65209
CVE-2021-29101,0.0229,0.82507
CVE-2021-29102,0.0158,0.74471
CVE-2021-29103,0.00744,0.52805
CVE-2021-29104,0.0081,0.55104
CVE-2021-29105,0.00602,0.46568
CVE-2021-29106,0.00688,0.50673
CVE-2021-29107,0.00856,0.56623
CVE-2021-29108,0.00812,0.55158
CVE-2021-29109,0.00744,0.52805
CVE-2021-29110,0.00656,0.49263
CVE-2021-29112,0.00346,0.25421
CVE-2021-29113,0.00815,0.55265
CVE-2021-29114,0.01009,0.61572
CVE-2021-29115,0.0215,0.81355
CVE-2021-29116,0.00784,0.54181
CVE-2021-29117,0.00443,0.3585
CVE-2021-29118,0.00346,0.25421
CVE-2021-29133,0.01082,0.63728
CVE-2021-29134,0.01388,0.71125
CVE-2021-29136,0.00344,0.25207
CVE-2021-29137,0.00751,0.53029
CVE-2021-29138,0.01125,0.64881
CVE-2021-29139,0.00464,0.37585
CVE-2021-29140,0.01573,0.74373
CVE-2021-29141,0.01125,0.64881
CVE-2021-29142,0.00464,0.37585
CVE-2021-29143,0.02588,0.84624
CVE-2021-29144,0.01125,0.64881
CVE-2021-29145,0.01902,0.78832
CVE-2021-29146,0.00468,0.37896
CVE-2021-29147,0.0322,0.87715
CVE-2021-29148,0.00619,0.47443
CVE-2021-29149,0.00249,0.14463
CVE-2021-29150,0.01272,0.68621
CVE-2021-29151,0.00978,0.60585
CVE-2021-29152,0.01187,0.66545
CVE-2021-29154,0.00931,0.59008
CVE-2021-29155,0.01071,0.63414
CVE-2021-29156,0.76846,0.99533
CVE-2021-29157,0.0047,0.38036
CVE-2021-29158,0.00844,0.56183
CVE-2021-29159,0.00671,0.49927
CVE-2021-29200,0.5537,0.99001
CVE-2021-29201,0.0069,0.50753
CVE-2021-29202,0.00286,0.18817
CVE-2021-29203,0.68293,0.99309
CVE-2021-29204,0.00653,0.49148
CVE-2021-29205,0.00653,0.49148
CVE-2021-29206,0.00653,0.49149
CVE-2021-29207,0.00653,0.49149
CVE-2021-29208,0.00507,0.40771
CVE-2021-29209,0.00507,0.40772
CVE-2021-29210,0.00507,0.40771
CVE-2021-29211,0.00644,0.48699
CVE-2021-29212,0.13904,0.96405
CVE-2021-29213,0.00295,0.19775
CVE-2021-29214,0.01092,0.63981
CVE-2021-29215,0.0116,0.65776
CVE-2021-29216,0.00565,0.44575
CVE-2021-29217,0.00727,0.52171
CVE-2021-29218,0.00237,0.13157
CVE-2021-29219,0.0023,0.12304
CVE-2021-29220,0.02109,0.81004
CVE-2021-29221,0.00584,0.45603
CVE-2021-29238,0.00531,0.42499
CVE-2021-29239,0.00179,0.06658
CVE-2021-29240,0.00936,0.59184
CVE-2021-29241,0.0143,0.71891
CVE-2021-29242,0.01066,0.63295
CVE-2021-29243,0.00586,0.45736
CVE-2021-29245,0.00945,0.59443
CVE-2021-29246,0.01548,0.73961
CVE-2021-29247,0.01201,0.66891
CVE-2021-29248,0.00823,0.55545
CVE-2021-29249,0.01189,0.66586
CVE-2021-29250,0.00527,0.42245
CVE-2021-29251,0.00786,0.54267
CVE-2021-29252,0.00812,0.55157
CVE-2021-29253,0.00201,0.08881
CVE-2021-29255,0.00554,0.43876
CVE-2021-29256,0.02988,0.86773
CVE-2021-29258,0.01772,0.77213
CVE-2021-29261,0.01238,0.67836
CVE-2021-29262,0.06724,0.93703
CVE-2021-29263,0.00455,0.36861
CVE-2021-29264,0.00272,0.17458
CVE-2021-29265,0.00258,0.15579
CVE-2021-29266,0.00318,0.22092
CVE-2021-29267,0.00853,0.56529
CVE-2021-29271,0.00793,0.54523
CVE-2021-29272,0.00929,0.58923
CVE-2021-29274,0.00829,0.55734
CVE-2021-29279,0.00984,0.60742
CVE-2021-29280,0.00754,0.53148
CVE-2021-29281,0.02566,0.84486
CVE-2021-29294,0.01127,0.64932
CVE-2021-29295,0.01127,0.64933
CVE-2021-29296,0.01127,0.64932
CVE-2021-29297,0.00802,0.54798
CVE-2021-29298,0.00775,0.5389
CVE-2021-29300,0.04508,0.91156
CVE-2021-29302,0.05914,0.92972
CVE-2021-29313,0.00574,0.45055
CVE-2021-29323,0.00634,0.48168
CVE-2021-29324,0.00755,0.53155
CVE-2021-29325,0.00763,0.53485
CVE-2021-29326,0.00755,0.53154
CVE-2021-29327,0.00755,0.53154
CVE-2021-29328,0.00734,0.52462
CVE-2021-29329,0.00763,0.53485
CVE-2021-29334,0.00322,0.22575
CVE-2021-29337,0.00802,0.54806
CVE-2021-29338,0.0156,0.7418
CVE-2021-29343,0.00751,0.53037
CVE-2021-29349,0.01545,0.73916
CVE-2021-29350,0.01308,0.69393
CVE-2021-29357,0.00955,0.59775
CVE-2021-29358,0.0067,0.49867
CVE-2021-29360,0.01001,0.61296
CVE-2021-29361,0.01001,0.61296
CVE-2021-29362,0.01001,0.61295
CVE-2021-29363,0.01001,0.61295
CVE-2021-29364,0.01001,0.61295
CVE-2021-29365,0.00659,0.49421
CVE-2021-29366,0.00976,0.60529
CVE-2021-29367,0.00976,0.60529
CVE-2021-29368,0.00715,0.5171
CVE-2021-29369,0.01776,0.77264
CVE-2021-29370,0.00741,0.52707
CVE-2021-29376,0.02325,0.82779
CVE-2021-29377,0.01603,0.74802
CVE-2021-29378,0.00798,0.54665
CVE-2021-29379,0.035,0.88722
CVE-2021-29387,0.00774,0.53876
CVE-2021-29388,0.00482,0.38966
CVE-2021-29390,0.00822,0.55517
CVE-2021-29393,0.03573,0.88931
CVE-2021-29394,0.00815,0.55236
CVE-2021-29395,0.01801,0.77577
CVE-2021-29396,0.0167,0.75791
CVE-2021-29397,0.00813,0.5519
CVE-2021-29398,0.01785,0.77376
CVE-2021-29399,0.00817,0.55322
CVE-2021-29400,0.00557,0.4412
CVE-2021-29414,0.00334,0.24141
CVE-2021-29415,0.00273,0.17586
CVE-2021-29416,0.01149,0.65497
CVE-2021-29417,0.03772,0.89532
CVE-2021-29418,0.01682,0.75987
CVE-2021-29421,0.01681,0.75956
CVE-2021-29424,0.01797,0.77515
CVE-2021-29425,0.09905,0.95415
CVE-2021-29427,0.01307,0.69382
CVE-2021-29428,0.00534,0.42658
CVE-2021-29429,0.00484,0.39133
CVE-2021-29430,0.01833,0.77998
CVE-2021-29431,0.01194,0.66717
CVE-2021-29432,0.00934,0.59107
CVE-2021-29433,0.00927,0.5886
CVE-2021-29434,0.00626,0.47783
CVE-2021-29435,0.00657,0.49327
CVE-2021-29436,0.00525,0.42097
CVE-2021-29437,0.00806,0.54967
CVE-2021-29438,0.00703,0.51268
CVE-2021-29439,0.02587,0.84617
CVE-2021-29440,0.30623,0.98184
CVE-2021-29441,0.83483,0.99676
CVE-2021-29442,0.65717,0.99242
CVE-2021-29443,0.01167,0.65984
CVE-2021-29444,0.01067,0.63337
CVE-2021-29445,0.01067,0.63337
CVE-2021-29446,0.01067,0.63336
CVE-2021-29447,0.85719,0.9972
CVE-2021-29448,0.00668,0.49787
CVE-2021-29449,0.01848,0.78182
CVE-2021-29450,0.02093,0.80849
CVE-2021-29451,0.00949,0.59578
CVE-2021-29452,0.00781,0.5407
CVE-2021-29453,0.01002,0.6132
CVE-2021-29454,0.01927,0.79104
CVE-2021-29455,0.00757,0.53274
CVE-2021-29456,0.0051,0.41006
CVE-2021-29457,0.02152,0.81375
CVE-2021-29458,0.01568,0.74283
CVE-2021-29459,0.01123,0.64835
CVE-2021-29460,0.03174,0.87519
CVE-2021-29461,0.02476,0.83885
CVE-2021-29462,0.00627,0.47818
CVE-2021-29463,0.01119,0.6473
CVE-2021-29464,0.01499,0.73164
CVE-2021-29465,0.01958,0.79445
CVE-2021-29466,0.01578,0.7444
CVE-2021-29467,0.00476,0.38554
CVE-2021-29468,0.0124,0.67888
CVE-2021-29469,0.01674,0.75859
CVE-2021-29470,0.01571,0.74341
CVE-2021-29471,0.01647,0.75459
CVE-2021-29472,0.04624,0.91361
CVE-2021-29473,0.01677,0.75901
CVE-2021-29474,0.01599,0.74743
CVE-2021-29475,0.01158,0.65721
CVE-2021-29476,0.02142,0.81281
CVE-2021-29477,0.04191,0.90569
CVE-2021-29478,0.03614,0.89056
CVE-2021-29479,0.00857,0.56664
CVE-2021-29480,0.00262,0.16097
CVE-2021-29481,0.00455,0.3689
CVE-2021-29482,0.01438,0.7203
CVE-2021-29483,0.01211,0.67176
CVE-2021-29484,0.07935,0.94528
CVE-2021-29485,0.01989,0.79771
CVE-2021-29486,0.01979,0.79657
CVE-2021-29487,0.00895,0.57819
CVE-2021-29488,0.00919,0.58586
CVE-2021-29489,0.00867,0.57003
CVE-2021-29490,0.69856,0.99351
CVE-2021-29492,0.66214,0.99255
CVE-2021-29493,0.00937,0.592
CVE-2021-29495,0.00491,0.3962
CVE-2021-29499,0.00958,0.59859
CVE-2021-29500,0.00595,0.46156
CVE-2021-29501,0.00889,0.57636
CVE-2021-29502,0.00832,0.55809
CVE-2021-29503,0.01037,0.62413
CVE-2021-29504,0.01312,0.69479
CVE-2021-29505,0.77232,0.9954
CVE-2021-29506,0.01404,0.71417
CVE-2021-29507,0.00749,0.5298
CVE-2021-29508,0.01584,0.7453
CVE-2021-29509,0.01599,0.74739
CVE-2021-29510,0.00967,0.60216
CVE-2021-29511,0.0128,0.68789
CVE-2021-29512,0.00211,0.10134
CVE-2021-29513,0.00203,0.09083
CVE-2021-29514,0.00211,0.10136
CVE-2021-29515,0.00201,0.08865
CVE-2021-29516,0.00198,0.08612
CVE-2021-29517,0.00189,0.07588
CVE-2021-29518,0.00201,0.08866
CVE-2021-29519,0.00189,0.07591
CVE-2021-29520,0.00224,0.1168
CVE-2021-29521,0.00189,0.07591
CVE-2021-29522,0.00189,0.07592
CVE-2021-29523,0.00189,0.07589
CVE-2021-29524,0.00189,0.0759
CVE-2021-29525,0.00201,0.08865
CVE-2021-29526,0.00198,0.08612
CVE-2021-29527,0.00189,0.0759
CVE-2021-29528,0.00189,0.0759
CVE-2021-29529,0.00251,0.14699
CVE-2021-29530,0.00232,0.12619
CVE-2021-29531,0.00189,0.07584
CVE-2021-29532,0.00198,0.08599
CVE-2021-29533,0.00217,0.10838
CVE-2021-29534,0.00189,0.07588
CVE-2021-29535,0.00211,0.10135
CVE-2021-29536,0.00211,0.10136
CVE-2021-29537,0.00211,0.10135
CVE-2021-29538,0.00189,0.07588
CVE-2021-29539,0.00189,0.07589
CVE-2021-29540,0.00215,0.10656
CVE-2021-29541,0.00189,0.07589
CVE-2021-29542,0.00198,0.08605
CVE-2021-29543,0.00189,0.07591
CVE-2021-29544,0.0031,0.2125
CVE-2021-29545,0.00189,0.0759
CVE-2021-29546,0.00201,0.08869
CVE-2021-29547,0.00189,0.07585
CVE-2021-29548,0.00189,0.07585
CVE-2021-29549,0.00189,0.07589
CVE-2021-29550,0.00189,0.07584
CVE-2021-29551,0.00217,0.10838
CVE-2021-29552,0.00189,0.07587
CVE-2021-29553,0.00198,0.08599
CVE-2021-29554,0.00189,0.07583
CVE-2021-29555,0.00189,0.07586
CVE-2021-29556,0.00189,0.07583
CVE-2021-29557,0.00189,0.07592
CVE-2021-29558,0.00211,0.10135
CVE-2021-29559,0.00198,0.086
CVE-2021-29560,0.00208,0.097
CVE-2021-29561,0.00189,0.07588
CVE-2021-29562,0.00189,0.07587
CVE-2021-29563,0.00189,0.07587
CVE-2021-29564,0.00189,0.07587
CVE-2021-29565,0.00189,0.07592
CVE-2021-29566,0.00201,0.08867
CVE-2021-29567,0.00189,0.07583
CVE-2021-29568,0.00197,0.08364
CVE-2021-29569,0.00198,0.08599
CVE-2021-29570,0.00154,0.03816
CVE-2021-29571,0.0024,0.13465
CVE-2021-29572,0.00189,0.07592
CVE-2021-29573,0.00189,0.07586
CVE-2021-29574,0.00201,0.08867
CVE-2021-29575,0.00198,0.08604
CVE-2021-29576,0.00211,0.10134
CVE-2021-29577,0.00211,0.10134
CVE-2021-29578,0.00211,0.10135
CVE-2021-29579,0.00214,0.10434
CVE-2021-29580,0.00189,0.07585
CVE-2021-29581,0.00189,0.07585
CVE-2021-29582,0.00198,0.086
CVE-2021-29583,0.00211,0.10134
CVE-2021-29584,0.00189,0.07584
CVE-2021-29585,0.00201,0.08868
CVE-2021-29586,0.00201,0.08866
CVE-2021-29587,0.00201,0.08869
CVE-2021-29588,0.00201,0.08865
CVE-2021-29589,0.00201,0.08869
CVE-2021-29590,0.00198,0.08599
CVE-2021-29591,0.00262,0.16101
CVE-2021-29592,0.00215,0.10657
CVE-2021-29593,0.00201,0.08869
CVE-2021-29594,0.00201,0.08865
CVE-2021-29595,0.00201,0.08867
CVE-2021-29596,0.00201,0.08867
CVE-2021-29597,0.00201,0.08868
CVE-2021-29598,0.00201,0.08868
CVE-2021-29599,0.00209,0.09903
CVE-2021-29600,0.00201,0.08868
CVE-2021-29601,0.00192,0.07862
CVE-2021-29602,0.00189,0.07586
CVE-2021-29603,0.00201,0.08866
CVE-2021-29604,0.00189,0.07584
CVE-2021-29605,0.0022,0.11246
CVE-2021-29606,0.00215,0.10658
CVE-2021-29607,0.00234,0.12746
CVE-2021-29608,0.00234,0.12746
CVE-2021-29609,0.00234,0.12745
CVE-2021-29610,0.00201,0.0887
CVE-2021-29611,0.00202,0.08959
CVE-2021-29612,0.00287,0.18919
CVE-2021-29613,0.0024,0.13481
CVE-2021-29614,0.00221,0.11334
CVE-2021-29615,0.00204,0.0919
CVE-2021-29616,0.00206,0.09555
CVE-2021-29617,0.0023,0.12317
CVE-2021-29618,0.0023,0.12317
CVE-2021-29619,0.00194,0.08108
CVE-2021-29620,0.02227,0.82002
CVE-2021-29621,0.03404,0.884
CVE-2021-29622,0.1956,0.97291
CVE-2021-29623,0.01104,0.64332
CVE-2021-29624,0.00829,0.55743
CVE-2021-29625,0.09572,0.95299
CVE-2021-29626,0.00336,0.24335
CVE-2021-29627,0.00749,0.52976
CVE-2021-29628,0.01249,0.68122
CVE-2021-29629,0.01159,0.65751
CVE-2021-29630,0.01578,0.74445
CVE-2021-29631,0.00286,0.18811
CVE-2021-29632,0.00855,0.56607
CVE-2021-29641,0.04867,0.91717
CVE-2021-29642,0.00944,0.5943
CVE-2021-29643,0.00609,0.4695
CVE-2021-29644,0.02535,0.84282
CVE-2021-29645,0.00221,0.11298
CVE-2021-29646,0.0031,0.21231
CVE-2021-29647,0.00366,0.27818
CVE-2021-29648,0.00284,0.18653
CVE-2021-29649,0.00305,0.20697
CVE-2021-29650,0.00413,0.32903
CVE-2021-29651,0.00658,0.49369
CVE-2021-29652,0.00658,0.4937
CVE-2021-29653,0.00552,0.43772
CVE-2021-29654,0.02206,0.81825
CVE-2021-29655,0.00537,0.42836
CVE-2021-29656,0.0068,0.50328
CVE-2021-29657,0.00416,0.33252
CVE-2021-29658,0.01243,0.67979
CVE-2021-29659,0.01327,0.69805
CVE-2021-29660,0.00557,0.4411
CVE-2021-29661,0.006,0.46451
CVE-2021-29662,0.02219,0.81934
CVE-2021-29663,0.00806,0.54967
CVE-2021-29665,0.0112,0.64756
CVE-2021-29666,0.00495,0.39947
CVE-2021-29667,0.0117,0.66057
CVE-2021-29668,0.00495,0.39946
CVE-2021-29669,0.00223,0.11534
CVE-2021-29670,0.00495,0.39946
CVE-2021-29671,0.00231,0.12533
CVE-2021-29672,0.00345,0.25273
CVE-2021-29673,0.00495,0.39947
CVE-2021-29676,0.00832,0.5583
CVE-2021-29677,0.00495,0.39947
CVE-2021-29678,0.01091,0.63958
CVE-2021-29679,0.02,0.79882
CVE-2021-29681,0.00868,0.5701
CVE-2021-29682,0.01275,0.68689
CVE-2021-29683,0.00524,0.41986
CVE-2021-29686,0.00787,0.54279
CVE-2021-29687,0.01259,0.68348
CVE-2021-29688,0.02042,0.80334
CVE-2021-29691,0.00886,0.57562
CVE-2021-29692,0.01049,0.62778
CVE-2021-29693,0.00649,0.48921
CVE-2021-29694,0.0071,0.51547
CVE-2021-29695,0.02274,0.82371
CVE-2021-29696,0.02549,0.84369
CVE-2021-29697,0.01387,0.71083
CVE-2021-29699,0.00936,0.59179
CVE-2021-29700,0.00892,0.57727
CVE-2021-29701,0.00704,0.5129
CVE-2021-29702,0.01884,0.78616
CVE-2021-29703,0.01692,0.76127
CVE-2021-29704,0.00687,0.50656
CVE-2021-29706,0.00238,0.13297
CVE-2021-29707,0.00305,0.20785
CVE-2021-29708,0.00262,0.16112
CVE-2021-29711,0.00642,0.48593
CVE-2021-29712,0.00653,0.49124
CVE-2021-29713,0.00495,0.39951
CVE-2021-29714,0.01012,0.61663
CVE-2021-29715,0.01644,0.75419
CVE-2021-29716,0.00933,0.59077
CVE-2021-29719,0.01204,0.66967
CVE-2021-29722,0.00919,0.58599
CVE-2021-29723,0.00919,0.58599
CVE-2021-29725,0.02937,0.86552
CVE-2021-29726,0.0087,0.57098
CVE-2021-29727,0.00228,0.12105
CVE-2021-29728,0.0099,0.60949
CVE-2021-29730,0.00968,0.60244
CVE-2021-29735,0.00491,0.39649
CVE-2021-29736,0.01105,0.64359
CVE-2021-29737,0.00694,0.5089
CVE-2021-29738,0.00482,0.38971
CVE-2021-29739,0.01093,0.64017
CVE-2021-29740,0.00329,0.23352
CVE-2021-29741,0.00262,0.16072
CVE-2021-29742,0.00367,0.27861
CVE-2021-29743,0.00495,0.39948
CVE-2021-29744,0.00495,0.39952
CVE-2021-29745,0.01004,0.61417
CVE-2021-29747,0.01918,0.79012
CVE-2021-29749,0.00833,0.55868
CVE-2021-29750,0.00687,0.50655
CVE-2021-29751,0.0085,0.56402
CVE-2021-29752,0.01064,0.63223
CVE-2021-29753,0.00802,0.54823
CVE-2021-29754,0.00744,0.528
CVE-2021-29755,0.00497,0.40055
CVE-2021-29756,0.00566,0.44658
CVE-2021-29757,0.00397,0.31168
CVE-2021-29758,0.0063,0.47991
CVE-2021-29759,0.00261,0.15887
CVE-2021-29760,0.00575,0.45141
CVE-2021-29761,0.00727,0.52183
CVE-2021-29763,0.00254,0.15208
CVE-2021-29764,0.00495,0.39953
CVE-2021-29765,0.01145,0.65379
CVE-2021-29766,0.01275,0.68689
CVE-2021-29767,0.01275,0.68689
CVE-2021-29768,0.00979,0.60619
CVE-2021-29769,0.00511,0.41138
CVE-2021-29770,0.00619,0.47458
CVE-2021-29771,0.00495,0.39954
CVE-2021-29772,0.00922,0.58693
CVE-2021-29773,0.00681,0.50383
CVE-2021-29774,0.00982,0.60692
CVE-2021-29775,0.00876,0.57273
CVE-2021-29776,0.00647,0.48825
CVE-2021-29777,0.01369,0.70736
CVE-2021-29779,0.01238,0.6782
CVE-2021-29780,0.00672,0.49965
CVE-2021-29781,0.02859,0.86187
CVE-2021-29784,0.00982,0.60706
CVE-2021-29785,0.01299,0.69187
CVE-2021-29786,0.00562,0.44437
CVE-2021-29788,0.00481,0.38881
CVE-2021-29790,0.00481,0.38881
CVE-2021-29792,0.00472,0.38257
CVE-2021-29794,0.0071,0.51548
CVE-2021-29795,0.00236,0.13046
CVE-2021-29798,0.01134,0.65076
CVE-2021-29799,0.00833,0.55865
CVE-2021-29800,0.00495,0.39953
CVE-2021-29801,0.00262,0.16072
CVE-2021-29802,0.00622,0.47592
CVE-2021-29803,0.00495,0.39953
CVE-2021-29804,0.00495,0.3995
CVE-2021-29805,0.00495,0.3995
CVE-2021-29806,0.00539,0.42964
CVE-2021-29807,0.00539,0.42964
CVE-2021-29808,0.00539,0.42964
CVE-2021-29809,0.00539,0.42965
CVE-2021-29810,0.00495,0.39954
CVE-2021-29811,0.00968,0.60263
CVE-2021-29812,0.00495,0.39955
CVE-2021-29813,0.00495,0.39954
CVE-2021-29814,0.00495,0.39952
CVE-2021-29815,0.00495,0.39951
CVE-2021-29816,0.00372,0.28435
CVE-2021-29817,0.00539,0.42963
CVE-2021-29818,0.00539,0.42964
CVE-2021-29819,0.00539,0.42963
CVE-2021-29820,0.00539,0.42963
CVE-2021-29821,0.00539,0.42963
CVE-2021-29822,0.00495,0.39956
CVE-2021-29823,0.0049,0.39558
CVE-2021-29824,0.00877,0.57305
CVE-2021-29825,0.01505,0.73268
CVE-2021-29827,0.00275,0.17712
CVE-2021-29831,0.01467,0.72602
CVE-2021-29832,0.00495,0.39942
CVE-2021-29833,0.00495,0.39943
CVE-2021-29834,0.00495,0.39943
CVE-2021-29835,0.00637,0.48307
CVE-2021-29836,0.00495,0.39942
CVE-2021-29837,0.00397,0.31168
CVE-2021-29838,0.01283,0.68842
CVE-2021-29841,0.00495,0.39943
CVE-2021-29842,0.01345,0.70217
CVE-2021-29843,0.00939,0.5928
CVE-2021-29844,0.00592,0.46027
CVE-2021-29845,0.00766,0.53598
CVE-2021-29846,0.00603,0.46613
CVE-2021-29847,0.0099,0.60961
CVE-2021-29849,0.00637,0.48307
CVE-2021-29851,0.01055,0.62951
CVE-2021-29852,0.00532,0.42566
CVE-2021-29853,0.00781,0.54085
CVE-2021-29854,0.01139,0.65219
CVE-2021-29855,0.00495,0.39952
CVE-2021-29856,0.011,0.64246
CVE-2021-29859,0.00262,0.16067
CVE-2021-29860,0.00266,0.16525
CVE-2021-29861,0.00266,0.16525
CVE-2021-29862,0.00228,0.12105
CVE-2021-29863,0.00504,0.40515
CVE-2021-29864,0.00478,0.3866
CVE-2021-29865,0.0064,0.48486
CVE-2021-29867,0.00764,0.53504
CVE-2021-29868,0.00219,0.10979
CVE-2021-29872,0.00771,0.53766
CVE-2021-29873,0.01526,0.73603
CVE-2021-29875,0.01145,0.65379
CVE-2021-29878,0.00532,0.42567
CVE-2021-29880,0.00852,0.56479
CVE-2021-29883,0.00538,0.42924
CVE-2021-29888,0.0049,0.39576
CVE-2021-29891,0.0045,0.36484
CVE-2021-29892,0.00254,0.15173
CVE-2021-29894,0.00687,0.50656
CVE-2021-29899,0.01052,0.62862
CVE-2021-29903,0.01134,0.65076
CVE-2021-29904,0.00165,0.0501
CVE-2021-29905,0.00495,0.3995
CVE-2021-29906,0.0022,0.1119
CVE-2021-29907,0.01475,0.72734
CVE-2021-29908,0.02066,0.80578
CVE-2021-29912,0.00495,0.3995
CVE-2021-29913,0.00407,0.32291
CVE-2021-29921,0.06882,0.9383
CVE-2021-29922,0.02623,0.84843
CVE-2021-29923,0.03673,0.89244
CVE-2021-29929,0.01135,0.65103
CVE-2021-29930,0.01135,0.65103
CVE-2021-29931,0.00973,0.60432
CVE-2021-29932,0.00981,0.60664
CVE-2021-29933,0.01135,0.65102
CVE-2021-29934,0.009,0.57978
CVE-2021-29935,0.01025,0.62075
CVE-2021-29936,0.01326,0.69784
CVE-2021-29937,0.01363,0.70609
CVE-2021-29938,0.01135,0.65103
CVE-2021-29939,0.01025,0.62075
CVE-2021-29940,0.01326,0.69783
CVE-2021-29941,0.009,0.57979
CVE-2021-29942,0.009,0.57979
CVE-2021-29943,0.04665,0.91419
CVE-2021-29944,0.00702,0.51234
CVE-2021-29945,0.01202,0.66925
CVE-2021-29946,0.01303,0.69287
CVE-2021-29947,0.00867,0.56993
CVE-2021-29948,0.00286,0.18883
CVE-2021-29949,0.00316,0.21858
CVE-2021-29950,0.00853,0.56529
CVE-2021-29951,0.01852,0.78234
CVE-2021-29952,0.00736,0.52515
CVE-2021-29953,0.00647,0.48833
CVE-2021-29954,0.00643,0.4865
CVE-2021-29955,0.01481,0.72841
CVE-2021-29956,0.0081,0.55112
CVE-2021-29957,0.0094,0.59301
CVE-2021-29958,0.00671,0.49907
CVE-2021-29959,0.00839,0.56043
CVE-2021-29960,0.00829,0.55727
CVE-2021-29961,0.0076,0.53384
CVE-2021-29962,0.00745,0.52828
CVE-2021-29963,0.00334,0.24087
CVE-2021-29964,0.00816,0.55303
CVE-2021-29965,0.00737,0.52565
CVE-2021-29966,0.01022,0.61931
CVE-2021-29967,0.01368,0.70692
CVE-2021-29968,0.00826,0.55618
CVE-2021-29969,0.012,0.66861
CVE-2021-29970,0.01428,0.71858
CVE-2021-29971,0.01022,0.61975
CVE-2021-29972,0.01041,0.6254
CVE-2021-29973,0.00812,0.55181
CVE-2021-29974,0.0084,0.56089
CVE-2021-29975,0.00961,0.5998
CVE-2021-29976,0.01223,0.675
CVE-2021-29977,0.01009,0.61555
CVE-2021-29978,0.0278,0.85797
CVE-2021-29979,0.00668,0.49789
CVE-2021-29980,0.01399,0.71336
CVE-2021-29981,0.01012,0.6168
CVE-2021-29982,0.01124,0.64854
CVE-2021-29983,0.00735,0.52486
CVE-2021-29984,0.01386,0.71067
CVE-2021-29985,0.01451,0.72267
CVE-2021-29986,0.01263,0.68455
CVE-2021-29987,0.00945,0.59462
CVE-2021-29988,0.0138,0.70948
CVE-2021-29989,0.01268,0.68532
CVE-2021-29990,0.01009,0.61555
CVE-2021-29991,0.0091,0.58301
CVE-2021-29993,0.00726,0.52159
CVE-2021-29994,0.00901,0.58017
CVE-2021-29995,0.04208,0.90602
CVE-2021-29996,0.02751,0.85605
CVE-2021-29997,0.0103,0.62224
CVE-2021-29998,0.02393,0.83276
CVE-2021-29999,0.01789,0.77423
CVE-2021-2000,0.00764,0.53504
CVE-2021-2001,0.02205,0.81821
CVE-2021-2002,0.02609,0.84762
CVE-2021-2003,0.0069,0.50765
CVE-2021-2004,0.00956,0.59799
CVE-2021-2005,0.0135,0.70308
CVE-2021-2006,0.0182,0.77834
CVE-2021-2007,0.02262,0.82268
CVE-2021-2008,0.00907,0.58219
CVE-2021-2009,0.02389,0.83251
CVE-2021-2010,0.01413,0.7157
CVE-2021-2011,0.03028,0.86947
CVE-2021-2012,0.02295,0.82545
CVE-2021-2013,0.011,0.64234
CVE-2021-2014,0.02099,0.80907
CVE-2021-2015,0.01169,0.66039
CVE-2021-2016,0.02145,0.81313
CVE-2021-2017,0.00912,0.58367
CVE-2021-2018,0.01441,0.72086
CVE-2021-2019,0.01638,0.75337
CVE-2021-2020,0.02939,0.8656
CVE-2021-2021,0.10093,0.95477
CVE-2021-2022,0.01897,0.78775
CVE-2021-2023,0.01066,0.63306
CVE-2021-2024,0.0224,0.82116
CVE-2021-2025,0.01683,0.76
CVE-2021-2026,0.01169,0.66042
CVE-2021-2027,0.01169,0.66042
CVE-2021-2028,0.02157,0.81415
CVE-2021-2029,0.01665,0.75717
CVE-2021-2030,0.02157,0.81414
CVE-2021-2031,0.02308,0.8265
CVE-2021-2032,0.01588,0.74584
CVE-2021-2033,0.01662,0.75691
CVE-2021-2034,0.01169,0.66041
CVE-2021-2035,0.01395,0.7123
CVE-2021-2036,0.02157,0.81415
CVE-2021-2038,0.01722,0.76527
CVE-2021-2039,0.00937,0.59213
CVE-2021-2040,0.00972,0.60375
CVE-2021-2041,0.01357,0.70486
CVE-2021-2042,0.00445,0.36071
CVE-2021-2043,0.00972,0.60375
CVE-2021-2044,0.01233,0.67723
CVE-2021-2045,0.00939,0.59273
CVE-2021-2046,0.02308,0.8265
CVE-2021-2047,0.03804,0.89625
CVE-2021-2048,0.01734,0.76687
CVE-2021-2049,0.011,0.64234
CVE-2021-2050,0.011,0.64234
CVE-2021-2051,0.011,0.64234
CVE-2021-2052,0.01361,0.70572
CVE-2021-2053,0.00969,0.60284
CVE-2021-2054,0.01673,0.75834
CVE-2021-2055,0.02157,0.81415
CVE-2021-2056,0.01722,0.76527
CVE-2021-2057,0.00871,0.57122
CVE-2021-2058,0.02157,0.81413
CVE-2021-2059,0.01224,0.67519
CVE-2021-2060,0.02157,0.81414
CVE-2021-2061,0.01714,0.76432
CVE-2021-2062,0.00922,0.58665
CVE-2021-2063,0.0041,0.32521
CVE-2021-2064,0.03728,0.89402
CVE-2021-2065,0.02157,0.81415
CVE-2021-2066,0.01355,0.70439
CVE-2021-2067,0.01355,0.70439
CVE-2021-2068,0.01355,0.70439
CVE-2021-2069,0.01355,0.7044
CVE-2021-2070,0.02157,0.81414
CVE-2021-2071,0.01585,0.74543
CVE-2021-2072,0.02157,0.81414
CVE-2021-2073,0.00466,0.37693
CVE-2021-2074,0.00493,0.39757
CVE-2021-2075,0.03804,0.89625
CVE-2021-2076,0.02157,0.81413
CVE-2021-2077,0.01175,0.66212
CVE-2021-2078,0.01255,0.68242
CVE-2021-2079,0.01255,0.68243
CVE-2021-2080,0.01255,0.68243
CVE-2021-2081,0.0183,0.77953
CVE-2021-2082,0.01169,0.66042
CVE-2021-2083,0.01169,0.6604
CVE-2021-2084,0.01169,0.66043
CVE-2021-2085,0.01169,0.66042
CVE-2021-2086,0.00452,0.36649
CVE-2021-2087,0.00468,0.37858
CVE-2021-2088,0.00468,0.37858
CVE-2021-2089,0.01169,0.66038
CVE-2021-2090,0.01169,0.66038
CVE-2021-2091,0.01169,0.66039
CVE-2021-2092,0.01175,0.66212
CVE-2021-2093,0.01169,0.6604
CVE-2021-2094,0.01169,0.66038
CVE-2021-2096,0.01169,0.66041
CVE-2021-2097,0.01169,0.6604
CVE-2021-2098,0.01169,0.66039
CVE-2021-2099,0.01169,0.66041
CVE-2021-2100,0.01511,0.73374
CVE-2021-2101,0.01511,0.73373
CVE-2021-2102,0.01255,0.68242
CVE-2021-2103,0.01255,0.68242
CVE-2021-2104,0.01255,0.68242
CVE-2021-2105,0.01169,0.66038
CVE-2021-2106,0.01169,0.66041
CVE-2021-2107,0.01155,0.65657
CVE-2021-2108,0.03728,0.89402
CVE-2021-2109,0.70447,0.99369
CVE-2021-2110,0.00912,0.58368
CVE-2021-2111,0.00422,0.33882
CVE-2021-2112,0.00427,0.34333
CVE-2021-2113,0.00802,0.54798
CVE-2021-2114,0.59321,0.99089
CVE-2021-2115,0.00933,0.59076
CVE-2021-2116,0.0069,0.50765
CVE-2021-2117,0.0069,0.50766
CVE-2021-2118,0.01169,0.6604
CVE-2021-2119,0.00999,0.6125
CVE-2021-2120,0.00475,0.38455
CVE-2021-2121,0.00434,0.35029
CVE-2021-2122,0.02099,0.80907
CVE-2021-2123,0.00504,0.40546
CVE-2021-2124,0.00447,0.36204
CVE-2021-2125,0.00456,0.36922
CVE-2021-2126,0.00431,0.34702
CVE-2021-2127,0.0046,0.37289
CVE-2021-2128,0.00488,0.3943
CVE-2021-2129,0.00495,0.39934
CVE-2021-2130,0.00447,0.36226
CVE-2021-2131,0.0049,0.39573
CVE-2021-2134,0.00915,0.58497
CVE-2021-2135,0.08438,0.94807
CVE-2021-2136,0.0224,0.82117
CVE-2021-2137,0.01095,0.64109
CVE-2021-2138,0.00457,0.36983
CVE-2021-2140,0.00853,0.56501
CVE-2021-2141,0.00611,0.47053
CVE-2021-2142,0.00977,0.60571
CVE-2021-2144,0.01886,0.78638
CVE-2021-2145,0.00791,0.54418
CVE-2021-2146,0.01987,0.79756
CVE-2021-2147,0.00322,0.22577
CVE-2021-2149,0.00282,0.18444
CVE-2021-2150,0.00933,0.59086
CVE-2021-2151,0.00895,0.57831
CVE-2021-2152,0.00541,0.4314
CVE-2021-2153,0.00776,0.53927
CVE-2021-2154,0.02461,0.83776
CVE-2021-2155,0.0078,0.54049
CVE-2021-2156,0.01015,0.6176
CVE-2021-2157,0.01938,0.79245
CVE-2021-2158,0.00582,0.45506
CVE-2021-2159,0.00723,0.52042
CVE-2021-2160,0.0111,0.64493
CVE-2021-2161,0.03487,0.88684
CVE-2021-2162,0.00913,0.58394
CVE-2021-2163,0.03566,0.88912
CVE-2021-2164,0.02072,0.80645
CVE-2021-2166,0.04643,0.91387
CVE-2021-2167,0.00305,0.20717
CVE-2021-2169,0.02072,0.80646
CVE-2021-2170,0.02072,0.80646
CVE-2021-2171,0.01803,0.77602
CVE-2021-2172,0.02093,0.80854
CVE-2021-2173,0.01372,0.70787
CVE-2021-2174,0.01925,0.79088
CVE-2021-2175,0.01654,0.75562
CVE-2021-2177,0.02497,0.84023
CVE-2021-2178,0.02093,0.80854
CVE-2021-2179,0.02126,0.81151
CVE-2021-2180,0.0278,0.85797
CVE-2021-2181,0.00812,0.55178
CVE-2021-2182,0.00933,0.59088
CVE-2021-2183,0.00933,0.59086
CVE-2021-2184,0.00933,0.59087
CVE-2021-2185,0.00933,0.59088
CVE-2021-2186,0.00933,0.59085
CVE-2021-2187,0.00933,0.59086
CVE-2021-2188,0.00933,0.59086
CVE-2021-2189,0.147,0.96551
CVE-2021-2190,0.92907,0.99829
CVE-2021-2191,0.00542,0.43161
CVE-2021-2192,0.0026,0.15826
CVE-2021-2193,0.02072,0.80646
CVE-2021-2194,0.02308,0.82648
CVE-2021-2195,0.00933,0.59087
CVE-2021-2196,0.02126,0.81151
CVE-2021-2197,0.01023,0.61986
CVE-2021-2198,0.79936,0.99601
CVE-2021-2199,0.00933,0.59088
CVE-2021-2200,0.01191,0.66664
CVE-2021-2201,0.01283,0.68855
CVE-2021-2202,0.01352,0.70367
CVE-2021-2203,0.01319,0.6964
CVE-2021-2204,0.01367,0.7068
CVE-2021-2205,0.01344,0.70208
CVE-2021-2206,0.00933,0.59087
CVE-2021-2207,0.00595,0.46156
CVE-2021-2208,0.01373,0.70827
CVE-2021-2209,0.00796,0.54605
CVE-2021-2210,0.00933,0.59088
CVE-2021-2211,0.02408,0.83388
CVE-2021-2212,0.01319,0.69641
CVE-2021-2213,0.01319,0.6964
CVE-2021-2214,0.00905,0.58139
CVE-2021-2215,0.01412,0.71557
CVE-2021-2216,0.00853,0.56501
CVE-2021-2217,0.01412,0.71557
CVE-2021-2218,0.01293,0.69076
CVE-2021-2219,0.00865,0.5691
CVE-2021-2220,0.00596,0.46229
CVE-2021-2221,0.01992,0.79809
CVE-2021-2222,0.01053,0.62889
CVE-2021-2223,0.00987,0.60872
CVE-2021-2224,0.00987,0.60873
CVE-2021-2225,0.01015,0.61761
CVE-2021-2226,0.01388,0.71103
CVE-2021-2227,0.01015,0.61761
CVE-2021-2228,0.00931,0.58982
CVE-2021-2229,0.01015,0.6176
CVE-2021-2230,0.01338,0.70076
CVE-2021-2231,0.00931,0.58982
CVE-2021-2232,0.00363,0.27427
CVE-2021-2233,0.01015,0.61761
CVE-2021-2234,0.00789,0.54356
CVE-2021-2235,0.012,0.66861
CVE-2021-2236,0.00931,0.58982
CVE-2021-2237,0.00987,0.60871
CVE-2021-2238,0.00931,0.58982
CVE-2021-2239,0.00931,0.58983
CVE-2021-2240,0.00907,0.58219
CVE-2021-2241,0.00987,0.60869
CVE-2021-2242,0.00943,0.59394
CVE-2021-2244,0.01752,0.76908
CVE-2021-2245,0.00715,0.51731
CVE-2021-2246,0.00931,0.58981
CVE-2021-2247,0.00987,0.60873
CVE-2021-2248,0.02497,0.84023
CVE-2021-2249,0.00931,0.5898
CVE-2021-2250,0.00849,0.5636
CVE-2021-2251,0.00931,0.5898
CVE-2021-2252,0.00987,0.60873
CVE-2021-2253,0.01471,0.72674
CVE-2021-2254,0.00987,0.6087
CVE-2021-2255,0.00931,0.5898
CVE-2021-2256,0.01666,0.75748
CVE-2021-2257,0.00717,0.51797
CVE-2021-2258,0.00987,0.60872
CVE-2021-2259,0.00987,0.60869
CVE-2021-2260,0.00931,0.58983
CVE-2021-2261,0.00931,0.58981
CVE-2021-2262,0.00987,0.60873
CVE-2021-2263,0.00987,0.60871
CVE-2021-2264,0.00708,0.51467
CVE-2021-2266,0.00356,0.26646
CVE-2021-2267,0.00987,0.60868
CVE-2021-2268,0.00987,0.60872
CVE-2021-2269,0.00987,0.60874
CVE-2021-2270,0.00987,0.60868
CVE-2021-2271,0.00987,0.60874
CVE-2021-2272,0.00931,0.5898
CVE-2021-2273,0.00987,0.6087
CVE-2021-2274,0.00987,0.60874
CVE-2021-2275,0.00968,0.60262
CVE-2021-2276,0.00987,0.60869
CVE-2021-2277,0.01123,0.64811
CVE-2021-2278,0.01338,0.70077
CVE-2021-2279,0.0331,0.88086
CVE-2021-2280,0.00373,0.28592
CVE-2021-2281,0.00337,0.24433
CVE-2021-2282,0.00373,0.28593
CVE-2021-2283,0.00379,0.29149
CVE-2021-2284,0.00337,0.24433
CVE-2021-2285,0.00373,0.28593
CVE-2021-2286,0.00342,0.25022
CVE-2021-2287,0.00373,0.28592
CVE-2021-2288,0.00931,0.58979
CVE-2021-2289,0.15023,0.96603
CVE-2021-2290,0.01015,0.61762
CVE-2021-2291,0.00763,0.5348
CVE-2021-2292,0.00957,0.59826
CVE-2021-2293,0.01319,0.6964
CVE-2021-2294,0.01297,0.69166
CVE-2021-2295,0.00931,0.58981
CVE-2021-2296,0.00687,0.50633
CVE-2021-2297,0.00687,0.50633
CVE-2021-2298,0.01548,0.73978
CVE-2021-2299,0.01238,0.67839
CVE-2021-2300,0.01141,0.65264
CVE-2021-2301,0.01012,0.61674
CVE-2021-2302,0.05667,0.927
CVE-2021-2303,0.01451,0.72273
CVE-2021-2304,0.01156,0.6567
CVE-2021-2305,0.01188,0.66567
CVE-2021-2306,0.00351,0.26063
CVE-2021-2307,0.01013,0.61693
CVE-2021-2308,0.00955,0.59769
CVE-2021-2309,0.0058,0.4535
CVE-2021-2310,0.00645,0.48751
CVE-2021-2311,0.0096,0.59937
CVE-2021-2312,0.00326,0.23022
CVE-2021-2314,0.00987,0.6087
CVE-2021-2315,0.00959,0.59896
CVE-2021-2316,0.00996,0.61121
CVE-2021-2317,0.01872,0.78486
CVE-2021-2318,0.01074,0.63496
CVE-2021-2319,0.01074,0.63496
CVE-2021-2320,0.01074,0.63496
CVE-2021-2321,0.00563,0.44472
CVE-2021-2322,0.01427,0.71837
CVE-2021-2323,0.01289,0.68977
CVE-2021-2324,0.00504,0.40558
CVE-2021-2326,0.00763,0.53478
CVE-2021-2328,0.01,0.6126
CVE-2021-2329,0.01,0.6126
CVE-2021-2330,0.00782,0.54124
CVE-2021-2332,0.00884,0.57506
CVE-2021-2333,0.00901,0.58024
CVE-2021-2334,0.00729,0.52258
CVE-2021-2335,0.00607,0.46823
CVE-2021-2336,0.00607,0.46823
CVE-2021-2337,0.01289,0.68975
CVE-2021-2338,0.00934,0.59103
CVE-2021-2339,0.02731,0.85498
CVE-2021-2340,0.02629,0.84884
CVE-2021-2341,0.04238,0.90662
CVE-2021-2342,0.02588,0.84621
CVE-2021-2343,0.0086,0.56758
CVE-2021-2344,0.01395,0.71244
CVE-2021-2345,0.00651,0.49018
CVE-2021-2346,0.00511,0.41059
CVE-2021-2347,0.00886,0.57565
CVE-2021-2348,0.0086,0.56757
CVE-2021-2349,0.01688,0.76073
CVE-2021-2350,0.01688,0.76072
CVE-2021-2351,0.02432,0.83574
CVE-2021-2352,0.03218,0.87709
CVE-2021-2353,0.00289,0.19134
CVE-2021-2354,0.02831,0.86052
CVE-2021-2355,0.01407,0.71464
CVE-2021-2356,0.02203,0.81803
CVE-2021-2357,0.02588,0.84622
CVE-2021-2358,0.01586,0.74551
CVE-2021-2359,0.01089,0.63903
CVE-2021-2360,0.00931,0.58983
CVE-2021-2361,0.00931,0.58983
CVE-2021-2362,0.01185,0.66505
CVE-2021-2363,0.00931,0.58979
CVE-2021-2364,0.01185,0.66505
CVE-2021-2365,0.00931,0.58979
CVE-2021-2366,0.00555,0.4394
CVE-2021-2367,0.02588,0.84622
CVE-2021-2368,0.01517,0.73466
CVE-2021-2369,0.03444,0.88538
CVE-2021-2370,0.02518,0.8417
CVE-2021-2371,0.01174,0.66168
CVE-2021-2372,0.02956,0.86635
CVE-2021-2373,0.00511,0.41059
CVE-2021-2374,0.00456,0.36938
CVE-2021-2375,0.01032,0.62261
CVE-2021-2376,0.01834,0.78008
CVE-2021-2377,0.0067,0.4987
CVE-2021-2378,0.01834,0.78008
CVE-2021-2380,0.0069,0.50751
CVE-2021-2381,0.00293,0.19497
CVE-2021-2382,0.01845,0.78144
CVE-2021-2383,0.02588,0.84621
CVE-2021-2384,0.02214,0.81892
CVE-2021-2385,0.0187,0.78468
CVE-2021-2386,0.00662,0.49526
CVE-2021-2387,0.01611,0.74922
CVE-2021-2388,0.04008,0.90176
CVE-2021-2389,0.08149,0.94648
CVE-2021-2390,0.04267,0.90718
CVE-2021-2391,0.34677,0.98371
CVE-2021-2392,0.03119,0.87305
CVE-2021-2393,0.01095,0.64115
CVE-2021-2394,0.76567,0.99527
CVE-2021-2395,0.01405,0.7144
CVE-2021-2396,0.35713,0.9841
CVE-2021-2397,0.01626,0.75144
CVE-2021-2398,0.00987,0.60872
CVE-2021-2399,0.01663,0.75701
CVE-2021-2400,0.83298,0.99671
CVE-2021-2401,0.8482,0.99704
CVE-2021-2402,0.02088,0.80803
CVE-2021-2403,0.01646,0.75449
CVE-2021-2404,0.00925,0.58787
CVE-2021-2405,0.01015,0.61761
CVE-2021-2406,0.00987,0.60871
CVE-2021-2407,0.01219,0.67374
CVE-2021-2408,0.00853,0.56502
CVE-2021-2409,0.00731,0.52328
CVE-2021-2410,0.02088,0.80804
CVE-2021-2411,0.01659,0.75642
CVE-2021-2412,0.02088,0.80804
CVE-2021-2414,0.01157,0.65704
CVE-2021-2415,0.01491,0.73026
CVE-2021-2416,0.00928,0.58908
CVE-2021-2417,0.01967,0.79523
CVE-2021-2418,0.0171,0.76369
CVE-2021-2419,0.01142,0.65294
CVE-2021-2420,0.01142,0.65293
CVE-2021-2421,0.01463,0.72511
CVE-2021-2422,0.02441,0.83637
CVE-2021-2423,0.01442,0.72104
CVE-2021-2424,0.02088,0.80804
CVE-2021-2425,0.02106,0.80965
CVE-2021-2426,0.02106,0.80966
CVE-2021-2427,0.01999,0.79876
CVE-2021-2428,0.01561,0.74198
CVE-2021-2429,0.41478,0.9863
CVE-2021-2430,0.01442,0.72105
CVE-2021-2431,0.01142,0.65294
CVE-2021-2432,0.03701,0.89322
CVE-2021-2433,0.01832,0.77981
CVE-2021-2434,0.00987,0.60869
CVE-2021-2435,0.01412,0.71559
CVE-2021-2436,0.01155,0.65657
CVE-2021-2437,0.0171,0.76369
CVE-2021-2438,0.0084,0.56094
CVE-2021-2439,0.01093,0.64012
CVE-2021-2440,0.01718,0.76481
CVE-2021-2441,0.0171,0.76368
CVE-2021-2442,0.00395,0.30971
CVE-2021-2443,0.0036,0.27122
CVE-2021-2444,0.01791,0.77451
CVE-2021-2445,0.00831,0.55801
CVE-2021-2446,0.0158,0.74459
CVE-2021-2447,0.01095,0.64109
CVE-2021-2448,0.00287,0.18942
CVE-2021-2449,0.01063,0.63194
CVE-2021-2450,0.01063,0.63193
CVE-2021-2451,0.01063,0.63193
CVE-2021-2452,0.01063,0.63193
CVE-2021-2453,0.01063,0.63193
CVE-2021-2454,0.00374,0.2861
CVE-2021-2455,0.00901,0.58024
CVE-2021-2456,0.81366,0.99627
CVE-2021-2457,0.01214,0.67262
CVE-2021-2458,0.00682,0.50413
CVE-2021-2460,0.00504,0.40558
CVE-2021-2461,0.0106,0.63098
CVE-2021-2462,0.00809,0.5508
CVE-2021-2463,0.01601,0.7477
CVE-2021-2464,0.00334,0.24081
CVE-2021-2471,0.07493,0.94265
CVE-2021-2474,0.01162,0.65843
CVE-2021-2475,0.00396,0.3105
CVE-2021-2476,0.01196,0.66773
CVE-2021-2477,0.01463,0.72518
CVE-2021-2478,0.03318,0.88116
CVE-2021-2479,0.02649,0.85003
CVE-2021-2480,0.00828,0.55701
CVE-2021-2481,0.02353,0.82999
CVE-2021-2482,0.01162,0.65843
CVE-2021-2483,0.00975,0.60519
CVE-2021-2484,0.00987,0.60871
CVE-2021-2485,0.00975,0.60519
