#model_version:v2026.06.15,score_date:2026-09-21T12:03:23Z
cve,epss,percentile
CVE-2026-40000,0.00296,0.22465
CVE-2026-40001,0.00128,0.02771
CVE-2026-40002,0.00121,0.0221
CVE-2026-40003,0.00296,0.22416
CVE-2026-40004,0.00137,0.03502
CVE-2026-40005,0.00537,0.43969
CVE-2026-40006,0.00584,0.46383
CVE-2026-40007,0.00488,0.40941
CVE-2026-40008,0.00597,0.47006
CVE-2026-40009,0.00354,0.29022
CVE-2026-40010,0.00379,0.31697
CVE-2026-40011,0.00153,0.04782
CVE-2026-40012,0.00318,0.24937
CVE-2026-40013,0.00455,0.38677
CVE-2026-40014,0.00272,0.19801
CVE-2026-40015,0.0029,0.21772
CVE-2026-40016,0.00338,0.2721
CVE-2026-40017,0.00272,0.19801
CVE-2026-40018,0.0027,0.19408
CVE-2026-40019,0.00316,0.24662
CVE-2026-40020,0.0026,0.1807
CVE-2026-40021,0.0075,0.53025
CVE-2026-40022,0.00622,0.48135
CVE-2026-40023,0.00499,0.41616
CVE-2026-40024,0.00167,0.06327
CVE-2026-40025,0.00123,0.0238
CVE-2026-40026,0.00126,0.02622
CVE-2026-40027,0.00192,0.09094
CVE-2026-40028,0.002,0.10125
CVE-2026-40029,0.00805,0.54777
CVE-2026-40030,0.0075,0.53009
CVE-2026-40031,0.00142,0.0391
CVE-2026-40032,0.00726,0.52221
CVE-2026-40033,0.01037,0.61911
CVE-2026-40034,0.00351,0.2871
CVE-2026-40035,0.00557,0.44995
CVE-2026-40036,0.00508,0.4226
CVE-2026-40037,0.00305,0.23357
CVE-2026-40038,0.00161,0.05701
CVE-2026-40039,0.00338,0.27194
CVE-2026-40040,0.00474,0.40018
CVE-2026-40041,0.00109,0.01375
CVE-2026-40042,0.00373,0.31099
CVE-2026-40043,0.00304,0.23256
CVE-2026-40044,0.00484,0.4071
CVE-2026-40045,0.00116,0.01823
CVE-2026-40046,0.00375,0.31234
CVE-2026-40047,0.02429,0.83393
CVE-2026-40048,0.00246,0.16142
CVE-2026-40050,0.00597,0.46922
CVE-2026-40058,0.00083,0.00308
CVE-2026-40060,0.00324,0.25666
CVE-2026-40061,0.00235,0.14652
CVE-2026-40062,0.00619,0.4799
CVE-2026-40066,0.00409,0.34789
CVE-2026-40067,0.00324,0.25664
CVE-2026-40068,0.00314,0.2446
CVE-2026-40069,0.00266,0.18726
CVE-2026-40070,0.00135,0.03355
CVE-2026-40071,0.00219,0.12571
CVE-2026-40072,0.00229,0.13901
CVE-2026-40073,0.00543,0.44275
CVE-2026-40074,0.00366,0.30301
CVE-2026-40075,0.00558,0.45068
CVE-2026-40076,0.00853,0.56259
CVE-2026-40077,0.00219,0.12682
CVE-2026-40079,0.0169,0.75674
CVE-2026-40080,0.00257,0.17673
CVE-2026-40082,0.0032,0.25126
CVE-2026-40083,0.00502,0.41812
CVE-2026-40084,0.00486,0.40822
CVE-2026-40086,0.00592,0.46733
CVE-2026-40087,0.00262,0.1824
CVE-2026-40088,0.00419,0.35714
CVE-2026-40089,0.00232,0.14311
CVE-2026-40090,0.0032,0.25167
CVE-2026-40091,0.00166,0.06285
CVE-2026-40092,0.00626,0.4833
CVE-2026-40093,0.00314,0.24455
CVE-2026-40094,0.00302,0.23053
CVE-2026-40096,0.00206,0.10956
CVE-2026-40097,0.00181,0.07927
CVE-2026-40098,0.00176,0.07345
CVE-2026-40099,0.00275,0.20144
CVE-2026-40100,0.00253,0.17077
CVE-2026-40102,0.00295,0.22361
CVE-2026-40103,0.00222,0.13053
CVE-2026-40104,0.004,0.3393
CVE-2026-40105,0.00549,0.44587
CVE-2026-40106,0.00134,0.0324
CVE-2026-40107,0.00306,0.23535
CVE-2026-40108,0.00268,0.19225
CVE-2026-40109,0.00127,0.02745
CVE-2026-40110,0.0034,0.27527
CVE-2026-40111,0.00229,0.13947
CVE-2026-40112,0.00216,0.12223
CVE-2026-40113,0.00231,0.14159
CVE-2026-40114,0.0028,0.20712
CVE-2026-40115,0.00334,0.26744
CVE-2026-40116,0.00372,0.30982
CVE-2026-40117,0.00234,0.14547
CVE-2026-40118,0.00178,0.07542
CVE-2026-40126,0.00297,0.22554
CVE-2026-40127,0.00363,0.30042
CVE-2026-40128,0.00454,0.38653
CVE-2026-40129,0.00255,0.17388
CVE-2026-40130,0.00351,0.28757
CVE-2026-40131,0.00173,0.07035
CVE-2026-40132,0.0019,0.0886
CVE-2026-40133,0.00216,0.12224
CVE-2026-40134,0.00198,0.09847
CVE-2026-40135,0.01398,0.70838
CVE-2026-40136,0.0029,0.21777
CVE-2026-40137,0.00211,0.11622
CVE-2026-40138,0.00459,0.38989
CVE-2026-40139,0.00752,0.53078
CVE-2026-40140,0.00648,0.49292
CVE-2026-40141,0.0053,0.43553
CVE-2026-40144,0.00119,0.01998
CVE-2026-40145,0.00127,0.02687
CVE-2026-40148,0.00243,0.15736
CVE-2026-40149,0.00227,0.13737
CVE-2026-40150,0.00269,0.19276
CVE-2026-40151,0.00758,0.53271
CVE-2026-40152,0.00311,0.24065
CVE-2026-40153,0.00273,0.19848
CVE-2026-40154,0.00304,0.23255
CVE-2026-40155,0.00214,0.12081
CVE-2026-40156,0.00209,0.11335
CVE-2026-40157,0.00379,0.31609
CVE-2026-40158,0.0024,0.15387
CVE-2026-40159,0.00182,0.08013
CVE-2026-40160,0.0036,0.29742
CVE-2026-40161,0.0026,0.18015
CVE-2026-40162,0.00299,0.22733
CVE-2026-40163,0.00333,0.26711
CVE-2026-40164,0.00366,0.30282
CVE-2026-40165,0.00502,0.41807
CVE-2026-40166,0.0046,0.39066
CVE-2026-40168,0.00371,0.30898
CVE-2026-40169,0.0018,0.07865
CVE-2026-40170,0.00776,0.53843
CVE-2026-40171,0.00476,0.40194
CVE-2026-40172,0.00535,0.43856
CVE-2026-40173,0.00509,0.42278
CVE-2026-40174,0.00165,0.06141
CVE-2026-40175,0.01882,0.78251
CVE-2026-40176,0.01065,0.6277
CVE-2026-40177,0.00329,0.26226
CVE-2026-40178,0.00232,0.14381
CVE-2026-40179,0.00259,0.17904
CVE-2026-40180,0.00387,0.3252
CVE-2026-40181,0.00211,0.11677
CVE-2026-40182,0.00304,0.23338
CVE-2026-40183,0.00187,0.08592
CVE-2026-40184,0.00235,0.14765
CVE-2026-40185,0.00209,0.11383
CVE-2026-40186,0.00235,0.14704
CVE-2026-40187,0.00933,0.5865
CVE-2026-40188,0.00318,0.24895
CVE-2026-40189,0.00643,0.49067
CVE-2026-40190,0.00313,0.24393
CVE-2026-40191,0.00115,0.01779
CVE-2026-40192,0.00671,0.50196
CVE-2026-40193,0.00419,0.35764
CVE-2026-40194,0.00361,0.29854
CVE-2026-40195,0.00398,0.33784
CVE-2026-40196,0.00247,0.16242
CVE-2026-40197,0.00385,0.3228
CVE-2026-40198,0.00309,0.23888
CVE-2026-40199,0.00307,0.23644
CVE-2026-40200,0.00166,0.06235
CVE-2026-40201,0.00241,0.15478
CVE-2026-40203,0.00219,0.12607
CVE-2026-40204,0.00179,0.07719
CVE-2026-40205,0.00179,0.07702
CVE-2026-40208,0.00205,0.10749
CVE-2026-40209,0.0029,0.21801
CVE-2026-40210,0.00261,0.18161
CVE-2026-40211,0.00296,0.22476
CVE-2026-40212,0.00219,0.12573
CVE-2026-40213,0.00206,0.11046
CVE-2026-40214,0.00206,0.11046
CVE-2026-40215,0.00372,0.30918
CVE-2026-40217,0.15056,0.96629
CVE-2026-40223,0.00086,0.00399
CVE-2026-40224,0.00079,0.00179
CVE-2026-40225,0.00144,0.04052
CVE-2026-40226,0.00072,0.0007
CVE-2026-40227,0.00202,0.10395
CVE-2026-40228,0.00173,0.0704
CVE-2026-40229,0.00177,0.07439
CVE-2026-40230,0.00178,0.07583
CVE-2026-40242,0.00621,0.48081
CVE-2026-40243,0.00173,0.07016
CVE-2026-40244,0.00427,0.36424
CVE-2026-40245,0.00506,0.4208
CVE-2026-40246,0.0038,0.31771
CVE-2026-40247,0.00493,0.41256
CVE-2026-40248,0.00427,0.36433
CVE-2026-40249,0.00321,0.25255
CVE-2026-40250,0.0045,0.38325
CVE-2026-40251,0.00408,0.34743
CVE-2026-40252,0.00342,0.2771
CVE-2026-40253,0.0016,0.05644
CVE-2026-40254,0.002,0.10211
CVE-2026-40255,0.00248,0.16361
CVE-2026-40256,0.00324,0.25648
CVE-2026-40257,0.00153,0.04796
CVE-2026-40258,0.00401,0.3401
CVE-2026-40259,0.004,0.33945
CVE-2026-40260,0.00423,0.36114
CVE-2026-40261,0.01688,0.75651
CVE-2026-40262,0.00309,0.2388
CVE-2026-40263,0.002,0.1013
CVE-2026-40264,0.00301,0.22953
CVE-2026-40265,0.00441,0.37614
CVE-2026-40272,0.00113,0.016
CVE-2026-40279,0.00242,0.15686
CVE-2026-40280,0.0195,0.79073
CVE-2026-40281,0.00612,0.47659
CVE-2026-40282,0.00258,0.1773
CVE-2026-40283,0.00204,0.10728
CVE-2026-40284,0.0023,0.1412
CVE-2026-40285,0.00266,0.1877
CVE-2026-40286,0.00209,0.11394
CVE-2026-40287,0.00246,0.16182
CVE-2026-40288,0.00609,0.4751
CVE-2026-40289,0.00356,0.29265
CVE-2026-40290,0.00187,0.08559
CVE-2026-40291,0.00316,0.24665
CVE-2026-40293,0.00287,0.2141
CVE-2026-40295,0.00241,0.15508
CVE-2026-40296,0.00225,0.13407
CVE-2026-40299,0.00339,0.27381
CVE-2026-40300,0.00247,0.16295
CVE-2026-40301,0.00271,0.1949
CVE-2026-40302,0.00209,0.11344
CVE-2026-40303,0.00453,0.38538
CVE-2026-40304,0.00286,0.2132
CVE-2026-40305,0.00183,0.08116
CVE-2026-40306,0.00175,0.07266
CVE-2026-40308,0.00932,0.58625
CVE-2026-40309,0.00165,0.06141
CVE-2026-40310,0.00189,0.08813
CVE-2026-40311,0.00184,0.08222
CVE-2026-40312,0.00177,0.07489
CVE-2026-40313,0.00305,0.23377
CVE-2026-40314,0.00272,0.1979
CVE-2026-40315,0.00297,0.22507
CVE-2026-40316,0.00411,0.34976
CVE-2026-40317,0.00225,0.13487
CVE-2026-40318,0.00287,0.21458
CVE-2026-40319,0.00149,0.04492
CVE-2026-40320,0.00144,0.04052
CVE-2026-40321,0.06412,0.93461
CVE-2026-40322,0.00306,0.23527
CVE-2026-40323,0.00195,0.09514
CVE-2026-40324,0.00902,0.5771
CVE-2026-40325,0.00151,0.04609
CVE-2026-40326,0.00156,0.05115
CVE-2026-40329,0.00302,0.2307
CVE-2026-40330,0.00425,0.36254
CVE-2026-40331,0.00317,0.24737
CVE-2026-40332,0.00328,0.2609
CVE-2026-40333,0.00218,0.12542
CVE-2026-40334,0.00187,0.08565
CVE-2026-40335,0.00198,0.09798
CVE-2026-40336,0.00181,0.07925
CVE-2026-40337,0.00155,0.04996
CVE-2026-40338,0.00198,0.09797
CVE-2026-40339,0.00198,0.09798
CVE-2026-40340,0.00218,0.12541
CVE-2026-40341,0.00187,0.08565
CVE-2026-40342,0.00692,0.51046
CVE-2026-40343,0.08627,0.94918
CVE-2026-40344,0.00418,0.35704
CVE-2026-40345,0.00467,0.39535
CVE-2026-40346,0.00384,0.32209
CVE-2026-40347,0.00351,0.28681
CVE-2026-40348,0.00379,0.31683
CVE-2026-40349,0.0053,0.43552
CVE-2026-40350,0.00441,0.37677
CVE-2026-40351,0.00627,0.48384
CVE-2026-40352,0.0038,0.31821
CVE-2026-40353,0.00207,0.11159
CVE-2026-40354,0.00128,0.02772
CVE-2026-40355,0.00611,0.47588
CVE-2026-40356,0.00604,0.4729
CVE-2026-40357,0.01698,0.75793
CVE-2026-40358,0.00369,0.30614
CVE-2026-40359,0.00332,0.26524
CVE-2026-40360,0.00408,0.34708
CVE-2026-40361,0.00605,0.47323
CVE-2026-40362,0.00328,0.2609
CVE-2026-40363,0.00383,0.32101
CVE-2026-40364,0.04421,0.9094
CVE-2026-40365,0.00961,0.59562
CVE-2026-40366,0.00383,0.321
CVE-2026-40367,0.00453,0.38567
CVE-2026-40368,0.01977,0.79358
CVE-2026-40369,0.04725,0.91445
CVE-2026-40370,0.00555,0.44898
CVE-2026-40371,0.0063,0.48488
CVE-2026-40372,0.11205,0.95819
CVE-2026-40374,0.00868,0.56731
CVE-2026-40375,0.00769,0.53643
CVE-2026-40376,0.00671,0.502
CVE-2026-40377,0.00304,0.23333
CVE-2026-40378,0.01174,0.65682
CVE-2026-40379,0.0091,0.57936
CVE-2026-40380,0.00462,0.39176
CVE-2026-40381,0.00219,0.12649
CVE-2026-40382,0.00249,0.16494
CVE-2026-40383,0.005,0.41723
CVE-2026-40384,0.00445,0.37947
CVE-2026-40385,0.00094,0.00691
CVE-2026-40386,0.0014,0.03735
CVE-2026-40393,0.00427,0.36482
CVE-2026-40394,0.00236,0.14912
CVE-2026-40395,0.00236,0.14912
CVE-2026-40396,0.00347,0.28223
CVE-2026-40397,0.00273,0.19867
CVE-2026-40398,0.02419,0.83314
CVE-2026-40399,0.00328,0.26114
CVE-2026-40400,0.00868,0.5672
CVE-2026-40401,0.00331,0.26423
CVE-2026-40402,0.00332,0.26591
CVE-2026-40403,0.00427,0.36454
CVE-2026-40404,0.00339,0.27306
CVE-2026-40405,0.01078,0.63117
CVE-2026-40406,0.00931,0.58564
CVE-2026-40407,0.00304,0.23333
CVE-2026-40408,0.00298,0.22632
CVE-2026-40409,0.00298,0.22631
CVE-2026-40410,0.00243,0.15763
CVE-2026-40411,0.00525,0.43295
CVE-2026-40412,0.00534,0.43807
CVE-2026-40413,0.00401,0.34064
CVE-2026-40414,0.00528,0.43451
CVE-2026-40415,0.00789,0.54278
CVE-2026-40416,0.00349,0.2843
CVE-2026-40417,0.00272,0.19836
CVE-2026-40418,0.00254,0.17297
CVE-2026-40419,0.00305,0.2337
CVE-2026-40420,0.00212,0.11776
CVE-2026-40421,0.0062,0.48026
CVE-2026-40422,0.00404,0.34386
CVE-2026-40423,0.00263,0.18415
CVE-2026-40425,0.00376,0.31326
CVE-2026-40430,0.00394,0.33315
CVE-2026-40431,0.0019,0.08926
CVE-2026-40434,0.00231,0.142
CVE-2026-40435,0.00228,0.13797
CVE-2026-40436,0.00191,0.09029
CVE-2026-40446,0.00231,0.14229
CVE-2026-40447,0.00172,0.06928
CVE-2026-40448,0.00124,0.02437
CVE-2026-40449,0.00138,0.03511
CVE-2026-40450,0.00138,0.03511
CVE-2026-40451,0.00168,0.06562
CVE-2026-40452,0.00434,0.37101
CVE-2026-40453,0.01556,0.73641
CVE-2026-40454,0.00488,0.40945
CVE-2026-40455,0.00216,0.1225
CVE-2026-40456,0.00947,0.59091
CVE-2026-40457,0.00318,0.24934
CVE-2026-40458,0.00165,0.06209
CVE-2026-40459,0.00608,0.47472
CVE-2026-40460,0.00373,0.31103
CVE-2026-40461,0.00285,0.21239
CVE-2026-40462,0.00248,0.16405
CVE-2026-40463,0.00261,0.18101
CVE-2026-40464,0.00133,0.03196
CVE-2026-40465,0.00174,0.07179
CVE-2026-40466,0.04783,0.91538
CVE-2026-40467,0.00213,0.11933
CVE-2026-40468,0.00201,0.10256
CVE-2026-40469,0.00353,0.28916
CVE-2026-40470,0.00309,0.23879
CVE-2026-40471,0.00137,0.03448
CVE-2026-40472,0.00303,0.23159
CVE-2026-40473,0.00872,0.56843
CVE-2026-40474,0.00333,0.26643
CVE-2026-40476,0.0058,0.46164
CVE-2026-40477,0.00851,0.56192
CVE-2026-40478,0.01102,0.63761
CVE-2026-40479,0.00207,0.11159
CVE-2026-40480,0.00336,0.27063
CVE-2026-40481,0.00446,0.38087
CVE-2026-40482,0.00311,0.24108
CVE-2026-40483,0.00224,0.13221
CVE-2026-40484,0.00867,0.56678
CVE-2026-40485,0.00335,0.26933
CVE-2026-40486,0.00267,0.19047
CVE-2026-40487,0.00224,0.13317
CVE-2026-40488,0.00691,0.5098
CVE-2026-40489,0.00151,0.04631
CVE-2026-40490,0.00326,0.2589
CVE-2026-40491,0.00575,0.45922
CVE-2026-40492,0.00332,0.26547
CVE-2026-40493,0.00367,0.30413
CVE-2026-40494,0.00314,0.24482
CVE-2026-40495,0.00279,0.20559
CVE-2026-40496,0.00403,0.34309
CVE-2026-40497,0.00243,0.15798
CVE-2026-40498,0.00571,0.45738
CVE-2026-40499,0.01184,0.65954
CVE-2026-40501,0.00805,0.54785
CVE-2026-40502,0.01687,0.75643
CVE-2026-40503,0.00414,0.35268
CVE-2026-40504,0.0064,0.48951
CVE-2026-40505,0.00166,0.06289
CVE-2026-40506,0.00552,0.44736
CVE-2026-40507,0.00299,0.22728
CVE-2026-40508,0.0021,0.1146
CVE-2026-40509,0.00128,0.02776
CVE-2026-40510,0.00294,0.22179
CVE-2026-40514,0.00155,0.05022
CVE-2026-40515,0.0023,0.14115
CVE-2026-40516,0.0018,0.0786
CVE-2026-40517,0.01051,0.62301
CVE-2026-40518,0.00356,0.29291
CVE-2026-40519,0.00921,0.58267
CVE-2026-40520,0.01379,0.70475
CVE-2026-40521,0.00977,0.60129
CVE-2026-40522,0.00233,0.14424
CVE-2026-40523,0.00473,0.39972
CVE-2026-40524,0.00473,0.39972
CVE-2026-40525,0.00571,0.45728
CVE-2026-40526,0.00623,0.48185
CVE-2026-40527,0.00915,0.58089
CVE-2026-40528,0.00146,0.04237
CVE-2026-40529,0.00161,0.05731
CVE-2026-40530,0.00347,0.28291
CVE-2026-40531,0.00333,0.26642
CVE-2026-40532,0.0032,0.25193
CVE-2026-40533,0.00294,0.22158
CVE-2026-40534,0.00204,0.10703
CVE-2026-40535,0.00434,0.3705
CVE-2026-40536,0.00369,0.30692
CVE-2026-40537,0.00254,0.17177
CVE-2026-40538,0.00249,0.16564
CVE-2026-40539,0.00076,0.00116
CVE-2026-40541,0.0048,0.40463
CVE-2026-40542,0.00557,0.45036
CVE-2026-40543,0.00273,0.19894
CVE-2026-40544,0.00295,0.22307
CVE-2026-40545,0.00404,0.34341
CVE-2026-40546,0.00211,0.11698
CVE-2026-40547,0.00447,0.38113
CVE-2026-40548,0.0031,0.23957
CVE-2026-40549,0.00182,0.08025
CVE-2026-40550,0.00121,0.02231
CVE-2026-40551,0.00132,0.0317
CVE-2026-40552,0.00286,0.21343
CVE-2026-40553,0.00291,0.21826
CVE-2026-40557,0.00193,0.09266
CVE-2026-40560,0.00487,0.40919
CVE-2026-40561,0.00364,0.30087
CVE-2026-40562,0.00319,0.25012
CVE-2026-40563,0.00464,0.39286
CVE-2026-40564,0.0049,0.41109
CVE-2026-40565,0.00199,0.09983
CVE-2026-40566,0.00291,0.21924
CVE-2026-40567,0.00242,0.15702
CVE-2026-40568,0.00238,0.15116
CVE-2026-40569,0.00296,0.22482
CVE-2026-40570,0.00249,0.16462
CVE-2026-40571,0.00235,0.14754
CVE-2026-40572,0.00213,0.11928
CVE-2026-40574,0.00209,0.113
CVE-2026-40575,0.00477,0.40244
CVE-2026-40576,0.00391,0.32988
CVE-2026-40581,0.00199,0.09999
CVE-2026-40582,0.00502,0.41826
CVE-2026-40583,0.00376,0.31395
CVE-2026-40584,0.00276,0.20246
CVE-2026-40585,0.00216,0.12247
CVE-2026-40586,0.00301,0.22918
CVE-2026-40587,0.00242,0.15599
CVE-2026-40588,0.00215,0.12117
CVE-2026-40589,0.00236,0.14835
CVE-2026-40590,0.00214,0.11965
CVE-2026-40591,0.00211,0.11693
CVE-2026-40592,0.00238,0.15072
CVE-2026-40593,0.002,0.10087
CVE-2026-40594,0.00171,0.06798
CVE-2026-40595,0.00275,0.20103
CVE-2026-40596,0.00424,0.36209
CVE-2026-40597,0.00498,0.41586
CVE-2026-40598,0.00447,0.38168
CVE-2026-40599,0.00134,0.03281
CVE-2026-40600,0.00232,0.14264
CVE-2026-40601,0.00326,0.25896
CVE-2026-40602,0.00103,0.01126
CVE-2026-40603,0.00241,0.15482
CVE-2026-40604,0.00105,0.01203
CVE-2026-40605,0.00303,0.23221
CVE-2026-40606,0.00166,0.06288
CVE-2026-40607,0.00419,0.35717
CVE-2026-40608,0.00146,0.04261
CVE-2026-40610,0.00284,0.21129
CVE-2026-40611,0.0034,0.27459
CVE-2026-40612,0.00161,0.05701
CVE-2026-40613,0.01123,0.64303
CVE-2026-40614,0.00224,0.13315
CVE-2026-40618,0.00324,0.25664
CVE-2026-40619,0.00115,0.01753
CVE-2026-40620,0.00546,0.44424
CVE-2026-40621,0.00491,0.41168
CVE-2026-40622,0.00136,0.03369
CVE-2026-40623,0.00324,0.25628
CVE-2026-40624,0.00835,0.55711
CVE-2026-40629,0.00324,0.25665
CVE-2026-40630,0.00727,0.52257
CVE-2026-40631,0.00248,0.16394
CVE-2026-40633,0.00109,0.01404
CVE-2026-40635,0.0023,0.14098
CVE-2026-40636,0.00223,0.13173
CVE-2026-40638,0.00119,0.02001
CVE-2026-40639,0.00192,0.09122
CVE-2026-40641,0.001,0.00995
CVE-2026-40677,0.00435,0.37135
CVE-2026-40682,0.00495,0.41414
CVE-2026-40683,0.00337,0.27147
CVE-2026-40684,0.00362,0.29921
CVE-2026-40685,0.00321,0.25253
CVE-2026-40686,0.00246,0.16155
CVE-2026-40687,0.00373,0.31025
CVE-2026-40688,0.06438,0.9349
CVE-2026-40690,0.00352,0.28829
CVE-2026-40691,0.00293,0.22098
CVE-2026-40698,0.00235,0.14652
CVE-2026-40699,0.00277,0.20295
CVE-2026-40701,0.0069,0.50955
CVE-2026-40702,0.00646,0.49196
CVE-2026-40703,0.00104,0.01163
CVE-2026-40706,0.00165,0.06162
CVE-2026-40711,0.01347,0.6978
CVE-2026-40712,0.00349,0.28527
CVE-2026-40713,0.00152,0.04698
CVE-2026-40714,0.00499,0.41669
CVE-2026-40715,0.001,0.00966
CVE-2026-40717,0.00115,0.01784
CVE-2026-40719,0.00375,0.31215
CVE-2026-40720,0.00175,0.07246
CVE-2026-40721,0.004,0.33919
CVE-2026-40722,0.00188,0.08622
CVE-2026-40723,0.00243,0.15805
CVE-2026-40724,0.00412,0.35056
CVE-2026-40725,0.00375,0.3127
CVE-2026-40726,0.00244,0.15893
CVE-2026-40727,0.00342,0.27671
CVE-2026-40728,0.00144,0.04065
CVE-2026-40729,0.00141,0.03813
CVE-2026-40730,0.00195,0.09515
CVE-2026-40731,0.00423,0.36088
CVE-2026-40732,0.00175,0.07233
CVE-2026-40733,0.00308,0.23744
CVE-2026-40734,0.00139,0.03592
CVE-2026-40735,0.00395,0.33404
CVE-2026-40736,0.0025,0.16618
CVE-2026-40737,0.00212,0.11787
CVE-2026-40738,0.00308,0.23743
CVE-2026-40739,0.0032,0.25128
CVE-2026-40740,0.00177,0.0751
CVE-2026-40741,0.00246,0.16068
CVE-2026-40742,0.00187,0.08587
CVE-2026-40743,0.00252,0.16907
CVE-2026-40744,0.0022,0.12823
CVE-2026-40745,0.00236,0.14887
CVE-2026-40746,0.00434,0.37047
CVE-2026-40747,0.00434,0.37046
CVE-2026-40748,0.00434,0.37047
CVE-2026-40749,0.00434,0.37046
CVE-2026-40750,0.00273,0.19935
CVE-2026-40751,0.0032,0.25129
CVE-2026-40752,0.00308,0.23746
CVE-2026-40753,0.00308,0.23744
CVE-2026-40754,0.0025,0.16618
CVE-2026-40755,0.0025,0.16617
CVE-2026-40756,0.0025,0.16617
CVE-2026-40757,0.0025,0.16618
CVE-2026-40758,0.0032,0.25129
CVE-2026-40759,0.0032,0.25129
CVE-2026-40760,0.0025,0.16617
CVE-2026-40761,0.0025,0.16619
CVE-2026-40762,0.00251,0.1676
CVE-2026-40763,0.00178,0.0762
CVE-2026-40764,0.00101,0.00999
CVE-2026-40765,0.0023,0.14039
CVE-2026-40766,0.00332,0.2656
CVE-2026-40767,0.00287,0.21415
CVE-2026-40768,0.00288,0.21594
CVE-2026-40769,0.00442,0.377
CVE-2026-40770,0.00175,0.07233
CVE-2026-40771,0.00283,0.21024
CVE-2026-40772,0.00359,0.29601
CVE-2026-40773,0.00279,0.2061
CVE-2026-40774,0.00238,0.15161
CVE-2026-40775,0.00224,0.13247
CVE-2026-40776,0.00414,0.35245
CVE-2026-40778,0.00163,0.05966
CVE-2026-40779,0.00327,0.25969
CVE-2026-40780,0.00267,0.19101
CVE-2026-40781,0.00294,0.22194
CVE-2026-40782,0.00242,0.1564
CVE-2026-40783,0.00541,0.44188
CVE-2026-40784,0.00168,0.06509
CVE-2026-40785,0.00385,0.32362
CVE-2026-40786,0.00141,0.03813
CVE-2026-40787,0.00175,0.07233
CVE-2026-40788,0.00307,0.23638
CVE-2026-40789,0.00294,0.2217
CVE-2026-40790,0.00326,0.2585
CVE-2026-40791,0.0021,0.11497
CVE-2026-40792,0.00249,0.16533
CVE-2026-40793,0.00279,0.2061
CVE-2026-40794,0.00279,0.2061
CVE-2026-40795,0.00271,0.1955
CVE-2026-40796,0.00345,0.28031
CVE-2026-40797,0.00352,0.28779
CVE-2026-40798,0.00283,0.21022
CVE-2026-40799,0.00309,0.23909
CVE-2026-40809,0.00196,0.09627
CVE-2026-40810,0.0032,0.2507
CVE-2026-40811,0.0032,0.25071
CVE-2026-40812,0.0032,0.2507
CVE-2026-40813,0.0032,0.25071
CVE-2026-40814,0.0032,0.25071
CVE-2026-40815,0.0032,0.25072
CVE-2026-40816,0.0032,0.25072
CVE-2026-40817,0.0032,0.2507
CVE-2026-40818,0.0032,0.2507
CVE-2026-40819,0.0032,0.25072
CVE-2026-40821,0.00281,0.20799
CVE-2026-40822,0.00281,0.208
CVE-2026-40823,0.00239,0.15262
CVE-2026-40824,0.00239,0.15262
CVE-2026-40825,0.00239,0.15262
CVE-2026-40826,0.00281,0.20799
CVE-2026-40827,0.00295,0.2238
CVE-2026-40828,0.00295,0.22379
CVE-2026-40829,0.00295,0.22379
CVE-2026-40830,0.00295,0.22379
CVE-2026-40831,0.00324,0.25594
CVE-2026-40832,0.00262,0.18314
CVE-2026-40833,0.00223,0.1319
CVE-2026-40834,0.00223,0.1319
CVE-2026-40835,0.00262,0.18314
CVE-2026-40836,0.00223,0.13191
CVE-2026-40837,0.00262,0.18313
CVE-2026-40838,0.00262,0.18312
CVE-2026-40839,0.00262,0.18313
CVE-2026-40840,0.00262,0.18315
CVE-2026-40841,0.00262,0.18314
CVE-2026-40842,0.00262,0.18313
CVE-2026-40843,0.00262,0.18314
CVE-2026-40844,0.00262,0.18315
CVE-2026-40845,0.00262,0.18315
CVE-2026-40846,0.00262,0.18315
CVE-2026-40847,0.00262,0.18312
CVE-2026-40848,0.00262,0.18312
CVE-2026-40849,0.00262,0.18312
CVE-2026-40850,0.00395,0.33425
CVE-2026-40851,0.00133,0.03191
CVE-2026-40852,0.0037,0.30734
CVE-2026-40854,0.00297,0.22547
CVE-2026-40855,0.01133,0.64554
CVE-2026-40856,0.00319,0.25027
CVE-2026-40857,0.00189,0.08858
CVE-2026-40858,0.00934,0.58679
CVE-2026-40859,0.00886,0.57247
CVE-2026-40860,0.01226,0.67027
CVE-2026-40861,0.00691,0.51012
CVE-2026-40863,0.00395,0.33464
CVE-2026-40864,0.00159,0.05441
CVE-2026-40865,0.0014,0.03717
CVE-2026-40866,0.00207,0.11134
CVE-2026-40867,0.00207,0.11134
CVE-2026-40868,0.00289,0.21732
CVE-2026-40869,0.00223,0.13125
CVE-2026-40870,0.00287,0.21416
CVE-2026-40871,0.09333,0.95218
CVE-2026-40872,0.0028,0.20681
CVE-2026-40873,0.00325,0.25773
CVE-2026-40874,0.0017,0.0672
CVE-2026-40875,0.00182,0.08038
CVE-2026-40876,0.00439,0.37499
CVE-2026-40877,0.00318,0.24873
CVE-2026-40878,0.00805,0.54803
CVE-2026-40879,0.00329,0.26186
CVE-2026-40880,0.00261,0.18109
CVE-2026-40881,0.00263,0.18377
CVE-2026-40882,0.00258,0.17715
CVE-2026-40883,0.00143,0.03972
CVE-2026-40884,0.00478,0.40298
CVE-2026-40885,0.00311,0.24082
CVE-2026-40886,0.00377,0.31495
CVE-2026-40887,0.01762,0.76713
CVE-2026-40888,0.00232,0.14314
CVE-2026-40889,0.00231,0.14141
CVE-2026-40890,0.00346,0.28084
CVE-2026-40891,0.00192,0.09148
CVE-2026-40892,0.00419,0.35775
CVE-2026-40893,0.00347,0.28253
CVE-2026-40894,0.00458,0.38886
CVE-2026-40895,0.00486,0.40829
CVE-2026-40896,0.00174,0.07112
CVE-2026-40897,0.00551,0.44692
CVE-2026-40898,0.00396,0.33516
CVE-2026-40899,0.00388,0.32663
CVE-2026-40900,0.00342,0.2767
CVE-2026-40901,0.0063,0.48475
CVE-2026-40902,0.00395,0.33463
CVE-2026-40903,0.00245,0.15991
CVE-2026-40904,0.00235,0.14794
CVE-2026-40905,0.00288,0.21509
CVE-2026-40906,0.00461,0.3913
CVE-2026-40907,0.00269,0.19253
CVE-2026-40908,0.0025,0.16638
CVE-2026-40909,0.00656,0.49623
CVE-2026-40910,0.00269,0.19275
CVE-2026-40911,0.00645,0.49152
CVE-2026-40912,0.00767,0.5356
CVE-2026-40914,0.00372,0.30944
CVE-2026-40915,0.00375,0.31263
CVE-2026-40916,0.0021,0.11553
CVE-2026-40917,0.00167,0.06334
CVE-2026-40918,0.00196,0.09582
CVE-2026-40919,0.00331,0.26382
CVE-2026-40920,0.00389,0.32827
CVE-2026-40922,0.00261,0.18146
CVE-2026-40923,0.0022,0.12782
CVE-2026-40924,0.00318,0.24913
CVE-2026-40925,0.00173,0.07042
CVE-2026-40926,0.00166,0.06283
CVE-2026-40927,0.00139,0.03613
CVE-2026-40928,0.00115,0.01774
CVE-2026-40929,0.00113,0.01636
CVE-2026-40930,0.00202,0.10478
CVE-2026-40931,0.00258,0.17724
CVE-2026-40933,0.11964,0.95987
CVE-2026-40934,0.00308,0.23776
CVE-2026-40935,0.00218,0.12447
CVE-2026-40937,0.00293,0.22064
CVE-2026-40938,0.00788,0.54231
CVE-2026-40939,0.00154,0.04929
CVE-2026-40941,0.00265,0.18669
CVE-2026-40942,0.00291,0.21926
CVE-2026-40943,0.00202,0.10365
CVE-2026-40944,0.0016,0.05643
CVE-2026-40945,0.00308,0.23692
CVE-2026-40946,0.00255,0.17336
CVE-2026-40947,0.00131,0.03062
CVE-2026-40948,0.00328,0.26097
CVE-2026-40949,0.00103,0.01127
CVE-2026-40950,0.00249,0.16491
CVE-2026-40951,0.00095,0.00765
CVE-2026-40952,0.00137,0.03489
CVE-2026-40953,0.00098,0.0086
CVE-2026-40954,0.00321,0.25196
CVE-2026-40955,0.00321,0.25197
CVE-2026-40956,0.00269,0.19302
CVE-2026-40957,0.00428,0.3656
CVE-2026-40958,0.00378,0.31541
CVE-2026-40959,0.00182,0.07992
CVE-2026-40960,0.00171,0.06847
CVE-2026-40961,0.00649,0.49335
CVE-2026-40962,0.00134,0.03285
CVE-2026-40963,0.00477,0.40224
CVE-2026-40964,0.00393,0.33243
CVE-2026-40965,0.00346,0.28085
CVE-2026-40966,0.00233,0.14433
CVE-2026-40967,0.00394,0.33296
CVE-2026-40968,0.00171,0.06861
CVE-2026-40969,0.002,0.10207
CVE-2026-40970,0.00136,0.03376
CVE-2026-40971,0.00157,0.05298
CVE-2026-40972,0.00262,0.18305
CVE-2026-40973,0.00136,0.03381
CVE-2026-40974,0.00182,0.08021
CVE-2026-40975,0.00312,0.24285
CVE-2026-40976,0.00489,0.4102
CVE-2026-40977,0.00112,0.01551
CVE-2026-40978,0.00338,0.27269
CVE-2026-40979,0.00105,0.01193
CVE-2026-40980,0.0024,0.154
CVE-2026-40981,0.00435,0.37189
CVE-2026-40982,0.00727,0.52258
CVE-2026-40983,0.00631,0.48551
CVE-2026-40984,0.00792,0.54368
CVE-2026-40985,0.0023,0.1409
CVE-2026-40986,0.00206,0.11036
CVE-2026-40987,0.00218,0.1246
CVE-2026-40988,0.00331,0.26423
CVE-2026-40989,0.00211,0.11699
CVE-2026-40990,0.00211,0.11699
CVE-2026-40991,0.00223,0.131
CVE-2026-40992,0.00124,0.0243
CVE-2026-40993,0.00198,0.09833
CVE-2026-40994,0.00229,0.13997
CVE-2026-40995,0.00148,0.04402
CVE-2026-40996,0.00129,0.02892
CVE-2026-40997,0.00366,0.30282
CVE-2026-40998,0.00352,0.28859
CVE-2026-40999,0.00383,0.32106
CVE-2026-41000,0.00223,0.1317
CVE-2026-41001,0.00094,0.00697
CVE-2026-41002,0.0022,0.12781
CVE-2026-41003,0.00204,0.10618
CVE-2026-41004,0.00168,0.0646
CVE-2026-41005,0.00131,0.03068
CVE-2026-41006,0.00277,0.2033
CVE-2026-41007,0.00299,0.22764
CVE-2026-41008,0.0018,0.07737
CVE-2026-41009,0.00099,0.00927
CVE-2026-41010,0.00122,0.02314
CVE-2026-41011,0.00116,0.01833
CVE-2026-41012,0.00095,0.00712
CVE-2026-41013,0.00239,0.15188
CVE-2026-41014,0.00366,0.30294
CVE-2026-41015,0.01156,0.65176
CVE-2026-41016,0.00268,0.19142
CVE-2026-41017,0.0035,0.2864
CVE-2026-41018,0.0041,0.34905
CVE-2026-41030,0.00163,0.05907
CVE-2026-41031,0.00242,0.15677
CVE-2026-41032,0.0026,0.17981
CVE-2026-41034,0.00295,0.22294
CVE-2026-41035,0.00393,0.33184
CVE-2026-41036,0.00449,0.38251
CVE-2026-41037,0.00196,0.09564
CVE-2026-41038,0.00167,0.06405
CVE-2026-41039,0.00261,0.18097
CVE-2026-41040,0.00365,0.30266
CVE-2026-41041,0.00597,0.4697
CVE-2026-41042,0.01512,0.7293
CVE-2026-41043,0.0056,0.45167
CVE-2026-41044,0.0098,0.60205
CVE-2026-41045,0.0016,0.05574
CVE-2026-41046,0.00185,0.08323
CVE-2026-41047,0.002,0.10071
CVE-2026-41048,0.00178,0.076
CVE-2026-41049,0.00183,0.08146
CVE-2026-41050,0.0039,0.32908
CVE-2026-41051,0.00075,0.00114
CVE-2026-41052,0.00423,0.3617
CVE-2026-41053,0.00524,0.43229
CVE-2026-41054,0.00185,0.08284
CVE-2026-41055,0.00377,0.31496
CVE-2026-41056,0.00335,0.26861
CVE-2026-41057,0.00132,0.03159
CVE-2026-41058,0.00469,0.3965
CVE-2026-41059,0.00275,0.20079
CVE-2026-41060,0.003,0.2282
CVE-2026-41061,0.00173,0.0702
CVE-2026-41062,0.00718,0.51974
CVE-2026-41063,0.00216,0.12218
CVE-2026-41064,0.00335,0.26908
CVE-2026-41065,0.00434,0.37066
CVE-2026-41066,0.00324,0.25681
CVE-2026-41067,0.00189,0.08764
CVE-2026-41068,0.00266,0.18987
CVE-2026-41069,0.00253,0.17032
CVE-2026-41070,0.00438,0.37399
CVE-2026-41071,0.00302,0.23026
CVE-2026-41073,0.00166,0.0622
CVE-2026-41074,0.00117,0.01869
CVE-2026-41075,0.00344,0.27943
CVE-2026-41076,0.00392,0.33077
CVE-2026-41078,0.00222,0.1306
CVE-2026-41079,0.00409,0.34767
CVE-2026-41080,0.00398,0.3377
CVE-2026-41081,0.00286,0.21391
CVE-2026-41082,0.00205,0.1083
CVE-2026-41084,0.00476,0.40135
CVE-2026-41085,0.0026,0.17989
CVE-2026-41086,0.00427,0.36462
CVE-2026-41087,0.00479,0.40346
CVE-2026-41088,0.00319,0.25029
CVE-2026-41089,0.79622,0.996
CVE-2026-41090,0.0042,0.35873
CVE-2026-41091,0.08202,0.94712
CVE-2026-41092,0.00291,0.21899
CVE-2026-41094,0.00842,0.55924
CVE-2026-41095,0.00332,0.26485
CVE-2026-41096,0.01932,0.78875
CVE-2026-41097,0.01421,0.71259
CVE-2026-41098,0.00831,0.55601
CVE-2026-41100,0.00249,0.16461
CVE-2026-41101,0.00292,0.22015
CVE-2026-41102,0.00292,0.22015
CVE-2026-41103,0.05378,0.9235
CVE-2026-41104,0.00922,0.58269
CVE-2026-41105,0.00827,0.55467
CVE-2026-41106,0.00716,0.5191
CVE-2026-41107,0.00652,0.49467
CVE-2026-41108,0.00274,0.19999
CVE-2026-41109,0.00861,0.56514
CVE-2026-41113,0.00851,0.56198
CVE-2026-41115,0.00288,0.21501
CVE-2026-41116,0.00085,0.00343
CVE-2026-41119,0.00138,0.03528
CVE-2026-41120,0.00386,0.32394
CVE-2026-41121,0.00168,0.06566
CVE-2026-41122,0.00282,0.20886
CVE-2026-41123,0.00254,0.1724
CVE-2026-41124,0.00169,0.06587
CVE-2026-41125,0.00155,0.05033
CVE-2026-41126,0.00231,0.142
CVE-2026-41127,0.00178,0.07593
CVE-2026-41128,0.00248,0.16444
CVE-2026-41129,0.00275,0.20106
CVE-2026-41130,0.0026,0.18014
CVE-2026-41131,0.00145,0.04137
CVE-2026-41132,0.00194,0.09333
CVE-2026-41133,0.00325,0.25774
CVE-2026-41134,0.00421,0.35979
CVE-2026-41135,0.00515,0.42665
CVE-2026-41136,0.00282,0.20927
CVE-2026-41137,0.0145,0.71796
CVE-2026-41138,0.00603,0.47248
CVE-2026-41139,0.00577,0.45992
CVE-2026-41140,0.00294,0.22177
CVE-2026-41141,0.00346,0.28126
CVE-2026-41142,0.00439,0.37445
CVE-2026-41143,0.00342,0.27752
CVE-2026-41144,0.00428,0.36558
CVE-2026-41145,0.00349,0.28533
CVE-2026-41146,0.00294,0.22269
CVE-2026-41147,0.00422,0.36064
CVE-2026-41148,0.00338,0.27226
CVE-2026-41149,0.00401,0.34015
CVE-2026-41150,0.00384,0.32216
CVE-2026-41153,0.00257,0.17698
CVE-2026-41154,0.00179,0.07706
CVE-2026-41155,0.00106,0.01226
CVE-2026-41156,0.00162,0.05775
CVE-2026-41157,0.00358,0.29467
CVE-2026-41158,0.00118,0.01975
CVE-2026-41159,0.00486,0.40855
CVE-2026-41160,0.00292,0.21999
CVE-2026-41161,0.00333,0.26627
CVE-2026-41163,0.00274,0.19944
CVE-2026-41164,0.00076,0.00131
CVE-2026-41166,0.00285,0.21244
CVE-2026-41167,0.0052,0.43002
CVE-2026-41168,0.00297,0.2253
CVE-2026-41170,0.00238,0.15118
CVE-2026-41171,0.00215,0.12176
CVE-2026-41172,0.00215,0.12176
CVE-2026-41173,0.00301,0.22986
CVE-2026-41174,0.00254,0.17169
CVE-2026-41175,0.00304,0.23301
CVE-2026-41176,0.32715,0.98312
CVE-2026-41177,0.00329,0.26188
CVE-2026-41178,0.00336,0.26976
CVE-2026-41179,0.08585,0.94893
CVE-2026-41180,0.00307,0.23643
CVE-2026-41181,0.00445,0.38009
CVE-2026-41182,0.00214,0.12045
CVE-2026-41183,0.00224,0.13311
CVE-2026-41184,0.00504,0.41945
CVE-2026-41185,0.00323,0.25467
CVE-2026-41186,0.00343,0.27852
CVE-2026-41187,0.0022,0.12776
CVE-2026-41189,0.00223,0.13206
CVE-2026-41190,0.00211,0.11693
CVE-2026-41191,0.00211,0.11693
CVE-2026-41192,0.00238,0.15098
CVE-2026-41193,0.00392,0.33147
CVE-2026-41194,0.0012,0.02082
CVE-2026-41195,0.00197,0.09687
CVE-2026-41196,0.00374,0.31199
CVE-2026-41197,0.00395,0.33473
CVE-2026-41200,0.00332,0.26475
CVE-2026-41201,0.00331,0.26361
CVE-2026-41202,0.00529,0.43518
CVE-2026-41203,0.00484,0.40704
CVE-2026-41205,0.00361,0.298
CVE-2026-41206,0.00185,0.08317
CVE-2026-41207,0.00193,0.09215
CVE-2026-41208,0.00591,0.46681
CVE-2026-41211,0.00311,0.24136
CVE-2026-41213,0.00259,0.17869
CVE-2026-41217,0.00107,0.01304
CVE-2026-41218,0.00263,0.18416
CVE-2026-41219,0.00277,0.20295
CVE-2026-41220,0.00107,0.01294
CVE-2026-41225,0.00272,0.19752
CVE-2026-41226,0.00275,0.20155
CVE-2026-41227,0.00263,0.18416
CVE-2026-41228,0.00524,0.43258
CVE-2026-41229,0.0048,0.40428
CVE-2026-41230,0.00347,0.28238
CVE-2026-41231,0.00414,0.35263
CVE-2026-41232,0.00231,0.14149
CVE-2026-41233,0.00264,0.18575
CVE-2026-41234,0.0027,0.19385
CVE-2026-41235,0.00228,0.13769
CVE-2026-41236,0.00366,0.30355
CVE-2026-41237,0.00269,0.19306
CVE-2026-41238,0.00225,0.13472
CVE-2026-41239,0.00248,0.16425
CVE-2026-41240,0.00313,0.24336
CVE-2026-41241,0.00166,0.06304
CVE-2026-41242,0.00774,0.53791
CVE-2026-41243,0.00177,0.07491
CVE-2026-41244,0.00108,0.01362
CVE-2026-41245,0.00336,0.27035
CVE-2026-41246,0.00492,0.41197
CVE-2026-41247,0.01569,0.73828
CVE-2026-41248,0.00323,0.25507
CVE-2026-41249,0.00433,0.37003
CVE-2026-41250,0.00284,0.21109
CVE-2026-41252,0.00609,0.47515
CVE-2026-41253,0.00199,0.09955
CVE-2026-41254,0.00364,0.30134
CVE-2026-41255,0.00124,0.02468
CVE-2026-41256,0.00158,0.05334
CVE-2026-41257,0.00142,0.03829
CVE-2026-41258,0.00317,0.24802
CVE-2026-41259,0.00213,0.11882
CVE-2026-41262,0.00183,0.08082
CVE-2026-41263,0.00369,0.30619
CVE-2026-41264,0.01439,0.71588
CVE-2026-41265,0.00568,0.45596
CVE-2026-41266,0.04059,0.90232
CVE-2026-41267,0.00334,0.2676
CVE-2026-41268,0.13789,0.96399
CVE-2026-41269,0.00472,0.39843
CVE-2026-41270,0.00234,0.14634
CVE-2026-41271,0.00233,0.1441
CVE-2026-41272,0.00258,0.17782
CVE-2026-41273,0.00308,0.23752
CVE-2026-41274,0.00504,0.41974
CVE-2026-41275,0.00176,0.07405
CVE-2026-41276,0.0687,0.93833
CVE-2026-41277,0.03109,0.87183
CVE-2026-41278,0.00421,0.35932
CVE-2026-41279,0.00261,0.18138
CVE-2026-41280,0.00437,0.37353
CVE-2026-41281,0.00092,0.00611
CVE-2026-41282,0.0025,0.16651
CVE-2026-41283,0.00733,0.52452
CVE-2026-41284,0.00839,0.55846
CVE-2026-41285,0.00209,0.11328
CVE-2026-41286,0.00252,0.16917
CVE-2026-41287,0.00252,0.16917
CVE-2026-41288,0.00107,0.0132
CVE-2026-41292,0.00722,0.5209
CVE-2026-41293,0.0168,0.75538
CVE-2026-41294,0.0013,0.03008
CVE-2026-41295,0.00131,0.03097
CVE-2026-41296,0.00201,0.10232
CVE-2026-41297,0.00236,0.1492
CVE-2026-41298,0.00187,0.08552
CVE-2026-41299,0.00203,0.10527
CVE-2026-41300,0.00252,0.16934
CVE-2026-41301,0.00253,0.17119
CVE-2026-41302,0.00223,0.13208
CVE-2026-41303,0.00408,0.34696
CVE-2026-41304,0.02221,0.81702
CVE-2026-41305,0.00205,0.10789
CVE-2026-41308,0.00289,0.21712
CVE-2026-41309,0.00369,0.30579
CVE-2026-41310,0.00311,0.24089
CVE-2026-41311,0.00382,0.32048
CVE-2026-41312,0.00226,0.13607
CVE-2026-41313,0.00214,0.12036
CVE-2026-41314,0.00226,0.13607
CVE-2026-41315,0.01032,0.61752
CVE-2026-41316,0.01131,0.64499
CVE-2026-41317,0.00165,0.06191
CVE-2026-41318,0.00195,0.0947
CVE-2026-41319,0.00223,0.13122
CVE-2026-41320,0.0022,0.12756
CVE-2026-41321,0.00199,0.09997
CVE-2026-41322,0.00238,0.15046
CVE-2026-41323,0.0056,0.45156
CVE-2026-41324,0.00332,0.26538
CVE-2026-41325,0.00363,0.30031
CVE-2026-41326,0.00348,0.28418
CVE-2026-41327,0.0049,0.41087
CVE-2026-41328,0.00415,0.35337
CVE-2026-41329,0.00298,0.22671
CVE-2026-41330,0.00124,0.02481
CVE-2026-41331,0.00297,0.22603
CVE-2026-41332,0.00105,0.01214
CVE-2026-41333,0.00387,0.32551
CVE-2026-41334,0.00315,0.24561
CVE-2026-41335,0.00297,0.22553
CVE-2026-41336,0.00133,0.03188
CVE-2026-41337,0.00229,0.13991
CVE-2026-41338,0.00088,0.00443
CVE-2026-41339,0.00283,0.21016
CVE-2026-41340,0.00278,0.20486
CVE-2026-41341,0.00125,0.02582
CVE-2026-41342,0.00126,0.02631
CVE-2026-41343,0.00459,0.38968
CVE-2026-41344,0.00209,0.11321
CVE-2026-41345,0.00296,0.22475
CVE-2026-41346,0.00417,0.35617
CVE-2026-41347,0.00112,0.01544
CVE-2026-41348,0.00177,0.07473
CVE-2026-41349,0.00473,0.39982
CVE-2026-41350,0.00199,0.09973
CVE-2026-41351,0.0033,0.26324
CVE-2026-41352,0.00544,0.44342
CVE-2026-41353,0.00335,0.26922
CVE-2026-41354,0.00278,0.2045
CVE-2026-41355,0.00123,0.02385
CVE-2026-41356,0.00186,0.08492
CVE-2026-41357,0.00152,0.04717
CVE-2026-41358,0.0014,0.03692
CVE-2026-41359,0.00232,0.14268
CVE-2026-41360,0.00091,0.00553
CVE-2026-41361,0.00202,0.10376
CVE-2026-41362,0.00274,0.20003
CVE-2026-41363,0.00339,0.27397
CVE-2026-41364,0.00533,0.43751
CVE-2026-41365,0.00177,0.07486
CVE-2026-41366,0.00181,0.07896
CVE-2026-41367,0.00166,0.06219
CVE-2026-41368,0.00238,0.15142
CVE-2026-41369,0.00307,0.23592
CVE-2026-41370,0.00417,0.35618
CVE-2026-41371,0.00255,0.17302
CVE-2026-41372,0.00251,0.16794
CVE-2026-41373,0.0013,0.03015
CVE-2026-41374,0.00474,0.40019
CVE-2026-41375,0.00331,0.26449
CVE-2026-41376,0.00157,0.05243
CVE-2026-41377,0.00232,0.14278
CVE-2026-41378,0.00445,0.37939
CVE-2026-41379,0.00243,0.15738
CVE-2026-41380,0.00124,0.02495
CVE-2026-41381,0.00222,0.13093
CVE-2026-41382,0.00222,0.13093
CVE-2026-41383,0.00371,0.30896
CVE-2026-41384,0.00141,0.03772
CVE-2026-41385,0.00207,0.11109
CVE-2026-41386,0.00328,0.2605
CVE-2026-41387,0.00241,0.15515
CVE-2026-41388,0.00307,0.23629
CVE-2026-41389,0.00264,0.18499
CVE-2026-41390,0.00117,0.01896
CVE-2026-41391,0.00125,0.02535
CVE-2026-41392,0.00118,0.01939
CVE-2026-41393,0.00117,0.01894
CVE-2026-41394,0.00287,0.21405
CVE-2026-41395,0.00149,0.0444
CVE-2026-41396,0.00126,0.02641
CVE-2026-41397,0.00471,0.39746
CVE-2026-41398,0.0011,0.01459
CVE-2026-41399,0.00318,0.24886
CVE-2026-41400,0.00532,0.43689
CVE-2026-41401,0.00519,0.42944
CVE-2026-41402,0.00266,0.18756
CVE-2026-41403,0.00259,0.17877
CVE-2026-41404,0.0034,0.27521
CVE-2026-41405,0.00481,0.40516
CVE-2026-41406,0.00222,0.13078
CVE-2026-41407,0.00225,0.13468
CVE-2026-41408,0.00343,0.27791
CVE-2026-41409,0.00433,0.37023
CVE-2026-41411,0.00501,0.41752
CVE-2026-41412,0.00317,0.2483
CVE-2026-41413,0.00329,0.26141
CVE-2026-41414,0.00281,0.20807
CVE-2026-41415,0.00308,0.23737
CVE-2026-41416,0.00279,0.20571
CVE-2026-41417,0.00318,0.24929
CVE-2026-41418,0.00197,0.0977
CVE-2026-41419,0.00306,0.23553
CVE-2026-41421,0.00134,0.03273
CVE-2026-41422,0.00345,0.28005
CVE-2026-41423,0.00305,0.23348
CVE-2026-41424,0.00367,0.30441
CVE-2026-41425,0.00106,0.01248
CVE-2026-41426,0.00154,0.04959
CVE-2026-41427,0.00212,0.11767
CVE-2026-41428,0.00445,0.37956
CVE-2026-41429,0.00307,0.23689
CVE-2026-41430,0.00155,0.04988
CVE-2026-41431,0.00199,0.09992
CVE-2026-41432,0.0085,0.56169
CVE-2026-41433,0.00194,0.09376
CVE-2026-41434,0.00151,0.04623
CVE-2026-41445,0.00288,0.21617
CVE-2026-41446,0.00433,0.3702
CVE-2026-41447,0.00114,0.01683
CVE-2026-41448,0.00542,0.4425
CVE-2026-41449,0.0064,0.48939
CVE-2026-41450,0.00698,0.51224
CVE-2026-41451,0.00719,0.52002
CVE-2026-41452,0.02454,0.83585
CVE-2026-41453,0.0035,0.28595
CVE-2026-41454,0.00274,0.20008
CVE-2026-41455,0.00236,0.14812
CVE-2026-41456,0.01902,0.78511
CVE-2026-41457,0.00274,0.20032
CVE-2026-41458,0.00364,0.30177
CVE-2026-41459,0.00801,0.54651
CVE-2026-41460,0.00972,0.59936
CVE-2026-41461,0.00302,0.23114
CVE-2026-41462,0.00558,0.4507
CVE-2026-41463,0.01081,0.63219
CVE-2026-41464,0.00304,0.23293
CVE-2026-41465,0.00541,0.44164
CVE-2026-41466,0.00184,0.08174
CVE-2026-41467,0.00181,0.07895
CVE-2026-41468,0.00389,0.32746
CVE-2026-41469,0.00204,0.10645
CVE-2026-41470,0.00486,0.40813
CVE-2026-41471,0.00349,0.28437
CVE-2026-41472,0.00516,0.42787
CVE-2026-41473,0.00793,0.54392
CVE-2026-41475,0.00482,0.40584
CVE-2026-41476,0.00344,0.27887
CVE-2026-41477,0.00218,0.12503
CVE-2026-41478,0.00264,0.18507
CVE-2026-41479,0.00183,0.08089
CVE-2026-41481,0.0026,0.18024
CVE-2026-41482,0.00502,0.41803
CVE-2026-41483,0.00323,0.25434
CVE-2026-41484,0.00338,0.27218
CVE-2026-41485,0.00369,0.30629
CVE-2026-41486,0.00473,0.39952
CVE-2026-41487,0.00181,0.07958
CVE-2026-41488,0.00158,0.0533
CVE-2026-41489,0.00132,0.03118
CVE-2026-41490,0.00265,0.18647
CVE-2026-41491,0.00325,0.25758
CVE-2026-41492,0.03082,0.87074
CVE-2026-41493,0.00388,0.32651
CVE-2026-41495,0.00255,0.17344
CVE-2026-41496,0.00347,0.2827
CVE-2026-41497,0.00541,0.44212
CVE-2026-41498,0.00247,0.16215
CVE-2026-41499,0.00254,0.17257
CVE-2026-41500,0.01572,0.73882
CVE-2026-41501,0.01286,0.68384
CVE-2026-41502,0.00401,0.34081
CVE-2026-41503,0.00415,0.35432
CVE-2026-41505,0.00264,0.18576
CVE-2026-41506,0.00259,0.17849
CVE-2026-41507,0.00393,0.33214
CVE-2026-41509,0.0034,0.27418
CVE-2026-41511,0.00187,0.08517
CVE-2026-41512,0.00587,0.46515
CVE-2026-41513,0.00265,0.18677
CVE-2026-41514,0.00134,0.03278
CVE-2026-41515,0.00134,0.03278
CVE-2026-41516,0.00138,0.0358
CVE-2026-41517,0.00276,0.20244
CVE-2026-41518,0.002,0.10216
CVE-2026-41519,0.0027,0.19437
CVE-2026-41520,0.00077,0.00132
CVE-2026-41521,0.00392,0.33048
CVE-2026-41522,0.00246,0.16137
CVE-2026-41523,0.00913,0.58034
CVE-2026-41524,0.00207,0.11097
CVE-2026-41525,0.00127,0.02712
CVE-2026-41526,0.0017,0.06756
CVE-2026-41527,0.00114,0.01677
CVE-2026-41530,0.0015,0.04572
CVE-2026-41539,0.00193,0.09204
CVE-2026-41551,0.00487,0.40923
CVE-2026-41552,0.00497,0.41497
CVE-2026-41553,0.00648,0.49298
CVE-2026-41554,0.00142,0.0384
CVE-2026-41556,0.00205,0.10848
CVE-2026-41557,0.0023,0.14038
CVE-2026-41564,0.00431,0.36752
CVE-2026-41565,0.00469,0.39657
CVE-2026-41566,0.00364,0.30156
CVE-2026-41567,0.00161,0.05705
CVE-2026-41568,0.00108,0.01358
CVE-2026-41569,0.0019,0.08919
CVE-2026-41570,0.00191,0.09051
CVE-2026-41571,0.00296,0.22466
CVE-2026-41572,0.00194,0.09395
CVE-2026-41573,0.00364,0.30124
CVE-2026-41574,0.00809,0.54916
CVE-2026-41575,0.00181,0.07931
CVE-2026-41576,0.00271,0.19562
CVE-2026-41577,0.00169,0.06665
CVE-2026-41579,0.00186,0.08459
CVE-2026-41580,0.00228,0.13787
CVE-2026-41581,0.00228,0.13775
CVE-2026-41583,0.00278,0.20438
CVE-2026-41584,0.00268,0.19183
CVE-2026-41585,0.00257,0.17685
CVE-2026-41586,0.0053,0.43607
CVE-2026-41587,0.00501,0.41792
CVE-2026-41588,0.00362,0.29894
CVE-2026-41589,0.00393,0.33255
CVE-2026-41591,0.00227,0.13641
CVE-2026-41602,0.01163,0.6537
CVE-2026-41604,0.00918,0.58184
CVE-2026-41605,0.0093,0.58539
CVE-2026-41606,0.01101,0.63739
CVE-2026-41607,0.00896,0.57531
CVE-2026-41608,0.00584,0.4635
CVE-2026-41610,0.00599,0.47091
CVE-2026-41611,0.00421,0.35964
CVE-2026-41612,0.00495,0.41397
CVE-2026-41613,0.0052,0.42974
CVE-2026-41614,0.00363,0.30066
CVE-2026-41615,0.00559,0.45111
CVE-2026-41635,0.0064,0.48933
CVE-2026-41636,0.00451,0.38412
CVE-2026-41637,0.00265,0.18689
CVE-2026-41640,0.01875,0.78175
CVE-2026-41641,0.01833,0.7763
CVE-2026-41642,0.00503,0.41882
CVE-2026-41643,0.00542,0.44273
CVE-2026-41644,0.00331,0.26413
CVE-2026-41645,0.00344,0.27961
CVE-2026-41646,0.00114,0.01713
CVE-2026-41647,0.00394,0.33375
CVE-2026-41648,0.00269,0.19228
CVE-2026-41649,0.00293,0.22147
CVE-2026-41650,0.00238,0.15134
CVE-2026-41651,0.0046,0.39019
CVE-2026-41653,0.00356,0.29323
CVE-2026-41654,0.00371,0.30909
CVE-2026-41655,0.00307,0.23617
CVE-2026-41656,0.00362,0.29923
CVE-2026-41657,0.00322,0.25412
CVE-2026-41658,0.00227,0.13668
CVE-2026-41659,0.00258,0.17783
CVE-2026-41660,0.00297,0.22542
CVE-2026-41661,0.00181,0.07881
CVE-2026-41662,0.00285,0.21262
CVE-2026-41663,0.00117,0.01867
CVE-2026-41664,0.00102,0.01044
CVE-2026-41665,0.00136,0.03421
CVE-2026-41666,0.00138,0.03511
CVE-2026-41667,0.00162,0.0581
CVE-2026-41669,0.00191,0.0905
CVE-2026-41670,0.0028,0.20685
CVE-2026-41671,0.00323,0.25495
CVE-2026-41672,0.00365,0.30221
CVE-2026-41673,0.00643,0.49054
CVE-2026-41674,0.00522,0.43141
CVE-2026-41675,0.0047,0.39741
CVE-2026-41676,0.00285,0.2122
CVE-2026-41677,0.00294,0.22182
CVE-2026-41678,0.00251,0.16787
CVE-2026-41679,0.18852,0.97227
CVE-2026-41680,0.00342,0.27704
CVE-2026-41681,0.00359,0.29644
CVE-2026-41682,0.00346,0.28157
CVE-2026-41683,0.00327,0.26016
CVE-2026-41684,0.00408,0.34742
CVE-2026-41685,0.00333,0.26604
CVE-2026-41686,0.00119,0.02024
CVE-2026-41687,0.00204,0.1067
CVE-2026-41688,0.00227,0.13644
CVE-2026-41689,0.00176,0.07331
CVE-2026-41690,0.0031,0.2401
CVE-2026-41691,0.00306,0.2351
CVE-2026-41692,0.00144,0.04063
CVE-2026-41693,0.00292,0.21944
CVE-2026-41694,0.00148,0.04349
CVE-2026-41695,0.00364,0.30107
CVE-2026-41696,0.00262,0.18307
CVE-2026-41697,0.00227,0.13735
CVE-2026-41699,0.00431,0.36776
CVE-2026-41700,0.00189,0.08754
CVE-2026-41701,0.00173,0.07041
CVE-2026-41702,0.00122,0.02256
CVE-2026-41703,0.00627,0.48393
CVE-2026-41704,0.00083,0.00302
CVE-2026-41705,0.00353,0.28881
CVE-2026-41706,0.00211,0.11642
CVE-2026-41707,0.00254,0.17189
CVE-2026-41708,0.00278,0.20438
CVE-2026-41709,0.00402,0.34158
CVE-2026-41710,0.0028,0.20702
CVE-2026-41711,0.00303,0.2314
CVE-2026-41712,0.0026,0.17985
CVE-2026-41713,0.00218,0.12494
CVE-2026-41714,0.00132,0.03153
CVE-2026-41715,0.00172,0.06881
CVE-2026-41716,0.00363,0.30072
CVE-2026-41717,0.00328,0.26112
CVE-2026-41719,0.00206,0.11052
CVE-2026-41720,0.00257,0.17606
CVE-2026-41721,0.00331,0.26402
CVE-2026-41722,0.00302,0.23075
CVE-2026-41723,0.00399,0.33852
CVE-2026-41724,0.00313,0.24366
CVE-2026-41726,0.00296,0.2242
CVE-2026-41727,0.0024,0.15363
CVE-2026-41728,0.00306,0.23475
CVE-2026-41729,0.00393,0.33251
CVE-2026-41730,0.00197,0.09771
CVE-2026-41731,0.0051,0.42334
CVE-2026-41732,0.00347,0.28287
CVE-2026-41837,0.00191,0.09016
CVE-2026-41838,0.00171,0.06819
CVE-2026-41839,0.00213,0.11866
CVE-2026-41840,0.00267,0.19083
CVE-2026-41841,0.00339,0.27324
CVE-2026-41842,0.00399,0.33819
CVE-2026-41843,0.00369,0.30604
CVE-2026-41844,0.00145,0.04132
CVE-2026-41845,0.00161,0.05716
CVE-2026-41846,0.00152,0.0471
CVE-2026-41847,0.00166,0.06289
CVE-2026-41848,0.00317,0.24745
CVE-2026-41849,0.00263,0.18416
CVE-2026-41850,0.0036,0.29675
CVE-2026-41851,0.0036,0.29676
CVE-2026-41852,0.00177,0.07513
CVE-2026-41853,0.00186,0.08418
CVE-2026-41854,0.00123,0.02412
CVE-2026-41855,0.00288,0.21605
CVE-2026-41856,0.00352,0.28824
CVE-2026-41857,0.00226,0.13557
CVE-2026-41858,0.00245,0.1599
CVE-2026-41859,0.00098,0.00873
CVE-2026-41860,0.00074,0.00088
CVE-2026-41861,0.00152,0.04705
CVE-2026-41862,0.00746,0.52885
CVE-2026-41863,0.00398,0.33759
CVE-2026-41869,0.0077,0.53686
CVE-2026-41870,0.00694,0.51102
CVE-2026-41871,0.00777,0.53895
CVE-2026-41872,0.0016,0.05542
CVE-2026-41873,0.00444,0.37856
CVE-2026-41874,0.00133,0.03179
CVE-2026-41876,0.01228,0.67091
CVE-2026-41877,0.0039,0.32858
CVE-2026-41878,0.0047,0.3968
CVE-2026-41879,0.00269,0.19316
CVE-2026-41880,0.01331,0.69389
CVE-2026-41882,0.00401,0.34065
CVE-2026-41883,0.00497,0.41521
CVE-2026-41885,0.00224,0.13234
CVE-2026-41886,0.00101,0.01025
CVE-2026-41887,0.00404,0.34359
CVE-2026-41888,0.00294,0.22204
CVE-2026-41889,0.00356,0.29266
CVE-2026-41890,0.00344,0.27899
CVE-2026-41891,0.00269,0.19336
CVE-2026-41893,0.00327,0.25934
CVE-2026-41894,0.00313,0.24328
CVE-2026-41895,0.00266,0.18987
CVE-2026-41896,0.00389,0.32797
CVE-2026-41897,0.00281,0.20831
CVE-2026-41898,0.0028,0.20754
CVE-2026-41899,0.00538,0.44044
CVE-2026-41900,0.0091,0.57947
CVE-2026-41901,0.00427,0.36421
CVE-2026-41902,0.00246,0.16184
CVE-2026-41903,0.00262,0.18347
CVE-2026-41904,0.00171,0.0685
CVE-2026-41905,0.00209,0.11301
CVE-2026-41906,0.00168,0.06519
CVE-2026-41907,0.0035,0.28569
CVE-2026-41908,0.00222,0.13065
CVE-2026-41909,0.00171,0.06859
CVE-2026-41910,0.00238,0.15061
CVE-2026-41911,0.00327,0.2591
CVE-2026-41912,0.0021,0.11565
CVE-2026-41913,0.00212,0.11744
CVE-2026-41914,0.00219,0.12586
CVE-2026-41915,0.00115,0.01763
CVE-2026-41916,0.00215,0.1216
CVE-2026-41917,0.00387,0.32534
CVE-2026-41918,0.00194,0.09337
CVE-2026-41919,0.00454,0.38604
CVE-2026-41920,0.00309,0.23907
CVE-2026-41921,0.00298,0.22682
CVE-2026-41922,0.04983,0.91871
CVE-2026-41923,0.02615,0.84684
CVE-2026-41924,0.02707,0.85251
CVE-2026-41925,0.03387,0.88278
CVE-2026-41926,0.01235,0.67238
CVE-2026-41927,0.00396,0.33604
CVE-2026-41928,0.00418,0.3571
CVE-2026-41929,0.00198,0.09828
CVE-2026-41930,0.00347,0.28272
CVE-2026-41931,0.00247,0.16249
CVE-2026-41932,0.00218,0.12462
CVE-2026-41933,0.00247,0.16249
CVE-2026-41934,0.00545,0.44397
CVE-2026-41935,0.00267,0.19042
CVE-2026-41936,0.00271,0.19563
CVE-2026-41937,0.00403,0.34265
CVE-2026-41938,0.00541,0.44213
CVE-2026-41939,0.00801,0.54661
CVE-2026-41940,0.98527,0.9992
CVE-2026-41947,0.05968,0.93029
CVE-2026-41948,0.14453,0.9652
CVE-2026-41949,0.00435,0.37176
CVE-2026-41950,0.00346,0.28155
CVE-2026-41951,0.00495,0.41382
CVE-2026-41952,0.00107,0.01293
CVE-2026-41953,0.00248,0.16393
CVE-2026-41954,0.00294,0.2226
CVE-2026-41956,0.00263,0.18416
CVE-2026-41957,0.00514,0.42643
CVE-2026-41959,0.00203,0.10536
CVE-2026-41960,0.0009,0.00526
CVE-2026-41961,0.00078,0.0016
CVE-2026-41962,0.00077,0.00132
CVE-2026-41963,0.00083,0.00302
CVE-2026-41964,0.00075,0.00107
CVE-2026-41965,0.00126,0.02653
CVE-2026-41966,0.00114,0.01724
CVE-2026-41967,0.00078,0.0016
CVE-2026-41968,0.0008,0.002
CVE-2026-41969,0.00096,0.00815
CVE-2026-41970,0.00131,0.03082
CVE-2026-41971,0.00082,0.00276
CVE-2026-41972,0.00155,0.04994
CVE-2026-41973,0.00078,0.00155
CVE-2026-41974,0.00074,0.00086
CVE-2026-41975,0.00067,0.00026
CVE-2026-41976,0.00079,0.00179
CVE-2026-41977,0.00075,0.00108
CVE-2026-41978,0.00075,0.001
CVE-2026-41979,0.00075,0.00114
CVE-2026-41980,0.00087,0.00422
CVE-2026-41981,0.00072,0.00068
CVE-2026-41982,0.00133,0.03217
CVE-2026-41983,0.00136,0.03371
CVE-2026-41984,0.00078,0.0016
CVE-2026-41985,0.00073,0.00077
CVE-2026-41986,0.0011,0.01419
CVE-2026-41987,0.0008,0.0021
CVE-2026-41988,0.00181,0.07941
CVE-2026-41989,0.00182,0.08063
CVE-2026-41990,0.00176,0.07335
CVE-2026-41991,0.00186,0.08432
CVE-2026-41992,0.00415,0.35422
CVE-2026-41993,0.0015,0.0457
CVE-2026-41999,0.00142,0.03886
CVE-2026-42000,0.00242,0.15609
CVE-2026-42001,0.00365,0.3026
CVE-2026-42002,0.00264,0.18541
CVE-2026-42004,0.00156,0.05132
CVE-2026-42005,0.00344,0.27895
CVE-2026-42006,0.00621,0.48089
CVE-2026-42007,0.00288,0.21609
CVE-2026-42008,0.00193,0.09246
CVE-2026-42009,0.01335,0.69478
CVE-2026-42010,0.0105,0.62288
CVE-2026-42011,0.00475,0.40112
CVE-2026-42012,0.00354,0.29009
CVE-2026-42013,0.00423,0.36092
CVE-2026-42014,0.0015,0.04557
CVE-2026-42015,0.00727,0.52271
CVE-2026-42016,0.09058,0.95118
CVE-2026-42017,0.00295,0.22289
CVE-2026-42018,0.11038,0.95772
CVE-2026-42027,0.00707,0.51587
CVE-2026-42028,0.00315,0.24585
CVE-2026-42030,0.00247,0.16234
CVE-2026-42031,0.01817,0.77414
CVE-2026-42032,0.00367,0.3045
CVE-2026-42033,0.00838,0.55793
CVE-2026-42034,0.00327,0.25993
CVE-2026-42035,0.00403,0.34215
CVE-2026-42036,0.00327,0.25994
CVE-2026-42037,0.00294,0.22264
CVE-2026-42038,0.00301,0.22941
CVE-2026-42039,0.00744,0.52822
CVE-2026-42040,0.00217,0.12375
CVE-2026-42041,0.00611,0.47606
CVE-2026-42042,0.00228,0.13803
CVE-2026-42043,0.00661,0.49841
CVE-2026-42044,0.00586,0.46469
CVE-2026-42045,0.00266,0.18705
CVE-2026-42046,0.00223,0.1318
CVE-2026-42047,0.00383,0.32052
CVE-2026-42048,0.04417,0.90932
CVE-2026-42049,0.00197,0.09756
CVE-2026-42050,0.0013,0.03015
CVE-2026-42051,0.00193,0.09221
CVE-2026-42052,0.003,0.22893
CVE-2026-42055,0.06537,0.93574
CVE-2026-42058,0.00187,0.08568
CVE-2026-42061,0.00106,0.01231
CVE-2026-42062,0.01633,0.74829
CVE-2026-42063,0.0029,0.21754
CVE-2026-42069,0.00231,0.14177
CVE-2026-42070,0.00258,0.17811
CVE-2026-42071,0.0026,0.18044
CVE-2026-42072,0.0044,0.37529
CVE-2026-42073,0.00255,0.17347
CVE-2026-42074,0.00589,0.46589
CVE-2026-42075,0.00567,0.45534
CVE-2026-42076,0.01305,0.68809
CVE-2026-42077,0.00109,0.01401
CVE-2026-42078,0.00198,0.09911
CVE-2026-42079,0.00144,0.0407
CVE-2026-42080,0.00198,0.0991
CVE-2026-42081,0.00266,0.18986
CVE-2026-42082,0.00251,0.16758
CVE-2026-42083,0.00323,0.2554
CVE-2026-42084,0.00305,0.23343
CVE-2026-42085,0.00313,0.24395
CVE-2026-42086,0.002,0.10072
CVE-2026-42087,0.00323,0.25471
CVE-2026-42088,0.00341,0.27633
CVE-2026-42089,0.00172,0.06954
CVE-2026-42090,0.00477,0.40255
CVE-2026-42091,0.00165,0.06143
CVE-2026-42092,0.00219,0.12598
CVE-2026-42095,0.00161,0.05674
CVE-2026-42096,0.00598,0.47051
CVE-2026-42097,0.00941,0.58898
CVE-2026-42098,0.00401,0.34079
CVE-2026-42099,0.00724,0.5217
CVE-2026-42100,0.00682,0.50643
CVE-2026-42127,0.00432,0.36937
CVE-2026-42129,0.00443,0.3779
CVE-2026-42137,0.00303,0.23245
CVE-2026-42138,0.00235,0.14644
CVE-2026-42140,0.00151,0.04658
CVE-2026-42141,0.00369,0.30697
CVE-2026-42142,0.00335,0.26913
CVE-2026-42143,0.00785,0.54136
CVE-2026-42144,0.00142,0.03864
CVE-2026-42145,0.00394,0.3338
CVE-2026-42146,0.00119,0.02021
CVE-2026-42147,0.00444,0.37929
CVE-2026-42148,0.00158,0.05337
CVE-2026-42150,0.00174,0.07091
CVE-2026-42151,0.00352,0.28827
CVE-2026-42153,0.0065,0.49367
CVE-2026-42154,0.00813,0.55037
CVE-2026-42155,0.00303,0.23232
CVE-2026-42156,0.00285,0.21235
CVE-2026-42157,0.0028,0.20725
CVE-2026-42158,0.0017,0.0672
CVE-2026-42159,0.00192,0.09115
CVE-2026-42160,0.00249,0.16502
CVE-2026-42162,0.00349,0.28429
CVE-2026-42163,0.00331,0.26374
CVE-2026-42164,0.00307,0.23686
CVE-2026-42167,0.07389,0.94236
CVE-2026-42168,0.02055,0.80165
CVE-2026-42169,0.00134,0.03244
CVE-2026-42170,0.00163,0.05959
CVE-2026-42171,0.0021,0.11421
CVE-2026-42172,0.00299,0.22768
CVE-2026-42174,0.00237,0.1503
CVE-2026-42175,0.00305,0.234
CVE-2026-42176,0.00247,0.16273
CVE-2026-42177,0.00234,0.14625
CVE-2026-42180,0.00184,0.08176
CVE-2026-42181,0.00209,0.11305
CVE-2026-42183,0.00377,0.31446
CVE-2026-42184,0.00312,0.24192
CVE-2026-42185,0.00263,0.18474
CVE-2026-42186,0.00248,0.1643
CVE-2026-42188,0.00195,0.09512
CVE-2026-42189,0.00481,0.40502
CVE-2026-42190,0.00111,0.01481
CVE-2026-42191,0.00108,0.01359
CVE-2026-42192,0.00176,0.07437
CVE-2026-42193,0.00127,0.02743
CVE-2026-42194,0.00236,0.14809
CVE-2026-42195,0.00192,0.09145
CVE-2026-42196,0.00565,0.45443
CVE-2026-42197,0.0031,0.23954
CVE-2026-42198,0.03261,0.87824
CVE-2026-42199,0.00132,0.03156
CVE-2026-42200,0.00891,0.57369
CVE-2026-42201,0.00311,0.24044
CVE-2026-42202,0.00201,0.10309
CVE-2026-42203,0.00373,0.31099
CVE-2026-42204,0.0065,0.49367
CVE-2026-42205,0.00295,0.22278
CVE-2026-42206,0.00152,0.04759
CVE-2026-42207,0.00149,0.04476
CVE-2026-42208,0.8942,0.99782
CVE-2026-42209,0.00355,0.29214
CVE-2026-42210,0.00521,0.43037
CVE-2026-42211,0.00416,0.35449
CVE-2026-42212,0.00314,0.24494
CVE-2026-42213,0.00454,0.38667
CVE-2026-42214,0.00242,0.15696
CVE-2026-42215,0.00749,0.52976
CVE-2026-42216,0.00465,0.39339
CVE-2026-42217,0.00393,0.33218
CVE-2026-42218,0.0025,0.16659
CVE-2026-42219,0.00678,0.50511
CVE-2026-42220,0.00299,0.22745
CVE-2026-42221,0.01165,0.65446
CVE-2026-42222,0.00339,0.27411
CVE-2026-42223,0.00295,0.22361
CVE-2026-42224,0.00259,0.17891
CVE-2026-42225,0.00161,0.0575
CVE-2026-42226,0.0026,0.17946
CVE-2026-42227,0.00203,0.10497
CVE-2026-42228,0.00383,0.32058
CVE-2026-42229,0.00342,0.2777
CVE-2026-42230,0.00181,0.07938
CVE-2026-42231,0.00851,0.5621
CVE-2026-42232,0.00478,0.40297
CVE-2026-42233,0.00327,0.25925
CVE-2026-42234,0.00377,0.31455
CVE-2026-42235,0.00332,0.26519
CVE-2026-42236,0.00487,0.40883
CVE-2026-42237,0.00254,0.17183
CVE-2026-42238,0.00764,0.53471
CVE-2026-42239,0.00283,0.21079
CVE-2026-42241,0.00273,0.19839
CVE-2026-42245,0.0041,0.34882
CVE-2026-42246,0.00312,0.2429
CVE-2026-42248,0.00379,0.31673
CVE-2026-42249,0.00625,0.48276
CVE-2026-42250,0.00126,0.02671
CVE-2026-42251,0.00356,0.29303
CVE-2026-42252,0.00383,0.32107
CVE-2026-42253,0.01107,0.63874
CVE-2026-42254,0.00162,0.05878
CVE-2026-42255,0.00207,0.11137
CVE-2026-42256,0.00299,0.22722
CVE-2026-42257,0.00429,0.36636
CVE-2026-42258,0.00783,0.54083
CVE-2026-42259,0.00339,0.2736
CVE-2026-42260,0.00215,0.12166
CVE-2026-42261,0.00237,0.14943
CVE-2026-42264,0.00715,0.51854
CVE-2026-42266,0.00629,0.48459
CVE-2026-42267,0.0022,0.1277
CVE-2026-42268,0.00396,0.33502
CVE-2026-42271,0.83594,0.99681
CVE-2026-42272,0.00396,0.33551
CVE-2026-42273,0.00301,0.2298
CVE-2026-42274,0.00368,0.3055
CVE-2026-42275,0.0033,0.26269
CVE-2026-42276,0.00279,0.20577
CVE-2026-42277,0.00201,0.10238
CVE-2026-42278,0.00375,0.31213
CVE-2026-42279,0.00266,0.18984
CVE-2026-42280,0.00211,0.11669
CVE-2026-42281,0.01623,0.74671
CVE-2026-42282,0.00251,0.16733
CVE-2026-42283,0.00152,0.04724
CVE-2026-42284,0.00571,0.45739
CVE-2026-42285,0.00418,0.35669
CVE-2026-42286,0.00165,0.06111
CVE-2026-42287,0.00249,0.16496
CVE-2026-42288,0.00576,0.45972
CVE-2026-42289,0.00128,0.02773
CVE-2026-42290,0.00132,0.03161
CVE-2026-42291,0.00188,0.08607
CVE-2026-42294,0.00607,0.47429
CVE-2026-42295,0.00357,0.29407
CVE-2026-42296,0.00424,0.36236
CVE-2026-42297,0.00515,0.42694
CVE-2026-42298,0.00504,0.4197
CVE-2026-42300,0.00257,0.17639
CVE-2026-42301,0.00198,0.09833
CVE-2026-42302,0.00718,0.51975
CVE-2026-42303,0.00309,0.23849
CVE-2026-42304,0.00433,0.36994
CVE-2026-42305,0.00635,0.48742
CVE-2026-42306,0.00104,0.01166
CVE-2026-42307,0.00774,0.53786
CVE-2026-42308,0.00114,0.01656
CVE-2026-42309,0.00133,0.03181
CVE-2026-42310,0.00126,0.02621
CVE-2026-42311,0.0015,0.04536
CVE-2026-42312,0.00174,0.0715
CVE-2026-42313,0.00396,0.33503
CVE-2026-42314,0.00342,0.277
CVE-2026-42315,0.00395,0.33442
CVE-2026-42316,0.00344,0.27892
CVE-2026-42317,0.00346,0.28162
CVE-2026-42318,0.00303,0.23171
CVE-2026-42320,0.00239,0.15262
CVE-2026-42321,0.00343,0.27785
CVE-2026-42326,0.0012,0.02098
CVE-2026-42327,0.00211,0.11612
CVE-2026-42328,0.0012,0.02094
CVE-2026-42329,0.00174,0.07163
CVE-2026-42331,0.00419,0.35726
CVE-2026-42333,0.004,0.34005
CVE-2026-42334,0.00274,0.20003
CVE-2026-42335,0.00232,0.14362
CVE-2026-42336,0.00187,0.08511
CVE-2026-42337,0.00207,0.11129
CVE-2026-42338,0.00471,0.39765
CVE-2026-42339,0.00258,0.17757
CVE-2026-42341,0.00272,0.19813
CVE-2026-42342,0.00299,0.22764
CVE-2026-42343,0.00268,0.19184
CVE-2026-42344,0.00148,0.04395
CVE-2026-42345,0.00213,0.11891
CVE-2026-42346,0.00224,0.13313
CVE-2026-42348,0.00311,0.24134
CVE-2026-42349,0.00246,0.16095
CVE-2026-42350,0.00312,0.24245
CVE-2026-42351,0.0051,0.42334
CVE-2026-42352,0.00454,0.38627
CVE-2026-42353,0.00387,0.32488
CVE-2026-42354,0.00623,0.48204
CVE-2026-42355,0.00111,0.01506
CVE-2026-42357,0.00312,0.24213
CVE-2026-42358,0.00348,0.28353
CVE-2026-42359,0.00571,0.45729
CVE-2026-42360,0.00348,0.28353
CVE-2026-42363,0.00186,0.08376
CVE-2026-42364,0.01678,0.75506
CVE-2026-42365,0.00344,0.279
CVE-2026-42366,0.00205,0.10785
CVE-2026-42367,0.00283,0.21027
CVE-2026-42368,0.00363,0.3004
CVE-2026-42369,0.00537,0.43981
CVE-2026-42370,0.00547,0.44518
CVE-2026-42371,0.00172,0.06913
CVE-2026-42372,0.003,0.22881
CVE-2026-42373,0.00472,0.39906
CVE-2026-42374,0.00472,0.39907
CVE-2026-42375,0.00472,0.39906
CVE-2026-42376,0.00461,0.39078
CVE-2026-42377,0.00229,0.13979
CVE-2026-42378,0.0039,0.32854
CVE-2026-42379,0.00212,0.11835
CVE-2026-42380,0.0051,0.42379
CVE-2026-42381,0.00283,0.21016
CVE-2026-42382,0.00467,0.39507
CVE-2026-42383,0.00289,0.21669
CVE-2026-42384,0.00294,0.22169
CVE-2026-42385,0.0023,0.14039
CVE-2026-42386,0.00283,0.21016
CVE-2026-42387,0.00386,0.32383
CVE-2026-42388,0.00386,0.32384
CVE-2026-42389,0.00299,0.22737
CVE-2026-42390,0.00205,0.10798
CVE-2026-42391,0.00375,0.31285
CVE-2026-42392,0.00226,0.13501
CVE-2026-42393,0.00145,0.04102
CVE-2026-42395,0.00181,0.07914
CVE-2026-42396,0.00353,0.28948
CVE-2026-42397,0.0042,0.35859
CVE-2026-42398,0.003,0.22801
CVE-2026-42399,0.00332,0.26572
CVE-2026-42400,0.00332,0.26571
CVE-2026-42401,0.00141,0.03801
CVE-2026-42402,0.00711,0.51715
CVE-2026-42403,0.00763,0.53443
CVE-2026-42404,0.00497,0.41538
CVE-2026-42406,0.0015,0.04571
CVE-2026-42408,0.00083,0.00281
CVE-2026-42409,0.00263,0.18414
CVE-2026-42410,0.00127,0.0268
CVE-2026-42411,0.00405,0.34433
CVE-2026-42412,0.00195,0.09423
CVE-2026-42420,0.00302,0.23039
CVE-2026-42421,0.00187,0.08506
CVE-2026-42422,0.00282,0.20963
CVE-2026-42423,0.00316,0.24649
CVE-2026-42424,0.00181,0.07949
CVE-2026-42425,0.00641,0.48973
CVE-2026-42426,0.00282,0.20964
CVE-2026-42427,0.00188,0.0865
CVE-2026-42428,0.00139,0.03658
CVE-2026-42429,0.00239,0.15266
CVE-2026-42430,0.00188,0.08592
CVE-2026-42431,0.00258,0.17806
CVE-2026-42432,0.00131,0.03039
CVE-2026-42433,0.00295,0.22319
CVE-2026-42434,0.00348,0.28327
CVE-2026-42435,0.00408,0.34687
CVE-2026-42436,0.00267,0.19004
CVE-2026-42437,0.00417,0.35617
CVE-2026-42438,0.00237,0.14963
CVE-2026-42439,0.00243,0.15734
CVE-2026-42440,0.00603,0.47274
CVE-2026-42442,0.00111,0.01482
CVE-2026-42443,0.00111,0.01506
CVE-2026-42444,0.00111,0.01482
CVE-2026-42445,0.00111,0.01482
CVE-2026-42446,0.00117,0.0191
CVE-2026-42447,0.00199,0.09956
CVE-2026-42448,0.00197,0.0966
CVE-2026-42449,0.00206,0.11051
CVE-2026-42450,0.00171,0.06855
CVE-2026-42451,0.00136,0.03404
CVE-2026-42452,0.00306,0.23546
CVE-2026-42453,0.01207,0.66545
CVE-2026-42454,0.00652,0.49444
CVE-2026-42455,0.00458,0.38926
CVE-2026-42456,0.00301,0.22969
CVE-2026-42457,0.00312,0.24283
CVE-2026-42458,0.00258,0.17727
CVE-2026-42459,0.00324,0.25662
CVE-2026-42461,0.01283,0.68314
CVE-2026-42462,0.00171,0.06796
CVE-2026-42463,0.00249,0.1655
CVE-2026-42467,0.00268,0.19182
CVE-2026-42468,0.00418,0.35709
CVE-2026-42469,0.00356,0.29308
CVE-2026-42471,0.01757,0.76644
CVE-2026-42472,0.0038,0.31757
CVE-2026-42473,0.0038,0.31758
CVE-2026-42474,0.00201,0.10274
CVE-2026-42475,0.00201,0.10274
CVE-2026-42476,0.00106,0.01241
CVE-2026-42477,0.00104,0.01151
CVE-2026-42478,0.00219,0.1263
CVE-2026-42479,0.00099,0.00935
CVE-2026-42480,0.00098,0.00888
CVE-2026-42481,0.00098,0.00874
CVE-2026-42482,0.00404,0.34404
CVE-2026-42483,0.00304,0.23284
CVE-2026-42484,0.00444,0.37904
CVE-2026-42485,0.00314,0.24453
CVE-2026-42486,0.00167,0.06391
CVE-2026-42487,0.00095,0.0076
CVE-2026-42488,0.00353,0.2898
CVE-2026-42489,0.00078,0.00167
CVE-2026-42490,0.002,0.10127
CVE-2026-42492,0.00459,0.38983
CVE-2026-42493,0.0045,0.38337
CVE-2026-42494,0.00111,0.01475
CVE-2026-42495,0.00198,0.09791
CVE-2026-42496,0.0043,0.36707
CVE-2026-42497,0.00417,0.35566
CVE-2026-42498,0.00646,0.4919
CVE-2026-42499,0.00798,0.54538
CVE-2026-42500,0.00384,0.32215
CVE-2026-42501,0.00231,0.14136
CVE-2026-42502,0.00223,0.13175
CVE-2026-42503,0.00212,0.11843
CVE-2026-42504,0.0056,0.4517
CVE-2026-42505,0.00382,0.32001
CVE-2026-42506,0.00235,0.14788
CVE-2026-42507,0.0037,0.30794
CVE-2026-42508,0.07314,0.94185
CVE-2026-42509,0.00357,0.29374
CVE-2026-42510,0.00567,0.45529
CVE-2026-42511,0.00431,0.36745
CVE-2026-42512,0.01423,0.71304
CVE-2026-42513,0.00482,0.40581
CVE-2026-42514,0.00227,0.13666
CVE-2026-42515,0.00226,0.13574
CVE-2026-42516,0.00226,0.13574
CVE-2026-42517,0.00226,0.13572
CVE-2026-42518,0.00219,0.12574
CVE-2026-42519,0.00174,0.07207
CVE-2026-42520,0.00411,0.3498
CVE-2026-42521,0.00246,0.16067
CVE-2026-42522,0.00184,0.08226
CVE-2026-42523,0.00281,0.2079
CVE-2026-42524,0.00281,0.2079
CVE-2026-42525,0.00212,0.11819
CVE-2026-42526,0.00413,0.35196
CVE-2026-42527,0.00668,0.50089
CVE-2026-42530,0.03825,0.89644
CVE-2026-42533,0.04452,0.91006
CVE-2026-42534,0.00583,0.46311
CVE-2026-42535,0.00538,0.44033
CVE-2026-42536,0.01024,0.61529
CVE-2026-42537,0.00687,0.50838
CVE-2026-42538,0.00175,0.07269
CVE-2026-42539,0.00232,0.14328
CVE-2026-42540,0.00183,0.08104
CVE-2026-42541,0.00171,0.06834
CVE-2026-42542,0.00539,0.44081
CVE-2026-42543,0.00174,0.07163
CVE-2026-42544,0.00324,0.25614
CVE-2026-42545,0.00222,0.1306
CVE-2026-42546,0.00151,0.04623
CVE-2026-42547,0.00174,0.07187
CVE-2026-42548,0.00388,0.32635
CVE-2026-42549,0.00154,0.04929
CVE-2026-42550,0.00397,0.33617
CVE-2026-42551,0.0031,0.23953
CVE-2026-42552,0.00335,0.26905
CVE-2026-42553,0.00302,0.2307
CVE-2026-42554,0.00212,0.11845
CVE-2026-42555,0.00576,0.45946
CVE-2026-42556,0.00258,0.17755
CVE-2026-42557,0.00371,0.30849
CVE-2026-42558,0.0011,0.01453
CVE-2026-42559,0.00213,0.11883
CVE-2026-42560,0.00417,0.35528
CVE-2026-42561,0.0074,0.52715
CVE-2026-42562,0.00261,0.18091
CVE-2026-42563,0.00555,0.44913
CVE-2026-42564,0.00318,0.24846
CVE-2026-42565,0.00194,0.09311
CVE-2026-42566,0.00488,0.4094
CVE-2026-42567,0.00451,0.38434
CVE-2026-42568,0.01027,0.61602
CVE-2026-42569,0.01173,0.65649
CVE-2026-42570,0.00397,0.33642
CVE-2026-42571,0.0032,0.25193
CVE-2026-42572,0.00181,0.07935
CVE-2026-42573,0.00342,0.27726
CVE-2026-42574,0.00352,0.28841
CVE-2026-42575,0.00159,0.05468
CVE-2026-42576,0.00252,0.16988
CVE-2026-42577,0.00408,0.34722
CVE-2026-42578,0.01065,0.62758
CVE-2026-42579,0.01006,0.61018
CVE-2026-42580,0.00364,0.30135
CVE-2026-42581,0.0063,0.48507
CVE-2026-42582,0.00437,0.37318
CVE-2026-42583,0.00461,0.39106
CVE-2026-42584,0.00838,0.55792
CVE-2026-42585,0.00267,0.19035
CVE-2026-42586,0.00198,0.09898
CVE-2026-42587,0.0099,0.60498
CVE-2026-42588,0.0074,0.52715
CVE-2026-42589,0.03013,0.86778
CVE-2026-42590,0.0029,0.21787
CVE-2026-42591,0.00253,0.17118
CVE-2026-42592,0.00192,0.09156
CVE-2026-42593,0.00311,0.24064
CVE-2026-42594,0.00348,0.28353
CVE-2026-42595,0.00313,0.24304
CVE-2026-42596,0.01239,0.67306
CVE-2026-42597,0.00277,0.20405
CVE-2026-42598,0.00325,0.25731
CVE-2026-42599,0.00205,0.10862
CVE-2026-42600,0.09491,0.95276
CVE-2026-42601,0.00404,0.34335
CVE-2026-42602,0.00222,0.12959
CVE-2026-42603,0.0025,0.16682
CVE-2026-42604,0.004,0.33928
CVE-2026-42605,0.00832,0.55621
CVE-2026-42606,0.00476,0.40188
CVE-2026-42607,0.03938,0.89948
CVE-2026-42608,0.00521,0.43077
CVE-2026-42609,0.00463,0.39246
CVE-2026-42610,0.0029,0.21744
CVE-2026-42611,0.003,0.22896
CVE-2026-42612,0.00238,0.15056
CVE-2026-42613,0.00939,0.5884
CVE-2026-42615,0.00294,0.22246
CVE-2026-42626,0.0016,0.05574
CVE-2026-42627,0.00132,0.03136
CVE-2026-42629,0.00316,0.2463
CVE-2026-42639,0.00283,0.2102
CVE-2026-42640,0.00188,0.08677
CVE-2026-42641,0.00141,0.03774
CVE-2026-42642,0.00191,0.09017
CVE-2026-42643,0.00143,0.03924
CVE-2026-42644,0.00247,0.16226
CVE-2026-42645,0.001,0.00967
CVE-2026-42646,0.00231,0.14169
CVE-2026-42647,0.01323,0.69215
CVE-2026-42648,0.00165,0.06165
CVE-2026-42649,0.00175,0.0725
CVE-2026-42650,0.00195,0.09518
CVE-2026-42651,0.00242,0.15632
CVE-2026-42652,0.00149,0.04472
CVE-2026-42653,0.00142,0.03845
CVE-2026-42654,0.00207,0.11134
CVE-2026-42655,0.00249,0.165
CVE-2026-42656,0.00205,0.10847
CVE-2026-42657,0.00219,0.12673
CVE-2026-42658,0.00175,0.0725
CVE-2026-42659,0.00271,0.19549
CVE-2026-42660,0.00345,0.2803
CVE-2026-42661,0.00384,0.32167
CVE-2026-42662,0.00316,0.24657
CVE-2026-42663,0.00161,0.05679
CVE-2026-42664,0.00254,0.1715
CVE-2026-42665,0.00283,0.21019
CVE-2026-42666,0.00278,0.20514
CVE-2026-42667,0.00294,0.22171
CVE-2026-42668,0.00427,0.36427
CVE-2026-42669,0.00202,0.10379
CVE-2026-42670,0.00252,0.16997
CVE-2026-42671,0.00196,0.09628
CVE-2026-42672,0.00236,0.14908
CVE-2026-42673,0.00245,0.1599
CVE-2026-42674,0.00394,0.33376
CVE-2026-42675,0.00178,0.07556
CVE-2026-42676,0.0013,0.03029
CVE-2026-42677,0.00232,0.14344
CVE-2026-42678,0.00203,0.10599
CVE-2026-42679,0.00295,0.22368
CVE-2026-42680,0.00331,0.26375
CVE-2026-42681,0.00142,0.0384
CVE-2026-42682,0.00291,0.21872
CVE-2026-42683,0.00142,0.03844
CVE-2026-42684,0.00299,0.22705
CVE-2026-42685,0.00146,0.04275
CVE-2026-42686,0.00354,0.29085
CVE-2026-42687,0.00317,0.24787
CVE-2026-42688,0.00236,0.149
CVE-2026-42725,0.00273,0.199
CVE-2026-42726,0.00242,0.15642
CVE-2026-42727,0.00294,0.22166
CVE-2026-42728,0.00181,0.07954
CVE-2026-42729,0.00181,0.07954
CVE-2026-42730,0.00262,0.18334
CVE-2026-42731,0.00333,0.2672
CVE-2026-42732,0.00248,0.16381
CVE-2026-42733,0.0018,0.07783
CVE-2026-42734,0.0018,0.07778
CVE-2026-42735,0.00255,0.17347
CVE-2026-42736,0.00256,0.17502
CVE-2026-42737,0.00358,0.29472
CVE-2026-42738,0.00152,0.04683
CVE-2026-42739,0.00152,0.04683
CVE-2026-42740,0.00245,0.16046
CVE-2026-42741,0.00223,0.13174
CVE-2026-42742,0.00223,0.13174
CVE-2026-42743,0.00144,0.04024
CVE-2026-42744,0.00207,0.11137
CVE-2026-42745,0.00238,0.15092
CVE-2026-42746,0.00195,0.09437
CVE-2026-42747,0.00245,0.16046
CVE-2026-42748,0.00276,0.2029
CVE-2026-42749,0.00252,0.16997
CVE-2026-42750,0.0013,0.03029
CVE-2026-42751,0.0013,0.03029
CVE-2026-42752,0.00222,0.13038
CVE-2026-42753,0.00184,0.08266
CVE-2026-42754,0.00203,0.10599
CVE-2026-42755,0.00236,0.14907
CVE-2026-42756,0.00336,0.26959
CVE-2026-42757,0.00359,0.29577
CVE-2026-42758,0.0032,0.25167
CVE-2026-42759,0.00152,0.04682
CVE-2026-42760,0.00291,0.21836
CVE-2026-42761,0.00229,0.13999
CVE-2026-42762,0.00142,0.03841
CVE-2026-42763,0.00264,0.18557
CVE-2026-42764,0.01165,0.65442
CVE-2026-42765,0.00508,0.42253
CVE-2026-42766,0.0106,0.62559
CVE-2026-42767,0.00557,0.45009
CVE-2026-42768,0.0058,0.46161
CVE-2026-42769,0.00401,0.34096
CVE-2026-42770,0.00503,0.4188
CVE-2026-42771,0.00218,0.12498
CVE-2026-42773,0.00372,0.30973
CVE-2026-42774,0.00372,0.30973
CVE-2026-42775,0.00175,0.07248
CVE-2026-42776,0.00202,0.10416
CVE-2026-42778,0.00657,0.49671
CVE-2026-42779,0.00902,0.57722
CVE-2026-42780,0.00886,0.57227
CVE-2026-42781,0.00177,0.07495
CVE-2026-42782,0.00653,0.49488
CVE-2026-42784,0.00157,0.05302
CVE-2026-42785,0.00679,0.50551
CVE-2026-42786,0.00549,0.44592
CVE-2026-42788,0.0051,0.4233
CVE-2026-42789,0.0033,0.26309
CVE-2026-42790,0.00338,0.2728
CVE-2026-42791,0.00316,0.24666
CVE-2026-42792,0.00435,0.37188
CVE-2026-42793,0.00613,0.47729
CVE-2026-42794,0.00282,0.20884
CVE-2026-42795,0.00199,0.10013
CVE-2026-42796,0.02747,0.85474
CVE-2026-42797,0.00437,0.37316
CVE-2026-42798,0.00128,0.0283
CVE-2026-42799,0.00277,0.20325
CVE-2026-42800,0.00237,0.15003
CVE-2026-42804,0.00254,0.17154
CVE-2026-42805,0.00142,0.0386
CVE-2026-42806,0.00154,0.04867
CVE-2026-42807,0.00204,0.10644
CVE-2026-42808,0.00191,0.08969
CVE-2026-42809,0.00356,0.29274
CVE-2026-42810,0.00425,0.36281
CVE-2026-42811,0.00432,0.36842
CVE-2026-42812,0.00365,0.30219
CVE-2026-42822,0.00494,0.41313
CVE-2026-42823,0.00601,0.47179
CVE-2026-42824,0.0764,0.94386
CVE-2026-42825,0.00226,0.13595
CVE-2026-42826,0.0084,0.5587
CVE-2026-42827,0.00503,0.41888
CVE-2026-42828,0.00326,0.25815
CVE-2026-42829,0.00291,0.21899
CVE-2026-42830,0.00474,0.40025
CVE-2026-42831,0.00437,0.37323
CVE-2026-42832,0.00222,0.13062
CVE-2026-42833,0.00748,0.52949
CVE-2026-42834,0.00408,0.34755
CVE-2026-42835,0.01259,0.67797
CVE-2026-42836,0.00198,0.09804
CVE-2026-42837,0.00326,0.25815
CVE-2026-42838,0.0024,0.15386
CVE-2026-42839,0.00261,0.18077
CVE-2026-42840,0.00243,0.1578
CVE-2026-42841,0.00412,0.3504
CVE-2026-42842,0.0015,0.0456
CVE-2026-42843,0.0035,0.2859
CVE-2026-42844,0.00336,0.26997
CVE-2026-42845,0.00622,0.48174
CVE-2026-42846,0.00603,0.47229
CVE-2026-42847,0.00203,0.10597
CVE-2026-42849,0.00355,0.29233
CVE-2026-42850,0.00287,0.21427
CVE-2026-42851,0.00164,0.06077
CVE-2026-42853,0.00428,0.36539
CVE-2026-42854,0.00571,0.45707
CVE-2026-42855,0.00351,0.28686
CVE-2026-42856,0.00471,0.39812
CVE-2026-42857,0.0021,0.11557
CVE-2026-42858,0.00374,0.31115
CVE-2026-42859,0.0055,0.44667
CVE-2026-42860,0.00301,0.23
CVE-2026-42861,0.00254,0.17249
CVE-2026-42862,0.00195,0.09474
CVE-2026-42863,0.00268,0.19184
CVE-2026-42864,0.00272,0.19769
CVE-2026-42865,0.00228,0.138
CVE-2026-42866,0.00145,0.04103
CVE-2026-42867,0.00466,0.39467
CVE-2026-42869,0.0044,0.37574
CVE-2026-42870,0.00281,0.20864
CVE-2026-42871,0.00253,0.17029
CVE-2026-42872,0.00178,0.07626
CVE-2026-42873,0.00194,0.09376
CVE-2026-42874,0.00215,0.12191
CVE-2026-42875,0.0024,0.15389
CVE-2026-42876,0.00215,0.12111
CVE-2026-42877,0.00165,0.06167
CVE-2026-42878,0.00552,0.44748
CVE-2026-42879,0.00229,0.13982
CVE-2026-42880,0.00506,0.42057
CVE-2026-42881,0.00151,0.04654
CVE-2026-42882,0.00554,0.4489
CVE-2026-42883,0.00205,0.10783
CVE-2026-42884,0.00162,0.05791
CVE-2026-42885,0.00236,0.14871
CVE-2026-42886,0.00257,0.17608
CVE-2026-42887,0.00207,0.11168
CVE-2026-42888,0.00331,0.26454
CVE-2026-42889,0.00366,0.30361
CVE-2026-42890,0.00126,0.02655
CVE-2026-42891,0.00285,0.21245
CVE-2026-42893,0.00399,0.33878
CVE-2026-42895,0.00707,0.51586
CVE-2026-42896,0.00284,0.21081
CVE-2026-42897,0.71766,0.99413
CVE-2026-42898,0.01194,0.66202
CVE-2026-42899,0.0243,0.83395
CVE-2026-42900,0.00542,0.44271
CVE-2026-42901,0.00301,0.22945
CVE-2026-42902,0.00291,0.21899
CVE-2026-42903,0.00903,0.57748
CVE-2026-42904,0.00438,0.37419
CVE-2026-42905,0.02004,0.79673
CVE-2026-42906,0.00404,0.34346
CVE-2026-42907,0.00816,0.5515
CVE-2026-42908,0.00871,0.5682
CVE-2026-42909,0.00397,0.33639
CVE-2026-42910,0.00286,0.21387
CVE-2026-42911,0.00234,0.14541
CVE-2026-42912,0.00205,0.10876
CVE-2026-42913,0.00473,0.39923
CVE-2026-42914,0.00794,0.54435
CVE-2026-42915,0.00383,0.3206
CVE-2026-42916,0.00326,0.25815
CVE-2026-42919,0.00288,0.21508
CVE-2026-42920,0.00263,0.18413
CVE-2026-42923,0.00339,0.27323
CVE-2026-42924,0.00248,0.16393
CVE-2026-42926,0.00346,0.28112
CVE-2026-42929,0.00226,0.13556
CVE-2026-42930,0.0048,0.40439
CVE-2026-42931,0.00376,0.31382
CVE-2026-42932,0.00233,0.1449
CVE-2026-42933,0.00512,0.42509
CVE-2026-42934,0.00731,0.52386
CVE-2026-42936,0.00177,0.07527
CVE-2026-42937,0.00203,0.10536
CVE-2026-42941,0.00226,0.13556
CVE-2026-42944,0.00842,0.55923
CVE-2026-42945,0.68047,0.99316
CVE-2026-42946,0.00932,0.58638
CVE-2026-42947,0.00312,0.24223
CVE-2026-42948,0.00161,0.05719
CVE-2026-42950,0.00207,0.11119
CVE-2026-42951,0.00169,0.0661
CVE-2026-42952,0.00537,0.43989
CVE-2026-42953,0.00184,0.08234
CVE-2026-42955,0.00196,0.09532
CVE-2026-42958,0.00185,0.08341
CVE-2026-42959,0.00779,0.53947
CVE-2026-42960,0.00249,0.16559
CVE-2026-42961,0.00186,0.08422
CVE-2026-42965,0.00263,0.18401
CVE-2026-42968,0.00388,0.32613
CVE-2026-42969,0.00388,0.32614
CVE-2026-42970,0.00404,0.34347
CVE-2026-42971,0.00459,0.38967
CVE-2026-42972,0.00459,0.38967
CVE-2026-42973,0.00404,0.34346
CVE-2026-42974,0.0064,0.48912
CVE-2026-42975,0.00536,0.43913
CVE-2026-42976,0.00214,0.12091
CVE-2026-42977,0.00185,0.08332
CVE-2026-42978,0.00246,0.16108
CVE-2026-42979,0.00185,0.08332
CVE-2026-42980,0.06949,0.939
CVE-2026-42981,0.0064,0.48911
CVE-2026-42982,0.00333,0.26679
CVE-2026-42983,0.00286,0.21376
CVE-2026-42984,0.00251,0.16764
CVE-2026-42985,0.0126,0.67817
CVE-2026-42986,0.02004,0.79673
CVE-2026-42987,0.00589,0.46575
CVE-2026-42989,0.0227,0.82114
CVE-2026-42990,0.00974,0.60051
CVE-2026-42991,0.00173,0.06975
CVE-2026-42992,0.00461,0.39133
CVE-2026-42993,0.00434,0.37098
CVE-2026-42994,0.00306,0.23566
CVE-2026-42996,0.00479,0.40376
CVE-2026-42997,0.00433,0.37019
CVE-2026-42998,0.00303,0.23214
CVE-2026-42999,0.00329,0.26234
CVE-2026-43000,0.00328,0.26026
CVE-2026-43001,0.00466,0.39467
CVE-2026-43002,0.00361,0.29802
CVE-2026-43003,0.00983,0.60286
CVE-2026-43004,0.00121,0.02172
CVE-2026-43005,0.00124,0.02452
CVE-2026-43006,0.00124,0.02452
CVE-2026-43007,0.00129,0.02862
CVE-2026-43008,0.00107,0.01319
CVE-2026-43009,0.00127,0.02733
CVE-2026-43010,0.00122,0.02269
CVE-2026-43011,0.00591,0.46703
CVE-2026-43012,0.00122,0.02266
CVE-2026-43013,0.00123,0.0237
CVE-2026-43014,0.00123,0.0237
CVE-2026-43015,0.00126,0.02592
CVE-2026-43016,0.00125,0.02546
CVE-2026-43017,0.00122,0.02316
CVE-2026-43018,0.00256,0.17571
CVE-2026-43019,0.00129,0.02865
CVE-2026-43020,0.00129,0.02926
CVE-2026-43021,0.00107,0.01303
CVE-2026-43022,0.00107,0.01319
CVE-2026-43023,0.00097,0.00839
CVE-2026-43024,0.00129,0.02881
CVE-2026-43025,0.00126,0.02616
CVE-2026-43026,0.00129,0.02883
CVE-2026-43027,0.00131,0.0309
CVE-2026-43028,0.00131,0.03097
CVE-2026-43029,0.00329,0.26201
CVE-2026-43030,0.00135,0.03341
CVE-2026-43031,0.00426,0.36382
CVE-2026-43032,0.00123,0.02399
CVE-2026-43033,0.00135,0.0334
CVE-2026-43034,0.00121,0.02175
CVE-2026-43035,0.00129,0.02883
CVE-2026-43036,0.00122,0.0227
CVE-2026-43037,0.00563,0.45358
CVE-2026-43038,0.00255,0.17416
CVE-2026-43039,0.00308,0.23736
CVE-2026-43040,0.00122,0.02313
CVE-2026-43041,0.00114,0.01696
CVE-2026-43042,0.0011,0.01416
CVE-2026-43043,0.00114,0.01706
CVE-2026-43044,0.0012,0.02073
CVE-2026-43045,0.001,0.0097
CVE-2026-43046,0.00114,0.01696
CVE-2026-43047,0.0012,0.02121
CVE-2026-43048,0.00241,0.1546
CVE-2026-43049,0.00116,0.01853
CVE-2026-43050,0.00119,0.01991
CVE-2026-43051,0.00255,0.17401
CVE-2026-43052,0.00117,0.0191
CVE-2026-43053,0.00074,0.00091
CVE-2026-43054,0.00114,0.01697
CVE-2026-43055,0.00358,0.2953
CVE-2026-43056,0.00116,0.01854
CVE-2026-43057,0.00389,0.3276
CVE-2026-43058,0.00121,0.02216
CVE-2026-43059,0.00122,0.02313
CVE-2026-43060,0.0012,0.02122
CVE-2026-43061,0.00091,0.00562
CVE-2026-43062,0.00215,0.12161
CVE-2026-43063,0.00126,0.02609
CVE-2026-43064,0.00114,0.01694
CVE-2026-43065,0.00117,0.0186
CVE-2026-43066,0.00117,0.01859
CVE-2026-43067,0.00403,0.34226
CVE-2026-43068,0.00117,0.01862
CVE-2026-43069,0.00114,0.01695
CVE-2026-43070,0.00118,0.01973
CVE-2026-43071,0.00399,0.33842
CVE-2026-43072,0.00114,0.01696
CVE-2026-43073,0.00117,0.01861
CVE-2026-43074,0.00482,0.40591
CVE-2026-43075,0.00126,0.02597
CVE-2026-43076,0.00131,0.03082
CVE-2026-43077,0.00123,0.02343
CVE-2026-43078,0.00129,0.02932
CVE-2026-43079,0.00123,0.02365
CVE-2026-43080,0.00123,0.02365
CVE-2026-43081,0.00122,0.02269
CVE-2026-43082,0.00122,0.02269
CVE-2026-43083,0.00442,0.37738
CVE-2026-43084,0.00125,0.02547
CVE-2026-43085,0.00125,0.02563
CVE-2026-43086,0.00122,0.02267
CVE-2026-43087,0.00107,0.01302
CVE-2026-43088,0.00123,0.02369
CVE-2026-43089,0.00129,0.02856
CVE-2026-43090,0.00122,0.02278
CVE-2026-43091,0.00129,0.02872
CVE-2026-43092,0.00122,0.02272
CVE-2026-43093,0.00129,0.02932
CVE-2026-43094,0.00123,0.02343
CVE-2026-43095,0.00107,0.01319
CVE-2026-43096,0.00107,0.01303
CVE-2026-43097,0.0012,0.02135
CVE-2026-43098,0.00123,0.02358
CVE-2026-43099,0.0049,0.41075
CVE-2026-43100,0.00121,0.02174
CVE-2026-43101,0.00426,0.36382
CVE-2026-43102,0.00121,0.02148
CVE-2026-43103,0.00123,0.02358
CVE-2026-43104,0.00123,0.02358
CVE-2026-43105,0.00114,0.01695
CVE-2026-43106,0.00112,0.01557
CVE-2026-43107,0.00114,0.01661
CVE-2026-43108,0.00114,0.01655
CVE-2026-43109,0.00114,0.01661
CVE-2026-43110,0.00244,0.15914
CVE-2026-43111,0.00117,0.0189
CVE-2026-43112,0.00352,0.28817
CVE-2026-43113,0.00244,0.15913
CVE-2026-43114,0.0037,0.30736
CVE-2026-43115,0.001,0.00961
CVE-2026-43116,0.00096,0.00807
CVE-2026-43117,0.00399,0.3384
CVE-2026-43118,0.00112,0.01584
CVE-2026-43119,0.00114,0.01662
CVE-2026-43120,0.00122,0.02312
CVE-2026-43121,0.00088,0.00454
CVE-2026-43123,0.00128,0.02803
CVE-2026-43124,0.00128,0.02803
CVE-2026-43125,0.00426,0.36399
CVE-2026-43126,0.00129,0.02862
CVE-2026-43127,0.00093,0.00659
CVE-2026-43128,0.00139,0.03597
CVE-2026-43129,0.00122,0.02293
CVE-2026-43130,0.00123,0.02345
CVE-2026-43131,0.00112,0.01561
CVE-2026-43132,0.00128,0.02799
CVE-2026-43133,0.00133,0.03177
CVE-2026-43134,0.00177,0.07439
CVE-2026-43135,0.00123,0.02343
CVE-2026-43136,0.00128,0.02799
CVE-2026-43137,0.00127,0.02762
CVE-2026-43138,0.00134,0.03277
CVE-2026-43139,0.00375,0.31248
CVE-2026-43140,0.00128,0.02801
CVE-2026-43141,0.00131,0.0309
CVE-2026-43142,0.00126,0.02635
CVE-2026-43143,0.00128,0.02798
CVE-2026-43144,0.00126,0.0265
CVE-2026-43145,0.00123,0.02345
CVE-2026-43146,0.00126,0.02637
CVE-2026-43147,0.00095,0.00725
CVE-2026-43148,0.00128,0.02801
CVE-2026-43149,0.00128,0.02806
CVE-2026-43150,0.00139,0.03599
CVE-2026-43151,0.00126,0.02636
CVE-2026-43152,0.00128,0.028
CVE-2026-43153,0.00138,0.03545
CVE-2026-43154,0.00126,0.02636
CVE-2026-43155,0.00126,0.02636
CVE-2026-43156,0.00123,0.02346
CVE-2026-43157,0.00128,0.02807
CVE-2026-43158,0.00469,0.39613
CVE-2026-43159,0.00128,0.02806
CVE-2026-43160,0.00121,0.02147
CVE-2026-43161,0.00122,0.02293
CVE-2026-43162,0.00128,0.02802
CVE-2026-43163,0.00091,0.0054
CVE-2026-43164,0.00451,0.38417
CVE-2026-43165,0.00121,0.02182
CVE-2026-43166,0.00132,0.0311
CVE-2026-43167,0.00122,0.02292
CVE-2026-43168,0.00123,0.02339
CVE-2026-43169,0.00127,0.02759
CVE-2026-43170,0.00125,0.02511
CVE-2026-43171,0.00123,0.02344
CVE-2026-43172,0.00256,0.17566
CVE-2026-43173,0.00122,0.02292
CVE-2026-43174,0.00112,0.01555
CVE-2026-43175,0.00127,0.02761
CVE-2026-43176,0.00256,0.17566
CVE-2026-43177,0.00127,0.02761
CVE-2026-43178,0.00132,0.03157
CVE-2026-43179,0.00126,0.02634
CVE-2026-43180,0.00129,0.0294
CVE-2026-43181,0.00126,0.02635
CVE-2026-43182,0.00128,0.02798
CVE-2026-43183,0.00128,0.02802
CVE-2026-43184,0.00444,0.379
CVE-2026-43185,0.00622,0.48162
CVE-2026-43186,0.00642,0.4904
CVE-2026-43187,0.00469,0.39613
CVE-2026-43188,0.00126,0.02635
CVE-2026-43189,0.00127,0.0276
CVE-2026-43190,0.00463,0.39239
CVE-2026-43191,0.00112,0.01562
CVE-2026-43192,0.00112,0.01555
CVE-2026-43193,0.00112,0.01555
CVE-2026-43194,0.00533,0.43767
CVE-2026-43195,0.00126,0.02649
CVE-2026-43196,0.00139,0.036
CVE-2026-43197,0.00478,0.40257
CVE-2026-43198,0.00298,0.22666
CVE-2026-43199,0.00441,0.37598
CVE-2026-43200,0.00123,0.02336
CVE-2026-43201,0.00127,0.02761
CVE-2026-43202,0.00128,0.02798
CVE-2026-43203,0.00435,0.37195
CVE-2026-43204,0.00112,0.01562
CVE-2026-43205,0.00139,0.03601
CVE-2026-43206,0.00139,0.03603
CVE-2026-43207,0.00139,0.03602
CVE-2026-43208,0.00481,0.40482
CVE-2026-43209,0.00128,0.028
CVE-2026-43210,0.00127,0.02762
CVE-2026-43211,0.00107,0.01286
CVE-2026-43212,0.00139,0.03603
CVE-2026-43213,0.0022,0.12809
CVE-2026-43214,0.00139,0.03602
CVE-2026-43215,0.00298,0.22674
CVE-2026-43216,0.00134,0.03293
CVE-2026-43217,0.00126,0.02637
CVE-2026-43218,0.00128,0.02802
CVE-2026-43219,0.00128,0.0281
CVE-2026-43220,0.00127,0.02762
CVE-2026-43221,0.00128,0.02808
CVE-2026-43222,0.00138,0.03542
CVE-2026-43223,0.00128,0.02801
CVE-2026-43224,0.00126,0.02635
CVE-2026-43225,0.00128,0.02809
CVE-2026-43226,0.00523,0.43212
CVE-2026-43227,0.00123,0.02336
CVE-2026-43228,0.00112,0.01562
CVE-2026-43229,0.00127,0.02761
CVE-2026-43230,0.00523,0.43213
CVE-2026-43231,0.00128,0.02809
CVE-2026-43232,0.00387,0.32514
CVE-2026-43233,0.00463,0.39239
CVE-2026-43234,0.00121,0.02172
CVE-2026-43235,0.00126,0.02637
CVE-2026-43236,0.00135,0.0332
CVE-2026-43237,0.00124,0.02443
CVE-2026-43238,0.00128,0.02807
CVE-2026-43239,0.00354,0.29052
CVE-2026-43240,0.00123,0.02327
CVE-2026-43241,0.00126,0.02614
CVE-2026-43242,0.00123,0.02334
CVE-2026-43243,0.00122,0.02286
CVE-2026-43244,0.00122,0.02286
CVE-2026-43245,0.00441,0.37597
CVE-2026-43246,0.00123,0.02333
CVE-2026-43247,0.00121,0.02147
CVE-2026-43248,0.00129,0.02868
CVE-2026-43249,0.00241,0.1559
CVE-2026-43250,0.00129,0.02864
CVE-2026-43251,0.00123,0.02337
CVE-2026-43252,0.00095,0.00721
CVE-2026-43253,0.0034,0.27508
CVE-2026-43254,0.00451,0.38417
CVE-2026-43255,0.00128,0.02801
CVE-2026-43256,0.00129,0.02933
CVE-2026-43257,0.00128,0.0281
CVE-2026-43258,0.00138,0.03545
CVE-2026-43259,0.00121,0.02166
CVE-2026-43260,0.00138,0.03543
CVE-2026-43261,0.00128,0.02808
CVE-2026-43262,0.00114,0.017
CVE-2026-43263,0.00119,0.01985
CVE-2026-43264,0.00114,0.01699
CVE-2026-43265,0.00119,0.02023
CVE-2026-43266,0.00119,0.02023
CVE-2026-43267,0.00117,0.01921
CVE-2026-43268,0.00117,0.01859
CVE-2026-43269,0.00114,0.01698
CVE-2026-43270,0.00114,0.01699
CVE-2026-43271,0.00116,0.01837
CVE-2026-43272,0.00115,0.0175
CVE-2026-43273,0.00117,0.01859
CVE-2026-43274,0.00131,0.03042
CVE-2026-43275,0.00091,0.00576
CVE-2026-43276,0.00118,0.0193
CVE-2026-43277,0.00114,0.01699
CVE-2026-43278,0.00117,0.0189
CVE-2026-43279,0.00123,0.0239
CVE-2026-43280,0.00118,0.01935
CVE-2026-43281,0.00119,0.02051
CVE-2026-43282,0.00112,0.01573
CVE-2026-43283,0.0012,0.02121
CVE-2026-43284,0.93235,0.99835
CVE-2026-43285,0.00121,0.02164
CVE-2026-43286,0.00121,0.02164
CVE-2026-43287,0.00123,0.02332
CVE-2026-43288,0.0013,0.03002
CVE-2026-43289,0.00123,0.02332
CVE-2026-43290,0.00128,0.02776
CVE-2026-43291,0.00269,0.19229
CVE-2026-43292,0.00122,0.02265
CVE-2026-43293,0.00122,0.02282
CVE-2026-43294,0.00121,0.02169
CVE-2026-43295,0.00123,0.02336
CVE-2026-43296,0.00387,0.32535
CVE-2026-43297,0.00122,0.02287
CVE-2026-43298,0.00121,0.02168
CVE-2026-43299,0.00117,0.01917
CVE-2026-43300,0.00122,0.02288
CVE-2026-43301,0.00121,0.02167
CVE-2026-43302,0.00123,0.0234
CVE-2026-43303,0.00165,0.06131
CVE-2026-43304,0.00502,0.41849
CVE-2026-43305,0.00083,0.00294
CVE-2026-43306,0.00122,0.02288
CVE-2026-43307,0.00129,0.0292
CVE-2026-43308,0.00107,0.01318
CVE-2026-43309,0.00121,0.02169
CVE-2026-43310,0.00107,0.01311
CVE-2026-43311,0.00121,0.02169
CVE-2026-43312,0.00123,0.02335
CVE-2026-43313,0.00123,0.02334
CVE-2026-43314,0.00138,0.03577
CVE-2026-43315,0.0013,0.0302
CVE-2026-43316,0.00123,0.02334
CVE-2026-43317,0.00122,0.02274
CVE-2026-43318,0.00122,0.02274
CVE-2026-43319,0.00094,0.00701
CVE-2026-43320,0.00122,0.02275
CVE-2026-43321,0.00121,0.02194
CVE-2026-43322,0.00219,0.12637
CVE-2026-43323,0.00122,0.02275
CVE-2026-43324,0.0013,0.02979
CVE-2026-43325,0.00121,0.0217
CVE-2026-43326,0.00083,0.00294
CVE-2026-43327,0.00095,0.00723
CVE-2026-43328,0.00129,0.02946
CVE-2026-43329,0.00141,0.03764
CVE-2026-43330,0.00129,0.02921
CVE-2026-43331,0.00122,0.02287
CVE-2026-43332,0.00129,0.0292
CVE-2026-43333,0.00123,0.02335
CVE-2026-43334,0.00252,0.16962
CVE-2026-43335,0.00107,0.01312
CVE-2026-43336,0.00425,0.36297
CVE-2026-43337,0.00112,0.01586
CVE-2026-43338,0.00114,0.01666
CVE-2026-43339,0.00121,0.02187
CVE-2026-43340,0.00114,0.01703
CVE-2026-43341,0.00409,0.34809
CVE-2026-43342,0.00086,0.00387
CVE-2026-43343,0.00114,0.017
CVE-2026-43344,0.00116,0.01833
CVE-2026-43345,0.00353,0.2894
CVE-2026-43346,0.00112,0.01586
CVE-2026-43347,0.00335,0.26857
CVE-2026-43348,0.001,0.00969
CVE-2026-43349,0.00112,0.01588
CVE-2026-43350,0.00224,0.13289
CVE-2026-43351,0.00121,0.0216
CVE-2026-43352,0.00128,0.02775
CVE-2026-43353,0.00099,0.00897
CVE-2026-43354,0.00122,0.0228
CVE-2026-43355,0.00123,0.02352
CVE-2026-43356,0.00121,0.0216
CVE-2026-43357,0.00123,0.02353
CVE-2026-43358,0.00121,0.02156
CVE-2026-43359,0.00123,0.02337
CVE-2026-43360,0.00163,0.05885
CVE-2026-43361,0.00123,0.0235
CVE-2026-43362,0.00217,0.12426
CVE-2026-43363,0.00123,0.0235
CVE-2026-43364,0.00121,0.0216
CVE-2026-43365,0.00414,0.35315
CVE-2026-43366,0.0013,0.02978
CVE-2026-43367,0.00121,0.02161
CVE-2026-43368,0.00129,0.02921
CVE-2026-43369,0.00121,0.02162
CVE-2026-43370,0.00126,0.0264
CVE-2026-43371,0.00123,0.02338
CVE-2026-43372,0.00122,0.02276
CVE-2026-43373,0.00501,0.41777
CVE-2026-43374,0.00125,0.02584
CVE-2026-43375,0.00121,0.0216
CVE-2026-43376,0.00444,0.37924
CVE-2026-43377,0.00248,0.16392
CVE-2026-43378,0.00308,0.23788
CVE-2026-43379,0.00444,0.37924
CVE-2026-43380,0.00143,0.03962
CVE-2026-43381,0.00123,0.02357
CVE-2026-43382,0.00095,0.00722
CVE-2026-43383,0.00443,0.37819
CVE-2026-43384,0.00457,0.38849
CVE-2026-43385,0.00344,0.27897
CVE-2026-43386,0.00126,0.02611
CVE-2026-43387,0.00123,0.02357
CVE-2026-43388,0.00124,0.02443
CVE-2026-43389,0.00107,0.01312
CVE-2026-43390,0.00107,0.01312
CVE-2026-43391,0.00128,0.02775
CVE-2026-43392,0.0013,0.02989
CVE-2026-43393,0.00122,0.02279
CVE-2026-43394,0.00122,0.02272
CVE-2026-43395,0.00122,0.02273
CVE-2026-43396,0.00121,0.02156
CVE-2026-43397,0.00122,0.0227
CVE-2026-43398,0.00126,0.02648
CVE-2026-43399,0.00121,0.02158
CVE-2026-43400,0.00126,0.02647
CVE-2026-43401,0.00121,0.02158
CVE-2026-43402,0.00456,0.38793
CVE-2026-43403,0.00129,0.02921
CVE-2026-43404,0.00093,0.00659
CVE-2026-43405,0.0049,0.41074
CVE-2026-43406,0.00502,0.41849
CVE-2026-43407,0.00537,0.43985
CVE-2026-43408,0.00129,0.02922
CVE-2026-43409,0.00122,0.02268
CVE-2026-43410,0.00116,0.0182
CVE-2026-43411,0.00123,0.02356
CVE-2026-43412,0.00123,0.02356
CVE-2026-43413,0.00122,0.02278
CVE-2026-43414,0.0038,0.31731
CVE-2026-43415,0.00089,0.00482
CVE-2026-43416,0.00121,0.02158
CVE-2026-43417,0.00107,0.01314
CVE-2026-43418,0.00107,0.01313
CVE-2026-43419,0.00122,0.0227
CVE-2026-43420,0.00093,0.00657
CVE-2026-43421,0.00123,0.0237
CVE-2026-43424,0.00123,0.02363
CVE-2026-43425,0.00123,0.02362
CVE-2026-43426,0.00126,0.02598
CVE-2026-43427,0.00132,0.03167
CVE-2026-43428,0.00123,0.02357
CVE-2026-43429,0.00123,0.02363
CVE-2026-43430,0.00089,0.00495
CVE-2026-43431,0.00107,0.01315
CVE-2026-43432,0.00123,0.02368
CVE-2026-43433,0.00099,0.00897
CVE-2026-43434,0.00128,0.02775
CVE-2026-43435,0.00121,0.02181
CVE-2026-43436,0.00123,0.02374
CVE-2026-43437,0.00126,0.0264
CVE-2026-43438,0.00125,0.02585
CVE-2026-43439,0.00089,0.00494
CVE-2026-43440,0.00124,0.02444
CVE-2026-43441,0.00479,0.40354
CVE-2026-43442,0.00131,0.03037
CVE-2026-43443,0.00107,0.01314
CVE-2026-43444,0.00122,0.02278
CVE-2026-43445,0.00123,0.02356
CVE-2026-43446,0.0009,0.00505
CVE-2026-43447,0.00124,0.02475
CVE-2026-43448,0.00089,0.00496
CVE-2026-43449,0.00126,0.02651
CVE-2026-43450,0.00132,0.03138
CVE-2026-43451,0.00123,0.02371
CVE-2026-43452,0.00443,0.37819
CVE-2026-43453,0.00126,0.0261
CVE-2026-43454,0.00119,0.02007
CVE-2026-43455,0.00114,0.01702
CVE-2026-43456,0.0016,0.05629
CVE-2026-43457,0.00114,0.01702
CVE-2026-43458,0.00117,0.01889
CVE-2026-43459,0.00113,0.01648
CVE-2026-43460,0.00119,0.01985
CVE-2026-43461,0.00119,0.02008
CVE-2026-43462,0.00335,0.26856
CVE-2026-43463,0.00112,0.01588
CVE-2026-43464,0.00402,0.34182
CVE-2026-43465,0.00414,0.35331
CVE-2026-43466,0.00329,0.2618
CVE-2026-43467,0.00114,0.01665
CVE-2026-43468,0.00091,0.00562
CVE-2026-43469,0.0038,0.31756
CVE-2026-43470,0.00116,0.01836
CVE-2026-43471,0.00114,0.01665
CVE-2026-43472,0.00114,0.01704
CVE-2026-43473,0.00114,0.01705
CVE-2026-43474,0.00112,0.01589
CVE-2026-43475,0.00114,0.01706
CVE-2026-43476,0.00121,0.02185
CVE-2026-43477,0.00112,0.01586
CVE-2026-43478,0.001,0.00968
CVE-2026-43479,0.00112,0.01585
CVE-2026-43480,0.00114,0.01703
CVE-2026-43481,0.00119,0.02007
CVE-2026-43482,0.00121,0.02199
CVE-2026-43483,0.00114,0.01704
CVE-2026-43484,0.00114,0.01703
CVE-2026-43485,0.00112,0.01585
CVE-2026-43486,0.00114,0.01665
CVE-2026-43487,0.00114,0.01664
CVE-2026-43488,0.00114,0.01661
CVE-2026-43489,0.00102,0.01062
CVE-2026-43490,0.00408,0.34719
CVE-2026-43491,0.00149,0.04468
CVE-2026-43492,0.00152,0.04762
CVE-2026-43493,0.00554,0.44856
CVE-2026-43494,0.00299,0.22713
CVE-2026-43495,0.00261,0.18227
CVE-2026-43496,0.00118,0.01977
CVE-2026-43497,0.00113,0.01648
CVE-2026-43498,0.00113,0.01598
CVE-2026-43499,0.00789,0.54269
CVE-2026-43500,0.92855,0.99829
CVE-2026-43501,0.0065,0.49392
CVE-2026-43502,0.00125,0.02549
CVE-2026-43503,0.00337,0.27125
CVE-2026-43504,0.00256,0.17488
CVE-2026-43505,0.00204,0.10692
CVE-2026-43506,0.00279,0.2057
CVE-2026-43507,0.00348,0.28359
CVE-2026-43510,0.00398,0.33744
CVE-2026-43512,0.01326,0.69286
CVE-2026-43513,0.00503,0.41872
CVE-2026-43514,0.00352,0.28775
CVE-2026-43515,0.01221,0.66904
CVE-2026-43526,0.00251,0.16789
CVE-2026-43527,0.0028,0.20727
CVE-2026-43528,0.00333,0.26632
CVE-2026-43529,0.00079,0.00182
CVE-2026-43530,0.00356,0.2932
CVE-2026-43531,0.00203,0.10502
CVE-2026-43532,0.00259,0.17932
CVE-2026-43533,0.0037,0.3072
CVE-2026-43534,0.0019,0.08866
CVE-2026-43535,0.0022,0.12722
CVE-2026-43566,0.00418,0.35634
CVE-2026-43567,0.0022,0.12764
CVE-2026-43568,0.00213,0.11923
CVE-2026-43569,0.00376,0.31345
CVE-2026-43570,0.00323,0.25525
CVE-2026-43571,0.00387,0.32516
CVE-2026-43572,0.00231,0.1421
CVE-2026-43573,0.00253,0.1708
CVE-2026-43574,0.00244,0.15915
CVE-2026-43575,0.00401,0.34009
CVE-2026-43576,0.00265,0.18667
CVE-2026-43577,0.00253,0.17043
CVE-2026-43578,0.00288,0.21625
CVE-2026-43579,0.00218,0.12467
CVE-2026-43580,0.00264,0.18562
CVE-2026-43581,0.00214,0.11989
CVE-2026-43582,0.00199,0.09982
CVE-2026-43583,0.00214,0.12008
CVE-2026-43584,0.00392,0.33132
CVE-2026-43585,0.0054,0.44152
CVE-2026-43606,0.00119,0.02008
CVE-2026-43616,0.00168,0.06472
CVE-2026-43617,0.00282,0.20875
CVE-2026-43618,0.0078,0.53983
CVE-2026-43619,0.00136,0.03369
CVE-2026-43620,0.00428,0.36514
CVE-2026-43621,0.00209,0.11302
CVE-2026-43622,0.00156,0.0513
CVE-2026-43623,0.00318,0.24842
CVE-2026-43624,0.00393,0.33215
CVE-2026-43625,0.00186,0.08467
CVE-2026-43627,0.0014,0.03673
CVE-2026-43628,0.00202,0.10428
CVE-2026-43629,0.00619,0.47982
CVE-2026-43630,0.00454,0.38631
CVE-2026-43631,0.00421,0.35943
CVE-2026-43632,0.0033,0.26283
CVE-2026-43633,0.01072,0.62977
CVE-2026-43634,0.00241,0.15518
CVE-2026-43637,0.00662,0.49867
CVE-2026-43638,0.00188,0.08676
CVE-2026-43639,0.00596,0.46886
CVE-2026-43640,0.00504,0.41922
CVE-2026-43644,0.00195,0.09449
CVE-2026-43646,0.00394,0.33326
CVE-2026-43652,0.00245,0.15946
CVE-2026-43653,0.00185,0.08285
CVE-2026-43654,0.00348,0.28411
CVE-2026-43655,0.00343,0.27875
CVE-2026-43656,0.00265,0.18651
CVE-2026-43657,0.00099,0.00913
CVE-2026-43658,0.00318,0.24871
CVE-2026-43659,0.00099,0.00901
CVE-2026-43660,0.0027,0.19453
CVE-2026-43661,0.00648,0.49284
CVE-2026-43663,0.00368,0.30545
CVE-2026-43664,0.00163,0.05923
CVE-2026-43665,0.00134,0.03254
CVE-2026-43666,0.00147,0.04283
CVE-2026-43667,0.00333,0.26717
CVE-2026-43668,0.01115,0.6411
CVE-2026-43670,0.00213,0.11916
CVE-2026-43672,0.0017,0.06715
CVE-2026-43673,0.00177,0.07467
CVE-2026-43674,0.00215,0.12202
CVE-2026-43676,0.00469,0.39646
CVE-2026-43677,0.00306,0.23549
CVE-2026-43678,0.00285,0.21215
CVE-2026-43679,0.00121,0.0222
CVE-2026-43680,0.00461,0.39102
CVE-2026-43681,0.00173,0.07018
CVE-2026-43682,0.00717,0.51944
CVE-2026-43683,0.00163,0.05922
CVE-2026-43684,0.00163,0.059
CVE-2026-43685,0.00457,0.38853
CVE-2026-43686,0.0037,0.30712
CVE-2026-43687,0.00349,0.28445
CVE-2026-43688,0.00158,0.05382
CVE-2026-43689,0.00148,0.04397
CVE-2026-43690,0.00106,0.0126
CVE-2026-43691,0.00182,0.08046
CVE-2026-43692,0.00514,0.42651
CVE-2026-43693,0.0013,0.03006
CVE-2026-43694,0.00602,0.47189
CVE-2026-43695,0.00115,0.01757
CVE-2026-43696,0.00221,0.12941
CVE-2026-43697,0.00306,0.23478
CVE-2026-43698,0.00207,0.11168
CVE-2026-43699,0.00393,0.33249
CVE-2026-43700,0.00269,0.19329
CVE-2026-43701,0.00551,0.44701
CVE-2026-43702,0.00139,0.03604
CVE-2026-43703,0.0048,0.40432
CVE-2026-43704,0.00389,0.32776
CVE-2026-43705,0.00506,0.42097
CVE-2026-43706,0.00437,0.37328
CVE-2026-43707,0.00686,0.50816
CVE-2026-43708,0.00408,0.34717
CVE-2026-43709,0.0037,0.30755
CVE-2026-43710,0.00515,0.42721
CVE-2026-43711,0.00177,0.07467
CVE-2026-43712,0.00427,0.36459
CVE-2026-43713,0.00529,0.43543
CVE-2026-43714,0.00184,0.08179
CVE-2026-43715,0.00912,0.57986
CVE-2026-43716,0.00598,0.47049
CVE-2026-43717,0.0035,0.28582
CVE-2026-43718,0.00412,0.35051
CVE-2026-43719,0.00298,0.22622
CVE-2026-43720,0.0066,0.4979
CVE-2026-43721,0.00437,0.37338
CVE-2026-43722,0.00261,0.18209
CVE-2026-43723,0.00203,0.10546
CVE-2026-43724,0.00325,0.25726
CVE-2026-43725,0.00912,0.58006
CVE-2026-43726,0.00358,0.29494
CVE-2026-43727,0.0035,0.28582
CVE-2026-43728,0.00269,0.19243
CVE-2026-43729,0.0019,0.08874
CVE-2026-43730,0.00512,0.42516
CVE-2026-43731,0.00405,0.34447
CVE-2026-43732,0.0048,0.40466
CVE-2026-43733,0.0019,0.08875
CVE-2026-43734,0.00393,0.33248
CVE-2026-43735,0.00332,0.26584
CVE-2026-43737,0.00155,0.04984
CVE-2026-43738,0.00194,0.0938
CVE-2026-43739,0.0018,0.07762
CVE-2026-43740,0.00399,0.3382
CVE-2026-43741,0.00146,0.04192
CVE-2026-43742,0.00393,0.33249
CVE-2026-43743,0.0012,0.02082
CVE-2026-43744,0.0018,0.07761
CVE-2026-43745,0.00679,0.50537
CVE-2026-43746,0.00341,0.27558
CVE-2026-43747,0.00181,0.07878
CVE-2026-43748,0.00602,0.47189
CVE-2026-43749,0.00197,0.09757
CVE-2026-43750,0.00689,0.50916
CVE-2026-43752,0.0049,0.41088
CVE-2026-43753,0.00237,0.15007
CVE-2026-43754,0.00191,0.09001
CVE-2026-43755,0.00117,0.0188
CVE-2026-43756,0.0017,0.06757
CVE-2026-43757,0.00533,0.43746
CVE-2026-43758,0.00191,0.09001
CVE-2026-43759,0.00179,0.0769
CVE-2026-43760,0.0114,0.64734
CVE-2026-43761,0.0038,0.31769
CVE-2026-43762,0.0015,0.04553
CVE-2026-43763,0.00175,0.07218
CVE-2026-43764,0.00602,0.47188
CVE-2026-43765,0.00204,0.10647
CVE-2026-43766,0.00231,0.14208
CVE-2026-43767,0.00166,0.063
CVE-2026-43768,0.00189,0.08758
CVE-2026-43769,0.00673,0.50274
CVE-2026-43770,0.00137,0.03435
CVE-2026-43771,0.00214,0.1201
CVE-2026-43772,0.00213,0.11878
CVE-2026-43773,0.00602,0.4719
CVE-2026-43774,0.00199,0.10031
CVE-2026-43775,0.0017,0.06705
CVE-2026-43776,0.00244,0.15836
CVE-2026-43777,0.0081,0.54952
CVE-2026-43778,0.00654,0.49538
CVE-2026-43779,0.00631,0.4857
CVE-2026-43780,0.0019,0.08874
CVE-2026-43781,0.00138,0.03548
CVE-2026-43782,0.0018,0.07747
CVE-2026-43783,0.00153,0.04823
CVE-2026-43785,0.00142,0.03888
CVE-2026-43786,0.0015,0.04551
CVE-2026-43787,0.00394,0.33394
CVE-2026-43788,0.00142,0.03861
CVE-2026-43789,0.00308,0.23713
CVE-2026-43790,0.00687,0.50855
CVE-2026-43791,0.00455,0.38714
CVE-2026-43792,0.00348,0.28355
CVE-2026-43793,0.00602,0.47189
CVE-2026-43794,0.00376,0.31322
CVE-2026-43795,0.00473,0.39945
CVE-2026-43796,0.00184,0.08178
CVE-2026-43797,0.00186,0.0838
CVE-2026-43798,0.00337,0.27118
CVE-2026-43799,0.00654,0.49538
CVE-2026-43800,0.00187,0.08513
CVE-2026-43801,0.00184,0.08179
CVE-2026-43802,0.00622,0.48142
CVE-2026-43803,0.00785,0.54123
CVE-2026-43804,0.00433,0.37025
CVE-2026-43805,0.00409,0.34788
CVE-2026-43806,0.00148,0.04413
CVE-2026-43807,0.00772,0.53729
CVE-2026-43808,0.00147,0.04294
CVE-2026-43809,0.00622,0.48141
CVE-2026-43810,0.00785,0.54123
CVE-2026-43811,0.00126,0.02626
CVE-2026-43812,0.00624,0.4827
CVE-2026-43813,0.00286,0.21289
CVE-2026-43814,0.00581,0.4622
CVE-2026-43815,0.00439,0.37468
CVE-2026-43816,0.0018,0.07761
CVE-2026-43817,0.0018,0.07762
CVE-2026-43818,0.00696,0.51177
CVE-2026-43819,0.00165,0.06138
CVE-2026-43820,0.0011,0.0147
CVE-2026-43821,0.00452,0.38514
CVE-2026-43822,0.00654,0.49538
CVE-2026-43823,0.00256,0.1746
CVE-2026-43824,0.00225,0.13353
CVE-2026-43825,0.13921,0.96425
CVE-2026-43826,0.0041,0.34905
CVE-2026-43827,0.00412,0.35115
CVE-2026-43828,0.00272,0.19789
CVE-2026-43829,0.00255,0.17298
CVE-2026-43830,0.00332,0.26578
CVE-2026-43831,0.00255,0.173
CVE-2026-43832,0.00255,0.173
CVE-2026-43833,0.00205,0.10818
CVE-2026-43859,0.00162,0.05879
CVE-2026-43860,0.00162,0.05879
CVE-2026-43861,0.00162,0.05878
CVE-2026-43862,0.00162,0.05878
CVE-2026-43863,0.00201,0.10303
CVE-2026-43864,0.00096,0.00813
CVE-2026-43865,0.00984,0.6031
CVE-2026-43866,0.00654,0.49526
CVE-2026-43867,0.00926,0.58413
CVE-2026-43868,0.00706,0.51551
CVE-2026-43869,0.00632,0.48596
CVE-2026-43870,0.00379,0.31619
CVE-2026-43871,0.00607,0.47423
CVE-2026-43872,0.00303,0.23222
CVE-2026-43873,0.00255,0.17299
CVE-2026-43874,0.00252,0.16913
CVE-2026-43875,0.00285,0.21203
CVE-2026-43876,0.00156,0.05171
CVE-2026-43877,0.00121,0.02192
CVE-2026-43878,0.00225,0.13468
CVE-2026-43879,0.00165,0.06104
CVE-2026-43880,0.00229,0.13971
CVE-2026-43881,0.0027,0.19468
CVE-2026-43882,0.0018,0.07869
CVE-2026-43883,0.00167,0.06396
CVE-2026-43884,0.00348,0.28338
CVE-2026-43885,0.00257,0.17639
CVE-2026-43886,0.00211,0.11675
CVE-2026-43887,0.00245,0.16032
CVE-2026-43888,0.00368,0.30557
CVE-2026-43889,0.00211,0.11725
CVE-2026-43890,0.00205,0.10783
CVE-2026-43891,0.00354,0.29064
CVE-2026-43892,0.0026,0.18016
CVE-2026-43893,0.00485,0.40734
CVE-2026-43894,0.00158,0.05342
CVE-2026-43895,0.00157,0.05286
CVE-2026-43896,0.00154,0.0493
CVE-2026-43897,0.00536,0.43927
CVE-2026-43898,0.00472,0.39885
CVE-2026-43899,0.0033,0.26247
CVE-2026-43900,0.00306,0.23504
CVE-2026-43901,0.00281,0.20838
CVE-2026-43903,0.00126,0.0266
CVE-2026-43904,0.00173,0.07065
CVE-2026-43905,0.00173,0.07008
CVE-2026-43906,0.00188,0.08644
CVE-2026-43907,0.0037,0.30762
CVE-2026-43908,0.00371,0.30847
CVE-2026-43909,0.00371,0.30847
CVE-2026-43910,0.00302,0.23045
CVE-2026-43911,0.00216,0.12215
CVE-2026-43912,0.00289,0.21702
CVE-2026-43913,0.00267,0.19035
CVE-2026-43914,0.00288,0.2161
CVE-2026-43915,0.0024,0.15376
CVE-2026-43916,0.00263,0.18398
CVE-2026-43917,0.00225,0.13452
CVE-2026-43918,0.00364,0.30153
CVE-2026-43920,0.00901,0.57684
CVE-2026-43921,0.00425,0.36247
CVE-2026-43924,0.00259,0.17869
CVE-2026-43925,0.00462,0.3919
CVE-2026-43926,0.00217,0.12346
CVE-2026-43927,0.0033,0.26329
CVE-2026-43928,0.00424,0.36226
CVE-2026-43929,0.00226,0.13603
CVE-2026-43930,0.00236,0.14868
CVE-2026-43934,0.00181,0.0794
CVE-2026-43935,0.00297,0.22547
CVE-2026-43936,0.00193,0.09222
CVE-2026-43937,0.00489,0.41012
CVE-2026-43938,0.00282,0.20961
CVE-2026-43939,0.00199,0.10011
CVE-2026-43940,0.00167,0.06342
CVE-2026-43941,0.00394,0.33339
CVE-2026-43942,0.00103,0.01093
CVE-2026-43943,0.00165,0.06137
CVE-2026-43944,0.00363,0.30057
CVE-2026-43945,0.00839,0.55837
CVE-2026-43946,0.00567,0.45524
CVE-2026-43947,0.00908,0.57891
CVE-2026-43948,0.00371,0.30887
CVE-2026-43951,0.00545,0.4442
CVE-2026-43958,0.00133,0.03201
CVE-2026-43961,0.00159,0.05482
CVE-2026-43964,0.00511,0.42406
CVE-2026-43965,0.00229,0.13932
CVE-2026-43966,0.0025,0.16624
CVE-2026-43967,0.00624,0.48228
CVE-2026-43968,0.00266,0.1872
CVE-2026-43969,0.00146,0.04208
CVE-2026-43970,0.00511,0.42414
CVE-2026-43971,0.00384,0.32215
CVE-2026-43972,0.00168,0.06501
CVE-2026-43973,0.00482,0.40551
CVE-2026-43974,0.00482,0.4055
CVE-2026-43975,0.00732,0.52447
CVE-2026-43977,0.00394,0.33318
CVE-2026-43978,0.00371,0.30881
CVE-2026-43979,0.00263,0.1846
CVE-2026-43980,0.00226,0.13494
CVE-2026-43981,0.00182,0.08052
CVE-2026-43982,0.00344,0.27949
CVE-2026-43983,0.00247,0.16327
CVE-2026-43984,0.00207,0.11107
CVE-2026-43985,0.00146,0.0425
CVE-2026-43986,0.00262,0.18301
CVE-2026-43988,0.00184,0.08175
CVE-2026-43989,0.00147,0.0428
CVE-2026-43990,0.00151,0.04605
CVE-2026-43991,0.00171,0.06786
CVE-2026-43992,0.00225,0.1347
CVE-2026-43993,0.0023,0.14051
CVE-2026-43994,0.00675,0.50353
CVE-2026-43995,0.00396,0.33536
CVE-2026-43996,0.00177,0.07442
CVE-2026-43997,0.00976,0.6009
CVE-2026-43998,0.00722,0.52089
CVE-2026-43999,0.00974,0.60048
CVE-2026-44000,0.002,0.10194
CVE-2026-44001,0.00448,0.38218
CVE-2026-44002,0.00241,0.15487
CVE-2026-44003,0.00248,0.16419
CVE-2026-44004,0.00419,0.3572
CVE-2026-44005,0.00831,0.55614
CVE-2026-44006,0.00815,0.55119
CVE-2026-44007,0.0096,0.59495
CVE-2026-44008,0.00851,0.56195
CVE-2026-44009,0.00812,0.55025
CVE-2026-44010,0.00352,0.28782
CVE-2026-44011,0.00359,0.29619
CVE-2026-44012,0.00337,0.27085
CVE-2026-44015,0.00318,0.24849
CVE-2026-44016,0.00593,0.46771
CVE-2026-44017,0.00706,0.51538
CVE-2026-44018,0.00161,0.05715
CVE-2026-44019,0.00419,0.35725
CVE-2026-44020,0.00601,0.47158
CVE-2026-44022,0.00207,0.11152
CVE-2026-44023,0.00427,0.36481
CVE-2026-44024,0.01085,0.63322
CVE-2026-44025,0.00474,0.40052
CVE-2026-44028,0.0018,0.07812
CVE-2026-44029,0.00573,0.45806
CVE-2026-44040,0.00397,0.3365
CVE-2026-44041,0.00413,0.35202
CVE-2026-44042,0.00491,0.41156
CVE-2026-44046,0.00475,0.40102
CVE-2026-44047,0.00371,0.30889
CVE-2026-44048,0.00418,0.35709
CVE-2026-44049,0.00516,0.42756
CVE-2026-44050,0.00418,0.35709
CVE-2026-44051,0.00477,0.40203
CVE-2026-44052,0.00245,0.16031
CVE-2026-44053,0.00301,0.22968
CVE-2026-44054,0.0028,0.20706
CVE-2026-44055,0.0036,0.29736
CVE-2026-44056,0.00253,0.1708
CVE-2026-44057,0.00186,0.08445
CVE-2026-44058,0.00532,0.43673
CVE-2026-44059,0.00065,0.0002
CVE-2026-44060,0.00328,0.26034
CVE-2026-44061,0.00389,0.32752
CVE-2026-44062,0.00357,0.29337
CVE-2026-44063,0.00213,0.11917
CVE-2026-44064,0.00171,0.06779
CVE-2026-44065,0.0013,0.03018
CVE-2026-44066,0.0029,0.21824
CVE-2026-44067,0.00292,0.2202
CVE-2026-44068,0.00322,0.25328
CVE-2026-44069,0.00094,0.00677
CVE-2026-44070,0.00318,0.24928
CVE-2026-44071,0.00335,0.26868
CVE-2026-44072,0.00091,0.00546
CVE-2026-44073,0.00277,0.20389
CVE-2026-44074,0.00329,0.26237
CVE-2026-44075,0.00329,0.26238
CVE-2026-44076,0.0013,0.02994
CVE-2026-44083,0.0046,0.39038
CVE-2026-44087,0.00281,0.20862
CVE-2026-44088,0.00445,0.37946
CVE-2026-44089,0.00309,0.23867
CVE-2026-44090,0.00428,0.36513
CVE-2026-44091,0.00362,0.29895
CVE-2026-44092,0.0042,0.35814
CVE-2026-44093,0.00232,0.14272
CVE-2026-44094,0.00258,0.17806
CVE-2026-44095,0.00236,0.14922
CVE-2026-44096,0.00232,0.14273
CVE-2026-44097,0.00244,0.15863
CVE-2026-44098,0.01367,0.70206
CVE-2026-44099,0.00232,0.14272
CVE-2026-44100,0.00306,0.23563
CVE-2026-44101,0.00428,0.36512
CVE-2026-44102,0.00209,0.11368
CVE-2026-44103,0.00236,0.14883
CVE-2026-44104,0.00266,0.18997
CVE-2026-44105,0.00094,0.00691
CVE-2026-44106,0.00232,0.14272
CVE-2026-44107,0.00309,0.23903
CVE-2026-44108,0.0051,0.42394
CVE-2026-44109,0.00718,0.5197
CVE-2026-44110,0.00288,0.21635
CVE-2026-44111,0.00226,0.13588
CVE-2026-44112,0.02714,0.85288
CVE-2026-44113,0.00208,0.11231
CVE-2026-44114,0.00129,0.02918
CVE-2026-44115,0.00362,0.29922
CVE-2026-44116,0.00291,0.21905
CVE-2026-44117,0.00236,0.14813
CVE-2026-44118,0.00112,0.01576
CVE-2026-44119,0.00177,0.07537
CVE-2026-44125,0.00386,0.32409
CVE-2026-44126,0.00472,0.39872
CVE-2026-44127,0.15653,0.96748
CVE-2026-44128,0.00847,0.5608
CVE-2026-44129,0.00535,0.43877
CVE-2026-44159,0.00477,0.40226
CVE-2026-44160,0.0062,0.48023
CVE-2026-44161,0.00442,0.37695
CVE-2026-44162,0.00354,0.2913
CVE-2026-44163,0.00336,0.27059
CVE-2026-44166,0.00247,0.16282
CVE-2026-44167,0.00201,0.10233
CVE-2026-44168,0.00588,0.46535
CVE-2026-44169,0.00237,0.15009
CVE-2026-44170,0.01334,0.69462
CVE-2026-44171,0.00175,0.0721
CVE-2026-44172,0.00678,0.50505
CVE-2026-44173,0.0062,0.4804
CVE-2026-44174,0.00487,0.4088
CVE-2026-44175,0.0043,0.36683
CVE-2026-44176,0.00364,0.30155
CVE-2026-44177,0.0177,0.76821
CVE-2026-44178,0.00512,0.4247
CVE-2026-44180,0.00552,0.44774
CVE-2026-44181,0.00701,0.51386
CVE-2026-44182,0.00498,0.41592
CVE-2026-44183,0.00222,0.13091
CVE-2026-44184,0.0012,0.02126
CVE-2026-44185,0.00741,0.52722
CVE-2026-44186,0.00583,0.46325
CVE-2026-44187,0.00127,0.02756
CVE-2026-44188,0.00287,0.21464
CVE-2026-44189,0.00536,0.43949
CVE-2026-44190,0.00753,0.53125
CVE-2026-44191,0.00817,0.5518
CVE-2026-44192,0.00198,0.09881
CVE-2026-44193,0.00686,0.50797
CVE-2026-44194,0.06355,0.93414
CVE-2026-44195,0.00318,0.24935
CVE-2026-44196,0.00299,0.22768
CVE-2026-44197,0.00204,0.10689
CVE-2026-44198,0.00162,0.05791
CVE-2026-44199,0.00174,0.072
CVE-2026-44200,0.00201,0.10244
CVE-2026-44201,0.00256,0.17502
CVE-2026-44202,0.00317,0.24767
CVE-2026-44203,0.00466,0.39406
CVE-2026-44204,0.00228,0.13868
CVE-2026-44205,0.00258,0.17729
CVE-2026-44206,0.00312,0.24166
CVE-2026-44207,0.00321,0.25264
CVE-2026-44208,0.00321,0.25264
CVE-2026-44209,0.00423,0.36143
CVE-2026-44210,0.00502,0.41843
CVE-2026-44211,0.0018,0.07852
CVE-2026-44212,0.00331,0.26434
CVE-2026-44213,0.00207,0.11125
CVE-2026-44214,0.00277,0.20331
CVE-2026-44215,0.00217,0.1244
CVE-2026-44216,0.00319,0.25006
CVE-2026-44217,0.00479,0.40378
CVE-2026-44218,0.00122,0.02248
CVE-2026-44219,0.00301,0.2302
CVE-2026-44220,0.00158,0.05336
CVE-2026-44221,0.00397,0.33633
CVE-2026-44222,0.00414,0.35276
CVE-2026-44223,0.00367,0.30379
CVE-2026-44224,0.00379,0.31638
CVE-2026-44225,0.01347,0.69765
CVE-2026-44226,0.00336,0.27057
CVE-2026-44227,0.00263,0.18382
CVE-2026-44228,0.00255,0.17409
CVE-2026-44229,0.0024,0.15376
CVE-2026-44230,0.00263,0.18381
CVE-2026-44231,0.00411,0.34997
CVE-2026-44232,0.00349,0.28501
CVE-2026-44235,0.00351,0.28674
CVE-2026-44236,0.00476,0.40159
CVE-2026-44237,0.00201,0.1024
CVE-2026-44238,0.00289,0.21651
CVE-2026-44239,0.00272,0.19821
CVE-2026-44240,0.00465,0.39357
CVE-2026-44241,0.00543,0.44315
CVE-2026-44242,0.00209,0.11375
CVE-2026-44243,0.00419,0.3578
CVE-2026-44244,0.00237,0.14974
CVE-2026-44245,0.00183,0.0811
CVE-2026-44246,0.00242,0.15653
CVE-2026-44247,0.00173,0.07011
CVE-2026-44248,0.00512,0.42468
CVE-2026-44249,0.01025,0.61564
CVE-2026-44250,0.00461,0.3909
CVE-2026-44251,0.00444,0.37892
CVE-2026-44252,0.00412,0.35059
CVE-2026-44253,0.00506,0.42059
CVE-2026-44254,0.0038,0.31811
CVE-2026-44255,0.00488,0.40988
CVE-2026-44256,0.00314,0.2446
CVE-2026-44257,0.00319,0.25025
CVE-2026-44258,0.0029,0.21823
CVE-2026-44259,0.00141,0.03806
CVE-2026-44260,0.00301,0.23014
CVE-2026-44262,0.0586,0.92918
CVE-2026-44263,0.00288,0.21568
CVE-2026-44264,0.00275,0.20087
CVE-2026-44268,0.00146,0.04224
CVE-2026-44269,0.00174,0.07088
CVE-2026-44271,0.00439,0.3752
CVE-2026-44272,0.00439,0.3752
CVE-2026-44273,0.00153,0.04773
CVE-2026-44274,0.00174,0.07121
CVE-2026-44275,0.00097,0.00852
CVE-2026-44276,0.00108,0.01342
CVE-2026-44277,0.00551,0.44683
CVE-2026-44278,0.00097,0.00844
CVE-2026-44279,0.00097,0.00837
CVE-2026-44281,0.00251,0.16733
CVE-2026-44282,0.00369,0.30576
CVE-2026-44283,0.00225,0.13362
CVE-2026-44284,0.00235,0.14647
CVE-2026-44285,0.00263,0.18421
CVE-2026-44286,0.00228,0.1387
CVE-2026-44287,0.00239,0.15215
CVE-2026-44288,0.00301,0.2292
CVE-2026-44289,0.0063,0.48488
CVE-2026-44290,0.00374,0.31114
CVE-2026-44291,0.005,0.41691
CVE-2026-44292,0.00264,0.18546
CVE-2026-44293,0.00407,0.34673
CVE-2026-44294,0.00431,0.36807
CVE-2026-44295,0.00395,0.3349
CVE-2026-44296,0.00279,0.20569
CVE-2026-44298,0.00278,0.20511
CVE-2026-44300,0.00415,0.35341
CVE-2026-44301,0.00274,0.19968
CVE-2026-44302,0.00263,0.18376
CVE-2026-44304,0.00179,0.07703
CVE-2026-44305,0.00094,0.0071
CVE-2026-44306,0.00206,0.11053
CVE-2026-44307,0.00609,0.47527
CVE-2026-44308,0.00179,0.07644
CVE-2026-44309,0.00119,0.01987
CVE-2026-44310,0.00111,0.0151
CVE-2026-44311,0.00271,0.19726
CVE-2026-44312,0.00146,0.04216
CVE-2026-44313,0.00285,0.21257
CVE-2026-44314,0.00185,0.08331
CVE-2026-44315,0.00314,0.24459
CVE-2026-44316,0.00404,0.34382
CVE-2026-44317,0.0035,0.28653
CVE-2026-44318,0.00268,0.1916
CVE-2026-44319,0.00404,0.34382
CVE-2026-44320,0.00241,0.15479
CVE-2026-44321,0.00364,0.30138
CVE-2026-44322,0.0039,0.32922
CVE-2026-44323,0.0035,0.28653
CVE-2026-44324,0.0042,0.35817
CVE-2026-44325,0.00394,0.3331
CVE-2026-44326,0.00311,0.24117
CVE-2026-44327,0.00311,0.24116
CVE-2026-44328,0.00324,0.25578
CVE-2026-44329,0.00331,0.26348
CVE-2026-44330,0.00287,0.2144
CVE-2026-44331,0.00455,0.38738
CVE-2026-44332,0.00517,0.42796
CVE-2026-44334,0.00246,0.16214
CVE-2026-44335,0.00378,0.31604
CVE-2026-44336,0.0062,0.48045
CVE-2026-44337,0.00216,0.12265
CVE-2026-44338,0.28571,0.98096
CVE-2026-44339,0.00363,0.30031
CVE-2026-44340,0.00433,0.36995
CVE-2026-44341,0.00239,0.15288
CVE-2026-44342,0.00191,0.09065
CVE-2026-44343,0.01548,0.73495
CVE-2026-44345,0.00317,0.2474
CVE-2026-44346,0.00321,0.25262
CVE-2026-44347,0.00133,0.03182
CVE-2026-44348,0.00096,0.00799
CVE-2026-44349,0.00305,0.23344
CVE-2026-44351,0.00237,0.14964
CVE-2026-44352,0.00207,0.11129
CVE-2026-44353,0.00345,0.28028
CVE-2026-44358,0.00181,0.0796
CVE-2026-44359,0.01799,0.77174
CVE-2026-44362,0.00178,0.07625
CVE-2026-44363,0.00102,0.01056
CVE-2026-44364,0.00185,0.08302
CVE-2026-44366,0.0025,0.16669
CVE-2026-44367,0.00236,0.14882
CVE-2026-44368,0.00314,0.24466
CVE-2026-44369,0.00266,0.18712
CVE-2026-44371,0.00262,0.183
CVE-2026-44372,0.0028,0.20649
CVE-2026-44373,0.00392,0.33076
CVE-2026-44374,0.0017,0.06701
CVE-2026-44375,0.00353,0.2894
CVE-2026-44376,0.00697,0.51203
CVE-2026-44377,0.00735,0.5255
CVE-2026-44378,0.00324,0.25664
CVE-2026-44379,0.00178,0.07548
CVE-2026-44380,0.00403,0.34228
CVE-2026-44381,0.00666,0.50004
CVE-2026-44383,0.00563,0.45372
CVE-2026-44387,0.00183,0.08126
CVE-2026-44390,0.00625,0.48311
CVE-2026-44392,0.00249,0.16526
CVE-2026-44393,0.00172,0.06934
CVE-2026-44394,0.00249,0.16529
CVE-2026-44400,0.0035,0.28543
CVE-2026-44401,0.00283,0.20983
CVE-2026-44402,0.00888,0.57286
CVE-2026-44403,0.02643,0.84865
CVE-2026-44405,0.00114,0.01675
CVE-2026-44406,0.00162,0.05845
CVE-2026-44407,0.00274,0.19974
CVE-2026-44408,0.00252,0.16931
CVE-2026-44409,0.00216,0.12269
CVE-2026-44410,0.00131,0.03102
CVE-2026-44411,0.00105,0.01223
CVE-2026-44412,0.00106,0.01241
CVE-2026-44413,0.00268,0.19124
CVE-2026-44416,0.00661,0.49849
CVE-2026-44417,0.0064,0.48927
CVE-2026-44418,0.00285,0.21194
CVE-2026-44420,0.03665,0.89157
CVE-2026-44421,0.00507,0.42131
CVE-2026-44422,0.00431,0.36735
CVE-2026-44423,0.00246,0.16076
CVE-2026-44424,0.00246,0.16075
CVE-2026-44425,0.00253,0.17012
CVE-2026-44426,0.00308,0.23708
CVE-2026-44427,0.0041,0.34868
CVE-2026-44428,0.00219,0.1261
CVE-2026-44429,0.00167,0.06424
CVE-2026-44430,0.00285,0.21209
CVE-2026-44431,0.00331,0.26432
CVE-2026-44432,0.0068,0.50562
CVE-2026-44433,0.00278,0.2053
CVE-2026-44434,0.00209,0.11399
CVE-2026-44435,0.00488,0.40944
CVE-2026-44436,0.00493,0.41289
CVE-2026-44437,0.00203,0.10517
CVE-2026-44439,0.00396,0.33529
CVE-2026-44440,0.00363,0.30031
CVE-2026-44441,0.00162,0.05789
CVE-2026-44442,0.00279,0.20593
CVE-2026-44443,0.00118,0.01931
CVE-2026-44444,0.0037,0.30733
CVE-2026-44445,0.00224,0.13325
CVE-2026-44446,0.00266,0.18743
CVE-2026-44447,0.00307,0.23583
CVE-2026-44448,0.00145,0.04131
CVE-2026-44449,0.00451,0.38436
CVE-2026-44450,0.00377,0.31421
CVE-2026-44451,0.0023,0.14069
CVE-2026-44452,0.00412,0.35098
CVE-2026-44453,0.00488,0.40943
CVE-2026-44454,0.02642,0.84862
CVE-2026-44455,0.0014,0.03751
CVE-2026-44456,0.00219,0.12603
CVE-2026-44457,0.00198,0.09799
CVE-2026-44458,0.00197,0.09762
CVE-2026-44459,0.00216,0.12285
CVE-2026-44460,0.00265,0.18623
CVE-2026-44461,0.00257,0.17641
CVE-2026-44462,0.00438,0.37438
CVE-2026-44463,0.00232,0.14297
CVE-2026-44465,0.00297,0.22538
CVE-2026-44466,0.00232,0.14266
CVE-2026-44467,0.00135,0.03332
CVE-2026-44468,0.00123,0.0241
CVE-2026-44469,0.00105,0.0121
CVE-2026-44470,0.00156,0.05136
CVE-2026-44471,0.00248,0.16401
CVE-2026-44472,0.00439,0.37473
CVE-2026-44473,0.00166,0.06232
CVE-2026-44474,0.00134,0.03263
CVE-2026-44475,0.00148,0.04367
CVE-2026-44476,0.00323,0.25443
CVE-2026-44477,0.0048,0.4044
CVE-2026-44478,0.0024,0.1532
CVE-2026-44479,0.0016,0.05643
CVE-2026-44482,0.00336,0.27032
CVE-2026-44483,0.00308,0.2375
CVE-2026-44484,0.00392,0.33149
CVE-2026-44486,0.00684,0.50722
CVE-2026-44487,0.00689,0.50906
CVE-2026-44488,0.00669,0.50144
CVE-2026-44489,0.00236,0.14846
CVE-2026-44490,0.00309,0.23826
CVE-2026-44492,0.00902,0.57726
CVE-2026-44494,0.0102,0.61394
CVE-2026-44495,0.00854,0.56309
CVE-2026-44496,0.00694,0.51087
CVE-2026-44497,0.00188,0.08654
CVE-2026-44498,0.00283,0.21002
CVE-2026-44499,0.00351,0.28745
CVE-2026-44500,0.00362,0.29964
CVE-2026-44501,0.00139,0.03621
CVE-2026-44502,0.00286,0.21378
CVE-2026-44503,0.00505,0.41993
CVE-2026-44504,0.00285,0.21251
CVE-2026-44505,0.00297,0.22603
CVE-2026-44506,0.00205,0.10818
CVE-2026-44511,0.00197,0.09733
CVE-2026-44512,0.00193,0.0918
CVE-2026-44513,0.01071,0.62961
CVE-2026-44514,0.0017,0.06761
CVE-2026-44515,0.00185,0.08306
CVE-2026-44516,0.002,0.10067
CVE-2026-44517,0.0018,0.07762
CVE-2026-44518,0.00305,0.23358
CVE-2026-44520,0.00188,0.08615
CVE-2026-44521,0.00243,0.15767
CVE-2026-44522,0.00495,0.41417
CVE-2026-44523,0.00124,0.02439
CVE-2026-44541,0.00297,0.2256
CVE-2026-44542,0.00523,0.43174
CVE-2026-44543,0.0041,0.34876
CVE-2026-44544,0.00198,0.09891
CVE-2026-44545,0.00328,0.26033
CVE-2026-44546,0.00172,0.0694
CVE-2026-44547,0.00209,0.11301
CVE-2026-44548,0.0012,0.02058
CVE-2026-44549,0.00318,0.24897
CVE-2026-44550,0.00287,0.21421
CVE-2026-44551,0.01461,0.72014
CVE-2026-44552,0.00305,0.23402
CVE-2026-44553,0.00278,0.20511
CVE-2026-44554,0.00295,0.22274
CVE-2026-44555,0.00304,0.2327
CVE-2026-44556,0.00306,0.23534
CVE-2026-44557,0.00221,0.1285
CVE-2026-44558,0.0019,0.08954
CVE-2026-44559,0.00221,0.1285
CVE-2026-44560,0.00366,0.30344
CVE-2026-44561,0.00178,0.07618
CVE-2026-44562,0.0029,0.21812
CVE-2026-44563,0.00238,0.15075
CVE-2026-44564,0.0022,0.12745
CVE-2026-44565,0.00454,0.3864
CVE-2026-44566,0.00336,0.27066
CVE-2026-44567,0.0023,0.14089
CVE-2026-44568,0.0017,0.06676
CVE-2026-44569,0.00266,0.18766
CVE-2026-44570,0.00294,0.22235
CVE-2026-44571,0.00277,0.20361
CVE-2026-44572,0.00284,0.21098
CVE-2026-44573,0.0062,0.48045
CVE-2026-44574,0.00636,0.48781
CVE-2026-44575,0.01594,0.74218
CVE-2026-44576,0.00295,0.2228
CVE-2026-44577,0.00739,0.52646
CVE-2026-44578,0.38872,0.98565
CVE-2026-44579,0.00746,0.52874
CVE-2026-44580,0.00205,0.10791
CVE-2026-44581,0.00222,0.13089
CVE-2026-44582,0.00215,0.12132
CVE-2026-44583,0.00415,0.35389
CVE-2026-44584,0.00163,0.05908
CVE-2026-44585,0.00285,0.21218
CVE-2026-44586,0.00307,0.23622
CVE-2026-44587,0.00223,0.13211
CVE-2026-44588,0.00509,0.42303
CVE-2026-44589,0.00171,0.06859
CVE-2026-44590,0.01141,0.64758
CVE-2026-44592,0.00157,0.0523
CVE-2026-44593,0.00362,0.29939
CVE-2026-44594,0.00321,0.25242
CVE-2026-44595,0.01057,0.62502
CVE-2026-44596,0.0206,0.8022
CVE-2026-44597,0.0045,0.38381
CVE-2026-44598,0.00367,0.30457
CVE-2026-44599,0.00287,0.21429
CVE-2026-44600,0.00378,0.31586
CVE-2026-44601,0.00337,0.27081
CVE-2026-44602,0.0033,0.26263
CVE-2026-44603,0.00342,0.27747
CVE-2026-44604,0.00567,0.45541
CVE-2026-44605,0.00135,0.03361
CVE-2026-44608,0.00255,0.17443
CVE-2026-44609,0.00106,0.01231
CVE-2026-44611,0.00141,0.03817
CVE-2026-44612,0.00123,0.02388
CVE-2026-44613,0.00362,0.29881
CVE-2026-44615,0.00577,0.46011
CVE-2026-44616,0.00449,0.38287
CVE-2026-44617,0.00517,0.42822
CVE-2026-44618,0.00303,0.23197
CVE-2026-44621,0.00248,0.16374
CVE-2026-44622,0.00423,0.36087
CVE-2026-44628,0.00636,0.48786
CVE-2026-44629,0.00105,0.01201
CVE-2026-44630,0.00415,0.35425
CVE-2026-44631,0.00504,0.41972
CVE-2026-44632,0.01116,0.6414
CVE-2026-44633,0.0027,0.19358
CVE-2026-44634,0.00333,0.26601
CVE-2026-44635,0.00362,0.29966
CVE-2026-44636,0.00104,0.01136
CVE-2026-44637,0.0016,0.05575
CVE-2026-44638,0.00131,0.03044
CVE-2026-44639,0.00338,0.27191
CVE-2026-44640,0.00096,0.00796
CVE-2026-44641,0.00317,0.24835
CVE-2026-44643,0.00476,0.40195
CVE-2026-44644,0.00203,0.10589
CVE-2026-44645,0.00317,0.24823
CVE-2026-44646,0.00271,0.19555
CVE-2026-44647,0.00319,0.24995
CVE-2026-44648,0.00394,0.33367
CVE-2026-44649,0.00218,0.12469
CVE-2026-44650,0.00567,0.45544
CVE-2026-44651,0.00323,0.25518
CVE-2026-44652,0.00375,0.31232
CVE-2026-44653,0.00276,0.20168
CVE-2026-44654,0.00265,0.18679
CVE-2026-44655,0.00298,0.2261
CVE-2026-44656,0.00917,0.5816
CVE-2026-44657,0.00349,0.28509
CVE-2026-44658,0.00157,0.05279
CVE-2026-44659,0.00164,0.06065
CVE-2026-44660,0.00421,0.35937
CVE-2026-44661,0.00168,0.06533
CVE-2026-44662,0.00172,0.06968
CVE-2026-44663,0.00211,0.11725
CVE-2026-44664,0.00194,0.09338
CVE-2026-44665,0.00209,0.11329
CVE-2026-44666,0.00297,0.22594
CVE-2026-44667,0.00211,0.11671
CVE-2026-44668,0.00364,0.30137
CVE-2026-44669,0.00211,0.11671
CVE-2026-44670,0.00509,0.42303
CVE-2026-44671,0.00479,0.40377
CVE-2026-44672,0.00325,0.25774
CVE-2026-44673,0.00539,0.44099
CVE-2026-44678,0.00226,0.13573
CVE-2026-44679,0.00288,0.21631
CVE-2026-44680,0.0145,0.71802
CVE-2026-44681,0.00249,0.16506
CVE-2026-44682,0.00115,0.01784
CVE-2026-44687,0.00218,0.12477
CVE-2026-44688,0.00507,0.42143
CVE-2026-44690,0.00145,0.04188
CVE-2026-44691,0.00408,0.34751
CVE-2026-44692,0.00262,0.18297
CVE-2026-44693,0.00293,0.22134
CVE-2026-44694,0.00235,0.14713
CVE-2026-44695,0.00125,0.02535
CVE-2026-44696,0.00302,0.23087
CVE-2026-44697,0.0038,0.31756
CVE-2026-44698,0.00136,0.03422
CVE-2026-44699,0.00209,0.11368
CVE-2026-44700,0.00255,0.17354
CVE-2026-44705,0.00434,0.37082
CVE-2026-44706,0.00227,0.1363
CVE-2026-44707,0.00344,0.27915
CVE-2026-44708,0.00228,0.1382
CVE-2026-44709,0.00151,0.04672
CVE-2026-44710,0.00178,0.07601
CVE-2026-44711,0.00166,0.06289
CVE-2026-44712,0.00154,0.04981
CVE-2026-44713,0.00158,0.0534
CVE-2026-44714,0.0027,0.1937
CVE-2026-44715,0.00239,0.15298
CVE-2026-44716,0.00423,0.36094
CVE-2026-44717,0.00478,0.40285
CVE-2026-44718,0.00278,0.20422
CVE-2026-44719,0.00278,0.20422
CVE-2026-44720,0.00207,0.11183
CVE-2026-44721,0.00308,0.23696
CVE-2026-44722,0.00116,0.01855
CVE-2026-44723,0.00469,0.39659
CVE-2026-44724,0.00778,0.53934
CVE-2026-44725,0.00253,0.17123
CVE-2026-44726,0.00234,0.14606
CVE-2026-44727,0.00438,0.37414
CVE-2026-44728,0.00125,0.02548
CVE-2026-44729,0.00258,0.17746
CVE-2026-44730,0.00316,0.24729
CVE-2026-44731,0.00294,0.22189
CVE-2026-44732,0.00276,0.2028
CVE-2026-44733,0.0028,0.20742
CVE-2026-44734,0.00326,0.25829
CVE-2026-44735,0.0037,0.30784
CVE-2026-44736,0.00393,0.33229
CVE-2026-44737,0.00256,0.17597
CVE-2026-44738,0.00276,0.20168
CVE-2026-44739,0.00392,0.3315
CVE-2026-44740,0.00389,0.32753
CVE-2026-44741,0.00438,0.37393
CVE-2026-44742,0.00237,0.14994
CVE-2026-44743,0.00188,0.08688
CVE-2026-44744,0.00224,0.13239
CVE-2026-44745,0.00466,0.39409
CVE-2026-44746,0.00199,0.09986
CVE-2026-44747,0.00564,0.45396
CVE-2026-44748,0.00231,0.14247
CVE-2026-44749,0.00258,0.17753
CVE-2026-44750,0.00161,0.05746
CVE-2026-44751,0.00207,0.11081
CVE-2026-44752,0.0036,0.29736
CVE-2026-44753,0.00346,0.28136
CVE-2026-44754,0.00219,0.12604
CVE-2026-44755,0.00109,0.01374
CVE-2026-44756,0.00321,0.2529
CVE-2026-44757,0.00154,0.0486
CVE-2026-44758,0.00671,0.50196
CVE-2026-44759,0.00286,0.21347
CVE-2026-44760,0.00227,0.1373
CVE-2026-44761,0.00498,0.41552
CVE-2026-44762,0.00142,0.03845
CVE-2026-44763,0.00288,0.21628
CVE-2026-44764,0.0024,0.15415
CVE-2026-44765,0.00284,0.21138
CVE-2026-44766,0.00227,0.13711
CVE-2026-44767,0.00285,0.21259
CVE-2026-44768,0.00259,0.1789
CVE-2026-44769,0.00308,0.23798
CVE-2026-44770,0.00281,0.20795
CVE-2026-44771,0.00281,0.20795
CVE-2026-44774,0.00468,0.39547
CVE-2026-44775,0.00281,0.20767
CVE-2026-44776,0.0025,0.16684
CVE-2026-44777,0.00161,0.05701
CVE-2026-44778,0.00462,0.39169
CVE-2026-44779,0.00235,0.14703
CVE-2026-44780,0.00189,0.08739
CVE-2026-44782,0.00189,0.08738
CVE-2026-44783,0.00148,0.04344
CVE-2026-44784,0.00231,0.14227
CVE-2026-44785,0.00189,0.08738
CVE-2026-44786,0.00259,0.17864
CVE-2026-44787,0.00461,0.39097
CVE-2026-44788,0.00313,0.24355
CVE-2026-44789,0.00529,0.43525
CVE-2026-44790,0.0053,0.43553
CVE-2026-44791,0.00537,0.43965
CVE-2026-44792,0.00387,0.32517
CVE-2026-44793,0.00448,0.38214
CVE-2026-44794,0.00177,0.07513
CVE-2026-44795,0.01012,0.61182
CVE-2026-44796,0.00312,0.24197
CVE-2026-44797,0.00235,0.14757
CVE-2026-44798,0.00277,0.20359
CVE-2026-44799,0.00461,0.39133
CVE-2026-44800,0.00202,0.10446
CVE-2026-44801,0.00461,0.39133
CVE-2026-44802,0.00267,0.19039
CVE-2026-44803,0.00522,0.43147
CVE-2026-44804,0.00267,0.1904
CVE-2026-44805,0.00356,0.29326
CVE-2026-44806,0.01174,0.65683
CVE-2026-44807,0.00267,0.19039
CVE-2026-44808,0.00267,0.19039
CVE-2026-44809,0.00267,0.19039
CVE-2026-44810,0.00261,0.18129
CVE-2026-44811,0.00267,0.19038
CVE-2026-44812,0.00522,0.43147
CVE-2026-44813,0.00267,0.19038
CVE-2026-44814,0.00318,0.24843
CVE-2026-44815,0.011,0.63719
CVE-2026-44817,0.00372,0.30925
CVE-2026-44818,0.00263,0.18473
CVE-2026-44819,0.00455,0.38685
CVE-2026-44820,0.00372,0.30926
CVE-2026-44821,0.00465,0.3937
CVE-2026-44822,0.00518,0.42889
CVE-2026-44823,0.00372,0.30925
CVE-2026-44824,0.00455,0.38684
CVE-2026-44825,0.02892,0.86237
CVE-2026-44826,0.00213,0.11882
CVE-2026-44827,0.00704,0.51469
CVE-2026-44829,0.00372,0.30923
CVE-2026-44830,0.00215,0.12122
CVE-2026-44831,0.00218,0.12496
CVE-2026-44832,0.00315,0.24527
CVE-2026-44833,0.00163,0.05905
CVE-2026-44836,0.00343,0.27856
CVE-2026-44837,0.00412,0.35074
CVE-2026-44838,0.0025,0.16668
CVE-2026-44839,0.0018,0.07845
CVE-2026-44840,0.00492,0.41199
CVE-2026-44843,0.00406,0.34557
CVE-2026-44844,0.00396,0.33535
CVE-2026-44845,0.00615,0.47818
CVE-2026-44846,0.00328,0.26092
CVE-2026-44847,0.00271,0.19532
CVE-2026-44848,0.00402,0.34162
CVE-2026-44849,0.00347,0.28252
CVE-2026-44850,0.00206,0.10948
CVE-2026-44852,0.00436,0.37276
CVE-2026-44853,0.01014,0.61232
CVE-2026-44854,0.01014,0.61231
CVE-2026-44855,0.00352,0.28846
CVE-2026-44856,0.00352,0.28847
CVE-2026-44857,0.00352,0.28847
CVE-2026-44858,0.00352,0.28846
CVE-2026-44859,0.0036,0.2967
CVE-2026-44860,0.00315,0.24528
CVE-2026-44861,0.00315,0.24529
CVE-2026-44862,0.00315,0.24529
CVE-2026-44863,0.00315,0.24528
CVE-2026-44864,0.00315,0.24529
CVE-2026-44865,0.00918,0.58173
CVE-2026-44866,0.00896,0.57526
CVE-2026-44867,0.00896,0.57526
CVE-2026-44868,0.00896,0.57527
CVE-2026-44869,0.00896,0.57526
CVE-2026-44870,0.00896,0.57526
CVE-2026-44871,0.01226,0.67049
CVE-2026-44872,0.00815,0.55108
CVE-2026-44873,0.00141,0.03761
CVE-2026-44874,0.00305,0.2344
CVE-2026-44877,0.0046,0.39019
CVE-2026-44878,0.00599,0.47083
CVE-2026-44879,0.01651,0.75097
CVE-2026-44880,0.00753,0.53116
CVE-2026-44881,0.00416,0.35502
CVE-2026-44882,0.00335,0.26912
CVE-2026-44883,0.00316,0.24663
CVE-2026-44884,0.00257,0.17674
CVE-2026-44885,0.00606,0.47391
CVE-2026-44886,0.00258,0.1772
CVE-2026-44887,0.00545,0.44391
CVE-2026-44888,0.00314,0.24424
CVE-2026-44889,0.0021,0.11519
CVE-2026-44890,0.00461,0.3909
CVE-2026-44891,0.00423,0.36144
CVE-2026-44892,0.00279,0.2057
CVE-2026-44893,0.00617,0.47885
CVE-2026-44894,0.00143,0.03944
CVE-2026-44895,0.00392,0.33139
CVE-2026-44896,0.00198,0.09897
CVE-2026-44897,0.00228,0.13821
CVE-2026-44898,0.00228,0.13821
CVE-2026-44899,0.00228,0.13821
CVE-2026-44900,0.00121,0.02151
CVE-2026-44901,0.00673,0.50298
CVE-2026-44902,0.00472,0.39867
CVE-2026-44903,0.00204,0.10705
CVE-2026-44905,0.00202,0.1045
CVE-2026-44907,0.006,0.47136
CVE-2026-44909,0.00573,0.45841
CVE-2026-44911,0.00516,0.42768
CVE-2026-44913,0.00646,0.49235
CVE-2026-44914,0.0066,0.49789
CVE-2026-44915,0.00643,0.4908
CVE-2026-44916,0.00336,0.2704
CVE-2026-44917,0.00283,0.21058
CVE-2026-44918,0.00408,0.34749
CVE-2026-44919,0.00466,0.39403
CVE-2026-44923,0.00309,0.23825
CVE-2026-44924,0.00208,0.11244
CVE-2026-44925,0.00198,0.09908
CVE-2026-44926,0.00375,0.31238
CVE-2026-44927,0.00211,0.11679
CVE-2026-44928,0.00211,0.11679
CVE-2026-44930,0.00694,0.51106
CVE-2026-44931,0.0015,0.04554
CVE-2026-44932,0.00355,0.2916
CVE-2026-44933,0.0022,0.12721
CVE-2026-44934,0.00152,0.04716
CVE-2026-44935,0.0049,0.41089
CVE-2026-44936,0.00348,0.28316
CVE-2026-44937,0.00424,0.36183
CVE-2026-44938,0.00442,0.37741
CVE-2026-44939,0.01313,0.68973
CVE-2026-44940,0.00134,0.03244
CVE-2026-44941,0.00533,0.43783
CVE-2026-44942,0.00417,0.35547
CVE-2026-44943,0.00385,0.32364
CVE-2026-44944,0.00093,0.00622
CVE-2026-44945,0.00377,0.31462
CVE-2026-44946,0.00387,0.32548
CVE-2026-44947,0.00388,0.32659
CVE-2026-44948,0.00437,0.37315
CVE-2026-44949,0.00394,0.33304
CVE-2026-44950,0.00438,0.37385
CVE-2026-44955,0.00345,0.27982
CVE-2026-44956,0.00389,0.32821
CVE-2026-44957,0.0027,0.19393
CVE-2026-44958,0.00339,0.27397
CVE-2026-44959,0.00585,0.46395
CVE-2026-44960,0.00389,0.32821
CVE-2026-44961,0.00412,0.35113
CVE-2026-44962,0.00686,0.5081
CVE-2026-44963,0.02351,0.82794
CVE-2026-44964,0.00191,0.08971
CVE-2026-44965,0.00113,0.01639
CVE-2026-44966,0.00545,0.444
CVE-2026-44967,0.00206,0.11048
CVE-2026-44968,0.00206,0.11019
CVE-2026-44969,0.00165,0.06137
CVE-2026-44970,0.00373,0.31048
CVE-2026-44971,0.00198,0.0983
CVE-2026-44972,0.00113,0.01594
CVE-2026-44973,0.0031,0.24011
CVE-2026-44974,0.00472,0.3986
CVE-2026-44975,0.00278,0.20423
CVE-2026-44976,0.00278,0.20422
CVE-2026-44978,0.00314,0.24499
CVE-2026-44979,0.0042,0.35834
CVE-2026-44981,0.00507,0.42101
CVE-2026-44982,0.00372,0.31004
CVE-2026-44983,0.00151,0.0466
CVE-2026-44985,0.00195,0.09514
CVE-2026-44986,0.00523,0.43199
CVE-2026-44987,0.00162,0.05795
CVE-2026-44988,0.00242,0.15635
CVE-2026-44990,0.00601,0.47177
CVE-2026-44991,0.00237,0.15042
CVE-2026-44992,0.00119,0.02
CVE-2026-44993,0.00265,0.18678
CVE-2026-44994,0.00317,0.24776
CVE-2026-44995,0.00136,0.03428
CVE-2026-44996,0.00305,0.23414
CVE-2026-44997,0.00222,0.12954
CVE-2026-44998,0.00706,0.51567
CVE-2026-44999,0.00151,0.04653
CVE-2026-45000,0.00246,0.16165
CVE-2026-45001,0.00218,0.12473
CVE-2026-45002,0.0028,0.20661
CVE-2026-45003,0.00105,0.01219
CVE-2026-45004,0.00144,0.04032
CVE-2026-45005,0.00289,0.21647
CVE-2026-45006,0.00489,0.41051
CVE-2026-45007,0.00221,0.12902
CVE-2026-45008,0.00266,0.18999
CVE-2026-45009,0.00168,0.06535
CVE-2026-45010,0.00339,0.27404
CVE-2026-45011,0.00211,0.11672
CVE-2026-45012,0.00197,0.09787
CVE-2026-45013,0.0025,0.16674
CVE-2026-45014,0.00286,0.21366
CVE-2026-45017,0.00336,0.26987
CVE-2026-45018,0.00653,0.49495
CVE-2026-45019,0.00319,0.25043
CVE-2026-45021,0.00204,0.10651
CVE-2026-45022,0.00159,0.05514
CVE-2026-45023,0.00222,0.13003
CVE-2026-45025,0.0023,0.1412
CVE-2026-45026,0.0023,0.1412
CVE-2026-45027,0.00136,0.03416
CVE-2026-45028,0.00144,0.04028
CVE-2026-45031,0.00495,0.41401
CVE-2026-45033,0.0035,0.28588
CVE-2026-45034,0.00462,0.3919
CVE-2026-45035,0.0038,0.31765
CVE-2026-45036,0.0013,0.03035
CVE-2026-45037,0.00137,0.03463
CVE-2026-45038,0.00178,0.07601
CVE-2026-45039,0.00268,0.19195
CVE-2026-45040,0.00152,0.04694
CVE-2026-45041,0.00239,0.15293
CVE-2026-45042,0.00207,0.11129
CVE-2026-45043,0.00226,0.13573
CVE-2026-45044,0.0031,0.24022
CVE-2026-45045,0.00463,0.39234
CVE-2026-45046,0.00106,0.01245
CVE-2026-45047,0.00441,0.37662
CVE-2026-45048,0.0025,0.16683
CVE-2026-45051,0.00508,0.42221
CVE-2026-45052,0.00333,0.26709
CVE-2026-45053,0.00585,0.46405
CVE-2026-45054,0.00239,0.15266
CVE-2026-45055,0.00147,0.04327
CVE-2026-45056,0.00234,0.14637
CVE-2026-45057,0.00155,0.05033
CVE-2026-45058,0.00234,0.14527
CVE-2026-45060,0.00364,0.30136
CVE-2026-45061,0.00263,0.18421
CVE-2026-45062,0.00568,0.45578
CVE-2026-45063,0.00367,0.30377
CVE-2026-45064,0.00338,0.27227
CVE-2026-45065,0.00348,0.28407
CVE-2026-45066,0.00338,0.2723
CVE-2026-45067,0.00598,0.4703
CVE-2026-45068,0.00524,0.43252
CVE-2026-45069,0.00258,0.17776
CVE-2026-45070,0.0039,0.32934
CVE-2026-45071,0.0057,0.45698
CVE-2026-45072,0.00305,0.23392
CVE-2026-45073,0.00458,0.38868
CVE-2026-45074,0.00488,0.40997
CVE-2026-45075,0.00429,0.36641
CVE-2026-45076,0.00369,0.30601
CVE-2026-45077,0.00666,0.50025
CVE-2026-45078,0.00128,0.02829
CVE-2026-45080,0.00249,0.16503
CVE-2026-45081,0.00201,0.10241
CVE-2026-45082,0.003,0.22884
CVE-2026-45083,0.0041,0.34863
CVE-2026-45084,0.00465,0.39338
CVE-2026-45085,0.00213,0.11866
CVE-2026-45086,0.00171,0.06861
CVE-2026-45087,0.12961,0.96203
CVE-2026-45088,0.00251,0.16762
CVE-2026-45089,0.00243,0.15782
CVE-2026-45090,0.00231,0.14194
CVE-2026-45091,0.00326,0.25875
CVE-2026-45099,0.00423,0.36099
CVE-2026-45100,0.00673,0.50267
CVE-2026-45102,0.00266,0.18987
CVE-2026-45103,0.00328,0.2607
CVE-2026-45104,0.0032,0.25184
CVE-2026-45106,0.00208,0.11231
CVE-2026-45108,0.00246,0.16085
CVE-2026-45109,0.00569,0.45637
CVE-2026-45112,0.01075,0.63046
CVE-2026-45115,0.00292,0.21982
CVE-2026-45116,0.00302,0.2304
CVE-2026-45117,0.00793,0.54411
CVE-2026-45118,0.00384,0.32178
CVE-2026-45119,0.00128,0.0283
CVE-2026-45120,0.00223,0.13133
CVE-2026-45121,0.00251,0.16756
CVE-2026-45122,0.00246,0.16196
CVE-2026-45123,0.00269,0.19301
CVE-2026-45124,0.00246,0.16195
CVE-2026-45125,0.00302,0.23044
CVE-2026-45126,0.00132,0.03149
CVE-2026-45127,0.00132,0.03149
CVE-2026-45128,0.00132,0.0315
CVE-2026-45129,0.00139,0.03624
CVE-2026-45130,0.00248,0.16385
CVE-2026-45131,0.00275,0.2007
CVE-2026-45132,0.0026,0.1798
CVE-2026-45133,0.0063,0.48482
CVE-2026-45134,0.00199,0.10031
CVE-2026-45135,0.00676,0.50387
CVE-2026-45136,0.00188,0.08641
CVE-2026-45137,0.0028,0.20724
CVE-2026-45138,0.00235,0.14663
CVE-2026-45139,0.00479,0.40399
CVE-2026-45140,0.00976,0.60112
CVE-2026-45143,0.00332,0.26523
CVE-2026-45147,0.00152,0.04736
CVE-2026-45148,0.00221,0.12905
CVE-2026-45149,0.003,0.22809
CVE-2026-45150,0.00428,0.36533
CVE-2026-45151,0.00227,0.13614
CVE-2026-45152,0.0083,0.55553
CVE-2026-45153,0.00153,0.04845
CVE-2026-45154,0.00189,0.0881
CVE-2026-45155,0.002,0.10174
CVE-2026-45156,0.00412,0.3506
CVE-2026-45157,0.00231,0.1426
CVE-2026-45158,0.00531,0.4364
CVE-2026-45159,0.00203,0.10494
CVE-2026-45160,0.00246,0.1618
CVE-2026-45162,0.00987,0.60393
CVE-2026-45169,0.0035,0.28635
CVE-2026-45170,0.00105,0.01213
CVE-2026-45171,0.00544,0.44325
CVE-2026-45172,0.0055,0.44668
CVE-2026-45173,0.00161,0.05764
CVE-2026-45174,0.00126,0.02632
CVE-2026-45175,0.00128,0.02844
CVE-2026-45176,0.00124,0.0249
CVE-2026-45177,0.00503,0.41893
CVE-2026-45178,0.00361,0.29861
CVE-2026-45179,0.00219,0.12611
CVE-2026-45180,0.00244,0.15883
CVE-2026-45181,0.00159,0.05521
CVE-2026-45182,0.00094,0.00681
CVE-2026-45184,0.00149,0.04426
CVE-2026-45185,0.01225,0.67022
CVE-2026-45186,0.0046,0.39037
CVE-2026-45187,0.00513,0.42523
CVE-2026-45188,0.00154,0.04889
CVE-2026-45190,0.00311,0.2412
CVE-2026-45191,0.003,0.22808
CVE-2026-45192,0.00425,0.3631
CVE-2026-45195,0.00144,0.04084
CVE-2026-45196,0.00144,0.04084
CVE-2026-45197,0.00069,0.00044
CVE-2026-45198,0.0012,0.02089
CVE-2026-45199,0.00118,0.01952
CVE-2026-45200,0.0011,0.01438
CVE-2026-45201,0.00118,0.01976
CVE-2026-45202,0.00105,0.01212
CVE-2026-45203,0.00125,0.02527
CVE-2026-45204,0.00107,0.01309
CVE-2026-45205,0.00469,0.39676
CVE-2026-45206,0.00213,0.11919
CVE-2026-45207,0.00213,0.1192
CVE-2026-45208,0.003,0.22835
CVE-2026-45209,0.00305,0.23409
CVE-2026-45210,0.0017,0.06686
CVE-2026-45211,0.00223,0.13174
CVE-2026-45212,0.00225,0.13439
CVE-2026-45213,0.00226,0.13568
CVE-2026-45214,0.00223,0.13174
CVE-2026-45215,0.00197,0.09769
CVE-2026-45216,0.00389,0.3279
CVE-2026-45217,0.00352,0.28854
CVE-2026-45218,0.00217,0.12384
CVE-2026-45221,0.00127,0.02727
CVE-2026-45222,0.00098,0.00881
CVE-2026-45223,0.00382,0.31973
CVE-2026-45224,0.00144,0.04048
CVE-2026-45225,0.00355,0.29214
CVE-2026-45226,0.00293,0.22091
CVE-2026-45227,0.00227,0.13718
CVE-2026-45228,0.00183,0.08136
CVE-2026-45229,0.00367,0.30419
CVE-2026-45230,0.00626,0.48332
CVE-2026-45231,0.00186,0.0849
CVE-2026-45232,0.00337,0.27185
CVE-2026-45233,0.009,0.57652
CVE-2026-45242,0.00396,0.33581
CVE-2026-45243,0.00195,0.09449
CVE-2026-45244,0.00227,0.13732
CVE-2026-45245,0.0033,0.26275
CVE-2026-45246,0.00137,0.03438
CVE-2026-45247,0.27546,0.98037
CVE-2026-45248,0.00356,0.29253
CVE-2026-45249,0.00749,0.52975
CVE-2026-45250,0.00409,0.34826
CVE-2026-45251,0.0017,0.06774
CVE-2026-45252,0.00284,0.21123
CVE-2026-45253,0.00196,0.0964
CVE-2026-45254,0.00194,0.09378
CVE-2026-45255,0.00305,0.23348
CVE-2026-45256,0.00122,0.02324
CVE-2026-45257,0.00176,0.07336
CVE-2026-45258,0.00153,0.04788
CVE-2026-45259,0.00132,0.03152
CVE-2026-45260,0.00636,0.48778
CVE-2026-45261,0.00515,0.42663
CVE-2026-45264,0.00229,0.13916
CVE-2026-45266,0.00203,0.10493
CVE-2026-45267,0.00291,0.21837
CVE-2026-45270,0.00367,0.30378
CVE-2026-45271,0.00113,0.01615
CVE-2026-45272,0.00367,0.30426
CVE-2026-45273,0.00518,0.42906
CVE-2026-45274,0.00669,0.50125
CVE-2026-45275,0.00358,0.29499
CVE-2026-45277,0.0013,0.02994
CVE-2026-45278,0.00232,0.14315
CVE-2026-45279,0.00392,0.33061
CVE-2026-45281,0.00284,0.2113
CVE-2026-45282,0.00294,0.22216
CVE-2026-45283,0.00211,0.11672
CVE-2026-45284,0.00193,0.09278
CVE-2026-45285,0.00293,0.22057
CVE-2026-45286,0.00281,0.20773
CVE-2026-45287,0.00168,0.06461
CVE-2026-45288,0.00375,0.31224
CVE-2026-45289,0.0014,0.03708
CVE-2026-45290,0.00278,0.20438
CVE-2026-45291,0.00263,0.18375
CVE-2026-45292,0.01097,0.63642
CVE-2026-45293,0.00184,0.0825
CVE-2026-45294,0.0021,0.11573
CVE-2026-45295,0.00338,0.27291
CVE-2026-45296,0.00231,0.14154
CVE-2026-45297,0.00207,0.11132
CVE-2026-45298,0.01491,0.72549
CVE-2026-45299,0.00199,0.09954
CVE-2026-45300,0.00322,0.25369
CVE-2026-45301,0.00273,0.19898
CVE-2026-45302,0.00315,0.24587
CVE-2026-45303,0.00225,0.13481
CVE-2026-45304,0.00684,0.5074
CVE-2026-45305,0.00684,0.5074
CVE-2026-45306,0.00234,0.14621
CVE-2026-45307,0.00153,0.04837
CVE-2026-45309,0.0044,0.37551
CVE-2026-45310,0.00226,0.13503
CVE-2026-45311,0.00375,0.31242
CVE-2026-45312,0.00447,0.3814
CVE-2026-45313,0.00152,0.04693
CVE-2026-45314,0.0022,0.12702
CVE-2026-45315,0.00186,0.08492
CVE-2026-45316,0.00218,0.12531
CVE-2026-45317,0.00165,0.06122
CVE-2026-45318,0.00209,0.11417
CVE-2026-45320,0.00467,0.39535
CVE-2026-45321,0.02342,0.82717
CVE-2026-45322,0.01722,0.76133
CVE-2026-45323,0.00317,0.2474
CVE-2026-45324,0.00101,0.0101
CVE-2026-45325,0.00464,0.3929
CVE-2026-45327,0.00357,0.29338
CVE-2026-45328,0.00126,0.02667
CVE-2026-45329,0.00117,0.01907
CVE-2026-45330,0.00347,0.28245
CVE-2026-45331,0.00286,0.21325
CVE-2026-45332,0.0134,0.69614
CVE-2026-45334,0.00364,0.30154
CVE-2026-45335,0.0015,0.04538
CVE-2026-45336,0.00621,0.4811
CVE-2026-45337,0.00214,0.11974
CVE-2026-45338,0.00396,0.33519
CVE-2026-45339,0.00309,0.23825
CVE-2026-45342,0.00225,0.13453
CVE-2026-45343,0.00306,0.23506
CVE-2026-45344,0.00456,0.38765
CVE-2026-45345,0.00226,0.13574
CVE-2026-45346,0.00165,0.06174
CVE-2026-45347,0.00186,0.08388
CVE-2026-45348,0.00199,0.09981
CVE-2026-45349,0.00231,0.1426
CVE-2026-45350,0.0027,0.19436
CVE-2026-45351,0.00281,0.20841
CVE-2026-45352,0.00327,0.26015
CVE-2026-45353,0.00114,0.01724
CVE-2026-45357,0.00385,0.32349
CVE-2026-45358,0.0024,0.15447
CVE-2026-45359,0.00122,0.02294
CVE-2026-45360,0.00676,0.504
CVE-2026-45361,0.0059,0.46647
CVE-2026-45362,0.00095,0.00763
CVE-2026-45363,0.0026,0.18022
CVE-2026-45364,0.00295,0.2229
CVE-2026-45365,0.00193,0.09247
CVE-2026-45366,0.00122,0.023
CVE-2026-45367,0.00684,0.5074
CVE-2026-45368,0.00534,0.43842
CVE-2026-45369,0.00272,0.19734
CVE-2026-45370,0.00223,0.13197
CVE-2026-45371,0.00207,0.11132
CVE-2026-45372,0.00295,0.2229
CVE-2026-45373,0.00239,0.15208
CVE-2026-45374,0.0026,0.17998
CVE-2026-45375,0.00317,0.24813
CVE-2026-45376,0.00341,0.2766
CVE-2026-45377,0.00274,0.20001
CVE-2026-45378,0.00303,0.23132
CVE-2026-45380,0.00116,0.01816
CVE-2026-45382,0.00253,0.17062
CVE-2026-45383,0.00257,0.17648
CVE-2026-45384,0.00125,0.02534
CVE-2026-45385,0.0025,0.16668
CVE-2026-45386,0.00204,0.10693
CVE-2026-45387,0.0022,0.12718
CVE-2026-45388,0.00225,0.13368
CVE-2026-45389,0.00191,0.0899
CVE-2026-45390,0.00373,0.31056
CVE-2026-45391,0.00889,0.57301
CVE-2026-45392,0.00281,0.20859
CVE-2026-45393,0.00221,0.12855
CVE-2026-45395,0.00437,0.37351
CVE-2026-45396,0.00307,0.23605
CVE-2026-45397,0.0075,0.53012
CVE-2026-45398,0.00331,0.2634
CVE-2026-45399,0.0027,0.19368
CVE-2026-45400,0.00292,0.21989
CVE-2026-45401,0.003,0.22828
CVE-2026-45402,0.00346,0.28129
CVE-2026-45403,0.00193,0.09178
CVE-2026-45404,0.00131,0.031
CVE-2026-45405,0.00458,0.38882
CVE-2026-45406,0.00529,0.43531
CVE-2026-45407,0.00125,0.02521
CVE-2026-45408,0.00419,0.35735
CVE-2026-45409,0.00408,0.34729
CVE-2026-45410,0.00205,0.10821
CVE-2026-45411,0.00568,0.4559
CVE-2026-45412,0.00207,0.11131
CVE-2026-45413,0.00083,0.00282
CVE-2026-45414,0.00324,0.25582
CVE-2026-45415,0.00458,0.38886
CVE-2026-45416,0.00921,0.58256
CVE-2026-45417,0.00377,0.31422
CVE-2026-45418,0.00307,0.23629
CVE-2026-45419,0.00459,0.38942
CVE-2026-45426,0.00358,0.29452
CVE-2026-45430,0.00121,0.0222
CVE-2026-45431,0.00388,0.32647
CVE-2026-45432,0.00244,0.1586
CVE-2026-45433,0.00344,0.27962
CVE-2026-45434,0.22429,0.97642
CVE-2026-45435,0.00197,0.09696
CVE-2026-45436,0.00304,0.23322
CVE-2026-45437,0.00175,0.0723
CVE-2026-45438,0.00289,0.2165
CVE-2026-45439,0.00291,0.2192
CVE-2026-45441,0.00259,0.17886
CVE-2026-45442,0.00238,0.15112
CVE-2026-45443,0.00194,0.09385
CVE-2026-45444,0.00282,0.20884
CVE-2026-45445,0.00704,0.51492
CVE-2026-45446,0.00439,0.37447
CVE-2026-45447,0.03566,0.88852
CVE-2026-45448,0.00166,0.06213
CVE-2026-45453,0.0051,0.42354
CVE-2026-45454,0.0163,0.74766
CVE-2026-45455,0.00629,0.48447
CVE-2026-45456,0.00438,0.37406
CVE-2026-45457,0.00372,0.30927
CVE-2026-45458,0.00438,0.37406
CVE-2026-45459,0.00371,0.30886
CVE-2026-45460,0.0037,0.30759
CVE-2026-45461,0.0039,0.32892
CVE-2026-45462,0.00505,0.42006
CVE-2026-45463,0.00364,0.30089
CVE-2026-45464,0.0051,0.42354
CVE-2026-45465,0.0051,0.42354
CVE-2026-45466,0.00385,0.32334
CVE-2026-45467,0.00505,0.42007
CVE-2026-45468,0.00505,0.42006
CVE-2026-45469,0.00372,0.30925
CVE-2026-45471,0.00455,0.38684
CVE-2026-45472,0.00364,0.30088
CVE-2026-45474,0.00364,0.30112
CVE-2026-45475,0.00455,0.38685
CVE-2026-45476,0.00324,0.2565
CVE-2026-45479,0.00505,0.42006
CVE-2026-45480,0.00901,0.57676
CVE-2026-45481,0.00687,0.50852
CVE-2026-45482,0.00345,0.27996
CVE-2026-45483,0.00505,0.42007
CVE-2026-45484,0.35216,0.98413
CVE-2026-45485,0.00437,0.37354
CVE-2026-45486,0.00372,0.30926
CVE-2026-45487,0.00184,0.08187
CVE-2026-45488,0.00362,0.29983
CVE-2026-45489,0.00876,0.56984
CVE-2026-45490,0.00384,0.32176
CVE-2026-45491,0.00388,0.32679
CVE-2026-45492,0.00302,0.23066
CVE-2026-45494,0.00302,0.23066
CVE-2026-45495,0.00987,0.60432
CVE-2026-45496,0.00475,0.40092
CVE-2026-45497,0.00452,0.38518
CVE-2026-45498,0.63076,0.99193
CVE-2026-45499,0.00778,0.5393
CVE-2026-45500,0.00375,0.31229
CVE-2026-45501,0.00308,0.23793
CVE-2026-45502,0.20255,0.97404
CVE-2026-45503,0.00445,0.37987
CVE-2026-45504,0.00846,0.56054
CVE-2026-45505,0.006,0.47104
CVE-2026-45515,0.00096,0.00798
CVE-2026-45519,0.00068,0.00032
CVE-2026-45520,0.00088,0.00463
CVE-2026-45521,0.00072,0.00066
CVE-2026-45525,0.00075,0.00106
CVE-2026-45527,0.00251,0.16731
CVE-2026-45528,0.00071,0.00058
CVE-2026-45531,0.0008,0.00211
CVE-2026-45532,0.00469,0.39614
CVE-2026-45533,0.00459,0.38942
CVE-2026-45534,0.00639,0.48871
CVE-2026-45535,0.00377,0.31423
CVE-2026-45536,0.00136,0.03382
CVE-2026-45537,0.00354,0.29018
CVE-2026-45538,0.00583,0.463
CVE-2026-45539,0.00654,0.49533
CVE-2026-45541,0.00439,0.37459
CVE-2026-45542,0.00325,0.25714
CVE-2026-45543,0.00269,0.19281
CVE-2026-45544,0.00222,0.12956
CVE-2026-45545,0.00318,0.24925
CVE-2026-45548,0.00258,0.17709
CVE-2026-45549,0.00199,0.10006
CVE-2026-45550,0.00196,0.09621
CVE-2026-45551,0.0023,0.14018
CVE-2026-45552,0.00267,0.19022
CVE-2026-45553,0.00255,0.17299
CVE-2026-45554,0.00343,0.27806
CVE-2026-45555,0.00143,0.03988
CVE-2026-45556,0.00372,0.31002
CVE-2026-45557,0.00389,0.32759
CVE-2026-45558,0.00439,0.37459
CVE-2026-45559,0.00234,0.14621
CVE-2026-45560,0.00149,0.04444
CVE-2026-45561,0.00218,0.1253
CVE-2026-45563,0.00176,0.07358
CVE-2026-45564,0.00304,0.23334
CVE-2026-45565,0.00304,0.23268
CVE-2026-45566,0.00153,0.04837
CVE-2026-45567,0.00244,0.15821
CVE-2026-45568,0.00544,0.44354
CVE-2026-45569,0.00316,0.24621
CVE-2026-45570,0.00365,0.30273
CVE-2026-45571,0.00297,0.22561
CVE-2026-45572,0.0018,0.07813
CVE-2026-45573,0.00309,0.23824
CVE-2026-45574,0.00138,0.03574
CVE-2026-45575,0.00118,0.01943
CVE-2026-45576,0.00496,0.41462
CVE-2026-45577,0.00249,0.16502
CVE-2026-45578,0.00318,0.24858
CVE-2026-45579,0.00438,0.37428
CVE-2026-45580,0.00136,0.03391
CVE-2026-45581,0.00106,0.01245
CVE-2026-45582,0.00262,0.18236
CVE-2026-45583,0.00522,0.4314
CVE-2026-45584,0.00852,0.56238
CVE-2026-45585,0.01355,0.69951
CVE-2026-45586,0.0363,0.8904
CVE-2026-45588,0.00303,0.23246
CVE-2026-45591,0.02481,0.8376
CVE-2026-45592,0.00286,0.21388
CVE-2026-45593,0.00286,0.21388
CVE-2026-45594,0.00404,0.34347
CVE-2026-45595,0.00423,0.36095
CVE-2026-45596,0.00179,0.077
CVE-2026-45597,0.00186,0.08482
CVE-2026-45598,0.00179,0.077
CVE-2026-45599,0.0052,0.43013
CVE-2026-45600,0.00286,0.21388
CVE-2026-45601,0.00179,0.07698
CVE-2026-45602,0.00366,0.30309
CVE-2026-45603,0.00179,0.07699
CVE-2026-45604,0.00341,0.276
CVE-2026-45605,0.00286,0.21388
CVE-2026-45606,0.00383,0.3206
CVE-2026-45607,0.00357,0.29336
CVE-2026-45608,0.00338,0.27198
CVE-2026-45609,0.00207,0.11155
CVE-2026-45610,0.0011,0.01442
CVE-2026-45612,0.00174,0.07108
CVE-2026-45613,0.00111,0.01517
CVE-2026-45614,0.00096,0.00791
CVE-2026-45615,0.00197,0.09689
CVE-2026-45616,0.00234,0.14571
CVE-2026-45617,0.00385,0.32349
CVE-2026-45618,0.01031,0.61729
CVE-2026-45619,0.00136,0.03367
CVE-2026-45620,0.00193,0.09243
CVE-2026-45622,0.00258,0.17728
CVE-2026-45623,0.00587,0.46478
CVE-2026-45624,0.0012,0.02098
CVE-2026-45625,0.00387,0.32611
CVE-2026-45626,0.0021,0.1156
CVE-2026-45627,0.00185,0.08279
CVE-2026-45628,0.0023,0.14014
CVE-2026-45629,0.00758,0.5327
CVE-2026-45630,0.00763,0.53439
CVE-2026-45631,0.00351,0.28749
CVE-2026-45632,0.00256,0.1753
CVE-2026-45633,0.00922,0.58294
CVE-2026-45634,0.00362,0.29965
CVE-2026-45635,0.0052,0.43013
CVE-2026-45636,0.00411,0.35022
CVE-2026-45637,0.00286,0.21389
CVE-2026-45638,0.00286,0.21387
CVE-2026-45639,0.00871,0.5682
CVE-2026-45640,0.00234,0.14541
CVE-2026-45641,0.00307,0.23656
CVE-2026-45642,0.00319,0.25051
CVE-2026-45643,0.00372,0.30926
CVE-2026-45644,0.00554,0.44859
CVE-2026-45645,0.00372,0.30926
CVE-2026-45646,0.01174,0.65683
CVE-2026-45647,0.00215,0.12162
CVE-2026-45648,0.01124,0.64334
CVE-2026-45649,0.00428,0.3652
CVE-2026-45650,0.00619,0.47994
CVE-2026-45653,0.00251,0.16765
CVE-2026-45654,0.00309,0.23824
CVE-2026-45655,0.00413,0.35155
CVE-2026-45656,0.00319,0.25008
CVE-2026-45657,0.15478,0.96701
CVE-2026-45658,0.00353,0.28894
CVE-2026-45659,0.76075,0.99521
CVE-2026-45660,0.00151,0.04655
CVE-2026-45661,0.0066,0.49789
CVE-2026-45662,0.00841,0.55898
CVE-2026-45663,0.00866,0.56647
CVE-2026-45664,0.00441,0.37597
CVE-2026-45665,0.00335,0.26849
CVE-2026-45666,0.00277,0.20393
CVE-2026-45667,0.00341,0.27656
CVE-2026-45668,0.0017,0.06757
CVE-2026-45669,0.00177,0.0744
CVE-2026-45670,0.00205,0.10824
CVE-2026-45671,0.0027,0.1945
CVE-2026-45672,0.00406,0.34522
CVE-2026-45673,0.00256,0.17501
CVE-2026-45674,0.00303,0.23193
CVE-2026-45675,0.00354,0.2904
CVE-2026-45676,0.00162,0.05809
CVE-2026-45677,0.00683,0.50686
CVE-2026-45678,0.00342,0.27677
CVE-2026-45679,0.00212,0.1173
CVE-2026-45680,0.00319,0.24959
CVE-2026-45681,0.00287,0.21435
CVE-2026-45682,0.00162,0.05772
CVE-2026-45683,0.00174,0.07177
CVE-2026-45684,0.00172,0.06878
CVE-2026-45685,0.00463,0.39226
CVE-2026-45686,0.00354,0.29023
CVE-2026-45687,0.00341,0.27647
CVE-2026-45688,0.00493,0.41292
CVE-2026-45689,0.00526,0.43353
CVE-2026-45690,0.0029,0.21799
CVE-2026-45691,0.0029,0.218
CVE-2026-45692,0.00167,0.06334
CVE-2026-45694,0.00146,0.04223
CVE-2026-45695,0.0161,0.74459
CVE-2026-45696,0.00418,0.35625
CVE-2026-45697,0.00475,0.40129
CVE-2026-45698,0.00272,0.19743
CVE-2026-45699,0.00335,0.26897
CVE-2026-45700,0.04388,0.90886
CVE-2026-45701,0.00232,0.14322
CVE-2026-45702,0.00155,0.05097
CVE-2026-45703,0.00317,0.24825
CVE-2026-45704,0.00427,0.36495
CVE-2026-45705,0.00292,0.21955
CVE-2026-45707,0.00235,0.1478
CVE-2026-45708,0.00306,0.23551
CVE-2026-45709,0.00265,0.1866
CVE-2026-45711,0.00311,0.24146
CVE-2026-45712,0.00247,0.16312
CVE-2026-45713,0.00388,0.32665
CVE-2026-45714,0.00415,0.35376
CVE-2026-45715,0.00258,0.1771
CVE-2026-45716,0.00261,0.18152
CVE-2026-45717,0.00251,0.16787
CVE-2026-45718,0.00146,0.04243
CVE-2026-45719,0.00263,0.1839
CVE-2026-45720,0.00112,0.01556
CVE-2026-45721,0.00437,0.37307
CVE-2026-45722,0.00301,0.22992
CVE-2026-45723,0.00386,0.32441
CVE-2026-45725,0.00268,0.19221
CVE-2026-45726,0.00099,0.00922
CVE-2026-45727,0.00475,0.40123
CVE-2026-45728,0.00303,0.23133
CVE-2026-45729,0.00235,0.14791
CVE-2026-45730,0.00259,0.17903
CVE-2026-45731,0.00469,0.39676
CVE-2026-45732,0.0035,0.28562
CVE-2026-45733,0.00386,0.32383
CVE-2026-45734,0.00404,0.34368
CVE-2026-45736,0.00745,0.52856
CVE-2026-45737,0.00521,0.4309
CVE-2026-45738,0.00606,0.47393
CVE-2026-45739,0.00218,0.12506
CVE-2026-45740,0.00263,0.18417
CVE-2026-45741,0.00756,0.53195
CVE-2026-45742,0.00597,0.46972
CVE-2026-45743,0.00282,0.20945
CVE-2026-45744,0.02008,0.79713
CVE-2026-45745,0.00168,0.06474
CVE-2026-45746,0.00387,0.32541
CVE-2026-45747,0.00341,0.27567
CVE-2026-45748,0.01729,0.76245
CVE-2026-45749,0.00324,0.25676
CVE-2026-45750,0.00294,0.22179
CVE-2026-45751,0.00509,0.423
CVE-2026-45752,0.00509,0.42301
CVE-2026-45753,0.00338,0.27228
CVE-2026-45754,0.00445,0.37965
CVE-2026-45755,0.00267,0.19062
CVE-2026-45756,0.0063,0.48483
CVE-2026-45757,0.00314,0.24415
CVE-2026-45758,0.00276,0.20203
CVE-2026-45759,0.00585,0.46415
CVE-2026-45760,0.00325,0.25803
CVE-2026-45761,0.00138,0.03536
CVE-2026-45762,0.00441,0.37621
CVE-2026-45763,0.00475,0.40131
CVE-2026-45764,0.00426,0.36384
CVE-2026-45765,0.00432,0.36848
CVE-2026-45766,0.00432,0.36848
CVE-2026-45767,0.00317,0.2478
CVE-2026-45768,0.00484,0.407
CVE-2026-45769,0.01253,0.67658
CVE-2026-45770,0.00339,0.27359
CVE-2026-45771,0.00343,0.27868
CVE-2026-45772,0.00386,0.32411
CVE-2026-45773,0.00124,0.02503
CVE-2026-45774,0.00451,0.38428
CVE-2026-45775,0.00323,0.25519
CVE-2026-45776,0.00236,0.14893
CVE-2026-45777,0.00388,0.32675
CVE-2026-45778,0.00147,0.04284
CVE-2026-45779,0.00479,0.4036
CVE-2026-45780,0.00497,0.41531
CVE-2026-45781,0.00206,0.1102
CVE-2026-45782,0.00138,0.03548
CVE-2026-45783,0.00354,0.29075
CVE-2026-45784,0.00134,0.03273
CVE-2026-45785,0.00184,0.08189
CVE-2026-45787,0.00105,0.01201
CVE-2026-45788,0.00634,0.48696
CVE-2026-45790,0.00284,0.21089
CVE-2026-45791,0.00409,0.34793
CVE-2026-45792,0.0011,0.01418
CVE-2026-45793,0.01021,0.6143
CVE-2026-45794,0.00518,0.42895
CVE-2026-45795,0.00259,0.17888
CVE-2026-45796,0.0043,0.36704
CVE-2026-45797,0.0057,0.45684
CVE-2026-45798,0.00534,0.43811
CVE-2026-45799,0.00546,0.4443
CVE-2026-45800,0.00265,0.18633
CVE-2026-45802,0.00259,0.17929
CVE-2026-45803,0.00206,0.10952
CVE-2026-45804,0.00376,0.31404
CVE-2026-45805,0.00379,0.31704
CVE-2026-45806,0.00354,0.29021
CVE-2026-45807,0.00567,0.45533
CVE-2026-45808,0.00308,0.23795
CVE-2026-45809,0.00388,0.32666
CVE-2026-45810,0.00252,0.1687
CVE-2026-45811,0.00342,0.27741
CVE-2026-45812,0.00419,0.35785
CVE-2026-45813,0.00351,0.28739
CVE-2026-45815,0.00602,0.47207
CVE-2026-45816,0.00615,0.47783
CVE-2026-45819,0.00372,0.3093
CVE-2026-45820,0.00278,0.20525
CVE-2026-45822,0.00507,0.42102
CVE-2026-45829,0.12387,0.96075
CVE-2026-45830,0.00345,0.27993
CVE-2026-45831,0.00237,0.14969
CVE-2026-45832,0.00284,0.2109
CVE-2026-45833,0.00342,0.27761
CVE-2026-45834,0.00123,0.02398
CVE-2026-45835,0.00123,0.02399
CVE-2026-45836,0.00123,0.02399
CVE-2026-45837,0.00116,0.01854
CVE-2026-45838,0.00127,0.02676
CVE-2026-45839,0.00133,0.03232
CVE-2026-45840,0.00129,0.02925
CVE-2026-45841,0.00129,0.02966
CVE-2026-45842,0.00127,0.02676
CVE-2026-45843,0.00355,0.2925
CVE-2026-45844,0.00129,0.02925
CVE-2026-45845,0.0012,0.02064
CVE-2026-45846,0.00127,0.02708
CVE-2026-45847,0.0016,0.05651
CVE-2026-45848,0.0016,0.05651
CVE-2026-45849,0.0014,0.03712
CVE-2026-45850,0.0016,0.05648
CVE-2026-45851,0.0016,0.05538
CVE-2026-45852,0.00175,0.07282
CVE-2026-45853,0.00164,0.06033
CVE-2026-45854,0.00154,0.04903
CVE-2026-45855,0.00165,0.0614
CVE-2026-45856,0.00165,0.06106
CVE-2026-45857,0.0016,0.05649
CVE-2026-45858,0.0016,0.05583
CVE-2026-45859,0.00612,0.47654
CVE-2026-45860,0.00677,0.50462
CVE-2026-45861,0.00164,0.05997
CVE-2026-45862,0.0015,0.04527
CVE-2026-45863,0.00156,0.05113
CVE-2026-45864,0.0016,0.05646
CVE-2026-45865,0.0016,0.05649
CVE-2026-45866,0.00164,0.06078
CVE-2026-45867,0.00164,0.06079
CVE-2026-45868,0.0016,0.05646
CVE-2026-45869,0.0016,0.05646
CVE-2026-45870,0.0016,0.0565
CVE-2026-45871,0.00186,0.08377
CVE-2026-45872,0.00166,0.06294
CVE-2026-45873,0.0016,0.0565
CVE-2026-45874,0.00156,0.05113
CVE-2026-45875,0.00166,0.06294
CVE-2026-45876,0.00154,0.04902
CVE-2026-45877,0.0016,0.05584
CVE-2026-45878,0.00182,0.08037
CVE-2026-45879,0.00164,0.06078
CVE-2026-45880,0.0016,0.05583
CVE-2026-45881,0.0016,0.05648
CVE-2026-45882,0.00159,0.05515
CVE-2026-45883,0.0016,0.05647
CVE-2026-45884,0.0016,0.05584
CVE-2026-45885,0.0016,0.05617
CVE-2026-45886,0.0016,0.05646
CVE-2026-45887,0.00154,0.04903
CVE-2026-45888,0.0016,0.05585
CVE-2026-45889,0.00154,0.04903
CVE-2026-45890,0.00123,0.02397
CVE-2026-45891,0.0013,0.02977
CVE-2026-45892,0.0016,0.0565
CVE-2026-45893,0.00126,0.02605
CVE-2026-45894,0.00149,0.04474
CVE-2026-45895,0.0016,0.05585
CVE-2026-45896,0.00162,0.05848
CVE-2026-45897,0.00156,0.05196
CVE-2026-45898,0.00465,0.39372
CVE-2026-45899,0.0016,0.05647
CVE-2026-45900,0.00156,0.05114
CVE-2026-45901,0.0016,0.05584
CVE-2026-45902,0.00164,0.06078
CVE-2026-45903,0.00158,0.05336
CVE-2026-45904,0.0016,0.05648
CVE-2026-45905,0.00111,0.01526
CVE-2026-45906,0.00121,0.02194
CVE-2026-45907,0.00119,0.02002
CVE-2026-45908,0.00154,0.04903
CVE-2026-45909,0.00162,0.05848
CVE-2026-45910,0.00102,0.0106
CVE-2026-45911,0.0016,0.05647
CVE-2026-45912,0.00123,0.02396
CVE-2026-45913,0.0016,0.05586
CVE-2026-45914,0.00126,0.0264
CVE-2026-45915,0.0016,0.05648
CVE-2026-45916,0.00164,0.06078
CVE-2026-45917,0.00122,0.0232
CVE-2026-45918,0.00163,0.05943
CVE-2026-45919,0.0013,0.03035
CVE-2026-45920,0.00146,0.04263
CVE-2026-45921,0.00122,0.02319
CVE-2026-45922,0.0016,0.05585
CVE-2026-45923,0.0016,0.05649
CVE-2026-45924,0.00121,0.02154
CVE-2026-45925,0.0016,0.05584
CVE-2026-45926,0.00113,0.01596
CVE-2026-45927,0.00092,0.00598
CVE-2026-45928,0.00128,0.0279
CVE-2026-45929,0.00158,0.05328
CVE-2026-45930,0.00128,0.0281
CVE-2026-45931,0.00174,0.07142
CVE-2026-45932,0.00134,0.0326
CVE-2026-45933,0.00177,0.07537
CVE-2026-45934,0.00121,0.02211
CVE-2026-45935,0.00149,0.04501
CVE-2026-45936,0.00126,0.0264
CVE-2026-45937,0.00121,0.02212
CVE-2026-45938,0.00125,0.02585
CVE-2026-45939,0.00121,0.02211
CVE-2026-45940,0.00158,0.05361
CVE-2026-45941,0.00123,0.02397
CVE-2026-45942,0.001,0.0095
CVE-2026-45943,0.00126,0.02605
CVE-2026-45944,0.00127,0.02694
CVE-2026-45945,0.00134,0.03275
CVE-2026-45946,0.0016,0.05538
CVE-2026-45947,0.00162,0.05817
CVE-2026-45948,0.0016,0.05601
CVE-2026-45949,0.00088,0.00456
CVE-2026-45950,0.00122,0.02272
CVE-2026-45951,0.00124,0.02432
CVE-2026-45952,0.00126,0.02646
CVE-2026-45953,0.00121,0.0217
CVE-2026-45954,0.00123,0.02355
CVE-2026-45955,0.00124,0.02466
CVE-2026-45956,0.00126,0.02598
CVE-2026-45957,0.00125,0.02538
CVE-2026-45958,0.00126,0.02587
CVE-2026-45959,0.00127,0.02713
CVE-2026-45960,0.00123,0.02367
CVE-2026-45961,0.00143,0.03998
CVE-2026-45962,0.0016,0.05601
CVE-2026-45963,0.0013,0.03002
CVE-2026-45964,0.0016,0.056
CVE-2026-45965,0.0016,0.056
CVE-2026-45966,0.00121,0.02179
CVE-2026-45967,0.00107,0.01316
CVE-2026-45968,0.0013,0.03021
CVE-2026-45969,0.00123,0.02373
CVE-2026-45970,0.00126,0.02595
CVE-2026-45971,0.00121,0.02157
CVE-2026-45972,0.00333,0.26665
CVE-2026-45973,0.00159,0.05489
CVE-2026-45974,0.00128,0.02804
CVE-2026-45975,0.00107,0.01309
CVE-2026-45976,0.00122,0.02268
CVE-2026-45977,0.00121,0.02157
CVE-2026-45978,0.00123,0.02354
CVE-2026-45979,0.00107,0.01316
CVE-2026-45980,0.00124,0.02443
CVE-2026-45981,0.00126,0.02656
CVE-2026-45982,0.0013,0.03002
CVE-2026-45983,0.00123,0.02366
CVE-2026-45984,0.00184,0.08215
CVE-2026-45985,0.00123,0.02355
CVE-2026-45986,0.00123,0.02339
CVE-2026-45987,0.00123,0.02359
CVE-2026-45988,0.00457,0.38848
CVE-2026-45989,0.00163,0.05929
CVE-2026-45990,0.00133,0.0322
CVE-2026-45991,0.00169,0.06589
CVE-2026-45993,0.00142,0.03852
CVE-2026-45994,0.00139,0.03652
CVE-2026-45995,0.0012,0.02139
CVE-2026-45996,0.00139,0.03643
CVE-2026-45997,0.00123,0.02365
CVE-2026-45998,0.00137,0.03478
CVE-2026-45999,0.00131,0.03087
CVE-2026-46000,0.00159,0.05491
CVE-2026-46001,0.00129,0.02875
CVE-2026-46002,0.00123,0.02344
CVE-2026-46003,0.00123,0.02351
CVE-2026-46004,0.00129,0.02949
CVE-2026-46005,0.00128,0.02804
CVE-2026-46006,0.00143,0.03972
CVE-2026-46007,0.00122,0.0229
CVE-2026-46008,0.00079,0.00174
CVE-2026-46009,0.00123,0.02347
CVE-2026-46010,0.00403,0.34323
CVE-2026-46011,0.00125,0.02544
CVE-2026-46012,0.00122,0.02289
CVE-2026-46013,0.00107,0.01318
CVE-2026-46014,0.00093,0.00659
CVE-2026-46015,0.00129,0.02938
CVE-2026-46016,0.00122,0.02282
CVE-2026-46017,0.00105,0.01186
CVE-2026-46018,0.00177,0.07517
CVE-2026-46019,0.00163,0.05884
CVE-2026-46020,0.00124,0.02452
CVE-2026-46021,0.00138,0.03588
CVE-2026-46022,0.00145,0.04183
CVE-2026-46023,0.0013,0.0302
CVE-2026-46024,0.0049,0.41074
CVE-2026-46025,0.00088,0.00449
CVE-2026-46026,0.00128,0.02797
CVE-2026-46027,0.00501,0.41778
CVE-2026-46028,0.00123,0.02359
CVE-2026-46029,0.00147,0.04302
CVE-2026-46030,0.00121,0.02157
CVE-2026-46031,0.0037,0.30722
CVE-2026-46032,0.00116,0.0182
CVE-2026-46033,0.00131,0.03096
CVE-2026-46034,0.00135,0.03351
CVE-2026-46035,0.00121,0.02165
CVE-2026-46036,0.00139,0.03595
CVE-2026-46037,0.00443,0.37819
CVE-2026-46038,0.00123,0.02337
CVE-2026-46039,0.00442,0.37737
CVE-2026-46040,0.00125,0.02564
CVE-2026-46041,0.00135,0.03351
CVE-2026-46042,0.00126,0.02651
CVE-2026-46043,0.00514,0.42629
CVE-2026-46044,0.00123,0.02332
CVE-2026-46045,0.00127,0.02732
CVE-2026-46046,0.00125,0.02571
CVE-2026-46047,0.00126,0.02591
CVE-2026-46048,0.00123,0.02349
CVE-2026-46049,0.00123,0.02348
CVE-2026-46050,0.00095,0.00722
CVE-2026-46051,0.00095,0.00724
CVE-2026-46052,0.00501,0.4178
CVE-2026-46053,0.00129,0.02938
CVE-2026-46054,0.00123,0.02405
CVE-2026-46055,0.0015,0.04538
CVE-2026-46056,0.00262,0.18329
CVE-2026-46057,0.00118,0.01963
CVE-2026-46058,0.00097,0.00839
CVE-2026-46059,0.00121,0.02168
CVE-2026-46060,0.00121,0.02169
CVE-2026-46061,0.00094,0.00701
CVE-2026-46062,0.00142,0.03826
CVE-2026-46063,0.00094,0.007
CVE-2026-46064,0.00139,0.03652
CVE-2026-46065,0.00129,0.02938
CVE-2026-46066,0.00121,0.02165
CVE-2026-46067,0.00117,0.01901
CVE-2026-46068,0.00129,0.02871
CVE-2026-46069,0.00139,0.03643
CVE-2026-46070,0.00126,0.02613
CVE-2026-46071,0.00121,0.02164
CVE-2026-46072,0.00123,0.02327
CVE-2026-46073,0.00122,0.02265
CVE-2026-46074,0.00131,0.03104
CVE-2026-46075,0.00129,0.02943
CVE-2026-46076,0.00121,0.02204
CVE-2026-46077,0.00123,0.0236
CVE-2026-46078,0.00131,0.03087
CVE-2026-46079,0.00138,0.03577
CVE-2026-46080,0.00136,0.03385
CVE-2026-46081,0.00166,0.06286
CVE-2026-46082,0.00123,0.02333
CVE-2026-46083,0.00123,0.02326
CVE-2026-46084,0.00129,0.02871
CVE-2026-46085,0.00441,0.37598
CVE-2026-46086,0.00125,0.0257
CVE-2026-46087,0.00121,0.02172
CVE-2026-46088,0.00123,0.02335
CVE-2026-46089,0.00135,0.0335
CVE-2026-46090,0.00103,0.01114
CVE-2026-46091,0.00123,0.02333
CVE-2026-46092,0.00136,0.03385
CVE-2026-46093,0.00129,0.0287
CVE-2026-46094,0.00125,0.02556
CVE-2026-46095,0.00121,0.02164
CVE-2026-46096,0.00121,0.02167
CVE-2026-46097,0.00137,0.03474
CVE-2026-46098,0.00123,0.02326
CVE-2026-46099,0.00288,0.21643
CVE-2026-46100,0.00141,0.03788
CVE-2026-46101,0.00125,0.02568
CVE-2026-46102,0.00501,0.4178
CVE-2026-46103,0.00114,0.01704
CVE-2026-46104,0.00121,0.02166
CVE-2026-46105,0.00127,0.02732
CVE-2026-46106,0.00122,0.02254
CVE-2026-46107,0.00129,0.02928
CVE-2026-46108,0.00123,0.02349
CVE-2026-46109,0.00123,0.02349
CVE-2026-46110,0.005,0.41716
CVE-2026-46111,0.00126,0.0259
CVE-2026-46112,0.001,0.00951
CVE-2026-46113,0.00154,0.04931
CVE-2026-46114,0.00467,0.39509
CVE-2026-46115,0.00491,0.41121
CVE-2026-46116,0.0013,0.02989
CVE-2026-46117,0.00137,0.03478
CVE-2026-46118,0.00121,0.02163
CVE-2026-46119,0.00525,0.43285
CVE-2026-46120,0.00126,0.02593
CVE-2026-46121,0.00125,0.02541
CVE-2026-46122,0.00129,0.02928
CVE-2026-46123,0.00142,0.03836
CVE-2026-46124,0.00425,0.36297
CVE-2026-46125,0.00302,0.23107
CVE-2026-46126,0.00127,0.0276
CVE-2026-46127,0.00128,0.02803
CVE-2026-46128,0.00128,0.02805
CVE-2026-46129,0.00139,0.03601
CVE-2026-46130,0.00124,0.02451
CVE-2026-46131,0.00127,0.02764
CVE-2026-46132,0.00131,0.03067
CVE-2026-46133,0.00574,0.45887
CVE-2026-46134,0.00126,0.0265
CVE-2026-46135,0.00397,0.33655
CVE-2026-46136,0.00129,0.02944
CVE-2026-46137,0.00426,0.36372
CVE-2026-46138,0.00277,0.20314
CVE-2026-46139,0.00122,0.02279
CVE-2026-46140,0.00131,0.03058
CVE-2026-46141,0.00121,0.02182
CVE-2026-46142,0.00127,0.02764
CVE-2026-46143,0.00128,0.02788
CVE-2026-46144,0.00127,0.02763
CVE-2026-46145,0.00147,0.04316
CVE-2026-46146,0.00128,0.02799
CVE-2026-46147,0.00126,0.0265
CVE-2026-46148,0.00121,0.02148
CVE-2026-46149,0.00139,0.03615
CVE-2026-46150,0.00142,0.03911
CVE-2026-46151,0.00123,0.02358
CVE-2026-46152,0.00167,0.06393
CVE-2026-46153,0.00112,0.01555
CVE-2026-46154,0.0012,0.0209
CVE-2026-46155,0.00478,0.40258
CVE-2026-46156,0.00095,0.00712
CVE-2026-46157,0.00099,0.00934
CVE-2026-46158,0.00128,0.02808
CVE-2026-46159,0.00093,0.00657
CVE-2026-46160,0.00128,0.02808
CVE-2026-46161,0.00128,0.02809
CVE-2026-46162,0.00138,0.03544
CVE-2026-46163,0.00129,0.0294
CVE-2026-46164,0.00136,0.0343
CVE-2026-46165,0.00099,0.00911
CVE-2026-46166,0.00203,0.10499
CVE-2026-46167,0.00128,0.02797
CVE-2026-46168,0.00128,0.02805
CVE-2026-46169,0.0013,0.03021
CVE-2026-46170,0.00128,0.02803
CVE-2026-46171,0.00126,0.02647
CVE-2026-46172,0.00131,0.03067
CVE-2026-46173,0.00126,0.02599
CVE-2026-46174,0.00135,0.0334
CVE-2026-46175,0.00124,0.02465
CVE-2026-46176,0.00142,0.03833
CVE-2026-46177,0.00501,0.41779
CVE-2026-46178,0.00129,0.0294
CVE-2026-46179,0.00123,0.02363
CVE-2026-46180,0.00135,0.03321
CVE-2026-46181,0.00114,0.01654
CVE-2026-46182,0.00126,0.02646
CVE-2026-46183,0.0012,0.02135
CVE-2026-46184,0.00128,0.02805
CVE-2026-46185,0.00513,0.42547
CVE-2026-46186,0.00123,0.02371
CVE-2026-46187,0.00093,0.00657
CVE-2026-46188,0.00127,0.02764
CVE-2026-46189,0.00143,0.04
CVE-2026-46190,0.00131,0.03081
CVE-2026-46191,0.00131,0.03089
CVE-2026-46192,0.00121,0.02176
CVE-2026-46193,0.00128,0.02811
CVE-2026-46195,0.00675,0.50356
CVE-2026-46196,0.00128,0.02796
CVE-2026-46197,0.00139,0.03599
CVE-2026-46198,0.00281,0.20858
CVE-2026-46199,0.00131,0.03081
CVE-2026-46200,0.00127,0.0276
CVE-2026-46201,0.00138,0.0353
CVE-2026-46202,0.00128,0.02824
CVE-2026-46203,0.00131,0.03058
CVE-2026-46204,0.00131,0.03059
CVE-2026-46205,0.00141,0.03793
CVE-2026-46206,0.00139,0.03599
CVE-2026-46207,0.00127,0.02763
CVE-2026-46208,0.00139,0.03602
CVE-2026-46209,0.00139,0.03598
CVE-2026-46210,0.00129,0.02955
CVE-2026-46211,0.00127,0.02764
CVE-2026-46212,0.00274,0.19955
CVE-2026-46213,0.00124,0.0244
CVE-2026-46214,0.00128,0.02804
CVE-2026-46215,0.00227,0.1373
CVE-2026-46216,0.00127,0.02759
CVE-2026-46218,0.00131,0.0309
CVE-2026-46219,0.00135,0.0332
CVE-2026-46220,0.00119,0.02022
CVE-2026-46221,0.00117,0.01921
CVE-2026-46222,0.00105,0.01182
CVE-2026-46223,0.00083,0.0031
CVE-2026-46224,0.00117,0.01909
CVE-2026-46225,0.00119,0.01996
CVE-2026-46226,0.00119,0.0199
CVE-2026-46227,0.00104,0.01131
CVE-2026-46228,0.00117,0.0192
CVE-2026-46229,0.00119,0.01997
CVE-2026-46230,0.00122,0.02307
CVE-2026-46231,0.00119,0.02023
CVE-2026-46232,0.00258,0.17731
CVE-2026-46233,0.00119,0.02023
CVE-2026-46234,0.00129,0.02924
CVE-2026-46235,0.00119,0.02022
CVE-2026-46236,0.00119,0.02022
CVE-2026-46238,0.00262,0.1832
CVE-2026-46239,0.00105,0.01181
CVE-2026-46240,0.00124,0.02437
CVE-2026-46241,0.00125,0.02529
CVE-2026-46242,0.03153,0.87374
CVE-2026-46243,0.00377,0.31454
CVE-2026-46244,0.00322,0.25357
CVE-2026-46245,0.00108,0.01338
CVE-2026-46246,0.00125,0.02584
CVE-2026-46247,0.00123,0.02399
CVE-2026-46248,0.00121,0.02213
CVE-2026-46249,0.00115,0.0173
CVE-2026-46250,0.00128,0.02827
CVE-2026-46251,0.00132,0.03149
CVE-2026-46252,0.00091,0.00577
CVE-2026-46253,0.00136,0.03406
CVE-2026-46254,0.00114,0.01688
CVE-2026-46255,0.00114,0.01685
CVE-2026-46256,0.00099,0.00937
CVE-2026-46257,0.001,0.00995
CVE-2026-46258,0.001,0.00994
CVE-2026-46259,0.0012,0.0212
CVE-2026-46260,0.0012,0.02075
CVE-2026-46261,0.00114,0.01687
CVE-2026-46262,0.00091,0.00577
CVE-2026-46263,0.0012,0.02073
CVE-2026-46264,0.00112,0.01565
CVE-2026-46265,0.00371,0.30893
CVE-2026-46266,0.00371,0.30894
CVE-2026-46267,0.00121,0.02185
CVE-2026-46268,0.00113,0.01614
CVE-2026-46269,0.00113,0.01614
CVE-2026-46270,0.00129,0.02888
CVE-2026-46271,0.00119,0.02008
CVE-2026-46272,0.00088,0.00453
CVE-2026-46273,0.00389,0.32762
CVE-2026-46274,0.00138,0.03543
CVE-2026-46275,0.00186,0.08443
CVE-2026-46276,0.00123,0.0233
CVE-2026-46277,0.0012,0.02136
CVE-2026-46278,0.00107,0.01313
CVE-2026-46279,0.00127,0.02731
CVE-2026-46280,0.00126,0.02604
CVE-2026-46281,0.0014,0.0375
CVE-2026-46282,0.00122,0.02285
CVE-2026-46283,0.00122,0.02284
CVE-2026-46284,0.00121,0.02156
CVE-2026-46285,0.00126,0.02596
CVE-2026-46286,0.00122,0.02283
CVE-2026-46287,0.00122,0.02283
CVE-2026-46288,0.0014,0.03675
CVE-2026-46289,0.00457,0.3885
CVE-2026-46290,0.00121,0.02155
CVE-2026-46291,0.00123,0.02359
CVE-2026-46292,0.00123,0.0236
CVE-2026-46293,0.00126,0.02614
CVE-2026-46294,0.00143,0.03925
CVE-2026-46295,0.00112,0.01583
CVE-2026-46296,0.00114,0.01704
CVE-2026-46297,0.00112,0.01583
CVE-2026-46298,0.00074,0.00091
CVE-2026-46299,0.00091,0.00542
CVE-2026-46300,0.09334,0.95219
CVE-2026-46301,0.00117,0.01888
CVE-2026-46302,0.001,0.00969
CVE-2026-46303,0.00312,0.24197
CVE-2026-46304,0.00389,0.32762
CVE-2026-46305,0.00112,0.01584
CVE-2026-46306,0.00437,0.37362
CVE-2026-46307,0.0022,0.12822
CVE-2026-46308,0.00115,0.01773
CVE-2026-46309,0.00125,0.02536
CVE-2026-46310,0.00112,0.01573
CVE-2026-46311,0.00112,0.01566
CVE-2026-46312,0.00114,0.01664
CVE-2026-46313,0.00114,0.01666
CVE-2026-46314,0.00115,0.01755
CVE-2026-46315,0.00114,0.01664
CVE-2026-46316,0.00441,0.37658
CVE-2026-46317,0.00125,0.02552
CVE-2026-46318,0.001,0.00968
CVE-2026-46319,0.00132,0.03111
CVE-2026-46320,0.00235,0.14766
CVE-2026-46321,0.00129,0.02887
CVE-2026-46322,0.00129,0.02887
CVE-2026-46323,0.00137,0.03468
CVE-2026-46324,0.00119,0.01984
CVE-2026-46325,0.00347,0.28282
CVE-2026-46326,0.00132,0.03148
CVE-2026-46327,0.0012,0.02074
CVE-2026-46328,0.00114,0.01698
CVE-2026-46329,0.00114,0.01663
CVE-2026-46330,0.00112,0.01566
CVE-2026-46331,0.00583,0.46322
CVE-2026-46332,0.00193,0.09222
CVE-2026-46333,0.01501,0.72734
CVE-2026-46334,0.00488,0.40999
CVE-2026-46336,0.00501,0.41753
CVE-2026-46337,0.00455,0.38734
CVE-2026-46338,0.0031,0.2397
CVE-2026-46339,0.03352,0.88165
CVE-2026-46340,0.00606,0.47392
CVE-2026-46341,0.00338,0.27229
CVE-2026-46342,0.00091,0.00557
CVE-2026-46343,0.0036,0.29719
CVE-2026-46344,0.00305,0.23358
CVE-2026-46345,0.00232,0.14297
CVE-2026-46348,0.00406,0.34509
CVE-2026-46349,0.00195,0.09509
CVE-2026-46351,0.00462,0.39199
CVE-2026-46352,0.00464,0.39336
CVE-2026-46353,0.00476,0.40179
CVE-2026-46354,0.00318,0.24888
CVE-2026-46355,0.0021,0.1146
CVE-2026-46356,0.00276,0.20236
CVE-2026-46357,0.0024,0.15304
CVE-2026-46358,0.00227,0.13677
CVE-2026-46359,0.00212,0.11785
CVE-2026-46360,0.00153,0.04807
CVE-2026-46361,0.00249,0.16531
CVE-2026-46362,0.00303,0.23205
CVE-2026-46363,0.00153,0.04807
CVE-2026-46364,0.01709,0.75961
CVE-2026-46365,0.0018,0.07799
CVE-2026-46366,0.00259,0.17824
CVE-2026-46367,0.00215,0.12099
CVE-2026-46368,0.06582,0.93613
CVE-2026-46369,0.00392,0.33054
CVE-2026-46370,0.0027,0.19432
CVE-2026-46371,0.00219,0.12598
CVE-2026-46372,0.00866,0.56656
CVE-2026-46373,0.00263,0.18415
CVE-2026-46374,0.00263,0.18415
CVE-2026-46376,0.00425,0.36273
CVE-2026-46377,0.00184,0.08188
CVE-2026-46378,0.0016,0.05641
CVE-2026-46380,0.00156,0.05192
CVE-2026-46382,0.00249,0.16503
CVE-2026-46383,0.0061,0.47569
CVE-2026-46384,0.00549,0.44615
CVE-2026-46385,0.00622,0.48144
CVE-2026-46386,0.0049,0.41102
CVE-2026-46387,0.00515,0.427
CVE-2026-46388,0.00126,0.02628
CVE-2026-46389,0.00341,0.27582
CVE-2026-46390,0.0027,0.19449
CVE-2026-46391,0.00457,0.38852
CVE-2026-46392,0.00223,0.13192
CVE-2026-46393,0.00238,0.1511
CVE-2026-46394,0.00768,0.53597
CVE-2026-46395,0.00295,0.22291
CVE-2026-46396,0.0023,0.14081
CVE-2026-46397,0.00289,0.21647
CVE-2026-46398,0.00183,0.08129
CVE-2026-46399,0.00291,0.21826
CVE-2026-46400,0.00387,0.32482
CVE-2026-46401,0.00311,0.2413
CVE-2026-46402,0.00674,0.5032
CVE-2026-46403,0.00445,0.37972
CVE-2026-46404,0.00435,0.37125
CVE-2026-46405,0.00364,0.30087
CVE-2026-46406,0.00154,0.04867
CVE-2026-46407,0.00218,0.1253
CVE-2026-46408,0.002,0.10202
CVE-2026-46409,0.00363,0.29997
CVE-2026-46410,0.00445,0.3795
CVE-2026-46411,0.00301,0.22972
CVE-2026-46412,0.00765,0.53501
CVE-2026-46413,0.00514,0.42576
CVE-2026-46414,0.0053,0.43598
CVE-2026-46415,0.00234,0.14631
CVE-2026-46416,0.00276,0.20282
CVE-2026-46417,0.00361,0.29785
CVE-2026-46419,0.00308,0.23718
CVE-2026-46420,0.01538,0.73344
CVE-2026-46421,0.00524,0.43222
CVE-2026-46423,0.00221,0.12937
CVE-2026-46424,0.00163,0.05919
CVE-2026-46425,0.00286,0.21285
CVE-2026-46426,0.00175,0.07269
CVE-2026-46427,0.00223,0.13197
CVE-2026-46428,0.00319,0.25043
CVE-2026-46430,0.00197,0.09717
CVE-2026-46431,0.00219,0.12636
CVE-2026-46432,0.00142,0.0391
CVE-2026-46433,0.00225,0.13482
CVE-2026-46439,0.00243,0.15772
CVE-2026-46440,0.00251,0.16857
CVE-2026-46441,0.00274,0.19978
CVE-2026-46442,0.3634,0.98461
CVE-2026-46443,0.00271,0.19564
CVE-2026-46444,0.00328,0.26022
CVE-2026-46445,0.00239,0.1517
CVE-2026-46446,0.00239,0.15169
CVE-2026-46447,0.00262,0.18268
CVE-2026-46448,0.00272,0.19755
CVE-2026-46452,0.00561,0.45187
CVE-2026-46453,0.00552,0.44741
CVE-2026-46454,0.00827,0.55492
CVE-2026-46455,0.0069,0.50953
CVE-2026-46456,0.00791,0.54336
CVE-2026-46457,0.00659,0.49752
CVE-2026-46458,0.00359,0.29585
CVE-2026-46459,0.00433,0.37021
CVE-2026-46460,0.00117,0.01903
CVE-2026-46461,0.00137,0.0349
CVE-2026-46463,0.00332,0.26565
CVE-2026-46464,0.0062,0.48026
CVE-2026-46465,0.00408,0.34731
CVE-2026-46466,0.00152,0.04751
CVE-2026-46467,0.00113,0.01646
CVE-2026-46468,0.00174,0.07088
CVE-2026-46469,0.00101,0.01008
CVE-2026-46470,0.00208,0.11293
CVE-2026-46473,0.00416,0.35501
CVE-2026-46474,0.00316,0.24708
CVE-2026-46475,0.00335,0.26898
CVE-2026-46476,0.00335,0.26897
CVE-2026-46477,0.00335,0.26897
CVE-2026-46478,0.00342,0.27708
CVE-2026-46479,0.00335,0.26898
CVE-2026-46480,0.00335,0.26898
CVE-2026-46481,0.00241,0.15491
CVE-2026-46482,0.00328,0.26096
CVE-2026-46483,0.00552,0.44776
CVE-2026-46484,0.00374,0.31113
CVE-2026-46485,0.0042,0.35847
CVE-2026-46486,0.00376,0.31386
CVE-2026-46488,0.00269,0.1926
CVE-2026-46489,0.0031,0.24025
CVE-2026-46490,0.00469,0.39628
CVE-2026-46491,0.00422,0.36073
CVE-2026-46492,0.00232,0.14298
CVE-2026-46493,0.00288,0.21626
CVE-2026-46495,0.00731,0.52401
CVE-2026-46496,0.0023,0.14081
CVE-2026-46497,0.00286,0.21349
CVE-2026-46498,0.00317,0.24767
CVE-2026-46508,0.00158,0.0532
CVE-2026-46509,0.00316,0.24699
CVE-2026-46510,0.00282,0.20933
CVE-2026-46511,0.00275,0.20158
CVE-2026-46512,0.0065,0.49367
CVE-2026-46513,0.00433,0.36984
CVE-2026-46514,0.00452,0.3853
CVE-2026-46515,0.00568,0.45597
CVE-2026-46516,0.00441,0.37653
CVE-2026-46517,0.00163,0.05902
CVE-2026-46518,0.00208,0.11218
CVE-2026-46519,0.00376,0.31317
CVE-2026-46520,0.00441,0.37599
CVE-2026-46521,0.00111,0.01511
CVE-2026-46522,0.01849,0.77838
CVE-2026-46523,0.00301,0.22997
CVE-2026-46526,0.00247,0.163
CVE-2026-46527,0.00327,0.26015
CVE-2026-46529,0.00529,0.43512
CVE-2026-46532,0.00228,0.13781
CVE-2026-46538,0.00225,0.13394
CVE-2026-46539,0.0015,0.04553
CVE-2026-46540,0.00259,0.17869
CVE-2026-46541,0.00346,0.28126
CVE-2026-46542,0.00231,0.14187
CVE-2026-46543,0.00291,0.21927
CVE-2026-46544,0.00422,0.36068
CVE-2026-46545,0.00339,0.27346
CVE-2026-46546,0.00136,0.0339
CVE-2026-46547,0.00265,0.1864
CVE-2026-46548,0.00294,0.22188
CVE-2026-46549,0.00241,0.15562
CVE-2026-46550,0.00159,0.05483
CVE-2026-46551,0.00411,0.34977
CVE-2026-46552,0.00313,0.24313
CVE-2026-46553,0.00406,0.34521
CVE-2026-46554,0.00314,0.24414
CVE-2026-46555,0.00189,0.0872
CVE-2026-46556,0.00354,0.29022
CVE-2026-46557,0.0012,0.02101
CVE-2026-46558,0.0028,0.20707
CVE-2026-46559,0.00116,0.01843
CVE-2026-46561,0.00176,0.07324
CVE-2026-46562,0.00976,0.60089
CVE-2026-46579,0.00447,0.38096
CVE-2026-46580,0.00507,0.42143
CVE-2026-46581,0.00437,0.37337
CVE-2026-46582,0.00189,0.08706
CVE-2026-46584,0.00562,0.45301
CVE-2026-46585,0.0063,0.485
CVE-2026-46586,0.0055,0.44643
CVE-2026-46587,0.00692,0.51026
CVE-2026-46588,0.00692,0.51026
CVE-2026-46590,0.00839,0.55856
CVE-2026-46591,0.0055,0.44642
CVE-2026-46592,0.00625,0.48291
CVE-2026-46593,0.00297,0.2251
CVE-2026-46594,0.00348,0.28345
CVE-2026-46595,0.00503,0.41918
CVE-2026-46597,0.00473,0.39938
CVE-2026-46598,0.00412,0.35112
CVE-2026-46599,0.00353,0.28942
CVE-2026-46600,0.00549,0.44619
CVE-2026-46601,0.00609,0.47534
CVE-2026-46602,0.00609,0.47534
CVE-2026-46603,0.00417,0.35616
CVE-2026-46604,0.00342,0.27671
CVE-2026-46605,0.00348,0.284
CVE-2026-46606,0.00212,0.11826
CVE-2026-46607,0.0036,0.29709
CVE-2026-46608,0.00401,0.34013
CVE-2026-46609,0.00136,0.0339
CVE-2026-46611,0.00166,0.0629
CVE-2026-46612,0.00344,0.27931
CVE-2026-46614,0.00353,0.28927
CVE-2026-46616,0.0018,0.0774
CVE-2026-46617,0.00346,0.28117
CVE-2026-46618,0.00364,0.30126
CVE-2026-46619,0.00578,0.46043
CVE-2026-46620,0.00133,0.03179
CVE-2026-46621,0.01116,0.6414
CVE-2026-46622,0.00197,0.09667
CVE-2026-46623,0.00491,0.41166
CVE-2026-46624,0.00483,0.40623
CVE-2026-46625,0.00919,0.58213
CVE-2026-46627,0.00542,0.44263
CVE-2026-46628,0.00295,0.22329
CVE-2026-46629,0.00542,0.44264
CVE-2026-46633,0.00688,0.50886
CVE-2026-46634,0.00616,0.47828
CVE-2026-46635,0.00331,0.26408
CVE-2026-46636,0.00358,0.29525
CVE-2026-46637,0.00305,0.23392
CVE-2026-46638,0.00473,0.39924
CVE-2026-46639,0.00394,0.33371
CVE-2026-46640,0.00642,0.49042
CVE-2026-46642,0.00221,0.12908
CVE-2026-46643,0.00152,0.04749
CVE-2026-46644,0.00538,0.44012
CVE-2026-46645,0.00279,0.20594
CVE-2026-46654,0.00108,0.0136
CVE-2026-46655,0.0012,0.02074
CVE-2026-46656,0.00294,0.22215
CVE-2026-46657,0.00271,0.19551
CVE-2026-46668,0.00276,0.2028
CVE-2026-46669,0.00226,0.13531
CVE-2026-46670,0.01905,0.78551
CVE-2026-46671,0.00152,0.04751
CVE-2026-46672,0.00187,0.08562
CVE-2026-46673,0.00263,0.18375
CVE-2026-46678,0.00419,0.35755
CVE-2026-46679,0.00278,0.20438
CVE-2026-46680,0.00163,0.05896
CVE-2026-46681,0.0048,0.40457
CVE-2026-46682,0.00333,0.26663
CVE-2026-46683,0.00249,0.16504
CVE-2026-46684,0.00319,0.24985
CVE-2026-46685,0.00108,0.01344
CVE-2026-46686,0.00444,0.37866
CVE-2026-46687,0.00437,0.37314
CVE-2026-46688,0.00249,0.16504
CVE-2026-46689,0.00317,0.24753
CVE-2026-46690,0.0013,0.03005
CVE-2026-46692,0.00092,0.00604
CVE-2026-46693,0.00077,0.00139
CVE-2026-46695,0.00289,0.21677
CVE-2026-46696,0.00216,0.12243
CVE-2026-46697,0.00234,0.14608
CVE-2026-46698,0.00229,0.13975
CVE-2026-46699,0.0033,0.26314
CVE-2026-46700,0.00342,0.27738
CVE-2026-46701,0.00223,0.13172
CVE-2026-46702,0.00268,0.19182
CVE-2026-46703,0.00482,0.40579
CVE-2026-46705,0.00218,0.12518
CVE-2026-46709,0.00226,0.13592
CVE-2026-46710,0.00152,0.04688
CVE-2026-46712,0.00215,0.12177
CVE-2026-46713,0.00174,0.07156
CVE-2026-46714,0.00263,0.18365
CVE-2026-46715,0.00488,0.40966
CVE-2026-46716,0.0043,0.36702
CVE-2026-46717,0.0027,0.19395
CVE-2026-46718,0.00436,0.37209
CVE-2026-46719,0.00306,0.23514
CVE-2026-46720,0.00344,0.27948
CVE-2026-46721,0.00362,0.29965
CVE-2026-46722,0.00302,0.23041
CVE-2026-46723,0.00318,0.24937
CVE-2026-46724,0.00404,0.34388
CVE-2026-46725,0.02625,0.84749
CVE-2026-46726,0.00857,0.56427
CVE-2026-46727,0.00478,0.40267
CVE-2026-46728,0.00212,0.1183
CVE-2026-46730,0.00172,0.0694
CVE-2026-46731,0.00123,0.02382
CVE-2026-46732,0.00102,0.01033
CVE-2026-46733,0.00149,0.04491
CVE-2026-46734,0.0009,0.00514
CVE-2026-46735,0.0082,0.55294
CVE-2026-46737,0.00348,0.28386
CVE-2026-46738,0.00342,0.27747
CVE-2026-46739,0.00258,0.17812
CVE-2026-46740,0.00326,0.25814
CVE-2026-46741,0.00262,0.1827
CVE-2026-46745,0.00575,0.45925
CVE-2026-46746,0.00432,0.36851
CVE-2026-46747,0.00242,0.15665
CVE-2026-46748,0.00206,0.10954
CVE-2026-46749,0.00121,0.02184
CVE-2026-46751,0.00326,0.25816
CVE-2026-46752,0.00481,0.40501
CVE-2026-46764,0.00366,0.30294
CVE-2026-46765,0.00402,0.34193
CVE-2026-46766,0.00473,0.39963
CVE-2026-46767,0.00402,0.34195
CVE-2026-46768,0.0015,0.04574
CVE-2026-46769,0.00453,0.38574
CVE-2026-46770,0.00231,0.14167
CVE-2026-46771,0.00135,0.03313
CVE-2026-46772,0.00132,0.0311
CVE-2026-46773,0.00518,0.42884
CVE-2026-46774,0.00518,0.42884
CVE-2026-46775,0.00431,0.36832
CVE-2026-46776,0.00371,0.30851
CVE-2026-46777,0.00434,0.37092
CVE-2026-46778,0.00473,0.39964
CVE-2026-46779,0.00402,0.34197
CVE-2026-46780,0.00402,0.34197
CVE-2026-46781,0.00473,0.39964
CVE-2026-46782,0.00402,0.34199
CVE-2026-46783,0.00483,0.40638
CVE-2026-46784,0.00425,0.36314
CVE-2026-46785,0.00196,0.09656
CVE-2026-46786,0.00212,0.11765
CVE-2026-46787,0.0016,0.0563
CVE-2026-46788,0.00398,0.33715
CVE-2026-46789,0.00416,0.35443
CVE-2026-46790,0.00337,0.27134
CVE-2026-46791,0.00414,0.35288
CVE-2026-46792,0.00402,0.34198
CVE-2026-46793,0.00402,0.34195
CVE-2026-46794,0.00432,0.36866
CVE-2026-46795,0.00391,0.32963
CVE-2026-46796,0.00353,0.28992
CVE-2026-46797,0.00483,0.40639
CVE-2026-46798,0.00483,0.40667
CVE-2026-46799,0.00473,0.39956
CVE-2026-46800,0.00483,0.40667
CVE-2026-46801,0.00483,0.40638
CVE-2026-46802,0.00402,0.342
CVE-2026-46803,0.00474,0.40008
CVE-2026-46804,0.00326,0.25818
CVE-2026-46805,0.00391,0.32963
CVE-2026-46806,0.00324,0.25626
CVE-2026-46807,0.00519,0.42922
CVE-2026-46808,0.00332,0.26582
CVE-2026-46809,0.00405,0.34477
CVE-2026-46810,0.00272,0.19793
CVE-2026-46812,0.00245,0.15985
CVE-2026-46813,0.00473,0.39963
CVE-2026-46814,0.00402,0.34199
CVE-2026-46815,0.00162,0.05805
CVE-2026-46816,0.00162,0.05806
CVE-2026-46817,0.13017,0.96216
CVE-2026-46818,0.00261,0.18081
CVE-2026-46819,0.0033,0.26274
CVE-2026-46820,0.00227,0.13691
CVE-2026-46821,0.00261,0.18183
CVE-2026-46822,0.00283,0.21069
CVE-2026-46823,0.00211,0.11726
CVE-2026-46824,0.00264,0.1858
CVE-2026-46825,0.00159,0.05476
CVE-2026-46826,0.00283,0.21069
CVE-2026-46827,0.0025,0.16594
CVE-2026-46828,0.00216,0.12271
CVE-2026-46829,0.00273,0.19939
CVE-2026-46830,0.00205,0.10874
CVE-2026-46832,0.00411,0.35017
CVE-2026-46833,0.00328,0.2612
CVE-2026-46834,0.00274,0.19976
CVE-2026-46835,0.00274,0.19976
CVE-2026-46837,0.00268,0.19165
CVE-2026-46838,0.00411,0.34969
CVE-2026-46839,0.00352,0.28865
CVE-2026-46840,0.00725,0.52204
CVE-2026-46841,0.00215,0.12101
CVE-2026-46842,0.00183,0.08133
CVE-2026-46843,0.00258,0.17788
CVE-2026-46844,0.00402,0.34205
CVE-2026-46845,0.00474,0.40007
CVE-2026-46846,0.00355,0.29162
CVE-2026-46847,0.00411,0.3497
CVE-2026-46848,0.00141,0.03818
CVE-2026-46849,0.00375,0.31263
CVE-2026-46850,0.00521,0.43091
CVE-2026-46851,0.00459,0.38944
CVE-2026-46852,0.00403,0.34246
CVE-2026-46853,0.00483,0.40659
CVE-2026-46854,0.00411,0.35016
CVE-2026-46855,0.00441,0.37626
CVE-2026-46856,0.00473,0.39996
CVE-2026-46857,0.00508,0.42211
CVE-2026-46858,0.00447,0.38109
CVE-2026-46859,0.00508,0.42197
CVE-2026-46860,0.00473,0.39957
CVE-2026-46861,0.00362,0.29963
CVE-2026-46862,0.00463,0.39256
CVE-2026-46863,0.00471,0.39758
CVE-2026-46864,0.00432,0.36877
CVE-2026-46865,0.00168,0.06577
CVE-2026-46866,0.00392,0.33172
CVE-2026-46867,0.00453,0.38539
CVE-2026-46868,0.00453,0.38539
CVE-2026-46869,0.0018,0.07852
CVE-2026-46870,0.00311,0.24127
CVE-2026-46871,0.00261,0.18184
CVE-2026-46872,0.00282,0.20957
CVE-2026-46873,0.00114,0.01682
CVE-2026-46874,0.00129,0.02897
CVE-2026-46875,0.00462,0.39182
CVE-2026-46876,0.00508,0.4219
CVE-2026-46877,0.00167,0.06324
CVE-2026-46878,0.00483,0.40637
CVE-2026-46879,0.00483,0.40639
CVE-2026-46880,0.00483,0.40636
CVE-2026-46881,0.00473,0.39957
CVE-2026-46882,0.00473,0.39957
CVE-2026-46883,0.00473,0.39959
CVE-2026-46884,0.00474,0.40006
CVE-2026-46885,0.00403,0.34245
CVE-2026-46886,0.00411,0.35016
CVE-2026-46887,0.00474,0.40007
CVE-2026-46888,0.0012,0.02053
CVE-2026-46889,0.00474,0.40008
CVE-2026-46890,0.00483,0.40667
CVE-2026-46891,0.00337,0.27162
CVE-2026-46892,0.00396,0.33591
CVE-2026-46893,0.00301,0.23001
CVE-2026-46894,0.00171,0.06863
CVE-2026-46895,0.00411,0.35017
CVE-2026-46896,0.00462,0.39182
CVE-2026-46897,0.00368,0.30528
CVE-2026-46898,0.00358,0.29519
CVE-2026-46899,0.00344,0.27939
CVE-2026-46900,0.00402,0.34205
CVE-2026-46901,0.00368,0.30528
CVE-2026-46902,0.00473,0.39959
CVE-2026-46903,0.00402,0.34195
CVE-2026-46904,0.00473,0.39959
CVE-2026-46905,0.00483,0.40638
CVE-2026-46906,0.00337,0.27158
CVE-2026-46907,0.00411,0.34965
CVE-2026-46908,0.00411,0.34965
CVE-2026-46909,0.00483,0.4064
CVE-2026-46910,0.00354,0.29124
CVE-2026-46911,0.00267,0.19023
CVE-2026-46912,0.00267,0.19057
CVE-2026-46913,0.0014,0.0374
CVE-2026-46914,0.00154,0.04929
CVE-2026-46915,0.00318,0.24855
CVE-2026-46916,0.00308,0.23711
CVE-2026-46917,0.00289,0.217
CVE-2026-46918,0.00411,0.34972
CVE-2026-46919,0.00362,0.29951
CVE-2026-46920,0.00291,0.21892
CVE-2026-46921,0.00403,0.34247
CVE-2026-46922,0.00453,0.3854
CVE-2026-46923,0.00375,0.31315
CVE-2026-46924,0.00508,0.42206
CVE-2026-46925,0.00265,0.18679
CVE-2026-46926,0.0012,0.02053
CVE-2026-46927,0.00374,0.31144
CVE-2026-46928,0.00308,0.23711
CVE-2026-46929,0.00411,0.34971
CVE-2026-46930,0.00405,0.34436
CVE-2026-46931,0.00411,0.3497
CVE-2026-46932,0.0036,0.29748
CVE-2026-46933,0.00411,0.3497
CVE-2026-46934,0.00311,0.24127
CVE-2026-46935,0.00311,0.24128
CVE-2026-46936,0.00253,0.17019
CVE-2026-46937,0.00411,0.34969
CVE-2026-46938,0.00453,0.38541
CVE-2026-46939,0.00344,0.2794
CVE-2026-46940,0.00411,0.34971
CVE-2026-46941,0.00334,0.26771
CVE-2026-46942,0.00411,0.34968
CVE-2026-46943,0.0034,0.27481
CVE-2026-46944,0.00453,0.3854
CVE-2026-46945,0.00462,0.39182
CVE-2026-46946,0.00462,0.39181
CVE-2026-46947,0.00411,0.34964
CVE-2026-46948,0.00208,0.11286
CVE-2026-46949,0.00405,0.34436
CVE-2026-46950,0.00411,0.34964
CVE-2026-46951,0.00411,0.34971
CVE-2026-46952,0.00402,0.34204
CVE-2026-46953,0.00339,0.27362
CVE-2026-46954,0.00486,0.40784
CVE-2026-46955,0.00156,0.05187
CVE-2026-46956,0.00453,0.38539
CVE-2026-46957,0.00311,0.24124
CVE-2026-46958,0.00247,0.16313
CVE-2026-46959,0.00247,0.16314
CVE-2026-46960,0.00453,0.38541
CVE-2026-46961,0.00411,0.34964
CVE-2026-46962,0.00402,0.34201
CVE-2026-46963,0.00402,0.34196
CVE-2026-46964,0.00402,0.34204
CVE-2026-46965,0.00411,0.34965
CVE-2026-46966,0.00311,0.24123
CVE-2026-46967,0.00402,0.34201
CVE-2026-46968,0.00291,0.219
CVE-2026-46969,0.00453,0.3854
CVE-2026-46970,0.00453,0.38541
CVE-2026-46971,0.00247,0.16313
CVE-2026-46972,0.00301,0.23001
CVE-2026-46973,0.00411,0.34967
CVE-2026-46974,0.0014,0.03732
CVE-2026-46975,0.003,0.22893
CVE-2026-46976,0.00339,0.27362
CVE-2026-46977,0.00162,0.05806
CVE-2026-46978,0.00307,0.23676
CVE-2026-46979,0.00294,0.22176
CVE-2026-46980,0.00272,0.19762
CVE-2026-46981,0.00272,0.19793
CVE-2026-46982,0.00508,0.42196
CVE-2026-46983,0.00508,0.42196
CVE-2026-46984,0.00319,0.25054
CVE-2026-46985,0.00319,0.25054
CVE-2026-46986,0.00319,0.25054
CVE-2026-46987,0.00352,0.28835
CVE-2026-46988,0.00486,0.40792
CVE-2026-46989,0.00243,0.15768
CVE-2026-46990,0.00307,0.23688
CVE-2026-46991,0.00139,0.03634
CVE-2026-46992,0.00432,0.3687
CVE-2026-46993,0.00289,0.21702
CVE-2026-46994,0.00362,0.29952
CVE-2026-46995,0.00432,0.36884
CVE-2026-46996,0.00279,0.20613
CVE-2026-46997,0.00301,0.22971
CVE-2026-46998,0.00416,0.35442
CVE-2026-46999,0.00293,0.22076
CVE-2026-47000,0.00135,0.03332
CVE-2026-47001,0.00231,0.14253
CVE-2026-47002,0.00245,0.15984
CVE-2026-47003,0.00331,0.26401
CVE-2026-47004,0.00432,0.36884
CVE-2026-47005,0.00486,0.40793
CVE-2026-47006,0.00486,0.40793
CVE-2026-47007,0.00151,0.04632
CVE-2026-47008,0.0045,0.38342
CVE-2026-47009,0.00393,0.33264
CVE-2026-47010,0.00254,0.1718
CVE-2026-47011,0.00222,0.13093
CVE-2026-47012,0.00353,0.28943
CVE-2026-47013,0.00411,0.34986
CVE-2026-47014,0.00362,0.2991
CVE-2026-47015,0.00241,0.15499
CVE-2026-47016,0.00163,0.05971
CVE-2026-47017,0.00326,0.25819
CVE-2026-47018,0.0047,0.39722
CVE-2026-47019,0.00362,0.29905
CVE-2026-47021,0.00305,0.23401
CVE-2026-47022,0.00149,0.04462
CVE-2026-47023,0.00323,0.25506
CVE-2026-47024,0.00208,0.11287
CVE-2026-47026,0.00373,0.31036
CVE-2026-47027,0.00289,0.217
CVE-2026-47028,0.00362,0.29904
CVE-2026-47030,0.00246,0.16191
CVE-2026-47031,0.00432,0.36865
CVE-2026-47032,0.00238,0.1509
CVE-2026-47033,0.00334,0.2677
CVE-2026-47034,0.00246,0.1619
CVE-2026-47035,0.00246,0.16191
CVE-2026-47036,0.00508,0.42201
CVE-2026-47037,0.00432,0.36861
CVE-2026-47038,0.00287,0.21495
CVE-2026-47039,0.00301,0.2297
CVE-2026-47040,0.00474,0.40007
CVE-2026-47041,0.00126,0.02666
CVE-2026-47043,0.00169,0.06612
CVE-2026-47044,0.00116,0.01817
CVE-2026-47045,0.00398,0.33715
CVE-2026-47046,0.0041,0.34881
CVE-2026-47047,0.0012,0.02052
CVE-2026-47048,0.00208,0.11287
CVE-2026-47049,0.00396,0.33559
CVE-2026-47050,0.00149,0.04482
CVE-2026-47051,0.00208,0.11288
CVE-2026-47052,0.00443,0.37815
CVE-2026-47053,0.00136,0.03387
CVE-2026-47054,0.0012,0.02053
CVE-2026-47055,0.00155,0.05009
CVE-2026-47056,0.00508,0.42204
CVE-2026-47057,0.00463,0.39256
CVE-2026-47058,0.00371,0.30913
CVE-2026-47059,0.00306,0.23458
CVE-2026-47060,0.00319,0.24963
CVE-2026-47061,0.00243,0.15766
CVE-2026-47062,0.00106,0.01264
CVE-2026-47063,0.00256,0.1752
CVE-2026-47064,0.00266,0.18709
CVE-2026-47065,0.005,0.41701
CVE-2026-47066,0.00753,0.53127
CVE-2026-47067,0.00753,0.53127
CVE-2026-47068,0.00449,0.38272
CVE-2026-47069,0.00425,0.36327
CVE-2026-47070,0.00372,0.30986
CVE-2026-47071,0.00753,0.53127
CVE-2026-47072,0.00542,0.44244
CVE-2026-47073,0.00853,0.56286
CVE-2026-47074,0.00226,0.13523
CVE-2026-47075,0.00479,0.40364
CVE-2026-47076,0.00229,0.13942
CVE-2026-47077,0.00703,0.51467
CVE-2026-47078,0.00149,0.04504
CVE-2026-47079,0.00142,0.03908
CVE-2026-47080,0.00167,0.06413
CVE-2026-47081,0.00243,0.15766
CVE-2026-47082,0.00298,0.22699
CVE-2026-47083,0.00306,0.23528
CVE-2026-47084,0.00348,0.28354
CVE-2026-47085,0.00297,0.22513
CVE-2026-47086,0.00267,0.19043
CVE-2026-47087,0.00286,0.2135
CVE-2026-47088,0.00265,0.18652
CVE-2026-47089,0.00281,0.20794
CVE-2026-47090,0.00104,0.01136
CVE-2026-47091,0.00126,0.02639
CVE-2026-47092,0.0051,0.42384
CVE-2026-47094,0.0037,0.30801
CVE-2026-47099,0.00358,0.29464
CVE-2026-47100,0.00457,0.38813
CVE-2026-47101,0.01185,0.65966
CVE-2026-47102,0.00654,0.49539
CVE-2026-47103,0.01363,0.70133
CVE-2026-47104,0.0013,0.03007
CVE-2026-47106,0.00196,0.09624
CVE-2026-47107,0.0024,0.15332
CVE-2026-47110,0.00548,0.44553
CVE-2026-47114,0.00702,0.51405
CVE-2026-47117,0.00915,0.58089
CVE-2026-47118,0.00375,0.31262
CVE-2026-47119,0.00236,0.14796
CVE-2026-47120,0.00261,0.18145
CVE-2026-47121,0.00339,0.27386
CVE-2026-47122,0.00105,0.01223
CVE-2026-47123,0.00145,0.04145
CVE-2026-47124,0.0027,0.19432
CVE-2026-47125,0.00245,0.16031
CVE-2026-47127,0.00295,0.22342
CVE-2026-47128,0.0013,0.03001
CVE-2026-47129,0.00401,0.34013
CVE-2026-47130,0.00278,0.20423
CVE-2026-47131,0.00619,0.47989
CVE-2026-47133,0.00152,0.04683
CVE-2026-47134,0.00152,0.04683
CVE-2026-47135,0.00266,0.18986
CVE-2026-47136,0.0031,0.24022
CVE-2026-47137,0.00382,0.31941
CVE-2026-47138,0.00584,0.46378
CVE-2026-47139,0.00282,0.20967
CVE-2026-47140,0.00817,0.55169
CVE-2026-47141,0.00308,0.23766
CVE-2026-47143,0.00398,0.33765
CVE-2026-47144,0.00184,0.08204
CVE-2026-47145,0.00436,0.37208
CVE-2026-47146,0.00436,0.37205
CVE-2026-47147,0.00404,0.3435
CVE-2026-47148,0.00436,0.37207
CVE-2026-47149,0.00436,0.37206
CVE-2026-47150,0.0038,0.31743
CVE-2026-47151,0.0038,0.31744
CVE-2026-47152,0.00436,0.37207
CVE-2026-47153,0.00436,0.37208
CVE-2026-47154,0.00436,0.37206
CVE-2026-47155,0.00249,0.16574
CVE-2026-47156,0.005,0.417
CVE-2026-47157,0.00195,0.09422
CVE-2026-47158,0.00252,0.16996
CVE-2026-47159,0.00665,0.49963
CVE-2026-47160,0.00397,0.33664
CVE-2026-47161,0.00489,0.41059
CVE-2026-47162,0.0026,0.18011
CVE-2026-47163,0.00215,0.12177
CVE-2026-47164,0.00448,0.38183
CVE-2026-47165,0.00109,0.01373
CVE-2026-47166,0.00093,0.00619
CVE-2026-47167,0.00135,0.03343
CVE-2026-47169,0.00238,0.15118
CVE-2026-47170,0.00209,0.11302
CVE-2026-47171,0.00324,0.2559
CVE-2026-47172,0.00324,0.2559
CVE-2026-47173,0.00263,0.18365
CVE-2026-47174,0.00312,0.24167
CVE-2026-47175,0.00235,0.14641
CVE-2026-47176,0.00251,0.16813
CVE-2026-47177,0.00251,0.16813
CVE-2026-47178,0.00199,0.09959
CVE-2026-47179,0.00307,0.23618
CVE-2026-47180,0.0037,0.30757
CVE-2026-47181,0.00251,0.16758
CVE-2026-47182,0.00278,0.20423
CVE-2026-47183,0.00389,0.32757
CVE-2026-47184,0.00389,0.32757
CVE-2026-47185,0.00393,0.33275
CVE-2026-47187,0.00415,0.35335
CVE-2026-47188,0.00235,0.14642
CVE-2026-47189,0.00307,0.23596
CVE-2026-47190,0.00333,0.26593
CVE-2026-47191,0.00159,0.05482
CVE-2026-47192,0.00165,0.06104
CVE-2026-47193,0.00428,0.3656
CVE-2026-47194,0.00201,0.10258
CVE-2026-47195,0.00215,0.12177
CVE-2026-47196,0.00235,0.14642
CVE-2026-47197,0.00228,0.13869
CVE-2026-47198,0.00402,0.34188
CVE-2026-47199,0.00547,0.44474
CVE-2026-47200,0.0023,0.14014
CVE-2026-47201,0.00182,0.07988
CVE-2026-47202,0.00171,0.06829
CVE-2026-47203,0.00453,0.38536
CVE-2026-47204,0.00448,0.38231
CVE-2026-47205,0.00387,0.32582
CVE-2026-47206,0.00451,0.38413
CVE-2026-47207,0.00444,0.37892
CVE-2026-47208,0.00762,0.53393
CVE-2026-47209,0.00287,0.21483
CVE-2026-47210,0.01801,0.77197
CVE-2026-47211,0.00171,0.06835
CVE-2026-47212,0.01506,0.7282
CVE-2026-47213,0.00268,0.1922
CVE-2026-47214,0.00373,0.31108
CVE-2026-47215,0.00149,0.04457
CVE-2026-47216,0.00336,0.27014
CVE-2026-47219,0.00263,0.18414
CVE-2026-47220,0.00665,0.4999
CVE-2026-47221,0.00445,0.37969
CVE-2026-47222,0.0017,0.06681
CVE-2026-47223,0.0018,0.07799
CVE-2026-47224,0.00187,0.08511
CVE-2026-47225,0.00226,0.13513
CVE-2026-47226,0.00203,0.10534
CVE-2026-47227,0.00283,0.21031
CVE-2026-47228,0.00126,0.02607
CVE-2026-47229,0.0011,0.01456
CVE-2026-47230,0.00175,0.07221
CVE-2026-47231,0.00259,0.17824
CVE-2026-47232,0.00124,0.02475
CVE-2026-47233,0.00267,0.19051
CVE-2026-47234,0.0013,0.03017
CVE-2026-47236,0.00183,0.08097
CVE-2026-47237,0.00405,0.34423
CVE-2026-47238,0.002,0.10206
CVE-2026-47240,0.00491,0.41126
CVE-2026-47241,0.00239,0.15218
CVE-2026-47242,0.00131,0.03102
CVE-2026-47243,0.00353,0.28971
CVE-2026-47244,0.00292,0.21955
CVE-2026-47245,0.00269,0.1923
CVE-2026-47247,0.00494,0.41365
CVE-2026-47248,0.00291,0.21927
CVE-2026-47249,0.00278,0.20526
CVE-2026-47250,0.00267,0.19023
CVE-2026-47251,0.0018,0.07745
CVE-2026-47252,0.00447,0.38138
CVE-2026-47253,0.00375,0.31316
CVE-2026-47254,0.00189,0.08706
CVE-2026-47255,0.00252,0.16888
CVE-2026-47256,0.00416,0.35492
CVE-2026-47260,0.00302,0.23092
CVE-2026-47261,0.00357,0.2942
CVE-2026-47262,0.00265,0.18655
CVE-2026-47263,0.00211,0.11674
CVE-2026-47264,0.00216,0.12254
CVE-2026-47265,0.0015,0.04565
CVE-2026-47266,0.00311,0.24156
CVE-2026-47267,0.0042,0.3582
CVE-2026-47268,0.00182,0.08045
CVE-2026-47269,0.00307,0.23572
CVE-2026-47270,0.00108,0.01334
CVE-2026-47271,0.00122,0.02298
CVE-2026-47272,0.00119,0.01986
CVE-2026-47273,0.00273,0.19846
CVE-2026-47274,0.00141,0.03816
CVE-2026-47275,0.00273,0.19935
CVE-2026-47276,0.00411,0.34976
CVE-2026-47277,0.00399,0.33812
CVE-2026-47279,0.00406,0.3451
CVE-2026-47280,0.00494,0.41313
CVE-2026-47281,0.00759,0.53324
CVE-2026-47282,0.00874,0.56905
CVE-2026-47284,0.00921,0.58246
CVE-2026-47285,0.00869,0.56751
CVE-2026-47287,0.00787,0.54215
CVE-2026-47288,0.00499,0.41618
CVE-2026-47289,0.00954,0.59276
CVE-2026-47290,0.00466,0.3948
CVE-2026-47291,0.2275,0.97673
CVE-2026-47292,0.0044,0.37541
CVE-2026-47293,0.00234,0.14568
CVE-2026-47294,0.00662,0.49882
CVE-2026-47295,0.00987,0.60433
CVE-2026-47296,0.00497,0.41512
CVE-2026-47297,0.00841,0.55897
CVE-2026-47298,0.00669,0.50131
CVE-2026-47299,0.00939,0.58845
CVE-2026-47300,0.00527,0.43399
CVE-2026-47301,0.00964,0.59626
CVE-2026-47302,0.01029,0.61677
CVE-2026-47303,0.00736,0.52554
CVE-2026-47304,0.00216,0.12247
CVE-2026-47305,0.00466,0.39473
CVE-2026-47306,0.00103,0.01118
CVE-2026-47307,0.00193,0.09287
CVE-2026-47308,0.00209,0.11332
CVE-2026-47309,0.00266,0.18746
CVE-2026-47310,0.00287,0.21488
CVE-2026-47311,0.00286,0.21318
CVE-2026-47312,0.00266,0.18744
CVE-2026-47313,0.00266,0.18745
CVE-2026-47314,0.00287,0.21488
CVE-2026-47315,0.00266,0.18745
CVE-2026-47316,0.00266,0.18745
CVE-2026-47317,0.00266,0.18744
CVE-2026-47318,0.00105,0.01193
CVE-2026-47319,0.00103,0.01117
CVE-2026-47320,0.00104,0.01132
CVE-2026-47321,0.00291,0.21841
CVE-2026-47323,0.01543,0.73414
CVE-2026-47324,0.00291,0.2191
CVE-2026-47325,0.00249,0.16504
CVE-2026-47326,0.00093,0.00662
CVE-2026-47327,0.00091,0.00577
CVE-2026-47328,0.00093,0.00663
CVE-2026-47329,0.00092,0.00597
CVE-2026-47330,0.00092,0.00597
CVE-2026-47331,0.00114,0.0167
CVE-2026-47332,0.00106,0.01265
CVE-2026-47333,0.00107,0.01277
CVE-2026-47334,0.00078,0.00153
CVE-2026-47335,0.00097,0.00847
CVE-2026-47336,0.00094,0.00687
CVE-2026-47337,0.00094,0.00673
CVE-2026-47339,0.00472,0.39867
CVE-2026-47340,0.00434,0.37034
CVE-2026-47341,0.00689,0.50908
CVE-2026-47342,0.00407,0.34664
CVE-2026-47343,0.00238,0.15098
CVE-2026-47344,0.00282,0.20918
CVE-2026-47345,0.00366,0.30325
CVE-2026-47346,0.00253,0.17004
CVE-2026-47347,0.00294,0.22241
CVE-2026-47348,0.00269,0.1928
CVE-2026-47349,0.00238,0.15096
CVE-2026-47350,0.00238,0.15096
CVE-2026-47351,0.00238,0.15096
CVE-2026-47352,0.00238,0.15096
CVE-2026-47356,0.00499,0.41655
CVE-2026-47357,0.00482,0.40568
CVE-2026-47358,0.00479,0.40402
CVE-2026-47359,0.01103,0.63789
CVE-2026-47361,0.00174,0.07124
CVE-2026-47362,0.00172,0.06915
CVE-2026-47363,0.00142,0.0389
CVE-2026-47364,0.00251,0.16862
CVE-2026-47365,0.00409,0.34811
CVE-2026-47366,0.00299,0.22708
CVE-2026-47367,0.00825,0.55422
CVE-2026-47368,0.00355,0.29146
CVE-2026-47369,0.00303,0.23195
CVE-2026-47370,0.00834,0.55692
CVE-2026-47372,0.00397,0.33627
CVE-2026-47373,0.00393,0.3324
CVE-2026-47375,0.00376,0.31337
CVE-2026-47376,0.00444,0.37865
CVE-2026-47377,0.00406,0.34508
CVE-2026-47378,0.00406,0.34509
CVE-2026-47379,0.00428,0.36532
CVE-2026-47380,0.00314,0.24415
CVE-2026-47381,0.0043,0.36723
CVE-2026-47382,0.00351,0.28665
CVE-2026-47383,0.00396,0.33569
CVE-2026-47384,0.00421,0.35932
CVE-2026-47385,0.00437,0.37314
CVE-2026-47386,0.00256,0.17451
CVE-2026-47387,0.00396,0.33568
CVE-2026-47388,0.00271,0.19547
CVE-2026-47389,0.00394,0.33317
CVE-2026-47390,0.00175,0.07228
CVE-2026-47391,0.01165,0.6543
CVE-2026-47392,0.00884,0.57197
CVE-2026-47393,0.00779,0.53961
CVE-2026-47394,0.0049,0.41103
CVE-2026-47395,0.00183,0.08119
CVE-2026-47396,0.00642,0.49029
CVE-2026-47397,0.00459,0.38942
CVE-2026-47398,0.00573,0.45829
CVE-2026-47399,0.00506,0.42084
CVE-2026-47405,0.00506,0.42083
CVE-2026-47406,0.00413,0.35132
CVE-2026-47407,0.00414,0.35242
CVE-2026-47408,0.00402,0.34109
CVE-2026-47409,0.00525,0.43279
CVE-2026-47410,0.00638,0.48829
CVE-2026-47411,0.00335,0.26888
CVE-2026-47412,0.00525,0.43279
CVE-2026-47413,0.00363,0.30069
CVE-2026-47414,0.00384,0.32231
CVE-2026-47415,0.00388,0.32698
CVE-2026-47416,0.00363,0.30068
CVE-2026-47417,0.00363,0.30068
CVE-2026-47418,0.00413,0.35132
CVE-2026-47419,0.00388,0.32698
CVE-2026-47422,0.00381,0.31911
CVE-2026-47423,0.0041,0.34859
CVE-2026-47424,0.00354,0.29131
CVE-2026-47425,0.00196,0.09549
CVE-2026-47426,0.00395,0.33473
CVE-2026-47427,0.00442,0.37682
CVE-2026-47428,0.00613,0.47694
CVE-2026-47429,0.00922,0.5829
CVE-2026-47430,0.00723,0.52141
CVE-2026-47470,0.0016,0.05641
CVE-2026-47471,0.00314,0.24468
CVE-2026-47472,0.00348,0.28371
CVE-2026-47473,0.00157,0.05244
CVE-2026-47475,0.0016,0.05641
CVE-2026-47476,0.00536,0.43958
CVE-2026-47477,0.00527,0.43442
CVE-2026-47478,0.00527,0.43397
CVE-2026-47479,0.00488,0.40946
CVE-2026-47480,0.00488,0.40948
CVE-2026-47481,0.00437,0.3732
CVE-2026-47482,0.00488,0.40947
CVE-2026-47483,0.00307,0.23571
CVE-2026-47487,0.00184,0.08182
CVE-2026-47606,0.00495,0.41374
CVE-2026-47612,0.00552,0.44744
CVE-2026-47613,0.00319,0.24971
CVE-2026-47614,0.00319,0.24972
CVE-2026-47615,0.00319,0.24972
CVE-2026-47616,0.00319,0.24972
CVE-2026-47617,0.00319,0.24971
CVE-2026-47618,0.00319,0.24971
CVE-2026-47619,0.00446,0.38028
CVE-2026-47620,0.00254,0.17217
CVE-2026-47621,0.00254,0.17217
CVE-2026-47622,0.00264,0.18611
CVE-2026-47623,0.00389,0.32763
CVE-2026-47624,0.00182,0.07973
CVE-2026-47625,0.00399,0.33891
CVE-2026-47626,0.00199,0.10025
CVE-2026-47627,0.00501,0.41766
CVE-2026-47628,0.0043,0.36663
CVE-2026-47629,0.0043,0.36663
CVE-2026-47630,0.00204,0.10707
CVE-2026-47631,0.00353,0.28963
CVE-2026-47632,0.00495,0.4139
CVE-2026-47633,0.01027,0.61601
CVE-2026-47634,0.00559,0.45121
CVE-2026-47635,0.00333,0.26703
CVE-2026-47636,0.0051,0.42355
CVE-2026-47637,0.00505,0.42008
CVE-2026-47638,0.00505,0.42008
CVE-2026-47639,0.0051,0.42354
CVE-2026-47640,0.00505,0.42006
CVE-2026-47641,0.00505,0.42005
CVE-2026-47642,0.00466,0.39471
CVE-2026-47643,0.00753,0.53116
CVE-2026-47644,0.00732,0.52428
CVE-2026-47645,0.00758,0.53264
CVE-2026-47646,0.00466,0.39424
CVE-2026-47647,0.00778,0.5393
CVE-2026-47648,0.00218,0.12553
CVE-2026-47652,0.00341,0.27605
CVE-2026-47653,0.00602,0.47187
CVE-2026-47654,0.0055,0.44646
CVE-2026-47655,0.00756,0.532
CVE-2026-47656,0.00303,0.23246
CVE-2026-47657,0.00364,0.30158
CVE-2026-47659,0.00484,0.40699
CVE-2026-47660,0.0031,0.24022
CVE-2026-47661,0.00484,0.40711
CVE-2026-47662,0.00298,0.22621
CVE-2026-47663,0.00239,0.15297
CVE-2026-47664,0.00173,0.07025
CVE-2026-47665,0.00251,0.16772
CVE-2026-47666,0.00201,0.10262
CVE-2026-47667,0.00426,0.36381
CVE-2026-47668,0.03882,0.89783
CVE-2026-47669,0.00515,0.42718
CVE-2026-47670,0.01714,0.76032
CVE-2026-47671,0.00266,0.19003
CVE-2026-47672,0.00162,0.05803
CVE-2026-47673,0.00199,0.09949
CVE-2026-47674,0.00244,0.15877
CVE-2026-47675,0.00216,0.1228
CVE-2026-47676,0.0026,0.17945
CVE-2026-47680,0.00327,0.25923
CVE-2026-47682,0.00303,0.23222
CVE-2026-47683,0.00393,0.33258
CVE-2026-47684,0.00222,0.12953
CVE-2026-47685,0.00249,0.16526
CVE-2026-47686,0.00379,0.31678
CVE-2026-47687,0.00271,0.19558
CVE-2026-47688,0.00183,0.08113
CVE-2026-47689,0.00324,0.2564
CVE-2026-47690,0.00524,0.43252
CVE-2026-47691,0.00386,0.32442
CVE-2026-47692,0.00218,0.1249
CVE-2026-47693,0.00375,0.31267
CVE-2026-47694,0.00162,0.05804
CVE-2026-47695,0.00468,0.39586
CVE-2026-47696,0.0012,0.02099
CVE-2026-47697,0.00308,0.23715
CVE-2026-47698,0.00704,0.51482
CVE-2026-47699,0.0029,0.2175
CVE-2026-47701,0.00279,0.20635
CVE-2026-47702,0.00196,0.09602
CVE-2026-47703,0.00122,0.02324
CVE-2026-47704,0.00535,0.43906
CVE-2026-47705,0.0048,0.40441
CVE-2026-47706,0.00296,0.22407
CVE-2026-47707,0.00466,0.39417
CVE-2026-47708,0.00525,0.43307
CVE-2026-47709,0.00212,0.11798
CVE-2026-47712,0.00139,0.03592
CVE-2026-47713,0.00219,0.12654
CVE-2026-47714,0.00107,0.01276
CVE-2026-47715,0.00154,0.04958
CVE-2026-47716,0.00147,0.04283
CVE-2026-47717,0.01403,0.70943
CVE-2026-47718,0.00343,0.2778
CVE-2026-47719,0.00597,0.47005
CVE-2026-47720,0.0049,0.4111
CVE-2026-47721,0.00318,0.24933
CVE-2026-47722,0.00467,0.39534
CVE-2026-47723,0.00526,0.43369
CVE-2026-47724,0.00481,0.4051
CVE-2026-47725,0.00154,0.04922
CVE-2026-47726,0.00238,0.15099
CVE-2026-47727,0.00434,0.37066
CVE-2026-47728,0.00178,0.0755
CVE-2026-47729,0.01503,0.72775
CVE-2026-47730,0.00295,0.22329
CVE-2026-47731,0.00863,0.5658
CVE-2026-47732,0.00402,0.3411
CVE-2026-47733,0.00184,0.08244
CVE-2026-47734,0.00188,0.08656
CVE-2026-47735,0.00294,0.22155
CVE-2026-47736,0.0063,0.4848
CVE-2026-47737,0.00266,0.18728
CVE-2026-47739,0.00258,0.1773
CVE-2026-47740,0.00258,0.17711
CVE-2026-47741,0.00239,0.15257
CVE-2026-47742,0.00221,0.12842
CVE-2026-47743,0.00384,0.3221
CVE-2026-47744,0.00321,0.25226
CVE-2026-47745,0.00221,0.12841
CVE-2026-47746,0.00182,0.08053
CVE-2026-47747,0.0018,0.07839
CVE-2026-47748,0.00163,0.05958
CVE-2026-47749,0.00203,0.10545
CVE-2026-47750,0.0018,0.07839
CVE-2026-47751,0.00766,0.53536
CVE-2026-47752,0.00518,0.42876
CVE-2026-47753,0.00256,0.17504
CVE-2026-47754,0.00338,0.27207
CVE-2026-47755,0.00354,0.29021
CVE-2026-47759,0.00281,0.20844
CVE-2026-47760,0.00191,0.08993
CVE-2026-47761,0.00264,0.1857
CVE-2026-47762,0.00281,0.20844
CVE-2026-47763,0.00218,0.12537
CVE-2026-47764,0.00148,0.04394
CVE-2026-47765,0.00431,0.36757
CVE-2026-47766,0.00161,0.05711
CVE-2026-47767,0.00721,0.52066
CVE-2026-47768,0.00108,0.01349
CVE-2026-47769,0.00467,0.39522
CVE-2026-47770,0.00147,0.04336
CVE-2026-47773,0.001,0.00963
CVE-2026-47774,0.00967,0.59711
CVE-2026-47775,0.00219,0.12656
CVE-2026-47777,0.00167,0.06419
CVE-2026-47778,0.00212,0.1181
CVE-2026-47780,0.00395,0.33422
CVE-2026-47781,0.00131,0.03091
CVE-2026-47782,0.00132,0.03119
CVE-2026-47783,0.01264,0.67925
CVE-2026-47784,0.0055,0.44629
CVE-2026-47825,0.00139,0.03635
CVE-2026-47826,0.00545,0.44417
CVE-2026-47827,0.01161,0.65293
CVE-2026-47828,0.00286,0.2128
CVE-2026-47829,0.00419,0.35791
CVE-2026-47830,0.00148,0.04356
CVE-2026-47831,0.00319,0.25034
CVE-2026-47833,0.00167,0.06326
CVE-2026-47834,0.00205,0.10784
CVE-2026-47835,0.00304,0.23288
CVE-2026-47836,0.00142,0.03862
CVE-2026-47837,0.00298,0.22612
CVE-2026-47838,0.00133,0.03178
CVE-2026-47839,0.003,0.22872
CVE-2026-47840,0.00217,0.12383
CVE-2026-47841,0.00289,0.21663
CVE-2026-47842,0.00099,0.00903
CVE-2026-47843,0.00166,0.06233
CVE-2026-47844,0.00148,0.04415
CVE-2026-47845,0.00176,0.07361
CVE-2026-47846,0.00483,0.40615
CVE-2026-47847,0.00313,0.24312
CVE-2026-47848,0.00157,0.05227
CVE-2026-47849,0.00273,0.19902
CVE-2026-47850,0.00183,0.08126
CVE-2026-47851,0.00263,0.18374
CVE-2026-47852,0.00202,0.10458
CVE-2026-47856,0.00241,0.15482
CVE-2026-47857,0.00222,0.1306
CVE-2026-47858,0.00209,0.11391
CVE-2026-47859,0.00228,0.13814
CVE-2026-47860,0.0024,0.15364
CVE-2026-47861,0.00251,0.16862
CVE-2026-47862,0.00255,0.17339
CVE-2026-47863,0.00231,0.1423
CVE-2026-47864,0.04075,0.9027
CVE-2026-47865,0.0083,0.55563
CVE-2026-47866,0.00377,0.31436
CVE-2026-47867,0.00496,0.41452
CVE-2026-47868,0.00137,0.03489
CVE-2026-47869,0.00496,0.41452
CVE-2026-47870,0.00272,0.19825
CVE-2026-47871,0.00665,0.49986
CVE-2026-47873,0.00196,0.0955
CVE-2026-47874,0.00238,0.15047
CVE-2026-47875,0.00292,0.21982
CVE-2026-47876,0.00355,0.29192
CVE-2026-47877,0.00164,0.0606
CVE-2026-47878,0.00256,0.17547
CVE-2026-47879,0.0025,0.16659
CVE-2026-47880,0.00187,0.08518
CVE-2026-47881,0.00285,0.21249
CVE-2026-47882,0.00178,0.07578
CVE-2026-47883,0.00187,0.08518
CVE-2026-47884,0.00422,0.36057
CVE-2026-47885,0.00259,0.17931
CVE-2026-47886,0.00324,0.25665
CVE-2026-47887,0.00172,0.06882
CVE-2026-47888,0.00324,0.25665
CVE-2026-47889,0.00253,0.17032
CVE-2026-47890,0.00314,0.24457
CVE-2026-47891,0.0029,0.21817
CVE-2026-47892,0.00365,0.30217
CVE-2026-47893,0.00245,0.16031
CVE-2026-47894,0.00324,0.25637
CVE-2026-47895,0.0067,0.50169
CVE-2026-47896,0.00808,0.54898
CVE-2026-47897,0.00721,0.52069
CVE-2026-47898,0.00468,0.39603
CVE-2026-47899,0.00137,0.0346
CVE-2026-47900,0.00139,0.03607
CVE-2026-47901,0.00139,0.03623
CVE-2026-47902,0.00153,0.04829
CVE-2026-47903,0.00153,0.0483
CVE-2026-47904,0.00153,0.0483
CVE-2026-47905,0.00153,0.0483
CVE-2026-47906,0.00177,0.07477
CVE-2026-47907,0.00168,0.06433
CVE-2026-47908,0.00161,0.05747
CVE-2026-47909,0.00148,0.04374
CVE-2026-47910,0.00137,0.03488
CVE-2026-47911,0.00276,0.20184
CVE-2026-47912,0.00329,0.26197
CVE-2026-47913,0.00329,0.26198
CVE-2026-47914,0.00329,0.26198
CVE-2026-47915,0.00307,0.2357
CVE-2026-47916,0.00209,0.11335
CVE-2026-47917,0.00307,0.2357
CVE-2026-47918,0.00297,0.22511
CVE-2026-47919,0.00297,0.22511
CVE-2026-47920,0.00165,0.06149
CVE-2026-47921,0.00168,0.06573
CVE-2026-47922,0.00441,0.3762
CVE-2026-47923,0.00281,0.20758
CVE-2026-47924,0.00293,0.22084
CVE-2026-47925,0.00166,0.06265
CVE-2026-47926,0.00185,0.083
CVE-2026-47927,0.00165,0.06185
CVE-2026-47928,0.02319,0.82538
CVE-2026-47929,0.02092,0.80547
CVE-2026-47930,0.00569,0.45626
CVE-2026-47931,0.00242,0.15618
CVE-2026-47932,0.02547,0.84224
CVE-2026-47933,0.00205,0.10764
CVE-2026-47934,0.00165,0.06186
CVE-2026-47935,0.00189,0.08852
CVE-2026-47936,0.00205,0.10907
CVE-2026-47937,0.00151,0.04656
CVE-2026-47938,0.00449,0.38268
CVE-2026-47939,0.00282,0.20911
CVE-2026-47940,0.00181,0.07926
CVE-2026-47941,0.00282,0.20911
CVE-2026-47942,0.00282,0.2091
CVE-2026-47943,0.00282,0.2091
CVE-2026-47944,0.00205,0.10906
CVE-2026-47945,0.00282,0.2091
CVE-2026-47946,0.0026,0.17991
CVE-2026-47947,0.0026,0.1799
CVE-2026-47948,0.00282,0.20909
CVE-2026-47949,0.00205,0.10903
CVE-2026-47950,0.00205,0.10908
CVE-2026-47951,0.00205,0.10908
CVE-2026-47952,0.00174,0.0714
CVE-2026-47953,0.00205,0.10903
CVE-2026-47954,0.00205,0.10904
CVE-2026-47955,0.00165,0.06149
CVE-2026-47956,0.00205,0.10911
CVE-2026-47957,0.00205,0.1091
CVE-2026-47958,0.00205,0.10911
CVE-2026-47959,0.00174,0.0714
CVE-2026-47960,0.00457,0.38808
CVE-2026-47961,0.00154,0.04912
CVE-2026-47962,0.00205,0.10907
CVE-2026-47963,0.00165,0.06185
CVE-2026-47964,0.00206,0.10995
CVE-2026-47965,0.00148,0.04345
CVE-2026-47966,0.00205,0.10906
CVE-2026-47967,0.00256,0.17585
CVE-2026-47968,0.00256,0.17584
CVE-2026-47969,0.00261,0.18089
CVE-2026-47970,0.00282,0.20909
CVE-2026-47971,0.00337,0.27174
CVE-2026-47972,0.00205,0.10905
CVE-2026-47973,0.00205,0.10911
CVE-2026-47974,0.00205,0.1091
CVE-2026-47975,0.00205,0.10905
CVE-2026-47976,0.00256,0.17587
CVE-2026-47977,0.00205,0.10907
CVE-2026-47978,0.00205,0.10905
CVE-2026-47979,0.00261,0.18088
CVE-2026-47980,0.00205,0.10906
CVE-2026-47981,0.00205,0.10907
CVE-2026-47982,0.00189,0.08851
CVE-2026-47983,0.00189,0.08857
CVE-2026-47984,0.00641,0.48956
CVE-2026-47985,0.00189,0.08851
CVE-2026-47986,0.00189,0.08852
CVE-2026-47987,0.00189,0.08854
CVE-2026-47988,0.00685,0.5077
CVE-2026-47989,0.00189,0.08854
CVE-2026-47990,0.00205,0.10909
CVE-2026-47991,0.0023,0.14101
CVE-2026-47992,0.00991,0.60529
CVE-2026-47993,0.00189,0.0885
CVE-2026-47994,0.00622,0.48158
CVE-2026-47995,0.00397,0.33635
CVE-2026-47996,0.00875,0.56952
CVE-2026-47997,0.00709,0.51644
CVE-2026-47998,0.00709,0.51644
CVE-2026-47999,0.00409,0.34766
CVE-2026-48000,0.00456,0.38799
CVE-2026-48001,0.00506,0.4205
CVE-2026-48006,0.0074,0.52715
CVE-2026-48007,0.00165,0.06161
CVE-2026-48008,0.00472,0.39856
CVE-2026-48009,0.00457,0.3883
CVE-2026-48010,0.00472,0.39856
CVE-2026-48011,0.00223,0.13126
CVE-2026-48012,0.00275,0.20107
CVE-2026-48013,0.00366,0.30361
CVE-2026-48014,0.00389,0.32745
CVE-2026-48015,0.00485,0.40741
CVE-2026-48016,0.00414,0.35268
CVE-2026-48017,0.00511,0.42429
CVE-2026-48019,0.0068,0.50557
CVE-2026-48020,0.00775,0.5383
CVE-2026-48021,0.00124,0.02483
CVE-2026-48022,0.00176,0.07373
CVE-2026-48024,0.00717,0.51941
CVE-2026-48025,0.00292,0.21956
CVE-2026-48026,0.00219,0.12575
CVE-2026-48027,0.0185,0.77856
CVE-2026-48028,0.00176,0.07343
CVE-2026-48029,0.00304,0.2333
CVE-2026-48030,0.05849,0.92894
CVE-2026-48031,0.00437,0.37333
CVE-2026-48032,0.0031,0.23948
CVE-2026-48033,0.00276,0.20175
CVE-2026-48034,0.00258,0.17812
CVE-2026-48035,0.0026,0.17967
CVE-2026-48036,0.0029,0.21753
CVE-2026-48037,0.0026,0.17967
CVE-2026-48038,0.00524,0.43221
CVE-2026-48039,0.00426,0.36392
CVE-2026-48040,0.00174,0.0716
CVE-2026-48042,0.00557,0.45034
CVE-2026-48043,0.00753,0.53125
CVE-2026-48044,0.00486,0.40839
CVE-2026-48045,0.0037,0.30757
CVE-2026-48046,0.00347,0.28238
CVE-2026-48047,0.00429,0.36606
CVE-2026-48048,0.00361,0.2979
CVE-2026-48049,0.0059,0.46663
CVE-2026-48050,0.00358,0.29546
CVE-2026-48051,0.00207,0.11176
CVE-2026-48052,0.00211,0.11716
CVE-2026-48053,0.00354,0.29131
CVE-2026-48054,0.00449,0.38274
CVE-2026-48055,0.00621,0.48115
CVE-2026-48056,0.00479,0.40396
CVE-2026-48058,0.00193,0.09301
CVE-2026-48059,0.0063,0.48485
CVE-2026-48060,0.00284,0.21165
CVE-2026-48061,0.00342,0.27683
CVE-2026-48062,0.00775,0.53828
CVE-2026-48063,0.00157,0.05246
CVE-2026-48064,0.00342,0.27774
CVE-2026-48065,0.00149,0.04485
CVE-2026-48066,0.00116,0.01802
CVE-2026-48067,0.00299,0.22784
CVE-2026-48068,0.00617,0.47885
CVE-2026-48069,0.00882,0.5712
CVE-2026-48071,0.00412,0.35119
CVE-2026-48074,0.00304,0.23331
CVE-2026-48075,0.00391,0.33018
CVE-2026-48076,0.00291,0.21884
CVE-2026-48077,0.00383,0.32126
CVE-2026-48078,0.0025,0.16598
CVE-2026-48079,0.00386,0.32384
CVE-2026-48080,0.00276,0.20288
CVE-2026-48081,0.00143,0.04003
CVE-2026-48082,0.00407,0.34628
CVE-2026-48083,0.00349,0.28464
CVE-2026-48084,0.00361,0.29818
CVE-2026-48085,0.00553,0.44828
CVE-2026-48086,0.00334,0.26832
CVE-2026-48087,0.00457,0.38853
CVE-2026-48088,0.00332,0.26562
CVE-2026-48089,0.00364,0.30157
CVE-2026-48090,0.00579,0.4612
CVE-2026-48092,0.00324,0.25593
CVE-2026-48093,0.00199,0.10003
CVE-2026-48094,0.00387,0.32505
CVE-2026-48095,0.01116,0.64135
CVE-2026-48096,0.00101,0.01009
CVE-2026-48097,0.00273,0.19927
CVE-2026-48098,0.00131,0.03069
CVE-2026-48099,0.00331,0.2639
CVE-2026-48101,0.00277,0.20357
CVE-2026-48102,0.00189,0.08858
CVE-2026-48103,0.00225,0.13461
CVE-2026-48104,0.00179,0.07688
CVE-2026-48105,0.00169,0.06667
CVE-2026-48106,0.00157,0.05307
CVE-2026-48107,0.00232,0.14292
CVE-2026-48108,0.00277,0.20291
CVE-2026-48109,0.00509,0.42283
CVE-2026-48110,0.00367,0.30411
CVE-2026-48111,0.00225,0.1346
CVE-2026-48112,0.00267,0.19033
CVE-2026-48113,0.00289,0.21689
CVE-2026-48114,0.0037,0.30777
CVE-2026-48115,0.00249,0.16502
CVE-2026-48116,0.00366,0.30366
CVE-2026-48117,0.00184,0.08238
CVE-2026-48119,0.00266,0.18996
CVE-2026-48120,0.00137,0.03494
CVE-2026-48121,0.0023,0.14015
CVE-2026-48122,0.00125,0.02577
CVE-2026-48124,0.00144,0.04043
CVE-2026-48125,0.00445,0.37941
CVE-2026-48126,0.00335,0.2691
CVE-2026-48127,0.00614,0.47774
CVE-2026-48128,0.00329,0.26172
CVE-2026-48129,0.00445,0.37973
CVE-2026-48131,0.02658,0.84951
CVE-2026-48132,0.02139,0.80973
CVE-2026-48133,0.0475,0.91486
CVE-2026-48134,0.04356,0.90828
CVE-2026-48135,0.02607,0.8464
CVE-2026-48136,0.04102,0.9033
CVE-2026-48137,0.00801,0.54664
CVE-2026-48138,0.00488,0.40942
CVE-2026-48139,0.00488,0.40941
CVE-2026-48140,0.00445,0.38001
CVE-2026-48141,0.0042,0.35833
CVE-2026-48142,0.00684,0.50743
CVE-2026-48144,0.00251,0.16764
CVE-2026-48145,0.00274,0.19999
CVE-2026-48146,0.00217,0.12338
CVE-2026-48147,0.00115,0.01759
CVE-2026-48148,0.00226,0.136
CVE-2026-48149,0.00226,0.1352
CVE-2026-48150,0.00292,0.22043
CVE-2026-48151,0.00224,0.13283
CVE-2026-48152,0.00257,0.17623
CVE-2026-48153,0.00175,0.07226
CVE-2026-48154,0.00299,0.22752
CVE-2026-48155,0.00127,0.02718
CVE-2026-48156,0.00124,0.02466
CVE-2026-48157,0.00167,0.06373
CVE-2026-48158,0.00396,0.33564
CVE-2026-48159,0.00488,0.41002
CVE-2026-48160,0.00396,0.33564
CVE-2026-48161,0.00419,0.35755
CVE-2026-48162,0.00571,0.45744
CVE-2026-48163,0.00914,0.58082
CVE-2026-48165,0.01506,0.72816
CVE-2026-48166,0.00345,0.27982
CVE-2026-48167,0.00247,0.16245
CVE-2026-48168,0.00905,0.57808
CVE-2026-48169,0.00322,0.25396
CVE-2026-48170,0.00307,0.23583
CVE-2026-48172,0.18914,0.97232
CVE-2026-48187,0.00201,0.10278
CVE-2026-48188,0.00737,0.52582
CVE-2026-48189,0.00198,0.09867
CVE-2026-48190,0.00143,0.03967
CVE-2026-48191,0.00143,0.03967
CVE-2026-48192,0.00318,0.2494
CVE-2026-48203,0.006,0.47114
CVE-2026-48204,0.00732,0.5241
CVE-2026-48205,0.006,0.47114
CVE-2026-48206,0.00552,0.44742
CVE-2026-48207,0.00574,0.45893
CVE-2026-48208,0.00333,0.26669
CVE-2026-48209,0.00219,0.12584
CVE-2026-48210,0.00248,0.16381
CVE-2026-48213,0.00172,0.06972
CVE-2026-48214,0.00212,0.11837
CVE-2026-48215,0.00212,0.11836
CVE-2026-48216,0.00212,0.11838
CVE-2026-48217,0.00212,0.11837
CVE-2026-48218,0.00259,0.17934
CVE-2026-48219,0.00212,0.11838
CVE-2026-48220,0.00212,0.11836
CVE-2026-48221,0.00212,0.11837
CVE-2026-48222,0.00212,0.11838
CVE-2026-48223,0.00212,0.11838
CVE-2026-48224,0.00259,0.17934
CVE-2026-48225,0.00212,0.11735
CVE-2026-48226,0.00169,0.06628
CVE-2026-48227,0.00169,0.06628
CVE-2026-48228,0.00169,0.06628
CVE-2026-48229,0.00169,0.06629
CVE-2026-48230,0.00212,0.11735
CVE-2026-48231,0.00214,0.11986
CVE-2026-48232,0.00214,0.11988
CVE-2026-48233,0.00214,0.11988
CVE-2026-48234,0.00214,0.11988
CVE-2026-48235,0.0024,0.15414
CVE-2026-48236,0.00214,0.11986
CVE-2026-48237,0.00214,0.11986
CVE-2026-48238,0.00214,0.11987
CVE-2026-48239,0.00214,0.11987
CVE-2026-48240,0.00218,0.12532
CVE-2026-48241,0.00305,0.2338
CVE-2026-48242,0.00297,0.22518
CVE-2026-48243,0.00224,0.13266
CVE-2026-48244,0.00224,0.13267
CVE-2026-48245,0.00224,0.13267
CVE-2026-48246,0.00169,0.06644
CVE-2026-48247,0.00173,0.0698
CVE-2026-48248,0.00205,0.10792
CVE-2026-48249,0.00173,0.0698
CVE-2026-48250,0.00189,0.08856
CVE-2026-48251,0.00189,0.08855
CVE-2026-48252,0.00892,0.57416
CVE-2026-48253,0.00359,0.29654
CVE-2026-48254,0.00359,0.29654
CVE-2026-48255,0.00359,0.29653
CVE-2026-48256,0.00189,0.08852
CVE-2026-48257,0.00359,0.29654
CVE-2026-48258,0.0026,0.17991
CVE-2026-48259,0.00897,0.5757
CVE-2026-48260,0.00359,0.29653
CVE-2026-48261,0.00359,0.29653
CVE-2026-48262,0.00359,0.29654
CVE-2026-48263,0.0039,0.3288
CVE-2026-48264,0.00189,0.08856
CVE-2026-48265,0.0026,0.1799
CVE-2026-48266,0.0026,0.17991
CVE-2026-48267,0.00234,0.14566
CVE-2026-48268,0.00189,0.08855
CVE-2026-48269,0.00337,0.27173
CVE-2026-48270,0.00256,0.17584
CVE-2026-48271,0.0026,0.17992
CVE-2026-48272,0.00227,0.13716
CVE-2026-48273,0.019,0.7848
CVE-2026-48274,0.00256,0.17588
CVE-2026-48275,0.00293,0.22122
CVE-2026-48276,0.0126,0.67821
CVE-2026-48277,0.01295,0.68579
CVE-2026-48280,0.0026,0.1799
CVE-2026-48281,0.0142,0.71257
CVE-2026-48282,0.42388,0.98683
CVE-2026-48283,0.0126,0.67821
CVE-2026-48284,0.04895,0.91706
CVE-2026-48285,0.00829,0.5553
CVE-2026-48286,0.01166,0.65452
CVE-2026-48287,0.00225,0.1335
CVE-2026-48288,0.0036,0.29689
CVE-2026-48289,0.00262,0.18328
CVE-2026-48290,0.00295,0.22316
CVE-2026-48291,0.00281,0.20804
CVE-2026-48292,0.00281,0.20804
CVE-2026-48293,0.00139,0.03611
CVE-2026-48294,0.01906,0.78559
CVE-2026-48295,0.00834,0.55702
CVE-2026-48296,0.00259,0.17928
CVE-2026-48297,0.00205,0.10908
CVE-2026-48298,0.00259,0.17929
CVE-2026-48299,0.00205,0.10908
CVE-2026-48300,0.00205,0.10904
CVE-2026-48301,0.00205,0.10911
CVE-2026-48302,0.00267,0.19004
CVE-2026-48303,0.00553,0.44814
CVE-2026-48304,0.00205,0.10909
CVE-2026-48305,0.00141,0.03799
CVE-2026-48306,0.00141,0.038
CVE-2026-48307,0.0055,0.44652
CVE-2026-48308,0.00242,0.1568
CVE-2026-48309,0.00256,0.17586
CVE-2026-48310,0.01047,0.62201
CVE-2026-48311,0.00256,0.17584
CVE-2026-48312,0.00282,0.20944
CVE-2026-48313,0.02954,0.86524
CVE-2026-48314,0.0062,0.4802
CVE-2026-48315,0.01028,0.6165
CVE-2026-48316,0.01125,0.64367
CVE-2026-48317,0.00486,0.40843
CVE-2026-48318,0.01097,0.63656
CVE-2026-48319,0.3229,0.98291
CVE-2026-48320,0.04265,0.90658
CVE-2026-48321,0.00471,0.39763
CVE-2026-48322,0.01172,0.65598
CVE-2026-48323,0.00699,0.51304
CVE-2026-48324,0.01439,0.71577
CVE-2026-48325,0.00553,0.44849
CVE-2026-48326,0.00496,0.41488
CVE-2026-48327,0.00408,0.34756
CVE-2026-48328,0.0082,0.55295
CVE-2026-48329,0.00567,0.45556
CVE-2026-48330,0.00693,0.5108
CVE-2026-48331,0.00478,0.40322
CVE-2026-48332,0.0079,0.54305
CVE-2026-48333,0.00483,0.40641
CVE-2026-48334,0.004,0.33958
CVE-2026-48335,0.00256,0.17587
CVE-2026-48336,0.00256,0.17588
CVE-2026-48337,0.00256,0.17586
CVE-2026-48338,0.00468,0.39546
CVE-2026-48339,0.00337,0.27173
CVE-2026-48340,0.00293,0.22122
CVE-2026-48341,0.00256,0.17586
CVE-2026-48342,0.00314,0.24486
CVE-2026-48343,0.00256,0.17586
CVE-2026-48344,0.00171,0.06852
CVE-2026-48345,0.00891,0.57373
CVE-2026-48346,0.00262,0.18319
CVE-2026-48347,0.00721,0.52052
CVE-2026-48348,0.00218,0.12516
CVE-2026-48349,0.00235,0.14751
CVE-2026-48350,0.00328,0.26019
CVE-2026-48351,0.00927,0.58439
CVE-2026-48352,0.00927,0.58438
CVE-2026-48353,0.00263,0.18452
CVE-2026-48354,0.00289,0.21668
CVE-2026-48355,0.0039,0.32879
CVE-2026-48356,0.01001,0.60834
CVE-2026-48357,0.00259,0.17928
CVE-2026-48358,0.01486,0.72464
CVE-2026-48359,0.01004,0.60948
CVE-2026-48362,0.04312,0.90745
CVE-2026-48363,0.00269,0.19248
CVE-2026-48364,0.00269,0.19248
CVE-2026-48365,0.00256,0.17587
CVE-2026-48366,0.00256,0.17585
CVE-2026-48367,0.00256,0.17585
CVE-2026-48368,0.00256,0.17584
CVE-2026-48369,0.00256,0.17587
CVE-2026-48370,0.00256,0.17588
CVE-2026-48371,0.0039,0.32879
CVE-2026-48372,0.00202,0.10459
CVE-2026-48373,0.00337,0.27174
CVE-2026-48374,0.00232,0.14287
CVE-2026-48375,0.0058,0.46138
CVE-2026-48376,0.15479,0.96701
CVE-2026-48381,0.00582,0.46236
CVE-2026-48384,0.00702,0.5142
CVE-2026-48385,0.01171,0.6558
CVE-2026-48386,0.00808,0.54892
CVE-2026-48387,0.00165,0.06107
CVE-2026-48388,0.0018,0.07745
CVE-2026-48389,0.00337,0.27174
CVE-2026-48390,0.00192,0.09115
CVE-2026-48391,0.00207,0.11102
CVE-2026-48392,0.00197,0.09776
CVE-2026-48393,0.00197,0.09776
CVE-2026-48394,0.00197,0.09776
CVE-2026-48395,0.00228,0.13885
CVE-2026-48396,0.00232,0.14327
CVE-2026-48397,0.00547,0.44482
CVE-2026-48399,0.00464,0.39286
CVE-2026-48404,0.00158,0.05399
CVE-2026-48405,0.00158,0.05399
CVE-2026-48406,0.00158,0.05399
CVE-2026-48407,0.00158,0.054
CVE-2026-48408,0.00158,0.054
CVE-2026-48409,0.00158,0.05401
CVE-2026-48410,0.00158,0.054
CVE-2026-48411,0.00771,0.53702
CVE-2026-48412,0.00394,0.3332
CVE-2026-48413,0.00628,0.48421
CVE-2026-48414,0.00533,0.43762
CVE-2026-48415,0.00349,0.28447
CVE-2026-48416,0.00495,0.41415
CVE-2026-48417,0.002,0.10146
CVE-2026-48418,0.00159,0.05458
CVE-2026-48419,0.00159,0.05458
CVE-2026-48420,0.00159,0.05457
CVE-2026-48421,0.00159,0.05458
CVE-2026-48422,0.002,0.10144
CVE-2026-48423,0.002,0.10145
CVE-2026-48424,0.002,0.10145
CVE-2026-48425,0.002,0.10146
CVE-2026-48426,0.00159,0.05459
CVE-2026-48427,0.00159,0.05457
CVE-2026-48428,0.002,0.10145
CVE-2026-48429,0.00149,0.04468
CVE-2026-48430,0.002,0.10144
CVE-2026-48431,0.002,0.10145
CVE-2026-48432,0.002,0.10146
CVE-2026-48433,0.002,0.10146
CVE-2026-48434,0.00165,0.06107
CVE-2026-48435,0.00165,0.06107
CVE-2026-48436,0.00389,0.32835
CVE-2026-48437,0.00103,0.01122
CVE-2026-48438,0.00508,0.4224
CVE-2026-48439,0.00508,0.4224
CVE-2026-48440,0.00655,0.49579
CVE-2026-48441,0.00193,0.09179
CVE-2026-48442,0.00242,0.15613
CVE-2026-48443,0.00214,0.12066
CVE-2026-48444,0.00224,0.13318
CVE-2026-48445,0.00214,0.12066
CVE-2026-48446,0.00242,0.15624
CVE-2026-48447,0.00144,0.04043
CVE-2026-48448,0.00592,0.46733
CVE-2026-48449,0.00958,0.5942
CVE-2026-48480,0.00167,0.06374
CVE-2026-48483,0.00357,0.29392
CVE-2026-48485,0.00251,0.16813
CVE-2026-48486,0.00203,0.10547
CVE-2026-48487,0.00248,0.16346
CVE-2026-48488,0.00182,0.08013
CVE-2026-48489,0.00596,0.4691
CVE-2026-48490,0.00392,0.33158
CVE-2026-48491,0.00357,0.29408
CVE-2026-48492,0.00385,0.32278
CVE-2026-48493,0.00306,0.23457
CVE-2026-48494,0.00433,0.3696
CVE-2026-48495,0.00315,0.24597
CVE-2026-48496,0.00139,0.0363
CVE-2026-48497,0.00405,0.34461
CVE-2026-48499,0.00238,0.15097
CVE-2026-48500,0.00343,0.27826
CVE-2026-48501,0.00289,0.21688
CVE-2026-48502,0.00437,0.3737
CVE-2026-48504,0.00418,0.3565
CVE-2026-48505,0.00296,0.22461
CVE-2026-48506,0.00471,0.39817
CVE-2026-48507,0.00235,0.14722
CVE-2026-48508,0.00236,0.14875
CVE-2026-48509,0.00416,0.35479
CVE-2026-48510,0.00405,0.34462
CVE-2026-48511,0.00405,0.34462
CVE-2026-48512,0.00405,0.34462
CVE-2026-48513,0.00405,0.34462
CVE-2026-48514,0.00405,0.3446
CVE-2026-48515,0.00405,0.34463
CVE-2026-48516,0.00405,0.34461
CVE-2026-48517,0.00348,0.2832
CVE-2026-48518,0.00172,0.06874
CVE-2026-48519,0.00783,0.54077
CVE-2026-48520,0.00437,0.37345
CVE-2026-48522,0.00222,0.12987
CVE-2026-48523,0.00127,0.02682
CVE-2026-48524,0.00355,0.29214
CVE-2026-48525,0.0037,0.30782
CVE-2026-48526,0.00395,0.33426
CVE-2026-48527,0.00228,0.13803
CVE-2026-48528,0.00404,0.34337
CVE-2026-48529,0.00205,0.10867
CVE-2026-48530,0.00235,0.14665
CVE-2026-48531,0.00235,0.14666
CVE-2026-48532,0.00235,0.14665
CVE-2026-48534,0.00235,0.14664
CVE-2026-48535,0.00235,0.14664
CVE-2026-48536,0.00235,0.14663
CVE-2026-48537,0.00235,0.14666
CVE-2026-48538,0.00235,0.14665
CVE-2026-48539,0.00235,0.14665
CVE-2026-48544,0.00409,0.34786
CVE-2026-48545,0.0035,0.28645
CVE-2026-48546,0.00487,0.40898
CVE-2026-48547,0.0091,0.57935
CVE-2026-48548,0.00139,0.03636
CVE-2026-48549,0.00168,0.06435
CVE-2026-48550,0.00266,0.18709
CVE-2026-48551,0.00173,0.07033
CVE-2026-48552,0.00165,0.06202
CVE-2026-48553,0.00523,0.43207
CVE-2026-48554,0.00523,0.43208
CVE-2026-48555,0.00248,0.16437
CVE-2026-48557,0.0044,0.37555
CVE-2026-48558,0.64313,0.99221
CVE-2026-48559,0.00171,0.06824
CVE-2026-48560,0.00937,0.58773
CVE-2026-48561,0.00863,0.56586
CVE-2026-48562,0.00505,0.42007
CVE-2026-48563,0.0055,0.44646
CVE-2026-48564,0.00913,0.58037
CVE-2026-48565,0.00432,0.36933
CVE-2026-48566,0.00388,0.32613
CVE-2026-48567,0.01034,0.61845
CVE-2026-48568,0.00303,0.23247
CVE-2026-48569,0.0035,0.28651
CVE-2026-48570,0.00303,0.23246
CVE-2026-48571,0.00264,0.18523
CVE-2026-48572,0.00202,0.10445
CVE-2026-48573,0.01029,0.61667
CVE-2026-48574,0.00445,0.37987
CVE-2026-48575,0.00303,0.23246
CVE-2026-48576,0.01028,0.61658
CVE-2026-48578,0.00268,0.19135
CVE-2026-48579,0.01015,0.6127
CVE-2026-48580,0.00541,0.442
CVE-2026-48581,0.00298,0.22647
CVE-2026-48582,0.00689,0.50916
CVE-2026-48583,0.00267,0.19038
CVE-2026-48584,0.00913,0.58037
CVE-2026-48586,0.00632,0.48576
CVE-2026-48587,0.00367,0.30403
CVE-2026-48588,0.00429,0.36586
CVE-2026-48589,0.00352,0.28814
CVE-2026-48590,0.00167,0.06413
CVE-2026-48591,0.00133,0.03234
CVE-2026-48592,0.005,0.41736
CVE-2026-48593,0.00417,0.3557
CVE-2026-48594,0.00455,0.38713
CVE-2026-48595,0.00487,0.40885
CVE-2026-48596,0.00239,0.15245
CVE-2026-48597,0.00347,0.28292
CVE-2026-48598,0.00273,0.19919
CVE-2026-48599,0.00273,0.19893
CVE-2026-48610,0.00264,0.18572
CVE-2026-48611,0.0386,0.89729
CVE-2026-48612,0.0012,0.02128
CVE-2026-48613,0.00155,0.05048
CVE-2026-48614,0.00581,0.46222
CVE-2026-48615,0.00421,0.35946
CVE-2026-48616,0.00332,0.26545
CVE-2026-48617,0.00317,0.24735
CVE-2026-48618,0.03231,0.87702
CVE-2026-48619,0.00639,0.48876
CVE-2026-48681,0.00601,0.47163
CVE-2026-48682,0.00267,0.19015
CVE-2026-48683,0.00331,0.2643
CVE-2026-48684,0.00264,0.18559
CVE-2026-48685,0.00295,0.22366
CVE-2026-48686,0.00565,0.45458
CVE-2026-48687,0.01645,0.75008
CVE-2026-48688,0.00283,0.20996
CVE-2026-48689,0.00677,0.50431
CVE-2026-48690,0.00116,0.01853
CVE-2026-48691,0.00308,0.23776
CVE-2026-48692,0.00233,0.14434
CVE-2026-48693,0.00127,0.02678
CVE-2026-48694,0.00234,0.14564
CVE-2026-48695,0.0107,0.62921
CVE-2026-48696,0.00124,0.02475
CVE-2026-48697,0.00164,0.05996
CVE-2026-48700,0.00181,0.07911
CVE-2026-48702,0.00324,0.25665
CVE-2026-48703,0.00252,0.16942
CVE-2026-48704,0.00442,0.37726
CVE-2026-48706,0.0061,0.47549
CVE-2026-48707,0.0021,0.11494
CVE-2026-48708,0.00402,0.3413
CVE-2026-48709,0.00329,0.26149
CVE-2026-48710,0.36257,0.98456
CVE-2026-48711,0.00199,0.09993
CVE-2026-48712,0.0046,0.39042
CVE-2026-48713,0.00507,0.42123
CVE-2026-48714,0.00507,0.42123
CVE-2026-48715,0.00203,0.10612
CVE-2026-48716,0.00422,0.36008
CVE-2026-48717,0.00327,0.25957
CVE-2026-48719,0.0132,0.69163
CVE-2026-48720,0.00442,0.37726
CVE-2026-48721,0.00221,0.12913
CVE-2026-48722,0.001,0.0098
CVE-2026-48723,0.00533,0.4378
CVE-2026-48724,0.00104,0.01133
CVE-2026-48725,0.00378,0.31581
CVE-2026-48726,0.00382,0.31972
CVE-2026-48731,0.00886,0.57233
CVE-2026-48732,0.01397,0.70807
CVE-2026-48733,0.00093,0.00616
CVE-2026-48734,0.00107,0.01308
CVE-2026-48735,0.00128,0.02837
CVE-2026-48736,0.0057,0.45697
CVE-2026-48737,0.00181,0.0793
CVE-2026-48743,0.00298,0.22639
CVE-2026-48744,0.00278,0.20409
CVE-2026-48745,0.00323,0.2547
CVE-2026-48746,0.01152,0.65082
CVE-2026-48747,0.00247,0.16269
CVE-2026-48748,0.00392,0.33173
CVE-2026-48749,0.00993,0.60567
CVE-2026-48750,0.00784,0.5409
CVE-2026-48751,0.00865,0.56626
CVE-2026-48752,0.00807,0.54849
CVE-2026-48753,0.00873,0.56861
CVE-2026-48754,0.00281,0.20801
CVE-2026-48755,0.00439,0.37465
CVE-2026-48756,0.00226,0.1354
CVE-2026-48758,0.00264,0.18579
CVE-2026-48759,0.00202,0.1044
CVE-2026-48760,0.00338,0.27229
CVE-2026-48761,0.00345,0.27972
CVE-2026-48762,0.00223,0.13133
CVE-2026-48763,0.00387,0.32525
CVE-2026-48764,0.00271,0.19731
CVE-2026-48765,0.00324,0.25638
CVE-2026-48766,0.00315,0.24573
CVE-2026-48767,0.0039,0.32929
CVE-2026-48768,0.00268,0.19203
CVE-2026-48769,0.0054,0.4414
CVE-2026-48770,0.00142,0.03858
CVE-2026-48771,0.00209,0.11311
CVE-2026-48772,0.00212,0.11747
CVE-2026-48773,0.00466,0.39436
CVE-2026-48774,0.00274,0.1996
CVE-2026-48775,0.00232,0.14325
CVE-2026-48776,0.00216,0.12317
CVE-2026-48777,0.00446,0.38077
CVE-2026-48778,0.0062,0.48045
CVE-2026-48779,0.00812,0.55008
CVE-2026-48780,0.00218,0.1251
CVE-2026-48781,0.00209,0.11373
CVE-2026-48782,0.00322,0.25377
CVE-2026-48783,0.0017,0.06777
CVE-2026-48784,0.00348,0.28407
CVE-2026-48785,0.00119,0.02012
CVE-2026-48786,0.00251,0.16861
CVE-2026-48787,0.0069,0.50947
CVE-2026-48788,0.00247,0.16274
CVE-2026-48789,0.00342,0.27671
CVE-2026-48790,0.00105,0.01207
CVE-2026-48791,0.00083,0.00307
CVE-2026-48792,0.00128,0.02841
CVE-2026-48793,0.00664,0.49952
CVE-2026-48794,0.00415,0.35407
CVE-2026-48795,0.00547,0.44478
CVE-2026-48796,0.00293,0.22053
CVE-2026-48797,0.00324,0.25672
CVE-2026-48798,0.0038,0.31808
CVE-2026-48799,0.00218,0.12457
CVE-2026-48800,0.00209,0.11359
CVE-2026-48801,0.00366,0.30333
CVE-2026-48802,0.00318,0.24887
CVE-2026-48804,0.00279,0.2057
CVE-2026-48805,0.00483,0.40632
CVE-2026-48806,0.00418,0.35666
CVE-2026-48807,0.00367,0.30426
CVE-2026-48808,0.00407,0.34647
CVE-2026-48809,0.00279,0.2057
CVE-2026-48810,0.00155,0.0505
CVE-2026-48811,0.00155,0.0505
CVE-2026-48812,0.00633,0.48652
CVE-2026-48813,0.00326,0.25869
CVE-2026-48814,0.00297,0.22562
CVE-2026-48815,0.0019,0.08889
CVE-2026-48816,0.00158,0.05316
CVE-2026-48817,0.00213,0.11883
CVE-2026-48818,0.00368,0.30519
CVE-2026-48819,0.00352,0.28798
CVE-2026-48820,0.00258,0.17759
CVE-2026-48821,0.0013,0.02975
CVE-2026-48822,0.0012,0.02128
CVE-2026-48823,0.00115,0.01772
CVE-2026-48824,0.00421,0.35964
CVE-2026-48827,0.00527,0.43437
CVE-2026-48828,0.00664,0.49939
CVE-2026-48829,0.00455,0.38709
CVE-2026-48831,0.00179,0.07629
CVE-2026-48832,0.00186,0.0838
CVE-2026-48834,0.00494,0.41306
CVE-2026-48835,0.00305,0.23407
CVE-2026-48836,0.00572,0.45786
CVE-2026-48837,0.00373,0.31065
CVE-2026-48838,0.00237,0.14996
CVE-2026-48839,0.00212,0.11751
CVE-2026-48840,0.00264,0.18567
CVE-2026-48842,0.00764,0.53483
CVE-2026-48843,0.00268,0.19147
CVE-2026-48844,0.00414,0.35265
CVE-2026-48845,0.00377,0.31499
CVE-2026-48846,0.00405,0.34478
CVE-2026-48847,0.00433,0.37026
CVE-2026-48848,0.00388,0.32639
CVE-2026-48849,0.00239,0.15181
CVE-2026-48850,0.0032,0.25143
CVE-2026-48851,0.00224,0.13228
CVE-2026-48852,0.00274,0.20025
CVE-2026-48853,0.00573,0.45846
CVE-2026-48854,0.00344,0.27902
CVE-2026-48855,0.00277,0.20302
CVE-2026-48856,0.00335,0.26951
CVE-2026-48858,0.00234,0.14637
CVE-2026-48859,0.00354,0.29098
CVE-2026-48860,0.00194,0.0941
CVE-2026-48861,0.00167,0.06352
CVE-2026-48862,0.00384,0.32174
CVE-2026-48863,0.0047,0.39697
CVE-2026-48864,0.00227,0.1364
CVE-2026-48865,0.00198,0.0979
CVE-2026-48866,0.00468,0.39612
CVE-2026-48867,0.00175,0.07234
CVE-2026-48868,0.00278,0.20513
CVE-2026-48869,0.00186,0.08485
CVE-2026-48870,0.00205,0.10849
CVE-2026-48871,0.0023,0.14092
CVE-2026-48872,0.00346,0.28139
CVE-2026-48873,0.00238,0.15162
CVE-2026-48874,0.00332,0.26558
CVE-2026-48875,0.00372,0.30974
CVE-2026-48876,0.00175,0.07234
CVE-2026-48877,0.00298,0.22669
CVE-2026-48878,0.00345,0.2803
CVE-2026-48879,0.00328,0.26058
CVE-2026-48880,0.00205,0.10848
CVE-2026-48881,0.00278,0.20512
CVE-2026-48882,0.00332,0.26559
CVE-2026-48883,0.00238,0.1516
CVE-2026-48885,0.00175,0.07234
CVE-2026-48886,0.00283,0.21023
CVE-2026-48887,0.00235,0.14708
CVE-2026-48888,0.00263,0.18374
CVE-2026-48889,0.00412,0.35054
CVE-2026-48891,0.00636,0.48781
CVE-2026-48892,0.00664,0.4994
CVE-2026-48895,0.00646,0.49222
CVE-2026-48896,0.00297,0.22518
CVE-2026-48897,0.00211,0.11708
CVE-2026-48898,0.00268,0.19195
CVE-2026-48899,0.00234,0.1461
CVE-2026-48900,0.0016,0.05629
CVE-2026-48901,0.00245,0.15994
CVE-2026-48902,0.00252,0.1687
CVE-2026-48903,0.00149,0.04489
CVE-2026-48904,0.00292,0.21979
CVE-2026-48905,0.00149,0.0449
CVE-2026-48906,0.00267,0.1906
CVE-2026-48907,0.781,0.99567
CVE-2026-48908,0.15086,0.96633
CVE-2026-48909,0.04941,0.91795
CVE-2026-48910,0.00348,0.28429
CVE-2026-48911,0.00373,0.31109
CVE-2026-48912,0.00305,0.23432
CVE-2026-48913,0.00479,0.40359
CVE-2026-48914,0.00158,0.0541
CVE-2026-48916,0.00275,0.20055
CVE-2026-48917,0.0026,0.18012
CVE-2026-48918,0.00223,0.1312
CVE-2026-48919,0.0026,0.18013
CVE-2026-48920,0.00288,0.21563
CVE-2026-48921,0.00289,0.21729
CVE-2026-48922,0.0035,0.28646
CVE-2026-48923,0.0018,0.07856
CVE-2026-48924,0.00208,0.11231
CVE-2026-48925,0.00105,0.01187
CVE-2026-48926,0.00171,0.06815
CVE-2026-48927,0.00176,0.0733
CVE-2026-48928,0.00216,0.12258
CVE-2026-48929,0.00723,0.52115
CVE-2026-48930,0.00324,0.25629
CVE-2026-48931,0.00345,0.28004
CVE-2026-48932,0.00172,0.06893
CVE-2026-48933,0.03711,0.89293
CVE-2026-48934,0.00258,0.17707
CVE-2026-48935,0.00185,0.08318
CVE-2026-48936,0.00135,0.03314
CVE-2026-48937,0.00573,0.45832
CVE-2026-48939,0.20069,0.97379
CVE-2026-48940,0.00284,0.21132
CVE-2026-48941,0.00266,0.18773
CVE-2026-48942,0.00253,0.1705
CVE-2026-48943,0.00303,0.23244
CVE-2026-48944,0.00443,0.3779
CVE-2026-48945,0.0033,0.26276
CVE-2026-48946,0.00284,0.21085
CVE-2026-48947,0.00331,0.26469
CVE-2026-48948,0.00423,0.3617
CVE-2026-48949,0.00244,0.15916
CVE-2026-48950,0.00244,0.15916
CVE-2026-48951,0.00244,0.15915
CVE-2026-48952,0.00244,0.15915
CVE-2026-48953,0.00244,0.15915
CVE-2026-48954,0.00244,0.15916
CVE-2026-48955,0.00345,0.28071
CVE-2026-48956,0.00274,0.20016
CVE-2026-48957,0.00423,0.36169
CVE-2026-48958,0.00461,0.39077
CVE-2026-48959,0.00373,0.31093
CVE-2026-48961,0.00262,0.18254
CVE-2026-48962,0.00292,0.2195
CVE-2026-48964,0.00332,0.2656
CVE-2026-48965,0.00326,0.25858
CVE-2026-48966,0.00175,0.07234
CVE-2026-48967,0.00332,0.26558
CVE-2026-48968,0.00182,0.07993
CVE-2026-48969,0.00257,0.17627
CVE-2026-48970,0.00393,0.33232
CVE-2026-48971,0.00231,0.14224
CVE-2026-48972,0.00309,0.23882
CVE-2026-48973,0.002,0.10128
CVE-2026-48977,0.00296,0.22406
CVE-2026-48978,0.0026,0.1805
CVE-2026-48979,0.00267,0.19053
CVE-2026-48980,0.00175,0.07315
CVE-2026-48981,0.00154,0.04965
CVE-2026-48982,0.00118,0.01933
CVE-2026-48983,0.00107,0.01274
CVE-2026-48984,0.00147,0.04301
CVE-2026-48985,0.00164,0.05978
CVE-2026-48986,0.00141,0.03758
CVE-2026-48987,0.00301,0.22914
CVE-2026-48988,0.00379,0.31626
CVE-2026-48989,0.00397,0.33609
CVE-2026-48990,0.00163,0.05894
CVE-2026-48991,0.00127,0.02707
CVE-2026-48994,0.00227,0.13691
CVE-2026-48995,0.00171,0.06819
CVE-2026-48996,0.00213,0.11927
CVE-2026-48997,0.00747,0.52934
CVE-2026-48998,0.00198,0.09868
CVE-2026-48999,0.00169,0.06586
CVE-2026-49000,0.00121,0.02197
CVE-2026-49001,0.00109,0.01388
CVE-2026-49002,0.00293,0.22065
CVE-2026-49003,0.0079,0.54315
CVE-2026-49004,0.00612,0.47686
CVE-2026-49005,0.00115,0.01737
CVE-2026-49006,0.00147,0.04339
CVE-2026-49007,0.00345,0.28059
CVE-2026-49008,0.00174,0.07201
CVE-2026-49009,0.0052,0.42995
CVE-2026-49014,0.00102,0.01064
CVE-2026-49017,0.00322,0.25351
CVE-2026-49033,0.00184,0.08236
CVE-2026-49035,0.00613,0.47722
CVE-2026-49042,0.00692,0.51026
CVE-2026-49043,0.00153,0.04789
CVE-2026-49044,0.00182,0.07993
CVE-2026-49045,0.00213,0.11851
CVE-2026-49046,0.00303,0.23201
CVE-2026-49047,0.00162,0.05787
CVE-2026-49048,0.00564,0.45412
CVE-2026-49049,0.00992,0.60538
CVE-2026-49050,0.00343,0.27855
CVE-2026-49051,0.0022,0.12817
CVE-2026-49052,0.00152,0.04733
CVE-2026-49053,0.00187,0.08549
CVE-2026-49054,0.00213,0.11851
CVE-2026-49055,0.0023,0.14092
CVE-2026-49056,0.00365,0.30251
CVE-2026-49057,0.00296,0.22488
CVE-2026-49058,0.00321,0.25287
CVE-2026-49059,0.00231,0.14251
CVE-2026-49060,0.00514,0.42604
CVE-2026-49061,0.00362,0.29948
CVE-2026-49062,0.00301,0.23021
CVE-2026-49063,0.00213,0.11868
CVE-2026-49064,0.00238,0.15087
CVE-2026-49065,0.00246,0.16172
CVE-2026-49066,0.00294,0.2217
CVE-2026-49067,0.00289,0.21675
CVE-2026-49068,0.00386,0.32459
CVE-2026-49069,0.01171,0.65594
CVE-2026-49070,0.00238,0.1516
CVE-2026-49071,0.00305,0.23375
CVE-2026-49072,0.00309,0.23863
CVE-2026-49073,0.00213,0.11869
CVE-2026-49074,0.00175,0.07245
CVE-2026-49075,0.00375,0.31272
CVE-2026-49076,0.00372,0.30972
CVE-2026-49077,0.00192,0.09089
CVE-2026-49078,0.00252,0.16885
CVE-2026-49079,0.00346,0.282
CVE-2026-49080,0.00312,0.24194
CVE-2026-49081,0.00291,0.21841
CVE-2026-49082,0.00264,0.18522
CVE-2026-49083,0.00344,0.27955
CVE-2026-49084,0.00283,0.21018
CVE-2026-49085,0.00476,0.40173
CVE-2026-49086,0.00682,0.50645
CVE-2026-49087,0.00472,0.39835
CVE-2026-49088,0.00323,0.25539
CVE-2026-49089,0.00332,0.26571
CVE-2026-49090,0.0042,0.3586
CVE-2026-49091,0.00317,0.24794
CVE-2026-49092,0.00278,0.20456
CVE-2026-49093,0.00199,0.10017
CVE-2026-49094,0.0027,0.19364
CVE-2026-49095,0.00262,0.18269
CVE-2026-49096,0.00206,0.11022
CVE-2026-49097,0.00675,0.5038
CVE-2026-49098,0.00609,0.47513
CVE-2026-49099,0.0052,0.43008
CVE-2026-49102,0.00216,0.12298
CVE-2026-49103,0.00396,0.3359
CVE-2026-49104,0.00476,0.40174
CVE-2026-49105,0.00476,0.40173
CVE-2026-49106,0.00383,0.32099
CVE-2026-49107,0.00375,0.31272
CVE-2026-49108,0.00304,0.2332
CVE-2026-49109,0.00383,0.32099
CVE-2026-49110,0.00236,0.14836
CVE-2026-49111,0.00238,0.15119
CVE-2026-49112,0.00326,0.25823
CVE-2026-49113,0.00371,0.30832
CVE-2026-49114,0.00159,0.05526
CVE-2026-49119,0.00933,0.58659
CVE-2026-49120,0.00229,0.13911
CVE-2026-49121,0.01104,0.63816
CVE-2026-49127,0.0051,0.424
CVE-2026-49128,0.00501,0.41773
CVE-2026-49129,0.00281,0.20797
CVE-2026-49130,0.0026,0.17953
CVE-2026-49131,0.00165,0.062
CVE-2026-49132,0.0011,0.01451
CVE-2026-49133,0.00343,0.27817
CVE-2026-49134,0.0027,0.19372
CVE-2026-49135,0.00129,0.02957
CVE-2026-49136,0.00417,0.35602
CVE-2026-49138,0.00287,0.21432
CVE-2026-49139,0.00382,0.31978
CVE-2026-49140,0.00268,0.19166
CVE-2026-49141,0.00216,0.12215
CVE-2026-49143,0.00392,0.33078
CVE-2026-49144,0.00208,0.1123
CVE-2026-49145,0.00488,0.40942
CVE-2026-49146,0.00609,0.47536
CVE-2026-49147,0.00488,0.40942
CVE-2026-49157,0.0044,0.37537
CVE-2026-49158,0.00645,0.49151
CVE-2026-49159,0.00552,0.44771
CVE-2026-49160,0.53829,0.98976
CVE-2026-49161,0.00239,0.15176
CVE-2026-49162,0.00264,0.18526
CVE-2026-49163,0.00751,0.53064
CVE-2026-49164,0.00792,0.5435
CVE-2026-49165,0.00338,0.27202
CVE-2026-49166,0.00333,0.2668
CVE-2026-49167,0.0035,0.28651
CVE-2026-49168,0.00438,0.37412
CVE-2026-49169,0.00753,0.53118
CVE-2026-49170,0.00298,0.2265
CVE-2026-49171,0.003,0.22879
CVE-2026-49172,0.00974,0.60051
CVE-2026-49173,0.00333,0.26679
CVE-2026-49174,0.0027,0.19371
CVE-2026-49175,0.00333,0.26686
CVE-2026-49176,0.00471,0.39799
CVE-2026-49177,0.00443,0.37814
CVE-2026-49178,0.00913,0.58036
CVE-2026-49179,0.00831,0.5559
CVE-2026-49180,0.00444,0.37862
CVE-2026-49181,0.01172,0.65612
CVE-2026-49183,0.00202,0.10446
CVE-2026-49184,0.00337,0.27073
CVE-2026-49185,0.00387,0.32496
CVE-2026-49186,0.0032,0.25078
CVE-2026-49187,0.00245,0.15993
CVE-2026-49188,0.00317,0.24829
CVE-2026-49189,0.00098,0.00872
CVE-2026-49190,0.00426,0.3635
CVE-2026-49191,0.00292,0.21979
CVE-2026-49192,0.00138,0.03518
CVE-2026-49193,0.00245,0.15993
CVE-2026-49194,0.00232,0.14318
CVE-2026-49195,0.00215,0.12199
CVE-2026-49196,0.0037,0.30734
CVE-2026-49197,0.00332,0.26525
CVE-2026-49198,0.00208,0.11224
CVE-2026-49199,0.01338,0.69558
CVE-2026-49200,0.00518,0.42873
CVE-2026-49201,0.00262,0.18345
CVE-2026-49202,0.00257,0.17667
CVE-2026-49203,0.00168,0.06513
CVE-2026-49204,0.00159,0.05499
CVE-2026-49205,0.00385,0.32278
CVE-2026-49208,0.00412,0.35058
CVE-2026-49209,0.0056,0.45181
CVE-2026-49210,0.00338,0.27227
CVE-2026-49211,0.00531,0.43643
CVE-2026-49212,0.00242,0.15605
CVE-2026-49213,0.00448,0.38186
CVE-2026-49214,0.0019,0.08879
CVE-2026-49215,0.00177,0.07473
CVE-2026-49216,0.00312,0.24173
CVE-2026-49217,0.00253,0.17133
CVE-2026-49218,0.00346,0.28119
CVE-2026-49219,0.00177,0.07471
CVE-2026-49220,0.00334,0.26795
CVE-2026-49221,0.00482,0.4058
CVE-2026-49222,0.00375,0.31239
CVE-2026-49223,0.00375,0.31238
CVE-2026-49224,0.00538,0.44036
CVE-2026-49225,0.00424,0.36196
CVE-2026-49226,0.00416,0.35485
CVE-2026-49227,0.00298,0.22662
CVE-2026-49228,0.00482,0.40579
CVE-2026-49229,0.00441,0.37633
CVE-2026-49230,0.00296,0.22475
CVE-2026-49231,0.00575,0.45915
CVE-2026-49232,0.00342,0.277
CVE-2026-49233,0.00445,0.38004
CVE-2026-49234,0.00266,0.18756
CVE-2026-49235,0.00368,0.30478
CVE-2026-49237,0.00141,0.03809
CVE-2026-49238,0.00505,0.42019
CVE-2026-49241,0.00242,0.15686
CVE-2026-49244,0.0037,0.30746
CVE-2026-49245,0.002,0.10195
CVE-2026-49246,0.0037,0.30794
CVE-2026-49247,0.00548,0.44527
CVE-2026-49248,0.0057,0.45694
CVE-2026-49249,0.00235,0.14641
CVE-2026-49250,0.00296,0.224
CVE-2026-49252,0.0047,0.39714
CVE-2026-49253,0.00387,0.32537
CVE-2026-49254,0.00276,0.20256
CVE-2026-49255,0.00527,0.43389
CVE-2026-49256,0.00508,0.42267
CVE-2026-49257,0.0093,0.58535
CVE-2026-49258,0.00283,0.20988
CVE-2026-49260,0.00225,0.13458
CVE-2026-49261,0.01582,0.74031
CVE-2026-49262,0.00131,0.03092
CVE-2026-49263,0.00195,0.09482
CVE-2026-49267,0.00185,0.08305
CVE-2026-49268,0.00494,0.41358
CVE-2026-49269,0.00416,0.3544
CVE-2026-49270,0.00369,0.30592
CVE-2026-49271,0.00199,0.10021
CVE-2026-49274,0.00484,0.40669
CVE-2026-49276,0.00432,0.36912
CVE-2026-49277,0.00314,0.24415
CVE-2026-49278,0.00414,0.3525
CVE-2026-49279,0.0054,0.44161
CVE-2026-49282,0.00193,0.09289
CVE-2026-49283,0.00344,0.27924
CVE-2026-49284,0.00222,0.13052
CVE-2026-49286,0.0095,0.5917
CVE-2026-49287,0.00457,0.38857
CVE-2026-49288,0.0027,0.19441
CVE-2026-49289,0.0056,0.4516
CVE-2026-49290,0.00833,0.55671
CVE-2026-49291,0.00488,0.40951
CVE-2026-49292,0.00256,0.17516
CVE-2026-49293,0.00644,0.49104
CVE-2026-49294,0.00149,0.04445
CVE-2026-49295,0.00227,0.13745
CVE-2026-49296,0.00399,0.33833
CVE-2026-49297,0.00697,0.51207
CVE-2026-49298,0.00489,0.41006
CVE-2026-49299,0.00295,0.22303
CVE-2026-49301,0.00086,0.00392
CVE-2026-49302,0.00091,0.00576
CVE-2026-49303,0.0008,0.00214
CVE-2026-49304,0.0008,0.00215
CVE-2026-49305,0.0008,0.0021
CVE-2026-49306,0.0008,0.00213
CVE-2026-49307,0.00091,0.00546
CVE-2026-49308,0.00087,0.00432
CVE-2026-49309,0.00084,0.00315
CVE-2026-49310,0.0025,0.16628
CVE-2026-49311,0.00093,0.00641
CVE-2026-49312,0.00076,0.00122
CVE-2026-49313,0.00076,0.00128
CVE-2026-49314,0.00084,0.00315
CVE-2026-49315,0.0008,0.00209
CVE-2026-49316,0.00181,0.07901
CVE-2026-49317,0.00143,0.03929
CVE-2026-49318,0.00143,0.03928
CVE-2026-49319,0.00299,0.22777
CVE-2026-49322,0.00103,0.01115
CVE-2026-49323,0.00107,0.01269
CVE-2026-49324,0.00174,0.07152
CVE-2026-49325,0.0016,0.05623
CVE-2026-49326,0.00312,0.24164
CVE-2026-49328,0.00501,0.41749
CVE-2026-49329,0.00431,0.36806
CVE-2026-49331,0.0013,0.03018
CVE-2026-49332,0.00301,0.22983
CVE-2026-49336,0.01178,0.6581
CVE-2026-49337,0.00194,0.0939
CVE-2026-49338,0.00288,0.21642
CVE-2026-49339,0.00388,0.32671
CVE-2026-49340,0.00428,0.36501
CVE-2026-49342,0.00403,0.34262
CVE-2026-49343,0.00316,0.24702
CVE-2026-49344,0.00382,0.31983
CVE-2026-49345,0.00634,0.48696
CVE-2026-49346,0.00227,0.13744
CVE-2026-49347,0.00235,0.1464
CVE-2026-49349,0.0022,0.12692
CVE-2026-49352,0.00601,0.47156
CVE-2026-49353,0.00357,0.29375
CVE-2026-49355,0.00294,0.22188
CVE-2026-49356,0.00126,0.02623
CVE-2026-49357,0.00564,0.45422
CVE-2026-49358,0.00149,0.04492
CVE-2026-49359,0.00422,0.3606
CVE-2026-49360,0.00599,0.47067
CVE-2026-49361,0.00581,0.46165
CVE-2026-49362,0.00591,0.4668
CVE-2026-49363,0.00492,0.41224
CVE-2026-49364,0.00377,0.31497
CVE-2026-49365,0.00574,0.45877
CVE-2026-49366,0.00455,0.38707
CVE-2026-49367,0.00332,0.26488
CVE-2026-49368,0.00206,0.1103
CVE-2026-49369,0.00205,0.10748
CVE-2026-49370,0.00248,0.16381
CVE-2026-49371,0.00262,0.18301
CVE-2026-49372,0.00298,0.22643
CVE-2026-49373,0.27067,0.98003
CVE-2026-49374,0.00234,0.14637
CVE-2026-49375,0.00223,0.13134
CVE-2026-49376,0.00216,0.12255
CVE-2026-49377,0.00695,0.51133
CVE-2026-49378,0.00219,0.12606
CVE-2026-49379,0.00257,0.1768
CVE-2026-49380,0.0017,0.0675
CVE-2026-49381,0.00213,0.11887
CVE-2026-49382,0.00135,0.03333
CVE-2026-49383,0.00109,0.01387
CVE-2026-49384,0.00181,0.07918
CVE-2026-49385,0.00221,0.12846
CVE-2026-49386,0.00258,0.17718
CVE-2026-49391,0.00343,0.27779
CVE-2026-49392,0.00289,0.21647
CVE-2026-49394,0.0054,0.44119
CVE-2026-49396,0.00123,0.02387
CVE-2026-49397,0.00253,0.1707
CVE-2026-49400,0.00183,0.08134
CVE-2026-49401,0.00197,0.0969
CVE-2026-49402,0.00445,0.37939
CVE-2026-49406,0.00176,0.0734
CVE-2026-49411,0.00158,0.05329
CVE-2026-49412,0.00153,0.04852
CVE-2026-49413,0.00126,0.02626
CVE-2026-49414,0.00153,0.04851
CVE-2026-49415,0.00225,0.13408
CVE-2026-49416,0.00153,0.04851
CVE-2026-49417,0.00125,0.02525
CVE-2026-49418,0.00286,0.21337
CVE-2026-49419,0.00292,0.21993
CVE-2026-49420,0.00274,0.20041
CVE-2026-49421,0.0009,0.00516
CVE-2026-49422,0.00126,0.02619
CVE-2026-49423,0.00104,0.01151
CVE-2026-49424,0.00113,0.0163
CVE-2026-49425,0.00113,0.0163
CVE-2026-49426,0.00104,0.01136
CVE-2026-49427,0.00279,0.20638
CVE-2026-49428,0.0029,0.21812
CVE-2026-49429,0.00165,0.06118
CVE-2026-49430,0.00162,0.05841
CVE-2026-49431,0.00119,0.01995
CVE-2026-49432,0.00785,0.54139
CVE-2026-49433,0.00107,0.01268
CVE-2026-49434,0.0063,0.48502
CVE-2026-49435,0.00774,0.53806
CVE-2026-49436,0.00323,0.25493
CVE-2026-49439,0.00158,0.05383
CVE-2026-49440,0.00237,0.15009
CVE-2026-49441,0.00523,0.43185
CVE-2026-49443,0.00298,0.22694
CVE-2026-49444,0.00385,0.32285
CVE-2026-49445,0.00166,0.06217
CVE-2026-49446,0.00285,0.21199
CVE-2026-49447,0.00224,0.13298
CVE-2026-49448,0.00405,0.34473
CVE-2026-49451,0.01238,0.673
CVE-2026-49452,0.00335,0.26937
CVE-2026-49454,0.00226,0.13524
CVE-2026-49455,0.00119,0.0204
CVE-2026-49456,0.003,0.2285
CVE-2026-49457,0.00149,0.04466
CVE-2026-49458,0.00404,0.34395
CVE-2026-49459,0.00365,0.30204
CVE-2026-49460,0.00166,0.06262
CVE-2026-49461,0.00174,0.07149
CVE-2026-49462,0.00281,0.20757
CVE-2026-49463,0.00315,0.24571
CVE-2026-49464,0.00201,0.10262
CVE-2026-49465,0.0054,0.44153
CVE-2026-49466,0.00199,0.10003
CVE-2026-49467,0.00411,0.35021
CVE-2026-49468,0.00817,0.55173
CVE-2026-49471,0.00373,0.31042
CVE-2026-49472,0.00223,0.13172
CVE-2026-49473,0.00276,0.20257
CVE-2026-49475,0.00278,0.20525
CVE-2026-49476,0.00522,0.431
CVE-2026-49477,0.00522,0.431
CVE-2026-49478,0.00175,0.07229
CVE-2026-49481,0.00882,0.57148
CVE-2026-49482,0.00169,0.06659
CVE-2026-49485,0.00684,0.50741
CVE-2026-49486,0.00442,0.37748
CVE-2026-49487,0.00664,0.4994
CVE-2026-49488,0.00703,0.51451
CVE-2026-49489,0.00263,0.18452
CVE-2026-49490,0.00249,0.16542
CVE-2026-49491,0.00344,0.27963
CVE-2026-49492,0.0034,0.27513
CVE-2026-49493,0.00327,0.25915
CVE-2026-49494,0.00542,0.44232
CVE-2026-49495,0.00151,0.04592
CVE-2026-49496,0.00169,0.06667
CVE-2026-49497,0.00185,0.08353
CVE-2026-49498,0.00259,0.17864
CVE-2026-49499,0.00417,0.35598
CVE-2026-49500,0.0008,0.002
CVE-2026-49501,0.00105,0.01221
CVE-2026-49502,0.0021,0.11419
CVE-2026-49506,0.0087,0.56777
CVE-2026-49509,0.00149,0.04439
CVE-2026-49510,0.00104,0.01133
CVE-2026-49738,0.00356,0.29261
CVE-2026-49740,0.00215,0.1218
CVE-2026-49741,0.00244,0.15876
CVE-2026-49742,0.00313,0.24329
CVE-2026-49743,0.0011,0.01424
CVE-2026-49744,0.0011,0.01424
CVE-2026-49745,0.0011,0.01424
CVE-2026-49746,0.00107,0.01282
CVE-2026-49753,0.00301,0.22979
CVE-2026-49754,0.00384,0.32174
CVE-2026-49755,0.00596,0.46881
CVE-2026-49756,0.00207,0.11149
CVE-2026-49757,0.00615,0.47808
CVE-2026-49759,0.00497,0.41537
CVE-2026-49760,0.00136,0.03388
CVE-2026-49762,0.00152,0.04743
CVE-2026-49763,0.00383,0.321
CVE-2026-49764,0.004,0.33994
CVE-2026-49765,0.00383,0.32099
CVE-2026-49766,0.00506,0.42072
CVE-2026-49767,0.00548,0.4456
CVE-2026-49768,0.00383,0.32098
CVE-2026-49769,0.00383,0.321
CVE-2026-49770,0.00383,0.321
CVE-2026-49771,0.00308,0.2378
CVE-2026-49772,0.00354,0.29071
CVE-2026-49773,0.00166,0.0632
CVE-2026-49774,0.0028,0.20652
CVE-2026-49775,0.00191,0.08972
CVE-2026-49776,0.00289,0.21675
CVE-2026-49777,0.01656,0.75159
CVE-2026-49778,0.00186,0.08485
CVE-2026-49779,0.00443,0.3779
CVE-2026-49780,0.00283,0.21079
CVE-2026-49781,0.005,0.41702
CVE-2026-49782,0.00198,0.099
CVE-2026-49783,0.00333,0.26682
CVE-2026-49784,0.00202,0.10449
CVE-2026-49787,0.01174,0.65681
CVE-2026-49788,0.01174,0.65686
CVE-2026-49789,0.00359,0.2963
CVE-2026-49790,0.00359,0.2963
CVE-2026-49791,0.0038,0.31749
CVE-2026-49792,0.00333,0.26689
CVE-2026-49793,0.00333,0.26689
CVE-2026-49794,0.00468,0.39608
CVE-2026-49795,0.00333,0.26685
CVE-2026-49796,0.00466,0.39474
CVE-2026-49797,0.00466,0.39481
CVE-2026-49798,0.00364,0.30145
CVE-2026-49799,0.01138,0.64693
CVE-2026-49800,0.00333,0.26676
CVE-2026-49801,0.00404,0.34383
CVE-2026-49802,0.00202,0.10448
CVE-2026-49803,0.00202,0.10448
CVE-2026-49804,0.00483,0.40603
CVE-2026-49805,0.00236,0.1484
CVE-2026-49806,0.00202,0.10449
CVE-2026-49807,0.00506,0.42074
CVE-2026-49808,0.00202,0.10448
CVE-2026-49809,0.00224,0.13261
CVE-2026-49813,0.00624,0.48228
CVE-2026-49814,0.02003,0.79657
CVE-2026-49815,0.01712,0.76003
CVE-2026-49816,0.00112,0.01572
CVE-2026-49817,0.0012,0.0214
CVE-2026-49818,0.00624,0.48254
CVE-2026-49819,0.00792,0.54349
CVE-2026-49820,0.00291,0.21861
CVE-2026-49821,0.00231,0.14177
CVE-2026-49822,0.00231,0.14177
CVE-2026-49823,0.00265,0.18694
CVE-2026-49824,0.00236,0.14851
CVE-2026-49825,0.0024,0.15333
CVE-2026-49826,0.00299,0.22714
CVE-2026-49827,0.00479,0.40379
CVE-2026-49830,0.00406,0.34514
CVE-2026-49831,0.00348,0.28327
CVE-2026-49832,0.00537,0.43991
CVE-2026-49833,0.00267,0.19084
CVE-2026-49834,0.00113,0.01597
CVE-2026-49835,0.00447,0.38112
CVE-2026-49836,0.00156,0.05142
CVE-2026-49837,0.00255,0.17409
CVE-2026-49838,0.00333,0.26718
CVE-2026-49839,0.00148,0.04421
CVE-2026-49840,0.0031,0.23966
CVE-2026-49841,0.00394,0.33388
CVE-2026-49842,0.00449,0.38293
CVE-2026-49843,0.00284,0.21138
CVE-2026-49844,0.00813,0.55047
CVE-2026-49845,0.00518,0.4289
CVE-2026-49846,0.00342,0.27763
CVE-2026-49847,0.00414,0.35312
CVE-2026-49848,0.00172,0.06894
CVE-2026-49849,0.00926,0.58414
CVE-2026-49851,0.0063,0.48484
CVE-2026-49852,0.00194,0.09414
CVE-2026-49853,0.00445,0.38011
CVE-2026-49854,0.00338,0.27218
CVE-2026-49855,0.00572,0.45776
CVE-2026-49856,0.00256,0.17559
CVE-2026-49857,0.00347,0.28257
CVE-2026-49858,0.00315,0.2454
CVE-2026-49859,0.00141,0.03773
CVE-2026-49860,0.00141,0.03772
CVE-2026-49864,0.00402,0.34157
CVE-2026-49865,0.00327,0.25954
CVE-2026-49866,0.0063,0.48482
CVE-2026-49867,0.00467,0.39534
CVE-2026-49869,0.01917,0.78685
CVE-2026-49870,0.00313,0.2432
CVE-2026-49871,0.00351,0.28661
CVE-2026-49872,0.00526,0.43354
CVE-2026-49875,0.00525,0.43299
CVE-2026-49876,0.00492,0.41207
CVE-2026-49877,0.00513,0.42572
CVE-2026-49879,0.00291,0.21835
CVE-2026-49881,0.00113,0.01603
CVE-2026-49882,0.00299,0.22773
CVE-2026-49883,0.0012,0.02068
CVE-2026-49884,0.00079,0.00176
CVE-2026-49887,0.00076,0.0013
CVE-2026-49895,0.00091,0.00564
CVE-2026-49918,0.00079,0.00175
CVE-2026-49919,0.00099,0.00936
CVE-2026-49921,0.00315,0.2454
CVE-2026-49927,0.00079,0.00175
CVE-2026-49932,0.0008,0.00211
CVE-2026-49938,0.00201,0.10236
CVE-2026-49940,0.00196,0.09578
CVE-2026-49941,0.00329,0.26211
CVE-2026-49942,0.003,0.22869
CVE-2026-49943,0.003,0.22895
CVE-2026-49948,0.0029,0.2174
CVE-2026-49949,0.00253,0.17077
CVE-2026-49952,0.04717,0.91434
CVE-2026-49953,0.00359,0.29614
CVE-2026-49954,0.00525,0.43285
CVE-2026-49955,0.00586,0.46468
CVE-2026-49956,0.00272,0.19803
CVE-2026-49957,0.00421,0.35935
CVE-2026-49958,0.00081,0.0025
CVE-2026-49959,0.00945,0.59009
CVE-2026-49969,0.00418,0.35688
CVE-2026-49970,0.01026,0.61581
CVE-2026-49971,0.00359,0.29628
CVE-2026-49972,0.0108,0.63184
CVE-2026-49973,0.00543,0.44316
CVE-2026-49975,0.34303,0.98375
CVE-2026-49976,0.00337,0.27122
CVE-2026-49977,0.00354,0.29062
CVE-2026-49978,0.00334,0.26732
CVE-2026-49979,0.00369,0.30602
CVE-2026-49980,0.00744,0.52818
CVE-2026-49981,0.00362,0.29877
CVE-2026-49982,0.00496,0.41447
CVE-2026-49983,0.0014,0.03688
CVE-2026-49984,0.00567,0.45533
CVE-2026-49986,0.0017,0.06697
CVE-2026-49987,0.00539,0.44089
CVE-2026-49988,0.002,0.10099
CVE-2026-49989,0.00333,0.26607
CVE-2026-49991,0.00415,0.35375
CVE-2026-49992,0.00157,0.05231
CVE-2026-49993,0.0028,0.20734
CVE-2026-49996,0.00239,0.15175
CVE-2026-49997,0.00347,0.28285
CVE-2026-49998,0.00266,0.18761
CVE-2026-4001,0.00707,0.5158
CVE-2026-4002,0.00163,0.05942
CVE-2026-4003,0.00889,0.57322
CVE-2026-4004,0.00254,0.17162
CVE-2026-4005,0.00291,0.21882
CVE-2026-4006,0.00257,0.17637
CVE-2026-4007,0.00619,0.48005
CVE-2026-4008,0.00635,0.48732
CVE-2026-4009,0.00113,0.01599
CVE-2026-4010,0.00115,0.01757
CVE-2026-4011,0.00265,0.1866
CVE-2026-4012,0.00115,0.01769
CVE-2026-4013,0.00224,0.1322
CVE-2026-4014,0.00379,0.31613
CVE-2026-4015,0.00127,0.02697
CVE-2026-4016,0.00115,0.01732
CVE-2026-4017,0.00138,0.03524
CVE-2026-4018,0.00102,0.01074
CVE-2026-4019,0.00276,0.20259
CVE-2026-4020,0.39975,0.98604
CVE-2026-4021,0.00436,0.37243
CVE-2026-4022,0.00235,0.14676
CVE-2026-4024,0.00501,0.41769
CVE-2026-4025,0.00276,0.20216
CVE-2026-4026,0.00351,0.28664
CVE-2026-4027,0.00351,0.28664
CVE-2026-4029,0.0041,0.34901
CVE-2026-4030,0.00464,0.39329
CVE-2026-4031,0.00488,0.40961
CVE-2026-4032,0.00232,0.14327
CVE-2026-4035,0.00521,0.43052
CVE-2026-4036,0.00338,0.27233
CVE-2026-4038,0.003,0.22807
CVE-2026-4039,0.00316,0.24679
CVE-2026-4040,0.00134,0.03244
CVE-2026-4041,0.00753,0.5313
CVE-2026-4042,0.00794,0.54433
CVE-2026-4043,0.00568,0.45568
CVE-2026-4044,0.00429,0.3663
CVE-2026-4045,0.00289,0.21693
CVE-2026-4046,0.00382,0.31961
CVE-2026-4048,0.02132,0.80914
CVE-2026-4051,0.00369,0.30594
CVE-2026-4053,0.00165,0.06095
CVE-2026-4054,0.00242,0.15689
CVE-2026-4055,0.00152,0.04731
CVE-2026-4056,0.00182,0.08016
CVE-2026-4057,0.00373,0.31067
CVE-2026-4058,0.00153,0.04849
CVE-2026-4059,0.00296,0.22441
CVE-2026-4060,0.01422,0.71276
CVE-2026-4061,0.00311,0.24035
CVE-2026-4062,0.00328,0.26107
CVE-2026-4063,0.00207,0.11143
CVE-2026-4064,0.00325,0.2574
CVE-2026-4065,0.00357,0.29377
CVE-2026-4066,0.00289,0.21684
CVE-2026-4067,0.00188,0.08601
CVE-2026-4068,0.00132,0.03123
CVE-2026-4069,0.00242,0.15647
CVE-2026-4070,0.00164,0.05996
CVE-2026-4071,0.00131,0.03047
CVE-2026-4072,0.00193,0.09261
CVE-2026-4073,0.00296,0.22438
CVE-2026-4074,0.00378,0.31542
CVE-2026-4075,0.00204,0.10652
CVE-2026-4076,0.00378,0.31542
CVE-2026-4077,0.00201,0.10271
CVE-2026-4078,0.00257,0.17657
CVE-2026-4079,0.00186,0.08424
CVE-2026-4080,0.00243,0.15776
CVE-2026-4081,0.00241,0.15516
CVE-2026-4082,0.00288,0.21581
CVE-2026-4083,0.00206,0.10933
CVE-2026-4084,0.0025,0.16689
CVE-2026-4085,0.00288,0.21581
CVE-2026-4086,0.00193,0.09262
CVE-2026-4087,0.00261,0.18132
CVE-2026-4088,0.00354,0.29123
CVE-2026-4089,0.00288,0.21582
CVE-2026-4090,0.00243,0.15706
CVE-2026-4091,0.00211,0.1171
CVE-2026-4092,0.00465,0.39342
CVE-2026-4093,0.00172,0.06867
CVE-2026-4094,0.00273,0.19898
CVE-2026-4096,0.00149,0.04441
CVE-2026-4100,0.00247,0.16238
CVE-2026-4101,0.0036,0.29705
CVE-2026-4103,0.0018,0.07832
CVE-2026-4104,0.00302,0.23049
CVE-2026-4105,0.00142,0.03838
CVE-2026-4106,0.00742,0.5278
CVE-2026-4107,0.00519,0.4294
CVE-2026-4108,0.00538,0.44011
CVE-2026-4109,0.00179,0.07691
CVE-2026-4110,0.00253,0.17045
CVE-2026-4111,0.00693,0.5107
CVE-2026-4112,0.00613,0.47693
CVE-2026-4113,0.00363,0.30041
CVE-2026-4114,0.00597,0.46993
CVE-2026-4115,0.00534,0.43784
CVE-2026-4116,0.00417,0.35605
CVE-2026-4117,0.00364,0.30098
CVE-2026-4118,0.00208,0.11194
CVE-2026-4119,0.00729,0.52331
CVE-2026-4120,0.00222,0.13012
CVE-2026-4121,0.00178,0.07554
CVE-2026-4124,0.00285,0.21213
CVE-2026-4125,0.00288,0.21582
CVE-2026-4126,0.00312,0.24299
CVE-2026-4127,0.00207,0.11143
CVE-2026-4128,0.00245,0.16048
CVE-2026-4129,0.00201,0.10243
CVE-2026-4130,0.00075,0.00104
CVE-2026-4131,0.00181,0.07957
CVE-2026-4132,0.00997,0.6074
CVE-2026-4133,0.00156,0.052
CVE-2026-4134,0.00114,0.01689
CVE-2026-4135,0.00116,0.01792
CVE-2026-4136,0.00201,0.10257
CVE-2026-4137,0.00193,0.09234
CVE-2026-4138,0.00193,0.09269
CVE-2026-4139,0.00165,0.06108
CVE-2026-4140,0.00156,0.052
CVE-2026-4141,0.0016,0.05554
CVE-2026-4142,0.00326,0.25853
CVE-2026-4143,0.00128,0.02815
CVE-2026-4145,0.00196,0.09593
CVE-2026-4146,0.00291,0.21838
CVE-2026-4147,0.00215,0.12154
CVE-2026-4148,0.00323,0.25563
CVE-2026-4149,0.00995,0.60656
CVE-2026-4150,0.00755,0.53174
CVE-2026-4151,0.00664,0.49943
CVE-2026-4152,0.00744,0.5282
CVE-2026-4153,0.00651,0.49433
CVE-2026-4154,0.00596,0.46889
CVE-2026-4155,0.00566,0.45506
CVE-2026-4156,0.00425,0.36274
CVE-2026-4157,0.00855,0.56348
CVE-2026-4158,0.00226,0.13594
CVE-2026-4159,0.00095,0.00761
CVE-2026-4160,0.00305,0.23409
CVE-2026-4161,0.00256,0.17492
CVE-2026-4162,0.00251,0.16792
CVE-2026-4163,0.02103,0.80647
CVE-2026-4164,0.02057,0.80192
CVE-2026-4165,0.00199,0.10026
CVE-2026-4166,0.00203,0.10521
CVE-2026-4167,0.00455,0.38671
CVE-2026-4168,0.00273,0.19877
CVE-2026-4169,0.00202,0.104
CVE-2026-4170,0.02798,0.85759
CVE-2026-4171,0.00275,0.20097
CVE-2026-4172,0.00612,0.47658
CVE-2026-4173,0.00242,0.15667
CVE-2026-4174,0.00115,0.01767
CVE-2026-4175,0.00254,0.17184
CVE-2026-4176,0.00727,0.52273
CVE-2026-4177,0.00429,0.36591
CVE-2026-4179,0.0018,0.07833
CVE-2026-4180,0.01357,0.70006
CVE-2026-4181,0.01184,0.65953
CVE-2026-4182,0.01077,0.63117
CVE-2026-4183,0.01184,0.65953
CVE-2026-4184,0.01184,0.65952
CVE-2026-4185,0.00252,0.1696
CVE-2026-4186,0.00244,0.15879
CVE-2026-4187,0.00514,0.42648
CVE-2026-4188,0.00453,0.38593
CVE-2026-4189,0.00258,0.17754
CVE-2026-4190,0.00259,0.17918
CVE-2026-4191,0.00348,0.28413
CVE-2026-4192,0.01431,0.71455
CVE-2026-4193,0.0077,0.53686
CVE-2026-4194,0.01238,0.67285
CVE-2026-4195,0.03845,0.89698
CVE-2026-4196,0.04107,0.90344
CVE-2026-4197,0.1835,0.97165
CVE-2026-4198,0.00714,0.51827
CVE-2026-4199,0.007,0.51328
CVE-2026-4200,0.00294,0.22205
CVE-2026-4201,0.00627,0.4836
CVE-2026-4202,0.00162,0.05791
CVE-2026-4203,0.0421,0.90557
CVE-2026-4204,0.03731,0.89352
CVE-2026-4205,0.03846,0.89699
CVE-2026-4206,0.03554,0.88815
CVE-2026-4207,0.04147,0.90427
CVE-2026-4208,0.00256,0.17596
CVE-2026-4209,0.04492,0.9107
CVE-2026-4210,0.03917,0.89879
CVE-2026-4211,0.00793,0.54398
CVE-2026-4212,0.00793,0.54398
CVE-2026-4213,0.00744,0.52827
CVE-2026-4214,0.00791,0.54348
CVE-2026-4215,0.00201,0.10331
CVE-2026-4216,0.00103,0.0108
CVE-2026-4217,0.00097,0.00838
CVE-2026-4218,0.00132,0.03157
CVE-2026-4219,0.00104,0.01166
CVE-2026-4220,0.00309,0.2385
CVE-2026-4221,0.00284,0.2112
CVE-2026-4222,0.00438,0.37407
CVE-2026-4223,0.00446,0.38082
CVE-2026-4224,0.0069,0.50944
CVE-2026-4225,0.00206,0.11008
CVE-2026-4226,0.00694,0.51108
CVE-2026-4227,0.00664,0.49936
CVE-2026-4228,0.12208,0.96039
CVE-2026-4229,0.00254,0.17197
CVE-2026-4230,0.00192,0.09158
CVE-2026-4231,0.00278,0.20485
CVE-2026-4232,0.00254,0.17195
CVE-2026-4233,0.00357,0.29433
CVE-2026-4234,0.00192,0.09169
CVE-2026-4235,0.00254,0.17196
CVE-2026-4236,0.00278,0.2041
CVE-2026-4237,0.00254,0.17196
CVE-2026-4238,0.00202,0.10376
CVE-2026-4239,0.00206,0.11036
CVE-2026-4240,0.00534,0.43814
CVE-2026-4241,0.00192,0.09158
CVE-2026-4242,0.00099,0.00918
CVE-2026-4243,0.00107,0.01304
CVE-2026-4244,0.00196,0.09586
CVE-2026-4245,0.00294,0.22214
CVE-2026-4246,0.00274,0.19957
CVE-2026-4247,0.01121,0.64272
CVE-2026-4248,0.00229,0.13968
CVE-2026-4249,0.00557,0.44995
CVE-2026-4250,0.00099,0.00898
CVE-2026-4251,0.00097,0.00825
CVE-2026-4252,0.0126,0.6783
CVE-2026-4253,0.06973,0.9392
CVE-2026-4254,0.00887,0.5727
CVE-2026-4255,0.00191,0.08968
CVE-2026-4256,0.00354,0.29046
CVE-2026-4257,0.41475,0.98657
CVE-2026-4258,0.00246,0.16082
CVE-2026-4259,0.00251,0.16823
CVE-2026-4261,0.00253,0.17067
CVE-2026-4262,0.00239,0.15295
CVE-2026-4263,0.0026,0.18066
CVE-2026-4265,0.00218,0.1253
CVE-2026-4266,0.00271,0.19512
CVE-2026-4267,0.00302,0.23089
CVE-2026-4268,0.00156,0.05171
CVE-2026-4269,0.00242,0.15688
CVE-2026-4270,0.00131,0.03039
CVE-2026-4271,0.00829,0.55538
CVE-2026-4272,0.00453,0.38573
CVE-2026-4273,0.00142,0.03852
CVE-2026-4274,0.00141,0.0376
CVE-2026-4275,0.00294,0.2226
CVE-2026-4276,0.00277,0.20335
CVE-2026-4277,0.00458,0.38927
CVE-2026-4278,0.00239,0.15244
CVE-2026-4279,0.00235,0.14711
CVE-2026-4280,0.00814,0.55075
CVE-2026-4281,0.00473,0.39996
CVE-2026-4282,0.00425,0.36277
CVE-2026-4283,0.00431,0.36805
CVE-2026-4284,0.00278,0.20448
CVE-2026-4285,0.00463,0.39217
CVE-2026-4286,0.00143,0.03996
CVE-2026-4287,0.00254,0.17212
CVE-2026-4288,0.00254,0.17204
CVE-2026-4289,0.00254,0.17205
CVE-2026-4290,0.00258,0.17781
CVE-2026-4292,0.00294,0.22152
CVE-2026-4293,0.00271,0.1959
CVE-2026-4295,0.00207,0.11124
CVE-2026-4296,0.00426,0.36338
CVE-2026-4297,0.00671,0.5021
CVE-2026-4298,0.00354,0.29048
CVE-2026-4299,0.00545,0.44421
CVE-2026-4300,0.00429,0.36578
CVE-2026-4301,0.00271,0.1953
CVE-2026-4302,0.00299,0.22774
CVE-2026-4303,0.00274,0.20027
CVE-2026-4304,0.00294,0.22245
CVE-2026-4305,0.00277,0.2035
CVE-2026-4306,0.00409,0.34782
CVE-2026-4307,0.00357,0.29434
CVE-2026-4308,0.00201,0.10331
CVE-2026-4309,0.00142,0.03852
CVE-2026-4312,0.0045,0.38327
CVE-2026-4313,0.0059,0.46649
CVE-2026-4314,0.00286,0.21297
CVE-2026-4315,0.00165,0.06117
CVE-2026-4317,0.00345,0.27999
CVE-2026-4318,0.00497,0.41496
CVE-2026-4319,0.00326,0.25871
CVE-2026-4320,0.00254,0.17247
CVE-2026-4321,0.00468,0.39589
CVE-2026-4322,0.00253,0.17048
CVE-2026-4324,0.00262,0.18285
CVE-2026-4325,0.0025,0.16693
CVE-2026-4326,0.00578,0.46053
CVE-2026-4327,0.00696,0.51185
CVE-2026-4328,0.00342,0.27765
CVE-2026-4329,0.00315,0.24613
CVE-2026-4330,0.00542,0.44233
CVE-2026-4331,0.00248,0.16387
CVE-2026-4332,0.00279,0.20561
CVE-2026-4333,0.00313,0.24341
CVE-2026-4334,0.00222,0.13004
CVE-2026-4335,0.00176,0.07404
CVE-2026-4336,0.00227,0.13627
CVE-2026-4338,0.0035,0.28589
CVE-2026-4339,0.00139,0.03621
CVE-2026-4341,0.00362,0.29884
CVE-2026-4342,0.01494,0.72615
CVE-2026-4344,0.00204,0.10694
CVE-2026-4345,0.00204,0.10694
CVE-2026-4346,0.00124,0.02481
CVE-2026-4347,0.01273,0.68119
CVE-2026-4348,0.00395,0.33456
CVE-2026-4349,0.00407,0.34618
CVE-2026-4350,0.00658,0.49713
CVE-2026-4351,0.00408,0.34762
CVE-2026-4352,0.00366,0.3036
CVE-2026-4353,0.00245,0.16019
CVE-2026-4354,0.02343,0.82725
CVE-2026-4355,0.00191,0.09014
CVE-2026-4356,0.00202,0.10398
CVE-2026-4357,0.00303,0.23198
CVE-2026-4358,0.00342,0.27668
CVE-2026-4359,0.00187,0.08504
CVE-2026-4360,0.00277,0.20359
CVE-2026-4361,0.00275,0.20081
CVE-2026-4362,0.00355,0.29167
CVE-2026-4363,0.00117,0.01855
CVE-2026-4364,0.00092,0.00611
CVE-2026-4365,0.00867,0.56692
CVE-2026-4366,0.00228,0.1379
CVE-2026-4367,0.00129,0.02876
CVE-2026-4368,0.03618,0.89006
CVE-2026-4369,0.002,0.1013
CVE-2026-4370,0.00381,0.31904
CVE-2026-4371,0.0036,0.29752
CVE-2026-4372,0.00479,0.40402
CVE-2026-4373,0.00397,0.33708
CVE-2026-4374,0.00235,0.14734
CVE-2026-4375,0.00421,0.35946
CVE-2026-4377,0.00141,0.03787
CVE-2026-4378,0.00133,0.03195
CVE-2026-4379,0.00264,0.18576
CVE-2026-4387,0.00132,0.03152
CVE-2026-4388,0.00241,0.15562
CVE-2026-4389,0.00235,0.14711
CVE-2026-4390,0.0026,0.17975
CVE-2026-4391,0.0042,0.35833
CVE-2026-4392,0.00402,0.34147
CVE-2026-4393,0.00109,0.01396
CVE-2026-4394,0.00291,0.21845
CVE-2026-4395,0.00344,0.279
CVE-2026-4396,0.00145,0.0415
CVE-2026-4398,0.00242,0.15699
CVE-2026-4399,0.00265,0.18635
CVE-2026-4400,0.00209,0.11308
CVE-2026-4401,0.00161,0.05696
CVE-2026-4404,0.0049,0.41098
CVE-2026-4406,0.00356,0.29301
CVE-2026-4407,0.00143,0.03953
CVE-2026-4408,0.02501,0.83893
CVE-2026-4409,0.00227,0.1364
CVE-2026-4410,0.005,0.41727
CVE-2026-4415,0.00987,0.60401
CVE-2026-4416,0.00205,0.10791
CVE-2026-4420,0.00161,0.05685
CVE-2026-4424,0.01237,0.67274
CVE-2026-4426,0.00305,0.23405
CVE-2026-4428,0.00252,0.16959
CVE-2026-4429,0.00239,0.15244
CVE-2026-4430,0.00078,0.00162
CVE-2026-4431,0.00334,0.26842
CVE-2026-4432,0.00226,0.13526
CVE-2026-4433,0.00164,0.0608
CVE-2026-4434,0.00144,0.04065
CVE-2026-4436,0.00448,0.38223
CVE-2026-4437,0.00325,0.25724
CVE-2026-4438,0.00316,0.24693
CVE-2026-4439,0.00341,0.27582
CVE-2026-4440,0.00324,0.25601
CVE-2026-4441,0.00317,0.24799
CVE-2026-4442,0.00271,0.19567
CVE-2026-4443,0.00415,0.35371
CVE-2026-4444,0.00289,0.21716
CVE-2026-4445,0.00253,0.17014
CVE-2026-4446,0.00281,0.20771
CVE-2026-4447,0.00354,0.29041
CVE-2026-4448,0.00271,0.19566
CVE-2026-4449,0.00253,0.17013
CVE-2026-4450,0.00281,0.20771
CVE-2026-4451,0.00253,0.17014
CVE-2026-4452,0.00253,0.17014
CVE-2026-4453,0.00176,0.07393
CVE-2026-4454,0.00253,0.17015
CVE-2026-4455,0.0025,0.16688
CVE-2026-4456,0.00253,0.17014
CVE-2026-4457,0.00351,0.28708
CVE-2026-4458,0.00193,0.09193
CVE-2026-4459,0.00281,0.20771
CVE-2026-4460,0.00253,0.17015
CVE-2026-4461,0.00322,0.25359
CVE-2026-4462,0.00253,0.17013
CVE-2026-4463,0.00301,0.22993
CVE-2026-4464,0.00253,0.17013
CVE-2026-4465,0.03398,0.88322
CVE-2026-4466,0.04068,0.90252
CVE-2026-4467,0.03375,0.88241
CVE-2026-4468,0.03445,0.88473
CVE-2026-4469,0.00327,0.26014
CVE-2026-4470,0.00327,0.26014
CVE-2026-4471,0.00386,0.3244
CVE-2026-4472,0.00315,0.24606
CVE-2026-4473,0.00321,0.25224
CVE-2026-4474,0.00271,0.19582
CVE-2026-4475,0.00299,0.22769
CVE-2026-4476,0.00316,0.24729
CVE-2026-4477,0.00219,0.12649
CVE-2026-4478,0.00272,0.19749
CVE-2026-4479,0.00157,0.05245
CVE-2026-4480,0.1393,0.96428
CVE-2026-4482,0.00075,0.00108
CVE-2026-4483,0.00299,0.22746
CVE-2026-4484,0.00353,0.28972
CVE-2026-4485,0.00246,0.16137
CVE-2026-4486,0.0061,0.47577
CVE-2026-4487,0.00507,0.42135
CVE-2026-4488,0.00507,0.42134
CVE-2026-4489,0.00507,0.42134
CVE-2026-4490,0.00572,0.45779
CVE-2026-4491,0.00479,0.40405
CVE-2026-4492,0.00643,0.49096
CVE-2026-4493,0.00635,0.48697
CVE-2026-4494,0.00295,0.22305
CVE-2026-4495,0.00268,0.19226
CVE-2026-4496,0.01038,0.61926
CVE-2026-4497,0.02095,0.80576
CVE-2026-4498,0.003,0.22854
CVE-2026-4499,0.03519,0.88709
CVE-2026-4500,0.00403,0.34211
CVE-2026-4502,0.00275,0.20159
CVE-2026-4503,0.0034,0.27437
CVE-2026-4504,0.00254,0.17211
CVE-2026-4505,0.00201,0.10325
CVE-2026-4506,0.00228,0.13757
CVE-2026-4507,0.00192,0.09161
CVE-2026-4508,0.00259,0.17918
CVE-2026-4509,0.00291,0.21837
CVE-2026-4510,0.00269,0.19267
CVE-2026-4511,0.00232,0.14368
CVE-2026-4512,0.002,0.10087
CVE-2026-4513,0.00196,0.09652
CVE-2026-4514,0.00201,0.10327
CVE-2026-4515,0.00241,0.15456
CVE-2026-4516,0.00246,0.16069
CVE-2026-4519,0.00308,0.23766
CVE-2026-4522,0.00179,0.07658
CVE-2026-4524,0.00291,0.21877
CVE-2026-4525,0.00406,0.3451
CVE-2026-4526,0.00436,0.37208
CVE-2026-4527,0.00153,0.04837
CVE-2026-4528,0.003,0.22861
CVE-2026-4529,0.0065,0.49378
CVE-2026-4530,0.00136,0.03403
CVE-2026-4531,0.00427,0.36473
CVE-2026-4532,0.00453,0.38583
CVE-2026-4533,0.00301,0.22987
CVE-2026-4534,0.00632,0.48612
CVE-2026-4535,0.00632,0.48611
CVE-2026-4536,0.00284,0.21121
CVE-2026-4537,0.09386,0.95233
CVE-2026-4538,0.00239,0.15286
CVE-2026-4539,0.00156,0.05196
CVE-2026-4540,0.00359,0.29595
CVE-2026-4541,0.00083,0.00289
CVE-2026-4542,0.0031,0.23997
CVE-2026-4543,0.05535,0.92523
CVE-2026-4544,0.0026,0.18006
CVE-2026-4545,0.00125,0.02517
CVE-2026-4546,0.00211,0.11719
CVE-2026-4547,0.00209,0.11324
CVE-2026-4548,0.00195,0.09455
CVE-2026-4549,0.00276,0.20229
CVE-2026-4550,0.00263,0.18389
CVE-2026-4551,0.00619,0.48006
CVE-2026-4552,0.00632,0.48617
CVE-2026-4553,0.00746,0.52909
CVE-2026-4554,0.03749,0.89406
CVE-2026-4555,0.00748,0.52964
CVE-2026-4557,0.00265,0.18668
CVE-2026-4558,0.04894,0.91704
CVE-2026-4559,0.00317,0.24826
CVE-2026-4561,0.00317,0.24826
CVE-2026-4562,0.00517,0.42846
CVE-2026-4563,0.00291,0.21868
CVE-2026-4564,0.00316,0.24667
CVE-2026-4565,0.00938,0.5879
CVE-2026-4566,0.00687,0.50843
CVE-2026-4567,0.03688,0.89222
CVE-2026-4568,0.0031,0.24
CVE-2026-4569,0.0025,0.16644
CVE-2026-4570,0.00295,0.22333
CVE-2026-4571,0.00245,0.15968
CVE-2026-4572,0.00245,0.15968
CVE-2026-4573,0.00196,0.09651
CVE-2026-4574,0.00196,0.09646
CVE-2026-4575,0.00206,0.1101
CVE-2026-4576,0.00206,0.11011
CVE-2026-4577,0.00206,0.11044
CVE-2026-4578,0.00268,0.19105
CVE-2026-4579,0.00428,0.36549
CVE-2026-4580,0.00329,0.26153
CVE-2026-4581,0.00354,0.29074
CVE-2026-4582,0.00325,0.25742
CVE-2026-4583,0.00288,0.21637
CVE-2026-4584,0.00163,0.0596
CVE-2026-4585,0.0447,0.91035
CVE-2026-4586,0.00219,0.12627
CVE-2026-4587,0.00181,0.07899
CVE-2026-4588,0.00268,0.19199
CVE-2026-4589,0.00206,0.10921
CVE-2026-4590,0.00148,0.04404
CVE-2026-4591,0.03445,0.88473
CVE-2026-4592,0.00348,0.2833
CVE-2026-4593,0.00192,0.09165
CVE-2026-4594,0.00254,0.17213
CVE-2026-4595,0.00206,0.11012
CVE-2026-4596,0.00189,0.08706
CVE-2026-4597,0.00192,0.09159
CVE-2026-4598,0.00547,0.44471
CVE-2026-4599,0.00477,0.40206
CVE-2026-4600,0.00225,0.13408
CVE-2026-4601,0.003,0.22836
CVE-2026-4602,0.0049,0.41088
CVE-2026-4603,0.001,0.0096
CVE-2026-4604,0.00235,0.14677
CVE-2026-4606,0.00298,0.22698
CVE-2026-4607,0.00234,0.14624
CVE-2026-4608,0.00269,0.19241
CVE-2026-4609,0.00219,0.12572
CVE-2026-4610,0.00349,0.28485
CVE-2026-4611,0.03034,0.8687
CVE-2026-4612,0.00254,0.1721
CVE-2026-4613,0.00259,0.17906
CVE-2026-4614,0.00192,0.09162
CVE-2026-4615,0.00318,0.24902
CVE-2026-4616,0.00274,0.19959
CVE-2026-4617,0.00348,0.28413
CVE-2026-4619,0.00314,0.24461
CVE-2026-4620,0.00996,0.60698
CVE-2026-4621,0.00157,0.05278
CVE-2026-4622,0.00864,0.56614
CVE-2026-4623,0.00321,0.25293
CVE-2026-4624,0.00259,0.17912
CVE-2026-4625,0.00254,0.17214
CVE-2026-4626,0.00185,0.08282
CVE-2026-4627,0.02024,0.79866
CVE-2026-4628,0.00203,0.10535
CVE-2026-4629,0.00486,0.4083
CVE-2026-4630,0.00304,0.23279
CVE-2026-4631,0.1548,0.96701
CVE-2026-4632,0.00254,0.17214
CVE-2026-4633,0.00318,0.24942
CVE-2026-4634,0.00517,0.42799
CVE-2026-4635,0.00172,0.06934
CVE-2026-4636,0.00346,0.28121
CVE-2026-4639,0.00299,0.2277
CVE-2026-4640,0.00383,0.32057
CVE-2026-4643,0.00171,0.0678
CVE-2026-4644,0.00226,0.13574
CVE-2026-4646,0.0025,0.16661
CVE-2026-4647,0.00168,0.06513
CVE-2026-4648,0.00118,0.01979
CVE-2026-4649,0.00329,0.26224
CVE-2026-4650,0.00402,0.34184
CVE-2026-4652,0.00367,0.30411
CVE-2026-4653,0.00349,0.28484
CVE-2026-4654,0.00327,0.25983
CVE-2026-4655,0.00387,0.32509
CVE-2026-4657,0.00241,0.15535
CVE-2026-4658,0.00419,0.35715
CVE-2026-4659,0.00901,0.57678
CVE-2026-4660,0.00583,0.46316
CVE-2026-4661,0.00505,0.42013
CVE-2026-4662,0.00322,0.25409
CVE-2026-4664,0.00673,0.50314
CVE-2026-4665,0.00281,0.20763
CVE-2026-4666,0.00331,0.26403
CVE-2026-4667,0.00105,0.01181
CVE-2026-4668,0.0036,0.29733
CVE-2026-4670,0.05633,0.92648
CVE-2026-4671,0.00372,0.30977
CVE-2026-4672,0.00285,0.21273
CVE-2026-4673,0.00504,0.41945
CVE-2026-4674,0.00454,0.38626
CVE-2026-4675,0.00385,0.32372
CVE-2026-4676,0.00359,0.29614
CVE-2026-4677,0.00447,0.38105
CVE-2026-4678,0.00397,0.33698
CVE-2026-4679,0.0034,0.27433
CVE-2026-4680,0.0042,0.35856
CVE-2026-4681,0.00756,0.53221
CVE-2026-4682,0.00301,0.22984
CVE-2026-4683,0.00262,0.18289
CVE-2026-4684,0.00352,0.28844
CVE-2026-4685,0.00687,0.50868
CVE-2026-4686,0.00702,0.51419
CVE-2026-4687,0.00539,0.44057
CVE-2026-4688,0.00531,0.43637
CVE-2026-4689,0.00665,0.49979
CVE-2026-4690,0.00773,0.53758
CVE-2026-4691,0.00483,0.40658
CVE-2026-4692,0.00487,0.40883
CVE-2026-4693,0.00687,0.50868
CVE-2026-4694,0.00772,0.53742
CVE-2026-4695,0.00687,0.50868
CVE-2026-4696,0.00483,0.40658
CVE-2026-4697,0.00687,0.50869
CVE-2026-4698,0.00755,0.5318
CVE-2026-4699,0.00687,0.50869
CVE-2026-4700,0.00459,0.38938
CVE-2026-4701,0.00461,0.39077
CVE-2026-4702,0.00474,0.4002
CVE-2026-4703,0.00624,0.48225
CVE-2026-4704,0.00414,0.35327
CVE-2026-4705,0.00418,0.35646
CVE-2026-4706,0.00452,0.38521
CVE-2026-4707,0.00577,0.46035
CVE-2026-4708,0.00433,0.37021
CVE-2026-4709,0.00463,0.39237
CVE-2026-4710,0.00409,0.34827
CVE-2026-4711,0.00398,0.33722
CVE-2026-4712,0.00385,0.32338
CVE-2026-4713,0.00433,0.3702
CVE-2026-4714,0.00433,0.3702
CVE-2026-4715,0.0043,0.36688
CVE-2026-4716,0.00407,0.34625
CVE-2026-4717,0.00417,0.35607
CVE-2026-4718,0.00299,0.22726
CVE-2026-4719,0.00433,0.3702
CVE-2026-4720,0.00424,0.36202
CVE-2026-4721,0.00424,0.36202
CVE-2026-4722,0.00313,0.24349
CVE-2026-4723,0.00393,0.33226
CVE-2026-4724,0.00322,0.25422
CVE-2026-4725,0.00318,0.24916
CVE-2026-4726,0.0053,0.4357
CVE-2026-4727,0.0053,0.4357
CVE-2026-4728,0.00235,0.14697
CVE-2026-4729,0.0033,0.26335
CVE-2026-4730,0.00188,0.08605
CVE-2026-4731,0.00128,0.02825
CVE-2026-4732,0.00128,0.02825
CVE-2026-4733,0.00238,0.15046
CVE-2026-4734,0.00276,0.20244
CVE-2026-4735,0.00298,0.22665
CVE-2026-4736,0.00088,0.00464
CVE-2026-4737,0.00088,0.00464
CVE-2026-4738,0.00276,0.20275
CVE-2026-4739,0.00276,0.20275
CVE-2026-4740,0.00148,0.04419
CVE-2026-4741,0.00362,0.2994
CVE-2026-4742,0.00207,0.11172
CVE-2026-4743,0.00117,0.01908
CVE-2026-4744,0.00128,0.02825
CVE-2026-4745,0.00286,0.21366
CVE-2026-4746,0.00276,0.20244
CVE-2026-4747,0.02494,0.83852
CVE-2026-4748,0.0025,0.16658
CVE-2026-4749,0.00244,0.15843
CVE-2026-4750,0.00403,0.34306
CVE-2026-4751,0.00312,0.24281
CVE-2026-4752,0.00118,0.01976
CVE-2026-4753,0.00417,0.35568
CVE-2026-4754,0.00145,0.04181
CVE-2026-4755,0.00284,0.2108
CVE-2026-4756,0.00113,0.01651
CVE-2026-4757,0.0039,0.32935
CVE-2026-4758,0.0078,0.53979
CVE-2026-4760,0.00343,0.278
CVE-2026-4761,0.00122,0.02263
CVE-2026-4764,0.00207,0.11125
CVE-2026-4765,0.00436,0.37284
CVE-2026-4766,0.00187,0.08529
CVE-2026-4767,0.00606,0.47376
CVE-2026-4769,0.00757,0.53243
CVE-2026-4770,0.00226,0.1353
CVE-2026-4772,0.00226,0.13528
CVE-2026-4773,0.00471,0.39811
CVE-2026-4775,0.00553,0.44832
CVE-2026-4776,0.00224,0.13284
CVE-2026-4777,0.00245,0.15968
CVE-2026-4778,0.00303,0.23217
CVE-2026-4779,0.00361,0.29762
CVE-2026-4780,0.00295,0.22332
CVE-2026-4781,0.00295,0.22332
CVE-2026-4782,0.00473,0.39988
CVE-2026-4783,0.00196,0.09653
CVE-2026-4784,0.00333,0.2663
CVE-2026-4785,0.00362,0.29884
CVE-2026-4786,0.0029,0.21779
CVE-2026-4788,0.00116,0.01848
CVE-2026-4789,0.00696,0.51186
CVE-2026-4790,0.00194,0.09339
CVE-2026-4792,0.00331,0.26458
CVE-2026-4793,0.0015,0.04564
CVE-2026-4794,0.00179,0.07714
CVE-2026-4795,0.00234,0.14519
CVE-2026-4798,0.00511,0.42425
CVE-2026-4799,0.00176,0.0733
CVE-2026-4800,0.02759,0.85549
CVE-2026-4801,0.00406,0.34552
CVE-2026-4802,0.01016,0.61303
CVE-2026-4803,0.00359,0.29582
CVE-2026-4804,0.00283,0.21031
CVE-2026-4805,0.00206,0.11042
CVE-2026-4807,0.00492,0.41227
CVE-2026-4808,0.00554,0.44872
CVE-2026-4809,0.0087,0.56784
CVE-2026-4810,0.01818,0.77432
CVE-2026-4811,0.00311,0.24129
CVE-2026-4812,0.0091,0.57938
CVE-2026-4813,0.0034,0.27485
CVE-2026-4815,0.00244,0.15859
CVE-2026-4816,0.0014,0.03751
CVE-2026-4817,0.00462,0.39145
CVE-2026-4818,0.00189,0.08747
CVE-2026-4819,0.00212,0.11736
CVE-2026-4820,0.00118,0.01966
CVE-2026-4822,0.00163,0.05918
CVE-2026-4823,0.00131,0.03043
CVE-2026-4824,0.00136,0.03379
CVE-2026-4825,0.00303,0.23217
CVE-2026-4826,0.00348,0.2836
CVE-2026-4827,0.00312,0.24169
CVE-2026-4828,0.0026,0.17947
CVE-2026-4829,0.00167,0.06424
CVE-2026-4830,0.00258,0.17712
CVE-2026-4831,0.0048,0.40415
CVE-2026-4832,0.00271,0.19495
CVE-2026-4833,0.0012,0.02079
CVE-2026-4834,0.00273,0.19857
CVE-2026-4835,0.00195,0.09461
CVE-2026-4836,0.00196,0.0965
CVE-2026-4837,0.0041,0.34867
CVE-2026-4838,0.00259,0.17906
CVE-2026-4839,0.00259,0.17905
CVE-2026-4840,0.1048,0.95611
CVE-2026-4841,0.00259,0.17909
CVE-2026-4842,0.00318,0.24903
CVE-2026-4843,0.00192,0.09133
CVE-2026-4844,0.00325,0.25705
CVE-2026-4845,0.00337,0.27082
CVE-2026-4846,0.00269,0.19266
CVE-2026-4847,0.00337,0.27083
CVE-2026-4848,0.00269,0.19266
CVE-2026-4849,0.0027,0.19403
CVE-2026-4850,0.00345,0.27992
CVE-2026-4851,0.0047,0.39719
CVE-2026-4852,0.00155,0.05
CVE-2026-4853,0.00713,0.51781
CVE-2026-4857,0.00269,0.19281
CVE-2026-4858,0.00327,0.2601
CVE-2026-4859,0.00187,0.08525
CVE-2026-4860,0.00427,0.36491
CVE-2026-4861,0.0085,0.56172
CVE-2026-4862,0.00472,0.39903
CVE-2026-4867,0.00496,0.41469
CVE-2026-4868,0.00341,0.2764
CVE-2026-4870,0.00268,0.19182
CVE-2026-4871,0.00181,0.07961
CVE-2026-4873,0.00329,0.26136
CVE-2026-4874,0.00295,0.22376
CVE-2026-4875,0.00223,0.13115
CVE-2026-4876,0.00196,0.09645
CVE-2026-4877,0.00269,0.19266
CVE-2026-4878,0.00201,0.10335
CVE-2026-4879,0.00243,0.15738
CVE-2026-4880,0.00503,0.41919
CVE-2026-4881,0.0021,0.11505
CVE-2026-4882,0.00653,0.49509
CVE-2026-4883,0.0081,0.5495
CVE-2026-4885,0.00953,0.59273
CVE-2026-4887,0.00634,0.48665
CVE-2026-4888,0.00275,0.20104
CVE-2026-4890,0.08849,0.95028
CVE-2026-4891,0.06411,0.9346
CVE-2026-4892,0.00812,0.55005
CVE-2026-4893,0.01784,0.76977
CVE-2026-4895,0.0042,0.35846
CVE-2026-4896,0.00351,0.28667
CVE-2026-4897,0.00153,0.0482
CVE-2026-4898,0.00343,0.27816
CVE-2026-4899,0.00293,0.22145
CVE-2026-4900,0.00433,0.3701
CVE-2026-4901,0.00259,0.1785
CVE-2026-4902,0.00632,0.48609
CVE-2026-4903,0.05461,0.92441
CVE-2026-4904,0.00746,0.52877
CVE-2026-4905,0.00632,0.48613
CVE-2026-4906,0.02604,0.84626
CVE-2026-4907,0.00206,0.10922
CVE-2026-4908,0.00393,0.33177
CVE-2026-4909,0.00289,0.21663
CVE-2026-4910,0.00259,0.17913
CVE-2026-4911,0.00308,0.23758
CVE-2026-4912,0.0024,0.15385
CVE-2026-4913,0.00586,0.46462
CVE-2026-4914,0.00345,0.28051
CVE-2026-4915,0.00277,0.2038
CVE-2026-4916,0.00348,0.2833
CVE-2026-4917,0.00356,0.29306
CVE-2026-4918,0.00142,0.03904
CVE-2026-4919,0.00185,0.08346
CVE-2026-4920,0.00187,0.08524
CVE-2026-4922,0.00213,0.11938
CVE-2026-4923,0.00353,0.28925
CVE-2026-4924,0.00326,0.25868
CVE-2026-4925,0.00194,0.09334
CVE-2026-4926,0.00791,0.54342
CVE-2026-4927,0.00224,0.13264
CVE-2026-4929,0.00205,0.10768
CVE-2026-4930,0.00139,0.03642
CVE-2026-4931,0.00257,0.17696
CVE-2026-4932,0.00082,0.00258
CVE-2026-4933,0.00232,0.14337
CVE-2026-4935,0.00262,0.18342
CVE-2026-4936,0.00074,0.0009
CVE-2026-4937,0.00099,0.00894
CVE-2026-4938,0.00299,0.22784
CVE-2026-4942,0.00247,0.16247
CVE-2026-4944,0.00747,0.52918
CVE-2026-4945,0.00298,0.2263
CVE-2026-4946,0.00481,0.40492
CVE-2026-4947,0.00174,0.07207
CVE-2026-4948,0.00124,0.02445
CVE-2026-4949,0.00316,0.2469
CVE-2026-4953,0.00278,0.20482
CVE-2026-4954,0.00192,0.09167
CVE-2026-4955,0.00254,0.17204
CVE-2026-4956,0.00318,0.24901
CVE-2026-4957,0.0028,0.20667
CVE-2026-4958,0.00383,0.3209
CVE-2026-4959,0.0043,0.36715
CVE-2026-4960,0.00773,0.53747
CVE-2026-4961,0.00773,0.53746
CVE-2026-4962,0.00229,0.13984
CVE-2026-4963,0.00575,0.45941
CVE-2026-4964,0.00327,0.26012
CVE-2026-4965,0.00604,0.47288
CVE-2026-4966,0.0025,0.16611
CVE-2026-4967,0.00706,0.51563
CVE-2026-4968,0.00194,0.09373
CVE-2026-4969,0.00191,0.09013
CVE-2026-4970,0.00192,0.09167
CVE-2026-4971,0.00155,0.05017
CVE-2026-4972,0.00202,0.104
CVE-2026-4973,0.00239,0.15251
CVE-2026-4974,0.00632,0.48608
CVE-2026-4975,0.00632,0.48609
CVE-2026-4976,0.00655,0.49573
CVE-2026-4977,0.00297,0.22524
CVE-2026-4978,0.0026,0.18038
CVE-2026-4979,0.00356,0.29307
CVE-2026-4980,0.00202,0.10352
CVE-2026-4982,0.00247,0.16219
CVE-2026-4983,0.0031,0.2394
CVE-2026-4984,0.00156,0.05174
CVE-2026-4985,0.00492,0.41229
CVE-2026-4986,0.00202,0.10366
CVE-2026-4987,0.00955,0.59327
CVE-2026-4988,0.00566,0.45514
CVE-2026-4989,0.00162,0.05815
CVE-2026-4990,0.0035,0.28647
CVE-2026-4991,0.00189,0.08708
CVE-2026-4992,0.00337,0.27084
CVE-2026-4993,0.00144,0.04036
CVE-2026-4994,0.00198,0.09891
CVE-2026-4995,0.00191,0.09011
CVE-2026-4996,0.00259,0.17909
CVE-2026-4997,0.0055,0.4467
CVE-2026-4998,0.00532,0.43714
CVE-2026-4999,0.00346,0.28188
