#model_version:v2026.06.15,score_date:2026-09-23T12:00:20Z
cve,epss,percentile
CVE-2024-20001,0.00107,0.01278
CVE-2024-20002,0.00112,0.01537
CVE-2024-20003,0.01051,0.6284
CVE-2024-20004,0.01205,0.66963
CVE-2024-20005,0.00095,0.00713
CVE-2024-20006,0.00223,0.13178
CVE-2024-20007,0.00252,0.16945
CVE-2024-20009,0.00373,0.31162
CVE-2024-20010,0.00087,0.00422
CVE-2024-20011,0.00446,0.38214
CVE-2024-20012,0.00091,0.0056
CVE-2024-20013,0.00112,0.01537
CVE-2024-20015,0.00095,0.00743
CVE-2024-20016,0.00107,0.01294
CVE-2024-20017,0.46609,0.9877
CVE-2024-20018,0.00979,0.6074
CVE-2024-20019,0.00721,0.52527
CVE-2024-20020,0.0012,0.02096
CVE-2024-20021,0.00111,0.01479
CVE-2024-20022,0.00123,0.02426
CVE-2024-20023,0.00104,0.01142
CVE-2024-20024,0.00102,0.0106
CVE-2024-20025,0.00087,0.00432
CVE-2024-20026,0.00083,0.0029
CVE-2024-20027,0.00111,0.01476
CVE-2024-20028,0.00273,0.19956
CVE-2024-20029,0.0009,0.00529
CVE-2024-20030,0.00101,0.01012
CVE-2024-20031,0.00087,0.00432
CVE-2024-20032,0.00085,0.00349
CVE-2024-20033,0.00088,0.00439
CVE-2024-20034,0.00302,0.23161
CVE-2024-20036,0.00083,0.00308
CVE-2024-20037,0.00089,0.00485
CVE-2024-20038,0.001,0.00987
CVE-2024-20039,0.00878,0.57557
CVE-2024-20040,0.00178,0.07578
CVE-2024-20041,0.0022,0.1271
CVE-2024-20042,0.00273,0.19983
CVE-2024-20043,0.00243,0.15805
CVE-2024-20044,0.00273,0.19984
CVE-2024-20045,0.00087,0.00419
CVE-2024-20046,0.00269,0.19335
CVE-2024-20047,0.00218,0.12544
CVE-2024-20048,0.00105,0.01188
CVE-2024-20049,0.00101,0.01016
CVE-2024-20050,0.00101,0.01016
CVE-2024-20051,0.00082,0.00281
CVE-2024-20052,0.00101,0.01016
CVE-2024-20053,0.0009,0.00535
CVE-2024-20054,0.00269,0.19335
CVE-2024-20055,0.00079,0.00194
CVE-2024-20056,0.00091,0.00564
CVE-2024-20057,0.00286,0.21424
CVE-2024-20058,0.00106,0.01226
CVE-2024-20059,0.00091,0.00564
CVE-2024-20060,0.00106,0.01243
CVE-2024-20064,0.00092,0.00613
CVE-2024-20065,0.00095,0.00761
CVE-2024-20066,0.00669,0.50553
CVE-2024-20067,0.00724,0.5262
CVE-2024-20068,0.0056,0.45412
CVE-2024-20069,0.00572,0.46079
CVE-2024-20070,0.00101,0.01007
CVE-2024-20071,0.00169,0.06644
CVE-2024-20072,0.00434,0.3723
CVE-2024-20073,0.00434,0.3723
CVE-2024-20074,0.00224,0.13334
CVE-2024-20075,0.00083,0.00291
CVE-2024-20076,0.00744,0.53316
CVE-2024-20077,0.00744,0.53316
CVE-2024-20078,0.00261,0.18171
CVE-2024-20079,0.00173,0.07067
CVE-2024-20080,0.00285,0.21276
CVE-2024-20081,0.00217,0.12425
CVE-2024-20082,0.01364,0.70603
CVE-2024-20083,0.00261,0.18125
CVE-2024-20084,0.00098,0.0086
CVE-2024-20085,0.00096,0.00795
CVE-2024-20086,0.00081,0.00241
CVE-2024-20087,0.00081,0.0024
CVE-2024-20088,0.00096,0.00809
CVE-2024-20089,0.00306,0.23601
CVE-2024-20090,0.00088,0.00447
CVE-2024-20091,0.00083,0.0031
CVE-2024-20092,0.00083,0.00282
CVE-2024-20093,0.00103,0.01079
CVE-2024-20094,0.00753,0.53613
CVE-2024-20095,0.00099,0.00919
CVE-2024-20096,0.00099,0.00919
CVE-2024-20097,0.00099,0.00919
CVE-2024-20098,0.00081,0.0023
CVE-2024-20099,0.00081,0.0023
CVE-2024-20100,0.00333,0.26692
CVE-2024-20101,0.00321,0.25368
CVE-2024-20102,0.00301,0.23029
CVE-2024-20103,0.00333,0.26692
CVE-2024-20104,0.00089,0.00475
CVE-2024-20105,0.00086,0.00396
CVE-2024-20106,0.00084,0.00324
CVE-2024-20107,0.00102,0.01077
CVE-2024-20108,0.00081,0.00231
CVE-2024-20109,0.00079,0.00187
CVE-2024-20110,0.00081,0.00247
CVE-2024-20111,0.00079,0.00186
CVE-2024-20112,0.00076,0.0013
CVE-2024-20113,0.00079,0.00187
CVE-2024-20114,0.00079,0.00186
CVE-2024-20115,0.00079,0.00188
CVE-2024-20116,0.00082,0.00259
CVE-2024-20117,0.00078,0.0016
CVE-2024-20118,0.00079,0.00186
CVE-2024-20119,0.00079,0.00187
CVE-2024-20120,0.00079,0.00187
CVE-2024-20121,0.00081,0.00247
CVE-2024-20122,0.00078,0.00157
CVE-2024-20123,0.00078,0.00157
CVE-2024-20124,0.00078,0.00157
CVE-2024-20125,0.00082,0.00258
CVE-2024-20127,0.00306,0.23601
CVE-2024-20128,0.00306,0.236
CVE-2024-20129,0.00306,0.236
CVE-2024-20130,0.00079,0.00186
CVE-2024-20131,0.00175,0.07268
CVE-2024-20132,0.00175,0.07268
CVE-2024-20133,0.00175,0.07268
CVE-2024-20134,0.00081,0.00227
CVE-2024-20135,0.00081,0.0023
CVE-2024-20136,0.00085,0.00346
CVE-2024-20137,0.01275,0.68672
CVE-2024-20138,0.00286,0.21393
CVE-2024-20139,0.00116,0.01823
CVE-2024-20140,0.00082,0.00254
CVE-2024-20141,0.00102,0.01032
CVE-2024-20142,0.00102,0.0106
CVE-2024-20143,0.0011,0.01416
CVE-2024-20144,0.0011,0.01415
CVE-2024-20145,0.0011,0.01416
CVE-2024-20146,0.00136,0.03371
CVE-2024-20147,0.00215,0.12148
CVE-2024-20148,0.00259,0.17859
CVE-2024-20149,0.00723,0.52586
CVE-2024-20150,0.00757,0.53721
CVE-2024-20151,0.00169,0.06676
CVE-2024-20152,0.00092,0.00586
CVE-2024-20153,0.00323,0.25622
CVE-2024-20154,0.03945,0.89956
CVE-2024-20251,0.00355,0.29354
CVE-2024-20252,0.00846,0.56551
CVE-2024-20253,0.02399,0.83305
CVE-2024-20254,0.00805,0.55266
CVE-2024-20255,0.00603,0.47574
CVE-2024-20256,0.00294,0.22282
CVE-2024-20257,0.00289,0.21765
CVE-2024-20258,0.00319,0.25103
CVE-2024-20259,0.00816,0.55626
CVE-2024-20260,0.00594,0.47117
CVE-2024-20261,0.0037,0.30864
CVE-2024-20262,0.00146,0.04196
CVE-2024-20263,0.0045,0.38518
CVE-2024-20264,0.00391,0.33073
CVE-2024-20265,0.00249,0.16562
CVE-2024-20266,0.0064,0.4927
CVE-2024-20267,0.00926,0.59005
CVE-2024-20268,0.00644,0.49493
CVE-2024-20269,0.00391,0.33073
CVE-2024-20270,0.00355,0.29353
CVE-2024-20271,0.00633,0.48997
CVE-2024-20272,0.01604,0.74802
CVE-2024-20273,0.00426,0.36483
CVE-2024-20274,0.00429,0.36715
CVE-2024-20275,0.00516,0.42937
CVE-2024-20276,0.00291,0.21952
CVE-2024-20277,0.00828,0.56004
CVE-2024-20278,0.00546,0.44672
CVE-2024-20279,0.00319,0.25124
CVE-2024-20280,0.00111,0.01524
CVE-2024-20281,0.0026,0.18081
CVE-2024-20282,0.00168,0.06459
CVE-2024-20283,0.00407,0.34788
CVE-2024-20284,0.00194,0.094
CVE-2024-20285,0.00194,0.09399
CVE-2024-20286,0.00194,0.09399
CVE-2024-20287,0.01358,0.70489
CVE-2024-20289,0.00227,0.13709
CVE-2024-20290,0.33558,0.98311
CVE-2024-20291,0.0089,0.57874
CVE-2024-20292,0.00109,0.014
CVE-2024-20293,0.00395,0.33518
CVE-2024-20294,0.00318,0.24941
CVE-2024-20295,0.01172,0.66114
CVE-2024-20296,0.00471,0.39951
CVE-2024-20297,0.0048,0.40565
CVE-2024-20298,0.00391,0.33073
CVE-2024-20299,0.0048,0.40565
CVE-2024-20300,0.00391,0.33073
CVE-2024-20301,0.00266,0.18782
CVE-2024-20302,0.00383,0.32257
CVE-2024-20303,0.00322,0.25444
CVE-2024-20304,0.00596,0.47204
CVE-2024-20305,0.00352,0.28942
CVE-2024-20306,0.00188,0.08719
CVE-2024-20307,0.00726,0.52706
CVE-2024-20308,0.00803,0.55192
CVE-2024-20309,0.00102,0.01058
CVE-2024-20310,0.00498,0.41751
CVE-2024-20311,0.00803,0.55192
CVE-2024-20312,0.00258,0.17771
CVE-2024-20313,0.00256,0.17518
CVE-2024-20314,0.00803,0.55192
CVE-2024-20315,0.00519,0.43102
CVE-2024-20316,0.00451,0.38532
CVE-2024-20317,0.00238,0.1514
CVE-2024-20318,0.00328,0.26113
CVE-2024-20319,0.0025,0.16717
CVE-2024-20320,0.00194,0.09376
CVE-2024-20321,0.00709,0.52117
CVE-2024-20322,0.00486,0.40987
CVE-2024-20323,0.00194,0.09386
CVE-2024-20324,0.00146,0.04204
CVE-2024-20325,0.00142,0.03886
CVE-2024-20326,0.00342,0.27869
CVE-2024-20327,0.00336,0.27088
CVE-2024-20328,0.84841,0.99699
CVE-2024-20329,0.01151,0.65533
CVE-2024-20330,0.00661,0.50245
CVE-2024-20331,0.00671,0.50637
CVE-2024-20332,0.00369,0.30762
CVE-2024-20333,0.00365,0.30379
CVE-2024-20334,0.0038,0.31918
CVE-2024-20335,0.00997,0.61252
CVE-2024-20336,0.00793,0.54877
CVE-2024-20337,0.29906,0.98125
CVE-2024-20338,0.00888,0.57829
CVE-2024-20339,0.00711,0.52157
CVE-2024-20340,0.00451,0.38542
CVE-2024-20341,0.00398,0.33885
CVE-2024-20342,0.00489,0.41206
CVE-2024-20343,0.00139,0.03625
CVE-2024-20344,0.00826,0.55936
CVE-2024-20345,0.02155,0.81386
CVE-2024-20346,0.00358,0.29651
CVE-2024-20347,0.0023,0.14064
CVE-2024-20348,0.00803,0.55216
CVE-2024-20350,0.00419,0.35866
CVE-2024-20351,0.00731,0.5287
CVE-2024-20352,0.01473,0.727
CVE-2024-20353,0.70686,0.99366
CVE-2024-20354,0.00292,0.21988
CVE-2024-20355,0.00333,0.26711
CVE-2024-20356,0.32697,0.98271
CVE-2024-20357,0.00499,0.41831
CVE-2024-20358,0.00699,0.51743
CVE-2024-20359,0.19434,0.97246
CVE-2024-20360,0.00836,0.56229
CVE-2024-20361,0.00395,0.33519
CVE-2024-20362,0.00492,0.41391
CVE-2024-20363,0.00366,0.30454
CVE-2024-20364,0.00356,0.29411
CVE-2024-20365,0.0089,0.57862
CVE-2024-20366,0.00198,0.09849
CVE-2024-20367,0.00373,0.31261
CVE-2024-20368,0.00296,0.22552
CVE-2024-20369,0.00312,0.24274
CVE-2024-20370,0.00166,0.0631
CVE-2024-20371,0.00458,0.39058
CVE-2024-20372,0.00389,0.32917
CVE-2024-20373,0.005,0.41917
CVE-2024-20374,0.00793,0.54877
CVE-2024-20375,0.00745,0.53325
CVE-2024-20376,0.00881,0.57632
CVE-2024-20377,0.00359,0.2973
CVE-2024-20378,0.0081,0.55456
CVE-2024-20379,0.00623,0.48545
CVE-2024-20380,0.01101,0.64282
CVE-2024-20381,0.00576,0.4626
CVE-2024-20382,0.00389,0.32917
CVE-2024-20383,0.00351,0.28779
CVE-2024-20384,0.0045,0.38475
CVE-2024-20385,0.003,0.22934
CVE-2024-20386,0.00376,0.31514
CVE-2024-20387,0.00295,0.22371
CVE-2024-20388,0.00413,0.35349
CVE-2024-20389,0.00177,0.07485
CVE-2024-20390,0.00437,0.37489
CVE-2024-20391,0.00347,0.28341
CVE-2024-20392,0.00389,0.32851
CVE-2024-20393,0.0059,0.46922
CVE-2024-20394,0.00144,0.04089
CVE-2024-20395,0.00217,0.12416
CVE-2024-20396,0.00417,0.35729
CVE-2024-20397,0.00298,0.22713
CVE-2024-20398,0.00212,0.11763
CVE-2024-20399,0.04306,0.90721
CVE-2024-20400,0.00378,0.31679
CVE-2024-20401,0.02278,0.82384
CVE-2024-20402,0.00521,0.43232
CVE-2024-20403,0.00292,0.22095
CVE-2024-20404,0.22644,0.97621
CVE-2024-20405,0.00648,0.49679
CVE-2024-20406,0.00238,0.1514
CVE-2024-20407,0.00402,0.3424
CVE-2024-20408,0.00443,0.3799
CVE-2024-20409,0.00309,0.23934
CVE-2024-20410,0.00309,0.23946
CVE-2024-20411,0.0016,0.05625
CVE-2024-20412,0.00214,0.12048
CVE-2024-20413,0.00149,0.04498
CVE-2024-20414,0.00264,0.18541
CVE-2024-20415,0.00309,0.23934
CVE-2024-20416,0.00857,0.56924
CVE-2024-20417,0.00498,0.41757
CVE-2024-20418,0.03126,0.87305
CVE-2024-20419,0.80635,0.99607
CVE-2024-20420,0.00356,0.29379
CVE-2024-20421,0.0023,0.1409
CVE-2024-20424,0.00935,0.59288
CVE-2024-20426,0.00518,0.43097
CVE-2024-20429,0.00616,0.48201
CVE-2024-20430,0.002,0.10082
CVE-2024-20431,0.00395,0.33565
CVE-2024-20432,0.01142,0.65295
CVE-2024-20433,0.0063,0.4886
CVE-2024-20434,0.00257,0.17658
CVE-2024-20435,0.00164,0.06042
CVE-2024-20436,0.0086,0.56992
CVE-2024-20437,0.00298,0.22711
CVE-2024-20438,0.00362,0.3011
CVE-2024-20439,0.92062,0.99818
CVE-2024-20440,0.51897,0.98902
CVE-2024-20441,0.00491,0.41331
CVE-2024-20442,0.00362,0.3011
CVE-2024-20443,0.00289,0.21773
CVE-2024-20444,0.00755,0.53656
CVE-2024-20445,0.00441,0.37746
CVE-2024-20446,0.00784,0.54585
CVE-2024-20448,0.0012,0.02076
CVE-2024-20449,0.00946,0.5963
CVE-2024-20450,0.07225,0.94051
CVE-2024-20451,0.00753,0.53604
CVE-2024-20454,0.066,0.93549
CVE-2024-20455,0.00662,0.50274
CVE-2024-20456,0.00191,0.08996
CVE-2024-20457,0.00441,0.37804
CVE-2024-20458,0.00715,0.52307
CVE-2024-20459,0.00668,0.50505
CVE-2024-20460,0.00319,0.25073
CVE-2024-20461,0.0018,0.0789
CVE-2024-20462,0.00156,0.05222
CVE-2024-20463,0.00356,0.29437
CVE-2024-20464,0.00568,0.45866
CVE-2024-20465,0.00416,0.35593
CVE-2024-20466,0.00477,0.40379
CVE-2024-20467,0.0098,0.60766
CVE-2024-20469,0.00468,0.39704
CVE-2024-20470,0.00616,0.48204
CVE-2024-20471,0.00442,0.3784
CVE-2024-20472,0.00442,0.37839
CVE-2024-20473,0.00442,0.3784
CVE-2024-20474,0.00597,0.47317
CVE-2024-20475,0.00325,0.25853
CVE-2024-20476,0.00353,0.29059
CVE-2024-20477,0.00453,0.3871
CVE-2024-20478,0.0074,0.53181
CVE-2024-20479,0.00289,0.21764
CVE-2024-20480,0.00575,0.46227
CVE-2024-20481,0.1575,0.96716
CVE-2024-20482,0.00492,0.41375
CVE-2024-20483,0.01098,0.64217
CVE-2024-20484,0.00635,0.49054
CVE-2024-20485,0.00185,0.08328
CVE-2024-20486,0.00282,0.20988
CVE-2024-20487,0.00273,0.19894
CVE-2024-20488,0.0037,0.30905
CVE-2024-20489,0.00144,0.04054
CVE-2024-20490,0.00286,0.21358
CVE-2024-20491,0.00286,0.21358
CVE-2024-20492,0.00551,0.44986
CVE-2024-20493,0.00549,0.44848
CVE-2024-20494,0.00514,0.42827
CVE-2024-20495,0.00514,0.42826
CVE-2024-20496,0.00225,0.13483
CVE-2024-20497,0.00322,0.25463
CVE-2024-20498,0.00505,0.42181
CVE-2024-20499,0.00505,0.42181
CVE-2024-20500,0.00553,0.45081
CVE-2024-20501,0.00505,0.4218
CVE-2024-20502,0.0052,0.43179
CVE-2024-20503,0.00108,0.01361
CVE-2024-20504,0.00278,0.2047
CVE-2024-20505,0.00555,0.4517
CVE-2024-20506,0.00318,0.24937
CVE-2024-20507,0.00385,0.32389
CVE-2024-20508,0.00417,0.35693
CVE-2024-20509,0.00386,0.32567
CVE-2024-20510,0.00276,0.20251
CVE-2024-20511,0.00315,0.24698
CVE-2024-20512,0.00315,0.24699
CVE-2024-20513,0.00452,0.38609
CVE-2024-20514,0.00277,0.20425
CVE-2024-20515,0.00287,0.21548
CVE-2024-20516,0.00443,0.37981
CVE-2024-20517,0.00443,0.37981
CVE-2024-20518,0.00614,0.48103
CVE-2024-20519,0.00614,0.48103
CVE-2024-20520,0.00614,0.48104
CVE-2024-20521,0.00659,0.50166
CVE-2024-20522,0.00462,0.39293
CVE-2024-20523,0.00476,0.40299
CVE-2024-20524,0.00476,0.40298
CVE-2024-20525,0.00316,0.24739
CVE-2024-20526,0.00489,0.41186
CVE-2024-20527,0.00533,0.43992
CVE-2024-20528,0.00609,0.47849
CVE-2024-20529,0.00533,0.43993
CVE-2024-20530,0.00316,0.24738
CVE-2024-20531,0.00353,0.29088
CVE-2024-20532,0.00533,0.43993
CVE-2024-20533,0.00278,0.20453
CVE-2024-20534,0.00278,0.20452
CVE-2024-20536,0.00767,0.54053
CVE-2024-20537,0.00463,0.39413
CVE-2024-20538,0.00316,0.24738
CVE-2024-20539,0.00273,0.19929
CVE-2024-20540,0.00273,0.19903
CVE-2024-20652,0.02084,0.80747
CVE-2024-20653,0.04493,0.91066
CVE-2024-20654,0.0199,0.79777
CVE-2024-20655,0.01408,0.71478
CVE-2024-20656,0.03946,0.89958
CVE-2024-20657,0.00569,0.45904
CVE-2024-20658,0.00706,0.51976
CVE-2024-20659,0.00948,0.59708
CVE-2024-20660,0.02039,0.80291
CVE-2024-20661,0.02759,0.85635
CVE-2024-20662,0.01921,0.79046
CVE-2024-20663,0.01925,0.79082
CVE-2024-20664,0.01997,0.79847
CVE-2024-20665,0.00727,0.52724
CVE-2024-20666,0.03104,0.87208
CVE-2024-20667,0.01359,0.70503
CVE-2024-20669,0.00611,0.47928
CVE-2024-20670,0.02309,0.8264
CVE-2024-20671,0.00914,0.58647
CVE-2024-20672,0.02895,0.86343
CVE-2024-20673,0.01187,0.66535
CVE-2024-20674,0.17168,0.96954
CVE-2024-20675,0.00484,0.40825
CVE-2024-20676,0.02629,0.8486
CVE-2024-20677,0.03287,0.87942
CVE-2024-20678,0.02518,0.84157
CVE-2024-20679,0.01335,0.69958
CVE-2024-20680,0.02039,0.80291
CVE-2024-20681,0.007,0.51767
CVE-2024-20682,0.00757,0.53739
CVE-2024-20683,0.04207,0.90534
CVE-2024-20684,0.0103,0.6226
CVE-2024-20685,0.05533,0.92475
CVE-2024-20686,0.00671,0.50624
CVE-2024-20687,0.02503,0.84038
CVE-2024-20688,0.01273,0.68636
CVE-2024-20689,0.01273,0.68635
CVE-2024-20690,0.01325,0.69739
CVE-2024-20691,0.00587,0.4678
CVE-2024-20692,0.01183,0.66444
CVE-2024-20693,0.00841,0.56379
CVE-2024-20694,0.00887,0.57781
CVE-2024-20695,0.0056,0.4543
CVE-2024-20696,0.03128,0.87314
CVE-2024-20697,0.72163,0.99406
CVE-2024-20698,0.08647,0.94874
CVE-2024-20699,0.00739,0.53153
CVE-2024-20700,0.0395,0.89969
CVE-2024-20701,0.01611,0.74897
CVE-2024-20709,0.006,0.47449
CVE-2024-20710,0.00288,0.21621
CVE-2024-20711,0.00289,0.21731
CVE-2024-20712,0.00289,0.21731
CVE-2024-20713,0.00289,0.21731
CVE-2024-20714,0.00288,0.21621
CVE-2024-20715,0.00288,0.21621
CVE-2024-20716,0.00874,0.57432
CVE-2024-20717,0.00442,0.37828
CVE-2024-20718,0.00759,0.53813
CVE-2024-20719,0.01307,0.69347
CVE-2024-20720,0.03657,0.89134
CVE-2024-20721,0.0072,0.52491
CVE-2024-20722,0.00227,0.1374
CVE-2024-20723,0.00365,0.30378
CVE-2024-20724,0.00245,0.16039
CVE-2024-20725,0.00245,0.16039
CVE-2024-20726,0.02379,0.83159
CVE-2024-20727,0.01996,0.79836
CVE-2024-20728,0.02791,0.85821
CVE-2024-20729,0.03389,0.88292
CVE-2024-20730,0.04448,0.90986
CVE-2024-20731,0.02611,0.84748
CVE-2024-20733,0.03427,0.88411
CVE-2024-20734,0.03322,0.88069
CVE-2024-20735,0.02336,0.82858
CVE-2024-20736,0.03161,0.87441
CVE-2024-20737,0.00439,0.37626
CVE-2024-20738,0.01062,0.63175
CVE-2024-20739,0.00612,0.47988
CVE-2024-20740,0.00239,0.15289
CVE-2024-20741,0.00269,0.19313
CVE-2024-20742,0.00269,0.19314
CVE-2024-20743,0.00239,0.1529
CVE-2024-20744,0.00239,0.15289
CVE-2024-20745,0.00543,0.44521
CVE-2024-20746,0.00456,0.38913
CVE-2024-20747,0.02385,0.83202
CVE-2024-20748,0.02336,0.82858
CVE-2024-20749,0.02336,0.82858
CVE-2024-20750,0.00339,0.27428
CVE-2024-20752,0.07758,0.94377
CVE-2024-20753,0.00315,0.247
CVE-2024-20754,0.00334,0.26901
CVE-2024-20755,0.04369,0.90844
CVE-2024-20756,0.04075,0.90253
CVE-2024-20757,0.00358,0.29652
CVE-2024-20758,0.01418,0.71659
CVE-2024-20759,0.01028,0.62198
CVE-2024-20760,0.00418,0.35802
CVE-2024-20761,0.00354,0.29168
CVE-2024-20762,0.00326,0.2597
CVE-2024-20763,0.00393,0.3338
CVE-2024-20764,0.00393,0.33381
CVE-2024-20765,0.00562,0.45555
CVE-2024-20766,0.00337,0.27218
CVE-2024-20767,0.98514,0.99919
CVE-2024-20768,0.00418,0.35802
CVE-2024-20769,0.00717,0.52387
CVE-2024-20770,0.00337,0.27218
CVE-2024-20771,0.00288,0.21572
CVE-2024-20772,0.00612,0.47975
CVE-2024-20778,0.00503,0.42095
CVE-2024-20779,0.00503,0.42096
CVE-2024-20780,0.00503,0.42096
CVE-2024-20781,0.0034,0.2761
CVE-2024-20782,0.00292,0.22028
CVE-2024-20783,0.00361,0.29921
CVE-2024-20784,0.00717,0.5239
CVE-2024-20785,0.00361,0.29921
CVE-2024-20787,0.00228,0.13884
CVE-2024-20789,0.00386,0.32574
CVE-2024-20790,0.00245,0.1604
CVE-2024-20791,0.00339,0.27428
CVE-2024-20792,0.00372,0.31079
CVE-2024-20793,0.00245,0.16038
CVE-2024-20794,0.00253,0.17068
CVE-2024-20795,0.00398,0.33807
CVE-2024-20796,0.00288,0.21571
CVE-2024-20797,0.00389,0.32939
CVE-2024-20798,0.00245,0.1604
CVE-2024-20799,0.0041,0.3499
CVE-2024-20800,0.00459,0.39107
CVE-2024-20802,0.00155,0.05032
CVE-2024-20803,0.00277,0.20427
CVE-2024-20804,0.00182,0.0806
CVE-2024-20805,0.00181,0.07946
CVE-2024-20806,0.00147,0.04324
CVE-2024-20807,0.00204,0.10643
CVE-2024-20808,0.00138,0.03596
CVE-2024-20809,0.00138,0.03596
CVE-2024-20810,0.00162,0.05807
CVE-2024-20811,0.00137,0.03453
CVE-2024-20812,0.00188,0.08668
CVE-2024-20813,0.00226,0.13585
CVE-2024-20814,0.00197,0.09799
CVE-2024-20815,0.00385,0.32469
CVE-2024-20816,0.00368,0.30642
CVE-2024-20817,0.00174,0.07099
CVE-2024-20818,0.00174,0.071
CVE-2024-20819,0.00174,0.071
CVE-2024-20820,0.00203,0.10596
CVE-2024-20821,0.00164,0.05998
CVE-2024-20822,0.00169,0.06648
CVE-2024-20823,0.00169,0.06648
CVE-2024-20824,0.00169,0.06648
CVE-2024-20825,0.00169,0.06583
CVE-2024-20826,0.00146,0.04265
CVE-2024-20827,0.00224,0.13239
CVE-2024-20828,0.00241,0.15528
CVE-2024-20829,0.00348,0.28482
CVE-2024-20830,0.00136,0.03392
CVE-2024-20831,0.00154,0.04865
CVE-2024-20832,0.00164,0.0608
CVE-2024-20833,0.00106,0.01256
CVE-2024-20834,0.0014,0.03707
CVE-2024-20835,0.0014,0.03729
CVE-2024-20836,0.00158,0.05392
CVE-2024-20837,0.00148,0.04371
CVE-2024-20838,0.00182,0.08068
CVE-2024-20839,0.00252,0.16942
CVE-2024-20840,0.00228,0.13849
CVE-2024-20841,0.00171,0.06852
CVE-2024-20842,0.0016,0.05591
CVE-2024-20843,0.00175,0.07324
CVE-2024-20844,0.00193,0.09304
CVE-2024-20845,0.0022,0.12839
CVE-2024-20846,0.00177,0.07531
CVE-2024-20847,0.00141,0.03816
CVE-2024-20848,0.0016,0.05647
CVE-2024-20849,0.00186,0.08465
CVE-2024-20850,0.00147,0.04316
CVE-2024-20851,0.00135,0.03353
CVE-2024-20852,0.00135,0.03363
CVE-2024-20853,0.00152,0.04732
CVE-2024-20854,0.00138,0.03546
CVE-2024-20855,0.00249,0.16506
CVE-2024-20856,0.00294,0.223
CVE-2024-20857,0.00152,0.04696
CVE-2024-20858,0.00152,0.04696
CVE-2024-20859,0.00155,0.04991
CVE-2024-20860,0.00144,0.04071
CVE-2024-20861,0.00191,0.09072
CVE-2024-20862,0.00205,0.10826
CVE-2024-20863,0.00192,0.09101
CVE-2024-20864,0.00176,0.07382
CVE-2024-20865,0.00317,0.24836
CVE-2024-20866,0.00277,0.20353
CVE-2024-20867,0.00155,0.05045
CVE-2024-20868,0.00167,0.06323
CVE-2024-20869,0.00149,0.045
CVE-2024-20870,0.00145,0.04147
CVE-2024-20871,0.00221,0.12921
CVE-2024-20872,0.00148,0.04351
CVE-2024-20873,0.00144,0.04089
CVE-2024-20874,0.00156,0.05127
CVE-2024-20875,0.00133,0.03214
CVE-2024-20876,0.00148,0.04392
CVE-2024-20877,0.00208,0.11228
CVE-2024-20878,0.00208,0.11228
CVE-2024-20879,0.00148,0.04356
CVE-2024-20880,0.0025,0.16716
CVE-2024-20881,0.00154,0.0495
CVE-2024-20882,0.0022,0.12701
CVE-2024-20883,0.00148,0.04396
CVE-2024-20884,0.00148,0.04396
CVE-2024-20885,0.00134,0.03271
CVE-2024-20886,0.0017,0.06724
CVE-2024-20887,0.00297,0.2262
CVE-2024-20888,0.00173,0.07012
CVE-2024-20889,0.00224,0.13242
CVE-2024-20890,0.00232,0.14391
CVE-2024-20891,0.00148,0.0436
CVE-2024-20892,0.00105,0.01198
CVE-2024-20893,0.00159,0.05476
CVE-2024-20894,0.00239,0.15278
CVE-2024-20895,0.00143,0.03979
CVE-2024-20896,0.00146,0.04259
CVE-2024-20897,0.00134,0.03259
CVE-2024-20898,0.00133,0.03222
CVE-2024-20899,0.00133,0.03222
CVE-2024-20900,0.00136,0.03417
CVE-2024-20901,0.00154,0.04947
CVE-2024-20903,0.00416,0.35628
CVE-2024-20904,0.00375,0.31456
CVE-2024-20905,0.00521,0.4325
CVE-2024-20906,0.00312,0.24352
CVE-2024-20907,0.00327,0.26012
CVE-2024-20908,0.00327,0.26012
CVE-2024-20909,0.0043,0.36832
CVE-2024-20910,0.0033,0.26371
CVE-2024-20911,0.00301,0.23049
CVE-2024-20912,0.00339,0.2752
CVE-2024-20913,0.00308,0.23774
CVE-2024-20914,0.00188,0.08663
CVE-2024-20915,0.00493,0.41447
CVE-2024-20916,0.00344,0.28001
CVE-2024-20917,0.00378,0.31675
CVE-2024-20918,0.00918,0.58758
CVE-2024-20919,0.00799,0.55045
CVE-2024-20920,0.00194,0.09336
CVE-2024-20921,0.00864,0.57115
CVE-2024-20922,0.00303,0.23288
CVE-2024-20923,0.00601,0.4748
CVE-2024-20924,0.0043,0.36801
CVE-2024-20925,0.00557,0.45299
CVE-2024-20926,0.01035,0.62403
CVE-2024-20927,0.00503,0.42044
CVE-2024-20928,0.00326,0.25969
CVE-2024-20929,0.00322,0.2544
CVE-2024-20930,0.00366,0.30495
CVE-2024-20931,0.59412,0.9908
CVE-2024-20932,0.00782,0.54516
CVE-2024-20933,0.00168,0.06531
CVE-2024-20934,0.00168,0.06515
CVE-2024-20935,0.00361,0.29907
CVE-2024-20936,0.00309,0.23961
CVE-2024-20937,0.00375,0.31456
CVE-2024-20938,0.00309,0.23961
CVE-2024-20939,0.00464,0.39466
CVE-2024-20940,0.00168,0.06514
CVE-2024-20941,0.00361,0.29908
CVE-2024-20942,0.00168,0.06515
CVE-2024-20943,0.00269,0.19386
CVE-2024-20944,0.00163,0.0589
CVE-2024-20945,0.00415,0.35479
CVE-2024-20946,0.00177,0.07514
CVE-2024-20947,0.00308,0.23775
CVE-2024-20948,0.0031,0.2401
CVE-2024-20949,0.00361,0.29908
CVE-2024-20950,0.00327,0.26012
CVE-2024-20951,0.00342,0.27812
CVE-2024-20952,0.00918,0.58758
CVE-2024-20953,0.03934,0.8993
CVE-2024-20954,0.00524,0.43422
CVE-2024-20955,0.00524,0.4348
CVE-2024-20956,0.00439,0.37613
CVE-2024-20957,0.00471,0.39953
CVE-2024-20958,0.0034,0.27565
CVE-2024-20959,0.00184,0.08248
CVE-2024-20960,0.01117,0.64678
CVE-2024-20961,0.01104,0.64336
CVE-2024-20962,0.01117,0.64678
CVE-2024-20963,0.01104,0.64335
CVE-2024-20964,0.01023,0.62045
CVE-2024-20965,0.01539,0.73804
CVE-2024-20966,0.01096,0.64164
CVE-2024-20967,0.00816,0.55636
CVE-2024-20968,0.00858,0.56957
CVE-2024-20969,0.00839,0.56329
CVE-2024-20970,0.01096,0.64163
CVE-2024-20971,0.01038,0.62487
CVE-2024-20972,0.01096,0.64163
CVE-2024-20973,0.01057,0.63038
CVE-2024-20974,0.00881,0.5764
CVE-2024-20975,0.00891,0.57926
CVE-2024-20976,0.01096,0.64163
CVE-2024-20977,0.01057,0.63039
CVE-2024-20978,0.01031,0.62282
CVE-2024-20979,0.00269,0.19387
CVE-2024-20980,0.00308,0.23774
CVE-2024-20981,0.01038,0.62487
CVE-2024-20982,0.01096,0.64163
CVE-2024-20983,0.00926,0.58982
CVE-2024-20984,0.01048,0.6278
CVE-2024-20985,0.01104,0.64336
CVE-2024-20986,0.00203,0.10535
CVE-2024-20987,0.00308,0.23775
CVE-2024-20989,0.0052,0.43212
CVE-2024-20990,0.00536,0.44175
CVE-2024-20991,0.00574,0.46182
CVE-2024-20992,0.00296,0.2253
CVE-2024-20993,0.01085,0.63821
CVE-2024-20994,0.00976,0.60653
CVE-2024-20995,0.00532,0.43918
CVE-2024-20996,0.0085,0.5667
CVE-2024-20997,0.00833,0.5616
CVE-2024-20998,0.00962,0.60145
CVE-2024-20999,0.00273,0.19905
CVE-2024-21000,0.0062,0.484
CVE-2024-21001,0.00406,0.34631
CVE-2024-21002,0.00354,0.29172
CVE-2024-21003,0.00863,0.57074
CVE-2024-21004,0.00354,0.29173
CVE-2024-21005,0.00853,0.56764
CVE-2024-21006,0.07854,0.9443
CVE-2024-21007,0.0065,0.49796
CVE-2024-21008,0.00891,0.57896
CVE-2024-21009,0.01085,0.63821
CVE-2024-21010,0.00735,0.53026
CVE-2024-21011,0.01372,0.70774
CVE-2024-21012,0.0091,0.58481
CVE-2024-21013,0.00891,0.57896
CVE-2024-21014,0.00845,0.56491
CVE-2024-21015,0.00838,0.56289
CVE-2024-21016,0.00382,0.32139
CVE-2024-21017,0.00382,0.32139
CVE-2024-21018,0.00328,0.2617
CVE-2024-21019,0.00382,0.3214
CVE-2024-21020,0.00178,0.07625
CVE-2024-21021,0.00395,0.33583
CVE-2024-21022,0.00382,0.32141
CVE-2024-21023,0.00395,0.33584
CVE-2024-21024,0.00382,0.3214
CVE-2024-21025,0.00382,0.3214
CVE-2024-21026,0.00362,0.30101
CVE-2024-21027,0.00382,0.32141
CVE-2024-21028,0.00395,0.33584
CVE-2024-21029,0.00346,0.28283
CVE-2024-21030,0.00346,0.28282
CVE-2024-21031,0.00328,0.26171
CVE-2024-21032,0.00197,0.09708
CVE-2024-21033,0.00382,0.32139
CVE-2024-21034,0.00362,0.30102
CVE-2024-21035,0.00362,0.30102
CVE-2024-21036,0.00346,0.28283
CVE-2024-21037,0.00382,0.32141
CVE-2024-21038,0.00346,0.28282
CVE-2024-21039,0.00328,0.26171
CVE-2024-21040,0.00382,0.3214
CVE-2024-21041,0.00395,0.33583
CVE-2024-21042,0.00346,0.28282
CVE-2024-21043,0.00197,0.09708
CVE-2024-21044,0.00185,0.0839
CVE-2024-21045,0.0036,0.29858
CVE-2024-21046,0.00373,0.31166
CVE-2024-21047,0.00928,0.59032
CVE-2024-21048,0.00417,0.35669
CVE-2024-21049,0.00986,0.60937
CVE-2024-21050,0.00986,0.60937
CVE-2024-21051,0.00994,0.61183
CVE-2024-21052,0.00924,0.58923
CVE-2024-21053,0.00962,0.60145
CVE-2024-21054,0.00962,0.60145
CVE-2024-21055,0.00887,0.57792
CVE-2024-21056,0.00894,0.58017
CVE-2024-21057,0.00969,0.60412
CVE-2024-21058,0.00411,0.35087
CVE-2024-21059,0.00169,0.06611
CVE-2024-21060,0.00865,0.5714
CVE-2024-21061,0.00887,0.57791
CVE-2024-21062,0.00834,0.56184
CVE-2024-21063,0.00167,0.06323
CVE-2024-21064,0.00303,0.23211
CVE-2024-21065,0.00341,0.27767
CVE-2024-21066,0.0025,0.16633
CVE-2024-21067,0.00199,0.09966
CVE-2024-21068,0.013,0.69218
CVE-2024-21069,0.00834,0.56184
CVE-2024-21070,0.00326,0.25969
CVE-2024-21071,0.00723,0.52583
CVE-2024-21072,0.0036,0.29858
CVE-2024-21073,0.00574,0.4617
CVE-2024-21074,0.00623,0.48544
CVE-2024-21075,0.00657,0.50089
CVE-2024-21076,0.00577,0.46315
CVE-2024-21077,0.00609,0.47862
CVE-2024-21078,0.00609,0.47862
CVE-2024-21079,0.0061,0.47888
CVE-2024-21080,0.00509,0.42478
CVE-2024-21081,0.00382,0.32142
CVE-2024-21082,0.00807,0.5536
CVE-2024-21083,0.00684,0.51158
CVE-2024-21084,0.00437,0.37498
CVE-2024-21085,0.01286,0.68904
CVE-2024-21086,0.00382,0.32142
CVE-2024-21087,0.00885,0.57746
CVE-2024-21088,0.0052,0.43195
CVE-2024-21089,0.00509,0.42479
CVE-2024-21090,0.00721,0.52525
CVE-2024-21091,0.00446,0.38173
CVE-2024-21092,0.00596,0.47222
CVE-2024-21093,0.00432,0.37042
CVE-2024-21094,0.00752,0.53559
CVE-2024-21095,0.00527,0.43631
CVE-2024-21096,0.00424,0.36318
CVE-2024-21097,0.00517,0.43012
CVE-2024-21098,0.00564,0.45662
CVE-2024-21099,0.00392,0.33162
CVE-2024-21100,0.00347,0.28424
CVE-2024-21101,0.00401,0.34168
CVE-2024-21102,0.01107,0.6443
CVE-2024-21103,0.00278,0.20457
CVE-2024-21104,0.0022,0.12711
CVE-2024-21105,0.00258,0.17754
CVE-2024-21106,0.00277,0.20383
CVE-2024-21107,0.00414,0.35431
CVE-2024-21108,0.00288,0.2161
CVE-2024-21109,0.01094,0.64098
CVE-2024-21110,0.00454,0.38742
CVE-2024-21111,0.0178,0.77293
CVE-2024-21112,0.00392,0.33227
CVE-2024-21113,0.00389,0.32877
CVE-2024-21114,0.00392,0.33227
CVE-2024-21115,0.00454,0.38779
CVE-2024-21116,0.004,0.34096
CVE-2024-21117,0.0032,0.2521
CVE-2024-21118,0.00188,0.08627
CVE-2024-21119,0.00211,0.11677
CVE-2024-21120,0.00167,0.06384
CVE-2024-21121,0.00379,0.31841
CVE-2024-21122,0.00269,0.19386
CVE-2024-21123,0.00172,0.06948
CVE-2024-21125,0.00857,0.56922
CVE-2024-21126,0.00493,0.41409
CVE-2024-21127,0.0085,0.5667
CVE-2024-21128,0.0031,0.24091
CVE-2024-21129,0.0085,0.56669
CVE-2024-21130,0.00817,0.55647
CVE-2024-21131,0.0104,0.62542
CVE-2024-21132,0.00269,0.19386
CVE-2024-21133,0.00324,0.257
CVE-2024-21134,0.00777,0.54356
CVE-2024-21135,0.0085,0.56669
CVE-2024-21136,0.01783,0.77327
CVE-2024-21137,0.00836,0.56227
CVE-2024-21138,0.01257,0.68284
CVE-2024-21139,0.00308,0.23774
CVE-2024-21140,0.0094,0.59454
CVE-2024-21141,0.0026,0.18045
CVE-2024-21142,0.0085,0.56669
CVE-2024-21143,0.00402,0.34244
CVE-2024-21144,0.01056,0.62992
CVE-2024-21145,0.00864,0.57107
CVE-2024-21146,0.00391,0.33121
CVE-2024-21147,0.01136,0.65136
CVE-2024-21148,0.00313,0.24393
CVE-2024-21149,0.00391,0.33121
CVE-2024-21150,0.00309,0.23962
CVE-2024-21151,0.00197,0.09748
CVE-2024-21152,0.00403,0.34371
CVE-2024-21153,0.00391,0.33121
CVE-2024-21154,0.00375,0.31455
CVE-2024-21155,0.00384,0.32298
CVE-2024-21157,0.00904,0.58301
CVE-2024-21158,0.0032,0.25174
CVE-2024-21159,0.00786,0.54662
CVE-2024-21160,0.0085,0.5667
CVE-2024-21161,0.00266,0.18795
CVE-2024-21162,0.0085,0.5667
CVE-2024-21163,0.00754,0.53643
CVE-2024-21164,0.00457,0.38972
CVE-2024-21165,0.00904,0.583
CVE-2024-21166,0.00728,0.52771
CVE-2024-21167,0.00403,0.3437
CVE-2024-21168,0.0048,0.40562
CVE-2024-21169,0.00324,0.25751
CVE-2024-21170,0.00424,0.36334
CVE-2024-21171,0.00876,0.57501
CVE-2024-21172,0.00503,0.4204
CVE-2024-21173,0.00817,0.55646
CVE-2024-21174,0.00318,0.25016
CVE-2024-21175,0.00449,0.38419
CVE-2024-21176,0.00702,0.51849
CVE-2024-21177,0.0076,0.53833
CVE-2024-21178,0.00268,0.19262
CVE-2024-21179,0.00682,0.51089
CVE-2024-21180,0.00297,0.22587
CVE-2024-21181,0.01128,0.64963
CVE-2024-21182,0.74162,0.99464
CVE-2024-21183,0.00441,0.37782
CVE-2024-21184,0.00529,0.43741
CVE-2024-21185,0.00863,0.57078
CVE-2024-21188,0.00264,0.18543
CVE-2024-21190,0.00475,0.40229
CVE-2024-21191,0.0043,0.36836
CVE-2024-21192,0.00246,0.1619
CVE-2024-21193,0.0091,0.58483
CVE-2024-21194,0.00857,0.56922
CVE-2024-21195,0.00438,0.37547
CVE-2024-21196,0.00883,0.57701
CVE-2024-21197,0.00857,0.56923
CVE-2024-21198,0.00857,0.56922
CVE-2024-21199,0.00895,0.58048
CVE-2024-21200,0.00888,0.57816
CVE-2024-21201,0.00895,0.58049
CVE-2024-21202,0.00198,0.09857
CVE-2024-21203,0.00895,0.58049
CVE-2024-21204,0.00928,0.59069
CVE-2024-21205,0.00565,0.45723
CVE-2024-21206,0.00442,0.37822
CVE-2024-21207,0.00888,0.57816
CVE-2024-21208,0.01012,0.61722
CVE-2024-21209,0.00592,0.47048
CVE-2024-21210,0.0081,0.55438
CVE-2024-21211,0.00674,0.50764
CVE-2024-21212,0.00944,0.59581
CVE-2024-21213,0.00316,0.24707
CVE-2024-21214,0.00522,0.43343
CVE-2024-21215,0.00646,0.4957
CVE-2024-21216,0.0071,0.52124
CVE-2024-21217,0.01149,0.655
CVE-2024-21218,0.0095,0.59762
CVE-2024-21219,0.0095,0.59762
CVE-2024-21230,0.00937,0.59374
CVE-2024-21231,0.00873,0.57417
CVE-2024-21232,0.00759,0.53818
CVE-2024-21233,0.00422,0.36166
CVE-2024-21234,0.00692,0.51487
CVE-2024-21235,0.00929,0.59101
CVE-2024-21236,0.01084,0.6381
CVE-2024-21237,0.0071,0.52123
CVE-2024-21238,0.00877,0.57539
CVE-2024-21239,0.01014,0.6179
CVE-2024-21241,0.00874,0.5744
CVE-2024-21242,0.00465,0.39485
CVE-2024-21243,0.00656,0.50041
CVE-2024-21244,0.00656,0.50041
CVE-2024-21245,0.00194,0.09353
CVE-2024-21246,0.00664,0.50339
CVE-2024-21247,0.00616,0.48178
CVE-2024-21248,0.00226,0.13561
CVE-2024-21249,0.00398,0.33849
CVE-2024-21250,0.00432,0.36996
CVE-2024-21251,0.00385,0.32486
CVE-2024-21252,0.00432,0.36995
CVE-2024-21253,0.00274,0.20063
CVE-2024-21254,0.00523,0.43364
CVE-2024-21255,0.00581,0.46514
CVE-2024-21257,0.00366,0.30448
CVE-2024-21258,0.00498,0.4172
CVE-2024-21259,0.0027,0.19441
CVE-2024-21260,0.00711,0.5215
CVE-2024-21261,0.00331,0.2649
CVE-2024-21262,0.0057,0.45981
CVE-2024-21263,0.00288,0.21623
CVE-2024-21264,0.00328,0.26141
CVE-2024-21265,0.00445,0.38115
CVE-2024-21266,0.00445,0.38114
CVE-2024-21267,0.00445,0.38114
CVE-2024-21268,0.00445,0.38116
CVE-2024-21269,0.00445,0.38115
CVE-2024-21270,0.00445,0.38115
CVE-2024-21271,0.00445,0.38115
CVE-2024-21272,0.00513,0.42758
CVE-2024-21273,0.00364,0.30284
CVE-2024-21274,0.00653,0.499
CVE-2024-21275,0.00432,0.36995
CVE-2024-21276,0.00445,0.38116
CVE-2024-21277,0.00432,0.36996
CVE-2024-21278,0.00446,0.38155
CVE-2024-21279,0.00446,0.38155
CVE-2024-21280,0.00445,0.38116
CVE-2024-21281,0.00316,0.24767
CVE-2024-21282,0.00446,0.38155
CVE-2024-21283,0.00445,0.38116
CVE-2024-21284,0.00355,0.29267
CVE-2024-21285,0.00355,0.29266
CVE-2024-21286,0.00316,0.24714
CVE-2024-21287,0.01723,0.76525
CVE-2024-21302,0.01572,0.74333
CVE-2024-21303,0.01493,0.7304
CVE-2024-21304,0.00482,0.40748
CVE-2024-21305,0.01507,0.73278
CVE-2024-21306,0.05783,0.92767
CVE-2024-21307,0.01963,0.7949
CVE-2024-21308,0.01611,0.74897
CVE-2024-21309,0.00757,0.53739
CVE-2024-21310,0.11509,0.95832
CVE-2024-21311,0.00783,0.5457
CVE-2024-21312,0.03578,0.8889
CVE-2024-21313,0.01499,0.73154
CVE-2024-21314,0.02078,0.8068
CVE-2024-21315,0.00639,0.49233
CVE-2024-21316,0.01475,0.72731
CVE-2024-21317,0.01611,0.74896
CVE-2024-21318,0.30801,0.98171
CVE-2024-21319,0.02892,0.86322
CVE-2024-21320,0.22773,0.97631
CVE-2024-21322,0.03077,0.87106
CVE-2024-21323,0.03199,0.87587
CVE-2024-21324,0.02291,0.82492
CVE-2024-21325,0.01173,0.66133
CVE-2024-21326,0.01234,0.67729
CVE-2024-21327,0.01289,0.68953
CVE-2024-21328,0.01316,0.69545
CVE-2024-21329,0.01088,0.6391
CVE-2024-21330,0.00988,0.60987
CVE-2024-21331,0.01611,0.74896
CVE-2024-21332,0.01789,0.77405
CVE-2024-21333,0.01789,0.77404
CVE-2024-21334,0.20157,0.97346
CVE-2024-21335,0.01789,0.77405
CVE-2024-21336,0.0054,0.44349
CVE-2024-21337,0.00382,0.3207
CVE-2024-21338,0.5981,0.9909
CVE-2024-21339,0.00551,0.4499
CVE-2024-21340,0.00752,0.53554
CVE-2024-21341,0.00952,0.59823
CVE-2024-21342,0.02535,0.84264
CVE-2024-21343,0.01842,0.78089
CVE-2024-21344,0.01691,0.76103
CVE-2024-21345,0.20394,0.97375
CVE-2024-21346,0.0412,0.90354
CVE-2024-21347,0.01372,0.70779
CVE-2024-21348,0.02176,0.8156
CVE-2024-21349,0.01644,0.75413
CVE-2024-21350,0.01484,0.72896
CVE-2024-21351,0.30344,0.9815
CVE-2024-21352,0.01628,0.75155
CVE-2024-21353,0.01575,0.74395
CVE-2024-21354,0.00614,0.48111
CVE-2024-21355,0.00322,0.25513
CVE-2024-21356,0.02079,0.80694
CVE-2024-21357,0.26899,0.97947
CVE-2024-21358,0.01768,0.77153
CVE-2024-21359,0.01644,0.75412
CVE-2024-21360,0.01768,0.77154
CVE-2024-21361,0.01644,0.75413
CVE-2024-21362,0.00423,0.36304
CVE-2024-21363,0.00801,0.55134
CVE-2024-21364,0.00617,0.48248
CVE-2024-21365,0.01768,0.77154
CVE-2024-21366,0.01768,0.77153
CVE-2024-21367,0.01644,0.75412
CVE-2024-21368,0.01644,0.75412
CVE-2024-21369,0.01549,0.73997
CVE-2024-21370,0.01768,0.77153
CVE-2024-21371,0.10884,0.95668
CVE-2024-21372,0.01806,0.77627
CVE-2024-21373,0.01789,0.77406
CVE-2024-21374,0.00971,0.60469
CVE-2024-21375,0.01652,0.75518
CVE-2024-21376,0.01172,0.66119
CVE-2024-21377,0.00649,0.49731
CVE-2024-21378,0.10976,0.957
CVE-2024-21379,0.01719,0.76485
CVE-2024-21380,0.01725,0.76551
CVE-2024-21381,0.0042,0.36019
CVE-2024-21382,0.00902,0.58257
CVE-2024-21383,0.00406,0.34624
CVE-2024-21384,0.00849,0.56617
CVE-2024-21385,0.00963,0.60186
CVE-2024-21386,0.024,0.83314
CVE-2024-21387,0.00722,0.52574
CVE-2024-21388,0.31954,0.98232
CVE-2024-21389,0.01158,0.65714
CVE-2024-21390,0.01266,0.68488
CVE-2024-21391,0.01628,0.75156
CVE-2024-21392,0.0309,0.87159
CVE-2024-21393,0.01158,0.65714
CVE-2024-21394,0.01117,0.64685
CVE-2024-21395,0.0114,0.65238
CVE-2024-21396,0.01158,0.65714
CVE-2024-21397,0.00497,0.41693
CVE-2024-21398,0.01854,0.78259
CVE-2024-21399,0.01231,0.67661
CVE-2024-21400,0.02197,0.81743
CVE-2024-21401,0.01463,0.72502
CVE-2024-21402,0.00481,0.40634
CVE-2024-21403,0.01338,0.70042
CVE-2024-21404,0.02707,0.8534
CVE-2024-21405,0.00384,0.32377
CVE-2024-21406,0.00856,0.56877
CVE-2024-21407,0.16256,0.96806
CVE-2024-21408,0.04507,0.9109
CVE-2024-21409,0.02513,0.84107
CVE-2024-21410,0.12561,0.96056
CVE-2024-21411,0.02618,0.84791
CVE-2024-21412,0.95443,0.99867
CVE-2024-21413,0.9466,0.99854
CVE-2024-21414,0.01854,0.78261
CVE-2024-21415,0.01789,0.77405
CVE-2024-21416,0.01381,0.70962
CVE-2024-21417,0.00367,0.30559
CVE-2024-21418,0.00726,0.52679
CVE-2024-21419,0.01078,0.63622
CVE-2024-21420,0.0173,0.76624
CVE-2024-21421,0.01838,0.78045
CVE-2024-21423,0.00585,0.46701
CVE-2024-21424,0.019,0.78796
CVE-2024-21425,0.01611,0.74896
CVE-2024-21426,0.03901,0.89817
CVE-2024-21427,0.01534,0.73729
CVE-2024-21428,0.01789,0.77404
CVE-2024-21429,0.00904,0.58304
CVE-2024-21430,0.00705,0.51947
CVE-2024-21431,0.00637,0.49176
CVE-2024-21432,0.00689,0.51351
CVE-2024-21433,0.05138,0.92037
CVE-2024-21434,0.00825,0.55889
CVE-2024-21435,0.02026,0.80169
CVE-2024-21436,0.00721,0.52521
CVE-2024-21437,0.08031,0.94528
CVE-2024-21438,0.02718,0.85402
CVE-2024-21439,0.0052,0.4318
CVE-2024-21440,0.02026,0.8017
CVE-2024-21441,0.01947,0.79336
CVE-2024-21442,0.00825,0.5589
CVE-2024-21443,0.01286,0.68905
CVE-2024-21444,0.01947,0.79335
CVE-2024-21445,0.00541,0.44409
CVE-2024-21446,0.00663,0.50299
CVE-2024-21447,0.01372,0.70762
CVE-2024-21448,0.0124,0.67857
CVE-2024-21449,0.01611,0.74897
CVE-2024-21450,0.02026,0.8017
CVE-2024-21451,0.01947,0.79335
CVE-2024-21452,0.00254,0.17165
CVE-2024-21453,0.00367,0.3054
CVE-2024-21454,0.00367,0.30541
CVE-2024-21455,0.00171,0.0679
CVE-2024-21456,0.00271,0.19561
CVE-2024-21457,0.00213,0.11923
CVE-2024-21458,0.00213,0.11923
CVE-2024-21459,0.00263,0.18436
CVE-2024-21460,0.00101,0.01025
CVE-2024-21461,0.00104,0.01139
CVE-2024-21462,0.00094,0.00678
CVE-2024-21463,0.00291,0.2194
CVE-2024-21464,0.00147,0.04341
CVE-2024-21465,0.00103,0.0109
CVE-2024-21466,0.00213,0.11922
CVE-2024-21467,0.00263,0.18436
CVE-2024-21468,0.00111,0.0152
CVE-2024-21469,0.00103,0.01088
CVE-2024-21470,0.00111,0.01522
CVE-2024-21471,0.00111,0.01514
CVE-2024-21472,0.00111,0.0152
CVE-2024-21473,0.00663,0.5032
CVE-2024-21474,0.00111,0.01513
CVE-2024-21475,0.0011,0.01449
CVE-2024-21476,0.00128,0.0283
CVE-2024-21477,0.00324,0.25683
CVE-2024-21478,0.00094,0.00679
CVE-2024-21479,0.00324,0.25684
CVE-2024-21480,0.00291,0.21905
CVE-2024-21481,0.00114,0.01683
CVE-2024-21482,0.00109,0.01383
CVE-2024-21483,0.00223,0.1322
CVE-2024-21484,0.0096,0.60045
CVE-2024-21485,0.01487,0.72943
CVE-2024-21488,0.03302,0.87998
CVE-2024-21489,0.00705,0.51934
CVE-2024-21490,0.01891,0.78677
CVE-2024-21491,0.0041,0.3498
CVE-2024-21492,0.00711,0.52165
CVE-2024-21493,0.00722,0.52571
CVE-2024-21494,0.00519,0.43102
CVE-2024-21495,0.0068,0.51004
CVE-2024-21496,0.00576,0.46238
CVE-2024-21497,0.00499,0.41814
CVE-2024-21498,0.00554,0.4514
CVE-2024-21499,0.00495,0.41573
CVE-2024-21500,0.00535,0.44133
CVE-2024-21501,0.01027,0.62164
CVE-2024-21502,0.01034,0.62386
CVE-2024-21503,0.00979,0.60729
CVE-2024-21504,0.00516,0.42975
CVE-2024-21505,0.00712,0.52216
CVE-2024-21507,0.00744,0.53319
CVE-2024-21508,0.02554,0.84383
CVE-2024-21509,0.00955,0.59896
CVE-2024-21510,0.00466,0.3953
CVE-2024-21511,0.01025,0.62127
CVE-2024-21512,0.03114,0.87248
CVE-2024-21513,0.01864,0.78379
CVE-2024-21514,0.1908,0.97194
CVE-2024-21515,0.00366,0.30445
CVE-2024-21516,0.00366,0.30444
CVE-2024-21517,0.00391,0.33053
CVE-2024-21518,0.14126,0.9641
CVE-2024-21519,0.00719,0.52446
CVE-2024-21520,0.01133,0.65066
CVE-2024-21521,0.00597,0.47296
CVE-2024-21522,0.00616,0.48165
CVE-2024-21523,0.00602,0.4753
CVE-2024-21524,0.00822,0.55815
CVE-2024-21525,0.00545,0.44651
CVE-2024-21526,0.0057,0.45962
CVE-2024-21527,0.00574,0.46145
CVE-2024-21528,0.00562,0.45581
CVE-2024-21529,0.00751,0.53545
CVE-2024-21530,0.0014,0.03757
CVE-2024-21531,0.00946,0.59646
CVE-2024-21532,0.01289,0.68951
CVE-2024-21533,0.00596,0.47209
CVE-2024-21534,0.09017,0.95045
CVE-2024-21535,0.00518,0.43049
CVE-2024-21536,0.01034,0.624
CVE-2024-21537,0.0113,0.65001
CVE-2024-21538,0.00868,0.57234
CVE-2024-21539,0.00503,0.42047
CVE-2024-21541,0.01082,0.63753
CVE-2024-21542,0.01135,0.65111
CVE-2024-21543,0.00546,0.44713
CVE-2024-21544,0.00572,0.46045
CVE-2024-21545,0.00363,0.30141
CVE-2024-21546,0.01275,0.68667
CVE-2024-21547,0.00932,0.59208
CVE-2024-21548,0.00652,0.49872
CVE-2024-21549,0.00614,0.48072
CVE-2024-21550,0.00399,0.33998
CVE-2024-21552,0.00631,0.48903
CVE-2024-21571,0.00245,0.16048
CVE-2024-21574,0.01139,0.65229
CVE-2024-21575,0.01,0.61352
CVE-2024-21576,0.00566,0.45789
CVE-2024-21577,0.00588,0.46829
CVE-2024-21583,0.00597,0.47307
CVE-2024-21584,0.00355,0.29275
CVE-2024-21585,0.00625,0.48619
CVE-2024-21586,0.00499,0.41787
CVE-2024-21587,0.00278,0.20566
CVE-2024-21589,0.00431,0.36949
CVE-2024-21590,0.00365,0.304
CVE-2024-21591,0.17668,0.9702
CVE-2024-21593,0.00295,0.22438
CVE-2024-21594,0.00173,0.07037
CVE-2024-21595,0.00538,0.44289
CVE-2024-21596,0.00543,0.44516
CVE-2024-21597,0.00375,0.31382
CVE-2024-21598,0.00571,0.46029
CVE-2024-21599,0.00291,0.21918
CVE-2024-21600,0.00324,0.2574
CVE-2024-21601,0.00454,0.38794
CVE-2024-21602,0.00531,0.43842
CVE-2024-21603,0.00508,0.42424
CVE-2024-21604,0.00531,0.43842
CVE-2024-21605,0.00295,0.22438
CVE-2024-21606,0.00555,0.45146
CVE-2024-21607,0.00308,0.23795
CVE-2024-21609,0.00295,0.22438
CVE-2024-21610,0.00478,0.40419
CVE-2024-21611,0.00586,0.46766
CVE-2024-21612,0.00531,0.43844
CVE-2024-21613,0.00278,0.20565
CVE-2024-21614,0.00695,0.51584
CVE-2024-21615,0.00152,0.04711
CVE-2024-21616,0.00531,0.43844
CVE-2024-21617,0.00284,0.21194
CVE-2024-21618,0.00296,0.22445
CVE-2024-21619,0.00882,0.5765
CVE-2024-21620,0.00908,0.58432
CVE-2024-21622,0.00588,0.46841
CVE-2024-21623,0.01236,0.67771
CVE-2024-21624,0.00492,0.41353
CVE-2024-21625,0.00845,0.56488
CVE-2024-21626,0.18087,0.97069
CVE-2024-21627,0.00523,0.43409
CVE-2024-21628,0.00389,0.32944
CVE-2024-21629,0.00577,0.46287
CVE-2024-21630,0.00368,0.30617
CVE-2024-21631,0.00601,0.47469
CVE-2024-21632,0.00904,0.58307
CVE-2024-21633,0.01331,0.69882
CVE-2024-21634,0.00827,0.55948
CVE-2024-21635,0.00284,0.21167
CVE-2024-21636,0.00495,0.41591
CVE-2024-21637,0.00547,0.44746
CVE-2024-21638,0.01657,0.75586
CVE-2024-21639,0.00699,0.51741
CVE-2024-21640,0.00551,0.44982
CVE-2024-21641,0.01067,0.63354
CVE-2024-21642,0.00711,0.5215
CVE-2024-21643,0.02233,0.8204
CVE-2024-21644,0.42443,0.98644
CVE-2024-21645,0.24698,0.97795
CVE-2024-21646,0.0511,0.92005
CVE-2024-21647,0.00958,0.60013
CVE-2024-21648,0.00512,0.42672
CVE-2024-21649,0.01266,0.68482
CVE-2024-21650,0.9348,0.99837
CVE-2024-21651,0.00636,0.49106
CVE-2024-21652,0.00751,0.53521
CVE-2024-21653,0.0047,0.39839
CVE-2024-21654,0.0048,0.40574
CVE-2024-21655,0.00566,0.45781
CVE-2024-21658,0.00362,0.30004
CVE-2024-21661,0.01176,0.66238
CVE-2024-21662,0.00838,0.56304
CVE-2024-21663,0.01535,0.7375
CVE-2024-21664,0.00864,0.57116
CVE-2024-21665,0.0049,0.41264
CVE-2024-21666,0.00564,0.45675
CVE-2024-21667,0.00588,0.4685
CVE-2024-21668,0.0038,0.31936
CVE-2024-21669,0.00632,0.48941
CVE-2024-21670,0.00276,0.20313
CVE-2024-21671,0.00401,0.34181
CVE-2024-21672,0.01363,0.70583
CVE-2024-21673,0.01504,0.73231
CVE-2024-21674,0.01768,0.77148
CVE-2024-21677,0.00926,0.59004
CVE-2024-21678,0.00471,0.39967
CVE-2024-21682,0.00794,0.54919
CVE-2024-21683,0.88267,0.99764
CVE-2024-21684,0.00248,0.16479
CVE-2024-21685,0.00439,0.37618
CVE-2024-21686,0.0089,0.57884
CVE-2024-21687,0.00746,0.53368
CVE-2024-21689,0.02669,0.85122
CVE-2024-21690,0.00755,0.53646
CVE-2024-21697,0.00741,0.53191
CVE-2024-21703,0.00201,0.10335
CVE-2024-21722,0.00512,0.42679
CVE-2024-21723,0.00537,0.44181
CVE-2024-21724,0.00513,0.42714
CVE-2024-21725,0.3221,0.98245
CVE-2024-21726,0.48839,0.98825
CVE-2024-21727,0.00309,0.23896
CVE-2024-21728,0.0032,0.25251
CVE-2024-21729,0.00442,0.37896
CVE-2024-21730,0.00424,0.36316
CVE-2024-21731,0.00442,0.37896
CVE-2024-21732,0.00427,0.36553
CVE-2024-21733,0.14286,0.9644
CVE-2024-21734,0.00242,0.15626
CVE-2024-21735,0.00396,0.33674
CVE-2024-21736,0.00274,0.20045
CVE-2024-21737,0.00611,0.47951
CVE-2024-21738,0.00298,0.22737
CVE-2024-21739,0.00291,0.21922
CVE-2024-21740,0.00139,0.03644
CVE-2024-21741,0.00421,0.36119
CVE-2024-21742,0.01091,0.63975
CVE-2024-21743,0.00444,0.38007
CVE-2024-21744,0.00328,0.26165
CVE-2024-21745,0.00367,0.30583
CVE-2024-21746,0.0048,0.40554
CVE-2024-21747,0.00581,0.46465
CVE-2024-21748,0.00296,0.22484
CVE-2024-21749,0.00221,0.12884
CVE-2024-21750,0.00393,0.33306
CVE-2024-21751,0.00331,0.26456
CVE-2024-21752,0.00199,0.10037
CVE-2024-21753,0.00741,0.53193
CVE-2024-21754,0.03469,0.8856
CVE-2024-21755,0.0248,0.83884
CVE-2024-21756,0.02181,0.81599
CVE-2024-21757,0.00191,0.09092
CVE-2024-21758,0.00218,0.12564
CVE-2024-21759,0.00294,0.22206
CVE-2024-21760,0.00812,0.55493
CVE-2024-21761,0.00432,0.37085
CVE-2024-21762,0.83428,0.99668
CVE-2024-21763,0.00515,0.42904
CVE-2024-21764,0.00622,0.48497
CVE-2024-21765,0.00233,0.14456
CVE-2024-21766,0.00154,0.04863
CVE-2024-21767,0.00647,0.49649
CVE-2024-21769,0.00154,0.04967
CVE-2024-21771,0.00515,0.42905
CVE-2024-21772,0.00191,0.09084
CVE-2024-21773,0.00531,0.43823
CVE-2024-21774,0.00187,0.08535
CVE-2024-21775,0.05013,0.91873
CVE-2024-21777,0.00197,0.09727
CVE-2024-21778,0.00943,0.59548
CVE-2024-21780,0.0065,0.49779
CVE-2024-21781,0.00165,0.06189
CVE-2024-21782,0.00178,0.07556
CVE-2024-21783,0.00212,0.11821
CVE-2024-21784,0.0015,0.04551
CVE-2024-21785,0.01512,0.73375
CVE-2024-21786,0.10446,0.95539
CVE-2024-21787,0.00074,0.00088
CVE-2024-21788,0.00191,0.09086
CVE-2024-21789,0.00515,0.42904
CVE-2024-21791,0.02152,0.8137
CVE-2024-21792,0.00136,0.03433
CVE-2024-21793,0.07086,0.93945
CVE-2024-21794,0.00315,0.24669
CVE-2024-21795,0.01791,0.77436
CVE-2024-21796,0.00195,0.09468
CVE-2024-21797,0.20769,0.97435
CVE-2024-21798,0.01289,0.68959
CVE-2024-21799,0.00749,0.53465
CVE-2024-21801,0.00184,0.082
CVE-2024-21802,0.01364,0.70609
CVE-2024-21803,0.00495,0.41586
CVE-2024-21805,0.00236,0.14834
CVE-2024-21806,0.00161,0.05714
CVE-2024-21807,0.00184,0.0824
CVE-2024-21808,0.00188,0.08713
CVE-2024-21809,0.00197,0.09727
CVE-2024-21810,0.00211,0.11711
CVE-2024-21812,0.01757,0.76995
CVE-2024-21813,0.00187,0.08575
CVE-2024-21814,0.00184,0.08186
CVE-2024-21815,0.00334,0.26873
CVE-2024-21816,0.00143,0.04009
CVE-2024-21818,0.00174,0.07154
CVE-2024-21820,0.00216,0.12277
CVE-2024-21821,0.00446,0.38228
CVE-2024-21823,0.00196,0.09552
CVE-2024-21824,0.00345,0.28093
CVE-2024-21825,0.01338,0.70047
CVE-2024-21826,0.00197,0.09772
CVE-2024-21827,0.00871,0.57337
CVE-2024-21828,0.00161,0.05705
CVE-2024-21829,0.00163,0.05883
CVE-2024-21830,0.00199,0.10019
CVE-2024-21831,0.00189,0.08836
CVE-2024-21832,0.00238,0.15109
CVE-2024-21833,0.01063,0.63221
CVE-2024-21834,0.00153,0.04791
CVE-2024-21835,0.00156,0.05125
CVE-2024-21836,0.01338,0.70048
CVE-2024-21837,0.00184,0.08186
CVE-2024-21838,0.00304,0.23357
CVE-2024-21840,0.00142,0.03925
CVE-2024-21841,0.00174,0.07155
CVE-2024-21843,0.00174,0.07155
CVE-2024-21844,0.00263,0.18434
CVE-2024-21845,0.0018,0.07871
CVE-2024-21846,0.00467,0.39638
CVE-2024-21848,0.00311,0.24206
CVE-2024-21849,0.00515,0.42907
CVE-2024-21850,0.00199,0.10016
CVE-2024-21851,0.00154,0.04926
CVE-2024-21852,0.01233,0.67704
CVE-2024-21853,0.00226,0.13519
CVE-2024-21855,0.0204,0.80295
CVE-2024-21857,0.00154,0.04863
CVE-2024-21859,0.00196,0.0962
CVE-2024-21860,0.00401,0.34133
CVE-2024-21861,0.00178,0.07628
CVE-2024-21862,0.00184,0.08186
CVE-2024-21863,0.00179,0.07723
CVE-2024-21864,0.00342,0.27879
CVE-2024-21865,0.00357,0.29537
CVE-2024-21866,0.0041,0.35027
CVE-2024-21869,0.0016,0.05629
CVE-2024-21870,0.00662,0.50289
CVE-2024-21871,0.00187,0.08582
CVE-2024-21872,0.00551,0.44961
CVE-2024-21875,0.00463,0.39367
CVE-2024-21876,0.00803,0.5519
CVE-2024-21877,0.00786,0.54641
CVE-2024-21878,0.01445,0.7216
CVE-2024-21879,0.02496,0.83992
CVE-2024-21880,0.02353,0.82988
CVE-2024-21881,0.0029,0.21799
CVE-2024-21885,0.0142,0.717
CVE-2024-21886,0.0142,0.717
CVE-2024-21887,0.99999,1.0
CVE-2024-21888,0.86806,0.99736
CVE-2024-21890,0.00945,0.59608
CVE-2024-21891,0.01245,0.67982
CVE-2024-21892,0.00562,0.45559
CVE-2024-21893,0.99999,0.99999
CVE-2024-21894,0.18987,0.97179
CVE-2024-21896,0.01262,0.68385
CVE-2024-21897,0.00326,0.2593
CVE-2024-21898,0.01214,0.67242
CVE-2024-21899,0.24365,0.97767
CVE-2024-21900,0.09409,0.95188
CVE-2024-21901,0.18677,0.97143
CVE-2024-21902,0.00353,0.28995
CVE-2024-21903,0.00801,0.55141
CVE-2024-21904,0.00368,0.30696
CVE-2024-21905,0.00456,0.38936
CVE-2024-21906,0.00815,0.55581
CVE-2024-21907,0.32908,0.98283
CVE-2024-21908,0.01066,0.63318
CVE-2024-21909,0.01061,0.63152
CVE-2024-21910,0.00956,0.59936
CVE-2024-21911,0.01165,0.65943
CVE-2024-21912,0.00256,0.17522
CVE-2024-21913,0.00236,0.14887
CVE-2024-21914,0.00658,0.50095
CVE-2024-21915,0.0099,0.6105
CVE-2024-21916,0.00648,0.49673
CVE-2024-21917,0.00858,0.56943
CVE-2024-21918,0.00232,0.14405
CVE-2024-21919,0.00291,0.21884
CVE-2024-21920,0.0022,0.12712
CVE-2024-21922,0.00145,0.04187
CVE-2024-21923,0.00145,0.04187
CVE-2024-21924,0.00208,0.11295
CVE-2024-21925,0.00202,0.10444
CVE-2024-21927,0.00275,0.20154
CVE-2024-21935,0.00215,0.12155
CVE-2024-21937,0.00261,0.18191
CVE-2024-21938,0.00223,0.13116
CVE-2024-21939,0.00229,0.13978
CVE-2024-21944,0.00222,0.13089
CVE-2024-21945,0.00235,0.14742
CVE-2024-21946,0.00235,0.14742
CVE-2024-21947,0.00136,0.03428
CVE-2024-21949,0.00218,0.12523
CVE-2024-21950,0.00095,0.00726
CVE-2024-21953,0.00163,0.05913
CVE-2024-21957,0.00272,0.1986
CVE-2024-21958,0.00272,0.1986
CVE-2024-21960,0.00174,0.07191
CVE-2024-21961,0.00319,0.25127
CVE-2024-21962,0.00106,0.01232
CVE-2024-21966,0.00219,0.12655
CVE-2024-21970,0.00135,0.03314
CVE-2024-21971,0.00134,0.03245
CVE-2024-21972,0.00187,0.08526
CVE-2024-21974,0.00268,0.19164
CVE-2024-21975,0.00268,0.19164
CVE-2024-21976,0.00266,0.18787
CVE-2024-21977,0.0015,0.04563
CVE-2024-21978,0.00493,0.41417
CVE-2024-21979,0.00187,0.08526
CVE-2024-21980,0.00447,0.38308
CVE-2024-21981,0.00136,0.03413
CVE-2024-21982,0.00374,0.31339
CVE-2024-21983,0.00493,0.41453
CVE-2024-21984,0.00314,0.24533
CVE-2024-21985,0.00332,0.26676
CVE-2024-21987,0.00273,0.19971
CVE-2024-21988,0.00235,0.14715
CVE-2024-21989,0.00431,0.36968
CVE-2024-21990,0.00317,0.24875
CVE-2024-21993,0.00227,0.13663
CVE-2024-21994,0.00361,0.29948
CVE-2024-22002,0.00438,0.37562
CVE-2024-22004,0.00238,0.15112
CVE-2024-22005,0.00097,0.00833
CVE-2024-22006,0.00226,0.13577
CVE-2024-22007,0.00093,0.00621
CVE-2024-22008,0.00084,0.00324
CVE-2024-22009,0.00086,0.00389
CVE-2024-22010,0.00098,0.00888
CVE-2024-22011,0.00343,0.27988
CVE-2024-22012,0.00089,0.00499
CVE-2024-22013,0.00151,0.04609
CVE-2024-22014,0.00762,0.53916
CVE-2024-22015,0.00192,0.09117
CVE-2024-22016,0.00159,0.05516
CVE-2024-22017,0.00893,0.57968
CVE-2024-22018,0.00458,0.39042
CVE-2024-22019,0.03168,0.87467
CVE-2024-22020,0.01104,0.64351
CVE-2024-22021,0.00396,0.33641
CVE-2024-22022,0.00701,0.51828
CVE-2024-22023,0.03,0.86793
CVE-2024-22024,0.94721,0.99856
CVE-2024-22025,0.01309,0.69404
CVE-2024-22026,0.01096,0.64146
CVE-2024-22027,0.00726,0.52677
CVE-2024-22028,0.00238,0.1515
CVE-2024-22029,0.00182,0.08008
CVE-2024-22030,0.00423,0.36234
CVE-2024-22032,0.00377,0.31627
CVE-2024-22033,0.00916,0.58699
CVE-2024-22034,0.00209,0.11404
CVE-2024-22036,0.00791,0.5483
CVE-2024-22037,0.00173,0.07012
CVE-2024-22038,0.0021,0.11577
CVE-2024-22039,0.00813,0.55526
CVE-2024-22040,0.00832,0.5611
CVE-2024-22041,0.00508,0.42397
CVE-2024-22042,0.00148,0.04408
CVE-2024-22043,0.0017,0.06706
CVE-2024-22044,0.00523,0.43414
CVE-2024-22045,0.00431,0.36927
CVE-2024-22047,0.00494,0.41511
CVE-2024-22048,0.00504,0.42153
CVE-2024-22049,0.0129,0.68978
CVE-2024-22050,0.00914,0.58606
CVE-2024-22051,0.0145,0.72248
CVE-2024-22052,0.0375,0.89401
CVE-2024-22053,0.03532,0.88752
CVE-2024-22054,0.00515,0.42907
CVE-2024-22058,0.00379,0.31821
CVE-2024-22059,0.0107,0.63414
CVE-2024-22060,0.01116,0.64649
CVE-2024-22061,0.03561,0.88837
CVE-2024-22062,0.00165,0.06123
CVE-2024-22063,0.00808,0.55365
CVE-2024-22064,0.00457,0.39007
CVE-2024-22065,0.01191,0.66621
CVE-2024-22066,0.00298,0.22675
CVE-2024-22067,0.00692,0.51489
CVE-2024-22068,0.0024,0.15466
CVE-2024-22069,0.00262,0.18384
CVE-2024-22074,0.00447,0.38239
CVE-2024-22075,0.00348,0.2854
CVE-2024-22076,0.01142,0.65294
CVE-2024-22077,0.00482,0.40724
CVE-2024-22078,0.00642,0.49401
CVE-2024-22079,0.01016,0.61856
CVE-2024-22080,0.00785,0.54611
CVE-2024-22081,0.00785,0.54611
CVE-2024-22082,0.00633,0.48969
CVE-2024-22083,0.00553,0.45066
CVE-2024-22084,0.00393,0.33373
CVE-2024-22085,0.00228,0.1382
CVE-2024-22086,0.01098,0.6421
CVE-2024-22087,0.01598,0.74708
CVE-2024-22088,0.00729,0.52824
CVE-2024-22091,0.00537,0.44227
CVE-2024-22092,0.00446,0.38168
CVE-2024-22093,0.00835,0.56215
CVE-2024-22095,0.00185,0.08299
CVE-2024-22096,0.00589,0.46873
CVE-2024-22097,0.01615,0.74962
CVE-2024-22098,0.00187,0.08537
CVE-2024-22099,0.00615,0.48155
CVE-2024-22100,0.00264,0.18572
CVE-2024-22102,0.00199,0.10042
CVE-2024-22103,0.00227,0.13631
CVE-2024-22104,0.00234,0.14571
CVE-2024-22105,0.00199,0.10042
CVE-2024-22106,0.00184,0.08247
CVE-2024-22107,0.02525,0.84193
CVE-2024-22108,0.00836,0.5623
CVE-2024-22113,0.00395,0.33594
CVE-2024-22114,0.00587,0.46774
CVE-2024-22116,0.01589,0.74591
CVE-2024-22117,0.00506,0.42263
CVE-2024-22119,0.00735,0.53017
CVE-2024-22120,0.76618,0.99521
CVE-2024-22121,0.00233,0.14418
CVE-2024-22122,0.01606,0.74829
CVE-2024-22123,0.0057,0.45973
CVE-2024-22124,0.00326,0.25923
CVE-2024-22125,0.00519,0.43123
CVE-2024-22126,0.00519,0.43119
CVE-2024-22127,0.01593,0.74644
CVE-2024-22128,0.00348,0.28524
CVE-2024-22129,0.00323,0.25605
CVE-2024-22130,0.00323,0.25605
CVE-2024-22131,0.01079,0.63651
CVE-2024-22132,0.0049,0.41261
CVE-2024-22133,0.003,0.2293
CVE-2024-22134,0.00277,0.20438
CVE-2024-22135,0.00525,0.43532
CVE-2024-22136,0.00214,0.1208
CVE-2024-22137,0.00317,0.24902
CVE-2024-22138,0.00443,0.3797
CVE-2024-22139,0.00432,0.37072
CVE-2024-22140,0.00263,0.18521
CVE-2024-22141,0.00492,0.41341
CVE-2024-22142,0.00331,0.26443
CVE-2024-22143,0.00208,0.11277
CVE-2024-22144,0.00869,0.57273
CVE-2024-22145,0.01103,0.64306
CVE-2024-22146,0.0034,0.27617
CVE-2024-22147,0.0058,0.46436
CVE-2024-22148,0.00372,0.31146
CVE-2024-22149,0.00371,0.31046
CVE-2024-22150,0.00317,0.24905
CVE-2024-22151,0.00317,0.24869
CVE-2024-22152,0.00525,0.43531
CVE-2024-22153,0.00358,0.2967
CVE-2024-22154,0.0052,0.4319
CVE-2024-22155,0.00231,0.1417
CVE-2024-22156,0.00412,0.35184
CVE-2024-22157,0.00585,0.46705
CVE-2024-22158,0.00317,0.24904
CVE-2024-22159,0.00331,0.26447
CVE-2024-22160,0.00331,0.26447
CVE-2024-22161,0.00316,0.24792
CVE-2024-22162,0.00331,0.26448
CVE-2024-22163,0.00331,0.26444
CVE-2024-22164,0.00457,0.39
CVE-2024-22165,0.00516,0.42955
CVE-2024-22167,0.00186,0.08448
CVE-2024-22168,0.00324,0.25726
CVE-2024-22169,0.00259,0.17923
CVE-2024-22170,0.00468,0.39707
CVE-2024-22177,0.00137,0.03472
CVE-2024-22178,0.00662,0.50289
CVE-2024-22179,0.00391,0.33085
CVE-2024-22180,0.00153,0.04791
CVE-2024-22181,0.00444,0.37999
CVE-2024-22182,0.00616,0.48168
CVE-2024-22184,0.0015,0.0455
CVE-2024-22185,0.00128,0.02823
CVE-2024-22186,0.00549,0.44852
CVE-2024-22187,0.01038,0.62498
CVE-2024-22188,0.02017,0.80082
CVE-2024-22189,0.01109,0.64486
CVE-2024-22190,0.00316,0.24769
CVE-2024-22191,0.00745,0.53338
CVE-2024-22192,0.00317,0.24824
CVE-2024-22193,0.00257,0.17649
CVE-2024-22194,0.0041,0.34975
CVE-2024-22195,0.00892,0.57936
CVE-2024-22196,0.00584,0.46676
CVE-2024-22197,0.01537,0.7377
CVE-2024-22198,0.04055,0.9021
CVE-2024-22199,0.00484,0.40837
CVE-2024-22200,0.00335,0.27033
CVE-2024-22201,0.01433,0.71931
CVE-2024-22202,0.00587,0.46783
CVE-2024-22203,0.01011,0.61699
CVE-2024-22204,0.00757,0.53737
CVE-2024-22205,0.00988,0.61016
CVE-2024-22206,0.00682,0.51105
CVE-2024-22207,0.0229,0.82488
CVE-2024-22208,0.0074,0.53189
CVE-2024-22209,0.00574,0.46157
CVE-2024-22211,0.01076,0.63578
CVE-2024-22212,0.00755,0.53659
CVE-2024-22213,0.00505,0.42214
CVE-2024-22216,0.00528,0.43672
CVE-2024-22217,0.0034,0.27606
CVE-2024-22218,0.00723,0.52583
CVE-2024-22219,0.00473,0.40064
CVE-2024-22220,0.00369,0.30716
CVE-2024-22221,0.00421,0.36078
CVE-2024-22222,0.00897,0.58096
CVE-2024-22223,0.0088,0.57596
CVE-2024-22224,0.00883,0.57683
CVE-2024-22225,0.01013,0.61779
CVE-2024-22226,0.00354,0.29154
CVE-2024-22227,0.00644,0.49521
CVE-2024-22228,0.00644,0.49521
CVE-2024-22229,0.00298,0.22744
CVE-2024-22230,0.00295,0.22425
CVE-2024-22231,0.00693,0.51516
CVE-2024-22232,0.00837,0.56267
CVE-2024-22233,0.01048,0.62783
CVE-2024-22234,0.00682,0.5107
CVE-2024-22235,0.00194,0.09371
CVE-2024-22236,0.00223,0.13123
CVE-2024-22237,0.00246,0.16145
CVE-2024-22238,0.00498,0.41765
CVE-2024-22239,0.00214,0.12007
CVE-2024-22240,0.00615,0.48122
CVE-2024-22241,0.37849,0.98482
CVE-2024-22243,0.03967,0.90014
CVE-2024-22244,0.00364,0.30297
CVE-2024-22245,0.01262,0.68389
CVE-2024-22246,0.00411,0.35041
CVE-2024-22247,0.00215,0.1217
CVE-2024-22248,0.00385,0.32419
CVE-2024-22250,0.00348,0.2847
CVE-2024-22251,0.00226,0.1356
CVE-2024-22252,0.03542,0.88785
CVE-2024-22253,0.00645,0.49546
CVE-2024-22254,0.00501,0.41948
CVE-2024-22255,0.02311,0.82657
CVE-2024-22256,0.00415,0.35467
CVE-2024-22257,0.00956,0.59932
CVE-2024-22258,0.00526,0.43573
CVE-2024-22259,0.02573,0.84509
CVE-2024-22260,0.00363,0.30202
CVE-2024-22261,0.00417,0.35714
CVE-2024-22262,0.01191,0.66623
CVE-2024-22263,0.17537,0.97004
CVE-2024-22264,0.00554,0.45122
CVE-2024-22266,0.00402,0.34259
CVE-2024-22267,0.00684,0.51159
CVE-2024-22268,0.00499,0.4181
CVE-2024-22269,0.00505,0.42192
CVE-2024-22270,0.00505,0.42192
CVE-2024-22271,0.00361,0.29917
CVE-2024-22272,0.00369,0.30839
CVE-2024-22273,0.00165,0.06135
CVE-2024-22274,0.02509,0.84077
CVE-2024-22275,0.00994,0.61178
CVE-2024-22276,0.00203,0.10631
CVE-2024-22277,0.00325,0.25775
CVE-2024-22278,0.00368,0.30677
CVE-2024-22279,0.00402,0.34248
CVE-2024-22280,0.00472,0.40041
CVE-2024-22281,0.00726,0.52718
CVE-2024-22282,0.00331,0.26447
CVE-2024-22283,0.00544,0.44604
CVE-2024-22284,0.00581,0.46467
CVE-2024-22285,0.00237,0.15061
CVE-2024-22286,0.00331,0.2645
CVE-2024-22287,0.00176,0.07377
CVE-2024-22288,0.00397,0.33753
CVE-2024-22289,0.00334,0.26883
CVE-2024-22290,0.00194,0.09424
CVE-2024-22291,0.00214,0.12082
CVE-2024-22292,0.00317,0.24902
CVE-2024-22293,0.00331,0.26451
CVE-2024-22294,0.00453,0.387
CVE-2024-22295,0.00315,0.2462
CVE-2024-22296,0.00335,0.27048
CVE-2024-22297,0.0031,0.24005
CVE-2024-22298,0.00379,0.31844
CVE-2024-22299,0.00394,0.33453
CVE-2024-22300,0.00394,0.33453
CVE-2024-22301,0.00429,0.36783
CVE-2024-22302,0.00317,0.24901
CVE-2024-22303,0.00444,0.38007
CVE-2024-22304,0.00208,0.11278
CVE-2024-22305,0.00453,0.38721
CVE-2024-22306,0.00316,0.24797
CVE-2024-22307,0.00334,0.26882
CVE-2024-22308,0.00281,0.20859
CVE-2024-22309,0.00519,0.43121
CVE-2024-22310,0.00317,0.24901
CVE-2024-22311,0.00354,0.29118
CVE-2024-22312,0.00153,0.04827
CVE-2024-22313,0.00127,0.02673
CVE-2024-22314,0.00227,0.13694
CVE-2024-22315,0.00226,0.13611
CVE-2024-22316,0.00237,0.15026
CVE-2024-22317,0.01025,0.62116
CVE-2024-22318,0.00573,0.46099
CVE-2024-22319,0.764,0.99516
CVE-2024-22320,0.73398,0.99442
CVE-2024-22326,0.00394,0.3345
CVE-2024-22328,0.00843,0.56456
CVE-2024-22329,0.00299,0.22843
CVE-2024-22330,0.00326,0.25966
CVE-2024-22331,0.00188,0.0863
CVE-2024-22332,0.00607,0.47728
CVE-2024-22333,0.0018,0.07855
CVE-2024-22334,0.00436,0.37355
CVE-2024-22335,0.00191,0.0908
CVE-2024-22336,0.00195,0.09535
CVE-2024-22337,0.00191,0.0908
CVE-2024-22338,0.00152,0.04759
CVE-2024-22339,0.00443,0.37961
CVE-2024-22340,0.00435,0.37259
CVE-2024-22341,0.00463,0.3937
CVE-2024-22343,0.00217,0.1241
CVE-2024-22344,0.00488,0.41146
CVE-2024-22345,0.00521,0.43228
CVE-2024-22346,0.00186,0.0842
CVE-2024-22347,0.00325,0.25842
CVE-2024-22348,0.00361,0.29987
CVE-2024-22349,0.00212,0.11764
CVE-2024-22351,0.00249,0.16615
CVE-2024-22352,0.00495,0.41582
CVE-2024-22353,0.00818,0.55669
CVE-2024-22354,0.00649,0.49727
CVE-2024-22355,0.0041,0.34989
CVE-2024-22356,0.00538,0.44289
CVE-2024-22357,0.00376,0.31478
CVE-2024-22358,0.00411,0.35129
CVE-2024-22359,0.0037,0.30867
CVE-2024-22360,0.00653,0.4991
CVE-2024-22361,0.00323,0.25571
CVE-2024-22362,0.00791,0.54832
CVE-2024-22363,0.00843,0.56442
CVE-2024-22365,0.00459,0.39089
CVE-2024-22366,0.00321,0.25315
CVE-2024-22368,0.00468,0.39689
CVE-2024-22369,0.00728,0.52762
CVE-2024-22370,0.00407,0.34743
CVE-2024-22371,0.00695,0.51575
CVE-2024-22372,0.00829,0.56017
CVE-2024-22373,0.01583,0.74505
CVE-2024-22374,0.00161,0.05727
CVE-2024-22376,0.00153,0.04847
CVE-2024-22377,0.00439,0.37625
CVE-2024-22378,0.00134,0.03243
CVE-2024-22379,0.00174,0.07154
CVE-2024-22380,0.00214,0.1207
CVE-2024-22382,0.00182,0.0805
CVE-2024-22383,0.00173,0.06986
CVE-2024-22384,0.00196,0.09629
CVE-2024-22385,0.00142,0.03847
CVE-2024-22386,0.00158,0.05393
CVE-2024-22387,0.00306,0.23614
CVE-2024-22388,0.00168,0.06532
CVE-2024-22389,0.00497,0.41695
CVE-2024-22390,0.00196,0.09615
CVE-2024-22391,0.01394,0.71212
CVE-2024-22393,0.02459,0.83755
CVE-2024-22394,0.00747,0.53403
CVE-2024-22395,0.00433,0.37088
CVE-2024-22396,0.01122,0.64794
CVE-2024-22397,0.01061,0.63144
CVE-2024-22398,0.009,0.5818
CVE-2024-22399,0.03286,0.87932
CVE-2024-22400,0.00454,0.38779
CVE-2024-22401,0.00462,0.3935
CVE-2024-22402,0.0051,0.42531
CVE-2024-22403,0.00452,0.38615
CVE-2024-22404,0.00517,0.43014
CVE-2024-22405,0.00196,0.09583
CVE-2024-22406,0.0064,0.4931
CVE-2024-22407,0.004,0.34105
CVE-2024-22408,0.00366,0.30489
CVE-2024-22409,0.00652,0.49837
CVE-2024-22410,0.00219,0.12632
CVE-2024-22411,0.0071,0.52139
CVE-2024-22412,0.00592,0.47029
CVE-2024-22414,0.00409,0.34873
CVE-2024-22415,0.00491,0.41327
CVE-2024-22416,0.00948,0.59697
CVE-2024-22417,0.00635,0.49095
CVE-2024-22418,0.00424,0.36364
CVE-2024-22419,0.0077,0.54174
CVE-2024-22420,0.00573,0.46102
CVE-2024-22421,0.0067,0.50592
CVE-2024-22422,0.01045,0.62692
CVE-2024-22423,0.01254,0.68187
CVE-2024-22424,0.00389,0.32925
CVE-2024-22425,0.00458,0.39069
CVE-2024-22426,0.01403,0.71385
CVE-2024-22428,0.00172,0.06878
CVE-2024-22429,0.00209,0.11365
CVE-2024-22430,0.00144,0.04082
CVE-2024-22432,0.00136,0.03384
CVE-2024-22433,0.00643,0.49459
CVE-2024-22435,0.00437,0.37504
CVE-2024-22436,0.00424,0.36355
CVE-2024-22437,0.00181,0.07967
CVE-2024-22438,0.00206,0.10962
CVE-2024-22439,0.002,0.10214
CVE-2024-22440,0.00429,0.36721
CVE-2024-22441,0.00493,0.4144
CVE-2024-22442,0.00624,0.48564
CVE-2024-22443,0.00778,0.54393
CVE-2024-22444,0.00302,0.23152
CVE-2024-22445,0.01439,0.72033
CVE-2024-22447,0.00098,0.00856
CVE-2024-22448,0.00176,0.07385
CVE-2024-22449,0.00171,0.06835
CVE-2024-22450,0.002,0.10076
CVE-2024-22451,0.00099,0.00921
CVE-2024-22452,0.00235,0.14752
CVE-2024-22453,0.00187,0.08604
CVE-2024-22454,0.0056,0.4543
CVE-2024-22455,0.0028,0.20749
CVE-2024-22457,0.00293,0.22138
CVE-2024-22458,0.00132,0.03175
CVE-2024-22459,0.0046,0.39165
CVE-2024-22460,0.00448,0.38369
CVE-2024-22461,0.00776,0.54347
CVE-2024-22463,0.00283,0.21083
CVE-2024-22464,0.00523,0.43385
CVE-2024-22472,0.00777,0.54392
CVE-2024-22473,0.00396,0.33613
CVE-2024-22475,0.00282,0.20998
CVE-2024-22476,0.3597,0.98403
CVE-2024-22477,0.00173,0.07039
CVE-2024-22490,0.00435,0.37294
CVE-2024-22491,0.00417,0.35739
CVE-2024-22492,0.00556,0.45237
CVE-2024-22493,0.00556,0.45237
CVE-2024-22494,0.00466,0.39564
CVE-2024-22496,0.00435,0.37294
CVE-2024-22497,0.00435,0.37295
CVE-2024-22513,0.00804,0.55244
CVE-2024-22514,0.01401,0.71361
CVE-2024-22515,0.01198,0.66809
CVE-2024-22519,0.0063,0.48863
CVE-2024-22520,0.00598,0.47332
CVE-2024-22523,0.01093,0.64028
CVE-2024-22524,0.00188,0.08693
CVE-2024-22525,0.00236,0.14826
CVE-2024-22526,0.00407,0.34712
CVE-2024-22529,0.0173,0.76608
CVE-2024-22532,0.01126,0.64916
CVE-2024-22533,0.01028,0.62188
CVE-2024-22543,0.01214,0.67228
CVE-2024-22544,0.09346,0.95164
CVE-2024-22545,0.00498,0.41773
CVE-2024-22546,0.01499,0.73152
CVE-2024-22547,0.00373,0.31229
CVE-2024-22548,0.00439,0.37638
CVE-2024-22549,0.00379,0.31809
CVE-2024-22550,0.00574,0.46149
CVE-2024-22551,0.00446,0.38155
CVE-2024-22559,0.00325,0.25881
CVE-2024-22562,0.00285,0.21247
CVE-2024-22563,0.00568,0.45878
CVE-2024-22567,0.17789,0.97034
CVE-2024-22568,0.00286,0.21426
CVE-2024-22569,0.00469,0.39799
CVE-2024-22570,0.00277,0.20338
CVE-2024-22588,0.00324,0.25715
CVE-2024-22590,0.00582,0.46521
CVE-2024-22591,0.00317,0.24842
CVE-2024-22592,0.00324,0.25647
CVE-2024-22593,0.00324,0.25647
CVE-2024-22601,0.00235,0.14677
CVE-2024-22603,0.00328,0.26149
CVE-2024-22611,0.06315,0.93309
CVE-2024-22625,0.00745,0.53343
CVE-2024-22626,0.00707,0.52041
CVE-2024-22627,0.00707,0.5204
CVE-2024-22628,0.00626,0.48676
CVE-2024-22632,0.01031,0.62289
CVE-2024-22633,0.00947,0.59683
CVE-2024-22635,0.00459,0.39127
CVE-2024-22636,0.01257,0.68285
CVE-2024-22637,0.0045,0.38474
CVE-2024-22638,0.01645,0.75422
CVE-2024-22639,0.00411,0.35086
CVE-2024-22640,0.01325,0.69751
CVE-2024-22641,0.01113,0.64565
CVE-2024-22643,0.00326,0.25905
CVE-2024-22646,0.00584,0.46668
CVE-2024-22647,0.00557,0.45315
CVE-2024-22648,0.00609,0.47836
CVE-2024-22651,0.20188,0.97351
CVE-2024-22653,0.00247,0.16285
CVE-2024-22654,0.00424,0.36353
CVE-2024-22660,0.00862,0.57065
CVE-2024-22662,0.00862,0.57064
CVE-2024-22663,0.01741,0.76761
CVE-2024-22667,0.00563,0.45629
CVE-2024-22699,0.00352,0.28929
CVE-2024-22705,0.00252,0.16964
CVE-2024-22714,0.00376,0.31507
CVE-2024-22715,0.00303,0.23227
CVE-2024-22717,0.0037,0.30872
CVE-2024-22718,0.00657,0.50067
CVE-2024-22719,0.00541,0.44444
CVE-2024-22720,0.00395,0.33593
CVE-2024-22721,0.00188,0.08698
CVE-2024-22722,0.00885,0.57745
CVE-2024-22723,0.00876,0.57491
CVE-2024-22724,0.00306,0.23619
CVE-2024-22725,0.00355,0.29333
CVE-2024-22727,0.00328,0.26157
CVE-2024-22729,0.70779,0.99371
CVE-2024-22733,0.00606,0.47718
CVE-2024-22734,0.00728,0.5277
CVE-2024-22749,0.00534,0.44067
CVE-2024-22751,0.01183,0.66442
CVE-2024-22752,0.00624,0.48568
CVE-2024-22768,0.00562,0.45538
CVE-2024-22769,0.00496,0.41627
CVE-2024-22770,0.00496,0.41627
CVE-2024-22771,0.00496,0.41628
CVE-2024-22772,0.00496,0.41628
CVE-2024-22773,0.00973,0.60562
CVE-2024-22774,0.00494,0.41538
CVE-2024-22776,0.00474,0.40153
CVE-2024-22778,0.00695,0.51571
CVE-2024-22779,0.01868,0.7842
CVE-2024-22780,0.00574,0.4617
CVE-2024-22795,0.00312,0.24331
CVE-2024-22807,0.00421,0.36101
CVE-2024-22808,0.00515,0.4286
CVE-2024-22809,0.00254,0.17221
CVE-2024-22811,0.00441,0.37798
CVE-2024-22813,0.00385,0.32476
CVE-2024-22815,0.00226,0.13625
CVE-2024-22817,0.00321,0.25375
CVE-2024-22818,0.00321,0.25376
CVE-2024-22819,0.00321,0.25376
CVE-2024-22824,0.01059,0.63098
CVE-2024-22830,0.0014,0.03763
CVE-2024-22836,0.30036,0.98131
CVE-2024-22851,0.0119,0.66618
CVE-2024-22852,0.01079,0.63637
CVE-2024-22853,0.04834,0.91602
CVE-2024-22854,0.00396,0.33659
CVE-2024-22855,0.0033,0.26355
CVE-2024-22856,0.00295,0.2238
CVE-2024-22857,0.01685,0.76018
CVE-2024-22859,0.00457,0.38954
CVE-2024-22860,0.01307,0.69361
CVE-2024-22861,0.00608,0.47805
CVE-2024-22862,0.01183,0.66431
CVE-2024-22871,0.01533,0.73703
CVE-2024-22873,0.00547,0.44763
CVE-2024-22876,0.00289,0.21701
CVE-2024-22877,0.00289,0.217
CVE-2024-22880,0.00278,0.20517
CVE-2024-22889,0.00697,0.51646
CVE-2024-22891,0.01686,0.76036
CVE-2024-22892,0.00248,0.16432
CVE-2024-22893,0.00362,0.30022
CVE-2024-22894,0.00731,0.52881
CVE-2024-22895,0.00767,0.54078
CVE-2024-22899,0.02389,0.83234
CVE-2024-22900,0.01899,0.78783
CVE-2024-22901,0.0111,0.64507
CVE-2024-22902,0.01077,0.63597
CVE-2024-22903,0.01876,0.78511
CVE-2024-22905,0.00429,0.36729
CVE-2024-22910,0.00504,0.4217
CVE-2024-22911,0.00333,0.26806
CVE-2024-22912,0.00357,0.29566
CVE-2024-22913,0.00361,0.29913
CVE-2024-22914,0.00301,0.23025
CVE-2024-22915,0.00376,0.31487
CVE-2024-22916,0.00986,0.60923
CVE-2024-22917,0.00739,0.53136
CVE-2024-22919,0.00333,0.26806
CVE-2024-22920,0.00298,0.22727
CVE-2024-22922,0.0079,0.54794
CVE-2024-22923,0.00668,0.50505
CVE-2024-22927,0.01019,0.61916
CVE-2024-22936,0.00555,0.45162
CVE-2024-22938,0.0031,0.24104
CVE-2024-22939,0.0069,0.51413
CVE-2024-22942,0.0164,0.75349
CVE-2024-22949,0.00652,0.49866
CVE-2024-22955,0.00333,0.26805
CVE-2024-22956,0.0035,0.28778
CVE-2024-22957,0.00305,0.23486
CVE-2024-22983,0.00807,0.55352
CVE-2024-22988,0.00815,0.55599
CVE-2024-23031,0.00434,0.37228
CVE-2024-23032,0.00458,0.39058
CVE-2024-23033,0.00458,0.39059
CVE-2024-23034,0.00458,0.39058
CVE-2024-23049,0.01169,0.6604
CVE-2024-23052,0.04912,0.91725
CVE-2024-23054,0.01275,0.68675
CVE-2024-23055,0.00918,0.5876
CVE-2024-23057,0.0164,0.75349
CVE-2024-23058,0.0164,0.7535
CVE-2024-23059,0.01728,0.76582
CVE-2024-23060,0.017,0.76217
CVE-2024-23061,0.01728,0.76581
CVE-2024-23076,0.0077,0.54174
CVE-2024-23077,0.00532,0.4394
CVE-2024-23078,0.00652,0.49866
CVE-2024-23079,0.00205,0.10877
CVE-2024-23080,0.0083,0.56051
CVE-2024-23081,0.00206,0.10916
CVE-2024-23082,0.00271,0.19597
CVE-2024-23083,0.00661,0.50246
CVE-2024-23084,0.00598,0.47361
CVE-2024-23085,0.00533,0.4397
CVE-2024-23086,0.00713,0.52231
CVE-2024-23091,0.00399,0.33947
CVE-2024-23094,0.00296,0.2252
CVE-2024-23104,0.00255,0.17454
CVE-2024-23105,0.00445,0.3808
CVE-2024-23106,0.0096,0.60053
CVE-2024-23107,0.00202,0.10388
CVE-2024-23108,0.78375,0.99562
CVE-2024-23109,0.03224,0.87697
CVE-2024-23110,0.00281,0.20887
CVE-2024-23111,0.01042,0.62615
CVE-2024-23112,0.00663,0.50297
CVE-2024-23113,0.61725,0.99132
CVE-2024-23114,0.01194,0.66713
CVE-2024-23115,0.67493,0.99278
CVE-2024-23116,0.53411,0.98941
CVE-2024-23117,0.53411,0.98941
CVE-2024-23118,0.53411,0.98941
CVE-2024-23119,0.0136,0.70526
CVE-2024-23120,0.00481,0.40639
CVE-2024-23121,0.00615,0.48136
CVE-2024-23122,0.00652,0.49879
CVE-2024-23123,0.00639,0.49249
CVE-2024-23124,0.00554,0.45104
CVE-2024-23125,0.00396,0.33641
CVE-2024-23126,0.00418,0.35808
CVE-2024-23127,0.00515,0.42888
CVE-2024-23128,0.00515,0.42887
CVE-2024-23129,0.00401,0.34186
CVE-2024-23130,0.00526,0.43555
CVE-2024-23131,0.00515,0.42887
CVE-2024-23132,0.00602,0.47508
CVE-2024-23133,0.00255,0.17472
CVE-2024-23134,0.00488,0.41135
CVE-2024-23135,0.00478,0.40435
CVE-2024-23136,0.00439,0.37597
CVE-2024-23137,0.00968,0.60404
CVE-2024-23138,0.0047,0.39847
CVE-2024-23139,0.00447,0.38239
CVE-2024-23140,0.00423,0.36288
CVE-2024-23141,0.00415,0.35464
CVE-2024-23142,0.00436,0.37376
CVE-2024-23143,0.00415,0.35464
CVE-2024-23144,0.00423,0.36288
CVE-2024-23145,0.00415,0.35464
CVE-2024-23146,0.00423,0.36287
CVE-2024-23147,0.00427,0.36576
CVE-2024-23148,0.00312,0.24259
CVE-2024-23149,0.00409,0.34895
CVE-2024-23150,0.00389,0.32847
CVE-2024-23151,0.00403,0.34425
CVE-2024-23152,0.00403,0.34354
CVE-2024-23153,0.00403,0.34425
CVE-2024-23154,0.00403,0.34354
CVE-2024-23155,0.00374,0.31349
CVE-2024-23156,0.00413,0.35338
CVE-2024-23157,0.00413,0.35338
CVE-2024-23158,0.00416,0.35627
CVE-2024-23159,0.00316,0.24745
CVE-2024-23168,0.00403,0.34326
CVE-2024-23169,0.0028,0.20805
CVE-2024-23170,0.00314,0.24562
CVE-2024-23171,0.00406,0.34629
CVE-2024-23172,0.00474,0.40203
CVE-2024-23173,0.00424,0.36336
CVE-2024-23174,0.00406,0.34628
CVE-2024-23176,0.00171,0.06819
CVE-2024-23177,0.00424,0.36335
CVE-2024-23178,0.00406,0.34628
CVE-2024-23179,0.00429,0.36773
CVE-2024-23180,0.00918,0.58751
CVE-2024-23181,0.00411,0.351
CVE-2024-23182,0.00749,0.53472
CVE-2024-23183,0.00361,0.29959
CVE-2024-23184,0.00839,0.56337
CVE-2024-23185,0.01284,0.68866
CVE-2024-23186,0.00575,0.46214
CVE-2024-23187,0.00485,0.40879
CVE-2024-23188,0.00526,0.43568
CVE-2024-23189,0.00531,0.43865
CVE-2024-23190,0.00499,0.41815
CVE-2024-23191,0.00499,0.41816
CVE-2024-23192,0.00531,0.43865
CVE-2024-23193,0.00545,0.4462
CVE-2024-23194,0.00148,0.04405
CVE-2024-23196,0.00167,0.06389
CVE-2024-23198,0.00244,0.15851
CVE-2024-23201,0.00247,0.16283
CVE-2024-23203,0.00911,0.58504
CVE-2024-23204,0.01789,0.77409
CVE-2024-23205,0.00218,0.12529
CVE-2024-23206,0.00921,0.58827
CVE-2024-23207,0.00338,0.27356
CVE-2024-23208,0.01413,0.71573
CVE-2024-23209,0.00845,0.56484
CVE-2024-23210,0.00323,0.25571
CVE-2024-23211,0.0038,0.31908
CVE-2024-23212,0.00365,0.30392
CVE-2024-23213,0.015,0.73168
CVE-2024-23214,0.01007,0.61573
CVE-2024-23215,0.00328,0.26154
CVE-2024-23216,0.00272,0.19839
CVE-2024-23217,0.00382,0.32174
CVE-2024-23218,0.00992,0.61118
CVE-2024-23219,0.00269,0.19339
CVE-2024-23220,0.00235,0.14777
CVE-2024-23222,0.10593,0.95583
CVE-2024-23223,0.00303,0.23217
CVE-2024-23224,0.00291,0.21916
CVE-2024-23225,0.01481,0.72828
CVE-2024-23226,0.01188,0.66565
CVE-2024-23227,0.00247,0.16252
CVE-2024-23228,0.00345,0.28095
CVE-2024-23229,0.00275,0.20131
CVE-2024-23230,0.0021,0.11474
CVE-2024-23231,0.00268,0.19172
CVE-2024-23232,0.00219,0.12603
CVE-2024-23233,0.00219,0.12586
CVE-2024-23234,0.00257,0.17702
CVE-2024-23235,0.00501,0.41957
CVE-2024-23236,0.00254,0.17169
CVE-2024-23237,0.00199,0.09971
CVE-2024-23238,0.00212,0.11749
CVE-2024-23239,0.0043,0.36844
CVE-2024-23240,0.00255,0.1741
CVE-2024-23241,0.00441,0.37803
CVE-2024-23242,0.00214,0.11974
CVE-2024-23243,0.00574,0.46166
CVE-2024-23244,0.00231,0.14188
CVE-2024-23245,0.00431,0.36944
CVE-2024-23246,0.00691,0.51429
CVE-2024-23247,0.00382,0.32136
CVE-2024-23248,0.00472,0.40026
CVE-2024-23249,0.00243,0.15751
CVE-2024-23250,0.00236,0.14927
CVE-2024-23251,0.00374,0.31322
CVE-2024-23253,0.00411,0.3505
CVE-2024-23254,0.01253,0.68183
CVE-2024-23255,0.00672,0.50658
CVE-2024-23256,0.00256,0.17552
CVE-2024-23257,0.00447,0.38281
CVE-2024-23258,0.00239,0.15312
CVE-2024-23259,0.0085,0.56663
CVE-2024-23260,0.00218,0.12528
CVE-2024-23261,0.00911,0.58504
CVE-2024-23262,0.0048,0.40565
CVE-2024-23263,0.01496,0.7309
CVE-2024-23264,0.00797,0.54995
CVE-2024-23265,0.00715,0.52325
CVE-2024-23266,0.00228,0.13778
CVE-2024-23267,0.00226,0.13604
CVE-2024-23268,0.0042,0.3596
CVE-2024-23269,0.00247,0.16275
CVE-2024-23270,0.00277,0.20341
CVE-2024-23271,0.00801,0.5512
CVE-2024-23272,0.00238,0.15108
CVE-2024-23273,0.00732,0.5289
CVE-2024-23274,0.0042,0.3596
CVE-2024-23275,0.0017,0.06718
CVE-2024-23276,0.00284,0.21169
CVE-2024-23277,0.00709,0.5211
CVE-2024-23278,0.00494,0.41483
CVE-2024-23279,0.00248,0.16408
CVE-2024-23280,0.01276,0.68687
CVE-2024-23281,0.0023,0.141
CVE-2024-23282,0.00237,0.14985
CVE-2024-23283,0.00259,0.17911
CVE-2024-23284,0.01473,0.72701
CVE-2024-23285,0.00247,0.16311
CVE-2024-23286,0.01236,0.67776
CVE-2024-23287,0.00669,0.50542
CVE-2024-23288,0.00267,0.19038
CVE-2024-23289,0.00289,0.2172
CVE-2024-23290,0.00503,0.4206
CVE-2024-23291,0.0063,0.48841
CVE-2024-23292,0.00253,0.17093
CVE-2024-23293,0.0041,0.34965
CVE-2024-23294,0.00276,0.20272
CVE-2024-23295,0.00265,0.18722
CVE-2024-23296,0.01411,0.71531
CVE-2024-23297,0.00281,0.20853
CVE-2024-23298,0.00521,0.4325
CVE-2024-23299,0.00243,0.15762
CVE-2024-23300,0.00263,0.18456
CVE-2024-23301,0.00291,0.21918
CVE-2024-23302,0.00748,0.53431
CVE-2024-23304,0.00754,0.53636
CVE-2024-23305,0.01684,0.76007
CVE-2024-23306,0.00153,0.04834
CVE-2024-23307,0.0059,0.46931
CVE-2024-23308,0.00515,0.42905
CVE-2024-23309,0.00915,0.58661
CVE-2024-23310,0.01703,0.76254
CVE-2024-23312,0.00175,0.07224
CVE-2024-23313,0.01792,0.7745
CVE-2024-23314,0.00515,0.42906
CVE-2024-23315,0.0096,0.60061
CVE-2024-23316,0.00547,0.44722
CVE-2024-23317,0.00165,0.06193
CVE-2024-23319,0.00245,0.16062
CVE-2024-23320,0.01388,0.71089
CVE-2024-23321,0.0089,0.57871
CVE-2024-23322,0.00679,0.50979
CVE-2024-23323,0.00504,0.42153
CVE-2024-23324,0.006,0.47462
CVE-2024-23325,0.00751,0.53534
CVE-2024-23326,0.00361,0.29987
CVE-2024-23327,0.00693,0.51515
CVE-2024-23328,0.01211,0.67162
CVE-2024-23329,0.00587,0.46799
CVE-2024-23330,0.00474,0.40195
CVE-2024-23331,0.00785,0.54604
CVE-2024-23332,0.0029,0.21861
CVE-2024-23333,0.17868,0.97044
CVE-2024-23334,0.76875,0.99527
CVE-2024-23335,0.00559,0.45374
CVE-2024-23336,0.00457,0.38955
CVE-2024-23337,0.00441,0.37755
CVE-2024-23339,0.01007,0.61582
CVE-2024-23340,0.00722,0.52565
CVE-2024-23341,0.00428,0.36698
CVE-2024-23342,0.00985,0.60902
CVE-2024-23344,0.0053,0.43804
CVE-2024-23345,0.00433,0.37126
CVE-2024-23346,0.03816,0.89601
CVE-2024-23347,0.0026,0.18034
CVE-2024-23348,0.0069,0.51387
CVE-2024-23349,0.01073,0.63486
CVE-2024-23350,0.00171,0.06846
CVE-2024-23351,0.00136,0.0341
CVE-2024-23352,0.00346,0.28232
CVE-2024-23353,0.00346,0.28232
CVE-2024-23354,0.00156,0.05142
CVE-2024-23355,0.0011,0.01418
CVE-2024-23356,0.0011,0.01418
CVE-2024-23357,0.00094,0.00675
CVE-2024-23358,0.00263,0.18441
CVE-2024-23359,0.00264,0.18539
CVE-2024-23360,0.00091,0.00542
CVE-2024-23362,0.00123,0.02406
CVE-2024-23363,0.00263,0.18442
CVE-2024-23364,0.00297,0.22658
CVE-2024-23365,0.00125,0.02534
CVE-2024-23366,0.00126,0.02616
CVE-2024-23368,0.00103,0.01091
CVE-2024-23369,0.0012,0.02127
CVE-2024-23370,0.0011,0.01427
CVE-2024-23372,0.00131,0.03085
CVE-2024-23373,0.0015,0.04592
CVE-2024-23374,0.0011,0.01426
CVE-2024-23375,0.00121,0.0222
CVE-2024-23376,0.0011,0.01427
CVE-2024-23377,0.00102,0.01066
CVE-2024-23378,0.0011,0.01426
CVE-2024-23379,0.0011,0.01426
CVE-2024-23380,0.00163,0.059
CVE-2024-23381,0.00111,0.01478
CVE-2024-23382,0.00117,0.01923
CVE-2024-23383,0.00111,0.01478
CVE-2024-23384,0.00114,0.01683
CVE-2024-23385,0.00254,0.17217
CVE-2024-23386,0.00102,0.01065
CVE-2024-23387,0.00458,0.39011
CVE-2024-23388,0.00385,0.32483
CVE-2024-23439,0.00211,0.11669
CVE-2024-23440,0.00211,0.11669
CVE-2024-23441,0.00238,0.15125
CVE-2024-23442,0.00337,0.27271
CVE-2024-23443,0.01764,0.77082
CVE-2024-23444,0.00206,0.10956
CVE-2024-23445,0.00456,0.38926
CVE-2024-23446,0.005,0.41904
CVE-2024-23447,0.00365,0.30367
CVE-2024-23448,0.00671,0.50622
CVE-2024-23449,0.00681,0.51067
CVE-2024-23450,0.01254,0.68196
CVE-2024-23451,0.00492,0.41402
CVE-2024-23452,0.01637,0.75303
CVE-2024-23453,0.00163,0.05917
CVE-2024-23454,0.00384,0.32342
CVE-2024-23456,0.00228,0.13854
CVE-2024-23457,0.00204,0.10649
CVE-2024-23458,0.00115,0.01752
CVE-2024-23459,0.00474,0.40178
CVE-2024-23460,0.00126,0.02658
CVE-2024-23461,0.0011,0.01467
CVE-2024-23462,0.00191,0.09045
CVE-2024-23463,0.00371,0.30979
CVE-2024-23464,0.00431,0.36894
CVE-2024-23465,0.01943,0.79294
CVE-2024-23466,0.02539,0.84288
CVE-2024-23467,0.02928,0.86489
CVE-2024-23468,0.03379,0.88262
CVE-2024-23469,0.17866,0.97044
CVE-2024-23470,0.0117,0.66061
CVE-2024-23471,0.01344,0.70184
CVE-2024-23472,0.18599,0.97133
CVE-2024-23473,0.01073,0.63488
CVE-2024-23474,0.01515,0.73414
CVE-2024-23475,0.02082,0.80726
CVE-2024-23476,0.0708,0.9394
CVE-2024-23477,0.07848,0.94426
CVE-2024-23478,0.81588,0.99626
CVE-2024-23479,0.05793,0.92781
CVE-2024-23480,0.00301,0.23067
CVE-2024-23482,0.00275,0.20189
CVE-2024-23483,0.00748,0.53438
CVE-2024-23485,0.00186,0.08397
CVE-2024-23486,0.00561,0.45509
CVE-2024-23487,0.00201,0.10316
CVE-2024-23488,0.00314,0.24494
CVE-2024-23489,0.00154,0.04937
CVE-2024-23491,0.00154,0.0495
CVE-2024-23492,0.00243,0.15839
CVE-2024-23493,0.00389,0.32949
CVE-2024-23494,0.08484,0.94785
CVE-2024-23495,0.00131,0.03067
CVE-2024-23496,0.01338,0.70047
CVE-2024-23497,0.00183,0.0815
CVE-2024-23499,0.00527,0.4361
CVE-2024-23500,0.00505,0.42172
CVE-2024-23501,0.00336,0.2708
CVE-2024-23502,0.0031,0.24001
CVE-2024-23503,0.00325,0.25803
CVE-2024-23504,0.00325,0.2584
CVE-2024-23505,0.0031,0.24
CVE-2024-23506,0.00504,0.4212
CVE-2024-23507,0.00621,0.48455
CVE-2024-23508,0.00331,0.26441
CVE-2024-23510,0.00241,0.15547
CVE-2024-23511,0.00149,0.0446
CVE-2024-23512,0.00519,0.4312
CVE-2024-23513,0.00519,0.4312
CVE-2024-23514,0.00346,0.28312
CVE-2024-23515,0.00197,0.09706
CVE-2024-23516,0.00346,0.28312
CVE-2024-23517,0.00346,0.28312
CVE-2024-23518,0.00441,0.37765
CVE-2024-23519,0.00277,0.20407
CVE-2024-23520,0.00337,0.27236
CVE-2024-23521,0.00381,0.32016
CVE-2024-23522,0.00336,0.27061
CVE-2024-23523,0.00529,0.43751
CVE-2024-23524,0.00307,0.23743
CVE-2024-23525,0.00776,0.54335
CVE-2024-23526,0.01884,0.78596
CVE-2024-23527,0.01987,0.79743
CVE-2024-23528,0.01884,0.78596
CVE-2024-23529,0.01884,0.78596
CVE-2024-23530,0.01884,0.78595
CVE-2024-23531,0.02379,0.83159
CVE-2024-23532,0.01789,0.77401
CVE-2024-23533,0.01366,0.70643
CVE-2024-23534,0.02715,0.85388
CVE-2024-23535,0.68104,0.99295
CVE-2024-23537,0.01104,0.64338
CVE-2024-23538,0.01291,0.69011
CVE-2024-23539,0.01494,0.73055
CVE-2024-23540,0.00583,0.46597
CVE-2024-23550,0.00214,0.12023
CVE-2024-23551,0.0017,0.06752
CVE-2024-23553,0.00255,0.17459
CVE-2024-23554,0.00271,0.19557
CVE-2024-23556,0.00371,0.31
CVE-2024-23557,0.00346,0.28306
CVE-2024-23558,0.00308,0.23813
CVE-2024-23559,0.00308,0.23847
CVE-2024-23560,0.00324,0.25676
CVE-2024-23561,0.0036,0.29825
CVE-2024-23562,0.00475,0.40209
CVE-2024-23563,0.00155,0.05006
CVE-2024-23564,0.00295,0.22345
CVE-2024-23565,0.00402,0.3427
CVE-2024-23566,0.00266,0.18808
CVE-2024-23567,0.00306,0.23579
CVE-2024-23568,0.00402,0.3427
CVE-2024-23569,0.00297,0.22595
CVE-2024-23570,0.00279,0.20664
CVE-2024-23571,0.00297,0.22595
CVE-2024-23572,0.00131,0.03095
CVE-2024-23573,0.00244,0.15942
CVE-2024-23574,0.0033,0.26365
CVE-2024-23575,0.0033,0.26366
CVE-2024-23576,0.00452,0.38647
CVE-2024-23577,0.00297,0.22595
CVE-2024-23578,0.00196,0.09552
CVE-2024-23579,0.0015,0.0459
CVE-2024-23580,0.0015,0.0459
CVE-2024-23581,0.0009,0.00525
CVE-2024-23583,0.00157,0.05237
CVE-2024-23584,0.00278,0.20524
CVE-2024-23586,0.00323,0.25595
CVE-2024-23588,0.00344,0.28063
CVE-2024-23589,0.00165,0.06167
CVE-2024-23590,0.00667,0.50485
CVE-2024-23591,0.00162,0.05867
CVE-2024-23592,0.0025,0.16728
CVE-2024-23593,0.00331,0.26462
CVE-2024-23594,0.00236,0.1494
CVE-2024-23597,0.00219,0.12623
CVE-2024-23599,0.00123,0.0241
CVE-2024-23600,0.00671,0.50613
CVE-2024-23601,0.0072,0.525
CVE-2024-23603,0.00302,0.23133
CVE-2024-23604,0.00574,0.46165
CVE-2024-23605,0.01338,0.70047
CVE-2024-23606,0.01679,0.75917
CVE-2024-23607,0.00499,0.41849
CVE-2024-23608,0.00591,0.47008
CVE-2024-23609,0.00591,0.47007
CVE-2024-23610,0.00591,0.47007
CVE-2024-23611,0.00604,0.47609
CVE-2024-23612,0.00604,0.4761
CVE-2024-23613,0.0184,0.78068
CVE-2024-23614,0.01609,0.74875
CVE-2024-23615,0.01881,0.78559
CVE-2024-23616,0.01881,0.78559
CVE-2024-23617,0.01659,0.75615
CVE-2024-23618,0.0121,0.67137
CVE-2024-23619,0.01712,0.76393
CVE-2024-23620,0.00162,0.0587
CVE-2024-23621,0.01851,0.78207
CVE-2024-23622,0.01851,0.78207
CVE-2024-23624,0.25988,0.97894
CVE-2024-23625,0.22836,0.97637
CVE-2024-23626,0.03537,0.88767
CVE-2024-23627,0.03537,0.88767
CVE-2024-23628,0.03174,0.87492
CVE-2024-23629,0.01081,0.63724
CVE-2024-23630,0.01523,0.73543
CVE-2024-23633,0.00592,0.47045
CVE-2024-23634,0.00694,0.51538
CVE-2024-23635,0.00368,0.30646
CVE-2024-23636,0.00799,0.5506
CVE-2024-23637,0.00519,0.43117
CVE-2024-23638,0.6005,0.99093
CVE-2024-23639,0.00261,0.18204
CVE-2024-23640,0.00426,0.36539
CVE-2024-23641,0.00764,0.53964
CVE-2024-23642,0.00426,0.36539
CVE-2024-23643,0.00426,0.36539
CVE-2024-23644,0.00632,0.48935
CVE-2024-23645,0.00886,0.57777
CVE-2024-23646,0.00997,0.61275
CVE-2024-23647,0.00544,0.44598
CVE-2024-23648,0.00827,0.55965
CVE-2024-23649,0.00505,0.42213
CVE-2024-23650,0.00957,0.59979
CVE-2024-23651,0.00791,0.54828
CVE-2024-23652,0.02055,0.8046
CVE-2024-23653,0.02983,0.8672
CVE-2024-23654,0.00411,0.3512
CVE-2024-23655,0.00788,0.54729
CVE-2024-23656,0.00435,0.37276
CVE-2024-23657,0.01212,0.67192
CVE-2024-23658,0.00084,0.00325
CVE-2024-23659,0.00445,0.3811
CVE-2024-23660,0.00552,0.45015
CVE-2024-23662,0.00695,0.51598
CVE-2024-23663,0.0064,0.49276
CVE-2024-23664,0.00347,0.28363
CVE-2024-23665,0.00488,0.4113
CVE-2024-23666,0.02726,0.85441
CVE-2024-23667,0.00443,0.3793
CVE-2024-23668,0.00657,0.5006
CVE-2024-23669,0.00547,0.44726
CVE-2024-23670,0.00443,0.3793
CVE-2024-23671,0.01159,0.65745
CVE-2024-23672,0.02313,0.82676
CVE-2024-23673,0.01321,0.69659
CVE-2024-23674,0.0073,0.52842
CVE-2024-23675,0.00376,0.31542
CVE-2024-23676,0.00324,0.25671
CVE-2024-23677,0.00395,0.33551
CVE-2024-23678,0.0022,0.12703
CVE-2024-23679,0.00836,0.56257
CVE-2024-23680,0.0021,0.11592
CVE-2024-23681,0.00344,0.28048
CVE-2024-23682,0.0035,0.28669
CVE-2024-23683,0.00358,0.29626
CVE-2024-23684,0.0092,0.58798
CVE-2024-23685,0.00527,0.43643
CVE-2024-23686,0.00603,0.47574
CVE-2024-23687,0.00652,0.4985
CVE-2024-23688,0.00493,0.41462
CVE-2024-23689,0.00676,0.50844
CVE-2024-23690,0.01129,0.64977
CVE-2024-23692,0.99471,0.99943
CVE-2024-23695,0.00104,0.01172
CVE-2024-23696,0.00104,0.01172
CVE-2024-23697,0.00104,0.01171
CVE-2024-23698,0.00106,0.01246
CVE-2024-23704,0.00093,0.0062
CVE-2024-23705,0.00313,0.24435
CVE-2024-23706,0.00105,0.01197
CVE-2024-23707,0.00095,0.00768
CVE-2024-23708,0.00343,0.27936
CVE-2024-23709,0.00786,0.54663
CVE-2024-23710,0.0009,0.00505
CVE-2024-23711,0.00103,0.01104
CVE-2024-23712,0.00085,0.00371
CVE-2024-23713,0.00083,0.00304
CVE-2024-23715,0.00103,0.01098
CVE-2024-23716,0.00075,0.00105
CVE-2024-23717,0.00366,0.30498
CVE-2024-23721,0.00852,0.56736
CVE-2024-23722,0.00944,0.59572
CVE-2024-23724,0.03485,0.88617
CVE-2024-23725,0.00436,0.37354
CVE-2024-23726,0.00483,0.40771
CVE-2024-23727,0.00513,0.42741
CVE-2024-23729,0.00423,0.36277
CVE-2024-23730,0.01202,0.66889
CVE-2024-23731,0.01059,0.63096
CVE-2024-23732,0.00775,0.54307
CVE-2024-23733,0.02419,0.83464
CVE-2024-23734,0.0014,0.0371
CVE-2024-23735,0.00213,0.11929
CVE-2024-23736,0.00147,0.04323
CVE-2024-23737,0.00109,0.0138
CVE-2024-23738,0.01457,0.7237
CVE-2024-23739,0.01808,0.77663
CVE-2024-23740,0.01456,0.72363
CVE-2024-23741,0.01574,0.74365
CVE-2024-23742,0.01695,0.76148
CVE-2024-23743,0.00366,0.30459
CVE-2024-23744,0.00691,0.51421
CVE-2024-23745,0.01984,0.79707
CVE-2024-23746,0.01288,0.68944
CVE-2024-23747,0.00694,0.51551
CVE-2024-23749,0.04692,0.91392
CVE-2024-23750,0.00968,0.60377
CVE-2024-23751,0.0066,0.5017
CVE-2024-23752,0.01015,0.61812
CVE-2024-23755,0.01051,0.62841
CVE-2024-23756,0.00602,0.47523
CVE-2024-23758,0.00468,0.39723
CVE-2024-23759,0.47549,0.98791
CVE-2024-23760,0.00442,0.37851
CVE-2024-23761,0.00659,0.50137
CVE-2024-23762,0.00322,0.25499
CVE-2024-23763,0.00629,0.48806
CVE-2024-23764,0.00174,0.0713
CVE-2024-23765,0.00157,0.05316
CVE-2024-23766,0.00441,0.3775
CVE-2024-23767,0.00406,0.34644
CVE-2024-23768,0.00643,0.49462
CVE-2024-23769,0.00221,0.12894
CVE-2024-23770,0.00238,0.15066
CVE-2024-23771,0.01055,0.62973
CVE-2024-23772,0.00332,0.26607
CVE-2024-23773,0.00376,0.31539
CVE-2024-23774,0.00444,0.38059
CVE-2024-23775,0.0112,0.64764
CVE-2024-23782,0.00298,0.22737
CVE-2024-23783,0.00519,0.43166
CVE-2024-23784,0.00393,0.33383
CVE-2024-23785,0.00357,0.29469
CVE-2024-23786,0.00786,0.54665
CVE-2024-23787,0.00892,0.57953
CVE-2024-23788,0.0081,0.55443
CVE-2024-23789,0.01176,0.66242
CVE-2024-23790,0.00253,0.17163
CVE-2024-23791,0.00515,0.42912
CVE-2024-23792,0.00345,0.2817
CVE-2024-23793,0.00783,0.54542
CVE-2024-23794,0.0027,0.19437
CVE-2024-23795,0.00318,0.24945
CVE-2024-23796,0.00313,0.24432
CVE-2024-23797,0.00313,0.24432
CVE-2024-23798,0.00313,0.24431
CVE-2024-23799,0.0017,0.06706
CVE-2024-23800,0.0017,0.06706
CVE-2024-23801,0.0017,0.06705
CVE-2024-23802,0.00207,0.11098
CVE-2024-23803,0.00206,0.1096
CVE-2024-23804,0.0021,0.1152
CVE-2024-23805,0.00515,0.42906
CVE-2024-23806,0.00253,0.17069
CVE-2024-23807,0.01482,0.72858
CVE-2024-23808,0.00191,0.09002
CVE-2024-23809,0.01679,0.75918
CVE-2024-23810,0.00654,0.49951
CVE-2024-23811,0.00387,0.32705
CVE-2024-23812,0.01094,0.6409
CVE-2024-23813,0.00589,0.46872
CVE-2024-23814,0.00621,0.48462
CVE-2024-23815,0.00551,0.44945
CVE-2024-23816,0.00733,0.52941
CVE-2024-23817,0.00557,0.45258
CVE-2024-23818,0.00426,0.36494
CVE-2024-23819,0.00426,0.36539
CVE-2024-23820,0.00734,0.52987
CVE-2024-23821,0.00405,0.34577
CVE-2024-23822,0.01436,0.71997
CVE-2024-23823,0.00314,0.24518
CVE-2024-23824,0.00597,0.47297
CVE-2024-23825,0.00549,0.44879
CVE-2024-23826,0.0045,0.38497
CVE-2024-23827,0.00699,0.51747
CVE-2024-23828,0.01054,0.6296
CVE-2024-23829,0.01029,0.62221
CVE-2024-23830,0.00962,0.60143
CVE-2024-23831,0.00274,0.20026
CVE-2024-23832,0.02452,0.83704
CVE-2024-23833,0.00999,0.6131
CVE-2024-23834,0.00487,0.41024
CVE-2024-23835,0.00927,0.5901
CVE-2024-23836,0.01164,0.659
CVE-2024-23837,0.01193,0.66688
CVE-2024-23838,0.00532,0.43909
CVE-2024-23839,0.00784,0.54594
CVE-2024-23840,0.0032,0.25256
CVE-2024-23841,0.00385,0.32399
CVE-2024-23842,0.00496,0.41628
CVE-2024-23843,0.00252,0.17007
CVE-2024-23847,0.0017,0.06753
CVE-2024-23848,0.00254,0.17307
CVE-2024-23849,0.00309,0.2397
CVE-2024-23850,0.00308,0.23825
CVE-2024-23851,0.00296,0.22502
CVE-2024-23855,0.00399,0.33936
CVE-2024-23856,0.00399,0.33936
CVE-2024-23857,0.00399,0.33938
CVE-2024-23858,0.00437,0.37439
CVE-2024-23859,0.00437,0.37439
CVE-2024-23860,0.00437,0.37437
CVE-2024-23861,0.00437,0.3744
CVE-2024-23862,0.00399,0.33937
CVE-2024-23863,0.00437,0.3744
CVE-2024-23864,0.00437,0.3744
CVE-2024-23865,0.00437,0.37437
CVE-2024-23866,0.00399,0.33935
CVE-2024-23867,0.00437,0.37439
CVE-2024-23868,0.00399,0.33936
CVE-2024-23869,0.00437,0.37439
CVE-2024-23870,0.00437,0.37438
CVE-2024-23871,0.00437,0.37436
CVE-2024-23872,0.00399,0.33938
CVE-2024-23873,0.00437,0.37437
CVE-2024-23874,0.00399,0.33937
CVE-2024-23875,0.00437,0.3744
CVE-2024-23876,0.00437,0.37436
CVE-2024-23877,0.00437,0.37438
CVE-2024-23878,0.00399,0.33937
CVE-2024-23879,0.00399,0.33938
CVE-2024-23880,0.00399,0.33937
CVE-2024-23881,0.00437,0.37438
CVE-2024-23882,0.00437,0.37438
CVE-2024-23883,0.00436,0.37388
CVE-2024-23884,0.00398,0.33864
CVE-2024-23885,0.00436,0.37388
CVE-2024-23886,0.00436,0.37388
CVE-2024-23887,0.00436,0.37389
CVE-2024-23888,0.00398,0.33864
CVE-2024-23889,0.00436,0.37388
CVE-2024-23890,0.00398,0.33863
CVE-2024-23891,0.00437,0.37436
CVE-2024-23892,0.00399,0.33936
CVE-2024-23893,0.00437,0.37435
CVE-2024-23894,0.00437,0.37436
CVE-2024-23895,0.00499,0.41814
CVE-2024-23896,0.00489,0.41167
CVE-2024-23897,0.99999,0.99995
CVE-2024-23898,0.67151,0.99269
CVE-2024-23899,0.01262,0.68385
CVE-2024-23900,0.00691,0.51424
CVE-2024-23901,0.00458,0.3904
CVE-2024-23902,0.00323,0.25579
CVE-2024-23903,0.005,0.41921
CVE-2024-23904,0.00875,0.57464
CVE-2024-23905,0.00564,0.45674
CVE-2024-23906,0.00278,0.20566
CVE-2024-23907,0.0015,0.04534
CVE-2024-23908,0.00131,0.03052
CVE-2024-23909,0.0015,0.04534
CVE-2024-23910,0.00246,0.16178
CVE-2024-23911,0.00608,0.47794
CVE-2024-23912,0.00193,0.09254
CVE-2024-23913,0.00193,0.09254
CVE-2024-23914,0.00264,0.1864
CVE-2024-23915,0.00546,0.44709
CVE-2024-23916,0.00546,0.44708
CVE-2024-23917,0.54009,0.98956
CVE-2024-23918,0.00256,0.17608
CVE-2024-23919,0.00178,0.07634
CVE-2024-23920,0.00493,0.41435
CVE-2024-23921,0.0051,0.42511
CVE-2024-23922,0.01761,0.77039
CVE-2024-23923,0.00789,0.5477
CVE-2024-23924,0.01026,0.62142
CVE-2024-23928,0.00246,0.16158
CVE-2024-23929,0.00493,0.41412
CVE-2024-23930,0.00541,0.44416
CVE-2024-23933,0.00755,0.5365
CVE-2024-23934,0.01028,0.62186
CVE-2024-23935,0.00502,0.4199
CVE-2024-23937,0.00379,0.31855
CVE-2024-23938,0.00943,0.59537
CVE-2024-23940,0.00636,0.49109
CVE-2024-23941,0.00618,0.48266
CVE-2024-23942,0.00113,0.01638
CVE-2024-23943,0.00573,0.46109
CVE-2024-23944,0.00246,0.16243
CVE-2024-23945,0.01509,0.73328
CVE-2024-23946,0.03146,0.87378
CVE-2024-23947,0.00916,0.58697
CVE-2024-23948,0.00916,0.58696
CVE-2024-23949,0.00916,0.58696
CVE-2024-23950,0.00916,0.58697
CVE-2024-23951,0.00916,0.58696
CVE-2024-23952,0.01699,0.76196
CVE-2024-23953,0.01184,0.66458
CVE-2024-23957,0.00972,0.60522
CVE-2024-23958,0.00796,0.54984
CVE-2024-23959,0.00817,0.55655
CVE-2024-23960,0.00263,0.18432
CVE-2024-23961,0.01026,0.62142
CVE-2024-23962,0.00681,0.51046
CVE-2024-23963,0.0046,0.39213
CVE-2024-23967,0.00907,0.58405
CVE-2024-23968,0.0047,0.39862
CVE-2024-23969,0.0047,0.39862
CVE-2024-23970,0.00226,0.13627
CVE-2024-23971,0.0049,0.41273
CVE-2024-23972,0.00893,0.57974
CVE-2024-23973,0.00522,0.43335
CVE-2024-23974,0.00134,0.03243
CVE-2024-23975,0.08484,0.94786
CVE-2024-23976,0.00167,0.06404
CVE-2024-23978,0.0065,0.4976
CVE-2024-23979,0.00342,0.27875
CVE-2024-23980,0.00181,0.07942
CVE-2024-23981,0.00183,0.08149
CVE-2024-23982,0.00515,0.42902
CVE-2024-23983,0.00431,0.36929
CVE-2024-23984,0.00209,0.11387
CVE-2024-23985,0.03574,0.88874
CVE-2024-23995,0.00962,0.60173
CVE-2024-23997,0.00692,0.51465
CVE-2024-23998,0.00711,0.52168
CVE-2024-24000,0.0064,0.49303
CVE-2024-24001,0.00676,0.5084
CVE-2024-24002,0.00769,0.54133
CVE-2024-24003,0.008,0.551
CVE-2024-24004,0.00676,0.5084
CVE-2024-24013,0.00586,0.46766
CVE-2024-24014,0.00622,0.48504
CVE-2024-24015,0.00609,0.47867
CVE-2024-24017,0.00627,0.48701
CVE-2024-24018,0.00609,0.47868
CVE-2024-24019,0.00586,0.46767
CVE-2024-24021,0.00622,0.48504
CVE-2024-24023,0.00622,0.48504
CVE-2024-24024,0.00654,0.49932
CVE-2024-24025,0.00654,0.49933
CVE-2024-24026,0.00694,0.51533
CVE-2024-24027,0.00668,0.50487
CVE-2024-24028,0.00217,0.12371
CVE-2024-24029,0.00761,0.53862
CVE-2024-24034,0.00561,0.45475
CVE-2024-24035,0.00443,0.37945
CVE-2024-24041,0.0046,0.39213
CVE-2024-24042,0.01359,0.70518
CVE-2024-24043,0.00414,0.35437
CVE-2024-24050,0.00443,0.37926
CVE-2024-24051,0.00159,0.05438
CVE-2024-24059,0.0042,0.35959
CVE-2024-24060,0.00403,0.3434
CVE-2024-24061,0.00394,0.3349
CVE-2024-24062,0.00424,0.36371
CVE-2024-24091,0.01132,0.65046
CVE-2024-24092,0.00349,0.28559
CVE-2024-24093,0.00569,0.45888
CVE-2024-24095,0.00636,0.49147
CVE-2024-24096,0.00418,0.35817
CVE-2024-24097,0.00323,0.25539
CVE-2024-24098,0.00419,0.35903
CVE-2024-24099,0.00369,0.30769
CVE-2024-24100,0.00556,0.4523
CVE-2024-24101,0.0031,0.24019
CVE-2024-24105,0.00347,0.28425
CVE-2024-24110,0.00613,0.48022
CVE-2024-24112,0.03348,0.88159
CVE-2024-24113,0.00565,0.45745
CVE-2024-24115,0.00397,0.33717
CVE-2024-24116,0.28411,0.98042
CVE-2024-24117,0.00663,0.50309
CVE-2024-24122,0.00673,0.5069
CVE-2024-24130,0.0037,0.30851
CVE-2024-24131,0.00924,0.58921
CVE-2024-24133,0.00637,0.49167
CVE-2024-24134,0.00718,0.52442
CVE-2024-24135,0.00665,0.50391
CVE-2024-24136,0.00587,0.46802
CVE-2024-24139,0.01155,0.65647
CVE-2024-24140,0.01159,0.65742
CVE-2024-24141,0.01101,0.64266
CVE-2024-24142,0.01101,0.64266
CVE-2024-24146,0.00747,0.53402
CVE-2024-24147,0.00747,0.53402
CVE-2024-24148,0.00645,0.49561
CVE-2024-24149,0.00766,0.54048
CVE-2024-24150,0.00759,0.53791
CVE-2024-24155,0.00643,0.49436
CVE-2024-24156,0.00534,0.44043
CVE-2024-24157,0.00415,0.35465
CVE-2024-24160,0.00434,0.37218
CVE-2024-24161,0.00689,0.51369
CVE-2024-24186,0.00879,0.57583
CVE-2024-24188,0.008,0.5508
CVE-2024-24189,0.00686,0.51276
CVE-2024-24192,0.00375,0.31442
CVE-2024-24194,0.00417,0.35741
CVE-2024-24195,0.004,0.34031
CVE-2024-24198,0.00461,0.39247
CVE-2024-24199,0.00461,0.39247
CVE-2024-24202,0.01,0.61357
CVE-2024-24213,0.01069,0.63406
CVE-2024-24215,0.005,0.41871
CVE-2024-24216,0.01274,0.68644
CVE-2024-24230,0.00715,0.52307
CVE-2024-24245,0.0023,0.14067
CVE-2024-24246,0.00436,0.37408
CVE-2024-24254,0.0036,0.29844
CVE-2024-24255,0.00335,0.26968
CVE-2024-24256,0.0039,0.32991
CVE-2024-24257,0.00385,0.32463
CVE-2024-24258,0.01147,0.65398
CVE-2024-24259,0.01147,0.65398
CVE-2024-24260,0.00706,0.51981
CVE-2024-24262,0.00706,0.51981
CVE-2024-24263,0.00706,0.51982
CVE-2024-24265,0.01327,0.69775
CVE-2024-24266,0.01327,0.69775
CVE-2024-24267,0.01635,0.75274
CVE-2024-24272,0.00236,0.14886
CVE-2024-24275,0.00869,0.57272
CVE-2024-24276,0.00869,0.57272
CVE-2024-24278,0.00708,0.52077
CVE-2024-24279,0.00148,0.0438
CVE-2024-24291,0.00388,0.32763
CVE-2024-24292,0.00772,0.54207
CVE-2024-24293,0.00687,0.51278
CVE-2024-24294,0.00782,0.54541
CVE-2024-24300,0.00767,0.54066
CVE-2024-24301,0.02098,0.80898
CVE-2024-24302,0.00934,0.59275
CVE-2024-24303,0.00676,0.50854
CVE-2024-24304,0.00528,0.43706
CVE-2024-24307,0.0072,0.52482
CVE-2024-24308,0.00676,0.50855
CVE-2024-24309,0.00581,0.46497
CVE-2024-24310,0.00499,0.41849
CVE-2024-24311,0.00666,0.5043
CVE-2024-24312,0.00545,0.44659
CVE-2024-24313,0.00579,0.46401
CVE-2024-24320,0.04019,0.90135
CVE-2024-24321,0.01937,0.79231
CVE-2024-24323,0.00719,0.52447
CVE-2024-24324,0.00659,0.50137
CVE-2024-24325,0.0173,0.76608
CVE-2024-24326,0.01642,0.75378
CVE-2024-24327,0.01642,0.75378
CVE-2024-24328,0.06172,0.93177
CVE-2024-24329,0.06172,0.93177
CVE-2024-24330,0.01517,0.73451
CVE-2024-24331,0.01615,0.7497
CVE-2024-24332,0.0173,0.76608
CVE-2024-24333,0.01702,0.76241
CVE-2024-24334,0.00404,0.34451
CVE-2024-24335,0.00404,0.34451
CVE-2024-24336,0.00363,0.30201
CVE-2024-24337,0.00811,0.55482
CVE-2024-24350,0.0119,0.66601
CVE-2024-24375,0.00485,0.40904
CVE-2024-24377,0.01114,0.64596
CVE-2024-24386,0.01024,0.62055
CVE-2024-24388,0.00495,0.41581
CVE-2024-24389,0.00308,0.23852
CVE-2024-24393,0.01165,0.6594
CVE-2024-24396,0.00829,0.56016
CVE-2024-24397,0.00759,0.53808
CVE-2024-24398,0.02024,0.80144
CVE-2024-24399,0.15597,0.96687
CVE-2024-24401,0.45884,0.98752
CVE-2024-24402,0.03398,0.88325
CVE-2024-24407,0.00603,0.47596
CVE-2024-24409,0.06196,0.93196
CVE-2024-24416,0.00597,0.47276
CVE-2024-24417,0.00597,0.47277
CVE-2024-24418,0.00597,0.47276
CVE-2024-24419,0.00597,0.47276
CVE-2024-24420,0.00606,0.477
CVE-2024-24421,0.00944,0.59578
CVE-2024-24422,0.00597,0.47275
CVE-2024-24423,0.00597,0.47276
CVE-2024-24424,0.00401,0.34113
CVE-2024-24425,0.00465,0.39499
CVE-2024-24426,0.00495,0.41593
CVE-2024-24427,0.00401,0.34114
CVE-2024-24428,0.00491,0.41333
CVE-2024-24429,0.0056,0.45436
CVE-2024-24430,0.0078,0.54474
CVE-2024-24431,0.00644,0.49525
CVE-2024-24432,0.00266,0.18798
CVE-2024-24442,0.00425,0.36423
CVE-2024-24443,0.00311,0.24236
CVE-2024-24444,0.00425,0.36424
CVE-2024-24445,0.0025,0.16709
CVE-2024-24446,0.00347,0.28338
CVE-2024-24447,0.00522,0.43298
CVE-2024-24449,0.00427,0.36592
CVE-2024-24450,0.01472,0.72676
CVE-2024-24451,0.00912,0.58558
CVE-2024-24452,0.00374,0.31283
CVE-2024-24453,0.00359,0.29739
CVE-2024-24454,0.00359,0.29738
CVE-2024-24455,0.00359,0.2974
CVE-2024-24456,0.00374,0.31286
CVE-2024-24457,0.00359,0.29739
CVE-2024-24458,0.00359,0.29739
CVE-2024-24459,0.00359,0.29739
CVE-2024-24468,0.00475,0.40246
CVE-2024-24469,0.00501,0.41926
CVE-2024-24470,0.00502,0.41979
CVE-2024-24474,0.01397,0.71266
CVE-2024-24476,0.01296,0.69112
CVE-2024-24478,0.00979,0.60735
CVE-2024-24479,0.01309,0.69389
CVE-2024-24482,0.01158,0.65734
CVE-2024-24485,0.00549,0.44851
CVE-2024-24486,0.00568,0.45844
CVE-2024-24487,0.00327,0.26015
CVE-2024-24488,0.00209,0.11317
CVE-2024-24494,0.25877,0.97886
CVE-2024-24495,0.0133,0.69838
CVE-2024-24496,0.19503,0.97256
CVE-2024-24506,0.00677,0.50896
CVE-2024-24507,0.00418,0.35775
CVE-2024-24510,0.00483,0.40775
CVE-2024-24511,0.00517,0.42995
CVE-2024-24512,0.00528,0.43668
CVE-2024-24520,0.00421,0.36114
CVE-2024-24524,0.00531,0.43884
CVE-2024-24525,0.01092,0.64006
CVE-2024-24539,0.00526,0.43552
CVE-2024-24543,0.01028,0.62205
CVE-2024-24548,0.00571,0.45998
CVE-2024-24549,0.23072,0.97661
CVE-2024-24550,0.00692,0.51465
CVE-2024-24551,0.00755,0.53662
CVE-2024-24552,0.00392,0.33148
CVE-2024-24553,0.00217,0.12455
CVE-2024-24554,0.00242,0.15694
CVE-2024-24556,0.00355,0.29333
CVE-2024-24557,0.0026,0.18084
CVE-2024-24558,0.00385,0.32399
CVE-2024-24559,0.00255,0.1745
CVE-2024-24560,0.00526,0.43548
CVE-2024-24561,0.00902,0.58228
CVE-2024-24562,0.00349,0.28564
CVE-2024-24563,0.01539,0.73811
CVE-2024-24564,0.00565,0.45743
CVE-2024-24565,0.03084,0.87139
CVE-2024-24566,0.00482,0.40702
CVE-2024-24567,0.00485,0.40867
CVE-2024-24568,0.00638,0.49199
CVE-2024-24569,0.00579,0.46389
CVE-2024-24570,0.00734,0.52962
CVE-2024-24571,0.00424,0.36365
CVE-2024-24572,0.00641,0.4932
CVE-2024-24573,0.00817,0.55657
CVE-2024-24574,0.0088,0.5761
CVE-2024-24575,0.01443,0.72122
CVE-2024-24576,0.20342,0.97368
CVE-2024-24577,0.01546,0.73932
CVE-2024-24578,0.08739,0.94919
CVE-2024-24579,0.00393,0.33376
CVE-2024-24580,0.00161,0.05668
CVE-2024-24581,0.00182,0.0805
CVE-2024-24582,0.00254,0.17209
CVE-2024-24583,0.00539,0.44324
CVE-2024-24584,0.00539,0.44324
CVE-2024-24590,0.02473,0.83838
CVE-2024-24591,0.00798,0.55033
CVE-2024-24592,0.00981,0.60793
CVE-2024-24593,0.0038,0.31917
CVE-2024-24594,0.00594,0.47113
CVE-2024-24595,0.00257,0.1769
CVE-2024-24621,0.01157,0.65706
CVE-2024-24622,0.01889,0.78652
CVE-2024-24623,0.01889,0.78653
CVE-2024-24680,0.01606,0.74832
CVE-2024-24681,0.01025,0.62118
CVE-2024-24683,0.01239,0.67845
CVE-2024-24684,0.00745,0.53339
CVE-2024-24685,0.00528,0.43664
CVE-2024-24686,0.00527,0.43631
CVE-2024-24690,0.00571,0.46008
CVE-2024-24691,0.01703,0.76268
CVE-2024-24692,0.00102,0.01077
CVE-2024-24693,0.00182,0.07992
CVE-2024-24694,0.00154,0.04963
CVE-2024-24695,0.00803,0.55218
CVE-2024-24696,0.00803,0.55218
CVE-2024-24697,0.00273,0.19883
CVE-2024-24698,0.00531,0.43834
CVE-2024-24699,0.01662,0.7567
CVE-2024-24700,0.00354,0.2912
CVE-2024-24701,0.00277,0.20407
CVE-2024-24702,0.00227,0.13714
CVE-2024-24703,0.00393,0.33319
CVE-2024-24704,0.00263,0.18427
CVE-2024-24705,0.00185,0.08389
CVE-2024-24706,0.00218,0.1257
CVE-2024-24707,0.00748,0.53435
CVE-2024-24708,0.0025,0.16714
CVE-2024-24709,0.00192,0.09109
CVE-2024-24710,0.00337,0.27294
CVE-2024-24711,0.00318,0.24939
CVE-2024-24712,0.00317,0.24904
CVE-2024-24713,0.0031,0.24002
CVE-2024-24714,0.00603,0.47557
CVE-2024-24715,0.00482,0.40706
CVE-2024-24716,0.00314,0.24541
CVE-2024-24717,0.00316,0.24796
CVE-2024-24718,0.00321,0.25357
CVE-2024-24719,0.00318,0.24939
CVE-2024-24720,0.0047,0.3988
CVE-2024-24721,0.00307,0.2364
CVE-2024-24722,0.00609,0.47861
CVE-2024-24724,0.26089,0.97899
CVE-2024-24725,0.5132,0.98889
CVE-2024-24731,0.00462,0.39272
CVE-2024-24736,0.01182,0.66423
CVE-2024-24739,0.00311,0.24236
CVE-2024-24740,0.0036,0.29857
CVE-2024-24741,0.00319,0.25051
CVE-2024-24742,0.00329,0.26313
CVE-2024-24743,0.00516,0.42958
CVE-2024-24746,0.01446,0.72179
CVE-2024-24747,0.34086,0.98332
CVE-2024-24748,0.00455,0.38862
CVE-2024-24749,0.00756,0.53708
CVE-2024-24750,0.007,0.51762
CVE-2024-24751,0.00485,0.40906
CVE-2024-24752,0.0075,0.53488
CVE-2024-24753,0.00426,0.36498
CVE-2024-24754,0.00618,0.48284
CVE-2024-24755,0.00384,0.32322
CVE-2024-24756,0.00873,0.5742
CVE-2024-24757,0.00527,0.43634
CVE-2024-24758,0.00765,0.54006
CVE-2024-24759,0.04936,0.9176
CVE-2024-24760,0.00868,0.57252
CVE-2024-24761,0.00614,0.48088
CVE-2024-24762,0.0151,0.73346
CVE-2024-24763,0.01057,0.63016
CVE-2024-24764,0.00265,0.18664
CVE-2024-24765,0.00971,0.60474
CVE-2024-24766,0.00758,0.53775
CVE-2024-24767,0.00977,0.6068
CVE-2024-24768,0.00304,0.23392
CVE-2024-24769,0.00278,0.20499
CVE-2024-24770,0.00397,0.3375
CVE-2024-24771,0.00599,0.47402
CVE-2024-24772,0.00953,0.59845
CVE-2024-24773,0.00779,0.54451
CVE-2024-24774,0.00456,0.3889
CVE-2024-24775,0.00515,0.42904
CVE-2024-24776,0.00314,0.24495
CVE-2024-24777,0.08112,0.9458
CVE-2024-24778,0.00678,0.50922
CVE-2024-24779,0.00733,0.5296
CVE-2024-24780,0.01348,0.70254
CVE-2024-24781,0.00718,0.52419
CVE-2024-24782,0.00161,0.05722
CVE-2024-24783,0.00667,0.50452
CVE-2024-24784,0.0105,0.62832
CVE-2024-24785,0.00795,0.54944
CVE-2024-24786,0.01262,0.68379
CVE-2024-24787,0.00766,0.54037
CVE-2024-24788,0.01001,0.61405
CVE-2024-24789,0.00446,0.38219
CVE-2024-24790,0.01952,0.79391
CVE-2024-24791,0.01414,0.71591
CVE-2024-24792,0.00737,0.53082
CVE-2024-24793,0.01054,0.62957
CVE-2024-24794,0.01054,0.62958
CVE-2024-24795,0.02874,0.86237
CVE-2024-24796,0.00499,0.4184
CVE-2024-24797,0.00646,0.49588
CVE-2024-24798,0.00227,0.1375
CVE-2024-24799,0.00504,0.42151
CVE-2024-24800,0.00394,0.33453
CVE-2024-24801,0.00333,0.26697
CVE-2024-24802,0.00227,0.1375
CVE-2024-24803,0.0031,0.24004
CVE-2024-24804,0.00317,0.24905
CVE-2024-24805,0.00359,0.29744
CVE-2024-24806,0.02003,0.79913
CVE-2024-24807,0.00518,0.43078
CVE-2024-24808,0.00545,0.44665
CVE-2024-24809,0.54413,0.98965
CVE-2024-24810,0.00235,0.14708
CVE-2024-24811,0.00889,0.57839
CVE-2024-24812,0.00384,0.3236
CVE-2024-24813,0.00646,0.49581
CVE-2024-24814,0.0125,0.68122
CVE-2024-24815,0.00706,0.5199
CVE-2024-24816,0.01652,0.7552
CVE-2024-24817,0.00419,0.35865
CVE-2024-24818,0.00615,0.48134
CVE-2024-24819,0.0026,0.1804
CVE-2024-24820,0.00401,0.34152
CVE-2024-24821,0.00282,0.2093
CVE-2024-24822,0.00544,0.44598
CVE-2024-24823,0.00414,0.35401
CVE-2024-24824,0.34739,0.98355
CVE-2024-24825,0.00534,0.44064
CVE-2024-24826,0.00238,0.15175
CVE-2024-24827,0.00593,0.47092
CVE-2024-24828,0.00231,0.14189
CVE-2024-24829,0.0047,0.39815
CVE-2024-24830,0.00716,0.52348
CVE-2024-24831,0.0032,0.25277
CVE-2024-24832,0.00439,0.37632
CVE-2024-24833,0.00375,0.31395
CVE-2024-24834,0.00316,0.24794
CVE-2024-24835,0.00382,0.32126
CVE-2024-24836,0.00317,0.24904
CVE-2024-24837,0.00276,0.20236
CVE-2024-24838,0.00309,0.23958
CVE-2024-24839,0.00317,0.2486
CVE-2024-24840,0.00288,0.21628
CVE-2024-24841,0.00316,0.24758
CVE-2024-24842,0.00465,0.39522
CVE-2024-24843,0.0022,0.12763
CVE-2024-24844,0.00287,0.21477
CVE-2024-24845,0.00418,0.35802
CVE-2024-24846,0.0033,0.26404
CVE-2024-24847,0.0033,0.26404
CVE-2024-24848,0.0033,0.26404
CVE-2024-24849,0.00214,0.12083
CVE-2024-24850,0.00359,0.29745
CVE-2024-24851,0.01423,0.71754
CVE-2024-24852,0.00199,0.10018
CVE-2024-24853,0.00232,0.14383
CVE-2024-24855,0.00184,0.08248
CVE-2024-24856,0.00172,0.06898
CVE-2024-24857,0.00317,0.24816
CVE-2024-24858,0.00325,0.25876
CVE-2024-24859,0.00712,0.52188
CVE-2024-24860,0.00805,0.55267
CVE-2024-24861,0.00205,0.10754
CVE-2024-24864,0.00181,0.07894
CVE-2024-24865,0.00328,0.26166
CVE-2024-24866,0.0037,0.30867
CVE-2024-24867,0.00453,0.38701
CVE-2024-24868,0.00544,0.4457
CVE-2024-24869,0.00658,0.50117
CVE-2024-24870,0.00289,0.217
CVE-2024-24871,0.0032,0.25278
CVE-2024-24872,0.00214,0.12084
CVE-2024-24873,0.0042,0.35982
CVE-2024-24874,0.00413,0.35313
CVE-2024-24875,0.00214,0.1208
CVE-2024-24876,0.00214,0.12079
CVE-2024-24877,0.00331,0.26443
CVE-2024-24878,0.00334,0.26882
CVE-2024-24879,0.00375,0.31378
CVE-2024-24880,0.00317,0.24902
CVE-2024-24881,0.00375,0.31378
CVE-2024-24882,0.02094,0.80856
CVE-2024-24883,0.0035,0.28729
CVE-2024-24884,0.00214,0.12079
CVE-2024-24885,0.00315,0.2462
CVE-2024-24886,0.00307,0.23691
CVE-2024-24887,0.00208,0.11279
CVE-2024-24888,0.00337,0.27195
CVE-2024-24889,0.00331,0.26444
CVE-2024-24890,0.01051,0.62857
CVE-2024-24891,0.00225,0.13494
CVE-2024-24892,0.00916,0.58698
CVE-2024-24897,0.01402,0.71375
CVE-2024-24898,0.00225,0.13456
CVE-2024-24899,0.01689,0.7607
CVE-2024-24900,0.0022,0.12702
CVE-2024-24901,0.00143,0.03965
CVE-2024-24902,0.00192,0.09135
CVE-2024-24903,0.00367,0.30572
CVE-2024-24904,0.00431,0.36918
CVE-2024-24905,0.00431,0.36917
CVE-2024-24906,0.00422,0.36165
CVE-2024-24907,0.00422,0.36166
CVE-2024-24908,0.00627,0.48734
CVE-2024-24909,0.00448,0.38336
CVE-2024-24910,0.00153,0.0479
CVE-2024-24911,0.00401,0.34114
CVE-2024-24912,0.0016,0.05559
CVE-2024-24914,0.00408,0.34812
CVE-2024-24915,0.00191,0.09007
CVE-2024-24916,0.02736,0.855
CVE-2024-24919,0.99978,0.9998
CVE-2024-24920,0.00318,0.24946
CVE-2024-24921,0.00318,0.24946
CVE-2024-24922,0.00318,0.24945
CVE-2024-24923,0.0031,0.24017
CVE-2024-24924,0.00318,0.24946
CVE-2024-24925,0.0031,0.24018
CVE-2024-24926,0.01089,0.63935
CVE-2024-24927,0.00331,0.26445
CVE-2024-24928,0.0031,0.24003
CVE-2024-24929,0.0023,0.1405
CVE-2024-24930,0.0031,0.24005
CVE-2024-24931,0.0031,0.24002
CVE-2024-24932,0.00331,0.26447
CVE-2024-24933,0.00331,0.2645
CVE-2024-24934,0.00715,0.52311
CVE-2024-24935,0.00214,0.12082
CVE-2024-24936,0.00307,0.23711
CVE-2024-24937,0.0036,0.29828
CVE-2024-24938,0.00743,0.5327
CVE-2024-24939,0.00284,0.21141
CVE-2024-24940,0.00275,0.2014
CVE-2024-24941,0.00315,0.24597
CVE-2024-24942,0.31977,0.98233
CVE-2024-24943,0.00407,0.34786
CVE-2024-24945,0.00483,0.40804
CVE-2024-24946,0.00785,0.54615
CVE-2024-24947,0.00836,0.56222
CVE-2024-24954,0.00542,0.44509
CVE-2024-24955,0.00489,0.41175
CVE-2024-24956,0.00542,0.44509
CVE-2024-24957,0.00489,0.41174
CVE-2024-24958,0.00542,0.44509
CVE-2024-24959,0.00542,0.44509
CVE-2024-24962,0.01163,0.65886
CVE-2024-24963,0.01163,0.65886
CVE-2024-24964,0.00408,0.34861
CVE-2024-24966,0.00203,0.10585
CVE-2024-24968,0.00184,0.08238
CVE-2024-24970,0.0012,0.02126
CVE-2024-24972,0.00344,0.28032
CVE-2024-24973,0.00132,0.03172
CVE-2024-24974,0.09759,0.95316
CVE-2024-24975,0.00406,0.34696
CVE-2024-24976,0.00901,0.58205
CVE-2024-24977,0.00139,0.03676
CVE-2024-24978,0.00611,0.47958
CVE-2024-24980,0.00172,0.06954
CVE-2024-24981,0.00193,0.09299
CVE-2024-24983,0.00386,0.32586
CVE-2024-24984,0.00299,0.22813
CVE-2024-24985,0.00169,0.06629
CVE-2024-24986,0.0016,0.05592
CVE-2024-24988,0.0068,0.50991
CVE-2024-24989,0.01061,0.63147
CVE-2024-24990,0.00914,0.58637
CVE-2024-24991,0.01728,0.76589
CVE-2024-24992,0.70908,0.99373
CVE-2024-24993,0.02373,0.83115
CVE-2024-24994,0.68104,0.99295
CVE-2024-24995,0.02373,0.83115
CVE-2024-24996,0.32237,0.98248
CVE-2024-24997,0.03241,0.87758
CVE-2024-24998,0.03237,0.87743
CVE-2024-24999,0.02851,0.8613
CVE-2024-25000,0.03048,0.8698
CVE-2024-25002,0.01214,0.6724
CVE-2024-25003,0.01815,0.77768
CVE-2024-25004,0.01777,0.77265
CVE-2024-25006,0.0102,0.6193
CVE-2024-25007,0.00441,0.37748
CVE-2024-25008,0.0029,0.21828
CVE-2024-25009,0.00267,0.19086
CVE-2024-25010,0.00285,0.21331
CVE-2024-25011,0.00274,0.2008
CVE-2024-25015,0.00925,0.58945
CVE-2024-25016,0.00849,0.56627
CVE-2024-25019,0.00283,0.21051
CVE-2024-25020,0.00283,0.2105
CVE-2024-25021,0.00269,0.19354
CVE-2024-25023,0.00115,0.0175
CVE-2024-25024,0.0012,0.02057
CVE-2024-25026,0.00792,0.54852
CVE-2024-25027,0.00107,0.01276
CVE-2024-25029,0.00787,0.54698
CVE-2024-25030,0.00191,0.09082
CVE-2024-25031,0.00248,0.1647
CVE-2024-25034,0.00392,0.33149
CVE-2024-25035,0.00309,0.23938
CVE-2024-25036,0.00192,0.0911
CVE-2024-25037,0.00566,0.45778
CVE-2024-25039,0.00263,0.1845
CVE-2024-25041,0.00381,0.31999
CVE-2024-25042,0.00273,0.19935
CVE-2024-25046,0.00653,0.4991
CVE-2024-25047,0.00643,0.49473
CVE-2024-25048,0.009,0.5816
CVE-2024-25050,0.0026,0.18042
CVE-2024-25051,0.0037,0.30866
CVE-2024-25052,0.00164,0.05995
CVE-2024-25053,0.00283,0.21103
CVE-2024-25062,0.01375,0.70851
CVE-2024-25063,0.00567,0.45831
CVE-2024-25064,0.00425,0.36434
CVE-2024-25065,0.47667,0.98794
CVE-2024-25066,0.00458,0.39027
CVE-2024-25073,0.00386,0.32535
CVE-2024-25074,0.00386,0.32535
CVE-2024-25075,0.00169,0.0662
CVE-2024-25076,0.00398,0.33823
CVE-2024-25077,0.00412,0.35147
CVE-2024-25078,0.0015,0.04522
CVE-2024-25079,0.0015,0.04522
CVE-2024-25080,0.00344,0.2804
CVE-2024-25081,0.01082,0.63754
CVE-2024-25082,0.0187,0.7844
CVE-2024-25083,0.00133,0.03238
CVE-2024-25086,0.00335,0.27007
CVE-2024-25087,0.00246,0.16217
CVE-2024-25088,0.00184,0.08248
CVE-2024-25089,0.01796,0.77496
CVE-2024-25090,0.00752,0.53566
CVE-2024-25091,0.00481,0.40629
CVE-2024-25092,0.01376,0.70874
CVE-2024-25093,0.00398,0.338
CVE-2024-25094,0.0031,0.24003
CVE-2024-25095,0.00421,0.36089
CVE-2024-25096,0.00681,0.51043
CVE-2024-25097,0.00419,0.35913
CVE-2024-25098,0.0031,0.24004
CVE-2024-25099,0.00419,0.35913
CVE-2024-25100,0.00767,0.54063
CVE-2024-25101,0.00418,0.35784
CVE-2024-25102,0.00133,0.03184
CVE-2024-25103,0.00175,0.07322
CVE-2024-25106,0.00486,0.41012
CVE-2024-25107,0.00402,0.34261
CVE-2024-25108,0.00678,0.5092
CVE-2024-25109,0.00448,0.38349
CVE-2024-25110,0.07228,0.94051
CVE-2024-25111,0.65254,0.99221
CVE-2024-25112,0.0022,0.12843
CVE-2024-25114,0.00471,0.39952
CVE-2024-25115,0.00422,0.3621
CVE-2024-25116,0.00198,0.0989
CVE-2024-25117,0.00932,0.59202
CVE-2024-25118,0.0056,0.45418
CVE-2024-25119,0.00363,0.30194
CVE-2024-25120,0.00548,0.44778
CVE-2024-25121,0.00496,0.41647
CVE-2024-25122,0.00525,0.43515
CVE-2024-25123,0.00493,0.41454
CVE-2024-25124,0.00655,0.49965
CVE-2024-25125,0.29646,0.98113
CVE-2024-25126,0.35376,0.98378
CVE-2024-25128,0.00857,0.5691
CVE-2024-25129,0.00773,0.54278
CVE-2024-25130,0.00495,0.41556
CVE-2024-25131,0.00769,0.54148
CVE-2024-25132,0.00336,0.27061
CVE-2024-25133,0.00492,0.41356
CVE-2024-25136,0.00618,0.48278
CVE-2024-25137,0.0045,0.38471
CVE-2024-25138,0.00399,0.33902
CVE-2024-25139,0.00877,0.57543
CVE-2024-25140,0.00509,0.42494
CVE-2024-25141,0.00625,0.48623
CVE-2024-25142,0.00321,0.25316
CVE-2024-25143,0.00691,0.51424
CVE-2024-25144,0.00569,0.45916
CVE-2024-25145,0.00563,0.45647
CVE-2024-25146,0.00593,0.47063
CVE-2024-25147,0.00555,0.4519
CVE-2024-25148,0.00548,0.44782
CVE-2024-25149,0.00333,0.2669
CVE-2024-25150,0.00439,0.37614
CVE-2024-25151,0.00471,0.39903
CVE-2024-25152,0.00558,0.45326
CVE-2024-25153,0.41741,0.98625
CVE-2024-25154,0.00464,0.39465
CVE-2024-25155,0.00385,0.3246
CVE-2024-25156,0.00391,0.33053
CVE-2024-25157,0.00498,0.41749
CVE-2024-25164,0.00869,0.57291
CVE-2024-25165,0.00518,0.43083
CVE-2024-25166,0.00549,0.44838
CVE-2024-25167,0.00649,0.4972
CVE-2024-25168,0.0064,0.49281
CVE-2024-25169,0.01105,0.64374
CVE-2024-25170,0.00881,0.57641
CVE-2024-25175,0.0045,0.38519
CVE-2024-25176,0.00525,0.43524
CVE-2024-25177,0.00478,0.40423
CVE-2024-25178,0.00563,0.45628
CVE-2024-25180,0.01016,0.61847
CVE-2024-25181,0.00284,0.21199
CVE-2024-25182,0.00379,0.31864
CVE-2024-25183,0.00708,0.52082
CVE-2024-25187,0.00657,0.5008
CVE-2024-25189,0.00954,0.59885
CVE-2024-25190,0.00899,0.58146
CVE-2024-25191,0.0089,0.57891
CVE-2024-25196,0.00285,0.21324
CVE-2024-25197,0.00682,0.51094
CVE-2024-25198,0.0071,0.52133
CVE-2024-25199,0.00576,0.4623
CVE-2024-25200,0.00709,0.5209
CVE-2024-25201,0.00702,0.51849
CVE-2024-25202,0.00992,0.61099
CVE-2024-25207,0.00424,0.36333
CVE-2024-25208,0.00438,0.3752
CVE-2024-25209,0.00814,0.55562
CVE-2024-25210,0.00814,0.55562
CVE-2024-25211,0.00814,0.55562
CVE-2024-25212,0.00716,0.52349
CVE-2024-25213,0.00716,0.52349
CVE-2024-25214,0.00979,0.60739
CVE-2024-25215,0.00733,0.52939
CVE-2024-25216,0.0071,0.52135
CVE-2024-25217,0.0069,0.51409
CVE-2024-25218,0.00411,0.35123
CVE-2024-25219,0.00463,0.39376
CVE-2024-25220,0.00681,0.51068
CVE-2024-25221,0.00413,0.35287
CVE-2024-25222,0.00748,0.53447
CVE-2024-25223,0.00628,0.48775
CVE-2024-25224,0.00375,0.31401
CVE-2024-25225,0.00411,0.35123
CVE-2024-25226,0.00378,0.31676
CVE-2024-25227,0.00794,0.54925
CVE-2024-25228,0.25887,0.97887
CVE-2024-25239,0.00785,0.54628
CVE-2024-25247,0.00628,0.48773
CVE-2024-25248,0.00628,0.48774
CVE-2024-25249,0.01481,0.72826
CVE-2024-25250,0.00569,0.45887
CVE-2024-25251,0.00689,0.51386
CVE-2024-25253,0.00424,0.36377
CVE-2024-25254,0.00463,0.3936
CVE-2024-25255,0.01454,0.72321
CVE-2024-25260,0.00307,0.23641
CVE-2024-25262,0.00895,0.58021
CVE-2024-25269,0.00687,0.51293
CVE-2024-25270,0.00384,0.32294
CVE-2024-25274,0.00783,0.54549
CVE-2024-25288,0.00549,0.44855
CVE-2024-25290,0.00717,0.52382
CVE-2024-25291,0.01598,0.74719
CVE-2024-25292,0.01485,0.72906
CVE-2024-25293,0.00994,0.6116
CVE-2024-25294,0.0081,0.55453
CVE-2024-25297,0.00566,0.45782
CVE-2024-25298,0.01108,0.64462
CVE-2024-25300,0.00358,0.29629
CVE-2024-25301,0.0148,0.72818
CVE-2024-25302,0.00734,0.52964
CVE-2024-25304,0.00706,0.51985
CVE-2024-25305,0.00944,0.59563
CVE-2024-25306,0.00721,0.52523
CVE-2024-25307,0.00682,0.51099
CVE-2024-25308,0.00721,0.52522
CVE-2024-25309,0.00706,0.51986
CVE-2024-25310,0.00721,0.52523
CVE-2024-25312,0.00706,0.51986
CVE-2024-25313,0.00778,0.54426
CVE-2024-25314,0.00734,0.52963
CVE-2024-25315,0.00734,0.52963
CVE-2024-25316,0.00749,0.53471
CVE-2024-25318,0.00698,0.51706
CVE-2024-25320,0.00734,0.52963
CVE-2024-25325,0.00282,0.20937
CVE-2024-25327,0.00566,0.45779
CVE-2024-25331,0.00334,0.26906
CVE-2024-25343,0.00522,0.43342
CVE-2024-25344,0.00741,0.53206
CVE-2024-25350,0.00628,0.48774
CVE-2024-25351,0.0039,0.32957
CVE-2024-25354,0.00575,0.46225
CVE-2024-25355,0.00593,0.47084
CVE-2024-25359,0.00306,0.23595
CVE-2024-25360,0.00377,0.31559
CVE-2024-25366,0.00873,0.57403
CVE-2024-25369,0.00379,0.31809
CVE-2024-25371,0.00561,0.45509
CVE-2024-25373,0.00429,0.36766
CVE-2024-25376,0.00376,0.31553
CVE-2024-25381,0.0038,0.31939
CVE-2024-25385,0.00242,0.15726
CVE-2024-25386,0.01731,0.7663
CVE-2024-25388,0.00323,0.25592
CVE-2024-25389,0.00816,0.55617
CVE-2024-25390,0.00323,0.25591
CVE-2024-25391,0.00323,0.25592
CVE-2024-25392,0.0028,0.20728
CVE-2024-25393,0.0107,0.6342
CVE-2024-25394,0.00637,0.49158
CVE-2024-25395,0.01008,0.61604
CVE-2024-25398,0.00746,0.53394
CVE-2024-25399,0.00347,0.28433
CVE-2024-25400,0.00659,0.50149
CVE-2024-25407,0.00562,0.45557
CVE-2024-25410,0.00585,0.46705
CVE-2024-25411,0.00854,0.56812
CVE-2024-25412,0.01022,0.61979
CVE-2024-25413,0.01492,0.7302
CVE-2024-25414,0.01608,0.74871
CVE-2024-25415,0.27237,0.97969
CVE-2024-25417,0.00324,0.25647
CVE-2024-25418,0.00347,0.28406
CVE-2024-25419,0.00347,0.28406
CVE-2024-25420,0.01431,0.71905
CVE-2024-25421,0.0165,0.75502
CVE-2024-25422,0.01023,0.62035
CVE-2024-25423,0.0036,0.29853
CVE-2024-25428,0.00395,0.33572
CVE-2024-25431,0.00631,0.48902
CVE-2024-25434,0.00406,0.34658
CVE-2024-25435,0.00378,0.31676
CVE-2024-25436,0.00443,0.37932
CVE-2024-25438,0.00443,0.37933
CVE-2024-25442,0.00388,0.3278
CVE-2024-25443,0.00345,0.2809
CVE-2024-25445,0.00325,0.25849
CVE-2024-25446,0.00358,0.2958
CVE-2024-25447,0.00696,0.51602
CVE-2024-25448,0.00716,0.52359
CVE-2024-25450,0.00659,0.50147
CVE-2024-25451,0.00505,0.42175
CVE-2024-25452,0.00248,0.16469
CVE-2024-25453,0.00255,0.17349
CVE-2024-25454,0.00248,0.16469
CVE-2024-25458,0.00579,0.46402
CVE-2024-25461,0.00965,0.60246
CVE-2024-25466,0.00535,0.44131
CVE-2024-25468,0.00927,0.59019
CVE-2024-25469,0.00786,0.54665
CVE-2024-25501,0.0084,0.56369
CVE-2024-25502,0.01417,0.71638
CVE-2024-25503,0.00927,0.59023
CVE-2024-25506,0.00347,0.28393
CVE-2024-25507,0.00617,0.4826
CVE-2024-25508,0.00695,0.51599
CVE-2024-25509,0.00617,0.4826
CVE-2024-25510,0.00695,0.51599
CVE-2024-25511,0.00617,0.4826
CVE-2024-25512,0.00533,0.43986
CVE-2024-25513,0.00315,0.24696
CVE-2024-25514,0.00558,0.45331
CVE-2024-25515,0.00576,0.46267
CVE-2024-25517,0.00696,0.51626
CVE-2024-25518,0.00618,0.48288
CVE-2024-25519,0.00696,0.51627
CVE-2024-25520,0.00629,0.48806
CVE-2024-25521,0.00618,0.48288
CVE-2024-25522,0.00606,0.47693
CVE-2024-25523,0.00696,0.51627
CVE-2024-25524,0.00618,0.48288
CVE-2024-25525,0.00629,0.48807
CVE-2024-25526,0.00591,0.46986
CVE-2024-25527,0.00512,0.42667
CVE-2024-25528,0.00279,0.20653
CVE-2024-25529,0.00608,0.47794
CVE-2024-25530,0.00577,0.46281
CVE-2024-25531,0.00577,0.46281
CVE-2024-25532,0.0051,0.42567
CVE-2024-25533,0.0072,0.52507
CVE-2024-25545,0.00188,0.08696
CVE-2024-25551,0.0038,0.31888
CVE-2024-25552,0.00239,0.15263
CVE-2024-25559,0.00448,0.38333
CVE-2024-25560,0.00524,0.43454
CVE-2024-25561,0.00122,0.02242
CVE-2024-25562,0.00132,0.03142
CVE-2024-25563,0.00183,0.08163
CVE-2024-25565,0.00175,0.07306
CVE-2024-25566,0.00229,0.13936
CVE-2024-25567,0.00661,0.50252
CVE-2024-25568,0.01135,0.65111
CVE-2024-25569,0.01083,0.6376
CVE-2024-25571,0.00217,0.12459
CVE-2024-25572,0.00311,0.24221
CVE-2024-25573,0.00374,0.3129
CVE-2024-25574,0.0879,0.94944
CVE-2024-25575,0.17716,0.97026
CVE-2024-25576,0.00171,0.06798
CVE-2024-25578,0.00241,0.15519
CVE-2024-25579,0.00831,0.5607
CVE-2024-25580,0.00321,0.25331
CVE-2024-25581,0.01078,0.63617
CVE-2024-25582,0.0041,0.34994
CVE-2024-25583,0.00832,0.56113
CVE-2024-25584,0.00187,0.08526
CVE-2024-25590,0.00698,0.51709
CVE-2024-25591,0.00453,0.38701
CVE-2024-25592,0.00339,0.27487
CVE-2024-25593,0.00317,0.24901
CVE-2024-25594,0.00317,0.249
CVE-2024-25595,0.0041,0.35039
CVE-2024-25596,0.00316,0.24794
CVE-2024-25597,0.00375,0.31378
CVE-2024-25598,0.00317,0.24903
CVE-2024-25599,0.00426,0.36465
CVE-2024-25600,0.88234,0.99763
CVE-2024-25601,0.00558,0.45327
CVE-2024-25602,0.00619,0.48329
CVE-2024-25603,0.00558,0.45326
CVE-2024-25604,0.00415,0.35472
CVE-2024-25605,0.00481,0.40621
CVE-2024-25606,0.00497,0.41707
CVE-2024-25607,0.00327,0.2601
CVE-2024-25608,0.0096,0.60064
CVE-2024-25609,0.00355,0.29277
CVE-2024-25610,0.00517,0.43025
CVE-2024-25611,0.0124,0.67849
CVE-2024-25612,0.0124,0.67848
CVE-2024-25613,0.0124,0.67849
CVE-2024-25614,0.00512,0.42694
CVE-2024-25615,0.00466,0.39544
CVE-2024-25616,0.00326,0.25954
CVE-2024-25617,0.88094,0.9976
CVE-2024-25618,0.00473,0.40051
CVE-2024-25619,0.00363,0.30197
CVE-2024-25620,0.00572,0.46061
CVE-2024-25621,0.00157,0.05258
CVE-2024-25622,0.00463,0.39352
CVE-2024-25623,0.00515,0.42881
CVE-2024-25624,0.00852,0.56728
CVE-2024-25625,0.00682,0.511
CVE-2024-25626,0.01211,0.67177
CVE-2024-25627,0.0043,0.36859
CVE-2024-25628,0.00379,0.31838
CVE-2024-25629,0.00352,0.28889
CVE-2024-25630,0.00184,0.082
CVE-2024-25631,0.002,0.10093
CVE-2024-25632,0.00396,0.33615
CVE-2024-25633,0.00242,0.15637
CVE-2024-25634,0.00748,0.53426
CVE-2024-25635,0.00716,0.52366
CVE-2024-25636,0.00655,0.49982
CVE-2024-25637,0.00263,0.1852
CVE-2024-25638,0.00392,0.33154
CVE-2024-25639,0.00573,0.46111
CVE-2024-25640,0.00337,0.27166
CVE-2024-25641,0.86303,0.99724
CVE-2024-25642,0.00544,0.44574
CVE-2024-25643,0.00319,0.25051
CVE-2024-25644,0.0041,0.34994
CVE-2024-25645,0.0041,0.34994
CVE-2024-25646,0.0042,0.35978
CVE-2024-25647,0.00143,0.04005
CVE-2024-25648,0.15639,0.96695
CVE-2024-25649,0.00076,0.00131
CVE-2024-25650,0.0025,0.16742
CVE-2024-25651,0.00476,0.40293
CVE-2024-25652,0.0059,0.46918
CVE-2024-25653,0.00395,0.33586
CVE-2024-25654,0.00214,0.11987
CVE-2024-25655,0.00455,0.38826
CVE-2024-25656,0.00465,0.39508
CVE-2024-25657,0.00318,0.24994
CVE-2024-25658,0.00185,0.0836
CVE-2024-25659,0.00728,0.52763
CVE-2024-25660,0.00584,0.46643
CVE-2024-25661,0.00125,0.0257
CVE-2024-25662,0.00405,0.34604
CVE-2024-25673,0.00305,0.2342
CVE-2024-25674,0.00775,0.54323
CVE-2024-25675,0.00824,0.55859
CVE-2024-25676,0.00326,0.25915
CVE-2024-25677,0.00617,0.48219
CVE-2024-25678,0.00353,0.29098
CVE-2024-25679,0.00254,0.1732
CVE-2024-25690,0.00469,0.39779
CVE-2024-25691,0.00329,0.26298
CVE-2024-25692,0.00214,0.12114
CVE-2024-25693,0.01265,0.68461
CVE-2024-25694,0.00289,0.21765
CVE-2024-25695,0.00462,0.39346
CVE-2024-25696,0.00373,0.31247
CVE-2024-25697,0.00373,0.31261
CVE-2024-25698,0.00425,0.36402
CVE-2024-25699,0.00693,0.51517
CVE-2024-25700,0.00373,0.31248
CVE-2024-25701,0.00289,0.21765
CVE-2024-25702,0.00289,0.21765
CVE-2024-25705,0.00466,0.39582
CVE-2024-25706,0.00425,0.36403
CVE-2024-25707,0.00358,0.29659
CVE-2024-25708,0.00373,0.31247
CVE-2024-25709,0.00449,0.38438
CVE-2024-25710,0.00441,0.37813
CVE-2024-25711,0.00987,0.60985
CVE-2024-25712,0.00561,0.45467
CVE-2024-25713,0.01836,0.78019
CVE-2024-25714,0.00814,0.55555
CVE-2024-25715,0.00414,0.35458
CVE-2024-25718,0.00664,0.50357
CVE-2024-25722,0.00561,0.45529
CVE-2024-25723,0.70785,0.99371
CVE-2024-25724,0.00183,0.08105
CVE-2024-25728,0.00669,0.50562
CVE-2024-25729,0.00482,0.40736
CVE-2024-25730,0.00864,0.57128
CVE-2024-25731,0.00496,0.41617
CVE-2024-25734,0.04051,0.90203
CVE-2024-25735,0.50622,0.98867
CVE-2024-25736,0.04343,0.90789
CVE-2024-25737,0.0045,0.38523
CVE-2024-25738,0.00681,0.5103
CVE-2024-25739,0.00248,0.1642
CVE-2024-25740,0.00207,0.11102
CVE-2024-25741,0.00314,0.24519
CVE-2024-25742,0.0018,0.07754
CVE-2024-25743,0.00247,0.16299
CVE-2024-25744,0.00278,0.20549
CVE-2024-25746,0.00393,0.33373
CVE-2024-25748,0.00594,0.47099
CVE-2024-25751,0.00983,0.60832
CVE-2024-25753,0.00624,0.48604
CVE-2024-25756,0.00571,0.4602
CVE-2024-25763,0.00458,0.39058
CVE-2024-25767,0.00647,0.49632
CVE-2024-25768,0.00728,0.52785
CVE-2024-25770,0.00599,0.47381
CVE-2024-25801,0.00292,0.22025
CVE-2024-25802,0.00562,0.45541
CVE-2024-25807,0.0046,0.39137
CVE-2024-25808,0.00377,0.3163
CVE-2024-25811,0.00581,0.46504
CVE-2024-25812,0.00225,0.13471
CVE-2024-25814,0.00225,0.1347
CVE-2024-25817,0.00267,0.19072
CVE-2024-25825,0.00533,0.43997
CVE-2024-25828,0.00614,0.48096
CVE-2024-25830,0.2403,0.97741
CVE-2024-25831,0.00551,0.44985
CVE-2024-25832,0.12825,0.96116
CVE-2024-25833,0.02831,0.8603
CVE-2024-25837,0.0024,0.1536
CVE-2024-25839,0.00453,0.38667
CVE-2024-25840,0.00582,0.46538
CVE-2024-25841,0.00385,0.32403
CVE-2024-25842,0.0055,0.44888
CVE-2024-25843,0.00574,0.46149
CVE-2024-25844,0.0055,0.44889
CVE-2024-25845,0.00591,0.47004
CVE-2024-25846,0.00789,0.54759
CVE-2024-25847,0.00532,0.43916
CVE-2024-25848,0.0042,0.3594
CVE-2024-25849,0.00636,0.49111
CVE-2024-25850,0.19074,0.97193
CVE-2024-25851,0.01936,0.79206
CVE-2024-25852,0.16519,0.96858
CVE-2024-25854,0.00309,0.23894
CVE-2024-25858,0.00205,0.10766
CVE-2024-25859,0.00305,0.23436
CVE-2024-25864,0.00719,0.52468
CVE-2024-25865,0.00534,0.44044
CVE-2024-25866,0.00786,0.54664
CVE-2024-25867,0.00674,0.50753
CVE-2024-25868,0.00579,0.46376
CVE-2024-25869,0.1869,0.97144
CVE-2024-25873,0.00482,0.40713
CVE-2024-25874,0.00397,0.33773
CVE-2024-25875,0.00424,0.36374
CVE-2024-25876,0.00443,0.37932
CVE-2024-25883,0.00301,0.23037
CVE-2024-25885,0.00642,0.49385
CVE-2024-25891,0.00578,0.46361
CVE-2024-25892,0.00576,0.46234
CVE-2024-25893,0.00366,0.30476
CVE-2024-25894,0.00654,0.49954
CVE-2024-25895,0.0044,0.37702
CVE-2024-25896,0.00427,0.36604
CVE-2024-25897,0.01554,0.74075
CVE-2024-25898,0.00355,0.29322
CVE-2024-25902,0.00541,0.44403
CVE-2024-25903,0.00453,0.38701
CVE-2024-25904,0.00214,0.12081
CVE-2024-25905,0.00186,0.08412
CVE-2024-25906,0.00395,0.33506
CVE-2024-25907,0.00364,0.30296
CVE-2024-25908,0.00337,0.27238
CVE-2024-25909,0.00643,0.49459
CVE-2024-25910,0.00565,0.45726
CVE-2024-25911,0.00529,0.43713
CVE-2024-25912,0.00582,0.46565
CVE-2024-25913,0.0063,0.48842
CVE-2024-25914,0.00214,0.1208
CVE-2024-25915,0.00303,0.23225
CVE-2024-25916,0.00331,0.26538
CVE-2024-25917,0.00644,0.49499
CVE-2024-25918,0.00681,0.51032
CVE-2024-25919,0.0032,0.25227
CVE-2024-25920,0.00317,0.24861
CVE-2024-25921,0.00334,0.2682
CVE-2024-25922,0.00364,0.30296
CVE-2024-25923,0.00443,0.3797
CVE-2024-25924,0.00547,0.44741
CVE-2024-25925,0.0063,0.48842
CVE-2024-25926,0.00333,0.2676
CVE-2024-25927,0.00565,0.45726
CVE-2024-25928,0.00377,0.3165
CVE-2024-25929,0.00319,0.25052
CVE-2024-25930,0.00277,0.20406
CVE-2024-25931,0.00277,0.20406
CVE-2024-25932,0.00279,0.20606
CVE-2024-25933,0.00453,0.387
CVE-2024-25934,0.00317,0.24905
CVE-2024-25935,0.00402,0.34315
CVE-2024-25936,0.0034,0.27544
CVE-2024-25937,0.08484,0.94785
CVE-2024-25938,0.15639,0.96694
CVE-2024-25939,0.0019,0.08882
CVE-2024-25940,0.00506,0.42279
CVE-2024-25941,0.00181,0.07918
CVE-2024-25942,0.00233,0.14424
CVE-2024-25943,0.0066,0.50174
CVE-2024-25944,0.00765,0.54004
CVE-2024-25946,0.01437,0.72011
CVE-2024-25947,0.00158,0.05359
CVE-2024-25948,0.00158,0.05359
CVE-2024-25949,0.00444,0.38033
CVE-2024-25951,0.00832,0.56102
CVE-2024-25952,0.0019,0.08906
CVE-2024-25953,0.0019,0.08906
CVE-2024-25954,0.00586,0.46751
CVE-2024-25955,0.01437,0.72011
CVE-2024-25956,0.00156,0.05185
CVE-2024-25957,0.00156,0.05141
CVE-2024-25958,0.00127,0.0269
CVE-2024-25959,0.00161,0.05737
CVE-2024-25960,0.00113,0.01649
CVE-2024-25961,0.00158,0.05348
CVE-2024-25962,0.0044,0.3767
CVE-2024-25963,0.0032,0.25153
CVE-2024-25964,0.00672,0.50661
CVE-2024-25965,0.00218,0.12538
CVE-2024-25966,0.00925,0.58965
CVE-2024-25967,0.00258,0.17774
CVE-2024-25968,0.0044,0.37679
CVE-2024-25969,0.00215,0.1221
CVE-2024-25970,0.00679,0.50948
CVE-2024-25971,0.00565,0.45719
CVE-2024-25972,0.00331,0.26436
CVE-2024-25973,0.00561,0.45529
CVE-2024-25974,0.0055,0.44933
CVE-2024-25975,0.00592,0.47015
CVE-2024-25976,0.00604,0.47598
CVE-2024-25977,0.00569,0.45902
CVE-2024-25978,0.00944,0.59588
CVE-2024-25979,0.00586,0.46746
CVE-2024-25980,0.00533,0.43964
CVE-2024-25981,0.00581,0.46452
CVE-2024-25982,0.005,0.41892
CVE-2024-25983,0.00602,0.47536
CVE-2024-25984,0.0009,0.00514
CVE-2024-25985,0.0009,0.00521
CVE-2024-25986,0.00092,0.00583
CVE-2024-25987,0.00084,0.0032
CVE-2024-25988,0.00123,0.02428
CVE-2024-25989,0.00085,0.00374
CVE-2024-25990,0.00077,0.00146
CVE-2024-25991,0.001,0.0095
CVE-2024-25992,0.00105,0.01214
CVE-2024-25993,0.00125,0.02558
CVE-2024-25994,0.00728,0.52783
CVE-2024-25995,0.01404,0.71416
CVE-2024-25996,0.00391,0.33087
CVE-2024-25997,0.00686,0.5127
CVE-2024-25998,0.0147,0.72633
CVE-2024-25999,0.00408,0.34827
CVE-2024-26000,0.0081,0.55455
CVE-2024-26001,0.00871,0.57351
CVE-2024-26002,0.00259,0.17902
CVE-2024-26003,0.01161,0.6579
CVE-2024-26004,0.01,0.61352
CVE-2024-26005,0.00621,0.48416
CVE-2024-26006,0.00598,0.4735
CVE-2024-26007,0.01151,0.65567
CVE-2024-26008,0.00472,0.39989
CVE-2024-26009,0.00592,0.47046
CVE-2024-26010,0.00786,0.54642
CVE-2024-26011,0.00597,0.47308
CVE-2024-26012,0.00689,0.51354
CVE-2024-26013,0.00498,0.41748
CVE-2024-26015,0.00467,0.39631
CVE-2024-26016,0.00873,0.57416
CVE-2024-26017,0.00165,0.06099
CVE-2024-26018,0.00313,0.24491
CVE-2024-26019,0.00532,0.43938
CVE-2024-26020,0.15186,0.96598
CVE-2024-26021,0.00228,0.13808
CVE-2024-26022,0.0016,0.05592
CVE-2024-26023,0.0055,0.44915
CVE-2024-26024,0.00209,0.11384
CVE-2024-26025,0.00122,0.02252
CVE-2024-26026,0.07163,0.94007
CVE-2024-26027,0.00139,0.03677
CVE-2024-26028,0.00427,0.36592
CVE-2024-26029,0.00889,0.57845
CVE-2024-26030,0.00427,0.36592
CVE-2024-26031,0.00427,0.3659
CVE-2024-26032,0.0054,0.44349
CVE-2024-26033,0.00427,0.36589
CVE-2024-26034,0.00427,0.36589
CVE-2024-26035,0.00427,0.36589
CVE-2024-26036,0.0051,0.42552
CVE-2024-26037,0.0051,0.42551
CVE-2024-26038,0.00427,0.36588
CVE-2024-26039,0.00587,0.4681
CVE-2024-26040,0.00427,0.36588
CVE-2024-26041,0.00427,0.3659
CVE-2024-26042,0.0054,0.44348
CVE-2024-26043,0.00427,0.3659
CVE-2024-26044,0.0054,0.44348
CVE-2024-26045,0.00427,0.36587
CVE-2024-26046,0.00503,0.42095
CVE-2024-26047,0.00518,0.43067
CVE-2024-26049,0.00587,0.46801
CVE-2024-26050,0.00427,0.36574
CVE-2024-26051,0.00427,0.36589
CVE-2024-26052,0.00427,0.36588
CVE-2024-26053,0.00587,0.4681
CVE-2024-26054,0.00738,0.53094
CVE-2024-26055,0.00738,0.53094
CVE-2024-26056,0.00427,0.36591
CVE-2024-26057,0.00643,0.49445
CVE-2024-26058,0.0051,0.42551
CVE-2024-26059,0.00427,0.36592
CVE-2024-26060,0.00717,0.5239
CVE-2024-26061,0.00427,0.36591
CVE-2024-26062,0.00427,0.36591
CVE-2024-26063,0.00603,0.47596
CVE-2024-26064,0.0054,0.44349
CVE-2024-26065,0.00427,0.36584
CVE-2024-26066,0.00587,0.46811
CVE-2024-26067,0.00427,0.36591
CVE-2024-26068,0.00587,0.4681
CVE-2024-26069,0.00427,0.36588
CVE-2024-26070,0.00502,0.41985
CVE-2024-26071,0.00551,0.44964
CVE-2024-26072,0.00549,0.44874
CVE-2024-26073,0.00427,0.36583
CVE-2024-26074,0.00502,0.41986
CVE-2024-26075,0.00473,0.40066
CVE-2024-26076,0.00518,0.43068
CVE-2024-26077,0.00553,0.45096
CVE-2024-26078,0.00676,0.50823
CVE-2024-26079,0.00518,0.43069
CVE-2024-26080,0.00427,0.36584
CVE-2024-26081,0.00738,0.53094
CVE-2024-26082,0.00676,0.50825
CVE-2024-26083,0.00695,0.51589
CVE-2024-26084,0.00518,0.43068
CVE-2024-26085,0.00676,0.50825
CVE-2024-26086,0.00676,0.50826
CVE-2024-26087,0.00503,0.42096
CVE-2024-26088,0.00717,0.52389
CVE-2024-26089,0.00749,0.53467
CVE-2024-26090,0.00749,0.53467
CVE-2024-26091,0.00771,0.54188
CVE-2024-26092,0.00753,0.53607
CVE-2024-26093,0.00717,0.52388
CVE-2024-26094,0.00427,0.36586
CVE-2024-26095,0.00717,0.52388
CVE-2024-26096,0.00427,0.36585
CVE-2024-26097,0.00518,0.43067
CVE-2024-26098,0.00518,0.43068
CVE-2024-26101,0.00401,0.34118
CVE-2024-26102,0.00427,0.36585
CVE-2024-26103,0.00427,0.36586
CVE-2024-26104,0.00427,0.36586
CVE-2024-26105,0.00427,0.36587
CVE-2024-26106,0.00427,0.36585
CVE-2024-26107,0.00427,0.36585
CVE-2024-26110,0.00717,0.5239
CVE-2024-26111,0.00695,0.51589
CVE-2024-26113,0.00695,0.51589
CVE-2024-26114,0.00676,0.50826
CVE-2024-26115,0.00761,0.53874
CVE-2024-26116,0.00761,0.53874
CVE-2024-26117,0.00676,0.50824
CVE-2024-26118,0.00427,0.36584
CVE-2024-26119,0.00644,0.4952
CVE-2024-26120,0.00427,0.36584
CVE-2024-26121,0.00676,0.50824
CVE-2024-26122,0.00503,0.42095
CVE-2024-26123,0.00676,0.50824
CVE-2024-26124,0.00427,0.36587
CVE-2024-26125,0.00427,0.36587
CVE-2024-26126,0.00681,0.51039
CVE-2024-26127,0.00674,0.50741
CVE-2024-26128,0.00572,0.46054
CVE-2024-26129,0.0061,0.4789
CVE-2024-26130,0.00831,0.56072
CVE-2024-26131,0.00473,0.4009
CVE-2024-26132,0.00387,0.3266
CVE-2024-26133,0.00615,0.48145
CVE-2024-26134,0.01177,0.66257
CVE-2024-26135,0.0046,0.39173
CVE-2024-26136,0.00539,0.44293
CVE-2024-26138,0.00492,0.41391
CVE-2024-26139,0.00398,0.33833
CVE-2024-26140,0.00447,0.38282
CVE-2024-26141,0.01612,0.74921
CVE-2024-26142,0.01498,0.73125
CVE-2024-26143,0.01034,0.62388
CVE-2024-26144,0.01129,0.64968
CVE-2024-26145,0.00393,0.3337
CVE-2024-26146,0.01996,0.79837
CVE-2024-26147,0.00934,0.59258
CVE-2024-26148,0.0053,0.43785
CVE-2024-26149,0.00547,0.44744
CVE-2024-26150,0.00801,0.55124
CVE-2024-26151,0.00621,0.48431
CVE-2024-26152,0.02217,0.81911
CVE-2024-26153,0.00177,0.07495
CVE-2024-26154,0.00225,0.13454
CVE-2024-26155,0.0024,0.15407
CVE-2024-26156,0.00225,0.13455
CVE-2024-26157,0.00233,0.14459
CVE-2024-26158,0.12258,0.95997
CVE-2024-26159,0.01947,0.79335
CVE-2024-26160,0.11368,0.95799
CVE-2024-26161,0.01947,0.79335
CVE-2024-26162,0.02024,0.80151
CVE-2024-26163,0.02075,0.80657
CVE-2024-26164,0.02106,0.80967
CVE-2024-26165,0.01922,0.79047
CVE-2024-26166,0.02026,0.8017
CVE-2024-26167,0.00924,0.5893
CVE-2024-26168,0.0095,0.5978
CVE-2024-26169,0.04014,0.90124
CVE-2024-26170,0.06647,0.9358
CVE-2024-26171,0.00636,0.49143
CVE-2024-26172,0.00722,0.52544
CVE-2024-26173,0.00894,0.57989
CVE-2024-26174,0.0092,0.588
CVE-2024-26175,0.00638,0.49209
CVE-2024-26176,0.00826,0.55914
CVE-2024-26177,0.0112,0.6477
CVE-2024-26178,0.00894,0.57989
CVE-2024-26179,0.01805,0.77618
CVE-2024-26180,0.01451,0.72266
CVE-2024-26181,0.01035,0.62418
CVE-2024-26182,0.05571,0.92524
CVE-2024-26183,0.02159,0.81426
CVE-2024-26184,0.00951,0.59793
CVE-2024-26185,0.30285,0.98146
CVE-2024-26186,0.01623,0.75068
CVE-2024-26188,0.00819,0.55712
CVE-2024-26189,0.01362,0.70569
CVE-2024-26190,0.0299,0.86749
CVE-2024-26191,0.01623,0.75068
CVE-2024-26192,0.01508,0.73303
CVE-2024-26193,0.00854,0.56806
CVE-2024-26194,0.0035,0.28686
CVE-2024-26195,0.02217,0.81912
CVE-2024-26196,0.01233,0.67712
CVE-2024-26197,0.02836,0.86055
CVE-2024-26198,0.0682,0.93727
CVE-2024-26199,0.01155,0.65652
CVE-2024-26200,0.01805,0.77618
CVE-2024-26201,0.00916,0.58684
CVE-2024-26202,0.02217,0.81912
CVE-2024-26203,0.00943,0.59541
CVE-2024-26204,0.02119,0.81078
CVE-2024-26205,0.01805,0.77618
CVE-2024-26207,0.00755,0.53668
CVE-2024-26208,0.0228,0.82405
CVE-2024-26209,0.14814,0.96534
CVE-2024-26210,0.01962,0.79486
CVE-2024-26211,0.04119,0.9035
CVE-2024-26212,0.62576,0.99154
CVE-2024-26213,0.00581,0.46451
CVE-2024-26214,0.02024,0.80153
CVE-2024-26215,0.02671,0.85131
CVE-2024-26216,0.0087,0.57294
CVE-2024-26217,0.00692,0.51457
CVE-2024-26218,0.12917,0.96135
CVE-2024-26219,0.03137,0.87346
CVE-2024-26220,0.01117,0.64682
CVE-2024-26221,0.01822,0.77849
CVE-2024-26222,0.01751,0.76896
CVE-2024-26223,0.0156,0.74153
CVE-2024-26224,0.0156,0.74154
CVE-2024-26226,0.01808,0.77657
CVE-2024-26227,0.01505,0.73243
CVE-2024-26228,0.00403,0.34327
CVE-2024-26229,0.09375,0.95174
CVE-2024-26230,0.24111,0.97747
CVE-2024-26231,0.01505,0.73243
CVE-2024-26232,0.00926,0.58985
CVE-2024-26233,0.0156,0.74153
CVE-2024-26234,0.04853,0.91636
CVE-2024-26235,0.00568,0.45839
CVE-2024-26236,0.00387,0.32703
CVE-2024-26237,0.00675,0.50816
CVE-2024-26238,0.00818,0.55675
CVE-2024-26239,0.0058,0.46449
CVE-2024-26240,0.01061,0.63139
CVE-2024-26241,0.00731,0.52873
CVE-2024-26242,0.00346,0.28222
CVE-2024-26243,0.00387,0.32703
CVE-2024-26244,0.01962,0.79485
CVE-2024-26245,0.0065,0.49791
CVE-2024-26246,0.0064,0.49306
CVE-2024-26247,0.01111,0.6453
CVE-2024-26248,0.01034,0.62388
CVE-2024-26250,0.00636,0.49143
CVE-2024-26251,0.01395,0.71218
CVE-2024-26252,0.0073,0.52852
CVE-2024-26253,0.0073,0.52852
CVE-2024-26254,0.03136,0.87344
CVE-2024-26255,0.00755,0.53668
CVE-2024-26256,0.84806,0.99698
CVE-2024-26257,0.00993,0.61128
CVE-2024-26258,0.00689,0.51373
CVE-2024-26260,0.01603,0.74783
CVE-2024-26261,0.00679,0.50966
CVE-2024-26262,0.00771,0.542
CVE-2024-26263,0.0042,0.36008
CVE-2024-26264,0.00848,0.56594
CVE-2024-26265,0.00707,0.52041
CVE-2024-26266,0.00558,0.45327
CVE-2024-26267,0.00527,0.43655
CVE-2024-26268,0.00527,0.43655
CVE-2024-26269,0.00555,0.4519
CVE-2024-26270,0.00441,0.37805
CVE-2024-26271,0.00355,0.29354
CVE-2024-26272,0.00355,0.29355
CVE-2024-26273,0.00355,0.29355
CVE-2024-26275,0.00195,0.09496
CVE-2024-26276,0.00225,0.13499
CVE-2024-26277,0.00211,0.11657
CVE-2024-26278,0.00447,0.38286
CVE-2024-26279,0.00463,0.39358
CVE-2024-26280,0.01856,0.78278
CVE-2024-26281,0.00313,0.24413
CVE-2024-26282,0.00336,0.27124
CVE-2024-26283,0.00278,0.20459
CVE-2024-26284,0.00324,0.25702
CVE-2024-26288,0.00309,0.23926
CVE-2024-26289,0.00609,0.4786
CVE-2024-26290,0.00517,0.43033
CVE-2024-26291,0.01083,0.63763
CVE-2024-26292,0.00372,0.31161
CVE-2024-26293,0.00364,0.3026
CVE-2024-26294,0.00928,0.59065
CVE-2024-26295,0.00928,0.59066
CVE-2024-26296,0.00924,0.58941
CVE-2024-26297,0.00924,0.58942
CVE-2024-26298,0.00924,0.58941
CVE-2024-26299,0.00358,0.29594
CVE-2024-26300,0.00358,0.29594
CVE-2024-26301,0.00516,0.42951
CVE-2024-26302,0.00354,0.29206
CVE-2024-26303,0.00523,0.4335
CVE-2024-26304,0.43998,0.98694
CVE-2024-26305,0.15163,0.96594
CVE-2024-26306,0.01098,0.64207
CVE-2024-26307,0.00221,0.12902
CVE-2024-26308,0.00898,0.58115
CVE-2024-26309,0.00499,0.41785
CVE-2024-26310,0.00388,0.32817
CVE-2024-26311,0.00519,0.43158
CVE-2024-26312,0.00406,0.34621
CVE-2024-26313,0.00505,0.42183
CVE-2024-26314,0.00227,0.13772
CVE-2024-26317,0.00188,0.08687
CVE-2024-26318,0.00386,0.32576
CVE-2024-26327,0.00596,0.47215
CVE-2024-26328,0.0029,0.21862
CVE-2024-26329,0.00265,0.18673
CVE-2024-26330,0.00601,0.47483
CVE-2024-26331,0.51284,0.98888
CVE-2024-26333,0.00275,0.20127
CVE-2024-26334,0.00274,0.20077
CVE-2024-26335,0.00382,0.32113
CVE-2024-26337,0.00599,0.47381
CVE-2024-26339,0.00846,0.56538
CVE-2024-26342,0.00874,0.57438
CVE-2024-26349,0.00303,0.23301
CVE-2024-26350,0.00328,0.26149
CVE-2024-26351,0.00196,0.09657
CVE-2024-26352,0.00335,0.27039
CVE-2024-26362,0.00573,0.46101
CVE-2024-26367,0.00641,0.49324
CVE-2024-26369,0.00621,0.48461
CVE-2024-26445,0.0022,0.12704
CVE-2024-26450,0.00187,0.08536
CVE-2024-26454,0.00354,0.29179
CVE-2024-26455,0.00707,0.52016
CVE-2024-26458,0.00815,0.55592
CVE-2024-26461,0.01128,0.64948
CVE-2024-26462,0.00437,0.37452
CVE-2024-26465,0.00425,0.36394
CVE-2024-26466,0.00429,0.36797
CVE-2024-26467,0.00429,0.36797
CVE-2024-26468,0.00429,0.36798
CVE-2024-26469,0.00311,0.24229
CVE-2024-26470,0.0104,0.62528
CVE-2024-26471,0.0046,0.392
CVE-2024-26472,0.00549,0.44843
CVE-2024-26473,0.00451,0.38542
CVE-2024-26475,0.00278,0.20485
CVE-2024-26476,0.00412,0.35224
CVE-2024-26477,0.00513,0.42759
CVE-2024-26478,0.00401,0.3417
CVE-2024-26479,0.00555,0.45146
CVE-2024-26480,0.00575,0.46194
CVE-2024-26481,0.00405,0.34602
CVE-2024-26482,0.0032,0.25155
CVE-2024-26483,0.00966,0.60264
CVE-2024-26484,0.00429,0.36782
CVE-2024-26489,0.00413,0.35327
CVE-2024-26490,0.00408,0.34801
CVE-2024-26491,0.00436,0.37337
CVE-2024-26492,0.00581,0.46452
CVE-2024-26495,0.00495,0.4157
CVE-2024-26503,0.01131,0.65025
CVE-2024-26504,0.00467,0.39665
CVE-2024-26507,0.00186,0.08396
CVE-2024-26517,0.00802,0.55145
CVE-2024-26519,0.00295,0.22391
CVE-2024-26520,0.0051,0.42577
CVE-2024-26521,0.00813,0.55525
CVE-2024-26529,0.00785,0.54614
CVE-2024-26540,0.00314,0.24589
CVE-2024-26542,0.00527,0.4359
CVE-2024-26548,0.01107,0.64415
CVE-2024-26557,0.00343,0.27888
CVE-2024-26559,0.00652,0.49875
CVE-2024-26566,0.005,0.41853
CVE-2024-26574,0.00302,0.23106
CVE-2024-26577,0.00644,0.49502
CVE-2024-26578,0.00895,0.58032
CVE-2024-26579,0.01139,0.65222
CVE-2024-26580,0.0122,0.67387
CVE-2024-26581,0.02224,0.81967
CVE-2024-26582,0.00715,0.5233
CVE-2024-26583,0.00546,0.44686
CVE-2024-26584,0.00746,0.53367
CVE-2024-26585,0.00586,0.46745
CVE-2024-26586,0.00247,0.16275
CVE-2024-26587,0.00224,0.13296
CVE-2024-26588,0.00236,0.14894
CVE-2024-26589,0.00239,0.15215
CVE-2024-26590,0.00222,0.13039
CVE-2024-26591,0.0023,0.14029
CVE-2024-26592,0.00973,0.6057
CVE-2024-26593,0.00285,0.21297
CVE-2024-26594,0.50967,0.98879
CVE-2024-26595,0.0023,0.14029
CVE-2024-26596,0.00244,0.15874
CVE-2024-26597,0.00257,0.17708
CVE-2024-26598,0.0024,0.15362
CVE-2024-26599,0.0025,0.16734
CVE-2024-26600,0.00295,0.22336
CVE-2024-26601,0.00289,0.21763
CVE-2024-26602,0.00318,0.25034
CVE-2024-26603,0.00278,0.20531
CVE-2024-26604,0.00274,0.20032
CVE-2024-26605,0.00208,0.11205
CVE-2024-26606,0.00242,0.15687
CVE-2024-26607,0.00232,0.14388
CVE-2024-26608,0.00234,0.14597
CVE-2024-26610,0.00307,0.23695
CVE-2024-26611,0.00643,0.49463
CVE-2024-26612,0.00239,0.15224
CVE-2024-26614,0.0018,0.07845
CVE-2024-26615,0.00259,0.1791
CVE-2024-26616,0.00291,0.21961
CVE-2024-26617,0.00164,0.06035
CVE-2024-26618,0.00239,0.15224
CVE-2024-26619,0.00275,0.20136
CVE-2024-26620,0.00627,0.48723
CVE-2024-26621,0.01006,0.61534
CVE-2024-26622,0.00238,0.15112
CVE-2024-26623,0.00224,0.1329
CVE-2024-26625,0.00249,0.16525
CVE-2024-26626,0.00639,0.49248
CVE-2024-26627,0.00242,0.15645
CVE-2024-26629,0.00197,0.09746
CVE-2024-26630,0.00302,0.23091
CVE-2024-26631,0.00186,0.08478
CVE-2024-26632,0.00236,0.14896
CVE-2024-26633,0.0033,0.26419
CVE-2024-26634,0.00227,0.13701
CVE-2024-26635,0.00242,0.15687
CVE-2024-26636,0.0024,0.15405
CVE-2024-26637,0.00208,0.11246
CVE-2024-26638,0.00222,0.1298
CVE-2024-26640,0.0024,0.15362
CVE-2024-26641,0.00573,0.46095
CVE-2024-26642,0.00266,0.1875
CVE-2024-26643,0.00202,0.10429
CVE-2024-26644,0.0023,0.14144
CVE-2024-26645,0.00242,0.15686
CVE-2024-26646,0.00236,0.14895
CVE-2024-26647,0.00224,0.13297
CVE-2024-26648,0.00224,0.13295
CVE-2024-26649,0.00227,0.137
CVE-2024-26651,0.0027,0.19499
CVE-2024-26652,0.00301,0.22984
CVE-2024-26653,0.00236,0.14895
CVE-2024-26654,0.00257,0.17715
CVE-2024-26655,0.00263,0.18403
CVE-2024-26656,0.00234,0.14569
CVE-2024-26657,0.00228,0.13809
CVE-2024-26658,0.00148,0.04378
CVE-2024-26659,0.0024,0.15362
CVE-2024-26660,0.00264,0.18626
CVE-2024-26661,0.00225,0.1344
CVE-2024-26662,0.00225,0.13442
CVE-2024-26663,0.00248,0.16472
CVE-2024-26664,0.00248,0.16472
CVE-2024-26665,0.00679,0.50953
CVE-2024-26666,0.00332,0.26677
CVE-2024-26667,0.00225,0.13442
CVE-2024-26668,0.00241,0.15567
CVE-2024-26669,0.00238,0.15133
CVE-2024-26670,0.00225,0.13444
CVE-2024-26671,0.00186,0.08427
CVE-2024-26672,0.00217,0.12427
CVE-2024-26673,0.00237,0.15002
CVE-2024-26674,0.00264,0.18532
CVE-2024-26675,0.00254,0.17309
CVE-2024-26676,0.00231,0.14147
CVE-2024-26677,0.00241,0.15567
CVE-2024-26678,0.00225,0.13384
CVE-2024-26679,0.00184,0.0819
CVE-2024-26680,0.00228,0.13772
CVE-2024-26681,0.00225,0.13439
CVE-2024-26682,0.00193,0.09292
CVE-2024-26683,0.00193,0.09292
CVE-2024-26684,0.00223,0.13186
CVE-2024-26685,0.0025,0.16623
CVE-2024-26686,0.00213,0.119
CVE-2024-26687,0.00228,0.13913
CVE-2024-26688,0.00245,0.15966
CVE-2024-26689,0.00696,0.5162
CVE-2024-26690,0.00836,0.5622
CVE-2024-26691,0.00183,0.08104
CVE-2024-26692,0.00528,0.43705
CVE-2024-26693,0.00243,0.15739
CVE-2024-26694,0.00251,0.16771
CVE-2024-26695,0.00242,0.15721
CVE-2024-26696,0.00191,0.09013
CVE-2024-26697,0.00243,0.15728
CVE-2024-26698,0.00183,0.08092
CVE-2024-26699,0.00218,0.12532
CVE-2024-26700,0.00227,0.137
CVE-2024-26702,0.00223,0.13186
CVE-2024-26703,0.00225,0.13436
CVE-2024-26704,0.00266,0.18751
CVE-2024-26705,0.00194,0.09371
CVE-2024-26706,0.00263,0.1851
CVE-2024-26707,0.00226,0.13569
CVE-2024-26708,0.00172,0.06933
CVE-2024-26709,0.00195,0.09488
CVE-2024-26710,0.00245,0.16086
CVE-2024-26711,0.00227,0.137
CVE-2024-26712,0.00248,0.16432
CVE-2024-26714,0.00227,0.13699
CVE-2024-26715,0.00258,0.17752
CVE-2024-26716,0.00227,0.13699
CVE-2024-26717,0.0023,0.1403
CVE-2024-26718,0.00233,0.14481
CVE-2024-26719,0.00172,0.06933
CVE-2024-26721,0.00196,0.09626
CVE-2024-26722,0.00182,0.07983
CVE-2024-26723,0.00241,0.15558
CVE-2024-26724,0.00231,0.14269
CVE-2024-26725,0.0015,0.04564
CVE-2024-26726,0.00259,0.1785
CVE-2024-26727,0.00228,0.13833
CVE-2024-26728,0.00216,0.12247
CVE-2024-26729,0.00205,0.10862
CVE-2024-26730,0.00248,0.1638
CVE-2024-26731,0.00828,0.56
CVE-2024-26732,0.00158,0.05326
CVE-2024-26733,0.00256,0.17534
CVE-2024-26734,0.00237,0.15016
CVE-2024-26735,0.00272,0.1985
CVE-2024-26736,0.00723,0.52584
CVE-2024-26737,0.00251,0.16841
CVE-2024-26738,0.00239,0.1522
CVE-2024-26739,0.00278,0.20523
CVE-2024-26740,0.00181,0.07934
CVE-2024-26741,0.0027,0.19418
CVE-2024-26742,0.00245,0.16027
CVE-2024-26743,0.00242,0.15721
CVE-2024-26744,0.00255,0.17342
CVE-2024-26745,0.0022,0.1272
CVE-2024-26746,0.00225,0.13443
CVE-2024-26747,0.00238,0.15096
CVE-2024-26748,0.00242,0.15719
CVE-2024-26749,0.00245,0.15962
CVE-2024-26750,0.00224,0.13296
CVE-2024-26751,0.00245,0.16058
CVE-2024-26752,0.00252,0.16958
CVE-2024-26753,0.0027,0.19419
CVE-2024-26754,0.00252,0.1702
CVE-2024-26755,0.0065,0.49781
CVE-2024-26756,0.00209,0.1132
CVE-2024-26757,0.00209,0.11348
CVE-2024-26758,0.00212,0.11767
CVE-2024-26759,0.00262,0.18308
CVE-2024-26760,0.00644,0.49512
CVE-2024-26761,0.00236,0.14817
CVE-2024-26762,0.00216,0.12286
CVE-2024-26763,0.00282,0.21009
CVE-2024-26764,0.00248,0.16431
CVE-2024-26765,0.00236,0.14817
CVE-2024-26766,0.00266,0.18776
CVE-2024-26767,0.00241,0.15527
CVE-2024-26768,0.00598,0.47352
CVE-2024-26769,0.00631,0.48896
CVE-2024-26770,0.00237,0.15051
CVE-2024-26771,0.00239,0.15198
CVE-2024-26772,0.00264,0.18537
CVE-2024-26773,0.00312,0.24272
CVE-2024-26774,0.00238,0.15078
CVE-2024-26775,0.00184,0.08246
CVE-2024-26776,0.00242,0.15658
CVE-2024-26777,0.00254,0.17254
CVE-2024-26778,0.00254,0.17254
CVE-2024-26779,0.00279,0.20671
CVE-2024-26780,0.00222,0.13038
CVE-2024-26781,0.00173,0.0702
CVE-2024-26782,0.00714,0.52272
CVE-2024-26783,0.00244,0.15918
CVE-2024-26784,0.00195,0.09519
CVE-2024-26785,0.00225,0.13438
CVE-2024-26786,0.00231,0.14195
CVE-2024-26787,0.00226,0.13572
CVE-2024-26788,0.00226,0.13571
CVE-2024-26789,0.00234,0.14599
CVE-2024-26790,0.00173,0.0702
CVE-2024-26791,0.00247,0.16312
CVE-2024-26792,0.00236,0.14895
CVE-2024-26793,0.00291,0.21894
CVE-2024-26795,0.00237,0.15021
CVE-2024-26796,0.00224,0.13296
CVE-2024-26797,0.00249,0.16601
CVE-2024-26798,0.00327,0.26018
CVE-2024-26799,0.00239,0.15208
CVE-2024-26800,0.00739,0.53128
CVE-2024-26801,0.00422,0.36163
CVE-2024-26802,0.00236,0.14895
CVE-2024-26803,0.00225,0.13446
CVE-2024-26804,0.00245,0.15997
CVE-2024-26805,0.00242,0.15687
CVE-2024-26806,0.00149,0.04439
CVE-2024-26807,0.00234,0.14595
CVE-2024-26808,0.00255,0.17387
CVE-2024-26809,0.00294,0.22268
CVE-2024-26810,0.00196,0.0955
CVE-2024-26811,0.00794,0.54924
CVE-2024-26812,0.00248,0.16472
CVE-2024-26813,0.00234,0.14547
CVE-2024-26814,0.00223,0.13187
CVE-2024-26815,0.00282,0.2102
CVE-2024-26816,0.00307,0.23731
CVE-2024-26817,0.0076,0.53845
CVE-2024-26818,0.00225,0.13449
CVE-2024-26820,0.00237,0.15043
CVE-2024-26822,0.00232,0.14307
CVE-2024-26823,0.00234,0.14598
CVE-2024-26824,0.00237,0.14987
CVE-2024-26825,0.00237,0.15043
CVE-2024-26826,0.00646,0.49573
CVE-2024-26828,0.00748,0.53435
CVE-2024-26829,0.00228,0.13834
CVE-2024-26830,0.00231,0.14202
CVE-2024-26831,0.00225,0.13447
CVE-2024-26832,0.00222,0.13037
CVE-2024-26833,0.00228,0.13833
CVE-2024-26834,0.00598,0.4737
CVE-2024-26835,0.00227,0.13686
CVE-2024-26836,0.00231,0.14195
CVE-2024-26837,0.00166,0.06282
CVE-2024-26838,0.00234,0.14598
CVE-2024-26839,0.00239,0.15307
CVE-2024-26840,0.00279,0.20633
CVE-2024-26841,0.00224,0.13279
CVE-2024-26842,0.00236,0.14894
CVE-2024-26843,0.00231,0.1426
CVE-2024-26844,0.00225,0.13448
CVE-2024-26845,0.00735,0.53018
CVE-2024-26846,0.00218,0.12486
CVE-2024-26847,0.0024,0.15471
CVE-2024-26849,0.00223,0.13166
CVE-2024-26850,0.00222,0.13038
CVE-2024-26851,0.00735,0.53019
CVE-2024-26852,0.00269,0.1927
CVE-2024-26853,0.00626,0.48674
CVE-2024-26854,0.00713,0.52251
CVE-2024-26855,0.0025,0.16682
CVE-2024-26856,0.00319,0.25123
CVE-2024-26857,0.00601,0.47467
CVE-2024-26858,0.00227,0.13702
CVE-2024-26859,0.00182,0.08069
CVE-2024-26860,0.00222,0.13036
CVE-2024-26861,0.00177,0.07545
CVE-2024-26862,0.00208,0.11294
CVE-2024-26863,0.00249,0.16581
CVE-2024-26864,0.00608,0.47793
CVE-2024-26865,0.0023,0.14024
CVE-2024-26866,0.00216,0.12279
CVE-2024-26867,0.00193,0.09318
CVE-2024-26868,0.00609,0.4785
CVE-2024-26869,0.0018,0.07743
CVE-2024-26870,0.00281,0.20878
CVE-2024-26871,0.00222,0.13036
CVE-2024-26872,0.00238,0.15113
CVE-2024-26873,0.00171,0.06793
CVE-2024-26874,0.00238,0.15066
CVE-2024-26875,0.00247,0.16261
CVE-2024-26876,0.00225,0.13446
CVE-2024-26877,0.00724,0.52613
CVE-2024-26878,0.00189,0.08779
CVE-2024-26879,0.00223,0.13166
CVE-2024-26880,0.00711,0.52147
CVE-2024-26881,0.00687,0.51297
CVE-2024-26882,0.00689,0.5137
CVE-2024-26883,0.00251,0.16781
CVE-2024-26884,0.00251,0.16781
CVE-2024-26885,0.00248,0.16405
CVE-2024-26886,0.00493,0.41451
CVE-2024-26887,0.00222,0.13042
CVE-2024-26888,0.00225,0.13451
CVE-2024-26889,0.00271,0.19604
CVE-2024-26890,0.006,0.47437
CVE-2024-26891,0.00231,0.14227
CVE-2024-26892,0.0023,0.14023
CVE-2024-26893,0.00227,0.13702
CVE-2024-26894,0.00254,0.17278
CVE-2024-26895,0.00235,0.14667
CVE-2024-26896,0.00225,0.13447
CVE-2024-26897,0.00188,0.08618
CVE-2024-26898,0.00305,0.23486
CVE-2024-26899,0.0021,0.11577
CVE-2024-26900,0.00284,0.21227
CVE-2024-26901,0.00828,0.55995
CVE-2024-26902,0.00238,0.15079
CVE-2024-26903,0.00279,0.2064
CVE-2024-26906,0.00253,0.17064
CVE-2024-26907,0.00265,0.18709
CVE-2024-26909,0.00248,0.16455
CVE-2024-26910,0.00175,0.07277
CVE-2024-26911,0.00204,0.10743
CVE-2024-26912,0.00193,0.09319
CVE-2024-26913,0.0025,0.1669
CVE-2024-26914,0.00216,0.1232
CVE-2024-26915,0.00246,0.16176
CVE-2024-26916,0.00171,0.06794
CVE-2024-26917,0.00239,0.15308
CVE-2024-26918,0.0023,0.1405
CVE-2024-26919,0.00231,0.1422
CVE-2024-26920,0.00256,0.17494
CVE-2024-26921,0.00399,0.33947
CVE-2024-26922,0.00315,0.24605
CVE-2024-26923,0.00207,0.11144
CVE-2024-26924,0.00846,0.56554
CVE-2024-26925,0.00267,0.19124
CVE-2024-26926,0.00444,0.38027
CVE-2024-26927,0.00293,0.22176
CVE-2024-26928,0.00278,0.20579
CVE-2024-26930,0.00232,0.14401
CVE-2024-26931,0.00368,0.30674
CVE-2024-26932,0.00216,0.12343
CVE-2024-26933,0.00179,0.0769
CVE-2024-26934,0.0019,0.08928
CVE-2024-26935,0.00242,0.15686
CVE-2024-26936,0.00605,0.47668
CVE-2024-26937,0.00269,0.19364
CVE-2024-26938,0.00222,0.13033
CVE-2024-26939,0.00244,0.15936
CVE-2024-26940,0.00227,0.13701
CVE-2024-26941,0.00193,0.09319
CVE-2024-26942,0.00147,0.0429
CVE-2024-26943,0.00225,0.13452
CVE-2024-26944,0.00224,0.13282
CVE-2024-26945,0.00236,0.14866
CVE-2024-26946,0.00241,0.15498
CVE-2024-26947,0.0023,0.1403
CVE-2024-26948,0.00198,0.09852
CVE-2024-26949,0.00241,0.15511
CVE-2024-26950,0.00244,0.1592
CVE-2024-26951,0.00233,0.14414
CVE-2024-26952,0.00722,0.52567
CVE-2024-26953,0.00656,0.50042
CVE-2024-26954,0.00691,0.51433
CVE-2024-26955,0.00255,0.17475
CVE-2024-26956,0.00255,0.17475
CVE-2024-26957,0.00239,0.15229
CVE-2024-26958,0.00244,0.15852
CVE-2024-26959,0.00222,0.13034
CVE-2024-26960,0.00178,0.0764
CVE-2024-26961,0.0024,0.15413
CVE-2024-26962,0.00174,0.07099
CVE-2024-26963,0.00222,0.13034
CVE-2024-26964,0.0023,0.14144
CVE-2024-26965,0.00258,0.17765
CVE-2024-26966,0.00261,0.18133
CVE-2024-26967,0.00201,0.10251
CVE-2024-26968,0.00232,0.14384
CVE-2024-26969,0.00257,0.17687
CVE-2024-26970,0.00226,0.13571
CVE-2024-26971,0.0023,0.14115
CVE-2024-26973,0.00255,0.17353
CVE-2024-26974,0.00198,0.09904
CVE-2024-26975,0.00227,0.13698
CVE-2024-26976,0.00261,0.18256
CVE-2024-26977,0.00226,0.13574
CVE-2024-26978,0.00225,0.13411
CVE-2024-26980,0.00621,0.48413
CVE-2024-26981,0.00273,0.19979
CVE-2024-26982,0.00282,0.20982
CVE-2024-26983,0.00232,0.14398
CVE-2024-26984,0.00202,0.1051
CVE-2024-26985,0.00227,0.13682
CVE-2024-26986,0.00231,0.14169
CVE-2024-26987,0.00175,0.07273
CVE-2024-26988,0.00281,0.20874
CVE-2024-26989,0.0024,0.15392
CVE-2024-26990,0.0024,0.15447
CVE-2024-26991,0.00229,0.13966
CVE-2024-26992,0.00232,0.14288
CVE-2024-26993,0.00267,0.19106
CVE-2024-26994,0.00295,0.22344
CVE-2024-26995,0.00238,0.15136
CVE-2024-26996,0.00235,0.14732
CVE-2024-26997,0.00249,0.16539
CVE-2024-26998,0.0023,0.14071
CVE-2024-26999,0.00184,0.08203
CVE-2024-27000,0.00327,0.26041
CVE-2024-27001,0.00283,0.21032
CVE-2024-27002,0.00174,0.07179
CVE-2024-27003,0.00174,0.07178
CVE-2024-27004,0.00212,0.11849
CVE-2024-27005,0.00181,0.07929
CVE-2024-27006,0.00229,0.13938
CVE-2024-27007,0.00238,0.15136
CVE-2024-27008,0.00296,0.22472
CVE-2024-27009,0.00176,0.07422
CVE-2024-27010,0.00176,0.074
CVE-2024-27011,0.00232,0.14404
CVE-2024-27012,0.00272,0.19872
CVE-2024-27013,0.00273,0.19946
CVE-2024-27014,0.00176,0.074
CVE-2024-27015,0.0023,0.14071
CVE-2024-27016,0.00335,0.27016
CVE-2024-27017,0.00294,0.22208
CVE-2024-27018,0.00639,0.49228
CVE-2024-27019,0.00211,0.1167
CVE-2024-27020,0.00221,0.12931
CVE-2024-27021,0.0018,0.07891
CVE-2024-27022,0.0027,0.19496
CVE-2024-27023,0.00272,0.19778
CVE-2024-27024,0.00312,0.24286
CVE-2024-27025,0.00288,0.21687
CVE-2024-27026,0.00759,0.53789
CVE-2024-27027,0.00264,0.18603
CVE-2024-27028,0.01176,0.66243
CVE-2024-27029,0.00282,0.20931
CVE-2024-27030,0.00226,0.13578
CVE-2024-27031,0.002,0.10206
CVE-2024-27032,0.00291,0.21885
CVE-2024-27033,0.00266,0.19023
CVE-2024-27034,0.00284,0.21143
CVE-2024-27035,0.00276,0.20217
CVE-2024-27036,0.00282,0.21019
CVE-2024-27037,0.00273,0.19896
CVE-2024-27038,0.00292,0.22071
CVE-2024-27039,0.00265,0.18724
CVE-2024-27040,0.00248,0.16406
CVE-2024-27041,0.00272,0.19777
CVE-2024-27043,0.00294,0.2223
CVE-2024-27044,0.00279,0.20623
CVE-2024-27045,0.00307,0.23654
CVE-2024-27046,0.00297,0.2261
CVE-2024-27047,0.00281,0.20899
CVE-2024-27048,0.00274,0.20032
CVE-2024-27049,0.00277,0.20384
CVE-2024-27050,0.00282,0.21019
CVE-2024-27051,0.00275,0.2016
CVE-2024-27052,0.003,0.2296
CVE-2024-27053,0.01635,0.75273
CVE-2024-27054,0.00273,0.19896
CVE-2024-27056,0.00251,0.1686
CVE-2024-27057,0.00222,0.13032
CVE-2024-27058,0.00385,0.32407
CVE-2024-27059,0.00242,0.15686
CVE-2024-27060,0.00225,0.13443
CVE-2024-27061,0.00226,0.13621
CVE-2024-27062,0.00181,0.07927
CVE-2024-27063,0.00222,0.13041
CVE-2024-27064,0.00222,0.13032
CVE-2024-27065,0.00263,0.18503
CVE-2024-27066,0.00591,0.46992
CVE-2024-27067,0.00222,0.13033
CVE-2024-27068,0.00224,0.13295
CVE-2024-27069,0.00193,0.09293
CVE-2024-27070,0.00227,0.13768
CVE-2024-27071,0.00193,0.09319
CVE-2024-27072,0.00213,0.11943
CVE-2024-27073,0.00292,0.22044
CVE-2024-27074,0.00289,0.21733
CVE-2024-27075,0.0033,0.26401
CVE-2024-27076,0.00289,0.21732
CVE-2024-27077,0.00289,0.21732
CVE-2024-27078,0.00289,0.21733
CVE-2024-27079,0.00242,0.15708
CVE-2024-27080,0.00188,0.08678
CVE-2024-27081,0.01535,0.73751
CVE-2024-27082,0.00921,0.5882
CVE-2024-27083,0.00567,0.45831
CVE-2024-27085,0.00569,0.45923
CVE-2024-27086,0.00189,0.08821
CVE-2024-27087,0.00348,0.28486
CVE-2024-27088,0.00535,0.44091
CVE-2024-27090,0.00492,0.4137
CVE-2024-27091,0.00379,0.31871
CVE-2024-27092,0.00608,0.47794
CVE-2024-27093,0.00553,0.45093
CVE-2024-27094,0.00763,0.5393
CVE-2024-27095,0.00341,0.27671
CVE-2024-27096,0.58818,0.99065
CVE-2024-27097,0.00438,0.37519
CVE-2024-27098,0.3572,0.98393
CVE-2024-27099,0.01418,0.71661
CVE-2024-27100,0.00555,0.4519
CVE-2024-27101,0.00456,0.38918
CVE-2024-27102,0.0055,0.44884
CVE-2024-27103,0.00355,0.29276
CVE-2024-27104,0.00665,0.50382
CVE-2024-27105,0.00589,0.46881
CVE-2024-27106,0.0022,0.1272
CVE-2024-27107,0.00346,0.28305
CVE-2024-27108,0.00343,0.27976
CVE-2024-27109,0.00343,0.27975
CVE-2024-27110,0.00294,0.22309
CVE-2024-27112,0.00412,0.35201
CVE-2024-27113,0.00425,0.3641
CVE-2024-27114,0.00543,0.44537
CVE-2024-27115,0.04628,0.91303
CVE-2024-27120,0.0055,0.44925
CVE-2024-27121,0.0088,0.57606
CVE-2024-27122,0.00263,0.18518
CVE-2024-27123,0.00129,0.02953
CVE-2024-27124,0.01436,0.71997
CVE-2024-27125,0.00247,0.16272
CVE-2024-27126,0.00263,0.18519
CVE-2024-27127,0.00696,0.51625
CVE-2024-27128,0.00689,0.51384
CVE-2024-27129,0.00689,0.51383
CVE-2024-27130,0.3752,0.98467
CVE-2024-27132,0.00878,0.57564
CVE-2024-27133,0.00656,0.50037
CVE-2024-27134,0.00121,0.02195
CVE-2024-27135,0.05983,0.92986
CVE-2024-27136,0.60846,0.99112
CVE-2024-27137,0.00281,0.20909
CVE-2024-27138,0.01192,0.6666
CVE-2024-27139,0.0133,0.69849
CVE-2024-27140,0.01341,0.70118
CVE-2024-27141,0.01115,0.64646
CVE-2024-27142,0.0092,0.58792
CVE-2024-27143,0.01106,0.64405
CVE-2024-27144,0.01247,0.68036
CVE-2024-27145,0.01023,0.6203
CVE-2024-27146,0.00245,0.16042
CVE-2024-27147,0.0026,0.17978
CVE-2024-27148,0.00246,0.16162
CVE-2024-27149,0.00246,0.16163
CVE-2024-27150,0.00246,0.16162
CVE-2024-27151,0.00402,0.34267
CVE-2024-27152,0.00246,0.16163
CVE-2024-27153,0.00246,0.16163
CVE-2024-27154,0.00252,0.16933
CVE-2024-27155,0.00412,0.35146
CVE-2024-27156,0.00438,0.37561
CVE-2024-27157,0.00438,0.37561
CVE-2024-27158,0.00276,0.20314
CVE-2024-27159,0.00256,0.17567
CVE-2024-27160,0.00238,0.15183
CVE-2024-27161,0.00156,0.05205
CVE-2024-27162,0.21218,0.97483
CVE-2024-27163,0.0042,0.35941
CVE-2024-27164,0.00253,0.1709
CVE-2024-27165,0.00228,0.13803
CVE-2024-27166,0.0017,0.06724
CVE-2024-27167,0.00246,0.16163
CVE-2024-27168,0.00286,0.2143
CVE-2024-27169,0.00297,0.22604
CVE-2024-27170,0.00274,0.20058
CVE-2024-27171,0.00496,0.41658
CVE-2024-27172,0.26811,0.97942
CVE-2024-27173,0.03166,0.87459
CVE-2024-27174,0.01635,0.75268
CVE-2024-27175,0.00851,0.56718
CVE-2024-27176,0.01504,0.73228
CVE-2024-27177,0.01504,0.73228
CVE-2024-27178,0.01504,0.73228
CVE-2024-27179,0.00255,0.17343
CVE-2024-27180,0.0027,0.195
CVE-2024-27181,0.00644,0.49521
CVE-2024-27182,0.00737,0.53078
CVE-2024-27183,0.00327,0.26065
CVE-2024-27184,0.00254,0.17185
CVE-2024-27185,0.00441,0.37794
CVE-2024-27186,0.00268,0.19156
CVE-2024-27187,0.00354,0.29242
CVE-2024-27188,0.00342,0.27783
CVE-2024-27189,0.00337,0.27193
CVE-2024-27190,0.00439,0.37638
CVE-2024-27191,0.00823,0.55836
CVE-2024-27192,0.00354,0.29175
CVE-2024-27193,0.00354,0.29253
CVE-2024-27194,0.00187,0.08524
CVE-2024-27195,0.00234,0.14573
CVE-2024-27196,0.00351,0.28826
CVE-2024-27197,0.00184,0.08227
CVE-2024-27198,0.99938,0.99971
CVE-2024-27199,0.99991,0.99986
CVE-2024-27200,0.0015,0.04568
CVE-2024-27201,0.00662,0.5029
CVE-2024-27202,0.00272,0.19809
CVE-2024-27204,0.00107,0.01298
CVE-2024-27205,0.0009,0.00523
CVE-2024-27206,0.00344,0.28023
CVE-2024-27207,0.00259,0.17899
CVE-2024-27208,0.00107,0.01298
CVE-2024-27209,0.00092,0.00579
CVE-2024-27210,0.0008,0.00221
CVE-2024-27211,0.00089,0.00474
CVE-2024-27212,0.00104,0.01158
CVE-2024-27213,0.00117,0.01923
CVE-2024-27217,0.00193,0.09301
CVE-2024-27218,0.00085,0.00363
CVE-2024-27219,0.00107,0.01298
CVE-2024-27220,0.00095,0.00749
CVE-2024-27221,0.00088,0.00438
CVE-2024-27222,0.0008,0.0022
CVE-2024-27223,0.0012,0.02082
CVE-2024-27224,0.0008,0.0022
CVE-2024-27225,0.00087,0.00419
CVE-2024-27226,0.0009,0.00523
CVE-2024-27227,0.0032,0.25166
CVE-2024-27228,0.00557,0.4525
CVE-2024-27229,0.00367,0.30607
CVE-2024-27230,0.0008,0.00201
CVE-2024-27231,0.00089,0.00503
CVE-2024-27232,0.00088,0.00442
CVE-2024-27233,0.00081,0.00242
CVE-2024-27234,0.00085,0.00377
CVE-2024-27235,0.00084,0.00319
CVE-2024-27236,0.0009,0.00535
CVE-2024-27237,0.00088,0.00453
CVE-2024-27238,0.00114,0.01722
CVE-2024-27239,0.00644,0.49476
CVE-2024-27240,0.00174,0.07152
CVE-2024-27241,0.00425,0.36422
CVE-2024-27242,0.00462,0.39323
CVE-2024-27243,0.00413,0.35264
CVE-2024-27244,0.001,0.00961
CVE-2024-27245,0.00639,0.49264
CVE-2024-27246,0.00644,0.49477
CVE-2024-27247,0.00118,0.0193
CVE-2024-27253,0.00316,0.2477
CVE-2024-27254,0.00653,0.49911
CVE-2024-27255,0.00261,0.1824
CVE-2024-27256,0.00212,0.11863
CVE-2024-27257,0.00304,0.23339
CVE-2024-27260,0.0023,0.14086
CVE-2024-27261,0.00271,0.19554
CVE-2024-27263,0.0027,0.19492
CVE-2024-27264,0.00137,0.03463
CVE-2024-27265,0.00239,0.15242
CVE-2024-27266,0.00847,0.56565
CVE-2024-27267,0.00445,0.38109
CVE-2024-27268,0.01278,0.68729
CVE-2024-27269,0.00435,0.37328
CVE-2024-27270,0.0037,0.30869
CVE-2024-27273,0.00146,0.04212
CVE-2024-27275,0.00155,0.05103
CVE-2024-27277,0.00116,0.01846
CVE-2024-27278,0.0034,0.2762
CVE-2024-27279,0.00832,0.56115
CVE-2024-27280,0.02364,0.83061
CVE-2024-27281,0.01571,0.74311
CVE-2024-27282,0.00629,0.48801
CVE-2024-27283,0.00678,0.50941
CVE-2024-27284,0.00817,0.55646
CVE-2024-27285,0.0106,0.63108
CVE-2024-27286,0.00523,0.43377
CVE-2024-27287,0.00681,0.5106
CVE-2024-27288,0.00471,0.39905
CVE-2024-27289,0.00847,0.56578
CVE-2024-27290,0.00434,0.37189
CVE-2024-27291,0.00411,0.35098
CVE-2024-27292,0.69486,0.99331
CVE-2024-27294,0.00234,0.14532
CVE-2024-27295,0.00702,0.51833
CVE-2024-27296,0.0057,0.45928
CVE-2024-27297,0.00586,0.46745
CVE-2024-27298,0.0103,0.62245
CVE-2024-27299,0.01151,0.65535
CVE-2024-27300,0.00691,0.51429
CVE-2024-27301,0.00321,0.25364
CVE-2024-27302,0.00774,0.54305
CVE-2024-27303,0.00282,0.20973
CVE-2024-27304,0.01109,0.64481
CVE-2024-27305,0.00374,0.31319
CVE-2024-27306,0.00666,0.5043
CVE-2024-27307,0.01422,0.71735
CVE-2024-27308,0.00889,0.57838
CVE-2024-27309,0.01125,0.64872
CVE-2024-27310,0.02274,0.82353
CVE-2024-27311,0.01459,0.72423
CVE-2024-27312,0.00897,0.58101
CVE-2024-27313,0.01294,0.6907
CVE-2024-27314,0.01908,0.78885
CVE-2024-27315,0.00978,0.60696
CVE-2024-27316,0.91327,0.99807
CVE-2024-27317,0.56934,0.99024
CVE-2024-27318,0.01189,0.66591
CVE-2024-27319,0.00589,0.46888
CVE-2024-27320,0.00352,0.28965
CVE-2024-27321,0.00349,0.28643
CVE-2024-27322,0.23439,0.97692
CVE-2024-27323,0.00332,0.26637
CVE-2024-27324,0.00403,0.34403
CVE-2024-27325,0.00403,0.34404
CVE-2024-27326,0.00393,0.33327
CVE-2024-27327,0.00418,0.35797
CVE-2024-27328,0.00403,0.34404
CVE-2024-27329,0.00393,0.33327
CVE-2024-27330,0.00373,0.31232
CVE-2024-27331,0.00373,0.31232
CVE-2024-27332,0.00373,0.31232
CVE-2024-27333,0.00385,0.3248
CVE-2024-27334,0.00385,0.3248
CVE-2024-27335,0.00421,0.36104
CVE-2024-27336,0.00406,0.34668
CVE-2024-27337,0.00415,0.35483
CVE-2024-27338,0.00421,0.36105
CVE-2024-27339,0.00421,0.36104
CVE-2024-27340,0.00415,0.35483
CVE-2024-27341,0.00415,0.35482
CVE-2024-27342,0.00421,0.36104
CVE-2024-27343,0.00406,0.34668
CVE-2024-27344,0.00421,0.36105
CVE-2024-27345,0.00377,0.31594
CVE-2024-27346,0.00396,0.33621
CVE-2024-27347,0.00995,0.61199
CVE-2024-27348,0.9921,0.99934
CVE-2024-27349,0.01024,0.6206
CVE-2024-27350,0.00326,0.25953
CVE-2024-27351,0.01854,0.78258
CVE-2024-27353,0.0017,0.06717
CVE-2024-27354,0.00601,0.47492
CVE-2024-27355,0.00569,0.45888
CVE-2024-27356,0.23905,0.97732
CVE-2024-27357,0.00184,0.08222
CVE-2024-27358,0.00175,0.07326
CVE-2024-27359,0.00707,0.52032
CVE-2024-27360,0.00379,0.31801
CVE-2024-27361,0.00123,0.02425
CVE-2024-27362,0.00314,0.24547
CVE-2024-27363,0.00183,0.08105
CVE-2024-27364,0.00162,0.05821
CVE-2024-27365,0.00174,0.07132
CVE-2024-27366,0.00162,0.0582
CVE-2024-27367,0.00162,0.05821
CVE-2024-27368,0.00158,0.05353
CVE-2024-27370,0.00164,0.06093
CVE-2024-27371,0.00196,0.09648
CVE-2024-27372,0.00164,0.06093
CVE-2024-27373,0.00164,0.06093
CVE-2024-27374,0.00196,0.09648
CVE-2024-27375,0.00196,0.09647
CVE-2024-27376,0.00196,0.09648
CVE-2024-27377,0.00164,0.06094
CVE-2024-27378,0.00189,0.08763
CVE-2024-27379,0.00196,0.09648
CVE-2024-27380,0.00165,0.06185
CVE-2024-27381,0.00165,0.06185
CVE-2024-27382,0.0016,0.05615
CVE-2024-27383,0.00164,0.06092
CVE-2024-27385,0.00232,0.1439
CVE-2024-27386,0.00232,0.1439
CVE-2024-27387,0.00169,0.06601
CVE-2024-27388,0.00959,0.60028
CVE-2024-27389,0.00237,0.15006
CVE-2024-27390,0.00223,0.13166
CVE-2024-27391,0.00272,0.19777
CVE-2024-27392,0.00259,0.17909
CVE-2024-27393,0.00772,0.54205
CVE-2024-27394,0.00261,0.18128
CVE-2024-27395,0.00244,0.15853
CVE-2024-27396,0.00244,0.15852
CVE-2024-27397,0.00264,0.18625
CVE-2024-27398,0.00828,0.55995
CVE-2024-27399,0.00304,0.23352
CVE-2024-27400,0.00244,0.15943
CVE-2024-27401,0.00296,0.22554
CVE-2024-27402,0.00225,0.13487
CVE-2024-27403,0.00239,0.15198
CVE-2024-27404,0.00416,0.3558
CVE-2024-27405,0.01298,0.69158
CVE-2024-27406,0.00237,0.15035
CVE-2024-27407,0.00284,0.21147
CVE-2024-27408,0.00192,0.09147
CVE-2024-27409,0.00247,0.163
CVE-2024-27410,0.00257,0.1773
CVE-2024-27411,0.00203,0.10537
CVE-2024-27412,0.00246,0.16171
CVE-2024-27413,0.00246,0.16172
CVE-2024-27414,0.00234,0.14624
CVE-2024-27415,0.00252,0.17021
CVE-2024-27416,0.00356,0.29406
CVE-2024-27417,0.00239,0.15321
CVE-2024-27418,0.00221,0.12941
CVE-2024-27419,0.00193,0.0923
CVE-2024-27431,0.00232,0.14386
CVE-2024-27432,0.00223,0.13223
CVE-2024-27433,0.00228,0.1386
CVE-2024-27434,0.00295,0.22337
CVE-2024-27435,0.00397,0.3379
CVE-2024-27436,0.00622,0.48493
CVE-2024-27437,0.0024,0.15404
CVE-2024-27438,0.00962,0.60163
CVE-2024-27439,0.00681,0.51045
CVE-2024-27440,0.00224,0.13284
CVE-2024-27442,0.00349,0.28655
CVE-2024-27443,0.23632,0.97707
CVE-2024-27444,0.00773,0.54243
CVE-2024-27447,0.00823,0.55827
CVE-2024-27448,0.00904,0.58309
CVE-2024-27453,0.00726,0.52683
CVE-2024-27454,0.01197,0.66785
CVE-2024-27455,0.0064,0.49297
CVE-2024-27456,0.00771,0.54193
CVE-2024-27457,0.00144,0.04035
CVE-2024-27458,0.00209,0.11391
CVE-2024-27459,0.0826,0.94662
CVE-2024-27460,0.01673,0.75823
CVE-2024-27461,0.00129,0.02888
CVE-2024-27474,0.00651,0.49809
CVE-2024-27476,0.00646,0.49607
CVE-2024-27477,0.00628,0.48778
CVE-2024-27480,0.00379,0.31864
CVE-2024-27488,0.0063,0.48854
CVE-2024-27489,0.00413,0.35283
CVE-2024-27497,0.26657,0.97932
CVE-2024-27499,0.00522,0.4332
CVE-2024-27507,0.01158,0.6571
CVE-2024-27508,0.00744,0.53299
CVE-2024-27515,0.00611,0.47971
CVE-2024-27516,0.01472,0.72679
CVE-2024-27517,0.00426,0.365
CVE-2024-27518,0.00604,0.47608
CVE-2024-27521,0.01498,0.73131
CVE-2024-27524,0.00714,0.52264
CVE-2024-27525,0.004,0.34038
CVE-2024-27527,0.00463,0.39394
CVE-2024-27528,0.0024,0.15478
CVE-2024-27529,0.00264,0.1864
CVE-2024-27530,0.00222,0.13077
CVE-2024-27532,0.00514,0.42805
CVE-2024-27558,0.00427,0.36552
CVE-2024-27559,0.00225,0.13466
CVE-2024-27561,0.00585,0.46697
CVE-2024-27563,0.00417,0.35744
CVE-2024-27564,0.40637,0.98591
CVE-2024-27565,0.00661,0.50229
CVE-2024-27567,0.00592,0.47033
CVE-2024-27568,0.00503,0.42043
CVE-2024-27569,0.00503,0.42044
CVE-2024-27570,0.00718,0.52438
CVE-2024-27571,0.00718,0.52437
CVE-2024-27572,0.00718,0.52437
CVE-2024-27574,0.00611,0.47962
CVE-2024-27575,0.00765,0.53998
CVE-2024-27592,0.00511,0.42604
CVE-2024-27593,0.00276,0.20309
CVE-2024-27602,0.00443,0.37962
CVE-2024-27604,0.01038,0.6248
CVE-2024-27605,0.00443,0.37963
CVE-2024-27609,0.00492,0.41387
CVE-2024-27612,0.10706,0.95618
CVE-2024-27613,0.0046,0.39173
CVE-2024-27619,0.00843,0.56449
CVE-2024-27620,0.02344,0.82917
CVE-2024-27622,0.01981,0.79673
CVE-2024-27623,0.00435,0.37316
CVE-2024-27625,0.00411,0.3511
CVE-2024-27626,0.00429,0.36751
CVE-2024-27627,0.00424,0.36343
CVE-2024-27628,0.00735,0.53023
CVE-2024-27629,0.00204,0.10702
CVE-2024-27630,0.00819,0.55717
CVE-2024-27631,0.00417,0.35729
CVE-2024-27632,0.01272,0.68611
CVE-2024-27655,0.01216,0.67288
CVE-2024-27656,0.00617,0.48237
CVE-2024-27657,0.01205,0.66964
CVE-2024-27658,0.00644,0.49498
CVE-2024-27659,0.00644,0.49498
CVE-2024-27660,0.00644,0.49499
CVE-2024-27661,0.00427,0.36598
CVE-2024-27662,0.00427,0.36598
CVE-2024-27665,0.00429,0.36757
CVE-2024-27668,0.00413,0.35288
CVE-2024-27674,0.0031,0.24022
CVE-2024-27680,0.00404,0.34508
CVE-2024-27683,0.00879,0.57575
CVE-2024-27684,0.00507,0.42287
CVE-2024-27685,0.003,0.22854
CVE-2024-27686,0.00591,0.47012
CVE-2024-27689,0.00316,0.24782
CVE-2024-27694,0.00239,0.15278
CVE-2024-27703,0.00542,0.44479
CVE-2024-27705,0.00556,0.452
CVE-2024-27706,0.00379,0.3185
CVE-2024-27707,0.00325,0.25813
CVE-2024-27708,0.00614,0.48069
CVE-2024-27709,0.00638,0.49226
CVE-2024-27710,0.00564,0.45659
CVE-2024-27711,0.00444,0.38069
CVE-2024-27712,0.00572,0.46064
CVE-2024-27713,0.00553,0.45056
CVE-2024-27715,0.00357,0.29521
CVE-2024-27716,0.00396,0.33628
CVE-2024-27717,0.0019,0.08914
CVE-2024-27718,0.01101,0.6427
CVE-2024-27719,0.00488,0.41128
CVE-2024-27728,0.00327,0.25989
CVE-2024-27729,0.00392,0.33182
CVE-2024-27730,0.00804,0.55241
CVE-2024-27731,0.00314,0.24516
CVE-2024-27733,0.00257,0.17699
CVE-2024-27734,0.0049,0.41255
CVE-2024-27743,0.01307,0.69358
CVE-2024-27744,0.01335,0.69959
CVE-2024-27746,0.12946,0.96143
CVE-2024-27747,0.23581,0.97702
CVE-2024-27752,0.00557,0.45255
CVE-2024-27756,0.00742,0.53244
CVE-2024-27757,0.00413,0.35326
CVE-2024-27758,0.00507,0.42291
CVE-2024-27763,0.00204,0.10701
CVE-2024-27764,0.00969,0.60424
CVE-2024-27765,0.00879,0.57584
CVE-2024-27766,0.01262,0.68381
CVE-2024-27767,0.0069,0.51405
CVE-2024-27768,0.00854,0.5681
CVE-2024-27769,0.00711,0.52177
CVE-2024-27770,0.00794,0.54906
CVE-2024-27771,0.0081,0.55454
CVE-2024-27772,0.01731,0.76632
CVE-2024-27773,0.00355,0.29293
CVE-2024-27774,0.00431,0.3693
CVE-2024-27775,0.00583,0.46607
CVE-2024-27776,0.00597,0.47314
CVE-2024-27778,0.00561,0.45524
CVE-2024-27779,0.00474,0.40191
CVE-2024-27780,0.00299,0.22778
CVE-2024-27781,0.28203,0.9803
CVE-2024-27782,0.00728,0.52756
CVE-2024-27783,0.00302,0.2316
CVE-2024-27784,0.00758,0.53754
CVE-2024-27785,0.00433,0.37166
CVE-2024-27789,0.00617,0.48234
CVE-2024-27790,0.00462,0.39274
CVE-2024-27791,0.00209,0.11359
CVE-2024-27792,0.00167,0.06385
CVE-2024-27793,0.00678,0.50911
CVE-2024-27794,0.00308,0.23852
CVE-2024-27795,0.00501,0.41925
CVE-2024-27796,0.00256,0.17611
CVE-2024-27798,0.00204,0.10653
CVE-2024-27799,0.00235,0.14712
CVE-2024-27800,0.00604,0.47617
CVE-2024-27801,0.00356,0.29404
CVE-2024-27802,0.00418,0.35824
CVE-2024-27803,0.00273,0.19899
CVE-2024-27804,0.01314,0.69487
CVE-2024-27805,0.00248,0.16391
CVE-2024-27806,0.00259,0.17877
CVE-2024-27807,0.00546,0.4468
CVE-2024-27808,0.0118,0.66376
CVE-2024-27809,0.002,0.10075
CVE-2024-27810,0.00708,0.52086
CVE-2024-27811,0.00556,0.45218
CVE-2024-27812,0.01128,0.64961
CVE-2024-27813,0.00391,0.33132
CVE-2024-27814,0.00273,0.19942
CVE-2024-27815,0.02047,0.80381
CVE-2024-27816,0.00977,0.60682
CVE-2024-27817,0.00182,0.08044
CVE-2024-27818,0.00727,0.52741
CVE-2024-27819,0.00259,0.17869
CVE-2024-27820,0.01016,0.61837
CVE-2024-27821,0.00915,0.58668
CVE-2024-27822,0.01464,0.72523
CVE-2024-27823,0.00681,0.51061
CVE-2024-27824,0.00227,0.13661
CVE-2024-27825,0.0019,0.08983
CVE-2024-27826,0.00258,0.17748
CVE-2024-27827,0.00248,0.1649
CVE-2024-27828,0.00266,0.18773
CVE-2024-27829,0.00632,0.48949
CVE-2024-27830,0.0065,0.49757
CVE-2024-27831,0.003,0.22929
CVE-2024-27832,0.00587,0.46789
CVE-2024-27833,0.00819,0.55708
CVE-2024-27834,0.00598,0.47351
CVE-2024-27835,0.00254,0.17245
CVE-2024-27836,0.00383,0.32234
CVE-2024-27837,0.00176,0.07421
CVE-2024-27838,0.00732,0.52924
CVE-2024-27839,0.00206,0.11034
CVE-2024-27840,0.0025,0.16627
CVE-2024-27841,0.00441,0.37755
CVE-2024-27842,0.00327,0.261
CVE-2024-27843,0.00215,0.12167
CVE-2024-27844,0.00556,0.45211
CVE-2024-27845,0.00198,0.09932
CVE-2024-27847,0.00222,0.13028
CVE-2024-27848,0.00202,0.10493
CVE-2024-27849,0.00175,0.07231
CVE-2024-27850,0.0065,0.49756
CVE-2024-27851,0.00819,0.55708
CVE-2024-27852,0.00386,0.32529
CVE-2024-27853,0.00189,0.0874
CVE-2024-27855,0.00718,0.52427
CVE-2024-27856,0.00621,0.48453
CVE-2024-27857,0.01829,0.77935
CVE-2024-27858,0.00187,0.08549
CVE-2024-27859,0.00561,0.45524
CVE-2024-27860,0.00233,0.145
CVE-2024-27861,0.00243,0.1576
CVE-2024-27862,0.00552,0.45013
CVE-2024-27863,0.00297,0.22606
CVE-2024-27867,0.00842,0.56417
CVE-2024-27869,0.00529,0.4371
CVE-2024-27871,0.00262,0.18272
CVE-2024-27872,0.00251,0.16823
CVE-2024-27873,0.0029,0.21864
CVE-2024-27874,0.00704,0.51925
CVE-2024-27875,0.0023,0.14143
CVE-2024-27876,0.00492,0.41342
CVE-2024-27877,0.00433,0.37095
CVE-2024-27878,0.00328,0.2612
CVE-2024-27879,0.00817,0.55644
CVE-2024-27880,0.00266,0.19022
CVE-2024-27881,0.00834,0.56185
CVE-2024-27882,0.003,0.22886
CVE-2024-27883,0.00269,0.19338
CVE-2024-27884,0.00254,0.17197
CVE-2024-27885,0.00268,0.19198
CVE-2024-27886,0.00476,0.4029
CVE-2024-27887,0.00233,0.14437
CVE-2024-27888,0.00179,0.07727
CVE-2024-27889,0.08794,0.94946
CVE-2024-27890,0.0443,0.90948
CVE-2024-27891,0.00282,0.20919
CVE-2024-27892,0.00302,0.23139
CVE-2024-27894,0.01895,0.78737
CVE-2024-27895,0.00319,0.25147
CVE-2024-27896,0.00293,0.22099
CVE-2024-27897,0.00337,0.27243
CVE-2024-27898,0.00445,0.38104
CVE-2024-27899,0.00403,0.3442
CVE-2024-27900,0.00393,0.33317
CVE-2024-27901,0.00726,0.52684
CVE-2024-27902,0.00474,0.40142
CVE-2024-27903,0.08922,0.95006
CVE-2024-27905,0.01471,0.72655
CVE-2024-27906,0.00345,0.28193
CVE-2024-27907,0.00396,0.33602
CVE-2024-27908,0.00531,0.43878
CVE-2024-27909,0.00523,0.434
CVE-2024-27910,0.00545,0.44639
CVE-2024-27911,0.00486,0.40987
CVE-2024-27912,0.00547,0.44738
CVE-2024-27913,0.00323,0.25532
CVE-2024-27914,0.00815,0.55603
CVE-2024-27915,0.0045,0.38456
CVE-2024-27916,0.00666,0.50445
CVE-2024-27917,0.00611,0.4796
CVE-2024-27918,0.00965,0.60242
CVE-2024-27919,0.86746,0.99734
CVE-2024-27920,0.00411,0.35107
CVE-2024-27921,0.60585,0.99105
CVE-2024-27922,0.00823,0.5584
CVE-2024-27923,0.01357,0.70479
CVE-2024-27926,0.00521,0.43242
CVE-2024-27927,0.01044,0.62682
CVE-2024-27928,0.00278,0.20555
CVE-2024-27929,0.00353,0.28997
CVE-2024-27930,0.01139,0.65215
CVE-2024-27931,0.00491,0.41338
CVE-2024-27932,0.00594,0.47113
CVE-2024-27933,0.02276,0.82368
CVE-2024-27934,0.00392,0.33228
CVE-2024-27935,0.00722,0.52567
CVE-2024-27936,0.00943,0.59555
CVE-2024-27937,0.27137,0.97964
CVE-2024-27938,0.00664,0.50349
CVE-2024-27939,0.00792,0.54855
CVE-2024-27940,0.00781,0.54492
CVE-2024-27941,0.00781,0.54492
CVE-2024-27942,0.00687,0.51295
CVE-2024-27943,0.01258,0.6829
CVE-2024-27944,0.01406,0.71434
CVE-2024-27945,0.01352,0.70353
CVE-2024-27946,0.00908,0.58436
CVE-2024-27947,0.00571,0.46017
CVE-2024-27948,0.00221,0.12886
CVE-2024-27949,0.00342,0.27838
CVE-2024-27950,0.00372,0.31128
CVE-2024-27951,0.00603,0.47556
CVE-2024-27952,0.00397,0.33751
CVE-2024-27953,0.00402,0.34246
CVE-2024-27954,0.72766,0.99424
CVE-2024-27955,0.00274,0.20017
CVE-2024-27956,0.94057,0.99844
CVE-2024-27957,0.00612,0.48011
CVE-2024-27958,0.00445,0.38105
CVE-2024-27959,0.0037,0.30916
CVE-2024-27960,0.00331,0.26442
CVE-2024-27961,0.00334,0.26819
CVE-2024-27962,0.00397,0.33752
CVE-2024-27963,0.00317,0.24862
CVE-2024-27964,0.00606,0.47709
CVE-2024-27965,0.00339,0.27432
CVE-2024-27966,0.00338,0.27387
CVE-2024-27967,0.00227,0.13713
CVE-2024-27968,0.00186,0.08509
CVE-2024-27969,0.00312,0.24296
CVE-2024-27970,0.00305,0.23483
CVE-2024-27971,0.0146,0.7245
CVE-2024-27972,0.01626,0.75131
CVE-2024-27974,0.00201,0.10313
CVE-2024-27975,0.02616,0.84777
CVE-2024-27976,0.03237,0.87744
CVE-2024-27977,0.01807,0.77639
CVE-2024-27978,0.01728,0.76589
CVE-2024-27980,0.01411,0.71533
CVE-2024-27981,0.01158,0.65733
CVE-2024-27982,0.01155,0.65649
CVE-2024-27983,0.87211,0.99743
CVE-2024-27984,0.01758,0.76998
CVE-2024-27985,0.00376,0.31483
CVE-2024-27986,0.00333,0.2671
CVE-2024-27987,0.00354,0.29253
CVE-2024-27988,0.00312,0.24295
CVE-2024-27989,0.00312,0.24296
CVE-2024-27990,0.0032,0.2517
CVE-2024-27991,0.0032,0.25172
CVE-2024-27992,0.00394,0.33452
CVE-2024-27993,0.00373,0.31192
CVE-2024-27994,0.00398,0.33837
CVE-2024-27995,0.00334,0.26825
CVE-2024-27996,0.00336,0.27083
CVE-2024-27997,0.00342,0.27831
CVE-2024-27998,0.00375,0.31459
CVE-2024-27999,0.00375,0.31432
CVE-2024-28000,0.68266,0.99298
CVE-2024-28001,0.00375,0.31431
CVE-2024-28002,0.00375,0.31431
CVE-2024-28003,0.00324,0.25703
CVE-2024-28004,0.00358,0.296
CVE-2024-28005,0.00481,0.40656
CVE-2024-28006,0.00486,0.40956
CVE-2024-28007,0.0065,0.49782
CVE-2024-28008,0.00624,0.48568
CVE-2024-28009,0.0065,0.49782
CVE-2024-28010,0.00577,0.46286
CVE-2024-28011,0.00624,0.48568
CVE-2024-28012,0.00743,0.53281
CVE-2024-28013,0.00436,0.37383
CVE-2024-28014,0.00689,0.51351
CVE-2024-28015,0.00674,0.50757
CVE-2024-28016,0.00483,0.40771
CVE-2024-28020,0.00367,0.30575
CVE-2024-28021,0.00268,0.19264
CVE-2024-28022,0.00358,0.29628
CVE-2024-28023,0.00167,0.06371
CVE-2024-28024,0.0011,0.01421
CVE-2024-28025,0.07455,0.94192
CVE-2024-28026,0.06004,0.9301
CVE-2024-28027,0.07455,0.94192
CVE-2024-28028,0.00309,0.23886
CVE-2024-28029,0.0065,0.49766
CVE-2024-28030,0.00178,0.07552
CVE-2024-28033,0.01019,0.61926
CVE-2024-28034,0.00293,0.22194
CVE-2024-28036,0.00139,0.03663
CVE-2024-28038,0.02591,0.84636
CVE-2024-28039,0.00726,0.5268
CVE-2024-28040,0.08484,0.94786
CVE-2024-28041,0.0062,0.484
CVE-2024-28042,0.00209,0.11384
CVE-2024-28044,0.00142,0.03921
CVE-2024-28045,0.00293,0.22194
CVE-2024-28046,0.00139,0.03677
CVE-2024-28047,0.00252,0.16994
CVE-2024-28048,0.01273,0.68629
CVE-2024-28049,0.00243,0.15753
CVE-2024-28050,0.00129,0.02874
CVE-2024-28051,0.00186,0.0841
CVE-2024-28052,0.00703,0.51872
CVE-2024-28053,0.00507,0.42311
CVE-2024-28054,0.00826,0.55941
CVE-2024-28056,0.01665,0.75706
CVE-2024-28058,0.00362,0.30098
CVE-2024-28060,0.00178,0.07605
CVE-2024-28061,0.00299,0.22804
CVE-2024-28063,0.00269,0.19324
CVE-2024-28064,0.00856,0.56895
CVE-2024-28065,0.0023,0.14082
CVE-2024-28066,0.00448,0.38323
CVE-2024-28067,0.00251,0.16808
CVE-2024-28068,0.0023,0.14134
CVE-2024-28069,0.00573,0.46115
CVE-2024-28070,0.00447,0.38305
CVE-2024-28072,0.00638,0.49208
CVE-2024-28073,0.0112,0.64754
CVE-2024-28074,0.10917,0.95682
CVE-2024-28075,0.78028,0.99554
CVE-2024-28076,0.00341,0.27775
CVE-2024-28077,0.00431,0.36871
CVE-2024-28084,0.00937,0.59366
CVE-2024-28085,0.02242,0.82124
CVE-2024-28087,0.00316,0.24728
CVE-2024-28088,0.0174,0.76751
CVE-2024-28089,0.00658,0.50133
CVE-2024-28090,0.03554,0.88811
CVE-2024-28091,0.00411,0.35094
CVE-2024-28092,0.00529,0.43734
CVE-2024-28093,0.00471,0.39908
CVE-2024-28094,0.00552,0.45028
CVE-2024-28095,0.00331,0.26526
CVE-2024-28096,0.00367,0.3052
CVE-2024-28097,0.00367,0.3052
CVE-2024-28098,0.01701,0.76228
CVE-2024-28099,0.00188,0.08683
CVE-2024-28100,0.00334,0.26833
CVE-2024-28101,0.0077,0.54154
CVE-2024-28102,0.0098,0.60761
CVE-2024-28103,0.00658,0.50098
CVE-2024-28105,0.01476,0.72741
CVE-2024-28106,0.00542,0.44499
CVE-2024-28107,0.00968,0.604
CVE-2024-28108,0.00539,0.44301
CVE-2024-28109,0.01033,0.62309
CVE-2024-28110,0.00661,0.50255
CVE-2024-28111,0.00634,0.49013
CVE-2024-28112,0.00323,0.25593
CVE-2024-28113,0.00406,0.34655
CVE-2024-28114,0.0133,0.69849
CVE-2024-28115,0.0024,0.15331
CVE-2024-28116,0.0576,0.92748
CVE-2024-28117,0.01394,0.71208
CVE-2024-28118,0.0122,0.67371
CVE-2024-28119,0.01584,0.74509
CVE-2024-28120,0.00647,0.49615
CVE-2024-28121,0.01555,0.74092
CVE-2024-28122,0.0057,0.45974
CVE-2024-28123,0.00798,0.55022
CVE-2024-28125,0.00992,0.61093
CVE-2024-28126,0.00313,0.24491
CVE-2024-28127,0.00254,0.17209
CVE-2024-28128,0.0057,0.45944
CVE-2024-28130,0.01692,0.76118
CVE-2024-28131,0.00188,0.08648
CVE-2024-28132,0.00166,0.0631
CVE-2024-28133,0.0038,0.31893
CVE-2024-28134,0.00492,0.41388
CVE-2024-28135,0.01265,0.68459
CVE-2024-28136,0.0075,0.53507
CVE-2024-28137,0.00252,0.16992
CVE-2024-28138,0.00939,0.5942
CVE-2024-28139,0.00721,0.52513
CVE-2024-28140,0.00301,0.23053
CVE-2024-28141,0.00369,0.3076
CVE-2024-28142,0.00464,0.39467
CVE-2024-28143,0.00266,0.18769
CVE-2024-28144,0.00246,0.16227
CVE-2024-28145,0.00532,0.43932
CVE-2024-28146,0.00266,0.18769
CVE-2024-28147,0.00831,0.56072
CVE-2024-28148,0.00705,0.51945
CVE-2024-28149,0.00698,0.517
CVE-2024-28150,0.00681,0.51045
CVE-2024-28151,0.00939,0.5942
CVE-2024-28152,0.00556,0.45202
CVE-2024-28153,0.00693,0.51525
CVE-2024-28154,0.00679,0.50977
CVE-2024-28155,0.0045,0.38455
CVE-2024-28156,0.80173,0.99599
CVE-2024-28157,0.01253,0.6817
CVE-2024-28158,0.00318,0.24984
CVE-2024-28159,0.00495,0.41612
CVE-2024-28160,0.01129,0.64977
CVE-2024-28161,0.00417,0.3566
CVE-2024-28162,0.00337,0.27184
CVE-2024-28163,0.00446,0.38177
CVE-2024-28164,0.00326,0.25973
CVE-2024-28165,0.00565,0.45726
CVE-2024-28166,0.00345,0.28125
CVE-2024-28167,0.00364,0.30309
CVE-2024-28168,0.01038,0.62497
CVE-2024-28169,0.00148,0.0438
CVE-2024-28170,0.00153,0.04856
CVE-2024-28171,0.00646,0.49567
CVE-2024-28172,0.00144,0.04032
CVE-2024-28173,0.0053,0.43778
CVE-2024-28174,0.00336,0.27059
CVE-2024-28175,0.00654,0.4996
CVE-2024-28176,0.02102,0.8093
CVE-2024-28179,0.0103,0.62254
CVE-2024-28180,0.01956,0.79421
CVE-2024-28181,0.00796,0.54958
CVE-2024-28182,0.8496,0.99702
CVE-2024-28183,0.00223,0.13202
CVE-2024-28184,0.00628,0.48776
CVE-2024-28185,0.07057,0.93921
CVE-2024-28186,0.00554,0.45104
CVE-2024-28187,0.01618,0.75005
CVE-2024-28188,0.00331,0.26492
CVE-2024-28189,0.07211,0.94042
CVE-2024-28190,0.00502,0.42005
CVE-2024-28191,0.00501,0.41966
CVE-2024-28192,0.00603,0.47568
CVE-2024-28193,0.0064,0.49311
CVE-2024-28194,0.00823,0.55832
CVE-2024-28195,0.0037,0.30865
CVE-2024-28196,0.00436,0.37403
CVE-2024-28197,0.00335,0.27049
CVE-2024-28198,0.00431,0.36972
CVE-2024-28199,0.00604,0.47609
CVE-2024-28200,0.01946,0.79323
CVE-2024-28211,0.0079,0.54786
CVE-2024-28212,0.01017,0.61873
CVE-2024-28213,0.01189,0.66594
CVE-2024-28214,0.00605,0.47667
CVE-2024-28215,0.00547,0.44747
CVE-2024-28216,0.00333,0.26702
CVE-2024-28219,0.00997,0.6127
CVE-2024-28222,0.00989,0.61036
CVE-2024-28224,0.00334,0.26926
CVE-2024-28226,0.0061,0.47887
CVE-2024-28228,0.00483,0.4078
CVE-2024-28229,0.0052,0.43185
CVE-2024-28230,0.0052,0.43185
CVE-2024-28231,0.00942,0.59506
CVE-2024-28232,0.00618,0.48303
CVE-2024-28233,0.00329,0.26247
CVE-2024-28234,0.00572,0.46065
CVE-2024-28235,0.00708,0.52069
CVE-2024-28236,0.00716,0.5235
CVE-2024-28237,0.00439,0.37577
CVE-2024-28238,0.00245,0.15999
CVE-2024-28239,0.00583,0.46575
CVE-2024-28240,0.00224,0.13304
CVE-2024-28241,0.00217,0.12417
CVE-2024-28242,0.00493,0.41451
CVE-2024-28243,0.01414,0.71598
CVE-2024-28244,0.02155,0.81388
CVE-2024-28245,0.00406,0.34655
CVE-2024-28246,0.00406,0.34654
CVE-2024-28247,0.01414,0.71585
CVE-2024-28248,0.0062,0.48363
CVE-2024-28249,0.00271,0.1955
CVE-2024-28250,0.00172,0.06874
CVE-2024-28251,0.00239,0.15215
CVE-2024-28252,0.00579,0.4638
CVE-2024-28253,0.12527,0.96048
CVE-2024-28254,0.45725,0.98747
CVE-2024-28255,0.73255,0.99436
CVE-2024-28265,0.00459,0.39125
CVE-2024-28269,0.00951,0.59801
CVE-2024-28270,0.00427,0.36575
CVE-2024-28275,0.00321,0.25381
CVE-2024-28276,0.00286,0.21381
CVE-2024-28277,0.00362,0.30002
CVE-2024-28279,0.00322,0.25429
CVE-2024-28283,0.00465,0.39495
CVE-2024-28285,0.00505,0.4221
CVE-2024-28286,0.00741,0.53213
CVE-2024-28287,0.0041,0.35028
CVE-2024-28288,0.00724,0.52642
CVE-2024-28294,0.00595,0.4715
CVE-2024-28297,0.00377,0.31567
CVE-2024-28298,0.00458,0.39056
CVE-2024-28303,0.00519,0.43135
CVE-2024-28318,0.00528,0.43665
CVE-2024-28319,0.00243,0.1581
CVE-2024-28320,0.00528,0.43694
CVE-2024-28322,0.0079,0.54796
CVE-2024-28323,0.00411,0.3504
CVE-2024-28325,0.00146,0.042
CVE-2024-28326,0.00274,0.20084
CVE-2024-28327,0.00142,0.03838
CVE-2024-28328,0.00373,0.31258
CVE-2024-28335,0.00849,0.56624
CVE-2024-28338,0.00614,0.48068
CVE-2024-28339,0.00428,0.36658
CVE-2024-28340,0.00635,0.49071
CVE-2024-28344,0.00463,0.39401
CVE-2024-28345,0.0042,0.35999
CVE-2024-28353,0.02121,0.81092
CVE-2024-28354,0.02218,0.81914
CVE-2024-28383,0.00818,0.55678
CVE-2024-28386,0.01462,0.7249
CVE-2024-28387,0.00448,0.38361
CVE-2024-28388,0.00832,0.56118
CVE-2024-28389,0.00831,0.56086
CVE-2024-28390,0.0063,0.48853
CVE-2024-28391,0.00563,0.45652
CVE-2024-28392,0.00619,0.48327
CVE-2024-28393,0.00685,0.51216
CVE-2024-28394,0.01178,0.66327
CVE-2024-28395,0.00685,0.51217
CVE-2024-28396,0.00826,0.55914
CVE-2024-28397,0.04548,0.91171
CVE-2024-28401,0.00389,0.32915
CVE-2024-28402,0.00428,0.36633
CVE-2024-28403,0.00389,0.32915
CVE-2024-28404,0.0048,0.40598
CVE-2024-28405,0.00801,0.5513
CVE-2024-28417,0.00347,0.2841
CVE-2024-28418,0.0044,0.37726
CVE-2024-28421,0.0083,0.56058
CVE-2024-28423,0.00779,0.54441
CVE-2024-28424,0.00713,0.52228
CVE-2024-28425,0.00566,0.45778
CVE-2024-28429,0.00205,0.10755
CVE-2024-28430,0.00219,0.12675
CVE-2024-28431,0.00332,0.26621
CVE-2024-28432,0.00347,0.28367
CVE-2024-28434,0.00674,0.50759
CVE-2024-28435,0.00411,0.35092
CVE-2024-28436,0.00615,0.48128
CVE-2024-28441,0.01234,0.67727
CVE-2024-28442,0.00844,0.56478
CVE-2024-28446,0.00512,0.42683
CVE-2024-28447,0.00518,0.4308
CVE-2024-28456,0.00698,0.517
CVE-2024-28458,0.00713,0.52224
CVE-2024-28515,0.01525,0.73578
CVE-2024-28519,0.00183,0.08113
CVE-2024-28520,0.00172,0.06934
CVE-2024-28521,0.00329,0.26246
CVE-2024-28535,0.00754,0.53616
CVE-2024-28537,0.00776,0.54348
CVE-2024-28545,0.02302,0.82583
CVE-2024-28547,0.00496,0.41644
CVE-2024-28550,0.00392,0.3315
CVE-2024-28551,0.0084,0.56362
CVE-2024-28553,0.00775,0.54324
CVE-2024-28556,0.01233,0.67722
CVE-2024-28557,0.01233,0.67721
CVE-2024-28558,0.01163,0.65876
CVE-2024-28559,0.00808,0.55374
CVE-2024-28560,0.00459,0.39083
CVE-2024-28562,0.00467,0.39627
CVE-2024-28563,0.0046,0.39151
CVE-2024-28564,0.00459,0.39119
CVE-2024-28565,0.00434,0.3722
CVE-2024-28566,0.00356,0.29433
CVE-2024-28567,0.00292,0.22095
CVE-2024-28568,0.00292,0.22095
CVE-2024-28569,0.00343,0.27919
CVE-2024-28570,0.00281,0.20824
CVE-2024-28571,0.00281,0.20825
CVE-2024-28572,0.00281,0.20813
CVE-2024-28573,0.00291,0.21985
CVE-2024-28574,0.00287,0.21526
CVE-2024-28575,0.00284,0.21156
CVE-2024-28576,0.0028,0.20712
CVE-2024-28577,0.00286,0.21364
CVE-2024-28578,0.00355,0.29328
CVE-2024-28579,0.00291,0.21984
CVE-2024-28580,0.00355,0.29328
CVE-2024-28581,0.00355,0.29327
CVE-2024-28582,0.00356,0.29433
CVE-2024-28583,0.00369,0.30838
CVE-2024-28584,0.00409,0.34902
CVE-2024-28589,0.00342,0.27804
CVE-2024-28593,0.00551,0.44957
CVE-2024-28595,0.01229,0.67625
CVE-2024-28607,0.00146,0.04251
CVE-2024-28613,0.0063,0.48826
CVE-2024-28623,0.01317,0.69577
CVE-2024-28627,0.00433,0.37133
CVE-2024-28635,0.00508,0.42399
CVE-2024-28639,0.01239,0.67818
CVE-2024-28640,0.14182,0.96418
CVE-2024-28662,0.00434,0.37214
CVE-2024-28665,0.00323,0.25608
CVE-2024-28666,0.00195,0.09487
CVE-2024-28667,0.00209,0.11375
CVE-2024-28668,0.00383,0.32254
CVE-2024-28669,0.00244,0.15908
CVE-2024-28670,0.00242,0.15639
CVE-2024-28671,0.00876,0.57509
CVE-2024-28672,0.00229,0.13954
CVE-2024-28673,0.00371,0.30976
CVE-2024-28675,0.00316,0.24808
CVE-2024-28676,0.00472,0.39993
CVE-2024-28677,0.00237,0.14978
CVE-2024-28678,0.00233,0.14494
CVE-2024-28679,0.00472,0.39993
CVE-2024-28680,0.00482,0.40711
CVE-2024-28681,0.00242,0.1564
CVE-2024-28682,0.00233,0.14493
CVE-2024-28683,0.00472,0.39993
CVE-2024-28684,0.00323,0.25607
CVE-2024-28698,0.01493,0.73037
CVE-2024-28699,0.00371,0.30971
CVE-2024-28709,0.00567,0.45825
CVE-2024-28710,0.00567,0.45825
CVE-2024-28713,0.01349,0.70275
CVE-2024-28714,0.00849,0.56638
CVE-2024-28715,0.01071,0.63453
CVE-2024-28716,0.01365,0.70621
CVE-2024-28717,0.00892,0.57953
CVE-2024-28718,0.01063,0.63218
CVE-2024-28722,0.00463,0.39386
CVE-2024-28725,0.00351,0.28815
CVE-2024-28726,0.08323,0.94694
CVE-2024-28728,0.00506,0.42282
CVE-2024-28729,0.00605,0.47652
CVE-2024-28730,0.00335,0.26971
CVE-2024-28731,0.00239,0.15309
CVE-2024-28732,0.0082,0.55749
CVE-2024-28734,0.01791,0.77425
CVE-2024-28735,0.0072,0.525
CVE-2024-28736,0.02531,0.84241
CVE-2024-28739,0.18921,0.97173
CVE-2024-28740,0.00713,0.52242
CVE-2024-28741,0.78158,0.99556
CVE-2024-28744,0.00298,0.22733
CVE-2024-28745,0.00176,0.07339
CVE-2024-28746,0.01344,0.70169
CVE-2024-28747,0.00652,0.49869
CVE-2024-28748,0.00766,0.5403
CVE-2024-28749,0.00766,0.5403
CVE-2024-28750,0.00766,0.54031
CVE-2024-28751,0.00592,0.47035
CVE-2024-28752,0.02468,0.83805
CVE-2024-28753,0.00689,0.51375
CVE-2024-28754,0.00856,0.5688
CVE-2024-28755,0.00406,0.3468
CVE-2024-28756,0.00211,0.11675
CVE-2024-28757,0.02006,0.79979
CVE-2024-28759,0.00249,0.16528
CVE-2024-28760,0.00457,0.38969
CVE-2024-28761,0.0033,0.26346
CVE-2024-28762,0.00572,0.46087
CVE-2024-28764,0.00248,0.16392
CVE-2024-28765,0.00385,0.32411
CVE-2024-28766,0.00315,0.24617
CVE-2024-28767,0.00653,0.49908
CVE-2024-28770,0.00182,0.08036
CVE-2024-28771,0.00182,0.08036
CVE-2024-28772,0.00283,0.21081
CVE-2024-28775,0.00362,0.30102
CVE-2024-28776,0.00223,0.13164
CVE-2024-28777,0.00609,0.47859
CVE-2024-28778,0.00513,0.4271
CVE-2024-28780,0.00201,0.10314
CVE-2024-28781,0.00276,0.20323
CVE-2024-28782,0.00365,0.30334
CVE-2024-28784,0.0034,0.27661
CVE-2024-28786,0.00154,0.04867
CVE-2024-28787,0.00815,0.55579
CVE-2024-28793,0.00327,0.26006
CVE-2024-28794,0.00261,0.18168
CVE-2024-28795,0.003,0.22901
CVE-2024-28796,0.00256,0.17586
CVE-2024-28797,0.00261,0.18169
CVE-2024-28798,0.00338,0.27329
CVE-2024-28799,0.00301,0.22974
CVE-2024-28803,0.00347,0.284
CVE-2024-28804,0.00302,0.23157
CVE-2024-28805,0.00359,0.29706
CVE-2024-28806,0.00591,0.46988
CVE-2024-28807,0.00114,0.01725
CVE-2024-28808,0.0036,0.2988
CVE-2024-28809,0.00174,0.07117
CVE-2024-28810,0.00227,0.13675
CVE-2024-28811,0.00342,0.27831
CVE-2024-28812,0.00298,0.22666
CVE-2024-28813,0.00236,0.14935
CVE-2024-28815,0.00921,0.58816
CVE-2024-28816,0.00463,0.39361
CVE-2024-28818,0.00317,0.249
CVE-2024-28820,0.00421,0.3607
CVE-2024-28823,0.00386,0.32572
CVE-2024-28824,0.0018,0.07764
CVE-2024-28825,0.00521,0.43238
CVE-2024-28826,0.00479,0.40521
CVE-2024-28827,0.00169,0.06643
CVE-2024-28828,0.00249,0.16557
CVE-2024-28829,0.00178,0.07583
CVE-2024-28830,0.00337,0.2725
CVE-2024-28831,0.00343,0.27904
CVE-2024-28832,0.00337,0.27273
CVE-2024-28833,0.00395,0.33574
CVE-2024-28834,0.00724,0.52627
CVE-2024-28835,0.00389,0.32911
CVE-2024-28836,0.00411,0.35097
CVE-2024-28847,0.02372,0.83115
CVE-2024-28848,0.07888,0.94458
CVE-2024-28849,0.01044,0.62686
CVE-2024-28850,0.00165,0.06122
CVE-2024-28851,0.00252,0.16957
CVE-2024-28852,0.00516,0.42973
CVE-2024-28853,0.00551,0.44952
CVE-2024-28854,0.00964,0.60225
CVE-2024-28855,0.00779,0.5443
CVE-2024-28859,0.01485,0.72905
CVE-2024-28860,0.00172,0.06943
CVE-2024-28861,0.01534,0.73719
CVE-2024-28862,0.00176,0.07394
CVE-2024-28863,0.00929,0.591
CVE-2024-28864,0.00328,0.26135
CVE-2024-28865,0.0061,0.47876
CVE-2024-28866,0.00419,0.35859
CVE-2024-28867,0.00645,0.49542
CVE-2024-28868,0.00452,0.38655
CVE-2024-28869,0.01046,0.62738
CVE-2024-28870,0.00586,0.46764
CVE-2024-28871,0.00841,0.56382
CVE-2024-28872,0.00293,0.22153
CVE-2024-28875,0.00686,0.5126
CVE-2024-28876,0.00144,0.04017
CVE-2024-28877,0.0068,0.51026
CVE-2024-28878,0.00274,0.20055
CVE-2024-28880,0.00648,0.4969
CVE-2024-28881,0.00165,0.06124
CVE-2024-28882,0.00665,0.50393
CVE-2024-28883,0.00205,0.10814
CVE-2024-28885,0.00429,0.36774
CVE-2024-28886,0.00663,0.50325
CVE-2024-28887,0.0014,0.03694
CVE-2024-28888,0.02075,0.80658
CVE-2024-28889,0.00443,0.3797
CVE-2024-28890,0.00708,0.52077
CVE-2024-28891,0.08484,0.94785
CVE-2024-28892,0.06455,0.93429
CVE-2024-28893,0.00278,0.20546
CVE-2024-28894,0.00539,0.44305
CVE-2024-28895,0.00314,0.24531
CVE-2024-28896,0.00951,0.59812
CVE-2024-28897,0.00869,0.57266
CVE-2024-28898,0.00813,0.55527
CVE-2024-28899,0.01162,0.65865
CVE-2024-28900,0.00674,0.50755
CVE-2024-28901,0.00674,0.50755
CVE-2024-28902,0.00755,0.53668
CVE-2024-28903,0.00733,0.52959
CVE-2024-28904,0.00492,0.41347
CVE-2024-28905,0.00468,0.39711
CVE-2024-28906,0.02415,0.8343
CVE-2024-28907,0.00575,0.46214
CVE-2024-28908,0.02356,0.83012
CVE-2024-28909,0.02415,0.8343
CVE-2024-28910,0.02812,0.85929
CVE-2024-28911,0.02213,0.81881
CVE-2024-28912,0.02268,0.82302
CVE-2024-28913,0.02294,0.82518
CVE-2024-28914,0.02351,0.82967
CVE-2024-28915,0.02213,0.81881
CVE-2024-28916,0.00646,0.496
CVE-2024-28917,0.00888,0.57825
CVE-2024-28919,0.00611,0.47928
CVE-2024-28920,0.00715,0.52311
CVE-2024-28921,0.00734,0.52991
CVE-2024-28922,0.00721,0.52521
CVE-2024-28923,0.00483,0.40809
CVE-2024-28924,0.00567,0.45823
CVE-2024-28925,0.01241,0.67892
CVE-2024-28926,0.02268,0.82302
CVE-2024-28927,0.02351,0.82967
CVE-2024-28928,0.01611,0.74898
CVE-2024-28929,0.02399,0.83304
CVE-2024-28930,0.02356,0.83013
CVE-2024-28931,0.02415,0.8343
CVE-2024-28932,0.02415,0.83429
CVE-2024-28933,0.02415,0.83431
CVE-2024-28934,0.02415,0.83431
CVE-2024-28935,0.02356,0.83013
CVE-2024-28936,0.02415,0.8343
CVE-2024-28937,0.0233,0.82802
CVE-2024-28938,0.0233,0.82802
CVE-2024-28939,0.02268,0.82303
CVE-2024-28940,0.02351,0.82967
CVE-2024-28941,0.02259,0.82236
CVE-2024-28942,0.02351,0.82966
CVE-2024-28943,0.02351,0.82966
CVE-2024-28944,0.02351,0.82965
CVE-2024-28945,0.02268,0.82302
CVE-2024-28947,0.00182,0.0808
CVE-2024-28948,0.00217,0.1246
CVE-2024-28949,0.00562,0.45552
CVE-2024-28950,0.00175,0.07225
CVE-2024-28951,0.00182,0.08051
CVE-2024-28952,0.00174,0.07204
CVE-2024-28953,0.00143,0.03968
CVE-2024-28954,0.00134,0.03265
CVE-2024-28955,0.01312,0.69464
CVE-2024-28956,0.00413,0.35287
CVE-2024-28957,0.00761,0.53856
CVE-2024-28960,0.00847,0.56582
CVE-2024-28961,0.0015,0.04555
CVE-2024-28962,0.00381,0.3197
CVE-2024-28963,0.0022,0.12703
CVE-2024-28964,0.00357,0.29521
CVE-2024-28965,0.00349,0.28591
CVE-2024-28966,0.00349,0.2859
CVE-2024-28967,0.00349,0.28591
CVE-2024-28968,0.00349,0.2859
CVE-2024-28969,0.00424,0.36344
CVE-2024-28970,0.00137,0.03451
CVE-2024-28971,0.0025,0.16638
CVE-2024-28972,0.00278,0.2053
CVE-2024-28973,0.00242,0.15712
CVE-2024-28974,0.00128,0.02822
CVE-2024-28976,0.00245,0.16034
CVE-2024-28977,0.00227,0.13757
CVE-2024-28978,0.0044,0.37678
CVE-2024-28979,0.00257,0.17699
CVE-2024-28980,0.00553,0.45088
CVE-2024-28981,0.00271,0.19538
CVE-2024-28982,0.00379,0.31849
CVE-2024-28983,0.00292,0.22049
CVE-2024-28984,0.00254,0.17173
CVE-2024-28986,0.84628,0.99694
CVE-2024-28987,0.93299,0.99833
CVE-2024-28988,0.39351,0.98542
CVE-2024-28989,0.00285,0.21267
CVE-2024-28990,0.00474,0.40175
CVE-2024-28991,0.03085,0.8714
CVE-2024-28992,0.01893,0.78713
CVE-2024-28993,0.00955,0.59908
CVE-2024-28995,0.99614,0.99948
CVE-2024-28996,0.00349,0.28551
CVE-2024-28999,0.13913,0.96372
CVE-2024-29000,0.00463,0.39403
CVE-2024-29001,0.0059,0.46954
CVE-2024-29003,0.00696,0.51617
CVE-2024-29004,0.0032,0.25186
CVE-2024-29006,0.00874,0.57448
CVE-2024-29007,0.00785,0.54628
CVE-2024-29008,0.00619,0.48321
CVE-2024-29009,0.00231,0.14261
CVE-2024-29010,0.00621,0.48441
CVE-2024-29011,0.00884,0.57704
CVE-2024-29012,0.00539,0.44328
CVE-2024-29013,0.00638,0.49215
CVE-2024-29014,0.01864,0.78382
CVE-2024-29015,0.0014,0.03694
CVE-2024-29018,0.0075,0.53514
CVE-2024-29019,0.00269,0.19269
CVE-2024-29020,0.00292,0.2205
CVE-2024-29021,0.20179,0.97348
CVE-2024-29022,0.00698,0.51695
CVE-2024-29023,0.00802,0.55176
CVE-2024-29024,0.00235,0.14811
CVE-2024-29025,0.0138,0.70942
CVE-2024-29026,0.00415,0.35521
CVE-2024-29027,0.01188,0.66559
CVE-2024-29028,0.01049,0.62806
CVE-2024-29029,0.0108,0.6368
CVE-2024-29030,0.01135,0.65104
CVE-2024-29031,0.00959,0.60043
CVE-2024-29032,0.00372,0.31142
CVE-2024-29033,0.00589,0.46887
CVE-2024-29034,0.0044,0.37717
CVE-2024-29035,0.00431,0.36934
CVE-2024-29036,0.0057,0.45939
CVE-2024-29037,0.00605,0.47685
CVE-2024-29038,0.0037,0.30897
CVE-2024-29039,0.00984,0.60878
CVE-2024-29040,0.00327,0.26062
CVE-2024-29041,0.00786,0.54651
CVE-2024-29042,0.0065,0.4975
CVE-2024-29043,0.02351,0.82965
CVE-2024-29044,0.02351,0.82966
CVE-2024-29045,0.01777,0.77264
CVE-2024-29046,0.02351,0.82966
CVE-2024-29047,0.02351,0.82965
CVE-2024-29048,0.02351,0.82965
CVE-2024-29049,0.00664,0.50344
CVE-2024-29050,0.0125,0.68106
CVE-2024-29052,0.00582,0.46518
CVE-2024-29053,0.03199,0.87587
CVE-2024-29054,0.02291,0.82492
CVE-2024-29055,0.02291,0.82492
CVE-2024-29056,0.01014,0.61791
CVE-2024-29057,0.00994,0.61156
CVE-2024-29059,0.98624,0.99922
CVE-2024-29060,0.00892,0.57941
CVE-2024-29061,0.00655,0.49977
CVE-2024-29062,0.00741,0.53203
CVE-2024-29063,0.00775,0.54311
CVE-2024-29064,0.00731,0.5288
CVE-2024-29066,0.01344,0.70178
CVE-2024-29068,0.00212,0.11753
CVE-2024-29069,0.00228,0.13851
CVE-2024-29070,0.00788,0.54749
CVE-2024-29071,0.00361,0.29983
CVE-2024-29072,0.00464,0.39419
CVE-2024-29073,0.11826,0.95901
CVE-2024-29074,0.00182,0.08051
CVE-2024-29075,0.00203,0.10576
CVE-2024-29076,0.00178,0.07634
CVE-2024-29077,0.00152,0.04745
CVE-2024-29078,0.00402,0.34216
CVE-2024-29079,0.00199,0.10073
CVE-2024-29080,0.0012,0.02127
CVE-2024-29082,0.00797,0.55016
CVE-2024-29083,0.00152,0.0476
CVE-2024-29085,0.00234,0.14569
CVE-2024-29086,0.00155,0.05041
CVE-2024-29089,0.0032,0.25227
CVE-2024-29090,0.00885,0.57733
CVE-2024-29091,0.00354,0.29175
CVE-2024-29092,0.00398,0.338
CVE-2024-29093,0.00202,0.10428
CVE-2024-29094,0.00398,0.33801
CVE-2024-29095,0.00322,0.25502
CVE-2024-29096,0.00331,0.26538
CVE-2024-29097,0.00376,0.31524
CVE-2024-29098,0.00312,0.24351
CVE-2024-29099,0.00398,0.33801
CVE-2024-29100,0.00644,0.49488
CVE-2024-29101,0.00394,0.33463
CVE-2024-29102,0.00331,0.26446
CVE-2024-29103,0.00334,0.26819
CVE-2024-29104,0.00312,0.2435
CVE-2024-29105,0.00339,0.27426
CVE-2024-29106,0.00316,0.24785
CVE-2024-29107,0.00317,0.24904
CVE-2024-29108,0.00316,0.24785
CVE-2024-29109,0.00307,0.23646
CVE-2024-29110,0.00419,0.35857
CVE-2024-29111,0.0034,0.27541
CVE-2024-29112,0.00356,0.29438
CVE-2024-29113,0.00422,0.36162
CVE-2024-29114,0.00337,0.27191
CVE-2024-29115,0.00337,0.27191
CVE-2024-29116,0.00376,0.31473
CVE-2024-29117,0.00398,0.33798
CVE-2024-29118,0.00331,0.26535
CVE-2024-29119,0.00142,0.03834
CVE-2024-29120,0.00282,0.21023
CVE-2024-29121,0.00376,0.31473
CVE-2024-29122,0.0034,0.2754
CVE-2024-29123,0.00422,0.36162
CVE-2024-29124,0.00375,0.31451
CVE-2024-29125,0.00398,0.33881
CVE-2024-29126,0.00392,0.33244
CVE-2024-29127,0.00438,0.37534
CVE-2024-29128,0.00382,0.32177
CVE-2024-29129,0.00372,0.31145
CVE-2024-29130,0.00398,0.33798
CVE-2024-29131,0.02054,0.8045
CVE-2024-29133,0.01727,0.7657
CVE-2024-29134,0.0034,0.27602
CVE-2024-29135,0.00663,0.50321
CVE-2024-29136,0.00626,0.48698
CVE-2024-29137,0.00617,0.48212
CVE-2024-29138,0.00617,0.48213
CVE-2024-29139,0.00354,0.29172
CVE-2024-29140,0.00339,0.27421
CVE-2024-29141,0.00294,0.22207
CVE-2024-29142,0.00354,0.29171
CVE-2024-29143,0.00331,0.26535
CVE-2024-29146,0.00835,0.562
CVE-2024-29149,0.00203,0.10565
CVE-2024-29150,0.00483,0.40768
CVE-2024-29151,0.00316,0.24767
CVE-2024-29152,0.00377,0.31603
CVE-2024-29153,0.00408,0.34827
CVE-2024-29154,0.00351,0.28842
CVE-2024-29155,0.00234,0.14646
CVE-2024-29156,0.00746,0.53369
CVE-2024-29157,0.00899,0.58154
CVE-2024-29158,0.00223,0.13133
CVE-2024-29159,0.00917,0.58713
CVE-2024-29160,0.00223,0.13132
CVE-2024-29161,0.0086,0.56996
CVE-2024-29162,0.00223,0.13132
CVE-2024-29163,0.00223,0.13132
CVE-2024-29164,0.00858,0.56936
CVE-2024-29165,0.00234,0.14534
CVE-2024-29166,0.00213,0.11959
CVE-2024-29167,0.00704,0.51907
CVE-2024-29168,0.0047,0.39838
CVE-2024-29169,0.00435,0.37321
CVE-2024-29170,0.00263,0.18479
CVE-2024-29171,0.00333,0.26714
CVE-2024-29172,0.00453,0.38675
CVE-2024-29173,0.00349,0.28628
CVE-2024-29174,0.00199,0.09951
CVE-2024-29175,0.0026,0.18019
CVE-2024-29176,0.00642,0.49381
CVE-2024-29177,0.00296,0.22499
CVE-2024-29178,0.01239,0.67833
CVE-2024-29179,0.00508,0.42437
CVE-2024-29180,0.01226,0.67545
CVE-2024-29181,0.00385,0.32394
CVE-2024-29182,0.00338,0.27297
CVE-2024-29183,0.00403,0.34346
CVE-2024-29184,0.00861,0.57031
CVE-2024-29185,0.01731,0.76634
CVE-2024-29186,0.00669,0.50537
CVE-2024-29187,0.00463,0.39386
CVE-2024-29188,0.00242,0.15645
CVE-2024-29189,0.00337,0.27165
CVE-2024-29190,0.00718,0.52416
CVE-2024-29191,0.00447,0.38297
CVE-2024-29192,0.00471,0.39951
CVE-2024-29193,0.00453,0.3869
CVE-2024-29194,0.00702,0.51865
CVE-2024-29195,0.04967,0.91812
CVE-2024-29196,0.00587,0.46803
CVE-2024-29197,0.00713,0.52252
CVE-2024-29198,0.02296,0.82527
CVE-2024-29199,0.00628,0.48763
CVE-2024-29200,0.00644,0.495
CVE-2024-29201,0.05939,0.92941
CVE-2024-29202,0.05939,0.92941
CVE-2024-29203,0.00713,0.5222
CVE-2024-29204,0.04308,0.90725
CVE-2024-29205,0.01581,0.74472
CVE-2024-29206,0.0044,0.37687
CVE-2024-29207,0.00325,0.25851
CVE-2024-29208,0.00341,0.27712
CVE-2024-29209,0.00374,0.31301
CVE-2024-29210,0.00178,0.07616
CVE-2024-29211,0.00298,0.22715
CVE-2024-29212,0.01551,0.74031
CVE-2024-29213,0.00225,0.1341
CVE-2024-29214,0.00254,0.17208
CVE-2024-29215,0.00244,0.15881
CVE-2024-29216,0.00179,0.07686
CVE-2024-29217,0.00966,0.60275
CVE-2024-29218,0.00848,0.56593
CVE-2024-29219,0.00297,0.22621
CVE-2024-29220,0.00454,0.38805
CVE-2024-29221,0.00331,0.2653
CVE-2024-29222,0.00159,0.05487
CVE-2024-29223,0.00204,0.10694
CVE-2024-29224,0.06302,0.93296
CVE-2024-29225,0.00254,0.17212
CVE-2024-29227,0.00586,0.46732
CVE-2024-29228,0.00797,0.5499
CVE-2024-29229,0.00797,0.5499
CVE-2024-29230,0.00586,0.46732
CVE-2024-29231,0.0065,0.49782
CVE-2024-29232,0.00586,0.46732
CVE-2024-29233,0.00586,0.46733
CVE-2024-29234,0.00586,0.46733
CVE-2024-29235,0.00586,0.46734
CVE-2024-29236,0.00586,0.46732
CVE-2024-29237,0.00586,0.46733
CVE-2024-29238,0.00586,0.46734
CVE-2024-29239,0.00586,0.46733
CVE-2024-29240,0.00684,0.51176
CVE-2024-29241,0.00756,0.53698
CVE-2024-29243,0.00817,0.5565
CVE-2024-29244,0.00482,0.4072
CVE-2024-29269,0.06294,0.9329
CVE-2024-29271,0.0056,0.45418
CVE-2024-29272,0.09366,0.95172
CVE-2024-29273,0.00366,0.30461
CVE-2024-29275,0.04998,0.91855
CVE-2024-29276,0.32791,0.98277
CVE-2024-29278,0.00435,0.37279
CVE-2024-29291,0.01341,0.70121
CVE-2024-29292,0.01027,0.62155
CVE-2024-29296,0.01252,0.68166
CVE-2024-29301,0.00846,0.56539
CVE-2024-29302,0.00788,0.54711
CVE-2024-29303,0.0093,0.59132
CVE-2024-29309,0.00657,0.50056
CVE-2024-29316,0.0043,0.3685
CVE-2024-29318,0.00326,0.25925
CVE-2024-29319,0.00385,0.32456
CVE-2024-29320,0.00673,0.50719
CVE-2024-29338,0.00255,0.17431
CVE-2024-29366,0.02408,0.8337
CVE-2024-29368,0.00759,0.53776
CVE-2024-29370,0.00187,0.08563
CVE-2024-29371,0.00257,0.17653
CVE-2024-29374,0.00533,0.43966
CVE-2024-29375,0.01463,0.72501
CVE-2024-29376,0.00417,0.35651
CVE-2024-29384,0.00757,0.53745
CVE-2024-29385,0.01557,0.74122
CVE-2024-29386,0.00393,0.33332
CVE-2024-29387,0.01236,0.67766
CVE-2024-29390,0.0037,0.3093
CVE-2024-29392,0.00367,0.30565
CVE-2024-29399,0.00948,0.59697
CVE-2024-29400,0.0064,0.49287
CVE-2024-29401,0.00784,0.54587
CVE-2024-29402,0.00488,0.41102
CVE-2024-29404,0.00464,0.39467
CVE-2024-29409,0.00335,0.26959
CVE-2024-29413,0.00396,0.33681
CVE-2024-29415,0.08279,0.94672
CVE-2024-29417,0.00195,0.09527
CVE-2024-29419,0.00389,0.32914
CVE-2024-29421,0.00245,0.16011
CVE-2024-29432,0.00518,0.43093
CVE-2024-29433,0.00833,0.56158
CVE-2024-29434,0.00737,0.53074
CVE-2024-29435,0.00288,0.21644
CVE-2024-29460,0.00242,0.15626
CVE-2024-29461,0.00512,0.42671
CVE-2024-29466,0.01046,0.62709
CVE-2024-29469,0.00375,0.31385
CVE-2024-29470,0.00375,0.31384
CVE-2024-29471,0.00387,0.32653
CVE-2024-29472,0.00379,0.3181
CVE-2024-29473,0.00367,0.30555
CVE-2024-29474,0.004,0.34035
CVE-2024-29477,0.00815,0.556
CVE-2024-29489,0.0034,0.27583
CVE-2024-29499,0.00251,0.16783
CVE-2024-29500,0.01002,0.6143
CVE-2024-29502,0.00657,0.50054
CVE-2024-29504,0.00663,0.50325
CVE-2024-29506,0.00909,0.58479
CVE-2024-29507,0.00717,0.52406
CVE-2024-29508,0.00375,0.31399
CVE-2024-29509,0.01446,0.72172
CVE-2024-29510,0.27992,0.9802
CVE-2024-29511,0.01137,0.65162
CVE-2024-29513,0.00409,0.34898
CVE-2024-29514,0.01281,0.68788
CVE-2024-29515,0.01164,0.65908
CVE-2024-29640,0.01179,0.66347
CVE-2024-29643,0.00574,0.46161
CVE-2024-29644,0.00634,0.49024
CVE-2024-29645,0.00241,0.15506
CVE-2024-29646,0.00924,0.58941
CVE-2024-29650,0.01404,0.71411
CVE-2024-29651,0.00799,0.55055
CVE-2024-29660,0.00232,0.14307
CVE-2024-29661,0.00674,0.50739
CVE-2024-29666,0.00743,0.53266
CVE-2024-29667,0.00608,0.47806
CVE-2024-29671,0.24521,0.97781
CVE-2024-29672,0.0128,0.68762
CVE-2024-29684,0.00571,0.46028
CVE-2024-29686,0.01821,0.77838
CVE-2024-29720,0.00184,0.08215
CVE-2024-29723,0.00408,0.3484
CVE-2024-29724,0.00408,0.34842
CVE-2024-29725,0.00452,0.38605
CVE-2024-29726,0.00408,0.34842
CVE-2024-29727,0.00408,0.34841
CVE-2024-29728,0.00408,0.34841
CVE-2024-29729,0.00452,0.38605
CVE-2024-29730,0.00452,0.38606
CVE-2024-29731,0.00408,0.34841
CVE-2024-29732,0.00548,0.44795
CVE-2024-29733,0.00631,0.48902
CVE-2024-29734,0.00188,0.08649
CVE-2024-29735,0.0146,0.72451
CVE-2024-29736,0.01029,0.62234
CVE-2024-29737,0.01117,0.64681
CVE-2024-29738,0.00085,0.00378
CVE-2024-29739,0.00085,0.00379
CVE-2024-29740,0.00102,0.01042
CVE-2024-29741,0.00106,0.01227
CVE-2024-29742,0.00085,0.00378
CVE-2024-29743,0.00093,0.00624
CVE-2024-29744,0.00088,0.00442
CVE-2024-29745,0.00482,0.40741
CVE-2024-29746,0.00092,0.00593
CVE-2024-29747,0.00087,0.00431
CVE-2024-29748,0.0067,0.50588
CVE-2024-29749,0.00094,0.00707
CVE-2024-29750,0.00085,0.00378
CVE-2024-29751,0.00088,0.00442
CVE-2024-29752,0.00092,0.00583
CVE-2024-29753,0.00093,0.00624
CVE-2024-29754,0.00093,0.00625
CVE-2024-29755,0.00087,0.00435
CVE-2024-29756,0.00305,0.23464
CVE-2024-29757,0.00081,0.00238
CVE-2024-29758,0.00375,0.3143
CVE-2024-29759,0.00421,0.36129
CVE-2024-29760,0.00421,0.36127
CVE-2024-29761,0.00351,0.28856
CVE-2024-29762,0.00351,0.28854
CVE-2024-29763,0.00421,0.36128
CVE-2024-29764,0.0036,0.29831
CVE-2024-29765,0.00331,0.26492
CVE-2024-29766,0.00351,0.28857
CVE-2024-29767,0.00375,0.31432
CVE-2024-29768,0.00359,0.29726
CVE-2024-29769,0.00351,0.28856
CVE-2024-29770,0.00418,0.35812
CVE-2024-29771,0.00331,0.26493
CVE-2024-29772,0.0036,0.29832
CVE-2024-29773,0.00195,0.09485
CVE-2024-29774,0.00421,0.36128
CVE-2024-29775,0.0036,0.29832
CVE-2024-29776,0.00356,0.29401
CVE-2024-29777,0.00426,0.36465
CVE-2024-29778,0.00075,0.00108
CVE-2024-29779,0.00066,0.00026
CVE-2024-29780,0.00082,0.00256
CVE-2024-29781,0.00343,0.27988
CVE-2024-29782,0.00085,0.00378
CVE-2024-29783,0.00083,0.00299
CVE-2024-29784,0.00081,0.00227
CVE-2024-29785,0.00082,0.00255
CVE-2024-29786,0.00251,0.16853
CVE-2024-29787,0.00078,0.00156
CVE-2024-29788,0.00331,0.26491
CVE-2024-29789,0.0036,0.29832
CVE-2024-29790,0.00421,0.36128
CVE-2024-29791,0.00418,0.35811
CVE-2024-29792,0.0074,0.53185
CVE-2024-29793,0.00357,0.2951
CVE-2024-29794,0.00418,0.35811
CVE-2024-29795,0.00351,0.28855
CVE-2024-29796,0.00348,0.28522
CVE-2024-29797,0.00351,0.28856
CVE-2024-29798,0.00351,0.28855
CVE-2024-29799,0.00351,0.28855
CVE-2024-29800,0.00454,0.3876
CVE-2024-29801,0.00351,0.28857
CVE-2024-29802,0.0036,0.29832
CVE-2024-29803,0.00339,0.27498
CVE-2024-29804,0.00336,0.27148
CVE-2024-29805,0.00372,0.311
CVE-2024-29806,0.00372,0.311
CVE-2024-29807,0.00336,0.27148
CVE-2024-29808,0.00412,0.35152
CVE-2024-29809,0.00412,0.35152
CVE-2024-29810,0.00415,0.355
CVE-2024-29811,0.00336,0.27147
CVE-2024-29812,0.00357,0.2951
CVE-2024-29813,0.00359,0.29727
CVE-2024-29814,0.00339,0.27498
CVE-2024-29815,0.00359,0.29727
CVE-2024-29816,0.00359,0.29727
CVE-2024-29817,0.00339,0.27498
CVE-2024-29818,0.00359,0.29728
CVE-2024-29819,0.00338,0.27385
CVE-2024-29820,0.00339,0.275
CVE-2024-29821,0.00225,0.13411
CVE-2024-29822,0.6439,0.99198
CVE-2024-29823,0.9986,0.99961
CVE-2024-29824,0.99951,0.99974
CVE-2024-29825,0.99877,0.99964
CVE-2024-29826,0.99877,0.99964
CVE-2024-29827,0.71685,0.99393
CVE-2024-29828,0.08484,0.94784
CVE-2024-29829,0.08233,0.94647
CVE-2024-29830,0.08484,0.94784
CVE-2024-29831,0.01175,0.66219
CVE-2024-29832,0.00446,0.38207
CVE-2024-29833,0.00431,0.36914
CVE-2024-29834,0.01359,0.70508
CVE-2024-29836,0.00583,0.46615
CVE-2024-29837,0.00511,0.42584
CVE-2024-29838,0.00538,0.44282
CVE-2024-29839,0.00498,0.41757
CVE-2024-29840,0.00498,0.41758
CVE-2024-29841,0.00498,0.41757
CVE-2024-29842,0.00498,0.41758
CVE-2024-29843,0.00498,0.41757
CVE-2024-29844,0.00625,0.48647
CVE-2024-29846,0.08484,0.94784
CVE-2024-29847,0.52913,0.98925
CVE-2024-29848,0.64423,0.99199
CVE-2024-29849,0.38433,0.98506
CVE-2024-29850,0.00809,0.55406
CVE-2024-29851,0.00918,0.58757
CVE-2024-29852,0.0053,0.43779
CVE-2024-29853,0.00222,0.12978
CVE-2024-29855,0.21634,0.9752
CVE-2024-29857,0.011,0.64258
CVE-2024-29858,0.00384,0.32362
CVE-2024-29859,0.00823,0.55826
CVE-2024-29862,0.00651,0.49798
CVE-2024-29863,0.00443,0.37944
CVE-2024-29864,0.02934,0.86516
CVE-2024-29865,0.00307,0.23639
CVE-2024-29866,0.0069,0.51414
CVE-2024-29868,0.05995,0.93001
CVE-2024-29869,0.00282,0.20988
CVE-2024-29870,0.00856,0.56883
CVE-2024-29871,0.00863,0.57093
CVE-2024-29872,0.00825,0.55908
CVE-2024-29873,0.00825,0.55908
CVE-2024-29874,0.00874,0.57443
CVE-2024-29875,0.00874,0.57443
CVE-2024-29876,0.00832,0.56126
CVE-2024-29877,0.00502,0.41982
CVE-2024-29878,0.00489,0.41193
CVE-2024-29879,0.00489,0.41193
CVE-2024-29880,0.00234,0.14593
CVE-2024-29881,0.00713,0.52219
CVE-2024-29882,0.01086,0.63851
CVE-2024-29883,0.00603,0.47591
CVE-2024-29885,0.00404,0.34442
CVE-2024-29886,0.00262,0.18298
CVE-2024-29887,0.00284,0.21173
CVE-2024-29888,0.00534,0.4404
CVE-2024-29889,0.6296,0.99162
CVE-2024-29890,0.00783,0.54565
CVE-2024-29891,0.0076,0.53848
CVE-2024-29892,0.00767,0.5408
CVE-2024-29893,0.00972,0.605
CVE-2024-29894,0.00897,0.58091
CVE-2024-29895,0.98455,0.99918
CVE-2024-29896,0.00591,0.46999
CVE-2024-29897,0.00708,0.52081
CVE-2024-29898,0.00691,0.51443
CVE-2024-29900,0.00633,0.48971
CVE-2024-29901,0.00659,0.50135
CVE-2024-29902,0.00658,0.50118
CVE-2024-29903,0.00851,0.56701
CVE-2024-29904,0.00773,0.54253
CVE-2024-29905,0.00319,0.25113
CVE-2024-29906,0.00334,0.26825
CVE-2024-29907,0.00354,0.29118
CVE-2024-29908,0.0032,0.25168
CVE-2024-29909,0.00331,0.26497
CVE-2024-29910,0.00312,0.24298
CVE-2024-29911,0.00343,0.27987
CVE-2024-29912,0.00331,0.26497
CVE-2024-29913,0.00336,0.27152
CVE-2024-29914,0.00339,0.275
CVE-2024-29915,0.00397,0.33753
CVE-2024-29916,0.00315,0.2467
CVE-2024-29917,0.0032,0.25169
CVE-2024-29918,0.00385,0.32424
CVE-2024-29919,0.00394,0.33454
CVE-2024-29920,0.00289,0.21702
CVE-2024-29921,0.00339,0.27432
CVE-2024-29922,0.00338,0.27387
CVE-2024-29923,0.00397,0.33752
CVE-2024-29924,0.00354,0.29119
CVE-2024-29925,0.00336,0.2715
CVE-2024-29926,0.00328,0.26168
CVE-2024-29927,0.00336,0.27151
CVE-2024-29928,0.00397,0.33753
CVE-2024-29929,0.00353,0.29095
CVE-2024-29930,0.00334,0.26888
CVE-2024-29931,0.00753,0.53595
CVE-2024-29932,0.00351,0.28873
CVE-2024-29933,0.00339,0.27502
CVE-2024-29934,0.00364,0.30231
CVE-2024-29935,0.00336,0.27151
CVE-2024-29936,0.00339,0.27501
CVE-2024-29937,0.01763,0.77074
CVE-2024-29941,0.00113,0.01619
CVE-2024-29943,0.22935,0.97648
CVE-2024-29944,0.047,0.91406
CVE-2024-29945,0.0095,0.59761
CVE-2024-29946,0.00773,0.54249
CVE-2024-29947,0.00446,0.38165
CVE-2024-29948,0.00413,0.35316
CVE-2024-29949,0.0132,0.69626
CVE-2024-29950,0.00306,0.23578
CVE-2024-29951,0.00163,0.05882
CVE-2024-29952,0.00112,0.01558
CVE-2024-29953,0.00299,0.22806
CVE-2024-29954,0.00114,0.01678
CVE-2024-29955,0.00112,0.01528
CVE-2024-29956,0.00284,0.21229
CVE-2024-29957,0.00301,0.23011
CVE-2024-29958,0.0029,0.21789
CVE-2024-29959,0.00476,0.40274
CVE-2024-29960,0.0031,0.24043
CVE-2024-29961,0.00756,0.53691
CVE-2024-29962,0.00183,0.0816
CVE-2024-29963,0.0016,0.05618
CVE-2024-29964,0.0052,0.43203
CVE-2024-29965,0.00411,0.35114
CVE-2024-29966,0.0065,0.49767
CVE-2024-29967,0.0024,0.15476
CVE-2024-29968,0.00463,0.39382
CVE-2024-29969,0.0029,0.21802
CVE-2024-29970,0.00456,0.38883
CVE-2024-29971,0.00456,0.38883
CVE-2024-29972,0.89326,0.99776
CVE-2024-29973,0.86089,0.99721
CVE-2024-29974,0.22784,0.97632
CVE-2024-29975,0.00466,0.39577
CVE-2024-29976,0.08954,0.95022
CVE-2024-29977,0.00276,0.20207
CVE-2024-29978,0.01254,0.68191
CVE-2024-29979,0.00185,0.08321
CVE-2024-29980,0.00145,0.04101
CVE-2024-29981,0.00697,0.51638
CVE-2024-29982,0.024,0.83311
CVE-2024-29983,0.024,0.83311
CVE-2024-29984,0.024,0.83311
CVE-2024-29985,0.024,0.8331
CVE-2024-29986,0.00514,0.4283
CVE-2024-29987,0.01203,0.6691
CVE-2024-29988,0.44875,0.98722
CVE-2024-29989,0.00748,0.53446
CVE-2024-29990,0.1802,0.97063
CVE-2024-29991,0.00649,0.49698
CVE-2024-29992,0.00717,0.52396
CVE-2024-29993,0.01992,0.798
CVE-2024-29994,0.00674,0.50758
CVE-2024-29995,0.01461,0.72463
CVE-2024-29996,0.0335,0.88166
CVE-2024-29997,0.00932,0.59197
CVE-2024-29998,0.00932,0.59197
CVE-2024-29999,0.00932,0.59198
CVE-2024-2000,0.00423,0.36297
CVE-2024-2001,0.00323,0.25581
CVE-2024-2002,0.01089,0.6392
CVE-2024-2003,0.00308,0.23874
CVE-2024-2004,0.01681,0.75951
CVE-2024-2005,0.00453,0.38723
CVE-2024-2006,0.01211,0.67154
CVE-2024-2007,0.00276,0.20271
CVE-2024-2008,0.00893,0.57981
CVE-2024-2009,0.00616,0.48179
CVE-2024-2010,0.00258,0.17813
CVE-2024-2011,0.0047,0.39826
CVE-2024-2012,0.00601,0.47471
CVE-2024-2013,0.0068,0.51017
CVE-2024-2014,0.01125,0.64877
CVE-2024-2015,0.00807,0.55344
CVE-2024-2016,0.01024,0.62063
CVE-2024-2017,0.00317,0.24876
CVE-2024-2018,0.00876,0.5749
CVE-2024-2019,0.00382,0.32109
CVE-2024-2020,0.00577,0.46314
CVE-2024-2021,0.00741,0.53196
CVE-2024-2022,0.08537,0.94814
CVE-2024-2023,0.00673,0.50728
CVE-2024-2024,0.03303,0.88004
CVE-2024-2025,0.00814,0.55554
CVE-2024-2026,0.00501,0.41937
CVE-2024-2027,0.00423,0.36304
CVE-2024-2028,0.00449,0.38431
CVE-2024-2029,0.02879,0.86262
CVE-2024-2030,0.00593,0.47087
CVE-2024-2031,0.0032,0.25275
CVE-2024-2032,0.00291,0.21928
CVE-2024-2033,0.00462,0.39341
CVE-2024-2035,0.00628,0.4875
CVE-2024-2036,0.00369,0.30847
CVE-2024-2038,0.00494,0.41494
CVE-2024-2039,0.0045,0.38504
CVE-2024-2040,0.00193,0.09305
CVE-2024-2042,0.00469,0.39806
CVE-2024-2043,0.00532,0.43928
CVE-2024-2044,0.79465,0.99585
CVE-2024-2045,0.00333,0.26726
CVE-2024-2047,0.01482,0.72858
CVE-2024-2048,0.00447,0.38263
CVE-2024-2049,0.00368,0.30618
CVE-2024-2050,0.0047,0.39861
CVE-2024-2051,0.00755,0.53664
CVE-2024-2052,0.00513,0.42704
CVE-2024-2053,0.44579,0.98713
CVE-2024-2054,0.8126,0.99618
CVE-2024-2055,0.00933,0.59249
CVE-2024-2056,0.16711,0.96894
CVE-2024-2057,0.00582,0.46557
CVE-2024-2058,0.00613,0.48024
CVE-2024-2059,0.00593,0.47069
CVE-2024-2060,0.00526,0.43571
CVE-2024-2061,0.00547,0.44758
CVE-2024-2062,0.00547,0.44758
CVE-2024-2063,0.00398,0.3386
CVE-2024-2064,0.00519,0.43136
CVE-2024-2065,0.00414,0.35381
CVE-2024-2066,0.00385,0.32498
CVE-2024-2067,0.00481,0.40673
CVE-2024-2068,0.02532,0.84242
CVE-2024-2069,0.00519,0.43111
CVE-2024-2070,0.00498,0.41743
CVE-2024-2071,0.00514,0.42844
CVE-2024-2072,0.00545,0.44651
CVE-2024-2073,0.00692,0.51488
CVE-2024-2074,0.00826,0.55916
CVE-2024-2075,0.00536,0.44141
CVE-2024-2076,0.00918,0.58748
CVE-2024-2077,0.00658,0.501
CVE-2024-2078,0.00292,0.22026
CVE-2024-2079,0.0032,0.25233
CVE-2024-2080,0.00395,0.33537
CVE-2024-2081,0.00602,0.47528
CVE-2024-2082,0.00374,0.31312
CVE-2024-2083,0.37487,0.98466
CVE-2024-2084,0.0032,0.25231
CVE-2024-2085,0.0032,0.25239
CVE-2024-2086,0.00733,0.52956
CVE-2024-2087,0.00378,0.31658
CVE-2024-2088,0.00345,0.28082
CVE-2024-2089,0.00267,0.19042
CVE-2024-2090,0.0026,0.17996
CVE-2024-2091,0.00516,0.42959
CVE-2024-2092,0.00322,0.25436
CVE-2024-2093,0.00678,0.50906
CVE-2024-2097,0.00459,0.39105
CVE-2024-2098,0.00454,0.38766
CVE-2024-2101,0.00631,0.48886
CVE-2024-2102,0.00464,0.39456
CVE-2024-2103,0.00455,0.38877
CVE-2024-2104,0.00236,0.14912
CVE-2024-2105,0.00198,0.09902
CVE-2024-2106,0.00802,0.55178
CVE-2024-2107,0.00474,0.40199
CVE-2024-2108,0.0034,0.27553
CVE-2024-2109,0.00516,0.42973
CVE-2024-2110,0.00215,0.12145
CVE-2024-2111,0.0034,0.27551
CVE-2024-2112,0.00699,0.51714
CVE-2024-2113,0.00235,0.1473
CVE-2024-2115,0.00273,0.19954
CVE-2024-2116,0.00493,0.41411
CVE-2024-2117,0.00462,0.39321
CVE-2024-2118,0.00405,0.3459
CVE-2024-2119,0.0038,0.31919
CVE-2024-2120,0.0034,0.27555
CVE-2024-2121,0.0034,0.27553
CVE-2024-2122,0.00471,0.39965
CVE-2024-2123,0.26666,0.97933
CVE-2024-2124,0.00515,0.42891
CVE-2024-2125,0.00414,0.35368
CVE-2024-2126,0.00423,0.363
CVE-2024-2127,0.00344,0.27989
CVE-2024-2128,0.00405,0.34554
CVE-2024-2129,0.00449,0.38394
CVE-2024-2130,0.00313,0.24394
CVE-2024-2131,0.0034,0.27602
CVE-2024-2132,0.0032,0.25279
CVE-2024-2133,0.00483,0.40773
CVE-2024-2134,0.00372,0.31152
CVE-2024-2135,0.00543,0.44514
CVE-2024-2136,0.0032,0.25235
CVE-2024-2137,0.0032,0.2528
CVE-2024-2138,0.00423,0.36297
CVE-2024-2139,0.0034,0.27556
CVE-2024-2140,0.0034,0.27605
CVE-2024-2141,0.0043,0.36811
CVE-2024-2142,0.0043,0.36811
CVE-2024-2143,0.0034,0.27604
CVE-2024-2144,0.0043,0.36812
CVE-2024-2145,0.00582,0.46539
CVE-2024-2146,0.00566,0.45769
CVE-2024-2147,0.00847,0.56571
CVE-2024-2148,0.00832,0.56122
CVE-2024-2149,0.00624,0.48613
CVE-2024-2150,0.00607,0.47757
CVE-2024-2151,0.00546,0.44713
CVE-2024-2152,0.00621,0.48457
CVE-2024-2153,0.0066,0.50169
CVE-2024-2154,0.00634,0.49036
CVE-2024-2155,0.00513,0.42742
CVE-2024-2156,0.00556,0.45209
CVE-2024-2159,0.0048,0.40568
CVE-2024-2161,0.00906,0.58364
CVE-2024-2162,0.0213,0.81174
CVE-2024-2163,0.00267,0.19043
CVE-2024-2165,0.00423,0.36293
CVE-2024-2166,0.00312,0.24328
CVE-2024-2168,0.00639,0.49242
CVE-2024-2169,0.05397,0.92328
CVE-2024-2170,0.0034,0.27554
CVE-2024-2171,0.00367,0.30521
CVE-2024-2172,0.01712,0.764
CVE-2024-2173,0.13669,0.96317
CVE-2024-2174,0.12663,0.96076
CVE-2024-2175,0.00164,0.06092
CVE-2024-2176,0.01262,0.68387
CVE-2024-2177,0.00651,0.4982
CVE-2024-2178,0.00599,0.47386
CVE-2024-2179,0.00309,0.2397
CVE-2024-2180,0.00282,0.20965
CVE-2024-2181,0.00423,0.363
CVE-2024-2182,0.00783,0.5455
CVE-2024-2183,0.00423,0.36295
CVE-2024-2184,0.00815,0.55592
CVE-2024-2185,0.00423,0.36295
CVE-2024-2186,0.00423,0.36295
CVE-2024-2187,0.00423,0.36296
CVE-2024-2188,0.01,0.61361
CVE-2024-2189,0.00391,0.3312
CVE-2024-2191,0.00432,0.37047
CVE-2024-2193,0.01268,0.68517
CVE-2024-2194,0.67723,0.99285
CVE-2024-2195,0.01815,0.77765
CVE-2024-2196,0.00587,0.46788
CVE-2024-2197,0.00283,0.21079
CVE-2024-2198,0.00489,0.41196
CVE-2024-2199,0.00565,0.45742
CVE-2024-2200,0.00495,0.41546
CVE-2024-2201,0.08486,0.94787
CVE-2024-2202,0.0043,0.36809
CVE-2024-2203,0.00594,0.47137
CVE-2024-2204,0.00238,0.15125
CVE-2024-2206,0.00421,0.36085
CVE-2024-2207,0.00137,0.03493
CVE-2024-2208,0.00166,0.0628
CVE-2024-2209,0.00211,0.11622
CVE-2024-2210,0.00483,0.40777
CVE-2024-2211,0.00292,0.22025
CVE-2024-2212,0.00541,0.44422
CVE-2024-2213,0.00243,0.15787
CVE-2024-2214,0.00337,0.27225
CVE-2024-2215,0.00408,0.34828
CVE-2024-2216,0.00826,0.55919
CVE-2024-2217,0.00785,0.54629
CVE-2024-2218,0.00342,0.27867
CVE-2024-2220,0.0033,0.26387
CVE-2024-2221,0.01845,0.7813
CVE-2024-2222,0.00539,0.44322
CVE-2024-2223,0.00521,0.43241
CVE-2024-2224,0.00731,0.52886
CVE-2024-2226,0.00358,0.29637
CVE-2024-2227,0.0078,0.54457
CVE-2024-2228,0.00387,0.32732
CVE-2024-2229,0.00423,0.3628
CVE-2024-2231,0.00374,0.31356
CVE-2024-2232,0.00277,0.20392
CVE-2024-2233,0.00193,0.09305
CVE-2024-2234,0.00335,0.26981
CVE-2024-2235,0.00193,0.09305
CVE-2024-2236,0.01114,0.64609
CVE-2024-2237,0.00423,0.36294
CVE-2024-2238,0.00423,0.36295
CVE-2024-2239,0.00423,0.36292
CVE-2024-2240,0.00505,0.42177
CVE-2024-2241,0.00401,0.34167
CVE-2024-2242,0.013,0.69227
CVE-2024-2243,0.01053,0.62918
CVE-2024-2244,0.00371,0.30958
CVE-2024-2245,0.00308,0.23848
CVE-2024-2247,0.00467,0.39679
CVE-2024-2248,0.00267,0.19086
CVE-2024-2249,0.0032,0.25279
CVE-2024-2250,0.00333,0.26695
CVE-2024-2252,0.00435,0.37287
CVE-2024-2253,0.00326,0.25946
CVE-2024-2254,0.00263,0.18497
CVE-2024-2255,0.00555,0.45157
CVE-2024-2256,0.00405,0.34555
CVE-2024-2257,0.01026,0.62133
CVE-2024-2258,0.00355,0.29318
CVE-2024-2259,0.00499,0.4179
CVE-2024-2260,0.00437,0.37486
CVE-2024-2261,0.00398,0.33857
CVE-2024-2262,0.00239,0.15277
CVE-2024-2263,0.00402,0.34277
CVE-2024-2264,0.00602,0.4751
CVE-2024-2265,0.0083,0.56058
CVE-2024-2266,0.00472,0.40014
CVE-2024-2267,0.00518,0.43076
CVE-2024-2268,0.00568,0.45845
CVE-2024-2269,0.00558,0.45344
CVE-2024-2270,0.00552,0.45006
CVE-2024-2271,0.00558,0.45344
CVE-2024-2272,0.00558,0.45345
CVE-2024-2273,0.0032,0.25238
CVE-2024-2274,0.00488,0.41101
CVE-2024-2275,0.00454,0.38781
CVE-2024-2276,0.00488,0.41101
CVE-2024-2277,0.00331,0.26496
CVE-2024-2278,0.0042,0.36009
CVE-2024-2279,0.0058,0.46408
CVE-2024-2280,0.00404,0.34519
CVE-2024-2281,0.00558,0.45322
CVE-2024-2282,0.00675,0.50814
CVE-2024-2283,0.00565,0.45751
CVE-2024-2284,0.00465,0.3949
CVE-2024-2285,0.00465,0.3949
CVE-2024-2286,0.00423,0.36294
CVE-2024-2287,0.00353,0.29044
CVE-2024-2288,0.00258,0.1776
CVE-2024-2289,0.0034,0.27546
CVE-2024-2290,0.0094,0.59456
CVE-2024-2291,0.00385,0.32474
CVE-2024-2292,0.00459,0.39091
CVE-2024-2293,0.00546,0.44699
CVE-2024-2294,0.00911,0.58517
CVE-2024-2295,0.00273,0.19966
CVE-2024-2296,0.00433,0.37109
CVE-2024-2297,0.00364,0.30248
CVE-2024-2298,0.00321,0.25363
CVE-2024-2299,0.00366,0.30507
CVE-2024-2300,0.00173,0.07077
CVE-2024-2301,0.00298,0.22713
CVE-2024-2302,0.00603,0.47573
CVE-2024-2303,0.00333,0.26693
CVE-2024-2304,0.00325,0.25798
CVE-2024-2305,0.0034,0.27548
CVE-2024-2306,0.00333,0.26728
CVE-2024-2307,0.00188,0.08626
CVE-2024-2308,0.0032,0.25277
CVE-2024-2309,0.00423,0.36302
CVE-2024-2310,0.00308,0.23802
CVE-2024-2311,0.00688,0.5135
CVE-2024-2312,0.00378,0.31716
CVE-2024-2313,0.00182,0.08047
CVE-2024-2314,0.00218,0.12585
CVE-2024-2315,0.00128,0.0277
CVE-2024-2316,0.00372,0.31152
CVE-2024-2317,0.00838,0.56311
CVE-2024-2318,0.00933,0.59233
CVE-2024-2319,0.00389,0.32937
CVE-2024-2321,0.00241,0.15525
CVE-2024-2322,0.00353,0.29103
CVE-2024-2324,0.00318,0.24937
CVE-2024-2325,0.00409,0.34904
CVE-2024-2326,0.00208,0.11309
CVE-2024-2327,0.00344,0.28053
CVE-2024-2328,0.00404,0.34519
CVE-2024-2329,0.00718,0.52441
CVE-2024-2330,0.17622,0.97015
CVE-2024-2331,0.00629,0.48803
CVE-2024-2332,0.00687,0.51281
CVE-2024-2333,0.00687,0.51281
CVE-2024-2334,0.00446,0.38187
CVE-2024-2335,0.00344,0.28054
CVE-2024-2336,0.0034,0.27547
CVE-2024-2337,0.00355,0.29341
CVE-2024-2338,0.00461,0.39244
CVE-2024-2339,0.00552,0.45033
CVE-2024-2340,0.27997,0.9802
CVE-2024-2341,0.00598,0.47364
CVE-2024-2342,0.00594,0.47131
CVE-2024-2343,0.00517,0.42984
CVE-2024-2344,0.00828,0.55982
CVE-2024-2345,0.00343,0.27956
CVE-2024-2346,0.00308,0.23856
CVE-2024-2347,0.00353,0.29043
CVE-2024-2348,0.00435,0.37296
CVE-2024-2349,0.00428,0.36695
CVE-2024-2350,0.00329,0.26302
CVE-2024-2351,0.00684,0.51174
CVE-2024-2352,0.03044,0.86966
CVE-2024-2353,0.03952,0.89976
CVE-2024-2354,0.00299,0.22768
CVE-2024-2355,0.00639,0.49239
CVE-2024-2356,0.00817,0.5564
CVE-2024-2357,0.00944,0.59577
CVE-2024-2358,0.01123,0.64816
CVE-2024-2359,0.0123,0.67633
CVE-2024-2360,0.01869,0.78433
CVE-2024-2361,0.00634,0.4903
CVE-2024-2362,0.0115,0.65512
CVE-2024-2363,0.00726,0.52683
CVE-2024-2364,0.00333,0.267
CVE-2024-2365,0.00277,0.20385
CVE-2024-2366,0.00662,0.50274
CVE-2024-2368,0.00185,0.0834
CVE-2024-2369,0.00446,0.38229
CVE-2024-2371,0.00183,0.08121
CVE-2024-2374,0.00377,0.31633
CVE-2024-2375,0.00329,0.26238
CVE-2024-2376,0.00418,0.35765
CVE-2024-2377,0.00205,0.10855
CVE-2024-2378,0.00216,0.12329
CVE-2024-2379,0.01709,0.76354
CVE-2024-2380,0.00345,0.28089
CVE-2024-2381,0.00912,0.58547
CVE-2024-2382,0.00206,0.10917
CVE-2024-2383,0.00357,0.29538
CVE-2024-2384,0.0027,0.19453
CVE-2024-2385,0.00886,0.57768
CVE-2024-2386,0.00455,0.38827
CVE-2024-2387,0.01639,0.75335
CVE-2024-2389,0.93037,0.99829
CVE-2024-2390,0.00195,0.09537
CVE-2024-2391,0.00479,0.40506
CVE-2024-2392,0.00343,0.27955
CVE-2024-2393,0.00693,0.515
CVE-2024-2394,0.00565,0.45744
CVE-2024-2395,0.0018,0.07776
CVE-2024-2397,0.00289,0.21727
CVE-2024-2398,0.36081,0.98407
CVE-2024-2399,0.00405,0.34555
CVE-2024-2400,0.00706,0.5198
CVE-2024-2401,0.00436,0.37368
CVE-2024-2402,0.00403,0.34431
CVE-2024-2403,0.00421,0.36136
CVE-2024-2404,0.00401,0.34123
CVE-2024-2405,0.0028,0.207
CVE-2024-2406,0.0062,0.48378
CVE-2024-2408,0.01158,0.65729
CVE-2024-2409,0.00834,0.56171
CVE-2024-2410,0.00332,0.2657
CVE-2024-2411,0.0154,0.73823
CVE-2024-2412,0.00434,0.37223
CVE-2024-2413,0.00574,0.46181
CVE-2024-2414,0.0028,0.20759
CVE-2024-2415,0.00739,0.53138
CVE-2024-2416,0.00206,0.1096
CVE-2024-2417,0.00938,0.59415
CVE-2024-2418,0.0073,0.52847
CVE-2024-2419,0.00495,0.4158
CVE-2024-2420,0.00505,0.42222
CVE-2024-2421,0.00523,0.43347
CVE-2024-2422,0.00519,0.43155
CVE-2024-2423,0.00446,0.38186
CVE-2024-2424,0.02615,0.84768
CVE-2024-2425,0.0282,0.85979
CVE-2024-2426,0.0282,0.8598
CVE-2024-2427,0.00687,0.51288
CVE-2024-2428,0.00495,0.41592
CVE-2024-2429,0.00247,0.16261
CVE-2024-2430,0.00312,0.24367
CVE-2024-2431,0.00153,0.04828
CVE-2024-2432,0.00386,0.32608
CVE-2024-2433,0.00568,0.45844
CVE-2024-2434,0.23178,0.97669
CVE-2024-2435,0.00394,0.33464
CVE-2024-2436,0.00429,0.3678
CVE-2024-2439,0.00418,0.35813
CVE-2024-2440,0.00452,0.38614
CVE-2024-2441,0.0061,0.47877
CVE-2024-2442,0.00696,0.51608
CVE-2024-2443,0.02086,0.80773
CVE-2024-2444,0.00424,0.36335
CVE-2024-2445,0.00309,0.23895
CVE-2024-2446,0.00446,0.38176
CVE-2024-2447,0.00223,0.13214
CVE-2024-2448,0.55422,0.98991
CVE-2024-2449,0.1288,0.96129
CVE-2024-2450,0.00596,0.47219
CVE-2024-2451,0.00106,0.01261
CVE-2024-2452,0.00902,0.58227
CVE-2024-2453,0.003,0.22906
CVE-2024-2454,0.33301,0.98298
CVE-2024-2455,0.00322,0.25478
CVE-2024-2456,0.00353,0.29042
CVE-2024-2457,0.0034,0.27547
CVE-2024-2458,0.00313,0.24395
CVE-2024-2459,0.005,0.41904
CVE-2024-2460,0.00435,0.37262
CVE-2024-2461,0.00498,0.41776
CVE-2024-2462,0.00219,0.12591
CVE-2024-2463,0.00598,0.47341
CVE-2024-2464,0.00465,0.39507
CVE-2024-2465,0.00547,0.44741
CVE-2024-2466,0.01333,0.69917
CVE-2024-2467,0.00516,0.42965
CVE-2024-2468,0.0034,0.27603
CVE-2024-2469,0.01616,0.74972
CVE-2024-2470,0.00333,0.26699
CVE-2024-2471,0.00344,0.2799
CVE-2024-2472,0.00623,0.4854
CVE-2024-2473,0.01235,0.67755
CVE-2024-2474,0.004,0.34097
CVE-2024-2475,0.00439,0.37608
CVE-2024-2476,0.00375,0.31435
CVE-2024-2477,0.0034,0.27605
CVE-2024-2478,0.00593,0.47091
CVE-2024-2479,0.00479,0.40493
CVE-2024-2480,0.00604,0.47615
CVE-2024-2481,0.00953,0.59852
CVE-2024-2482,0.00828,0.55997
CVE-2024-2483,0.00272,0.19851
CVE-2024-2484,0.00385,0.32466
CVE-2024-2485,0.01684,0.76009
CVE-2024-2486,0.01563,0.74201
CVE-2024-2487,0.01648,0.75462
CVE-2024-2488,0.01534,0.73732
CVE-2024-2489,0.01648,0.75462
CVE-2024-2490,0.01648,0.75462
CVE-2024-2491,0.0034,0.27604
CVE-2024-2492,0.0036,0.29876
CVE-2024-2493,0.00313,0.24417
CVE-2024-2494,0.00367,0.3055
CVE-2024-2495,0.00177,0.07519
CVE-2024-2496,0.00253,0.1704
CVE-2024-2497,0.00907,0.5839
CVE-2024-2499,0.00324,0.25757
CVE-2024-2500,0.0042,0.36
CVE-2024-2501,0.00921,0.58813
CVE-2024-2502,0.00171,0.06836
CVE-2024-2503,0.00434,0.37174
CVE-2024-2504,0.00429,0.36779
CVE-2024-2505,0.00635,0.49072
CVE-2024-2506,0.00267,0.19042
CVE-2024-2507,0.0034,0.27549
CVE-2024-2508,0.0036,0.29785
CVE-2024-2509,0.00427,0.36568
CVE-2024-2511,0.54026,0.98957
CVE-2024-2513,0.0036,0.29876
CVE-2024-2514,0.00628,0.4875
CVE-2024-2515,0.0045,0.38464
CVE-2024-2516,0.00514,0.42817
CVE-2024-2517,0.00489,0.41228
CVE-2024-2518,0.00468,0.39728
CVE-2024-2519,0.00385,0.32475
CVE-2024-2520,0.00489,0.41228
CVE-2024-2521,0.00385,0.32476
CVE-2024-2522,0.00489,0.41228
CVE-2024-2523,0.00414,0.35382
CVE-2024-2524,0.00514,0.42817
CVE-2024-2525,0.0045,0.38464
CVE-2024-2526,0.00536,0.44179
CVE-2024-2527,0.00631,0.48883
CVE-2024-2528,0.00514,0.42817
CVE-2024-2529,0.00609,0.47832
CVE-2024-2530,0.00459,0.39123
CVE-2024-2531,0.00694,0.51552
CVE-2024-2532,0.00514,0.42817
CVE-2024-2533,0.0045,0.38464
CVE-2024-2534,0.00545,0.44662
CVE-2024-2535,0.00419,0.35868
CVE-2024-2536,0.0034,0.2755
CVE-2024-2537,0.00278,0.20492
CVE-2024-2538,0.00568,0.45867
CVE-2024-2539,0.00406,0.34626
CVE-2024-2541,0.00564,0.45691
CVE-2024-2542,0.00324,0.25758
CVE-2024-2543,0.00623,0.48525
CVE-2024-2544,0.00271,0.19581
CVE-2024-2546,0.0099,0.61059
CVE-2024-2547,0.01186,0.66517
CVE-2024-2548,0.00881,0.57623
CVE-2024-2550,0.00511,0.42595
CVE-2024-2551,0.00483,0.40799
CVE-2024-2552,0.00474,0.402
CVE-2024-2553,0.00647,0.49652
CVE-2024-2554,0.00695,0.51575
CVE-2024-2555,0.00608,0.47803
CVE-2024-2556,0.00626,0.48687
CVE-2024-2557,0.01017,0.61874
CVE-2024-2558,0.01278,0.68727
CVE-2024-2559,0.00307,0.23665
CVE-2024-2560,0.00414,0.3543
CVE-2024-2561,0.06079,0.93089
CVE-2024-2562,0.0051,0.42571
CVE-2024-2563,0.0085,0.56647
CVE-2024-2564,0.00507,0.4231
CVE-2024-2565,0.00604,0.47634
CVE-2024-2566,0.00617,0.48241
CVE-2024-2567,0.00213,0.11888
CVE-2024-2568,0.00698,0.51675
CVE-2024-2569,0.01179,0.66338
CVE-2024-2570,0.0103,0.62262
CVE-2024-2571,0.0103,0.62262
CVE-2024-2572,0.0103,0.62262
CVE-2024-2573,0.0103,0.62263
CVE-2024-2574,0.00669,0.50558
CVE-2024-2575,0.00669,0.50558
CVE-2024-2576,0.00669,0.50557
CVE-2024-2577,0.00669,0.50558
CVE-2024-2578,0.00316,0.24759
CVE-2024-2579,0.00319,0.25057
CVE-2024-2580,0.0032,0.25171
CVE-2024-2581,0.01303,0.69281
CVE-2024-2583,0.00403,0.3443
CVE-2024-2584,0.00586,0.46726
CVE-2024-2585,0.00523,0.434
CVE-2024-2586,0.00586,0.46726
CVE-2024-2587,0.00523,0.434
CVE-2024-2588,0.00534,0.44061
CVE-2024-2589,0.00534,0.44061
CVE-2024-2590,0.00523,0.434
CVE-2024-2591,0.00534,0.44061
CVE-2024-2592,0.00478,0.40424
CVE-2024-2593,0.0042,0.35984
CVE-2024-2594,0.00411,0.35142
CVE-2024-2595,0.00403,0.3436
CVE-2024-2596,0.00411,0.35143
CVE-2024-2597,0.00411,0.35143
CVE-2024-2598,0.00411,0.35142
CVE-2024-2599,0.00623,0.4852
CVE-2024-2602,0.00281,0.20909
CVE-2024-2603,0.00465,0.39469
CVE-2024-2604,0.00724,0.52623
CVE-2024-2605,0.00583,0.46601
CVE-2024-2606,0.00437,0.37507
CVE-2024-2607,0.01107,0.64418
CVE-2024-2608,0.00385,0.32394
CVE-2024-2609,0.00603,0.47563
CVE-2024-2610,0.00704,0.51908
CVE-2024-2611,0.00609,0.47836
CVE-2024-2612,0.00971,0.60461
CVE-2024-2613,0.00501,0.41948
CVE-2024-2614,0.00886,0.57769
CVE-2024-2615,0.00595,0.47148
CVE-2024-2616,0.00699,0.51737
CVE-2024-2617,0.00666,0.50429
CVE-2024-2618,0.00322,0.2548
CVE-2024-2619,0.00377,0.31657
CVE-2024-2620,0.00558,0.45342
CVE-2024-2621,0.0194,0.79268
CVE-2024-2622,0.00549,0.44839
CVE-2024-2623,0.00446,0.38186
CVE-2024-2624,0.01357,0.7047
CVE-2024-2625,0.21401,0.97499
CVE-2024-2626,0.00818,0.55699
CVE-2024-2627,0.00884,0.57722
CVE-2024-2628,0.00652,0.49857
CVE-2024-2629,0.00724,0.5263
CVE-2024-2630,0.00846,0.56553
CVE-2024-2631,0.00724,0.5263
CVE-2024-2632,0.00544,0.44583
CVE-2024-2633,0.00327,0.26102
CVE-2024-2634,0.00327,0.26102
CVE-2024-2635,0.00427,0.36616
CVE-2024-2636,0.00553,0.45061
CVE-2024-2637,0.00168,0.06458
CVE-2024-2639,0.00545,0.44614
CVE-2024-2640,0.00394,0.33485
CVE-2024-2641,0.00789,0.54773
CVE-2024-2642,0.02772,0.85707
CVE-2024-2643,0.00341,0.27684
CVE-2024-2644,0.00838,0.56298
CVE-2024-2645,0.00731,0.5288
CVE-2024-2646,0.00812,0.5549
CVE-2024-2647,0.00953,0.59866
CVE-2024-2648,0.00731,0.52881
CVE-2024-2649,0.00838,0.56298
CVE-2024-2650,0.00353,0.29043
CVE-2024-2651,0.33301,0.98299
CVE-2024-2653,0.83366,0.99665
CVE-2024-2654,0.00911,0.58509
CVE-2024-2655,0.00452,0.38623
CVE-2024-2656,0.00347,0.28433
CVE-2024-2657,0.00255,0.17436
CVE-2024-2658,0.00806,0.55293
CVE-2024-2659,0.01131,0.65026
CVE-2024-2660,0.00303,0.23277
CVE-2024-2661,0.00613,0.4805
CVE-2024-2662,0.01749,0.76872
CVE-2024-2663,0.00436,0.37346
CVE-2024-2664,0.00451,0.38565
CVE-2024-2665,0.00459,0.39084
CVE-2024-2666,0.00441,0.37808
CVE-2024-2667,0.05794,0.92787
CVE-2024-2668,0.00601,0.47492
CVE-2024-2669,0.00601,0.47491
CVE-2024-2670,0.00582,0.46545
CVE-2024-2671,0.00601,0.47491
CVE-2024-2672,0.00601,0.47491
CVE-2024-2673,0.00582,0.46546
CVE-2024-2674,0.00582,0.46545
CVE-2024-2675,0.00496,0.41655
CVE-2024-2676,0.00533,0.43969
CVE-2024-2677,0.00496,0.41655
CVE-2024-2678,0.00496,0.41655
CVE-2024-2679,0.00618,0.48303
CVE-2024-2680,0.00599,0.47386
CVE-2024-2681,0.00595,0.47164
CVE-2024-2682,0.00595,0.47165
CVE-2024-2683,0.00599,0.47387
CVE-2024-2684,0.00595,0.47164
CVE-2024-2685,0.00599,0.47386
CVE-2024-2686,0.00595,0.47165
CVE-2024-2687,0.00582,0.46545
CVE-2024-2688,0.0034,0.27603
CVE-2024-2689,0.00487,0.41036
CVE-2024-2690,0.01046,0.6272
CVE-2024-2691,0.00316,0.24717
CVE-2024-2692,0.0073,0.52831
CVE-2024-2693,0.00813,0.55528
CVE-2024-2694,0.00623,0.48533
CVE-2024-2695,0.00308,0.23772
CVE-2024-2696,0.00373,0.31175
CVE-2024-2697,0.00332,0.26588
CVE-2024-2698,0.00667,0.50486
CVE-2024-2700,0.00288,0.21622
CVE-2024-2702,0.00584,0.46674
CVE-2024-2703,0.01546,0.7392
CVE-2024-2704,0.01546,0.7392
CVE-2024-2705,0.0148,0.72808
CVE-2024-2706,0.01734,0.76674
CVE-2024-2707,0.046,0.91258
CVE-2024-2708,0.0148,0.72808
CVE-2024-2709,0.01482,0.72845
CVE-2024-2710,0.01482,0.72845
CVE-2024-2711,0.01482,0.72845
CVE-2024-2712,0.00601,0.47465
CVE-2024-2713,0.00601,0.47466
CVE-2024-2714,0.00496,0.41656
CVE-2024-2715,0.00536,0.44179
CVE-2024-2716,0.00536,0.44179
CVE-2024-2717,0.00506,0.42277
CVE-2024-2718,0.00506,0.42277
CVE-2024-2719,0.00506,0.42277
CVE-2024-2720,0.00567,0.45832
CVE-2024-2721,0.00672,0.50661
CVE-2024-2722,0.00683,0.51125
CVE-2024-2723,0.00684,0.51157
CVE-2024-2724,0.00684,0.51157
CVE-2024-2725,0.00624,0.48609
CVE-2024-2726,0.00309,0.23897
CVE-2024-2727,0.00309,0.23894
CVE-2024-2728,0.00162,0.05807
CVE-2024-2729,0.0042,0.35969
CVE-2024-2730,0.00513,0.42759
CVE-2024-2731,0.00375,0.31386
CVE-2024-2732,0.0034,0.27554
CVE-2024-2733,0.00516,0.42963
CVE-2024-2734,0.0052,0.4322
CVE-2024-2735,0.00516,0.42963
CVE-2024-2736,0.00516,0.42963
CVE-2024-2738,0.00604,0.47606
CVE-2024-2739,0.00335,0.2699
CVE-2024-2740,0.00348,0.28499
CVE-2024-2741,0.00225,0.13433
CVE-2024-2742,0.00499,0.41785
CVE-2024-2743,0.00403,0.34422
CVE-2024-2744,0.0039,0.32991
CVE-2024-2745,0.00181,0.07901
CVE-2024-2746,0.00213,0.11876
CVE-2024-2747,0.00166,0.06259
CVE-2024-2748,0.00189,0.08758
CVE-2024-2749,0.0028,0.20762
CVE-2024-2750,0.0032,0.25235
CVE-2024-2751,0.0032,0.25234
CVE-2024-2752,0.00419,0.35896
CVE-2024-2753,0.00362,0.30111
CVE-2024-2754,0.00823,0.55836
CVE-2024-2756,0.38115,0.98494
CVE-2024-2757,0.01924,0.79071
CVE-2024-2758,0.7275,0.99423
CVE-2024-2759,0.00605,0.47684
CVE-2024-2760,0.00208,0.11272
CVE-2024-2761,0.00665,0.50375
CVE-2024-2762,0.00368,0.30662
CVE-2024-2763,0.01544,0.73896
CVE-2024-2764,0.0148,0.72808
CVE-2024-2765,0.00502,0.42024
CVE-2024-2766,0.00496,0.41625
CVE-2024-2767,0.00496,0.41625
CVE-2024-2768,0.00496,0.41626
CVE-2024-2769,0.00517,0.43016
CVE-2024-2770,0.00496,0.41627
CVE-2024-2771,0.02333,0.82823
CVE-2024-2772,0.00257,0.1766
CVE-2024-2773,0.00544,0.44581
CVE-2024-2774,0.00496,0.41626
CVE-2024-2775,0.00506,0.42277
CVE-2024-2776,0.00496,0.41626
CVE-2024-2777,0.00508,0.42434
CVE-2024-2778,0.00544,0.44581
CVE-2024-2779,0.00513,0.42712
CVE-2024-2780,0.00544,0.44572
CVE-2024-2781,0.0032,0.25236
CVE-2024-2782,0.0123,0.6764
CVE-2024-2783,0.0036,0.29876
CVE-2024-2784,0.00263,0.18501
CVE-2024-2785,0.00333,0.26729
CVE-2024-2786,0.00462,0.39311
CVE-2024-2787,0.00348,0.28472
CVE-2024-2788,0.00358,0.29637
CVE-2024-2789,0.0034,0.27548
CVE-2024-2790,0.0032,0.25237
CVE-2024-2791,0.0032,0.25232
CVE-2024-2792,0.00493,0.4143
CVE-2024-2793,0.00463,0.39375
CVE-2024-2794,0.00386,0.32533
CVE-2024-2795,0.00537,0.44201
CVE-2024-2796,0.0044,0.37713
CVE-2024-2797,0.00504,0.42163
CVE-2024-2798,0.00333,0.26729
CVE-2024-2799,0.0043,0.36847
CVE-2024-2800,0.00675,0.50797
CVE-2024-2801,0.0043,0.36847
CVE-2024-2803,0.00343,0.27954
CVE-2024-2804,0.00692,0.51487
CVE-2024-2805,0.01605,0.74828
CVE-2024-2806,0.01315,0.69529
CVE-2024-2807,0.01372,0.7077
CVE-2024-2808,0.01372,0.70769
CVE-2024-2809,0.01918,0.79006
CVE-2024-2810,0.01315,0.69529
CVE-2024-2811,0.01541,0.73845
CVE-2024-2812,0.0405,0.902
CVE-2024-2813,0.01315,0.69528
CVE-2024-2814,0.01315,0.69529
CVE-2024-2815,0.01315,0.69529
CVE-2024-2816,0.0036,0.29813
CVE-2024-2817,0.00335,0.27006
CVE-2024-2818,0.00945,0.59611
CVE-2024-2819,0.00202,0.10373
CVE-2024-2820,0.0039,0.33
CVE-2024-2821,0.00397,0.33765
CVE-2024-2822,0.0037,0.30885
CVE-2024-2823,0.00356,0.29382
CVE-2024-2824,0.00734,0.5297
CVE-2024-2825,0.00733,0.52942
CVE-2024-2826,0.00628,0.48762
CVE-2024-2827,0.00562,0.45545
CVE-2024-2828,0.00556,0.45215
CVE-2024-2829,0.25965,0.97892
CVE-2024-2830,0.00449,0.38436
CVE-2024-2831,0.00613,0.4805
CVE-2024-2832,0.00507,0.42316
CVE-2024-2833,0.00385,0.32496
CVE-2024-2834,0.00499,0.41847
CVE-2024-2835,0.00351,0.288
CVE-2024-2836,0.005,0.41872
CVE-2024-2837,0.00522,0.43306
CVE-2024-2838,0.00344,0.28055
CVE-2024-2839,0.0032,0.25232
CVE-2024-2840,0.00388,0.32778
CVE-2024-2841,0.0034,0.27555
CVE-2024-2842,0.0032,0.25239
CVE-2024-2843,0.00253,0.17155
CVE-2024-2844,0.00432,0.36995
CVE-2024-2845,0.00353,0.29044
CVE-2024-2846,0.00287,0.21539
CVE-2024-2847,0.0036,0.29876
CVE-2024-2848,0.00652,0.49854
CVE-2024-2849,0.00909,0.58466
CVE-2024-2850,0.01298,0.69167
CVE-2024-2851,0.04009,0.90114
CVE-2024-2852,0.01298,0.69167
CVE-2024-2853,0.04009,0.90113
CVE-2024-2854,0.03897,0.8981
CVE-2024-2855,0.01298,0.69167
CVE-2024-2856,0.01159,0.65741
CVE-2024-2857,0.00235,0.14671
CVE-2024-2858,0.00192,0.0912
CVE-2024-2859,0.00848,0.56597
CVE-2024-2860,0.00161,0.05729
CVE-2024-2861,0.00287,0.21508
CVE-2024-2862,0.51001,0.98881
CVE-2024-2863,0.63999,0.99187
CVE-2024-2864,0.00351,0.28827
CVE-2024-2865,0.00591,0.47008
CVE-2024-2867,0.00375,0.31373
CVE-2024-2868,0.00451,0.38529
CVE-2024-2869,0.00312,0.24312
CVE-2024-2870,0.0042,0.35968
CVE-2024-2871,0.00486,0.40956
CVE-2024-2872,0.0033,0.26422
CVE-2024-2873,0.00623,0.4855
CVE-2024-2874,0.00632,0.48915
CVE-2024-2876,0.80596,0.99606
CVE-2024-2877,0.00169,0.06672
CVE-2024-2878,0.19726,0.97284
CVE-2024-2879,0.18402,0.97106
CVE-2024-2880,0.00349,0.28655
CVE-2024-2881,0.00464,0.39429
CVE-2024-2882,0.00656,0.50008
CVE-2024-2883,0.03369,0.8823
CVE-2024-2884,0.00247,0.16324
CVE-2024-2885,0.01489,0.72985
CVE-2024-2886,0.01762,0.77054
CVE-2024-2887,0.17922,0.97048
CVE-2024-2888,0.00336,0.2715
CVE-2024-2889,0.00357,0.29494
CVE-2024-2890,0.00679,0.50951
CVE-2024-2891,0.01683,0.75984
CVE-2024-2892,0.01684,0.76009
CVE-2024-2893,0.01684,0.7601
CVE-2024-2894,0.01584,0.74519
CVE-2024-2895,0.01683,0.75982
CVE-2024-2896,0.01856,0.78278
CVE-2024-2897,0.0783,0.94415
CVE-2024-2898,0.01683,0.75984
CVE-2024-2899,0.01683,0.75982
CVE-2024-2900,0.01683,0.75982
CVE-2024-2901,0.01683,0.75981
CVE-2024-2902,0.01755,0.76965
CVE-2024-2903,0.01849,0.7819
CVE-2024-2904,0.00198,0.0982
CVE-2024-2905,0.00328,0.26112
CVE-2024-2906,0.00482,0.40705
CVE-2024-2907,0.00548,0.44784
CVE-2024-2908,0.0067,0.50575
CVE-2024-2909,0.03987,0.90062
CVE-2024-2910,0.03747,0.89393
CVE-2024-2911,0.00322,0.25524
CVE-2024-2912,0.01509,0.73326
CVE-2024-2913,0.00325,0.25775
CVE-2024-2914,0.00917,0.58719
CVE-2024-2915,0.00647,0.49652
CVE-2024-2916,0.00645,0.49547
CVE-2024-2917,0.00774,0.54296
CVE-2024-2918,0.00245,0.1597
CVE-2024-2919,0.00343,0.27955
CVE-2024-2920,0.00496,0.41651
CVE-2024-2921,0.00794,0.54911
CVE-2024-2922,0.00333,0.26804
CVE-2024-2923,0.00272,0.19852
CVE-2024-2924,0.00324,0.25758
CVE-2024-2925,0.00404,0.34519
CVE-2024-2926,0.00425,0.36455
CVE-2024-2927,0.0078,0.54456
CVE-2024-2928,0.21847,0.97538
CVE-2024-2929,0.00349,0.28626
CVE-2024-2930,0.01182,0.66413
CVE-2024-2931,0.0052,0.43205
CVE-2024-2932,0.00644,0.49495
CVE-2024-2933,0.00326,0.25945
CVE-2024-2934,0.00822,0.55816
CVE-2024-2935,0.00585,0.46686
CVE-2024-2936,0.0034,0.27552
CVE-2024-2937,0.00222,0.13
CVE-2024-2938,0.00572,0.46073
CVE-2024-2939,0.0058,0.46438
CVE-2024-2940,0.00556,0.45217
CVE-2024-2941,0.00689,0.51355
CVE-2024-2942,0.00512,0.42696
CVE-2024-2943,0.00512,0.42695
CVE-2024-2944,0.0055,0.44922
CVE-2024-2945,0.00512,0.42696
CVE-2024-2946,0.0034,0.27549
CVE-2024-2947,0.01191,0.66643
CVE-2024-2948,0.00377,0.31627
CVE-2024-2949,0.00344,0.2799
CVE-2024-2950,0.00503,0.42097
CVE-2024-2951,0.00218,0.12532
CVE-2024-2952,0.01267,0.68505
CVE-2024-2953,0.00328,0.26142
CVE-2024-2954,0.00621,0.48452
CVE-2024-2955,0.01403,0.71387
CVE-2024-2956,0.0033,0.26335
CVE-2024-2958,0.00334,0.26824
CVE-2024-2959,0.00211,0.11703
CVE-2024-2960,0.00211,0.11703
CVE-2024-2961,0.8833,0.99764
CVE-2024-2962,0.00504,0.42162
CVE-2024-2963,0.00319,0.25129
CVE-2024-2964,0.00185,0.08381
CVE-2024-2965,0.00304,0.23339
CVE-2024-2966,0.00492,0.41342
CVE-2024-2967,0.00462,0.39345
CVE-2024-2968,0.00319,0.25128
CVE-2024-2969,0.00189,0.08752
CVE-2024-2970,0.00202,0.10471
CVE-2024-2971,0.00178,0.07555
CVE-2024-2972,0.00394,0.33424
CVE-2024-2973,0.01088,0.639
CVE-2024-2974,0.00496,0.41651
CVE-2024-2975,0.00389,0.32851
CVE-2024-2976,0.01669,0.75774
CVE-2024-2977,0.01773,0.77206
CVE-2024-2978,0.01773,0.77207
CVE-2024-2979,0.01669,0.75774
CVE-2024-2980,0.01773,0.77207
CVE-2024-2981,0.01773,0.77207
CVE-2024-2982,0.08161,0.9461
CVE-2024-2983,0.01755,0.76965
CVE-2024-2984,0.01755,0.76964
CVE-2024-2985,0.01755,0.76964
CVE-2024-2986,0.01683,0.75983
CVE-2024-2987,0.01584,0.74518
CVE-2024-2988,0.01573,0.74361
CVE-2024-2989,0.01573,0.74361
CVE-2024-2990,0.01481,0.72839
CVE-2024-2991,0.07614,0.9429
CVE-2024-2992,0.01683,0.75983
CVE-2024-2993,0.01573,0.7436
CVE-2024-2994,0.01481,0.72839
CVE-2024-2995,0.00589,0.46889
CVE-2024-2996,0.00519,0.43155
CVE-2024-2997,0.01205,0.66962
CVE-2024-2998,0.00546,0.44682
CVE-2024-2999,0.00644,0.49495
