#model_version:v2026.06.15,score_date:2026-09-26T12:00:22Z
cve,epss,percentile
CVE-2021-30000,0.02118,0.8111
CVE-2021-30002,0.00369,0.28139
CVE-2021-30003,0.00612,0.47196
CVE-2021-30004,0.01683,0.76037
CVE-2021-30005,0.00881,0.57501
CVE-2021-30006,0.01071,0.63468
CVE-2021-30014,0.01072,0.63493
CVE-2021-30015,0.00875,0.57335
CVE-2021-30019,0.00918,0.58646
CVE-2021-30020,0.00911,0.58387
CVE-2021-30022,0.01072,0.63493
CVE-2021-30027,0.00697,0.51096
CVE-2021-30028,0.01408,0.71528
CVE-2021-30030,0.01773,0.77263
CVE-2021-30034,0.01773,0.77263
CVE-2021-30039,0.01773,0.77262
CVE-2021-30042,0.01773,0.77263
CVE-2021-30044,0.01773,0.77263
CVE-2021-30045,0.01824,0.77925
CVE-2021-30046,0.01044,0.62693
CVE-2021-30047,0.03213,0.87702
CVE-2021-30048,0.02071,0.80665
CVE-2021-30049,0.0247,0.83876
CVE-2021-30055,0.01602,0.74832
CVE-2021-30056,0.00616,0.47419
CVE-2021-30057,0.0066,0.49555
CVE-2021-30058,0.00994,0.61126
CVE-2021-30061,0.00412,0.32899
CVE-2021-30062,0.0088,0.57475
CVE-2021-30063,0.00999,0.61274
CVE-2021-30064,0.009,0.58049
CVE-2021-30065,0.0088,0.57475
CVE-2021-30066,0.00246,0.14197
CVE-2021-30070,0.00749,0.53046
CVE-2021-30071,0.00574,0.4518
CVE-2021-30072,0.01434,0.7201
CVE-2021-30074,0.00785,0.54302
CVE-2021-30080,0.01259,0.68394
CVE-2021-30081,0.00982,0.60755
CVE-2021-30082,0.00812,0.55241
CVE-2021-30083,0.00839,0.56133
CVE-2021-30086,0.00685,0.50652
CVE-2021-30108,0.01109,0.64533
CVE-2021-30109,0.01224,0.67567
CVE-2021-30110,0.01967,0.79565
CVE-2021-30111,0.00734,0.52527
CVE-2021-30112,0.00743,0.52846
CVE-2021-30113,0.00946,0.59544
CVE-2021-30114,0.00743,0.52845
CVE-2021-30116,0.85735,0.9972
CVE-2021-30117,0.72054,0.99414
CVE-2021-30118,0.60348,0.99115
CVE-2021-30119,0.50323,0.98874
CVE-2021-30120,0.05701,0.92745
CVE-2021-30121,0.04828,0.9167
CVE-2021-30123,0.03403,0.88419
CVE-2021-30124,0.03049,0.87039
CVE-2021-30125,0.00588,0.45922
CVE-2021-30126,0.00674,0.50154
CVE-2021-30127,0.0085,0.56463
CVE-2021-30128,0.81209,0.99626
CVE-2021-30129,0.03049,0.87038
CVE-2021-30130,0.01055,0.63007
CVE-2021-30132,0.01119,0.64792
CVE-2021-30133,0.00754,0.5321
CVE-2021-30134,0.01261,0.68445
CVE-2021-30137,0.00711,0.5167
CVE-2021-30139,0.01618,0.75071
CVE-2021-30140,0.0136,0.70609
CVE-2021-30141,0.01517,0.73508
CVE-2021-30144,0.00806,0.55035
CVE-2021-30145,0.02429,0.83585
CVE-2021-30146,0.00853,0.56579
CVE-2021-30147,0.0352,0.88797
CVE-2021-30149,0.10064,0.95474
CVE-2021-30150,0.02775,0.85795
CVE-2021-30151,0.04158,0.90519
CVE-2021-30152,0.0123,0.67726
CVE-2021-30153,0.00835,0.56006
CVE-2021-30154,0.01301,0.69303
CVE-2021-30155,0.01212,0.67264
CVE-2021-30156,0.01143,0.65365
CVE-2021-30157,0.01406,0.71509
CVE-2021-30158,0.0173,0.76677
CVE-2021-30159,0.01519,0.73536
CVE-2021-30161,0.00107,0.01061
CVE-2021-30162,0.00114,0.01326
CVE-2021-30163,0.01158,0.65788
CVE-2021-30164,0.01316,0.69631
CVE-2021-30165,0.01073,0.63533
CVE-2021-30166,0.03786,0.89588
CVE-2021-30167,0.02443,0.83673
CVE-2021-30168,0.02075,0.80697
CVE-2021-30169,0.01679,0.75966
CVE-2021-30170,0.00586,0.45807
CVE-2021-30171,0.00586,0.45806
CVE-2021-30172,0.00586,0.45808
CVE-2021-30173,0.01237,0.6787
CVE-2021-30174,0.00586,0.45808
CVE-2021-30175,0.08548,0.9488
CVE-2021-30176,0.29036,0.98105
CVE-2021-30177,0.02363,0.83099
CVE-2021-30178,0.00306,0.20975
CVE-2021-30179,0.04084,0.90359
CVE-2021-30180,0.60427,0.99117
CVE-2021-30181,0.60596,0.99119
CVE-2021-30183,0.00866,0.57046
CVE-2021-30184,0.01769,0.77219
CVE-2021-30185,0.01047,0.62775
CVE-2021-30186,0.07356,0.94195
CVE-2021-30187,0.00268,0.17021
CVE-2021-30188,0.0127,0.68631
CVE-2021-30189,0.0127,0.68631
CVE-2021-30190,0.01391,0.71216
CVE-2021-30191,0.01017,0.61879
CVE-2021-30192,0.01151,0.65588
CVE-2021-30193,0.01151,0.65588
CVE-2021-30194,0.01151,0.65589
CVE-2021-30195,0.0718,0.94085
CVE-2021-30199,0.00875,0.57334
CVE-2021-30201,0.25446,0.97881
CVE-2021-30203,0.00596,0.46339
CVE-2021-30205,0.00515,0.41536
CVE-2021-30209,0.00755,0.53247
CVE-2021-30211,0.00499,0.40307
CVE-2021-30212,0.00581,0.45519
CVE-2021-30213,0.02721,0.85468
CVE-2021-30214,0.23795,0.97748
CVE-2021-30218,0.00747,0.53002
CVE-2021-30219,0.00747,0.53002
CVE-2021-30224,0.00689,0.50815
CVE-2021-30227,0.00717,0.51892
CVE-2021-30228,0.0327,0.87947
CVE-2021-30229,0.02884,0.86327
CVE-2021-30230,0.0327,0.87947
CVE-2021-30231,0.0327,0.87947
CVE-2021-30232,0.0327,0.87946
CVE-2021-30233,0.0327,0.87946
CVE-2021-30234,0.0327,0.87947
CVE-2021-30245,0.04942,0.91846
CVE-2021-30246,0.0096,0.60004
CVE-2021-30254,0.00156,0.041
CVE-2021-30255,0.00156,0.041
CVE-2021-30256,0.00162,0.04744
CVE-2021-30257,0.0016,0.04413
CVE-2021-30258,0.00162,0.04745
CVE-2021-30259,0.00154,0.03841
CVE-2021-30260,0.00153,0.03718
CVE-2021-30261,0.00162,0.04744
CVE-2021-30262,0.00146,0.03192
CVE-2021-30263,0.00148,0.03337
CVE-2021-30264,0.0015,0.0351
CVE-2021-30265,0.0015,0.03511
CVE-2021-30266,0.00176,0.06341
CVE-2021-30267,0.00148,0.03351
CVE-2021-30268,0.00154,0.03882
CVE-2021-30269,0.00151,0.03583
CVE-2021-30270,0.00151,0.03583
CVE-2021-30271,0.00151,0.03582
CVE-2021-30272,0.00151,0.03583
CVE-2021-30273,0.00568,0.44855
CVE-2021-30274,0.00154,0.03891
CVE-2021-30275,0.00154,0.0389
CVE-2021-30276,0.00154,0.0389
CVE-2021-30278,0.00145,0.03124
CVE-2021-30279,0.00135,0.02443
CVE-2021-30281,0.00159,0.04388
CVE-2021-30282,0.00154,0.03891
CVE-2021-30283,0.00129,0.02153
CVE-2021-30284,0.00612,0.47204
CVE-2021-30285,0.00147,0.03317
CVE-2021-30287,0.00568,0.44856
CVE-2021-30288,0.00162,0.04743
CVE-2021-30289,0.00157,0.04137
CVE-2021-30290,0.00105,0.00983
CVE-2021-30291,0.0016,0.04415
CVE-2021-30292,0.0016,0.04415
CVE-2021-30293,0.00568,0.44856
CVE-2021-30294,0.00139,0.02702
CVE-2021-30295,0.00162,0.04745
CVE-2021-30297,0.0015,0.03545
CVE-2021-30298,0.00144,0.03081
CVE-2021-30299,0.00122,0.01744
CVE-2021-30300,0.00568,0.44857
CVE-2021-30301,0.00568,0.44855
CVE-2021-30302,0.00658,0.49461
CVE-2021-30303,0.00157,0.04137
CVE-2021-30304,0.00611,0.47152
CVE-2021-30305,0.0015,0.03544
CVE-2021-30306,0.0015,0.03544
CVE-2021-30307,0.00568,0.44856
CVE-2021-30308,0.00157,0.04137
CVE-2021-30309,0.00145,0.03187
CVE-2021-30310,0.00596,0.46344
CVE-2021-30311,0.00157,0.04137
CVE-2021-30312,0.00642,0.48697
CVE-2021-30313,0.00101,0.00839
CVE-2021-30314,0.00145,0.03123
CVE-2021-30315,0.0016,0.04414
CVE-2021-30316,0.0016,0.04414
CVE-2021-30317,0.01389,0.71178
CVE-2021-30318,0.00146,0.03192
CVE-2021-30319,0.00155,0.0394
CVE-2021-30321,0.0078,0.54133
CVE-2021-30322,0.00154,0.03882
CVE-2021-30323,0.00154,0.03882
CVE-2021-30324,0.00145,0.0315
CVE-2021-30325,0.00145,0.0315
CVE-2021-30326,0.00568,0.44855
CVE-2021-30327,0.00203,0.09189
CVE-2021-30328,0.00579,0.45395
CVE-2021-30329,0.00579,0.45395
CVE-2021-30330,0.00568,0.44855
CVE-2021-30331,0.00144,0.03093
CVE-2021-30332,0.00568,0.44857
CVE-2021-30333,0.00145,0.03187
CVE-2021-30334,0.00159,0.04389
CVE-2021-30335,0.00154,0.03892
CVE-2021-30336,0.00154,0.03892
CVE-2021-30337,0.00154,0.03891
CVE-2021-30338,0.00159,0.04299
CVE-2021-30339,0.0016,0.04533
CVE-2021-30340,0.00597,0.46429
CVE-2021-30341,0.00795,0.54649
CVE-2021-30342,0.00485,0.39297
CVE-2021-30343,0.00485,0.39296
CVE-2021-30344,0.00597,0.46428
CVE-2021-30345,0.00156,0.04035
CVE-2021-30346,0.00156,0.04035
CVE-2021-30347,0.00502,0.40503
CVE-2021-30348,0.00226,0.12028
CVE-2021-30349,0.00159,0.04318
CVE-2021-30350,0.00159,0.04389
CVE-2021-30351,0.04018,0.90216
CVE-2021-30353,0.00568,0.44856
CVE-2021-30354,0.08401,0.94798
CVE-2021-30355,0.06909,0.93864
CVE-2021-30356,0.00995,0.61178
CVE-2021-30357,0.22792,0.97663
CVE-2021-30358,0.27466,0.98007
CVE-2021-30359,0.0393,0.89995
CVE-2021-30360,0.0057,0.44926
CVE-2021-30361,0.04466,0.91103
CVE-2021-30454,0.011,0.64296
CVE-2021-30455,0.011,0.64296
CVE-2021-30456,0.011,0.64296
CVE-2021-30457,0.011,0.64296
CVE-2021-30458,0.00977,0.60625
CVE-2021-30459,0.01941,0.79321
CVE-2021-30461,0.36632,0.98449
CVE-2021-30462,0.01803,0.77649
CVE-2021-30463,0.00497,0.40143
CVE-2021-30464,0.01198,0.6687
CVE-2021-30465,0.06604,0.93618
CVE-2021-30468,0.07024,0.93957
CVE-2021-30469,0.00704,0.51391
CVE-2021-30470,0.00691,0.50875
CVE-2021-30471,0.0073,0.52369
CVE-2021-30472,0.00763,0.53565
CVE-2021-30473,0.0205,0.80453
CVE-2021-30474,0.01885,0.78654
CVE-2021-30475,0.02216,0.81944
CVE-2021-30476,0.01597,0.74758
CVE-2021-30477,0.00656,0.49375
CVE-2021-30478,0.00575,0.45205
CVE-2021-30479,0.00862,0.56914
CVE-2021-30480,0.05837,0.92912
CVE-2021-30481,0.03504,0.88752
CVE-2021-30482,0.00944,0.59484
CVE-2021-30483,0.02182,0.81639
CVE-2021-30485,0.01124,0.64913
CVE-2021-30486,0.01017,0.61872
CVE-2021-30487,0.00651,0.49129
CVE-2021-30490,0.00298,0.20131
CVE-2021-30493,0.00515,0.41496
CVE-2021-30494,0.00495,0.39997
CVE-2021-30496,0.01177,0.66367
CVE-2021-30497,0.9658,0.99882
CVE-2021-30498,0.01346,0.70296
CVE-2021-30499,0.01245,0.68057
CVE-2021-30500,0.0123,0.67719
CVE-2021-30501,0.01041,0.62589
CVE-2021-30502,0.02899,0.86409
CVE-2021-30503,0.02908,0.86447
CVE-2021-30504,0.02307,0.82669
CVE-2021-30506,0.00831,0.55881
CVE-2021-30507,0.01166,0.6601
CVE-2021-30508,0.00965,0.60159
CVE-2021-30509,0.00839,0.56135
CVE-2021-30510,0.01216,0.67361
CVE-2021-30511,0.00892,0.57806
CVE-2021-30512,0.01234,0.67808
CVE-2021-30513,0.01999,0.79913
CVE-2021-30514,0.01107,0.64483
CVE-2021-30515,0.01201,0.66952
CVE-2021-30516,0.01343,0.70235
CVE-2021-30517,0.02517,0.84192
CVE-2021-30518,0.01343,0.70234
CVE-2021-30519,0.00916,0.58586
CVE-2021-30520,0.00881,0.57494
CVE-2021-30521,0.01334,0.70022
CVE-2021-30522,0.0143,0.71944
CVE-2021-30523,0.01102,0.64337
CVE-2021-30524,0.00962,0.60077
CVE-2021-30525,0.00896,0.57931
CVE-2021-30526,0.00989,0.61002
CVE-2021-30527,0.00962,0.60078
CVE-2021-30528,0.01346,0.70291
CVE-2021-30529,0.01004,0.61482
CVE-2021-30530,0.01181,0.66453
CVE-2021-30531,0.01741,0.76813
CVE-2021-30532,0.01167,0.66043
CVE-2021-30533,0.16611,0.96913
CVE-2021-30534,0.01216,0.67363
CVE-2021-30535,0.01128,0.64998
CVE-2021-30536,0.01185,0.66543
CVE-2021-30537,0.01143,0.65357
CVE-2021-30538,0.15728,0.96749
CVE-2021-30539,0.01284,0.68922
CVE-2021-30540,0.01438,0.72085
CVE-2021-30541,0.01724,0.7659
CVE-2021-30542,0.00788,0.5442
CVE-2021-30543,0.00788,0.54419
CVE-2021-30544,0.01236,0.67836
CVE-2021-30545,0.01101,0.6433
CVE-2021-30546,0.01101,0.6433
CVE-2021-30547,0.03582,0.88994
CVE-2021-30548,0.01173,0.66186
CVE-2021-30549,0.00931,0.59079
CVE-2021-30550,0.00874,0.57301
CVE-2021-30551,0.64701,0.9922
CVE-2021-30552,0.00977,0.60625
CVE-2021-30553,0.01173,0.66186
CVE-2021-30554,0.07367,0.94204
CVE-2021-30555,0.0135,0.70369
CVE-2021-30556,0.01746,0.76875
CVE-2021-30557,0.11747,0.95934
CVE-2021-30558,0.11494,0.9588
CVE-2021-30559,0.01312,0.69537
CVE-2021-30560,0.17634,0.97052
CVE-2021-30561,0.04737,0.91542
CVE-2021-30562,0.01312,0.69537
CVE-2021-30563,0.08928,0.95067
CVE-2021-30564,0.01419,0.71737
CVE-2021-30565,0.01886,0.78672
CVE-2021-30566,0.01737,0.76766
CVE-2021-30567,0.01156,0.65723
CVE-2021-30568,0.01512,0.73429
CVE-2021-30569,0.01359,0.70577
CVE-2021-30571,0.01189,0.66645
CVE-2021-30572,0.01592,0.74696
CVE-2021-30573,0.06282,0.93347
CVE-2021-30574,0.01602,0.74829
CVE-2021-30575,0.01595,0.74723
CVE-2021-30576,0.01233,0.67779
CVE-2021-30577,0.00952,0.59746
CVE-2021-30578,0.01738,0.76778
CVE-2021-30579,0.01592,0.74696
CVE-2021-30580,0.01341,0.70184
CVE-2021-30581,0.01233,0.6778
CVE-2021-30582,0.05488,0.92495
CVE-2021-30583,0.01791,0.77489
CVE-2021-30584,0.01905,0.78896
CVE-2021-30585,0.01359,0.70577
CVE-2021-30586,0.01053,0.62947
CVE-2021-30587,0.01695,0.76203
CVE-2021-30588,0.01992,0.79841
CVE-2021-30589,0.01517,0.73514
CVE-2021-30590,0.0282,0.86026
CVE-2021-30591,0.02524,0.84237
CVE-2021-30592,0.02002,0.79947
CVE-2021-30593,0.01948,0.79387
CVE-2021-30594,0.01254,0.68277
CVE-2021-30596,0.01718,0.76518
CVE-2021-30597,0.01254,0.68276
CVE-2021-30598,0.07003,0.93942
CVE-2021-30599,0.05422,0.92422
CVE-2021-30600,0.02539,0.84339
CVE-2021-30601,0.01944,0.79341
CVE-2021-30602,0.02118,0.81104
CVE-2021-30603,0.03874,0.89838
CVE-2021-30604,0.02524,0.84237
CVE-2021-30605,0.0012,0.01648
CVE-2021-30606,0.04125,0.9045
CVE-2021-30607,0.04125,0.90451
CVE-2021-30608,0.0407,0.90324
CVE-2021-30609,0.04144,0.90492
CVE-2021-30610,0.04136,0.9048
CVE-2021-30611,0.02788,0.85853
CVE-2021-30612,0.02768,0.85735
CVE-2021-30613,0.04125,0.9045
CVE-2021-30614,0.04456,0.91085
CVE-2021-30615,0.0559,0.92622
CVE-2021-30616,0.04144,0.90492
CVE-2021-30617,0.03741,0.89461
CVE-2021-30618,0.04125,0.9045
CVE-2021-30619,0.03468,0.88634
CVE-2021-30620,0.04125,0.90451
CVE-2021-30621,0.03468,0.88633
CVE-2021-30622,0.0407,0.90324
CVE-2021-30623,0.03972,0.9011
CVE-2021-30624,0.04125,0.9045
CVE-2021-30625,0.10127,0.95496
CVE-2021-30626,0.01013,0.61763
CVE-2021-30627,0.00905,0.58243
CVE-2021-30628,0.00979,0.60684
CVE-2021-30629,0.0088,0.57465
CVE-2021-30630,0.00732,0.52437
CVE-2021-30632,0.6319,0.99181
CVE-2021-30633,0.3318,0.98315
CVE-2021-30635,0.01842,0.78146
CVE-2021-30636,0.01475,0.72795
CVE-2021-30637,0.01898,0.78827
CVE-2021-30638,0.06559,0.93582
CVE-2021-30639,0.06889,0.93845
CVE-2021-30640,0.09886,0.95416
CVE-2021-30641,0.52612,0.98931
CVE-2021-30642,0.02665,0.85142
CVE-2021-30648,0.01447,0.72249
CVE-2021-30650,0.00722,0.52099
CVE-2021-30651,0.00735,0.52575
CVE-2021-30652,0.00824,0.55652
CVE-2021-30653,0.01142,0.65353
CVE-2021-30654,0.00248,0.14411
CVE-2021-30655,0.02289,0.82522
CVE-2021-30656,0.0086,0.56856
CVE-2021-30657,0.68531,0.99316
CVE-2021-30658,0.00388,0.30297
CVE-2021-30659,0.01245,0.68062
CVE-2021-30660,0.02072,0.80674
CVE-2021-30661,0.04491,0.91143
CVE-2021-30662,0.00856,0.56704
CVE-2021-30663,0.03493,0.88717
CVE-2021-30664,0.01015,0.61823
CVE-2021-30665,0.03675,0.89268
CVE-2021-30666,0.02998,0.86842
CVE-2021-30667,0.00443,0.35978
CVE-2021-30668,0.00268,0.16955
CVE-2021-30669,0.00415,0.33254
CVE-2021-30671,0.00562,0.44477
CVE-2021-30672,0.00915,0.58567
CVE-2021-30673,0.00727,0.52276
CVE-2021-30674,0.01075,0.6358
CVE-2021-30675,0.00792,0.54557
CVE-2021-30676,0.0033,0.23507
CVE-2021-30677,0.00349,0.25901
CVE-2021-30678,0.03307,0.88098
CVE-2021-30679,0.00817,0.55401
CVE-2021-30680,0.00309,0.21301
CVE-2021-30681,0.01028,0.62217
CVE-2021-30682,0.01666,0.75777
CVE-2021-30683,0.00997,0.61241
CVE-2021-30684,0.01455,0.72403
CVE-2021-30685,0.00878,0.57421
CVE-2021-30686,0.00864,0.56959
CVE-2021-30687,0.01181,0.66452
CVE-2021-30688,0.00291,0.1943
CVE-2021-30689,0.011,0.64308
CVE-2021-30690,0.01294,0.69148
CVE-2021-30691,0.00952,0.59745
CVE-2021-30692,0.00952,0.59744
CVE-2021-30693,0.01168,0.66067
CVE-2021-30694,0.00952,0.59744
CVE-2021-30695,0.00935,0.59221
CVE-2021-30696,0.01152,0.65631
CVE-2021-30697,0.00297,0.2005
CVE-2021-30698,0.02182,0.81639
CVE-2021-30699,0.00288,0.19209
CVE-2021-30700,0.00878,0.57422
CVE-2021-30701,0.01142,0.65353
CVE-2021-30702,0.00298,0.20122
CVE-2021-30703,0.00332,0.23807
CVE-2021-30704,0.00365,0.27793
CVE-2021-30705,0.00904,0.58194
CVE-2021-30706,0.00804,0.54979
CVE-2021-30707,0.01861,0.78395
CVE-2021-30708,0.01139,0.65267
CVE-2021-30709,0.009,0.58044
CVE-2021-30710,0.00923,0.58815
CVE-2021-30712,0.03766,0.89529
CVE-2021-30713,0.07038,0.93967
CVE-2021-30714,0.00514,0.41411
CVE-2021-30715,0.01706,0.76353
CVE-2021-30716,0.01623,0.75131
CVE-2021-30717,0.0202,0.80147
CVE-2021-30718,0.00607,0.46906
CVE-2021-30719,0.00279,0.18277
CVE-2021-30720,0.01372,0.70831
CVE-2021-30721,0.24292,0.97789
CVE-2021-30722,0.01641,0.75425
CVE-2021-30723,0.00992,0.61057
CVE-2021-30724,0.00809,0.55147
CVE-2021-30725,0.01222,0.67505
CVE-2021-30726,0.01322,0.69748
CVE-2021-30727,0.00961,0.6006
CVE-2021-30728,0.01322,0.69748
CVE-2021-30729,0.01142,0.65346
CVE-2021-30731,0.006,0.46554
CVE-2021-30733,0.00995,0.6117
CVE-2021-30734,0.02023,0.80174
CVE-2021-30735,0.01373,0.70854
CVE-2021-30736,0.0162,0.75102
CVE-2021-30737,0.01493,0.731
CVE-2021-30738,0.00305,0.20883
CVE-2021-30739,0.00323,0.22775
CVE-2021-30740,0.01462,0.7255
CVE-2021-30741,0.00842,0.56211
CVE-2021-30742,0.0107,0.63443
CVE-2021-30743,0.01196,0.66833
CVE-2021-30744,0.01155,0.65707
CVE-2021-30746,0.00975,0.60572
CVE-2021-30748,0.01351,0.70391
CVE-2021-30749,0.01677,0.75944
CVE-2021-30750,0.00845,0.56336
CVE-2021-30751,0.00767,0.53703
CVE-2021-30752,0.01162,0.65893
CVE-2021-30753,0.00911,0.58403
CVE-2021-30755,0.01331,0.69945
CVE-2021-30756,0.00298,0.20171
CVE-2021-30757,0.00823,0.55623
CVE-2021-30758,0.01664,0.75752
CVE-2021-30759,0.01518,0.73518
CVE-2021-30760,0.01336,0.70063
CVE-2021-30761,0.10545,0.95622
CVE-2021-30762,0.10986,0.95756
CVE-2021-30763,0.0083,0.55829
CVE-2021-30764,0.01157,0.65758
CVE-2021-30765,0.01333,0.69997
CVE-2021-30766,0.01333,0.69997
CVE-2021-30767,0.00271,0.17304
CVE-2021-30768,0.01101,0.64314
CVE-2021-30769,0.01112,0.64599
CVE-2021-30770,0.00381,0.29443
CVE-2021-30771,0.01347,0.70303
CVE-2021-30772,0.01106,0.64456
CVE-2021-30773,0.01142,0.65342
CVE-2021-30774,0.01243,0.68017
CVE-2021-30775,0.01222,0.67505
CVE-2021-30776,0.01004,0.61469
CVE-2021-30777,0.01178,0.66383
CVE-2021-30778,0.00844,0.56261
CVE-2021-30779,0.01293,0.69121
CVE-2021-30780,0.01301,0.69311
CVE-2021-30781,0.00365,0.2775
CVE-2021-30782,0.01093,0.64058
CVE-2021-30783,0.00342,0.25158
CVE-2021-30784,0.00326,0.2317
CVE-2021-30785,0.01844,0.78163
CVE-2021-30786,0.00791,0.54492
CVE-2021-30787,0.01058,0.63097
CVE-2021-30788,0.01146,0.65436
CVE-2021-30789,0.01248,0.68138
CVE-2021-30790,0.01204,0.67003
CVE-2021-30791,0.01116,0.64722
CVE-2021-30792,0.01291,0.69084
CVE-2021-30793,0.03055,0.87079
CVE-2021-30795,0.0214,0.81297
CVE-2021-30796,0.01609,0.74936
CVE-2021-30797,0.01867,0.78451
CVE-2021-30798,0.01774,0.7728
CVE-2021-30799,0.02244,0.82178
CVE-2021-30800,0.00652,0.49186
CVE-2021-30802,0.01328,0.69874
CVE-2021-30803,0.00798,0.54742
CVE-2021-30804,0.00745,0.52935
CVE-2021-30805,0.03146,0.87429
CVE-2021-30807,0.28839,0.98093
CVE-2021-30808,0.00836,0.56017
CVE-2021-30809,0.01511,0.7342
CVE-2021-30810,0.00529,0.4247
CVE-2021-30811,0.00303,0.20699
CVE-2021-30813,0.00246,0.142
CVE-2021-30814,0.01121,0.64834
CVE-2021-30815,0.00288,0.1916
CVE-2021-30816,0.00297,0.20065
CVE-2021-30817,0.00634,0.48292
CVE-2021-30818,0.01618,0.75066
CVE-2021-30819,0.00828,0.55784
CVE-2021-30820,0.02272,0.82379
CVE-2021-30821,0.01072,0.63498
CVE-2021-30823,0.02231,0.82069
CVE-2021-30824,0.01072,0.63498
CVE-2021-30825,0.00536,0.4292
CVE-2021-30826,0.01255,0.68289
CVE-2021-30827,0.00247,0.1431
CVE-2021-30828,0.00282,0.18606
CVE-2021-30829,0.00282,0.18611
CVE-2021-30830,0.0105,0.62843
CVE-2021-30831,0.00852,0.56559
CVE-2021-30832,0.00422,0.33986
CVE-2021-30833,0.42674,0.98669
CVE-2021-30834,0.01085,0.63884
CVE-2021-30835,0.03085,0.87194
CVE-2021-30836,0.01104,0.64406
CVE-2021-30837,0.01689,0.7612
CVE-2021-30838,0.01177,0.66371
CVE-2021-30840,0.0106,0.63149
CVE-2021-30841,0.01331,0.69951
CVE-2021-30842,0.01331,0.69952
CVE-2021-30843,0.01331,0.69952
CVE-2021-30844,0.01797,0.77557
CVE-2021-30845,0.00257,0.15652
CVE-2021-30846,0.01355,0.70489
CVE-2021-30847,0.02982,0.86771
CVE-2021-30848,0.0127,0.68631
CVE-2021-30849,0.01904,0.78889
CVE-2021-30850,0.00892,0.57822
CVE-2021-30851,0.02394,0.83311
CVE-2021-30852,0.01406,0.71508
CVE-2021-30853,0.06942,0.93888
CVE-2021-30854,0.0127,0.68631
CVE-2021-30855,0.02396,0.83332
CVE-2021-30856,0.00936,0.59253
CVE-2021-30857,0.00916,0.58571
CVE-2021-30858,0.13379,0.96289
CVE-2021-30859,0.01152,0.65628
CVE-2021-30860,0.75994,0.99515
CVE-2021-30861,0.01224,0.67578
CVE-2021-30862,0.01797,0.77552
CVE-2021-30863,0.0027,0.17283
CVE-2021-30864,0.01415,0.71666
CVE-2021-30865,0.01039,0.62519
CVE-2021-30866,0.00524,0.42165
CVE-2021-30867,0.00731,0.52415
CVE-2021-30868,0.00737,0.52643
CVE-2021-30869,0.04135,0.90476
CVE-2021-30870,0.00855,0.56678
CVE-2021-30871,0.00255,0.15358
CVE-2021-30873,0.00777,0.54047
CVE-2021-30874,0.00926,0.58879
CVE-2021-30875,0.00254,0.15261
CVE-2021-30876,0.00889,0.57705
CVE-2021-30877,0.00785,0.54295
CVE-2021-30879,0.00871,0.57188
CVE-2021-30880,0.00785,0.54295
CVE-2021-30881,0.01214,0.67304
CVE-2021-30882,0.00977,0.60622
CVE-2021-30883,0.14721,0.9656
CVE-2021-30884,0.0116,0.65816
CVE-2021-30886,0.0123,0.67728
CVE-2021-30887,0.01784,0.77399
CVE-2021-30888,0.01729,0.76654
CVE-2021-30889,0.01932,0.7921
CVE-2021-30890,0.01456,0.72432
CVE-2021-30892,0.10352,0.95565
CVE-2021-30894,0.01095,0.64168
CVE-2021-30895,0.00925,0.58871
CVE-2021-30896,0.00884,0.57567
CVE-2021-30897,0.01714,0.76473
CVE-2021-30898,0.00246,0.14261
CVE-2021-30899,0.00814,0.55297
CVE-2021-30900,0.05204,0.92193
CVE-2021-30901,0.01138,0.65237
CVE-2021-30902,0.00434,0.35149
CVE-2021-30903,0.00349,0.25956
CVE-2021-30904,0.00804,0.54976
CVE-2021-30905,0.01113,0.64637
CVE-2021-30906,0.00308,0.21112
CVE-2021-30907,0.00976,0.60602
CVE-2021-30908,0.00278,0.18128
CVE-2021-30909,0.01375,0.70907
CVE-2021-30910,0.01078,0.63652
CVE-2021-30911,0.00866,0.5702
CVE-2021-30912,0.01587,0.74606
CVE-2021-30913,0.01588,0.74628
CVE-2021-30914,0.01059,0.63124
CVE-2021-30915,0.00328,0.23316
CVE-2021-30916,0.01561,0.74242
CVE-2021-30917,0.01542,0.73917
CVE-2021-30918,0.00328,0.23316
CVE-2021-30919,0.01574,0.74426
CVE-2021-30920,0.00231,0.1254
CVE-2021-30921,0.0029,0.19339
CVE-2021-30922,0.00332,0.23779
CVE-2021-30923,0.00703,0.51371
CVE-2021-30924,0.0233,0.82852
CVE-2021-30925,0.01296,0.69197
CVE-2021-30926,0.0132,0.69703
CVE-2021-30927,0.0035,0.26018
CVE-2021-30928,0.01425,0.71845
CVE-2021-30929,0.00301,0.20428
CVE-2021-30930,0.00869,0.57124
CVE-2021-30931,0.0089,0.5774
CVE-2021-30932,0.0032,0.22494
CVE-2021-30933,0.00723,0.52123
CVE-2021-30934,0.02641,0.84991
CVE-2021-30935,0.00735,0.52586
CVE-2021-30936,0.01992,0.79843
CVE-2021-30937,0.17294,0.97008
CVE-2021-30938,0.00323,0.22805
CVE-2021-30939,0.0405,0.90284
CVE-2021-30940,0.00958,0.5993
CVE-2021-30941,0.00958,0.5993
CVE-2021-30942,0.01509,0.73386
CVE-2021-30943,0.00802,0.54866
CVE-2021-30944,0.00791,0.54493
CVE-2021-30945,0.00307,0.21043
CVE-2021-30946,0.009,0.58038
CVE-2021-30947,0.00875,0.57318
CVE-2021-30948,0.00299,0.20226
CVE-2021-30949,0.02075,0.807
CVE-2021-30950,0.0103,0.62263
CVE-2021-30951,0.0202,0.80154
CVE-2021-30952,0.06964,0.93905
CVE-2021-30953,0.01952,0.7943
CVE-2021-30954,0.0144,0.72114
CVE-2021-30955,0.04787,0.91615
CVE-2021-30956,0.00427,0.34404
CVE-2021-30957,0.01316,0.69615
CVE-2021-30958,0.01142,0.65339
CVE-2021-30959,0.00841,0.56196
CVE-2021-30960,0.01008,0.61584
CVE-2021-30961,0.00841,0.56196
CVE-2021-30962,0.00698,0.51138
CVE-2021-30963,0.00841,0.56196
CVE-2021-30964,0.00844,0.5628
CVE-2021-30965,0.01307,0.69426
CVE-2021-30966,0.01502,0.73263
CVE-2021-30967,0.00261,0.1605
CVE-2021-30968,0.01065,0.63286
CVE-2021-30969,0.01102,0.64343
CVE-2021-30970,0.14664,0.96547
CVE-2021-30971,0.01269,0.68602
CVE-2021-30972,0.00313,0.21743
CVE-2021-30973,0.00868,0.57083
CVE-2021-30975,0.01795,0.77531
CVE-2021-30976,0.00981,0.60741
CVE-2021-30977,0.0151,0.73406
CVE-2021-30979,0.01562,0.74251
CVE-2021-30980,0.01422,0.71793
CVE-2021-30981,0.01745,0.76856
CVE-2021-30982,0.01454,0.72394
CVE-2021-30983,0.02923,0.86521
CVE-2021-30984,0.0167,0.75844
CVE-2021-30985,0.01071,0.63465
CVE-2021-30986,0.00275,0.17825
CVE-2021-30987,0.00255,0.15313
CVE-2021-30988,0.0072,0.5202
CVE-2021-30990,0.00981,0.60741
CVE-2021-30991,0.01071,0.63466
CVE-2021-30992,0.00295,0.19897
CVE-2021-30993,0.02345,0.82969
CVE-2021-30994,0.00572,0.45055
CVE-2021-30995,0.02357,0.83062
CVE-2021-30996,0.00814,0.55294
CVE-2021-30997,0.00688,0.50768
CVE-2021-30998,0.00548,0.43623
CVE-2021-30999,0.00543,0.43336
CVE-2021-31000,0.00673,0.50141
CVE-2021-31001,0.00818,0.55427
CVE-2021-31002,0.00866,0.57042
CVE-2021-31004,0.00476,0.38622
CVE-2021-31005,0.00896,0.57938
CVE-2021-31006,0.00845,0.56337
CVE-2021-31007,0.00868,0.57105
CVE-2021-31008,0.01286,0.68968
CVE-2021-31009,0.01199,0.66898
CVE-2021-31010,0.03673,0.89263
CVE-2021-31013,0.00797,0.54707
CVE-2021-31152,0.03753,0.89493
CVE-2021-31153,0.00426,0.34301
CVE-2021-31154,0.00468,0.38027
CVE-2021-31155,0.00408,0.32432
CVE-2021-31156,0.00954,0.59802
CVE-2021-31158,0.00704,0.51409
CVE-2021-31159,0.17772,0.97067
CVE-2021-31160,0.03517,0.88791
CVE-2021-31162,0.0289,0.86363
CVE-2021-31164,0.02283,0.82469
CVE-2021-31165,0.00977,0.60642
CVE-2021-31166,0.99772,0.99954
CVE-2021-31167,0.01013,0.61771
CVE-2021-31168,0.00977,0.60642
CVE-2021-31169,0.00977,0.60642
CVE-2021-31170,0.0101,0.61652
CVE-2021-31171,0.00647,0.48933
CVE-2021-31172,0.01812,0.77763
CVE-2021-31173,0.02079,0.80737
CVE-2021-31174,0.02939,0.86583
CVE-2021-31175,0.03156,0.8747
CVE-2021-31176,0.03047,0.87034
CVE-2021-31177,0.03061,0.871
CVE-2021-31178,0.16012,0.96798
CVE-2021-31179,0.13494,0.96314
CVE-2021-31180,0.02343,0.82955
CVE-2021-31181,0.288,0.98089
CVE-2021-31182,0.00835,0.55996
CVE-2021-31183,0.03812,0.89672
CVE-2021-31184,0.0156,0.7421
CVE-2021-31185,0.00648,0.48961
CVE-2021-31186,0.02966,0.867
CVE-2021-31187,0.01136,0.65187
CVE-2021-31188,0.01368,0.70755
CVE-2021-31190,0.0055,0.43783
CVE-2021-31191,0.0076,0.53455
CVE-2021-31192,0.02253,0.82235
CVE-2021-31193,0.00524,0.42128
CVE-2021-31194,0.02352,0.8302
CVE-2021-31195,0.73676,0.99459
CVE-2021-31196,0.54056,0.98971
CVE-2021-31198,0.04873,0.91741
CVE-2021-31199,0.02954,0.8665
CVE-2021-31200,0.02482,0.83949
CVE-2021-31201,0.02617,0.84838
CVE-2021-31204,0.01365,0.70695
CVE-2021-31205,0.02911,0.86462
CVE-2021-31206,0.13006,0.96201
CVE-2021-31207,0.99782,0.99955
CVE-2021-31208,0.00584,0.45724
CVE-2021-31209,0.02627,0.84899
CVE-2021-31211,0.02519,0.84208
CVE-2021-31213,0.52751,0.98936
CVE-2021-31214,0.02914,0.86476
CVE-2021-31215,0.02902,0.86421
CVE-2021-31216,0.00724,0.52164
CVE-2021-31217,0.04009,0.90195
CVE-2021-31220,0.00304,0.20766
CVE-2021-31221,0.00487,0.39429
CVE-2021-31222,0.00459,0.37264
CVE-2021-31223,0.00607,0.46925
CVE-2021-31224,0.00329,0.23412
CVE-2021-31225,0.00333,0.23992
CVE-2021-31226,0.03155,0.87466
CVE-2021-31227,0.01675,0.75913
CVE-2021-31228,0.0127,0.68632
CVE-2021-31229,0.00994,0.61132
CVE-2021-31231,0.00277,0.18091
CVE-2021-31232,0.0037,0.28369
CVE-2021-31233,0.01094,0.64152
CVE-2021-31239,0.0216,0.8147
CVE-2021-31240,0.00282,0.18566
CVE-2021-31245,0.02087,0.80816
CVE-2021-31249,0.18003,0.97095
CVE-2021-31250,0.79605,0.99596
CVE-2021-31251,0.35714,0.98413
CVE-2021-31252,0.28551,0.98074
CVE-2021-31254,0.01465,0.72618
CVE-2021-31255,0.01472,0.72736
CVE-2021-31256,0.01061,0.63175
CVE-2021-31257,0.00872,0.57232
CVE-2021-31258,0.00872,0.57233
CVE-2021-31259,0.00904,0.58194
CVE-2021-31260,0.00872,0.57232
CVE-2021-31261,0.0107,0.63445
CVE-2021-31262,0.00879,0.5745
CVE-2021-31272,0.03169,0.87521
CVE-2021-31274,0.00778,0.54053
CVE-2021-31280,0.00406,0.32283
CVE-2021-31292,0.02555,0.84441
CVE-2021-31294,0.01309,0.69486
CVE-2021-31314,0.0074,0.52768
CVE-2021-31315,0.01288,0.69016
CVE-2021-31316,0.13272,0.96259
CVE-2021-31317,0.01288,0.69015
CVE-2021-31318,0.01288,0.69015
CVE-2021-31319,0.01288,0.69015
CVE-2021-31320,0.01218,0.67395
CVE-2021-31321,0.01101,0.64323
CVE-2021-31322,0.01425,0.71844
CVE-2021-31323,0.01275,0.68748
CVE-2021-31324,0.34619,0.98372
CVE-2021-31326,0.02199,0.81802
CVE-2021-31327,0.01663,0.75739
CVE-2021-31329,0.01663,0.75739
CVE-2021-31330,0.00809,0.55145
CVE-2021-31337,0.01678,0.75957
CVE-2021-31338,0.00242,0.13782
CVE-2021-31339,0.00761,0.53483
CVE-2021-31340,0.00988,0.60963
CVE-2021-31341,0.00721,0.5205
CVE-2021-31342,0.02505,0.84101
CVE-2021-31343,0.02505,0.84101
CVE-2021-31344,0.01456,0.72418
CVE-2021-31345,0.0163,0.75249
CVE-2021-31346,0.01965,0.79544
CVE-2021-31347,0.01106,0.6446
CVE-2021-31348,0.01095,0.64162
CVE-2021-31349,0.01721,0.76556
CVE-2021-31350,0.00873,0.57271
CVE-2021-31351,0.0102,0.61936
CVE-2021-31352,0.00834,0.55974
CVE-2021-31353,0.01167,0.66027
CVE-2021-31354,0.00629,0.48035
CVE-2021-31355,0.00807,0.55098
CVE-2021-31356,0.00869,0.5714
CVE-2021-31357,0.00631,0.48142
CVE-2021-31358,0.00624,0.47795
CVE-2021-31359,0.00244,0.14041
CVE-2021-31360,0.00208,0.09814
CVE-2021-31361,0.01048,0.62801
CVE-2021-31362,0.00422,0.3403
CVE-2021-31363,0.00404,0.32065
CVE-2021-31364,0.00661,0.49585
CVE-2021-31365,0.00397,0.3132
CVE-2021-31366,0.0042,0.33741
CVE-2021-31367,0.00397,0.3132
CVE-2021-31368,0.01084,0.63852
CVE-2021-31369,0.00975,0.60563
CVE-2021-31370,0.00422,0.34029
CVE-2021-31371,0.00842,0.56203
CVE-2021-31372,0.01229,0.67703
CVE-2021-31373,0.00807,0.55098
CVE-2021-31374,0.0102,0.61936
CVE-2021-31375,0.00802,0.54882
CVE-2021-31376,0.0102,0.61936
CVE-2021-31377,0.00198,0.08633
CVE-2021-31378,0.01008,0.61563
CVE-2021-31379,0.01336,0.70073
CVE-2021-31380,0.01137,0.65218
CVE-2021-31381,0.01158,0.6578
CVE-2021-31382,0.00603,0.46711
CVE-2021-31383,0.01006,0.61529
CVE-2021-31384,0.01161,0.65875
CVE-2021-31385,0.01504,0.73286
CVE-2021-31386,0.00713,0.51722
CVE-2021-31399,0.00846,0.56364
CVE-2021-31400,0.01493,0.73103
CVE-2021-31401,0.02252,0.82231
CVE-2021-31402,0.01167,0.6604
CVE-2021-31403,0.00306,0.20908
CVE-2021-31404,0.0021,0.10152
CVE-2021-31405,0.01127,0.64993
CVE-2021-31406,0.00211,0.10236
CVE-2021-31407,0.02382,0.83223
CVE-2021-31408,0.00322,0.22703
CVE-2021-31409,0.01672,0.75861
CVE-2021-31410,0.0169,0.76137
CVE-2021-31411,0.00231,0.12605
CVE-2021-31412,0.01318,0.69658
CVE-2021-31414,0.02414,0.83465
CVE-2021-31417,0.0043,0.34693
CVE-2021-31418,0.0043,0.34693
CVE-2021-31419,0.0043,0.34692
CVE-2021-31420,0.00436,0.35326
CVE-2021-31421,0.00405,0.32147
CVE-2021-31422,0.00299,0.20305
CVE-2021-31423,0.00448,0.36439
CVE-2021-31424,0.00436,0.35326
CVE-2021-31425,0.00452,0.36754
CVE-2021-31426,0.00452,0.36753
CVE-2021-31427,0.00279,0.18279
CVE-2021-31428,0.00442,0.3587
CVE-2021-31429,0.00442,0.3587
CVE-2021-31430,0.00448,0.36438
CVE-2021-31431,0.00448,0.36438
CVE-2021-31432,0.00448,0.36438
CVE-2021-31433,0.02761,0.85698
CVE-2021-31434,0.02761,0.85698
CVE-2021-31435,0.02761,0.85697
CVE-2021-31436,0.02761,0.85698
CVE-2021-31437,0.02761,0.85697
CVE-2021-31438,0.02761,0.85697
CVE-2021-31439,0.02331,0.82856
CVE-2021-31440,0.01754,0.77003
CVE-2021-31441,0.02784,0.85841
CVE-2021-31442,0.02819,0.86017
CVE-2021-31443,0.02023,0.80184
CVE-2021-31444,0.02023,0.80184
CVE-2021-31445,0.02023,0.80183
CVE-2021-31446,0.02682,0.85248
CVE-2021-31447,0.02023,0.80182
CVE-2021-31448,0.02023,0.80183
CVE-2021-31449,0.02819,0.86017
CVE-2021-31450,0.02784,0.8584
CVE-2021-31451,0.02784,0.85841
CVE-2021-31452,0.02933,0.86565
CVE-2021-31453,0.02784,0.85841
CVE-2021-31454,0.02511,0.84145
CVE-2021-31455,0.02761,0.85697
CVE-2021-31456,0.02778,0.85814
CVE-2021-31457,0.02778,0.85815
CVE-2021-31458,0.02755,0.85657
CVE-2021-31459,0.02778,0.85814
CVE-2021-31460,0.02755,0.85656
CVE-2021-31461,0.04287,0.90767
CVE-2021-31462,0.02018,0.80136
CVE-2021-31463,0.02018,0.80136
CVE-2021-31464,0.02018,0.80136
CVE-2021-31465,0.02812,0.85979
CVE-2021-31466,0.02819,0.86016
CVE-2021-31467,0.02018,0.80136
CVE-2021-31468,0.02819,0.86016
CVE-2021-31469,0.02132,0.81233
CVE-2021-31470,0.02819,0.86016
CVE-2021-31471,0.02144,0.81338
CVE-2021-31472,0.02819,0.86017
CVE-2021-31473,0.05589,0.92621
CVE-2021-31474,0.93939,0.99843
CVE-2021-31475,0.06485,0.9352
CVE-2021-31476,0.06379,0.93425
CVE-2021-31477,0.0264,0.84986
CVE-2021-31478,0.01419,0.71746
CVE-2021-31479,0.01419,0.71746
CVE-2021-31480,0.01419,0.71745
CVE-2021-31481,0.01419,0.71747
CVE-2021-31482,0.01419,0.71746
CVE-2021-31483,0.01419,0.71746
CVE-2021-31484,0.01419,0.71748
CVE-2021-31485,0.01419,0.71748
CVE-2021-31486,0.01419,0.71748
CVE-2021-31487,0.01419,0.71749
CVE-2021-31488,0.01419,0.71749
CVE-2021-31489,0.01419,0.71745
CVE-2021-31490,0.01419,0.71744
CVE-2021-31491,0.01419,0.71744
CVE-2021-31492,0.01419,0.71744
CVE-2021-31493,0.01513,0.73452
CVE-2021-31494,0.01419,0.71748
CVE-2021-31495,0.01556,0.74163
CVE-2021-31496,0.01419,0.71743
CVE-2021-31497,0.01419,0.71747
CVE-2021-31498,0.01097,0.64236
CVE-2021-31499,0.01419,0.71747
CVE-2021-31500,0.01419,0.71747
CVE-2021-31501,0.01097,0.64236
CVE-2021-31502,0.01419,0.71745
CVE-2021-31503,0.01384,0.71069
CVE-2021-31504,0.01419,0.71744
CVE-2021-31505,0.00551,0.43801
CVE-2021-31506,0.01422,0.71798
CVE-2021-31507,0.01811,0.77751
CVE-2021-31508,0.01811,0.77751
CVE-2021-31509,0.01811,0.77752
CVE-2021-31510,0.01811,0.77753
CVE-2021-31511,0.01811,0.77753
CVE-2021-31512,0.01811,0.77751
CVE-2021-31513,0.01811,0.77752
CVE-2021-31514,0.01811,0.77752
CVE-2021-31515,0.02384,0.83234
CVE-2021-31516,0.02384,0.83234
CVE-2021-31517,0.01097,0.64235
CVE-2021-31518,0.01097,0.64236
CVE-2021-31519,0.00346,0.25591
CVE-2021-31520,0.03901,0.89902
CVE-2021-31521,0.01398,0.71344
CVE-2021-31522,0.02902,0.86423
CVE-2021-31523,0.00318,0.2227
CVE-2021-31525,0.03692,0.89313
CVE-2021-31530,0.02776,0.85804
CVE-2021-31531,0.0237,0.8314
CVE-2021-31532,0.00452,0.36721
CVE-2021-31535,0.10634,0.95648
CVE-2021-31537,0.07718,0.94414
CVE-2021-31538,0.01486,0.72992
CVE-2021-31539,0.00299,0.20233
CVE-2021-31540,0.00389,0.3036
CVE-2021-31542,0.05334,0.92334
CVE-2021-31545,0.00821,0.55566
CVE-2021-31546,0.00719,0.5199
CVE-2021-31547,0.0087,0.57174
CVE-2021-31548,0.00693,0.50963
CVE-2021-31549,0.00803,0.54921
CVE-2021-31550,0.0045,0.36618
CVE-2021-31551,0.00895,0.57893
CVE-2021-31552,0.00576,0.45255
CVE-2021-31553,0.014,0.71394
CVE-2021-31554,0.00491,0.39756
CVE-2021-31555,0.00797,0.54717
CVE-2021-31556,0.01615,0.7502
CVE-2021-31558,0.10562,0.95627
CVE-2021-31559,0.00892,0.57824
CVE-2021-31562,0.00488,0.39556
CVE-2021-31566,0.00386,0.30015
CVE-2021-31567,0.01391,0.71218
CVE-2021-31571,0.01382,0.71054
CVE-2021-31572,0.01382,0.71054
CVE-2021-31573,0.01679,0.75969
CVE-2021-31574,0.01679,0.75969
CVE-2021-31575,0.01679,0.75968
CVE-2021-31576,0.01007,0.61546
CVE-2021-31577,0.01147,0.65463
CVE-2021-31578,0.01277,0.68782
CVE-2021-31579,0.01283,0.68892
CVE-2021-31580,0.03023,0.86944
CVE-2021-31581,0.01207,0.6709
CVE-2021-31583,0.01123,0.64879
CVE-2021-31584,0.00926,0.58913
CVE-2021-31585,0.00934,0.59172
CVE-2021-31586,0.44106,0.98712
CVE-2021-31589,0.25133,0.97863
CVE-2021-31590,0.02653,0.85065
CVE-2021-31597,0.02039,0.80329
CVE-2021-31598,0.01347,0.70312
CVE-2021-31599,0.0234,0.82932
CVE-2021-31600,0.00982,0.60778
CVE-2021-31601,0.0135,0.70377
CVE-2021-31602,0.51653,0.98911
CVE-2021-31604,0.00678,0.50329
CVE-2021-31605,0.03341,0.88212
CVE-2021-31606,0.0255,0.84403
CVE-2021-31607,0.05922,0.92994
CVE-2021-31608,0.00444,0.36083
CVE-2021-31609,0.0041,0.32605
CVE-2021-31610,0.00559,0.44304
CVE-2021-31611,0.00366,0.27872
CVE-2021-31612,0.00531,0.42598
CVE-2021-31613,0.00575,0.45223
CVE-2021-31615,0.00405,0.3213
CVE-2021-31616,0.02497,0.84048
CVE-2021-31617,0.02089,0.80844
CVE-2021-31618,0.51489,0.98908
CVE-2021-31624,0.01144,0.65388
CVE-2021-31627,0.01144,0.65388
CVE-2021-31630,0.27075,0.97983
CVE-2021-31631,0.00537,0.4293
CVE-2021-31632,0.01808,0.77704
CVE-2021-31635,0.01206,0.67076
CVE-2021-31637,0.00282,0.18581
CVE-2021-31641,0.05125,0.92094
CVE-2021-31642,0.4367,0.98699
CVE-2021-31643,0.8845,0.99768
CVE-2021-31645,0.01958,0.79479
CVE-2021-31646,0.01339,0.70147
CVE-2021-31649,0.0182,0.77877
CVE-2021-31650,0.01386,0.71106
CVE-2021-31651,0.00341,0.25024
CVE-2021-31655,0.00746,0.52968
CVE-2021-31658,0.01023,0.62054
CVE-2021-31659,0.00559,0.44306
CVE-2021-31660,0.01345,0.7028
CVE-2021-31661,0.01345,0.7028
CVE-2021-31662,0.01345,0.7028
CVE-2021-31663,0.01615,0.75029
CVE-2021-31664,0.01345,0.7028
CVE-2021-31671,0.00731,0.5241
CVE-2021-31673,0.02559,0.84465
CVE-2021-31674,0.03949,0.90047
CVE-2021-31676,0.00893,0.57833
CVE-2021-31677,0.0059,0.46062
CVE-2021-31678,0.00556,0.44104
CVE-2021-31679,0.00564,0.44657
CVE-2021-31680,0.0042,0.33746
CVE-2021-31681,0.0042,0.33746
CVE-2021-31682,0.10509,0.95612
CVE-2021-31684,0.023,0.82617
CVE-2021-31693,0.00417,0.33448
CVE-2021-31698,0.01997,0.79891
CVE-2021-31701,0.00912,0.58444
CVE-2021-31702,0.01236,0.6785
CVE-2021-31703,0.01228,0.67657
CVE-2021-31707,0.01256,0.68338
CVE-2021-31711,0.00491,0.39728
CVE-2021-31712,0.00792,0.54564
CVE-2021-31718,0.00956,0.59857
CVE-2021-31721,0.00894,0.57877
CVE-2021-31726,0.01773,0.77276
CVE-2021-31727,0.00374,0.28711
CVE-2021-31728,0.03399,0.88407
CVE-2021-31731,0.0132,0.69695
CVE-2021-31737,0.0385,0.89773
CVE-2021-31738,0.00937,0.5927
CVE-2021-31739,0.00444,0.36047
CVE-2021-31740,0.00428,0.34487
CVE-2021-31745,0.01202,0.66982
CVE-2021-31746,0.02421,0.83522
CVE-2021-31747,0.0034,0.24889
CVE-2021-31755,0.86891,0.99741
CVE-2021-31756,0.02905,0.86434
CVE-2021-31757,0.03274,0.87963
CVE-2021-31758,0.06619,0.93628
CVE-2021-31760,0.08485,0.94845
CVE-2021-31761,0.33569,0.98331
CVE-2021-31762,0.0878,0.95001
CVE-2021-31769,0.04062,0.90306
CVE-2021-31776,0.00314,0.21831
CVE-2021-31777,0.01406,0.71508
CVE-2021-31778,0.00534,0.42795
CVE-2021-31779,0.00474,0.38536
CVE-2021-31780,0.01047,0.62758
CVE-2021-31783,0.0062,0.47595
CVE-2021-31784,0.00852,0.56556
CVE-2021-31785,0.00443,0.35964
CVE-2021-31786,0.00443,0.35964
CVE-2021-31787,0.0051,0.41157
CVE-2021-31791,0.00602,0.46648
CVE-2021-31792,0.00869,0.57129
CVE-2021-31793,0.01275,0.68741
CVE-2021-31794,0.00668,0.49897
CVE-2021-31795,0.00363,0.27534
CVE-2021-31796,0.01763,0.77125
CVE-2021-31797,0.00344,0.2532
CVE-2021-31798,0.00437,0.35526
CVE-2021-31799,0.0148,0.72872
CVE-2021-31800,0.19409,0.97275
CVE-2021-31802,0.14177,0.96459
CVE-2021-31803,0.00581,0.45516
CVE-2021-31804,0.00769,0.53784
CVE-2021-31805,0.85433,0.99715
CVE-2021-31806,0.95785,0.99871
CVE-2021-31807,0.15972,0.96789
CVE-2021-31808,0.05344,0.92343
CVE-2021-31810,0.0305,0.87054
CVE-2021-31811,0.03445,0.88563
CVE-2021-31812,0.03054,0.87072
CVE-2021-31813,0.78268,0.99566
CVE-2021-31814,0.00204,0.09345
CVE-2021-31815,0.00131,0.02246
CVE-2021-31816,0.00858,0.5678
CVE-2021-31817,0.00858,0.56781
CVE-2021-31818,0.00622,0.47682
CVE-2021-31819,0.02355,0.83051
CVE-2021-31820,0.00611,0.47162
CVE-2021-31821,0.00185,0.07305
CVE-2021-31822,0.00215,0.10675
CVE-2021-31826,0.02,0.79922
CVE-2021-31827,0.01213,0.67294
CVE-2021-31828,0.00893,0.57841
CVE-2021-31829,0.00313,0.21712
CVE-2021-31830,0.00501,0.40431
CVE-2021-31831,0.00636,0.48365
CVE-2021-31832,0.00503,0.4057
CVE-2021-31833,0.00251,0.14808
CVE-2021-31834,0.00456,0.37031
CVE-2021-31835,0.00561,0.44422
CVE-2021-31836,0.00197,0.0842
CVE-2021-31837,0.00375,0.28851
CVE-2021-31838,0.02087,0.8082
CVE-2021-31839,0.00182,0.07008
CVE-2021-31840,0.00348,0.25754
CVE-2021-31841,0.00241,0.13746
CVE-2021-31842,0.00227,0.1211
CVE-2021-31843,0.00309,0.21278
CVE-2021-31844,0.00376,0.2893
CVE-2021-31845,0.01118,0.64769
CVE-2021-31847,0.00399,0.31434
CVE-2021-31848,0.00812,0.55234
CVE-2021-31849,0.01079,0.63669
CVE-2021-31850,0.00967,0.6023
CVE-2021-31851,0.00816,0.55376
CVE-2021-31852,0.00813,0.55261
CVE-2021-31853,0.00198,0.08631
CVE-2021-31854,0.01012,0.61741
CVE-2021-31855,0.00609,0.46994
CVE-2021-31856,0.75384,0.99501
CVE-2021-31857,0.03082,0.87183
CVE-2021-31858,0.00634,0.48277
CVE-2021-31859,0.00333,0.24002
CVE-2021-31862,0.03985,0.90141
CVE-2021-31863,0.01737,0.76767
CVE-2021-31864,0.01192,0.66724
CVE-2021-31865,0.01134,0.65129
CVE-2021-31866,0.01226,0.67615
CVE-2021-31867,0.01225,0.67607
CVE-2021-31868,0.00474,0.38536
CVE-2021-31869,0.01084,0.63861
CVE-2021-31870,0.02076,0.8071
CVE-2021-31871,0.01875,0.78552
CVE-2021-31872,0.02076,0.8071
CVE-2021-31873,0.02165,0.81505
CVE-2021-31874,0.04294,0.9078
CVE-2021-31875,0.02174,0.81579
CVE-2021-31876,0.01608,0.74923
CVE-2021-31878,0.02432,0.83608
CVE-2021-31879,0.01104,0.64392
CVE-2021-31881,0.01526,0.73645
CVE-2021-31882,0.01525,0.73637
CVE-2021-31883,0.01526,0.73646
CVE-2021-31884,0.01499,0.73212
CVE-2021-31885,0.01237,0.67858
CVE-2021-31886,0.03049,0.8704
CVE-2021-31887,0.02449,0.83724
CVE-2021-31888,0.02449,0.83724
CVE-2021-31889,0.02175,0.8159
CVE-2021-31890,0.02221,0.81982
CVE-2021-31891,0.03842,0.89755
CVE-2021-31892,0.00486,0.39359
CVE-2021-31893,0.00563,0.44552
CVE-2021-31894,0.00228,0.12207
CVE-2021-31895,0.02195,0.81772
CVE-2021-31897,0.01541,0.73914
CVE-2021-31898,0.00628,0.47971
CVE-2021-31899,0.01264,0.68519
CVE-2021-31900,0.00715,0.5182
CVE-2021-31901,0.00864,0.5697
CVE-2021-31902,0.01192,0.66736
CVE-2021-31903,0.00778,0.54086
CVE-2021-31904,0.00747,0.52986
CVE-2021-31905,0.01875,0.78553
CVE-2021-31906,0.00573,0.45116
CVE-2021-31907,0.00883,0.57536
CVE-2021-31908,0.00465,0.37717
CVE-2021-31909,0.03207,0.87676
CVE-2021-31910,0.01349,0.7035
CVE-2021-31911,0.00747,0.52985
CVE-2021-31912,0.01236,0.67853
CVE-2021-31913,0.00706,0.5148
CVE-2021-31914,0.0225,0.82212
CVE-2021-31915,0.03213,0.87702
CVE-2021-31916,0.00704,0.5139
CVE-2021-31917,0.01347,0.70305
CVE-2021-31918,0.00998,0.61255
CVE-2021-31919,0.01079,0.63682
CVE-2021-31920,0.01174,0.6624
CVE-2021-31921,0.01454,0.72392
CVE-2021-31922,0.00973,0.60503
CVE-2021-31923,0.00708,0.51565
CVE-2021-31924,0.00333,0.24
CVE-2021-31925,0.01328,0.69878
CVE-2021-31926,0.00888,0.57688
CVE-2021-31927,0.00506,0.40749
CVE-2021-31928,0.01167,0.66035
CVE-2021-31929,0.00506,0.40749
CVE-2021-31930,0.00921,0.58731
CVE-2021-31932,0.21639,0.97552
CVE-2021-31933,0.13933,0.96417
CVE-2021-31934,0.00944,0.59499
CVE-2021-31935,0.00944,0.59499
CVE-2021-31936,0.0328,0.87982
CVE-2021-31937,0.0085,0.56469
CVE-2021-31938,0.01998,0.79901
CVE-2021-31939,0.13337,0.96277
CVE-2021-31940,0.02253,0.82235
CVE-2021-31941,0.02928,0.86544
CVE-2021-31942,0.0217,0.81548
CVE-2021-31943,0.02433,0.8361
CVE-2021-31944,0.02777,0.8581
CVE-2021-31945,0.02284,0.82479
CVE-2021-31946,0.02938,0.86581
CVE-2021-31947,0.02527,0.84255
CVE-2021-31948,0.01287,0.68978
CVE-2021-31949,0.02567,0.84521
CVE-2021-31950,0.04563,0.91275
CVE-2021-31951,0.00684,0.50633
CVE-2021-31952,0.00812,0.55257
CVE-2021-31953,0.0055,0.43781
CVE-2021-31954,0.01065,0.63301
CVE-2021-31955,0.81107,0.99624
CVE-2021-31956,0.22273,0.97608
CVE-2021-31957,0.05138,0.9211
CVE-2021-31958,0.02555,0.84442
CVE-2021-31959,0.0923,0.95184
CVE-2021-31960,0.0076,0.53454
CVE-2021-31961,0.00801,0.54858
CVE-2021-31962,0.03808,0.89655
CVE-2021-31963,0.02121,0.81128
CVE-2021-31964,0.0151,0.73399
CVE-2021-31965,0.0452,0.9119
CVE-2021-31966,0.04577,0.91299
CVE-2021-31967,0.0253,0.84277
CVE-2021-31968,0.03179,0.8756
CVE-2021-31969,0.01208,0.67142
CVE-2021-31970,0.00859,0.56824
CVE-2021-31971,0.02091,0.80862
CVE-2021-31972,0.0076,0.53454
CVE-2021-31973,0.0055,0.43783
CVE-2021-31974,0.06733,0.93723
CVE-2021-31975,0.03659,0.89223
CVE-2021-31976,0.03659,0.89223
CVE-2021-31977,0.03179,0.8756
CVE-2021-31978,0.01225,0.6761
CVE-2021-31979,0.0454,0.91223
CVE-2021-31980,0.02526,0.84251
CVE-2021-31982,0.01307,0.69422
CVE-2021-31983,0.02146,0.81351
CVE-2021-31984,0.0193,0.79181
CVE-2021-31985,0.07764,0.94438
CVE-2021-31986,0.00805,0.55023
CVE-2021-31987,0.00894,0.57864
CVE-2021-31988,0.00953,0.598
CVE-2021-31989,0.00397,0.31276
CVE-2021-31996,0.00961,0.6004
CVE-2021-31997,0.00339,0.24709
CVE-2021-31998,0.00318,0.22261
CVE-2021-31999,0.01052,0.62927
CVE-2021-32000,0.00296,0.19921
CVE-2021-32001,0.00304,0.20719
CVE-2021-32002,0.0023,0.12415
CVE-2021-32003,0.00228,0.12256
CVE-2021-32004,0.00642,0.48707
CVE-2021-32005,0.00592,0.4612
CVE-2021-32006,0.0064,0.48545
CVE-2021-32007,0.00263,0.1622
CVE-2021-32008,0.00996,0.61206
CVE-2021-32009,0.00495,0.40002
CVE-2021-32010,0.00231,0.12592
CVE-2021-32012,0.0088,0.57462
CVE-2021-32013,0.0088,0.57461
CVE-2021-32014,0.0088,0.57462
CVE-2021-32015,0.00222,0.11475
CVE-2021-32016,0.02272,0.82381
CVE-2021-32017,0.00899,0.58008
CVE-2021-32018,0.01181,0.66466
CVE-2021-32019,0.00581,0.45514
CVE-2021-32020,0.01303,0.69345
CVE-2021-32021,0.00302,0.20586
CVE-2021-32022,0.00264,0.16327
CVE-2021-32023,0.00302,0.20586
CVE-2021-32024,0.01786,0.77417
CVE-2021-32025,0.00176,0.06342
CVE-2021-32027,0.0199,0.79818
CVE-2021-32028,0.01558,0.74188
CVE-2021-32029,0.01504,0.73288
CVE-2021-32030,0.99393,0.9994
CVE-2021-32032,0.01774,0.77285
CVE-2021-32033,0.00522,0.41973
CVE-2021-32036,0.01034,0.62414
CVE-2021-32037,0.0122,0.67465
CVE-2021-32039,0.0028,0.1833
CVE-2021-32040,0.01994,0.79862
CVE-2021-32050,0.00646,0.48894
CVE-2021-32051,0.02191,0.81712
CVE-2021-32052,0.03172,0.87534
CVE-2021-32053,0.01587,0.74609
CVE-2021-32054,0.01002,0.61402
CVE-2021-32055,0.02551,0.84412
CVE-2021-32056,0.017,0.76267
CVE-2021-32061,0.01646,0.75488
CVE-2021-32062,0.01507,0.73346
CVE-2021-32066,0.02909,0.86453
CVE-2021-32067,0.00672,0.50068
CVE-2021-32068,0.0059,0.46061
CVE-2021-32069,0.00521,0.41885
CVE-2021-32070,0.00639,0.48506
CVE-2021-32071,0.01169,0.66091
CVE-2021-32072,0.00804,0.54973
CVE-2021-32073,0.01229,0.67697
CVE-2021-32074,0.0188,0.78608
CVE-2021-32075,0.01791,0.77485
CVE-2021-32076,0.01172,0.66155
CVE-2021-32077,0.0122,0.67466
CVE-2021-32078,0.00552,0.4385
CVE-2021-32084,0.00556,0.44132
CVE-2021-32085,0.00527,0.42356
CVE-2021-32086,0.00329,0.23479
CVE-2021-32087,0.00527,0.42357
CVE-2021-32088,0.00516,0.41555
CVE-2021-32089,0.01638,0.75372
CVE-2021-32090,0.02113,0.81065
CVE-2021-32091,0.00846,0.56351
CVE-2021-32092,0.00955,0.59845
CVE-2021-32093,0.01019,0.61912
CVE-2021-32094,0.01185,0.66558
CVE-2021-32095,0.00891,0.57787
CVE-2021-32096,0.00592,0.46143
CVE-2021-32098,0.02467,0.83849
CVE-2021-32099,0.12708,0.9613
CVE-2021-32100,0.02589,0.84661
CVE-2021-32101,0.01183,0.665
CVE-2021-32102,0.01176,0.66307
CVE-2021-32103,0.00726,0.52233
CVE-2021-32104,0.01176,0.66307
CVE-2021-32106,0.00859,0.56802
CVE-2021-32122,0.00429,0.34581
CVE-2021-32132,0.00868,0.57103
CVE-2021-32134,0.00868,0.57104
CVE-2021-32135,0.00868,0.57103
CVE-2021-32136,0.01457,0.72441
CVE-2021-32137,0.01195,0.66787
CVE-2021-32138,0.00752,0.53169
CVE-2021-32139,0.00752,0.5317
CVE-2021-32142,0.00424,0.34197
CVE-2021-32156,0.02309,0.82691
CVE-2021-32157,0.04036,0.90254
CVE-2021-32158,0.02001,0.79937
CVE-2021-32159,0.02309,0.82691
CVE-2021-32160,0.02001,0.79936
CVE-2021-32161,0.02001,0.79936
CVE-2021-32162,0.02562,0.84481
CVE-2021-32163,0.00946,0.59543
CVE-2021-32172,0.66433,0.99261
CVE-2021-32198,0.01151,0.65589
CVE-2021-32202,0.00649,0.49041
CVE-2021-32233,0.00581,0.45511
CVE-2021-32234,0.02158,0.81459
CVE-2021-32238,0.02076,0.80708
CVE-2021-32243,0.01116,0.64713
CVE-2021-32244,0.00906,0.58256
CVE-2021-32245,0.00541,0.43191
CVE-2021-32256,0.00749,0.53049
CVE-2021-32263,0.00868,0.57094
CVE-2021-32265,0.0156,0.74227
CVE-2021-32268,0.01257,0.68362
CVE-2021-32269,0.00632,0.4819
CVE-2021-32270,0.00635,0.48302
CVE-2021-32271,0.01052,0.62904
CVE-2021-32272,0.01282,0.6888
CVE-2021-32273,0.0115,0.65582
CVE-2021-32274,0.01289,0.6903
CVE-2021-32275,0.0063,0.4805
CVE-2021-32276,0.00885,0.57605
CVE-2021-32277,0.01294,0.69145
CVE-2021-32278,0.01289,0.69029
CVE-2021-32280,0.00981,0.60722
CVE-2021-32281,0.01052,0.62904
CVE-2021-32282,0.00635,0.48306
CVE-2021-32283,0.00635,0.48303
CVE-2021-32284,0.00764,0.53598
CVE-2021-32285,0.00635,0.48303
CVE-2021-32286,0.01064,0.63252
CVE-2021-32287,0.01052,0.62905
CVE-2021-32288,0.01064,0.63253
CVE-2021-32289,0.00642,0.48673
CVE-2021-32292,0.01287,0.68985
CVE-2021-32294,0.01502,0.73261
CVE-2021-32297,0.01564,0.74279
CVE-2021-32298,0.01513,0.73454
CVE-2021-32299,0.01052,0.62905
CVE-2021-32302,0.00423,0.34101
CVE-2021-32305,0.87304,0.9975
CVE-2021-32399,0.00691,0.50895
CVE-2021-32402,0.00518,0.41722
CVE-2021-32403,0.02456,0.83772
CVE-2021-32415,0.00237,0.13215
CVE-2021-32419,0.00615,0.47344
CVE-2021-32420,0.00798,0.54731
CVE-2021-32421,0.00747,0.52988
CVE-2021-32422,0.00807,0.55102
CVE-2021-32424,0.00379,0.29322
CVE-2021-32426,0.00782,0.54182
CVE-2021-32428,0.01233,0.67792
CVE-2021-32434,0.00981,0.60734
CVE-2021-32435,0.01317,0.69652
CVE-2021-32436,0.01668,0.75812
CVE-2021-32437,0.00752,0.53169
CVE-2021-32438,0.00752,0.53169
CVE-2021-32439,0.01271,0.68643
CVE-2021-32440,0.00752,0.53169
CVE-2021-32441,0.00595,0.46286
CVE-2021-32453,0.00246,0.14243
CVE-2021-32454,0.00395,0.3108
CVE-2021-32455,0.00357,0.26909
CVE-2021-32456,0.00266,0.16587
CVE-2021-32457,0.00434,0.35171
CVE-2021-32458,0.00392,0.30747
CVE-2021-32459,0.0096,0.60005
CVE-2021-32460,0.00301,0.20468
CVE-2021-32461,0.00369,0.28265
CVE-2021-32462,0.05232,0.92227
CVE-2021-32463,0.00355,0.26721
CVE-2021-32464,0.00589,0.45998
CVE-2021-32465,0.04341,0.90865
CVE-2021-32466,0.00521,0.41927
CVE-2021-32467,0.00981,0.60751
CVE-2021-32468,0.01175,0.66289
CVE-2021-32469,0.00981,0.60751
CVE-2021-32470,0.00733,0.52492
CVE-2021-32471,0.00849,0.56429
CVE-2021-32472,0.00773,0.53893
CVE-2021-32473,0.01033,0.62346
CVE-2021-32474,0.00926,0.58918
CVE-2021-32475,0.00592,0.46145
CVE-2021-32476,0.01089,0.63979
CVE-2021-32477,0.00737,0.52642
CVE-2021-32478,0.01128,0.64999
CVE-2021-32481,0.00668,0.49897
CVE-2021-32482,0.00586,0.4584
CVE-2021-32483,0.00801,0.54847
CVE-2021-32484,0.02354,0.83037
CVE-2021-32485,0.02354,0.83036
CVE-2021-32486,0.02354,0.83036
CVE-2021-32487,0.02354,0.83037
CVE-2021-32489,0.00922,0.58732
CVE-2021-32490,0.00909,0.5834
CVE-2021-32491,0.00909,0.5834
CVE-2021-32492,0.00964,0.60147
CVE-2021-32493,0.01038,0.62497
CVE-2021-32494,0.00844,0.5628
CVE-2021-32495,0.00769,0.53771
CVE-2021-32496,0.00264,0.16406
CVE-2021-32497,0.00732,0.52445
CVE-2021-32498,0.00943,0.59456
CVE-2021-32499,0.00798,0.54747
CVE-2021-32503,0.0083,0.55827
CVE-2021-32504,0.00614,0.47314
CVE-2021-32506,0.01301,0.69306
CVE-2021-32507,0.01301,0.69304
CVE-2021-32508,0.01301,0.69306
CVE-2021-32509,0.01301,0.69306
CVE-2021-32510,0.00854,0.56614
CVE-2021-32511,0.00854,0.56614
CVE-2021-32512,0.02123,0.81142
CVE-2021-32513,0.02123,0.81142
CVE-2021-32514,0.01205,0.67031
CVE-2021-32515,0.00793,0.54595
CVE-2021-32516,0.01669,0.7582
CVE-2021-32517,0.01262,0.68469
CVE-2021-32518,0.01669,0.7582
CVE-2021-32519,0.00851,0.56524
CVE-2021-32520,0.0103,0.62259
CVE-2021-32521,0.00715,0.51831
CVE-2021-32522,0.01388,0.71173
CVE-2021-32523,0.01494,0.73111
CVE-2021-32524,0.01743,0.76836
CVE-2021-32525,0.01723,0.76586
CVE-2021-32526,0.00943,0.59456
CVE-2021-32527,0.01743,0.76838
CVE-2021-32528,0.01072,0.63494
CVE-2021-32529,0.02264,0.82318
CVE-2021-32530,0.02309,0.8269
CVE-2021-32531,0.02058,0.80522
CVE-2021-32532,0.01669,0.75821
CVE-2021-32533,0.01924,0.7911
CVE-2021-32534,0.01924,0.79111
CVE-2021-32535,0.01406,0.71501
CVE-2021-32536,0.00788,0.5442
CVE-2021-32537,0.00436,0.35408
CVE-2021-32538,0.02007,0.80029
CVE-2021-32539,0.00586,0.45807
CVE-2021-32540,0.00456,0.3703
CVE-2021-32541,0.01511,0.73424
CVE-2021-32542,0.00681,0.50487
CVE-2021-32543,0.00761,0.535
CVE-2021-32544,0.00586,0.45807
CVE-2021-32545,0.0128,0.68844
CVE-2021-32546,0.02068,0.80633
CVE-2021-32547,0.00298,0.20133
CVE-2021-32548,0.00289,0.19283
CVE-2021-32549,0.00289,0.19283
CVE-2021-32550,0.00289,0.19284
CVE-2021-32551,0.00289,0.19284
CVE-2021-32552,0.00289,0.19282
CVE-2021-32553,0.00322,0.22736
CVE-2021-32554,0.00289,0.19283
CVE-2021-32555,0.00289,0.19283
CVE-2021-32556,0.00333,0.23932
CVE-2021-32557,0.0039,0.30499
CVE-2021-32558,0.0911,0.95142
CVE-2021-32559,0.01729,0.76649
CVE-2021-32560,0.01503,0.73274
CVE-2021-32561,0.01152,0.65648
CVE-2021-32563,0.03017,0.86922
CVE-2021-32565,0.02137,0.81271
CVE-2021-32566,0.02515,0.84176
CVE-2021-32567,0.02447,0.83707
CVE-2021-32568,0.00824,0.55661
CVE-2021-32569,0.00601,0.46619
CVE-2021-32570,0.00763,0.53578
CVE-2021-32571,0.00854,0.56614
CVE-2021-32572,0.01742,0.76829
CVE-2021-32573,0.00527,0.42321
CVE-2021-32574,0.01457,0.72438
CVE-2021-32575,0.00512,0.41305
CVE-2021-32576,0.00234,0.12836
CVE-2021-32577,0.00204,0.09307
CVE-2021-32578,0.00234,0.12836
CVE-2021-32579,0.00236,0.13146
CVE-2021-32580,0.00255,0.15319
CVE-2021-32581,0.00726,0.52244
CVE-2021-32582,0.01131,0.65082
CVE-2021-32584,0.0064,0.48543
CVE-2021-32585,0.0071,0.51618
CVE-2021-32586,0.01055,0.62997
CVE-2021-32587,0.00646,0.48877
CVE-2021-32588,0.03333,0.88182
CVE-2021-32589,0.08876,0.95046
CVE-2021-32590,0.01655,0.75616
CVE-2021-32591,0.00902,0.58102
CVE-2021-32592,0.00251,0.14935
CVE-2021-32593,0.00572,0.45044
CVE-2021-32594,0.00734,0.52551
CVE-2021-32595,0.00832,0.55901
CVE-2021-32596,0.00427,0.34403
CVE-2021-32597,0.00599,0.46514
CVE-2021-32598,0.00773,0.53889
CVE-2021-32600,0.00592,0.46148
CVE-2021-32602,0.00632,0.48203
CVE-2021-32603,0.00668,0.49911
CVE-2021-32604,0.0172,0.76546
CVE-2021-32605,0.03794,0.8961
CVE-2021-32606,0.00431,0.34754
CVE-2021-32607,0.33442,0.98326
CVE-2021-32608,0.33442,0.98325
CVE-2021-32609,0.01655,0.75611
CVE-2021-32610,0.73377,0.9945
CVE-2021-32611,0.01074,0.63557
CVE-2021-32612,0.01094,0.6409
CVE-2021-32613,0.01171,0.66139
CVE-2021-32614,0.00908,0.58325
CVE-2021-32615,0.02146,0.81357
CVE-2021-32616,0.00716,0.51845
CVE-2021-32617,0.01174,0.66232
CVE-2021-32618,0.02838,0.86108
CVE-2021-32619,0.01113,0.64638
CVE-2021-32620,0.01132,0.65097
CVE-2021-32621,0.02102,0.80968
CVE-2021-32622,0.00373,0.28678
CVE-2021-32623,0.01254,0.68273
CVE-2021-32624,0.00864,0.56978
CVE-2021-32625,0.04342,0.90865
CVE-2021-32626,0.16206,0.96835
CVE-2021-32627,0.03931,0.90005
CVE-2021-32628,0.1353,0.96323
CVE-2021-32629,0.00455,0.36952
CVE-2021-32630,0.01593,0.747
CVE-2021-32631,0.0109,0.63998
CVE-2021-32632,0.00586,0.45832
CVE-2021-32633,0.01858,0.78364
CVE-2021-32634,0.01276,0.68764
CVE-2021-32635,0.01415,0.71659
CVE-2021-32637,0.01868,0.78474
CVE-2021-32638,0.004,0.31654
CVE-2021-32639,0.01395,0.71279
CVE-2021-32640,0.02821,0.8603
CVE-2021-32641,0.01539,0.73871
CVE-2021-32642,0.01342,0.70203
CVE-2021-32643,0.01395,0.71293
CVE-2021-32644,0.00843,0.56249
CVE-2021-32645,0.0102,0.61943
CVE-2021-32646,0.007,0.51247
CVE-2021-32647,0.0285,0.86172
CVE-2021-32648,0.90418,0.99798
CVE-2021-32649,0.01336,0.70082
CVE-2021-32650,0.02087,0.80816
CVE-2021-32651,0.01069,0.63427
CVE-2021-32652,0.01107,0.64478
CVE-2021-32653,0.01205,0.67047
CVE-2021-32654,0.01849,0.78236
CVE-2021-32655,0.01034,0.62413
CVE-2021-32656,0.01841,0.78128
CVE-2021-32657,0.01823,0.77914
CVE-2021-32658,0.00303,0.20658
CVE-2021-32659,0.00936,0.59244
CVE-2021-32660,0.01269,0.68612
CVE-2021-32661,0.01209,0.6719
CVE-2021-32662,0.0128,0.68844
CVE-2021-32663,0.01461,0.72525
CVE-2021-32664,0.00834,0.55978
CVE-2021-32665,0.0048,0.38939
CVE-2021-32666,0.00921,0.5873
CVE-2021-32667,0.00603,0.46697
CVE-2021-32668,0.00598,0.46457
CVE-2021-32669,0.00603,0.46697
CVE-2021-32670,0.0096,0.59992
CVE-2021-32671,0.39738,0.98575
CVE-2021-32672,0.01866,0.78447
CVE-2021-32673,0.01941,0.79316
CVE-2021-32674,0.01587,0.74605
CVE-2021-32675,0.16904,0.96954
CVE-2021-32676,0.00953,0.5979
CVE-2021-32677,0.00722,0.52095
CVE-2021-32678,0.01374,0.70894
CVE-2021-32679,0.0137,0.70787
CVE-2021-32680,0.00355,0.26714
CVE-2021-32681,0.01109,0.64519
CVE-2021-32682,0.69934,0.99355
CVE-2021-32683,0.00826,0.55696
CVE-2021-32684,0.00702,0.51342
CVE-2021-32685,0.00658,0.49486
CVE-2021-32686,0.02065,0.80606
CVE-2021-32687,0.04092,0.90376
CVE-2021-32688,0.02309,0.82685
CVE-2021-32689,0.01,0.61318
CVE-2021-32690,0.01395,0.71286
CVE-2021-32691,0.01458,0.72473
CVE-2021-32692,0.00722,0.52087
CVE-2021-32693,0.01388,0.71149
CVE-2021-32694,0.00967,0.60221
CVE-2021-32695,0.00881,0.57502
CVE-2021-32696,0.01079,0.63685
CVE-2021-32697,0.01124,0.64908
CVE-2021-32698,0.00936,0.59243
CVE-2021-32699,0.00267,0.16917
CVE-2021-32700,0.00579,0.45433
CVE-2021-32701,0.01631,0.75263
CVE-2021-32702,0.01403,0.71459
CVE-2021-32703,0.01512,0.73439
CVE-2021-32704,0.00769,0.53791
CVE-2021-32705,0.01702,0.76302
CVE-2021-32706,0.60181,0.99109
CVE-2021-32707,0.01146,0.6545
CVE-2021-32708,0.03486,0.88697
CVE-2021-32709,0.00626,0.4789
CVE-2021-32710,0.00877,0.57393
CVE-2021-32711,0.01359,0.70589
CVE-2021-32712,0.01135,0.65181
CVE-2021-32713,0.00735,0.52588
CVE-2021-32714,0.01133,0.65118
CVE-2021-32715,0.00971,0.60395
CVE-2021-32716,0.01113,0.64623
CVE-2021-32717,0.01461,0.72527
CVE-2021-32718,0.01432,0.71976
CVE-2021-32719,0.01416,0.71679
CVE-2021-32720,0.00881,0.57479
CVE-2021-32721,0.00606,0.46848
CVE-2021-32722,0.01332,0.69968
CVE-2021-32723,0.01427,0.71885
CVE-2021-32724,0.02334,0.8289
CVE-2021-32725,0.01213,0.67301
CVE-2021-32726,0.01779,0.77345
CVE-2021-32727,0.00732,0.52449
CVE-2021-32728,0.00851,0.56523
CVE-2021-32729,0.00499,0.40272
CVE-2021-32730,0.0061,0.47077
CVE-2021-32731,0.01199,0.66893
CVE-2021-32732,0.00964,0.6015
CVE-2021-32733,0.01106,0.64442
CVE-2021-32734,0.01381,0.71029
CVE-2021-32735,0.00532,0.42648
CVE-2021-32736,0.01009,0.61637
CVE-2021-32737,0.00665,0.49744
CVE-2021-32738,0.00514,0.41378
CVE-2021-32739,0.0114,0.65297
CVE-2021-32740,0.02199,0.81801
CVE-2021-32741,0.01322,0.69749
CVE-2021-32742,0.01199,0.66896
CVE-2021-32743,0.01803,0.77632
CVE-2021-32744,0.01053,0.62948
CVE-2021-32745,0.00603,0.46696
CVE-2021-32746,0.01306,0.69406
CVE-2021-32747,0.01381,0.71014
CVE-2021-32748,0.00986,0.60884
CVE-2021-32749,0.03621,0.89109
CVE-2021-32750,0.00842,0.56219
CVE-2021-32751,0.02709,0.85397
CVE-2021-32752,0.01079,0.63661
CVE-2021-32753,0.00799,0.54758
CVE-2021-32754,0.00643,0.48734
CVE-2021-32755,0.00314,0.21778
CVE-2021-32756,0.01536,0.73814
CVE-2021-32758,0.02009,0.80052
CVE-2021-32759,0.01336,0.70081
CVE-2021-32760,0.01595,0.7473
CVE-2021-32761,0.31172,0.98215
CVE-2021-32762,0.02663,0.85125
CVE-2021-32763,0.00921,0.5873
CVE-2021-32764,0.00545,0.43428
CVE-2021-32765,0.02139,0.81292
CVE-2021-32766,0.01343,0.70224
CVE-2021-32767,0.00829,0.55811
CVE-2021-32768,0.00727,0.52264
CVE-2021-32769,0.01732,0.76696
CVE-2021-32770,0.01414,0.71644
CVE-2021-32771,0.01287,0.68978
CVE-2021-32772,0.02391,0.83291
CVE-2021-32773,0.00869,0.57121
CVE-2021-32774,0.00476,0.38606
CVE-2021-32775,0.00779,0.541
CVE-2021-32776,0.00377,0.29014
CVE-2021-32777,0.03325,0.88154
CVE-2021-32778,0.0123,0.67718
CVE-2021-32779,0.00948,0.59625
CVE-2021-32780,0.0123,0.67718
CVE-2021-32781,0.0133,0.69922
CVE-2021-32782,0.00835,0.55985
CVE-2021-32783,0.01151,0.656
CVE-2021-32785,0.02731,0.85521
CVE-2021-32786,0.02364,0.83106
CVE-2021-32787,0.00649,0.48997
CVE-2021-32788,0.00888,0.57695
CVE-2021-32789,0.17227,0.97
CVE-2021-32790,0.01265,0.68533
CVE-2021-32791,0.01503,0.73273
CVE-2021-32792,0.0151,0.73402
CVE-2021-32793,0.00791,0.54494
CVE-2021-32794,0.01033,0.62346
CVE-2021-32795,0.01717,0.76516
CVE-2021-32796,0.01358,0.70561
CVE-2021-32797,0.0266,0.85111
CVE-2021-32798,0.02106,0.81
CVE-2021-32800,0.01798,0.77576
CVE-2021-32801,0.00239,0.13457
CVE-2021-32802,0.02604,0.84763
CVE-2021-32803,0.07795,0.94459
CVE-2021-32804,0.15133,0.96627
CVE-2021-32805,0.007,0.5126
CVE-2021-32806,0.01028,0.62195
CVE-2021-32807,0.02049,0.80441
CVE-2021-32808,0.01192,0.66722
CVE-2021-32809,0.01188,0.66631
CVE-2021-32810,0.01923,0.79104
CVE-2021-32811,0.02296,0.82581
CVE-2021-32812,0.00831,0.5588
CVE-2021-32813,0.011,0.64299
CVE-2021-32814,0.02092,0.80873
CVE-2021-32815,0.01104,0.64395
CVE-2021-32816,0.0101,0.6166
CVE-2021-32817,0.01268,0.6859
CVE-2021-32818,0.007,0.51222
CVE-2021-32819,0.58286,0.99069
CVE-2021-32820,0.15743,0.96751
CVE-2021-32821,0.00644,0.48788
CVE-2021-32822,0.01178,0.66383
CVE-2021-32823,0.01866,0.78443
CVE-2021-32824,0.02844,0.86141
CVE-2021-32825,0.00918,0.58643
CVE-2021-32826,0.01135,0.65164
CVE-2021-32827,0.02164,0.81499
CVE-2021-32828,0.0071,0.51636
CVE-2021-32829,0.02902,0.86422
CVE-2021-32830,0.01923,0.79099
CVE-2021-32831,0.01466,0.72644
CVE-2021-32832,0.0162,0.751
CVE-2021-32833,0.01273,0.68711
CVE-2021-32834,0.00945,0.59534
CVE-2021-32835,0.04583,0.91309
CVE-2021-32836,0.02036,0.80297
CVE-2021-32837,0.28872,0.98095
CVE-2021-32838,0.01864,0.78422
CVE-2021-32839,0.02339,0.82922
CVE-2021-32840,0.01973,0.79621
CVE-2021-32841,0.01079,0.63675
CVE-2021-32842,0.00895,0.57893
CVE-2021-32843,0.00234,0.12922
CVE-2021-32844,0.00234,0.12922
CVE-2021-32845,0.0025,0.14668
CVE-2021-32846,0.00317,0.22152
CVE-2021-32847,0.00369,0.28163
CVE-2021-32848,0.0104,0.6254
CVE-2021-32849,0.0765,0.94372
CVE-2021-32850,0.00802,0.54868
CVE-2021-32851,0.00684,0.50597
CVE-2021-32852,0.0093,0.59015
CVE-2021-32853,0.03125,0.87349
CVE-2021-32854,0.00498,0.40257
CVE-2021-32855,0.00584,0.45731
CVE-2021-32856,0.00626,0.47879
CVE-2021-32857,0.00709,0.51593
CVE-2021-32858,0.00553,0.43978
CVE-2021-32859,0.00533,0.42712
CVE-2021-32860,0.00584,0.45731
CVE-2021-32862,0.01383,0.71066
CVE-2021-32917,0.02169,0.81541
CVE-2021-32918,0.02115,0.81074
CVE-2021-32919,0.01398,0.71342
CVE-2021-32920,0.02261,0.8229
CVE-2021-32921,0.01601,0.74809
CVE-2021-32923,0.01376,0.70938
CVE-2021-32924,0.19908,0.97344
CVE-2021-32925,0.01669,0.7582
CVE-2021-32926,0.02982,0.86773
CVE-2021-32927,0.00603,0.46725
CVE-2021-32928,0.0125,0.68187
CVE-2021-32929,0.00411,0.32774
CVE-2021-32930,0.08055,0.946
CVE-2021-32931,0.0201,0.8006
CVE-2021-32932,0.01179,0.66403
CVE-2021-32933,0.01218,0.67398
CVE-2021-32934,0.0064,0.48586
CVE-2021-32935,0.01864,0.78431
CVE-2021-32936,0.02775,0.858
CVE-2021-32937,0.01066,0.63351
CVE-2021-32938,0.01443,0.72173
CVE-2021-32939,0.0156,0.74216
CVE-2021-32940,0.0205,0.80449
CVE-2021-32941,0.14929,0.96594
CVE-2021-32942,0.0018,0.06851
CVE-2021-32943,0.0187,0.78499
CVE-2021-32944,0.02668,0.85161
CVE-2021-32945,0.00411,0.32785
CVE-2021-32946,0.02801,0.85922
CVE-2021-32947,0.01754,0.76997
CVE-2021-32948,0.02705,0.85379
CVE-2021-32949,0.01098,0.64264
CVE-2021-32950,0.0205,0.80449
CVE-2021-32951,0.00948,0.59616
CVE-2021-32952,0.02705,0.8538
CVE-2021-32953,0.01218,0.67398
CVE-2021-32954,0.02077,0.80714
CVE-2021-32955,0.37319,0.98478
CVE-2021-32956,0.00699,0.51196
CVE-2021-32957,0.00891,0.57791
CVE-2021-32958,0.00222,0.11463
CVE-2021-32959,0.00943,0.59461
CVE-2021-32960,0.02433,0.83617
CVE-2021-32961,0.01259,0.68402
CVE-2021-32962,0.00793,0.5459
CVE-2021-32963,0.00961,0.60048
CVE-2021-32964,0.00836,0.56039
CVE-2021-32965,0.01146,0.65439
CVE-2021-32966,0.00469,0.38092
CVE-2021-32967,0.01382,0.71043
CVE-2021-32968,0.01703,0.76313
CVE-2021-32969,0.01146,0.65439
CVE-2021-32970,0.01688,0.76115
CVE-2021-32971,0.00961,0.60042
CVE-2021-32972,0.00695,0.51023
CVE-2021-32974,0.02697,0.85334
CVE-2021-32975,0.0097,0.60387
CVE-2021-32976,0.02785,0.85845
CVE-2021-32977,0.00642,0.48699
CVE-2021-32978,0.0101,0.61656
CVE-2021-32979,0.00961,0.60043
CVE-2021-32980,0.01113,0.6463
CVE-2021-32981,0.0121,0.67194
CVE-2021-32982,0.00651,0.49118
CVE-2021-32983,0.03938,0.9002
CVE-2021-32984,0.01113,0.6463
CVE-2021-32985,0.00501,0.40447
CVE-2021-32986,0.01113,0.6463
CVE-2021-32987,0.00961,0.60042
CVE-2021-32988,0.01767,0.77168
CVE-2021-32989,0.02489,0.83997
CVE-2021-32990,0.01767,0.77168
CVE-2021-32991,0.00364,0.277
CVE-2021-32992,0.01767,0.77168
CVE-2021-32993,0.00272,0.17574
CVE-2021-32994,0.01694,0.76195
CVE-2021-32995,0.00995,0.61177
CVE-2021-32996,0.01057,0.63059
CVE-2021-32997,0.0034,0.24812
CVE-2021-32998,0.01183,0.66503
CVE-2021-32999,0.00961,0.60047
CVE-2021-33000,0.01041,0.62574
CVE-2021-33001,0.00793,0.5459
CVE-2021-33002,0.0097,0.60386
CVE-2021-33003,0.00172,0.05928
CVE-2021-33004,0.0095,0.59704
CVE-2021-33005,0.01567,0.74317
CVE-2021-33007,0.01068,0.63402
CVE-2021-33008,0.01154,0.65698
CVE-2021-33009,0.01251,0.68205
CVE-2021-33010,0.0107,0.6345
CVE-2021-33011,0.00413,0.33064
CVE-2021-33012,0.02637,0.84962
CVE-2021-33013,0.00842,0.56231
CVE-2021-33014,0.00903,0.58144
CVE-2021-33015,0.00995,0.61177
CVE-2021-33016,0.01011,0.61688
CVE-2021-33017,0.00453,0.36855
CVE-2021-33018,0.00563,0.44554
CVE-2021-33019,0.02505,0.841
CVE-2021-33020,0.00627,0.47938
CVE-2021-33021,0.00793,0.5459
CVE-2021-33022,0.00644,0.48805
CVE-2021-33023,0.02346,0.82978
CVE-2021-33024,0.00896,0.57937
CVE-2021-33025,0.00256,0.15568
CVE-2021-33026,0.07064,0.93988
CVE-2021-33027,0.01325,0.69808
CVE-2021-33031,0.00684,0.50596
CVE-2021-33032,0.52161,0.98922
CVE-2021-33033,0.00566,0.44749
CVE-2021-33034,0.00819,0.55455
CVE-2021-33035,0.50563,0.9888
CVE-2021-33036,0.03877,0.89844
CVE-2021-33037,0.74667,0.99488
CVE-2021-33038,0.01861,0.78394
CVE-2021-33040,0.00937,0.5927
CVE-2021-33041,0.01173,0.66203
CVE-2021-33044,0.99987,0.99984
CVE-2021-33045,0.99593,0.99946
CVE-2021-33046,0.01296,0.69196
CVE-2021-33054,0.00995,0.61171
CVE-2021-33055,0.18062,0.971
CVE-2021-33056,0.01294,0.69136
CVE-2021-33057,0.01298,0.69227
CVE-2021-33058,0.00259,0.15826
CVE-2021-33059,0.00251,0.14804
CVE-2021-33060,0.00263,0.16224
CVE-2021-33061,0.00283,0.18691
CVE-2021-33062,0.00215,0.10677
CVE-2021-33063,0.00263,0.16219
CVE-2021-33064,0.00162,0.0465
CVE-2021-33068,0.0084,0.56157
CVE-2021-33069,0.0023,0.12435
CVE-2021-33071,0.00215,0.10677
CVE-2021-33073,0.00225,0.11858
CVE-2021-33074,0.00276,0.18018
CVE-2021-33075,0.0016,0.0452
CVE-2021-33076,0.00308,0.21214
CVE-2021-33077,0.00264,0.16401
CVE-2021-33078,0.00151,0.03591
CVE-2021-33079,0.00173,0.06081
CVE-2021-33080,0.00259,0.15818
CVE-2021-33081,0.00195,0.08206
CVE-2021-33082,0.00261,0.15959
CVE-2021-33083,0.00253,0.15142
CVE-2021-33086,0.00219,0.11062
CVE-2021-33087,0.00214,0.10593
CVE-2021-33088,0.00228,0.12205
CVE-2021-33089,0.00246,0.14221
CVE-2021-33090,0.00228,0.12205
CVE-2021-33091,0.00228,0.12205
CVE-2021-33092,0.00228,0.12206
CVE-2021-33093,0.00228,0.12204
CVE-2021-33094,0.00228,0.12206
CVE-2021-33095,0.00261,0.16045
CVE-2021-33096,0.00277,0.18027
CVE-2021-33097,0.00567,0.44784
CVE-2021-33098,0.00308,0.21163
CVE-2021-33101,0.00241,0.13677
CVE-2021-33103,0.00258,0.15716
CVE-2021-33104,0.00308,0.21184
CVE-2021-33105,0.0024,0.13512
CVE-2021-33106,0.00246,0.14223
CVE-2021-33107,0.00251,0.14775
CVE-2021-33108,0.00233,0.12817
CVE-2021-33110,0.00504,0.4067
CVE-2021-33113,0.00687,0.50735
CVE-2021-33114,0.00495,0.4
CVE-2021-33115,0.00691,0.50901
CVE-2021-33117,0.00314,0.21797
CVE-2021-33118,0.00246,0.14223
CVE-2021-33119,0.0024,0.13511
CVE-2021-33120,0.0095,0.59703
CVE-2021-33122,0.00259,0.15812
CVE-2021-33123,0.00259,0.15812
CVE-2021-33124,0.00258,0.15715
CVE-2021-33126,0.00199,0.08788
CVE-2021-33128,0.00199,0.08788
CVE-2021-33129,0.0021,0.10157
CVE-2021-33130,0.00254,0.15227
CVE-2021-33135,0.00272,0.17592
CVE-2021-33137,0.00241,0.13676
CVE-2021-33139,0.00491,0.3974
CVE-2021-33141,0.00773,0.53888
CVE-2021-33142,0.00229,0.12335
CVE-2021-33145,0.00196,0.08361
CVE-2021-33146,0.00546,0.43508
CVE-2021-33147,0.0024,0.13512
CVE-2021-33149,0.00248,0.1447
CVE-2021-33150,0.00351,0.26207
CVE-2021-33155,0.00467,0.37944
CVE-2021-33157,0.00196,0.08361
CVE-2021-33158,0.00214,0.10553
CVE-2021-33159,0.00183,0.07101
CVE-2021-33161,0.00209,0.10027
CVE-2021-33162,0.00206,0.09542
CVE-2021-33164,0.00199,0.08704
CVE-2021-33166,0.00215,0.10722
CVE-2021-33175,0.011,0.64309
CVE-2021-33176,0.011,0.64308
CVE-2021-33177,0.10132,0.95497
CVE-2021-33178,0.01943,0.79328
CVE-2021-33179,0.11683,0.95922
CVE-2021-33180,0.00992,0.61075
CVE-2021-33181,0.00972,0.60434
CVE-2021-33182,0.01112,0.64607
CVE-2021-33183,0.00285,0.18832
CVE-2021-33184,0.01,0.61331
CVE-2021-33185,0.01019,0.61905
CVE-2021-33186,0.01019,0.61905
CVE-2021-33190,0.02694,0.85316
CVE-2021-33191,0.04024,0.90227
CVE-2021-33192,0.02881,0.86316
CVE-2021-33193,0.46179,0.98773
CVE-2021-33194,0.07492,0.94274
CVE-2021-33195,0.03231,0.87772
CVE-2021-33196,0.03464,0.88619
CVE-2021-33197,0.02279,0.82442
CVE-2021-33198,0.034,0.8841
CVE-2021-33199,0.01361,0.70633
CVE-2021-33200,0.00377,0.29025
CVE-2021-33203,0.02737,0.85552
CVE-2021-33204,0.022,0.81806
CVE-2021-33205,0.00967,0.60292
CVE-2021-33207,0.01625,0.75177
CVE-2021-33208,0.01151,0.65601
CVE-2021-33209,0.00759,0.53431
CVE-2021-33210,0.00778,0.5406
CVE-2021-33211,0.01705,0.76337
CVE-2021-33212,0.00745,0.52919
CVE-2021-33213,0.01304,0.69361
CVE-2021-33214,0.00649,0.49028
CVE-2021-33215,0.01193,0.66763
CVE-2021-33216,0.13773,0.96387
CVE-2021-33217,0.01376,0.70939
CVE-2021-33218,0.02304,0.8265
CVE-2021-33219,0.0215,0.81389
CVE-2021-33220,0.00254,0.15272
CVE-2021-33221,0.56076,0.99018
CVE-2021-33223,0.00797,0.54715
CVE-2021-33224,0.00733,0.52482
CVE-2021-33226,0.01642,0.75445
CVE-2021-33231,0.00586,0.458
CVE-2021-33254,0.01524,0.7361
CVE-2021-33256,0.79003,0.99586
CVE-2021-33259,0.0179,0.77468
CVE-2021-33265,0.1372,0.96376
CVE-2021-33266,0.16873,0.96951
CVE-2021-33267,0.03957,0.90068
CVE-2021-33268,0.04067,0.90315
CVE-2021-33269,0.03957,0.90068
CVE-2021-33270,0.03957,0.90068
CVE-2021-33271,0.03957,0.90068
CVE-2021-33274,0.03957,0.90069
CVE-2021-33285,0.00415,0.333
CVE-2021-33286,0.00461,0.37462
CVE-2021-33287,0.00414,0.33098
CVE-2021-33289,0.00488,0.39495
CVE-2021-33293,0.02099,0.80947
CVE-2021-33294,0.00292,0.19503
CVE-2021-33295,0.00852,0.56565
CVE-2021-33304,0.00838,0.56087
CVE-2021-33315,0.01052,0.62908
CVE-2021-33316,0.01052,0.62908
CVE-2021-33317,0.00916,0.58572
CVE-2021-33318,0.0202,0.80147
CVE-2021-33320,0.01162,0.65918
CVE-2021-33321,0.01434,0.72006
CVE-2021-33322,0.01202,0.66979
CVE-2021-33323,0.01028,0.62199
CVE-2021-33324,0.00879,0.57447
CVE-2021-33325,0.00568,0.44848
CVE-2021-33326,0.01016,0.61843
CVE-2021-33327,0.00861,0.56881
CVE-2021-33328,0.00675,0.5021
CVE-2021-33330,0.01122,0.64848
CVE-2021-33331,0.00977,0.60627
CVE-2021-33332,0.00845,0.56291
CVE-2021-33333,0.00846,0.56351
CVE-2021-33334,0.00861,0.56882
CVE-2021-33335,0.01308,0.69437
CVE-2021-33336,0.00675,0.5021
CVE-2021-33337,0.00805,0.54999
CVE-2021-33338,0.00424,0.34152
CVE-2021-33339,0.00669,0.49956
CVE-2021-33346,0.01223,0.67565
CVE-2021-33347,0.00545,0.43432
CVE-2021-33348,0.00641,0.48638
CVE-2021-33351,0.01033,0.62342
CVE-2021-33352,0.01361,0.70619
CVE-2021-33353,0.02188,0.81687
CVE-2021-33354,0.01424,0.71829
CVE-2021-33356,0.05347,0.92348
CVE-2021-33357,0.17446,0.97029
CVE-2021-33358,0.02739,0.85572
CVE-2021-33359,0.01252,0.68225
CVE-2021-33360,0.01127,0.64989
CVE-2021-33361,0.00997,0.61222
CVE-2021-33362,0.01274,0.68725
CVE-2021-33363,0.00919,0.58665
CVE-2021-33364,0.01001,0.61347
CVE-2021-33365,0.00919,0.58665
CVE-2021-33366,0.00992,0.61081
CVE-2021-33367,0.0028,0.18307
CVE-2021-33371,0.00605,0.46791
CVE-2021-33387,0.00838,0.56103
CVE-2021-33388,0.00755,0.53245
CVE-2021-33390,0.00768,0.53748
CVE-2021-33391,0.01128,0.6501
CVE-2021-33393,0.59616,0.99099
CVE-2021-33394,0.00696,0.51093
CVE-2021-33396,0.00316,0.21981
CVE-2021-33403,0.01196,0.66834
CVE-2021-33408,0.00676,0.50261
CVE-2021-33420,0.01653,0.75586
CVE-2021-33425,0.0051,0.41088
CVE-2021-33430,0.01074,0.63551
CVE-2021-33436,0.00287,0.19061
CVE-2021-33437,0.00311,0.21522
CVE-2021-33438,0.00338,0.24691
CVE-2021-33439,0.00311,0.21523
CVE-2021-33440,0.00311,0.21523
CVE-2021-33441,0.00311,0.21522
CVE-2021-33442,0.00311,0.21524
CVE-2021-33443,0.00338,0.2469
CVE-2021-33444,0.00311,0.21523
CVE-2021-33445,0.00311,0.21524
CVE-2021-33446,0.00311,0.21524
CVE-2021-33447,0.00311,0.21523
CVE-2021-33448,0.00338,0.24691
CVE-2021-33449,0.00308,0.21145
CVE-2021-33450,0.0033,0.23596
CVE-2021-33451,0.0032,0.22438
CVE-2021-33452,0.0033,0.23596
CVE-2021-33453,0.00351,0.26224
CVE-2021-33454,0.00338,0.246
CVE-2021-33455,0.00325,0.22992
CVE-2021-33456,0.00325,0.22991
CVE-2021-33457,0.00325,0.22992
CVE-2021-33458,0.00325,0.2299
CVE-2021-33459,0.00334,0.24166
CVE-2021-33460,0.00325,0.22991
CVE-2021-33461,0.00325,0.2299
CVE-2021-33462,0.00325,0.22992
CVE-2021-33463,0.00325,0.22992
CVE-2021-33464,0.00325,0.2299
CVE-2021-33465,0.00325,0.2299
CVE-2021-33466,0.00325,0.22991
CVE-2021-33467,0.00325,0.22991
CVE-2021-33468,0.00325,0.22993
CVE-2021-33469,0.00662,0.49633
CVE-2021-33470,0.0227,0.82369
CVE-2021-33473,0.01094,0.6415
CVE-2021-33477,0.04089,0.9037
CVE-2021-33478,0.00304,0.20749
CVE-2021-33479,0.01227,0.6765
CVE-2021-33480,0.01076,0.63595
CVE-2021-33481,0.01222,0.67495
CVE-2021-33483,0.00616,0.47373
CVE-2021-33484,0.00892,0.57814
CVE-2021-33485,0.01144,0.65391
CVE-2021-33486,0.00961,0.60043
CVE-2021-33488,0.01151,0.65621
CVE-2021-33489,0.01303,0.69334
CVE-2021-33490,0.01303,0.69334
CVE-2021-33491,0.02516,0.84185
CVE-2021-33492,0.01149,0.65554
CVE-2021-33493,0.00494,0.3998
CVE-2021-33494,0.01149,0.65554
CVE-2021-33495,0.01128,0.64998
CVE-2021-33496,0.01009,0.61639
CVE-2021-33497,0.02035,0.80295
CVE-2021-33498,0.01245,0.68078
CVE-2021-33499,0.01245,0.68078
CVE-2021-33500,0.01968,0.79569
CVE-2021-33501,0.07912,0.94525
CVE-2021-33502,0.01705,0.7635
CVE-2021-33503,0.03273,0.87959
CVE-2021-33504,0.00751,0.53135
CVE-2021-33505,0.00349,0.25893
CVE-2021-33506,0.01172,0.6617
CVE-2021-33507,0.0075,0.53077
CVE-2021-33508,0.00631,0.48118
CVE-2021-33509,0.01979,0.79692
CVE-2021-33510,0.00962,0.60105
CVE-2021-33511,0.0116,0.65815
CVE-2021-33512,0.00669,0.49942
CVE-2021-33513,0.00666,0.49813
CVE-2021-33514,0.07863,0.94498
CVE-2021-33515,0.0285,0.8617
CVE-2021-33516,0.01084,0.63851
CVE-2021-33523,0.01847,0.78211
CVE-2021-33525,0.0774,0.94426
CVE-2021-33526,0.00253,0.15096
CVE-2021-33527,0.04524,0.91197
CVE-2021-33528,0.01133,0.65122
CVE-2021-33529,0.00934,0.59192
CVE-2021-33530,0.0173,0.76669
CVE-2021-33531,0.00719,0.51988
CVE-2021-33532,0.0173,0.76668
CVE-2021-33533,0.0173,0.76669
CVE-2021-33534,0.02136,0.81266
CVE-2021-33535,0.0161,0.74947
CVE-2021-33536,0.01037,0.62483
CVE-2021-33537,0.0161,0.74947
CVE-2021-33538,0.01048,0.62798
CVE-2021-33539,0.01058,0.63072
CVE-2021-33540,0.00723,0.52127
CVE-2021-33541,0.01493,0.73098
CVE-2021-33542,0.01756,0.77025
CVE-2021-33543,0.81342,0.99627
CVE-2021-33544,0.953,0.99864
CVE-2021-33545,0.0282,0.86024
CVE-2021-33546,0.0282,0.86024
CVE-2021-33547,0.0282,0.86024
CVE-2021-33548,0.5705,0.99041
CVE-2021-33549,0.66194,0.99256
CVE-2021-33550,0.5705,0.9904
CVE-2021-33551,0.48811,0.98838
CVE-2021-33552,0.48811,0.98838
CVE-2021-33553,0.48811,0.98838
CVE-2021-33554,0.5705,0.99041
CVE-2021-33555,0.01215,0.67335
CVE-2021-33557,0.01825,0.77932
CVE-2021-33558,0.12307,0.96055
CVE-2021-33560,0.02342,0.82944
CVE-2021-33561,0.0285,0.86169
CVE-2021-33562,0.02916,0.86487
CVE-2021-33563,0.00809,0.55157
CVE-2021-33564,0.72143,0.99416
CVE-2021-33570,0.03561,0.88916
CVE-2021-33571,0.0526,0.92257
CVE-2021-33572,0.0068,0.50418
CVE-2021-33574,0.02874,0.86286
CVE-2021-33575,0.02603,0.84758
CVE-2021-33576,0.01549,0.74053
CVE-2021-33577,0.00585,0.45745
CVE-2021-33578,0.0119,0.66671
CVE-2021-33580,0.03298,0.88062
CVE-2021-33581,0.01284,0.68923
CVE-2021-33582,0.03095,0.87232
CVE-2021-33583,0.01268,0.68591
CVE-2021-33586,0.0089,0.57758
CVE-2021-33587,0.02267,0.82342
CVE-2021-33589,0.00492,0.39808
CVE-2021-33590,0.01501,0.73254
CVE-2021-33591,0.01588,0.74632
CVE-2021-33592,0.02118,0.8111
CVE-2021-33593,0.00708,0.51566
CVE-2021-33594,0.01075,0.63589
CVE-2021-33595,0.01075,0.63589
CVE-2021-33596,0.00797,0.54721
CVE-2021-33597,0.00534,0.42818
CVE-2021-33598,0.00739,0.52711
CVE-2021-33599,0.00411,0.32785
CVE-2021-33600,0.00607,0.46907
CVE-2021-33601,0.00942,0.59419
CVE-2021-33602,0.00593,0.46175
CVE-2021-33603,0.00563,0.44593
CVE-2021-33604,0.00286,0.18902
CVE-2021-33605,0.00665,0.49774
CVE-2021-33609,0.00945,0.59526
CVE-2021-33611,0.00986,0.60893
CVE-2021-33615,0.01318,0.6967
CVE-2021-33616,0.0075,0.53096
CVE-2021-33617,0.02055,0.80496
CVE-2021-33618,0.79282,0.9959
CVE-2021-33620,0.79583,0.99596
CVE-2021-33621,0.0244,0.83656
CVE-2021-33622,0.01258,0.68364
CVE-2021-33623,0.02925,0.8653
CVE-2021-33624,0.00922,0.58767
CVE-2021-33625,0.00315,0.21929
CVE-2021-33626,0.00308,0.21156
CVE-2021-33627,0.00328,0.23348
CVE-2021-33629,0.00961,0.60038
CVE-2021-33630,0.00341,0.24986
CVE-2021-33631,0.00371,0.28468
CVE-2021-33632,0.00146,0.03224
CVE-2021-33633,0.00778,0.54078
CVE-2021-33634,0.00198,0.08668
CVE-2021-33635,0.00556,0.44102
CVE-2021-33636,0.00246,0.14295
CVE-2021-33637,0.00206,0.09543
CVE-2021-33638,0.00206,0.09543
CVE-2021-33639,0.00486,0.39332
CVE-2021-33640,0.00651,0.49149
CVE-2021-33641,0.0027,0.17226
CVE-2021-33642,0.00221,0.11415
CVE-2021-33643,0.01661,0.75716
CVE-2021-33644,0.01396,0.71301
CVE-2021-33645,0.01786,0.77418
CVE-2021-33646,0.01771,0.77238
CVE-2021-33647,0.00917,0.5862
CVE-2021-33648,0.00917,0.5862
CVE-2021-33649,0.00917,0.5862
CVE-2021-33650,0.00917,0.5862
CVE-2021-33651,0.00894,0.57876
CVE-2021-33652,0.00894,0.57876
CVE-2021-33653,0.00894,0.57875
CVE-2021-33654,0.00894,0.57875
CVE-2021-33655,0.00315,0.21936
CVE-2021-33656,0.00611,0.47164
CVE-2021-33657,0.02055,0.80503
CVE-2021-33658,0.00157,0.04133
CVE-2021-33659,0.00561,0.44472
CVE-2021-33660,0.00561,0.44471
CVE-2021-33661,0.00561,0.44471
CVE-2021-33662,0.00259,0.15746
CVE-2021-33663,0.00766,0.53661
CVE-2021-33664,0.00473,0.38441
CVE-2021-33665,0.00473,0.38442
CVE-2021-33666,0.00543,0.43321
CVE-2021-33667,0.00656,0.49371
CVE-2021-33668,0.01071,0.63467
CVE-2021-33669,0.00225,0.11943
CVE-2021-33670,0.03158,0.87477
CVE-2021-33671,0.00732,0.52441
CVE-2021-33672,0.011,0.64292
CVE-2021-33673,0.00837,0.56074
CVE-2021-33674,0.00765,0.53631
CVE-2021-33675,0.00784,0.5427
CVE-2021-33676,0.00911,0.58395
CVE-2021-33677,0.00935,0.59219
CVE-2021-33678,0.02546,0.84381
CVE-2021-33679,0.00473,0.38441
CVE-2021-33680,0.0084,0.56161
CVE-2021-33681,0.00761,0.53487
CVE-2021-33682,0.00585,0.45755
CVE-2021-33683,0.00546,0.43486
CVE-2021-33684,0.00985,0.60852
CVE-2021-33685,0.01029,0.62238
CVE-2021-33686,0.00798,0.54756
CVE-2021-33687,0.01627,0.75195
CVE-2021-33688,0.00652,0.49192
CVE-2021-33689,0.00543,0.43349
CVE-2021-33690,0.69075,0.99334
CVE-2021-33691,0.00638,0.48479
CVE-2021-33692,0.0117,0.66107
CVE-2021-33693,0.0054,0.4312
CVE-2021-33694,0.00465,0.37758
CVE-2021-33695,0.00559,0.44325
CVE-2021-33696,0.00473,0.38441
CVE-2021-33697,0.00581,0.45527
CVE-2021-33698,0.01099,0.6428
CVE-2021-33699,0.01247,0.68111
CVE-2021-33700,0.00206,0.09529
CVE-2021-33701,0.02077,0.80715
CVE-2021-33702,0.01482,0.72922
CVE-2021-33703,0.01482,0.72922
CVE-2021-33704,0.00614,0.47292
CVE-2021-33705,0.02066,0.80616
CVE-2021-33706,0.00562,0.4454
CVE-2021-33707,0.01957,0.7947
CVE-2021-33708,0.00853,0.56587
CVE-2021-33709,0.00897,0.57974
CVE-2021-33710,0.00583,0.45681
CVE-2021-33711,0.00793,0.54595
CVE-2021-33712,0.00604,0.46776
CVE-2021-33713,0.00236,0.13112
CVE-2021-33714,0.00236,0.13113
CVE-2021-33715,0.00236,0.13113
CVE-2021-33716,0.00253,0.15134
CVE-2021-33717,0.01112,0.64602
CVE-2021-33718,0.00581,0.45505
CVE-2021-33719,0.02156,0.81436
CVE-2021-33720,0.01037,0.62483
CVE-2021-33721,0.02672,0.85186
CVE-2021-33722,0.00853,0.56576
CVE-2021-33723,0.00619,0.47559
CVE-2021-33724,0.01033,0.62324
CVE-2021-33725,0.01033,0.62324
CVE-2021-33726,0.01215,0.67336
CVE-2021-33727,0.00852,0.56539
CVE-2021-33728,0.01551,0.74088
CVE-2021-33729,0.02381,0.83217
CVE-2021-33730,0.27685,0.98022
CVE-2021-33731,0.46587,0.98783
CVE-2021-33732,0.27685,0.98022
CVE-2021-33733,0.15385,0.9667
CVE-2021-33734,0.27685,0.98023
CVE-2021-33735,0.0115,0.65571
CVE-2021-33736,0.01182,0.6649
CVE-2021-33737,0.01056,0.63017
CVE-2021-33738,0.01343,0.70241
CVE-2021-33739,0.06555,0.93579
CVE-2021-33740,0.02732,0.85525
CVE-2021-33741,0.02747,0.85611
CVE-2021-33742,0.59407,0.99093
CVE-2021-33743,0.00646,0.48881
CVE-2021-33744,0.00787,0.54359
CVE-2021-33745,0.02845,0.8615
CVE-2021-33746,0.01978,0.79682
CVE-2021-33749,0.02396,0.8333
CVE-2021-33750,0.02396,0.8333
CVE-2021-33751,0.00812,0.55237
CVE-2021-33752,0.02396,0.8333
CVE-2021-33753,0.01914,0.78996
CVE-2021-33754,0.01964,0.79538
CVE-2021-33755,0.03111,0.87289
CVE-2021-33756,0.02385,0.83246
CVE-2021-33757,0.02927,0.86537
CVE-2021-33758,0.02845,0.8615
CVE-2021-33759,0.00646,0.48881
CVE-2021-33760,0.00974,0.60528
CVE-2021-33761,0.00601,0.46635
CVE-2021-33762,0.00589,0.45965
CVE-2021-33763,0.00872,0.57234
CVE-2021-33764,0.03024,0.86953
CVE-2021-33765,0.00721,0.5206
CVE-2021-33766,0.98136,0.99912
CVE-2021-33767,0.00903,0.58148
CVE-2021-33768,0.01235,0.6783
CVE-2021-33771,0.10172,0.95509
CVE-2021-33772,0.03253,0.87884
CVE-2021-33773,0.00638,0.48482
CVE-2021-33774,0.00633,0.48226
CVE-2021-33775,0.02361,0.83088
CVE-2021-33776,0.02361,0.83088
CVE-2021-33777,0.02361,0.83088
CVE-2021-33778,0.02361,0.83088
CVE-2021-33779,0.0239,0.83286
CVE-2021-33780,0.02707,0.85386
CVE-2021-33781,0.0241,0.83431
CVE-2021-33782,0.02247,0.82193
CVE-2021-33783,0.02766,0.85727
CVE-2021-33784,0.00646,0.48881
CVE-2021-33785,0.03253,0.87884
CVE-2021-33786,0.02097,0.80923
CVE-2021-33788,0.03253,0.87884
CVE-2021-33790,0.02839,0.86115
CVE-2021-33792,0.02107,0.81009
CVE-2021-33793,0.01087,0.63922
CVE-2021-33794,0.01105,0.64429
CVE-2021-33795,0.00771,0.53837
CVE-2021-33796,0.00713,0.51746
CVE-2021-33797,0.00809,0.55152
CVE-2021-33798,0.00485,0.39281
CVE-2021-33800,0.01532,0.73741
CVE-2021-33806,0.02981,0.86764
CVE-2021-33807,0.16139,0.9682
CVE-2021-33813,0.19442,0.97283
CVE-2021-33815,0.01356,0.70528
CVE-2021-33816,0.0394,0.90027
CVE-2021-33818,0.01934,0.79229
CVE-2021-33820,0.01934,0.79229
CVE-2021-33822,0.01934,0.79229
CVE-2021-33823,0.01321,0.69732
CVE-2021-33824,0.01934,0.79229
CVE-2021-33827,0.02089,0.80838
CVE-2021-33828,0.01156,0.65729
CVE-2021-33829,0.03189,0.87591
CVE-2021-33831,0.02016,0.80112
CVE-2021-33833,0.02571,0.84547
CVE-2021-33834,0.00189,0.0761
CVE-2021-33838,0.02765,0.85722
CVE-2021-33839,0.02765,0.85722
CVE-2021-33840,0.00898,0.57998
CVE-2021-33841,0.02247,0.82195
CVE-2021-33842,0.00428,0.34485
CVE-2021-33843,0.00802,0.54878
CVE-2021-33844,0.00481,0.39034
CVE-2021-33845,0.00901,0.58068
CVE-2021-33846,0.00313,0.21751
CVE-2021-33847,0.00216,0.10771
CVE-2021-33848,0.00611,0.47109
CVE-2021-33849,0.01079,0.63666
CVE-2021-33850,0.01598,0.7478
CVE-2021-33851,0.01318,0.69676
CVE-2021-33852,0.00636,0.48406
CVE-2021-33853,0.00576,0.45264
CVE-2021-33879,0.01022,0.62031
CVE-2021-33880,0.02265,0.82322
CVE-2021-33881,0.00411,0.32763
CVE-2021-33882,0.011,0.64302
CVE-2021-33883,0.00832,0.55913
CVE-2021-33884,0.00984,0.60822
CVE-2021-33885,0.0558,0.92604
CVE-2021-33886,0.00827,0.55751
CVE-2021-33887,0.00267,0.16884
CVE-2021-33889,0.00327,0.23195
CVE-2021-33894,0.01095,0.64179
CVE-2021-33895,0.00901,0.5809
CVE-2021-33896,0.01766,0.77165
CVE-2021-33897,0.00236,0.13169
CVE-2021-33898,0.01804,0.77654
CVE-2021-33900,0.00793,0.54583
CVE-2021-33903,0.01101,0.64323
CVE-2021-33904,0.09972,0.95446
CVE-2021-33907,0.02956,0.86658
CVE-2021-33909,0.09729,0.95359
CVE-2021-33910,0.08792,0.95004
CVE-2021-33911,0.05261,0.92258
CVE-2021-33912,0.09643,0.95329
CVE-2021-33913,0.09643,0.95329
CVE-2021-33923,0.00296,0.19968
CVE-2021-33924,0.01629,0.75214
CVE-2021-33925,0.00971,0.6041
CVE-2021-33926,0.01013,0.61778
CVE-2021-33928,0.01462,0.72545
CVE-2021-33929,0.01441,0.72145
CVE-2021-33930,0.01462,0.72545
CVE-2021-33938,0.01422,0.71798
CVE-2021-33945,0.01846,0.78193
CVE-2021-33948,0.00821,0.55569
CVE-2021-33949,0.01045,0.62706
CVE-2021-33950,0.00704,0.51394
CVE-2021-33959,0.15035,0.96613
CVE-2021-33961,0.00705,0.51422
CVE-2021-33962,0.03708,0.89357
CVE-2021-33963,0.03071,0.87134
CVE-2021-33964,0.02871,0.86267
CVE-2021-33965,0.02871,0.86267
CVE-2021-33966,0.0088,0.5746
CVE-2021-33970,0.03092,0.87219
CVE-2021-33971,0.00422,0.34
CVE-2021-33972,0.01317,0.69636
CVE-2021-33973,0.00399,0.31497
CVE-2021-33974,0.01036,0.62452
CVE-2021-33975,0.01374,0.70878
CVE-2021-33981,0.00811,0.55219
CVE-2021-33982,0.0112,0.64819
CVE-2021-33983,0.00313,0.21664
CVE-2021-33988,0.01064,0.63252
CVE-2021-33990,0.11915,0.95973
CVE-2021-34055,0.00434,0.35176
CVE-2021-34066,0.01962,0.79516
CVE-2021-34067,0.0083,0.55835
CVE-2021-34068,0.0083,0.55835
CVE-2021-34069,0.00791,0.54512
CVE-2021-34070,0.00791,0.54512
CVE-2021-34071,0.00698,0.51158
CVE-2021-34073,0.00583,0.45685
CVE-2021-34074,0.07489,0.94273
CVE-2021-34075,0.00916,0.58594
CVE-2021-34076,0.00865,0.56991
CVE-2021-34078,0.02564,0.84497
CVE-2021-34079,0.044,0.90976
CVE-2021-34080,0.03338,0.88202
CVE-2021-34081,0.03606,0.89065
CVE-2021-34082,0.05082,0.92043
CVE-2021-34083,0.02077,0.80719
CVE-2021-34084,0.03102,0.87254
CVE-2021-34085,0.01863,0.78417
CVE-2021-34086,0.00529,0.4245
CVE-2021-34087,0.00814,0.55283
CVE-2021-34110,0.01163,0.6594
CVE-2021-34111,0.02654,0.85076
CVE-2021-34117,0.00941,0.59384
CVE-2021-34119,0.00336,0.24428
CVE-2021-34121,0.00336,0.24427
CVE-2021-34122,0.00816,0.55374
CVE-2021-34123,0.00739,0.5273
CVE-2021-34125,0.0096,0.59989
CVE-2021-34128,0.01485,0.72969
CVE-2021-34129,0.01745,0.76862
CVE-2021-34141,0.01561,0.74232
CVE-2021-34143,0.00745,0.52927
CVE-2021-34144,0.00688,0.50787
CVE-2021-34145,0.0051,0.41156
CVE-2021-34146,0.00581,0.45531
CVE-2021-34147,0.00581,0.45531
CVE-2021-34148,0.00581,0.45531
CVE-2021-34149,0.00504,0.40661
CVE-2021-34150,0.0041,0.32606
CVE-2021-34164,0.00766,0.53679
CVE-2021-34165,0.02802,0.85928
CVE-2021-34166,0.02916,0.86488
CVE-2021-34167,0.00423,0.34075
CVE-2021-34170,0.03154,0.87459
CVE-2021-34173,0.01471,0.72722
CVE-2021-34174,0.00402,0.31793
CVE-2021-34181,0.00404,0.3206
CVE-2021-34182,0.00865,0.56983
CVE-2021-34184,0.01146,0.65448
CVE-2021-34185,0.00682,0.50515
CVE-2021-34187,0.16181,0.96828
CVE-2021-34190,0.00638,0.48463
CVE-2021-34193,0.01389,0.71185
CVE-2021-34201,0.0054,0.43122
CVE-2021-34202,0.03639,0.8916
CVE-2021-34203,0.01195,0.66797
CVE-2021-34204,0.01115,0.64681
CVE-2021-34207,0.00662,0.49645
CVE-2021-34215,0.00662,0.49642
CVE-2021-34218,0.00815,0.5534
CVE-2021-34220,0.00662,0.49643
CVE-2021-34223,0.00662,0.49646
CVE-2021-34228,0.29161,0.98111
CVE-2021-34235,0.01932,0.7921
CVE-2021-34236,0.01475,0.72783
CVE-2021-34243,0.00595,0.46296
CVE-2021-34244,0.0057,0.44955
CVE-2021-34249,0.01229,0.67678
CVE-2021-34254,0.0071,0.51615
CVE-2021-34257,0.01822,0.77896
CVE-2021-34259,0.00473,0.38435
CVE-2021-34260,0.00473,0.38436
CVE-2021-34261,0.00354,0.26479
CVE-2021-34262,0.00473,0.38435
CVE-2021-34267,0.00354,0.2648
CVE-2021-34268,0.00354,0.2648
CVE-2021-34270,0.01072,0.63515
CVE-2021-34272,0.01072,0.63515
CVE-2021-34273,0.01072,0.63514
CVE-2021-34280,0.01309,0.69463
CVE-2021-34291,0.0166,0.75699
CVE-2021-34292,0.0166,0.757
CVE-2021-34293,0.0166,0.757
CVE-2021-34294,0.0166,0.75701
CVE-2021-34295,0.0166,0.75698
CVE-2021-34296,0.0166,0.75698
CVE-2021-34297,0.0166,0.75699
CVE-2021-34298,0.0166,0.75699
CVE-2021-34299,0.01421,0.71778
CVE-2021-34300,0.0166,0.757
CVE-2021-34301,0.0166,0.75701
CVE-2021-34302,0.01421,0.71779
CVE-2021-34303,0.01421,0.71779
CVE-2021-34304,0.01421,0.71778
CVE-2021-34305,0.01856,0.78331
CVE-2021-34306,0.019,0.78842
CVE-2021-34307,0.01421,0.7178
CVE-2021-34308,0.01421,0.7178
CVE-2021-34309,0.0166,0.75701
CVE-2021-34310,0.0166,0.757
CVE-2021-34311,0.0166,0.75701
CVE-2021-34312,0.01891,0.78734
CVE-2021-34313,0.0194,0.79304
CVE-2021-34314,0.0166,0.75697
CVE-2021-34315,0.0166,0.75697
CVE-2021-34316,0.0166,0.75698
CVE-2021-34317,0.01891,0.78734
CVE-2021-34318,0.01891,0.78735
CVE-2021-34319,0.0166,0.75698
CVE-2021-34320,0.01421,0.71779
CVE-2021-34321,0.01421,0.71779
CVE-2021-34322,0.01217,0.67377
CVE-2021-34323,0.01728,0.76636
CVE-2021-34324,0.01753,0.76987
CVE-2021-34325,0.01421,0.7178
CVE-2021-34326,0.02132,0.81237
CVE-2021-34327,0.02079,0.80728
CVE-2021-34328,0.02132,0.81238
CVE-2021-34329,0.02132,0.81237
CVE-2021-34330,0.01891,0.78735
CVE-2021-34331,0.0166,0.75697
CVE-2021-34332,0.01112,0.64601
CVE-2021-34333,0.01068,0.63416
CVE-2021-34334,0.01113,0.64631
CVE-2021-34335,0.00984,0.60824
CVE-2021-34337,0.00302,0.20558
CVE-2021-34338,0.00957,0.59907
CVE-2021-34339,0.00957,0.59906
CVE-2021-34340,0.00897,0.57971
CVE-2021-34341,0.00897,0.57971
CVE-2021-34342,0.01149,0.65554
CVE-2021-34343,0.0195,0.79412
CVE-2021-34344,0.01579,0.74496
CVE-2021-34345,0.01579,0.74496
CVE-2021-34346,0.01579,0.74495
CVE-2021-34348,0.01471,0.72719
CVE-2021-34349,0.0145,0.72304
CVE-2021-34351,0.01471,0.72719
CVE-2021-34352,0.01477,0.72819
CVE-2021-34354,0.00649,0.49015
CVE-2021-34355,0.00649,0.49014
CVE-2021-34356,0.00649,0.49015
CVE-2021-34357,0.00712,0.51692
CVE-2021-34358,0.00377,0.29014
CVE-2021-34359,0.00623,0.47737
CVE-2021-34360,0.00471,0.38227
CVE-2021-34361,0.00689,0.50803
CVE-2021-34362,0.01266,0.68564
CVE-2021-34363,0.01847,0.78212
CVE-2021-34364,0.00685,0.50652
CVE-2021-34369,0.08236,0.94704
CVE-2021-34370,0.09996,0.95453
CVE-2021-34371,0.13386,0.96291
CVE-2021-34372,0.00256,0.15464
CVE-2021-34373,0.00253,0.15105
CVE-2021-34374,0.00242,0.13848
CVE-2021-34375,0.00246,0.14265
CVE-2021-34376,0.00242,0.13849
CVE-2021-34377,0.00242,0.13849
CVE-2021-34378,0.00242,0.13849
CVE-2021-34379,0.00238,0.1337
CVE-2021-34380,0.00249,0.14539
CVE-2021-34381,0.00208,0.09781
CVE-2021-34382,0.00204,0.09337
CVE-2021-34383,0.00212,0.10395
CVE-2021-34384,0.00232,0.12672
CVE-2021-34385,0.00207,0.09667
CVE-2021-34386,0.00207,0.09666
CVE-2021-34387,0.00205,0.0938
CVE-2021-34388,0.00237,0.13227
CVE-2021-34389,0.00256,0.15536
CVE-2021-34390,0.00192,0.0798
CVE-2021-34391,0.00182,0.06989
CVE-2021-34392,0.00187,0.07421
CVE-2021-34393,0.003,0.20368
CVE-2021-34394,0.00264,0.16445
CVE-2021-34395,0.00179,0.06682
CVE-2021-34396,0.00197,0.08476
CVE-2021-34397,0.00204,0.09314
CVE-2021-34398,0.00261,0.16046
CVE-2021-34399,0.00214,0.10535
CVE-2021-34400,0.00214,0.10535
CVE-2021-34401,0.003,0.20372
CVE-2021-34402,0.00286,0.18981
CVE-2021-34403,0.00302,0.20549
CVE-2021-34404,0.00212,0.1037
CVE-2021-34405,0.00227,0.12149
CVE-2021-34406,0.00186,0.07345
CVE-2021-34408,0.00434,0.35132
CVE-2021-34409,0.00195,0.08212
CVE-2021-34410,0.00228,0.12205
CVE-2021-34411,0.00204,0.09307
CVE-2021-34412,0.00318,0.22246
CVE-2021-34413,0.00585,0.45754
CVE-2021-34414,0.01516,0.73486
CVE-2021-34415,0.00978,0.60657
CVE-2021-34416,0.01603,0.74838
CVE-2021-34417,0.01238,0.67874
CVE-2021-34418,0.00628,0.47974
CVE-2021-34419,0.00623,0.47763
CVE-2021-34420,0.00407,0.32377
CVE-2021-34421,0.00713,0.5174
CVE-2021-34422,0.01383,0.71054
CVE-2021-34423,0.03268,0.87939
CVE-2021-34424,0.01721,0.7655
CVE-2021-34425,0.00809,0.55163
CVE-2021-34426,0.00239,0.13405
CVE-2021-34427,0.57982,0.99062
CVE-2021-34428,0.00963,0.60129
CVE-2021-34429,0.99298,0.99938
CVE-2021-34430,0.01045,0.62707
CVE-2021-34431,0.01113,0.64627
CVE-2021-34432,0.01247,0.68109
CVE-2021-34433,0.00338,0.2469
CVE-2021-34434,0.0133,0.69926
CVE-2021-34435,0.00595,0.46299
CVE-2021-34436,0.02223,0.81997
CVE-2021-34438,0.02198,0.81794
CVE-2021-34439,0.02646,0.85016
CVE-2021-34440,0.00872,0.57234
CVE-2021-34441,0.02198,0.81793
CVE-2021-34442,0.03144,0.87419
CVE-2021-34444,0.03457,0.88598
CVE-2021-34445,0.00638,0.48482
CVE-2021-34446,0.02045,0.80402
CVE-2021-34447,0.02045,0.80402
CVE-2021-34448,0.40062,0.98587
CVE-2021-34449,0.02711,0.85409
CVE-2021-34450,0.02499,0.84062
CVE-2021-34451,0.01784,0.77401
CVE-2021-34452,0.02208,0.8188
CVE-2021-34453,0.02826,0.86049
CVE-2021-34454,0.00872,0.57234
CVE-2021-34455,0.00525,0.42193
CVE-2021-34456,0.00557,0.44198
CVE-2021-34457,0.00872,0.57233
CVE-2021-34458,0.02625,0.84884
CVE-2021-34459,0.00525,0.42193
CVE-2021-34460,0.00564,0.44633
CVE-2021-34461,0.00525,0.42193
CVE-2021-34462,0.00852,0.56545
CVE-2021-34464,0.02643,0.85002
CVE-2021-34466,0.00807,0.55094
CVE-2021-34467,0.06593,0.9361
CVE-2021-34468,0.02129,0.81211
CVE-2021-34469,0.0367,0.89252
CVE-2021-34470,0.04379,0.90945
CVE-2021-34471,0.00505,0.40727
CVE-2021-34473,0.99999,0.99996
CVE-2021-34474,0.02157,0.8145
CVE-2021-34475,0.00567,0.4478
CVE-2021-34476,0.03253,0.87885
CVE-2021-34477,0.00564,0.44633
CVE-2021-34478,0.51243,0.98901
CVE-2021-34479,0.03404,0.88424
CVE-2021-34480,0.33947,0.98347
CVE-2021-34481,0.47717,0.9881
CVE-2021-34483,0.0108,0.63718
CVE-2021-34484,0.21827,0.97567
CVE-2021-34485,0.01455,0.72411
CVE-2021-34486,0.09253,0.95191
CVE-2021-34487,0.00608,0.46941
CVE-2021-34488,0.00564,0.44634
CVE-2021-34489,0.0245,0.83738
CVE-2021-34490,0.03253,0.87885
CVE-2021-34491,0.00958,0.59936
CVE-2021-34492,0.02448,0.83718
CVE-2021-34493,0.00643,0.48718
CVE-2021-34494,0.04012,0.90203
CVE-2021-34496,0.02023,0.80178
CVE-2021-34497,0.02127,0.8119
CVE-2021-34498,0.01049,0.62824
CVE-2021-34499,0.02845,0.8615
CVE-2021-34500,0.02633,0.84947
CVE-2021-34501,0.51392,0.98905
CVE-2021-34503,0.02286,0.82498
CVE-2021-34504,0.03436,0.88529
CVE-2021-34506,0.02205,0.81849
CVE-2021-34507,0.03228,0.87766
CVE-2021-34508,0.02235,0.82101
CVE-2021-34509,0.00937,0.5928
CVE-2021-34510,0.0094,0.59375
CVE-2021-34511,0.00564,0.44633
CVE-2021-34512,0.01049,0.62825
CVE-2021-34513,0.01049,0.62825
CVE-2021-34514,0.00692,0.50929
CVE-2021-34516,0.01294,0.69136
CVE-2021-34517,0.0195,0.79411
CVE-2021-34518,0.02332,0.82868
CVE-2021-34519,0.06086,0.93166
CVE-2021-34520,0.04389,0.90959
CVE-2021-34521,0.02361,0.83089
CVE-2021-34522,0.02699,0.85343
CVE-2021-34523,0.9999,0.99985
CVE-2021-34524,0.03586,0.89004
CVE-2021-34525,0.02235,0.82101
CVE-2021-34527,0.99792,0.99956
CVE-2021-34528,0.0312,0.87329
CVE-2021-34529,0.05095,0.92061
CVE-2021-34530,0.02421,0.83518
CVE-2021-34532,0.01209,0.67169
CVE-2021-34533,0.02421,0.83518
CVE-2021-34534,0.02224,0.82013
CVE-2021-34535,0.21691,0.97557
CVE-2021-34536,0.00638,0.48464
CVE-2021-34537,0.00494,0.39964
CVE-2021-34538,0.01756,0.77032
CVE-2021-34539,0.01171,0.66131
CVE-2021-34540,0.00867,0.57053
CVE-2021-34543,0.02934,0.86566
CVE-2021-34544,0.00997,0.6124
CVE-2021-34546,0.00693,0.50976
CVE-2021-34547,0.0045,0.36571
CVE-2021-34548,0.02721,0.85467
CVE-2021-34549,0.01608,0.74918
CVE-2021-34550,0.01564,0.74275
CVE-2021-34551,0.02803,0.85932
CVE-2021-34552,0.03188,0.87586
CVE-2021-34553,0.03675,0.89267
CVE-2021-34555,0.02746,0.85603
CVE-2021-34556,0.00419,0.33736
CVE-2021-34557,0.0048,0.38898
CVE-2021-34558,0.06975,0.93914
CVE-2021-34559,0.00768,0.53753
CVE-2021-34560,0.00208,0.09755
CVE-2021-34561,0.00868,0.57097
CVE-2021-34562,0.00581,0.45511
CVE-2021-34563,0.00239,0.13446
CVE-2021-34564,0.00154,0.03872
CVE-2021-34565,0.0103,0.62259
CVE-2021-34566,0.01105,0.6442
CVE-2021-34567,0.00822,0.55584
CVE-2021-34568,0.01093,0.64062
CVE-2021-34569,0.00855,0.56679
CVE-2021-34570,0.00978,0.60656
CVE-2021-34571,0.00226,0.12041
CVE-2021-34572,0.00227,0.12089
CVE-2021-34573,0.00226,0.12054
CVE-2021-34574,0.00659,0.49503
CVE-2021-34575,0.0103,0.62268
CVE-2021-34576,0.00365,0.27729
CVE-2021-34577,0.00276,0.18022
CVE-2021-34578,0.00963,0.60124
CVE-2021-34579,0.00615,0.47339
CVE-2021-34580,0.01039,0.62521
CVE-2021-34581,0.01022,0.61989
CVE-2021-34582,0.00292,0.19556
CVE-2021-34583,0.08407,0.94802
CVE-2021-34584,0.0111,0.64563
CVE-2021-34585,0.00929,0.58998
CVE-2021-34586,0.14109,0.96445
CVE-2021-34587,0.00915,0.58557
CVE-2021-34588,0.00904,0.58199
CVE-2021-34589,0.0099,0.61024
CVE-2021-34590,0.00451,0.36665
CVE-2021-34591,0.00232,0.12643
CVE-2021-34592,0.01391,0.71218
CVE-2021-34593,0.02736,0.85548
CVE-2021-34594,0.01126,0.64969
CVE-2021-34595,0.00879,0.57443
CVE-2021-34596,0.00855,0.56686
CVE-2021-34597,0.00654,0.49262
CVE-2021-34598,0.00933,0.59166
CVE-2021-34599,0.00474,0.38497
CVE-2021-34600,0.00414,0.33185
CVE-2021-34601,0.01084,0.63851
CVE-2021-34602,0.01391,0.71218
CVE-2021-34605,0.02455,0.83767
CVE-2021-34606,0.00445,0.36182
CVE-2021-34609,0.01148,0.65486
CVE-2021-34610,0.03024,0.86952
CVE-2021-34611,0.03024,0.86952
CVE-2021-34612,0.01246,0.68085
CVE-2021-34613,0.01246,0.68085
CVE-2021-34614,0.01246,0.68086
CVE-2021-34615,0.01246,0.68085
CVE-2021-34616,0.01246,0.68085
CVE-2021-34617,0.00581,0.45514
CVE-2021-34618,0.0048,0.38956
CVE-2021-34619,0.00719,0.51972
CVE-2021-34620,0.02633,0.84944
CVE-2021-34621,0.68862,0.99327
CVE-2021-34622,0.0412,0.90436
CVE-2021-34623,0.02101,0.8096
CVE-2021-34624,0.06744,0.93736
CVE-2021-34625,0.00634,0.48272
CVE-2021-34626,0.0069,0.50848
CVE-2021-34627,0.007,0.51263
CVE-2021-34628,0.007,0.51217
CVE-2021-34629,0.00698,0.51155
CVE-2021-34630,0.01572,0.74396
CVE-2021-34631,0.0056,0.44382
CVE-2021-34632,0.0068,0.50451
CVE-2021-34633,0.0068,0.50451
CVE-2021-34634,0.007,0.51217
CVE-2021-34635,0.00938,0.59324
CVE-2021-34636,0.00625,0.47837
CVE-2021-34637,0.007,0.51218
CVE-2021-34638,0.01331,0.69956
CVE-2021-34639,0.0058,0.45477
CVE-2021-34640,0.02313,0.82724
CVE-2021-34641,0.00648,0.48983
CVE-2021-34642,0.00938,0.59324
CVE-2021-34643,0.0235,0.83009
CVE-2021-34644,0.00938,0.59325
CVE-2021-34645,0.00638,0.48467
CVE-2021-34646,0.50869,0.98891
CVE-2021-34647,0.01159,0.65807
CVE-2021-34648,0.00657,0.49429
CVE-2021-34649,0.00895,0.57914
CVE-2021-34650,0.00775,0.53957
CVE-2021-34651,0.00895,0.57915
CVE-2021-34652,0.00844,0.56259
CVE-2021-34653,0.00884,0.57581
CVE-2021-34654,0.00895,0.57911
CVE-2021-34655,0.00844,0.5626
CVE-2021-34656,0.00895,0.57913
CVE-2021-34657,0.00844,0.5626
CVE-2021-34658,0.00895,0.57907
CVE-2021-34659,0.00895,0.57916
CVE-2021-34660,0.00819,0.55502
CVE-2021-34661,0.0045,0.36576
CVE-2021-34663,0.00895,0.5791
CVE-2021-34664,0.00938,0.59326
CVE-2021-34665,0.00844,0.56259
CVE-2021-34666,0.00844,0.56259
CVE-2021-34667,0.00895,0.57914
CVE-2021-34668,0.0056,0.44353
CVE-2021-34675,0.01822,0.77891
CVE-2021-34676,0.01822,0.77891
CVE-2021-34679,0.01019,0.61925
CVE-2021-34682,0.00663,0.49693
CVE-2021-34683,0.01082,0.63786
CVE-2021-34684,0.05868,0.92949
CVE-2021-34685,0.02322,0.82788
CVE-2021-34687,0.00231,0.12604
CVE-2021-34688,0.00162,0.04769
CVE-2021-34689,0.00276,0.17941
CVE-2021-34690,0.01244,0.68047
CVE-2021-34691,0.01034,0.62402
CVE-2021-34692,0.00288,0.19139
CVE-2021-34693,0.00472,0.38315
CVE-2021-34696,0.00999,0.61281
CVE-2021-34697,0.01328,0.69875
CVE-2021-34698,0.01432,0.71974
CVE-2021-34699,0.01187,0.66598
CVE-2021-34700,0.00254,0.15178
CVE-2021-34701,0.01563,0.74259
CVE-2021-34702,0.00873,0.57255
CVE-2021-34703,0.01187,0.66598
CVE-2021-34704,0.01307,0.69436
CVE-2021-34705,0.01006,0.61536
CVE-2021-34706,0.00738,0.52681
CVE-2021-34707,0.01095,0.64158
CVE-2021-34708,0.00183,0.07087
CVE-2021-34709,0.00152,0.03658
CVE-2021-34710,0.0261,0.84795
CVE-2021-34711,0.00266,0.16602
CVE-2021-34712,0.0074,0.52751
CVE-2021-34713,0.0036,0.27257
CVE-2021-34714,0.00389,0.30313
CVE-2021-34715,0.01056,0.63038
CVE-2021-34716,0.02395,0.83325
CVE-2021-34718,0.01581,0.74519
CVE-2021-34719,0.00282,0.18572
CVE-2021-34720,0.0129,0.6905
CVE-2021-34721,0.00279,0.18283
CVE-2021-34722,0.00282,0.18582
CVE-2021-34723,0.00245,0.14077
CVE-2021-34724,0.00266,0.16568
CVE-2021-34725,0.00357,0.26919
CVE-2021-34726,0.00366,0.27878
CVE-2021-34727,0.02629,0.84915
CVE-2021-34728,0.00301,0.20488
CVE-2021-34729,0.00357,0.26919
CVE-2021-34730,0.185,0.97156
CVE-2021-34731,0.00594,0.46233
CVE-2021-34732,0.00774,0.53953
CVE-2021-34733,0.00225,0.11832
CVE-2021-34734,0.00381,0.29459
CVE-2021-34735,0.01882,0.78623
CVE-2021-34736,0.01274,0.68728
CVE-2021-34737,0.01328,0.69876
CVE-2021-34738,0.00616,0.47415
CVE-2021-34739,0.0167,0.75845
CVE-2021-34740,0.0036,0.27257
CVE-2021-34741,0.01289,0.69032
CVE-2021-34742,0.00774,0.53953
CVE-2021-34743,0.00471,0.38259
CVE-2021-34744,0.00749,0.53048
CVE-2021-34745,0.0023,0.12475
CVE-2021-34746,0.17661,0.97055
CVE-2021-34748,0.02749,0.8562
CVE-2021-34749,0.01684,0.76055
CVE-2021-34750,0.00278,0.18197
CVE-2021-34751,0.00278,0.18197
CVE-2021-34752,0.00261,0.1597
CVE-2021-34753,0.00663,0.49669
CVE-2021-34754,0.00999,0.61281
CVE-2021-34755,0.00271,0.17358
CVE-2021-34756,0.00271,0.17358
CVE-2021-34757,0.00624,0.47817
CVE-2021-34758,0.00186,0.07407
CVE-2021-34759,0.00594,0.46233
CVE-2021-34760,0.00592,0.46145
CVE-2021-34761,0.00214,0.10533
CVE-2021-34762,0.0197,0.796
CVE-2021-34763,0.00476,0.38667
CVE-2021-34764,0.00611,0.47154
CVE-2021-34765,0.00873,0.57254
CVE-2021-34766,0.00974,0.6054
CVE-2021-34767,0.00783,0.54212
CVE-2021-34768,0.0139,0.7121
CVE-2021-34769,0.0139,0.71211
CVE-2021-34770,0.02964,0.86693
CVE-2021-34771,0.00258,0.15685
CVE-2021-34772,0.0097,0.60383
CVE-2021-34773,0.00502,0.40525
CVE-2021-34774,0.00996,0.61202
CVE-2021-34775,0.00411,0.32783
CVE-2021-34776,0.00411,0.32783
CVE-2021-34777,0.00411,0.32783
CVE-2021-34778,0.00411,0.32783
CVE-2021-34779,0.00521,0.41896
CVE-2021-34780,0.00521,0.41896
CVE-2021-34781,0.01391,0.71219
CVE-2021-34782,0.00781,0.54148
CVE-2021-34783,0.01601,0.74814
CVE-2021-34784,0.00599,0.46515
CVE-2021-34785,0.01281,0.68864
CVE-2021-34786,0.01021,0.61982
CVE-2021-34787,0.01036,0.62463
CVE-2021-34788,0.00177,0.06538
CVE-2021-34789,0.00594,0.46233
CVE-2021-34790,0.01136,0.65188
CVE-2021-34791,0.01136,0.65189
CVE-2021-34792,0.01432,0.71975
CVE-2021-34793,0.00582,0.45566
CVE-2021-34794,0.00936,0.59248
CVE-2021-34795,0.01745,0.76861
CVE-2021-34797,0.02514,0.84171
CVE-2021-34798,0.64509,0.99213
CVE-2021-34800,0.00986,0.60885
CVE-2021-34801,0.01721,0.76562
CVE-2021-34802,0.01038,0.6251
CVE-2021-34803,0.0047,0.38126
CVE-2021-34805,0.26823,0.97967
CVE-2021-34807,0.00979,0.6069
CVE-2021-34808,0.01016,0.61841
CVE-2021-34809,0.01935,0.79232
CVE-2021-34810,0.01369,0.7078
CVE-2021-34811,0.00764,0.53612
CVE-2021-34812,0.01119,0.64783
CVE-2021-34813,0.04262,0.9072
CVE-2021-34814,0.01042,0.62641
CVE-2021-34815,0.00836,0.56014
CVE-2021-34816,0.02229,0.82045
CVE-2021-34817,0.01343,0.70227
CVE-2021-34820,0.03998,0.9017
CVE-2021-34821,0.00816,0.55376
CVE-2021-34823,0.01979,0.79689
CVE-2021-34824,0.01988,0.79799
CVE-2021-34825,0.00616,0.47376
CVE-2021-34827,0.02333,0.82879
CVE-2021-34828,0.02333,0.82878
CVE-2021-34829,0.02333,0.82879
CVE-2021-34830,0.02333,0.82879
CVE-2021-34831,0.0347,0.88642
CVE-2021-34832,0.04,0.90175
CVE-2021-34833,0.95655,0.99869
CVE-2021-34834,0.03103,0.87256
CVE-2021-34835,0.03103,0.87257
CVE-2021-34836,0.03769,0.8954
CVE-2021-34837,0.04,0.90174
CVE-2021-34838,0.03769,0.8954
CVE-2021-34839,0.04,0.90174
CVE-2021-34840,0.04,0.90176
CVE-2021-34841,0.04,0.90173
CVE-2021-34842,0.13346,0.96283
CVE-2021-34843,0.02923,0.86522
CVE-2021-34844,0.04,0.90173
CVE-2021-34845,0.04,0.90174
CVE-2021-34846,0.04,0.90175
CVE-2021-34847,0.61554,0.99143
CVE-2021-34848,0.0347,0.88642
CVE-2021-34849,0.02857,0.86201
CVE-2021-34850,0.38251,0.98518
CVE-2021-34851,0.04,0.90175
CVE-2021-34852,0.04,0.90175
CVE-2021-34853,0.04,0.90176
CVE-2021-34854,0.00254,0.15266
CVE-2021-34855,0.00267,0.16898
CVE-2021-34856,0.00267,0.16926
CVE-2021-34857,0.00271,0.17327
CVE-2021-34858,0.03756,0.89499
CVE-2021-34859,0.08947,0.95075
CVE-2021-34860,0.01456,0.72412
CVE-2021-34861,0.00821,0.5555
CVE-2021-34862,0.00821,0.5555
CVE-2021-34863,0.0148,0.72865
CVE-2021-34864,0.00236,0.13145
CVE-2021-34865,0.03075,0.87154
CVE-2021-34866,0.00972,0.60448
CVE-2021-34867,0.00429,0.34612
CVE-2021-34868,0.00423,0.3406
CVE-2021-34869,0.00418,0.33538
CVE-2021-34870,0.00895,0.57901
CVE-2021-34871,0.02005,0.80015
CVE-2021-34872,0.02015,0.80098
CVE-2021-34873,0.01996,0.79879
CVE-2021-34874,0.02113,0.81061
CVE-2021-34875,0.01987,0.79781
CVE-2021-34876,0.01945,0.7936
CVE-2021-34877,0.01937,0.7926
CVE-2021-34878,0.01945,0.79359
CVE-2021-34879,0.02005,0.80014
CVE-2021-34880,0.01987,0.79781
CVE-2021-34881,0.01528,0.7367
CVE-2021-34882,0.01521,0.73556
CVE-2021-34883,0.0161,0.74946
CVE-2021-34884,0.0161,0.74946
CVE-2021-34885,0.02041,0.80353
CVE-2021-34886,0.01603,0.74838
CVE-2021-34887,0.01603,0.74837
CVE-2021-34888,0.01644,0.75466
CVE-2021-34889,0.01804,0.77655
CVE-2021-34890,0.01652,0.75569
CVE-2021-34891,0.0205,0.80447
CVE-2021-34892,0.02041,0.80346
CVE-2021-34893,0.02123,0.81145
CVE-2021-34894,0.02103,0.80975
CVE-2021-34895,0.02103,0.80975
CVE-2021-34896,0.02123,0.81145
CVE-2021-34897,0.02113,0.81064
CVE-2021-34898,0.02041,0.80346
CVE-2021-34899,0.02041,0.8035
CVE-2021-34900,0.02123,0.81144
CVE-2021-34901,0.01812,0.77763
CVE-2021-34902,0.0161,0.74946
CVE-2021-34903,0.02113,0.81062
CVE-2021-34904,0.02113,0.81062
CVE-2021-34905,0.02123,0.81145
CVE-2021-34906,0.02113,0.81061
CVE-2021-34907,0.02123,0.81144
CVE-2021-34908,0.02123,0.81144
CVE-2021-34909,0.02041,0.8035
CVE-2021-34910,0.0161,0.74946
CVE-2021-34911,0.02103,0.80975
CVE-2021-34912,0.02041,0.80349
CVE-2021-34913,0.02041,0.8035
CVE-2021-34914,0.02113,0.81063
CVE-2021-34915,0.02005,0.80014
CVE-2021-34916,0.01521,0.73557
CVE-2021-34917,0.02113,0.81063
CVE-2021-34918,0.02005,0.80014
CVE-2021-34919,0.02005,0.80015
CVE-2021-34920,0.01937,0.79262
CVE-2021-34921,0.01937,0.79261
CVE-2021-34922,0.01937,0.79261
CVE-2021-34923,0.01937,0.79259
CVE-2021-34924,0.01937,0.7926
CVE-2021-34925,0.01937,0.79259
CVE-2021-34926,0.01937,0.79259
CVE-2021-34927,0.01937,0.79263
CVE-2021-34928,0.01937,0.7926
CVE-2021-34929,0.01937,0.79261
CVE-2021-34930,0.01937,0.79262
CVE-2021-34931,0.01937,0.79261
CVE-2021-34932,0.01937,0.79262
CVE-2021-34933,0.01937,0.79263
CVE-2021-34934,0.01897,0.78809
CVE-2021-34935,0.01937,0.79263
CVE-2021-34936,0.01937,0.79262
CVE-2021-34937,0.01937,0.79263
CVE-2021-34938,0.01937,0.79264
CVE-2021-34939,0.01937,0.79264
CVE-2021-34940,0.02041,0.80349
CVE-2021-34941,0.02041,0.80346
CVE-2021-34942,0.02041,0.80349
CVE-2021-34943,0.01644,0.75465
CVE-2021-34944,0.01644,0.75465
CVE-2021-34945,0.02041,0.80345
CVE-2021-34946,0.02041,0.80345
CVE-2021-34947,0.00549,0.43697
CVE-2021-34948,0.00349,0.25933
CVE-2021-34949,0.0034,0.24802
CVE-2021-34950,0.00349,0.25936
CVE-2021-34951,0.0032,0.22519
CVE-2021-34952,0.00349,0.25935
CVE-2021-34953,0.00349,0.25934
CVE-2021-34954,0.00349,0.25937
CVE-2021-34955,0.00349,0.25937
CVE-2021-34956,0.00349,0.25934
CVE-2021-34957,0.00349,0.25936
CVE-2021-34958,0.00349,0.25937
CVE-2021-34959,0.00349,0.25933
CVE-2021-34960,0.00349,0.25937
CVE-2021-34961,0.00349,0.25935
CVE-2021-34962,0.00349,0.25935
CVE-2021-34963,0.00349,0.25933
CVE-2021-34964,0.00349,0.25934
CVE-2021-34965,0.00349,0.25936
CVE-2021-34966,0.00349,0.25935
CVE-2021-34967,0.00349,0.25933
CVE-2021-34968,0.00349,0.25938
CVE-2021-34969,0.0034,0.24802
CVE-2021-34970,0.00331,0.23676
CVE-2021-34971,0.00385,0.29957
CVE-2021-34972,0.0034,0.24801
CVE-2021-34973,0.0034,0.24801
CVE-2021-34974,0.00349,0.25932
CVE-2021-34975,0.00349,0.25936
CVE-2021-34976,0.0034,0.24801
CVE-2021-34977,0.01146,0.65441
CVE-2021-34978,0.0152,0.73544
CVE-2021-34979,0.01374,0.70884
CVE-2021-34980,0.01372,0.70831
CVE-2021-34981,0.002,0.08804
CVE-2021-34982,0.00576,0.45287
CVE-2021-34983,0.00326,0.23159
CVE-2021-34984,0.01699,0.7625
CVE-2021-34985,0.01699,0.7625
CVE-2021-34986,0.0027,0.17199
CVE-2021-34987,0.00341,0.25001
CVE-2021-34991,0.05667,0.92713
CVE-2021-34992,0.04274,0.90747
CVE-2021-34993,0.05424,0.92425
CVE-2021-34994,0.05789,0.92846
CVE-2021-34995,0.68864,0.99328
CVE-2021-34996,0.82258,0.99649
CVE-2021-34997,0.04248,0.90697
CVE-2021-34998,0.00369,0.28174
CVE-2021-34999,0.00241,0.13746
CVE-2021-35000,0.00248,0.14408
CVE-2021-35001,0.00757,0.53341
CVE-2021-35002,0.01652,0.75578
CVE-2021-35003,0.07743,0.94428
CVE-2021-35004,0.07743,0.94428
CVE-2021-35005,0.00891,0.57774
CVE-2021-35027,0.02045,0.80404
CVE-2021-35028,0.00305,0.20886
CVE-2021-35029,0.02255,0.82256
CVE-2021-35030,0.00268,0.16994
CVE-2021-35031,0.00463,0.3761
CVE-2021-35032,0.00213,0.10445
CVE-2021-35033,0.00409,0.32559
CVE-2021-35034,0.01044,0.6269
CVE-2021-35035,0.00647,0.48925
CVE-2021-35036,0.0049,0.39688
CVE-2021-35037,0.00587,0.45887
CVE-2021-35039,0.00252,0.14979
CVE-2021-35041,0.0125,0.68197
CVE-2021-35042,0.44369,0.9872
CVE-2021-35043,0.01513,0.73453
CVE-2021-35045,0.01052,0.62903
CVE-2021-35046,0.00764,0.53607
CVE-2021-35047,0.01638,0.75374
CVE-2021-35048,0.01292,0.69095
CVE-2021-35049,0.04615,0.91361
CVE-2021-35050,0.01033,0.62388
CVE-2021-35052,0.00342,0.25089
CVE-2021-35053,0.02601,0.84743
CVE-2021-35054,0.0143,0.71957
CVE-2021-35055,0.01197,0.66849
CVE-2021-35056,0.00251,0.14804
CVE-2021-35059,0.00586,0.45839
CVE-2021-35060,0.00837,0.56056
CVE-2021-35061,0.00937,0.59275
CVE-2021-35062,0.01462,0.72543
CVE-2021-35063,0.02054,0.8049
CVE-2021-35064,0.70753,0.99381
CVE-2021-35065,0.01589,0.74643
CVE-2021-35066,0.01061,0.63169
CVE-2021-35067,0.00937,0.59269
CVE-2021-35068,0.00532,0.42651
CVE-2021-35069,0.00181,0.06904
CVE-2021-35070,0.00159,0.04293
CVE-2021-35071,0.00134,0.02371
CVE-2021-35072,0.00162,0.0472
CVE-2021-35073,0.00597,0.46428
CVE-2021-35074,0.00188,0.07562
CVE-2021-35075,0.00188,0.07562
CVE-2021-35076,0.00597,0.46428
CVE-2021-35077,0.00196,0.08395
CVE-2021-35078,0.00391,0.30572
CVE-2021-35079,0.00126,0.01957
CVE-2021-35080,0.00159,0.04293
CVE-2021-35081,0.00808,0.55105
CVE-2021-35082,0.00502,0.40503
CVE-2021-35083,0.0052,0.4187
CVE-2021-35084,0.00137,0.02586
CVE-2021-35085,0.00139,0.0272
CVE-2021-35086,0.00597,0.46427
CVE-2021-35087,0.00597,0.46428
CVE-2021-35088,0.0085,0.56467
CVE-2021-35089,0.00195,0.08266
CVE-2021-35090,0.00119,0.01572
CVE-2021-35091,0.00159,0.04388
CVE-2021-35092,0.0015,0.03499
CVE-2021-35093,0.00248,0.14437
CVE-2021-35094,0.00152,0.03668
CVE-2021-35095,0.00148,0.0338
CVE-2021-35096,0.00597,0.46427
CVE-2021-35097,0.00182,0.07015
CVE-2021-35098,0.0015,0.035
CVE-2021-35100,0.00597,0.46429
CVE-2021-35101,0.00134,0.02373
CVE-2021-35102,0.00162,0.0472
CVE-2021-35103,0.00198,0.08529
CVE-2021-35104,0.00808,0.55105
CVE-2021-35105,0.00198,0.08605
CVE-2021-35106,0.00189,0.07701
CVE-2021-35108,0.00197,0.08444
CVE-2021-35109,0.00197,0.08444
CVE-2021-35110,0.00163,0.0489
CVE-2021-35111,0.0045,0.36558
CVE-2021-35112,0.00139,0.02708
CVE-2021-35113,0.00147,0.03287
CVE-2021-35114,0.0016,0.04432
CVE-2021-35115,0.00179,0.0666
CVE-2021-35116,0.0016,0.04533
CVE-2021-35117,0.00884,0.57566
CVE-2021-35118,0.0015,0.035
CVE-2021-35119,0.00134,0.02372
CVE-2021-35120,0.0015,0.035
CVE-2021-35121,0.0015,0.035
CVE-2021-35122,0.00124,0.01847
CVE-2021-35123,0.0028,0.18313
CVE-2021-35126,0.00159,0.04388
CVE-2021-35129,0.00159,0.04383
CVE-2021-35130,0.00159,0.04388
CVE-2021-35132,0.00124,0.01849
CVE-2021-35133,0.00124,0.01821
CVE-2021-35134,0.00129,0.02096
CVE-2021-35135,0.00112,0.01264
CVE-2021-35193,0.0117,0.66114
CVE-2021-35196,0.01888,0.78691
CVE-2021-35197,0.01943,0.79328
CVE-2021-35198,0.00466,0.37798
CVE-2021-35199,0.00466,0.37799
CVE-2021-35200,0.00462,0.3756
CVE-2021-35201,0.00964,0.6014
CVE-2021-35202,0.0066,0.49579
CVE-2021-35203,0.00724,0.52149
CVE-2021-35204,0.00466,0.378
CVE-2021-35205,0.00431,0.34855
CVE-2021-35206,0.01177,0.66322
CVE-2021-35207,0.03283,0.87993
CVE-2021-35208,0.01271,0.68659
CVE-2021-35209,0.02995,0.86826
CVE-2021-35210,0.0074,0.52734
CVE-2021-35211,0.9116,0.99806
CVE-2021-35212,0.01642,0.75437
CVE-2021-35213,0.03369,0.88306
CVE-2021-35214,0.01827,0.7796
CVE-2021-35215,0.69731,0.9935
CVE-2021-35216,0.81402,0.99629
CVE-2021-35217,0.72792,0.99433
CVE-2021-35218,0.76411,0.99525
CVE-2021-35219,0.00844,0.56264
CVE-2021-35220,0.02454,0.83764
CVE-2021-35221,0.02043,0.80379
CVE-2021-35222,0.02614,0.84815
CVE-2021-35223,0.02939,0.86584
CVE-2021-35225,0.00844,0.5628
CVE-2021-35226,0.00493,0.39849
CVE-2021-35227,0.00476,0.38612
CVE-2021-35228,0.00577,0.45305
CVE-2021-35229,0.03194,0.87615
CVE-2021-35230,0.00333,0.23934
CVE-2021-35231,0.00274,0.17774
CVE-2021-35232,0.003,0.20359
CVE-2021-35233,0.0096,0.59983
CVE-2021-35234,0.02796,0.8589
CVE-2021-35235,0.01276,0.68757
CVE-2021-35236,0.00519,0.41765
CVE-2021-35237,0.0096,0.59983
CVE-2021-35238,0.01058,0.6307
CVE-2021-35239,0.01037,0.62492
CVE-2021-35240,0.01074,0.63556
CVE-2021-35242,0.00731,0.52428
CVE-2021-35243,0.009,0.58058
CVE-2021-35244,0.05769,0.92824
CVE-2021-35245,0.01166,0.66017
CVE-2021-35246,0.00352,0.26337
CVE-2021-35247,0.03453,0.88583
CVE-2021-35248,0.00886,0.57624
CVE-2021-35249,0.00725,0.52179
CVE-2021-35250,0.12804,0.96154
CVE-2021-35251,0.00949,0.59659
CVE-2021-35252,0.00538,0.43046
CVE-2021-35254,0.01014,0.61789
CVE-2021-35261,0.00809,0.55153
CVE-2021-35265,0.03436,0.88527
CVE-2021-35266,0.00488,0.39495
CVE-2021-35267,0.00488,0.39496
CVE-2021-35268,0.00473,0.38453
CVE-2021-35269,0.00477,0.38709
CVE-2021-35283,0.01031,0.623
CVE-2021-35284,0.00688,0.50758
CVE-2021-35290,0.00928,0.58984
CVE-2021-35296,0.01992,0.79842
CVE-2021-35297,0.01251,0.68216
CVE-2021-35298,0.01469,0.72694
CVE-2021-35299,0.01119,0.64781
CVE-2021-35300,0.00887,0.57661
CVE-2021-35301,0.01195,0.66813
CVE-2021-35302,0.01195,0.66813
CVE-2021-35303,0.00833,0.55927
CVE-2021-35306,0.00976,0.60618
CVE-2021-35307,0.00976,0.60618
CVE-2021-35309,0.00523,0.42054
CVE-2021-35312,0.01129,0.65029
CVE-2021-35323,0.05621,0.92671
CVE-2021-35324,0.10421,0.95582
CVE-2021-35325,0.13313,0.96271
CVE-2021-35326,0.02535,0.8431
CVE-2021-35327,0.01384,0.71073
CVE-2021-35331,0.01639,0.75395
CVE-2021-35336,0.10107,0.95489
CVE-2021-35337,0.00818,0.55442
CVE-2021-35342,0.01107,0.64485
CVE-2021-35343,0.00525,0.42201
CVE-2021-35344,0.01782,0.77377
CVE-2021-35346,0.01797,0.7756
CVE-2021-35358,0.00497,0.40132
CVE-2021-35360,0.00557,0.44218
CVE-2021-35361,0.00557,0.44219
CVE-2021-35368,0.02733,0.85531
CVE-2021-35369,0.00647,0.48958
CVE-2021-35370,0.01028,0.62211
CVE-2021-35377,0.00397,0.31321
CVE-2021-35380,0.38954,0.98545
CVE-2021-35387,0.00831,0.55886
CVE-2021-35388,0.00446,0.36273
CVE-2021-35391,0.00957,0.59896
CVE-2021-35392,0.8315,0.99668
CVE-2021-35393,0.70334,0.99367
CVE-2021-35394,0.99861,0.99961
CVE-2021-35395,0.97961,0.99909
CVE-2021-35397,0.04014,0.90207
CVE-2021-35402,0.00972,0.60441
CVE-2021-35413,0.02587,0.84648
CVE-2021-35414,0.01864,0.78431
CVE-2021-35415,0.00924,0.58832
CVE-2021-35437,0.00983,0.60805
CVE-2021-35438,0.01015,0.61817
CVE-2021-35440,0.00995,0.61165
CVE-2021-35448,0.01045,0.62709
CVE-2021-35449,0.01357,0.70539
CVE-2021-35450,0.02381,0.83214
CVE-2021-35451,0.00722,0.52088
CVE-2021-35452,0.01321,0.69719
CVE-2021-35456,0.02119,0.81115
CVE-2021-35458,0.02447,0.83709
CVE-2021-35463,0.00866,0.57034
CVE-2021-35464,0.99999,0.99994
CVE-2021-35465,0.00298,0.20157
CVE-2021-35469,0.00249,0.14521
CVE-2021-35472,0.01679,0.75968
CVE-2021-35473,0.0041,0.32607
CVE-2021-35474,0.02711,0.85411
CVE-2021-35475,0.00945,0.59524
CVE-2021-35477,0.0046,0.37329
CVE-2021-35478,0.76624,0.9953
CVE-2021-35479,0.13151,0.96235
CVE-2021-35482,0.00441,0.35807
CVE-2021-35483,0.00221,0.11368
CVE-2021-35484,0.00235,0.1298
CVE-2021-35485,0.00226,0.12055
CVE-2021-35486,0.00187,0.07427
CVE-2021-35487,0.01009,0.61628
CVE-2021-35488,0.02779,0.85817
CVE-2021-35489,0.00861,0.56871
CVE-2021-35490,0.00483,0.3918
CVE-2021-35491,0.00882,0.57526
CVE-2021-35492,0.03337,0.88195
CVE-2021-35493,0.00595,0.46292
CVE-2021-35494,0.00502,0.40496
CVE-2021-35495,0.00826,0.55694
CVE-2021-35496,0.00641,0.48656
CVE-2021-35497,0.00421,0.3389
CVE-2021-35498,0.01313,0.69541
CVE-2021-35499,0.00595,0.46292
CVE-2021-35500,0.00556,0.44106
CVE-2021-35501,0.01001,0.61362
CVE-2021-35502,0.01096,0.64187
CVE-2021-35503,0.00742,0.52805
CVE-2021-35504,0.03181,0.87571
CVE-2021-35505,0.02843,0.86138
CVE-2021-35506,0.00742,0.52806
CVE-2021-35508,0.01484,0.72959
CVE-2021-35512,0.01615,0.75029
CVE-2021-35513,0.01018,0.61896
CVE-2021-35514,0.01441,0.72136
CVE-2021-35515,0.11567,0.95893
CVE-2021-35516,0.12365,0.96064
CVE-2021-35517,0.10614,0.95642
CVE-2021-35520,0.00338,0.24682
CVE-2021-35521,0.01372,0.70843
CVE-2021-35522,0.03657,0.89216
CVE-2021-35523,0.00735,0.52579
CVE-2021-35525,0.01654,0.75599
CVE-2021-35526,0.00127,0.02038
CVE-2021-35527,0.01016,0.61854
CVE-2021-35528,0.00259,0.15801
CVE-2021-35529,0.01258,0.68363
CVE-2021-35530,0.00214,0.10536
CVE-2021-35531,0.00253,0.15156
CVE-2021-35532,0.00162,0.04766
CVE-2021-35533,0.0095,0.597
CVE-2021-35534,0.01792,0.77498
CVE-2021-35535,0.00667,0.49868
CVE-2021-35536,0.01096,0.64217
CVE-2021-35537,0.01718,0.76523
CVE-2021-35538,0.00414,0.33099
CVE-2021-35539,0.0026,0.1592
CVE-2021-35540,0.00391,0.3062
CVE-2021-35541,0.00542,0.43267
CVE-2021-35542,0.00399,0.31539
CVE-2021-35543,0.01096,0.64217
CVE-2021-35545,0.00407,0.32339
CVE-2021-35546,0.02649,0.8503
CVE-2021-35549,0.00311,0.21464
CVE-2021-35550,0.07376,0.94209
CVE-2021-35551,0.00792,0.54567
CVE-2021-35552,0.01085,0.63874
CVE-2021-35553,0.00542,0.43267
CVE-2021-35554,0.00943,0.59465
CVE-2021-35556,0.08464,0.9483
CVE-2021-35557,0.0084,0.56172
CVE-2021-35558,0.0083,0.5584
CVE-2021-35559,0.159,0.96777
CVE-2021-35560,0.0483,0.91674
CVE-2021-35561,0.06946,0.93891
CVE-2021-35562,0.01306,0.69409
CVE-2021-35563,0.01591,0.74668
CVE-2021-35564,0.0563,0.92678
CVE-2021-35565,0.07395,0.94221
CVE-2021-35566,0.0129,0.69051
CVE-2021-35567,0.02902,0.86422
CVE-2021-35568,0.00842,0.56228
CVE-2021-35569,0.01126,0.64947
CVE-2021-35570,0.0129,0.69052
CVE-2021-35571,0.00589,0.45973
CVE-2021-35572,0.01504,0.73297
CVE-2021-35573,0.01483,0.72929
CVE-2021-35574,0.02045,0.804
CVE-2021-35575,0.02136,0.81267
CVE-2021-35576,0.01426,0.71883
CVE-2021-35577,0.02497,0.84053
CVE-2021-35578,0.06679,0.93668
CVE-2021-35580,0.00679,0.50401
CVE-2021-35581,0.00723,0.52109
CVE-2021-35582,0.00503,0.40587
CVE-2021-35583,0.03067,0.87121
CVE-2021-35584,0.00983,0.60783
CVE-2021-35585,0.01033,0.62384
CVE-2021-35586,0.0679,0.93769
CVE-2021-35587,0.96284,0.99878
CVE-2021-35588,0.03868,0.89823
CVE-2021-35589,0.00271,0.17319
CVE-2021-35590,0.88497,0.99769
CVE-2021-35591,0.02511,0.84144
CVE-2021-35592,0.52491,0.98929
CVE-2021-35593,0.51136,0.98899
CVE-2021-35594,0.51136,0.98898
CVE-2021-35595,0.00823,0.55611
CVE-2021-35596,0.02497,0.84053
CVE-2021-35597,0.02593,0.84694
CVE-2021-35598,0.51136,0.98898
CVE-2021-35599,0.0032,0.22429
CVE-2021-35601,0.00507,0.40841
CVE-2021-35602,0.01939,0.79295
CVE-2021-35603,0.04411,0.90989
CVE-2021-35604,0.02662,0.85122
CVE-2021-35606,0.00519,0.418
CVE-2021-35607,0.02436,0.8363
CVE-2021-35608,0.02196,0.81777
CVE-2021-35609,0.00931,0.59053
CVE-2021-35610,0.02293,0.82552
CVE-2021-35611,0.01196,0.66815
CVE-2021-35612,0.01652,0.75569
CVE-2021-35613,0.01539,0.73879
CVE-2021-35616,0.27974,0.98041
CVE-2021-35617,0.02074,0.80692
CVE-2021-35618,0.00677,0.50297
CVE-2021-35619,0.00897,0.57978
CVE-2021-35620,0.01494,0.73115
CVE-2021-35621,0.50018,0.98867
CVE-2021-35622,0.01269,0.68615
CVE-2021-35623,0.01578,0.74479
CVE-2021-35624,0.01427,0.71903
CVE-2021-35625,0.01578,0.74479
CVE-2021-35626,0.01789,0.77452
CVE-2021-35627,0.01833,0.78033
CVE-2021-35628,0.01945,0.79354
CVE-2021-35629,0.0171,0.7641
CVE-2021-35630,0.01455,0.724
CVE-2021-35631,0.01945,0.79353
CVE-2021-35632,0.00393,0.30846
CVE-2021-35633,0.01497,0.73166
CVE-2021-35634,0.01945,0.79354
CVE-2021-35635,0.01945,0.79353
CVE-2021-35636,0.01945,0.79353
CVE-2021-35637,0.0196,0.79505
CVE-2021-35638,0.02009,0.80053
CVE-2021-35639,0.01718,0.76523
CVE-2021-35640,0.01343,0.70235
CVE-2021-35641,0.01945,0.79352
CVE-2021-35642,0.01898,0.78817
CVE-2021-35643,0.01898,0.78818
CVE-2021-35644,0.01945,0.79354
CVE-2021-35645,0.01945,0.79353
CVE-2021-35646,0.01898,0.78818
CVE-2021-35647,0.01898,0.78817
CVE-2021-35648,0.01999,0.79911
CVE-2021-35649,0.00805,0.55002
CVE-2021-35650,0.00637,0.48419
CVE-2021-35651,0.01042,0.62625
CVE-2021-35652,0.01872,0.78524
CVE-2021-35653,0.01242,0.67979
CVE-2021-35654,0.01579,0.74494
CVE-2021-35655,0.01171,0.66144
CVE-2021-35656,0.01465,0.72602
CVE-2021-35657,0.01465,0.72602
CVE-2021-35658,0.01465,0.72603
CVE-2021-35659,0.01272,0.68671
CVE-2021-35660,0.01465,0.72603
CVE-2021-35661,0.01465,0.72602
CVE-2021-35662,0.01465,0.72602
CVE-2021-35665,0.00842,0.56228
CVE-2021-35666,0.01244,0.68048
CVE-2021-35683,0.01191,0.6672
CVE-2021-35686,0.00688,0.50766
CVE-2021-35687,0.01147,0.65471
CVE-2021-35689,0.02117,0.81094
CVE-2021-35936,0.0545,0.92452
CVE-2021-35937,0.00324,0.22908
CVE-2021-35938,0.00513,0.41352
CVE-2021-35939,0.00506,0.40806
CVE-2021-35940,0.01185,0.66552
CVE-2021-35941,0.1271,0.9613
CVE-2021-35942,0.02605,0.84768
CVE-2021-35943,0.0107,0.63444
CVE-2021-35944,0.01093,0.64056
CVE-2021-35945,0.01093,0.64056
CVE-2021-35946,0.01482,0.72919
CVE-2021-35947,0.01267,0.68583
CVE-2021-35948,0.00693,0.50982
CVE-2021-35949,0.00909,0.58357
CVE-2021-35951,0.00891,0.5776
CVE-2021-35952,0.00569,0.44886
CVE-2021-35953,0.0084,0.5615
CVE-2021-35954,0.00325,0.23009
CVE-2021-35955,0.00557,0.44236
CVE-2021-35956,0.0323,0.87771
CVE-2021-35957,0.00251,0.14804
CVE-2021-35958,0.01864,0.7842
CVE-2021-35959,0.00541,0.4318
CVE-2021-35961,0.02187,0.81682
CVE-2021-35962,0.01781,0.77366
CVE-2021-35963,0.0241,0.83432
CVE-2021-35964,0.01085,0.63862
CVE-2021-35965,0.02378,0.83196
CVE-2021-35966,0.00821,0.55551
CVE-2021-35967,0.01318,0.69671
CVE-2021-35968,0.01035,0.62439
CVE-2021-35969,0.01245,0.68078
CVE-2021-35970,0.02312,0.82717
CVE-2021-35971,0.01239,0.67896
CVE-2021-35973,0.03064,0.8711
CVE-2021-35975,0.01069,0.63437
CVE-2021-35976,0.01148,0.65529
CVE-2021-35977,0.01579,0.74496
CVE-2021-35978,0.03559,0.88906
CVE-2021-35979,0.00887,0.57647
CVE-2021-35980,0.00402,0.31863
CVE-2021-35981,0.03919,0.89966
CVE-2021-35982,0.01773,0.77259
CVE-2021-35983,0.03919,0.89966
CVE-2021-35984,0.0182,0.77876
CVE-2021-35985,0.01912,0.78977
CVE-2021-35986,0.02721,0.85465
CVE-2021-35987,0.02143,0.81326
CVE-2021-35988,0.02143,0.81326
CVE-2021-35989,0.03748,0.89481
CVE-2021-35990,0.03748,0.89481
CVE-2021-35991,0.02452,0.8375
CVE-2021-35992,0.02452,0.8375
CVE-2021-35993,0.02199,0.81803
CVE-2021-35994,0.02342,0.8295
CVE-2021-35995,0.01698,0.76245
CVE-2021-35996,0.02384,0.83233
CVE-2021-35997,0.03901,0.899
CVE-2021-35999,0.02425,0.83545
CVE-2021-36000,0.02265,0.8233
CVE-2021-36001,0.01528,0.73676
CVE-2021-36002,0.00512,0.41291
CVE-2021-36003,0.01966,0.79552
CVE-2021-36004,0.02231,0.82067
CVE-2021-36005,0.06811,0.93786
CVE-2021-36006,0.02381,0.83218
CVE-2021-36007,0.01475,0.72785
CVE-2021-36008,0.02512,0.84148
CVE-2021-36009,0.02976,0.86743
CVE-2021-36010,0.01212,0.67274
CVE-2021-36011,0.01917,0.79031
CVE-2021-36012,0.02038,0.80314
CVE-2021-36013,0.02776,0.85808
CVE-2021-36014,0.02534,0.84303
CVE-2021-36015,0.03465,0.88622
CVE-2021-36016,0.02583,0.84621
CVE-2021-36017,0.0221,0.81897
CVE-2021-36018,0.01698,0.76245
CVE-2021-36019,0.01698,0.76245
CVE-2021-36020,0.02715,0.85437
CVE-2021-36021,0.02012,0.80078
CVE-2021-36022,0.0344,0.88539
CVE-2021-36023,0.02366,0.8312
CVE-2021-36024,0.02894,0.86383
CVE-2021-36025,0.02807,0.85953
CVE-2021-36026,0.01701,0.76278
CVE-2021-36027,0.01405,0.71475
CVE-2021-36028,0.02894,0.86383
CVE-2021-36029,0.02478,0.83926
CVE-2021-36030,0.02294,0.82565
CVE-2021-36031,0.03116,0.87309
CVE-2021-36032,0.02242,0.82163
CVE-2021-36033,0.03122,0.8734
CVE-2021-36034,0.02407,0.83405
CVE-2021-36035,0.02807,0.85953
CVE-2021-36036,0.02116,0.81089
CVE-2021-36037,0.01802,0.77624
CVE-2021-36038,0.01785,0.77411
CVE-2021-36039,0.01747,0.76883
CVE-2021-36040,0.02867,0.86247
CVE-2021-36041,0.02407,0.83405
CVE-2021-36042,0.02474,0.83896
CVE-2021-36043,0.01947,0.79383
CVE-2021-36044,0.02013,0.80085
CVE-2021-36045,0.01936,0.79256
CVE-2021-36046,0.02487,0.83986
CVE-2021-36047,0.02716,0.85443
CVE-2021-36048,0.02716,0.85443
CVE-2021-36049,0.02705,0.85377
CVE-2021-36050,0.05399,0.924
CVE-2021-36051,0.05811,0.92878
CVE-2021-36052,0.03234,0.87785
CVE-2021-36053,0.01964,0.79537
CVE-2021-36054,0.03751,0.89487
CVE-2021-36055,0.02756,0.85667
CVE-2021-36056,0.04378,0.90942
CVE-2021-36057,0.00645,0.4884
CVE-2021-36058,0.01955,0.79457
CVE-2021-36059,0.02705,0.85376
CVE-2021-36060,0.00321,0.22637
CVE-2021-36061,0.01568,0.74326
CVE-2021-36062,0.0135,0.70365
CVE-2021-36063,0.0135,0.70365
CVE-2021-36064,0.02716,0.85444
CVE-2021-36065,0.04203,0.90608
CVE-2021-36066,0.02211,0.81906
CVE-2021-36067,0.02705,0.85376
CVE-2021-36068,0.02705,0.85375
CVE-2021-36069,0.02705,0.85376
CVE-2021-36070,0.02991,0.86811
CVE-2021-36071,0.01779,0.77346
CVE-2021-36072,0.02315,0.82734
CVE-2021-36073,0.05583,0.9261
CVE-2021-36074,0.01779,0.77346
CVE-2021-36075,0.05583,0.9261
CVE-2021-36076,0.02705,0.85377
CVE-2021-36077,0.01674,0.75895
CVE-2021-36078,0.02705,0.85376
CVE-2021-36079,0.03154,0.87459
CVE-2021-36080,0.01327,0.69864
CVE-2021-36081,0.0089,0.57759
CVE-2021-36082,0.01762,0.77106
CVE-2021-36083,0.00946,0.59572
CVE-2021-36084,0.00485,0.39282
CVE-2021-36085,0.00457,0.37105
CVE-2021-36086,0.00597,0.46414
CVE-2021-36087,0.00457,0.37104
CVE-2021-36088,0.02384,0.83242
CVE-2021-36089,0.01175,0.6629
CVE-2021-36090,0.12945,0.96187
CVE-2021-36091,0.00698,0.51155
CVE-2021-36092,0.00717,0.51894
CVE-2021-36093,0.01108,0.64492
CVE-2021-36094,0.0059,0.46047
CVE-2021-36095,0.00943,0.59467
CVE-2021-36096,0.00449,0.36477
CVE-2021-36097,0.00523,0.42024
CVE-2021-36100,0.01318,0.69677
CVE-2021-36121,0.02147,0.81364
CVE-2021-36122,0.01023,0.62041
CVE-2021-36123,0.00769,0.5377
CVE-2021-36124,0.01076,0.636
CVE-2021-36125,0.01039,0.62525
CVE-2021-36126,0.01201,0.66952
CVE-2021-36127,0.00742,0.5284
CVE-2021-36128,0.01498,0.73173
CVE-2021-36129,0.006,0.46548
CVE-2021-36130,0.00548,0.43626
CVE-2021-36131,0.00447,0.36335
CVE-2021-36132,0.01021,0.6196
CVE-2021-36133,0.0026,0.15935
CVE-2021-36134,0.00543,0.43335
CVE-2021-36143,0.01212,0.67267
CVE-2021-36144,0.00961,0.60044
CVE-2021-36145,0.00961,0.60044
CVE-2021-36146,0.01215,0.67343
CVE-2021-36147,0.00961,0.60044
CVE-2021-36148,0.00664,0.49712
CVE-2021-36150,0.00853,0.56573
CVE-2021-36151,0.00437,0.35507
CVE-2021-36152,0.01302,0.6932
CVE-2021-36153,0.02082,0.80774
CVE-2021-36154,0.02082,0.80774
CVE-2021-36155,0.02082,0.80773
CVE-2021-36156,0.01477,0.72819
CVE-2021-36157,0.01392,0.71248
CVE-2021-36158,0.00348,0.25758
CVE-2021-36159,0.02637,0.84963
CVE-2021-36160,0.62887,0.99173
CVE-2021-36161,0.02467,0.83848
CVE-2021-36162,0.02261,0.82299
CVE-2021-36163,0.03253,0.8786
CVE-2021-36165,0.00577,0.45328
CVE-2021-36166,0.01472,0.72733
CVE-2021-36167,0.00572,0.45061
CVE-2021-36168,0.011,0.64299
CVE-2021-36169,0.0025,0.14612
CVE-2021-36170,0.00224,0.11722
CVE-2021-36171,0.01154,0.65685
CVE-2021-36172,0.00826,0.55729
CVE-2021-36173,0.0144,0.7211
CVE-2021-36174,0.00781,0.5417
CVE-2021-36175,0.00599,0.46514
CVE-2021-36176,0.00581,0.45513
CVE-2021-36177,0.00301,0.20429
CVE-2021-36178,0.00613,0.47223
CVE-2021-36179,0.01646,0.75488
CVE-2021-36180,0.01073,0.63517
CVE-2021-36181,0.0045,0.36581
CVE-2021-36182,0.01919,0.79058
CVE-2021-36183,0.00327,0.23273
CVE-2021-36184,0.00999,0.61313
CVE-2021-36185,0.01894,0.78779
CVE-2021-36186,0.01613,0.74987
CVE-2021-36187,0.01426,0.7187
CVE-2021-36188,0.00652,0.49193
CVE-2021-36189,0.00392,0.30742
CVE-2021-36190,0.00807,0.55074
CVE-2021-36191,0.00506,0.40795
CVE-2021-36192,0.00225,0.11936
CVE-2021-36193,0.00816,0.55381
CVE-2021-36194,0.01397,0.7132
CVE-2021-36195,0.01077,0.63617
CVE-2021-36198,0.01076,0.63612
CVE-2021-36199,0.01045,0.62712
CVE-2021-36200,0.00683,0.50586
CVE-2021-36201,0.0057,0.44966
CVE-2021-36202,0.00811,0.55222
CVE-2021-36203,0.00868,0.57097
CVE-2021-36204,0.00418,0.33599
CVE-2021-36205,0.01037,0.62492
CVE-2021-36206,0.0045,0.36538
CVE-2021-36207,0.00967,0.60289
CVE-2021-36209,0.0103,0.62259
CVE-2021-36212,0.00631,0.48141
CVE-2021-36213,0.01685,0.76075
CVE-2021-36214,0.00727,0.52277
CVE-2021-36215,0.00776,0.54001
CVE-2021-36216,0.00416,0.3336
CVE-2021-36218,0.02277,0.82429
CVE-2021-36219,0.01697,0.76237
CVE-2021-36221,0.03114,0.87302
CVE-2021-36222,0.10276,0.9554
CVE-2021-36224,0.01185,0.66538
CVE-2021-36225,0.01046,0.62738
CVE-2021-36226,0.00808,0.55117
CVE-2021-36230,0.00954,0.59825
CVE-2021-36231,0.02618,0.84845
CVE-2021-36232,0.01105,0.64415
CVE-2021-36233,0.01008,0.61567
CVE-2021-36234,0.00319,0.22314
CVE-2021-36235,0.00719,0.51999
CVE-2021-36260,0.99869,0.99962
CVE-2021-36276,0.00267,0.16881
CVE-2021-36277,0.00171,0.0581
CVE-2021-36278,0.00565,0.44692
CVE-2021-36279,0.00195,0.08212
CVE-2021-36280,0.00184,0.07188
CVE-2021-36281,0.00687,0.50735
CVE-2021-36282,0.00201,0.0898
CVE-2021-36283,0.00249,0.14582
CVE-2021-36284,0.00232,0.12647
CVE-2021-36285,0.00232,0.12646
CVE-2021-36286,0.00259,0.15825
CVE-2021-36287,0.02608,0.84785
CVE-2021-36288,0.01031,0.62288
CVE-2021-36289,0.00242,0.13817
CVE-2021-36290,0.00192,0.07942
CVE-2021-36293,0.00201,0.08976
CVE-2021-36294,0.0156,0.74222
CVE-2021-36295,0.02812,0.85979
CVE-2021-36296,0.02812,0.85979
CVE-2021-36297,0.00461,0.37436
CVE-2021-36298,0.00834,0.55962
CVE-2021-36299,0.29633,0.98134
CVE-2021-36300,0.33317,0.9832
CVE-2021-36301,0.27698,0.98025
CVE-2021-36302,0.00933,0.59138
CVE-2021-36305,0.00832,0.55901
CVE-2021-36306,0.0369,0.89306
CVE-2021-36307,0.00904,0.58175
CVE-2021-36308,0.03309,0.88102
CVE-2021-36309,0.00644,0.4882
CVE-2021-36310,0.0084,0.56165
CVE-2021-36311,0.00201,0.08964
CVE-2021-36312,0.0107,0.63459
CVE-2021-36313,0.02076,0.80705
CVE-2021-36314,0.01207,0.67107
CVE-2021-36315,0.00254,0.15212
CVE-2021-36316,0.00747,0.5299
CVE-2021-36317,0.00224,0.11713
CVE-2021-36318,0.0023,0.12481
CVE-2021-36319,0.00237,0.13196
CVE-2021-36320,0.01192,0.6673
CVE-2021-36321,0.01289,0.69032
CVE-2021-36322,0.00858,0.56794
CVE-2021-36323,0.00241,0.13644
CVE-2021-36324,0.00241,0.13644
CVE-2021-36325,0.00241,0.13644
CVE-2021-36326,0.0122,0.67473
CVE-2021-36327,0.01048,0.62805
CVE-2021-36328,0.00873,0.57244
CVE-2021-36329,0.00698,0.51128
CVE-2021-36330,0.01196,0.66821
CVE-2021-36332,0.00585,0.45775
CVE-2021-36333,0.00211,0.10246
CVE-2021-36334,0.00726,0.52251
CVE-2021-36335,0.01159,0.65811
CVE-2021-36336,0.01655,0.75611
CVE-2021-36337,0.00386,0.30029
CVE-2021-36338,0.00358,0.27014
CVE-2021-36339,0.00238,0.13342
CVE-2021-36340,0.00251,0.14927
CVE-2021-36341,0.00221,0.1142
CVE-2021-36342,0.00251,0.14784
CVE-2021-36343,0.00241,0.13727
CVE-2021-36346,0.04181,0.90566
CVE-2021-36347,0.02208,0.81881
CVE-2021-36348,0.01132,0.65092
CVE-2021-36349,0.00554,0.44014
CVE-2021-36350,0.01091,0.64009
CVE-2021-36351,0.01852,0.78277
CVE-2021-36352,0.00652,0.49203
CVE-2021-36356,0.54393,0.98979
CVE-2021-36357,0.01175,0.66271
CVE-2021-36359,0.03975,0.90118
CVE-2021-36363,0.03796,0.89615
CVE-2021-36364,0.04003,0.90183
CVE-2021-36365,0.03796,0.89615
CVE-2021-36366,0.04003,0.90182
CVE-2021-36367,0.01106,0.64456
CVE-2021-36368,0.01677,0.75936
CVE-2021-36369,0.01493,0.73092
CVE-2021-36370,0.0199,0.7982
CVE-2021-36371,0.00738,0.52685
CVE-2021-36372,0.02526,0.84247
CVE-2021-36373,0.02532,0.84293
CVE-2021-36374,0.0263,0.84917
CVE-2021-36376,0.00422,0.34002
CVE-2021-36377,0.00574,0.45175
CVE-2021-36380,0.97647,0.99902
CVE-2021-36381,0.00947,0.59596
CVE-2021-36382,0.0065,0.49094
CVE-2021-36383,0.00714,0.51802
CVE-2021-36385,0.02736,0.85547
CVE-2021-36386,0.0256,0.84469
CVE-2021-36387,0.01484,0.72958
CVE-2021-36388,0.03154,0.87458
CVE-2021-36389,0.03089,0.87206
CVE-2021-36392,0.00841,0.56193
CVE-2021-36393,0.52299,0.98926
CVE-2021-36394,0.07034,0.93963
CVE-2021-36395,0.00734,0.52527
CVE-2021-36396,0.01427,0.71896
CVE-2021-36397,0.00585,0.45778
CVE-2021-36398,0.00516,0.41541
CVE-2021-36399,0.00516,0.41541
CVE-2021-36400,0.00505,0.40721
CVE-2021-36401,0.0053,0.42476
CVE-2021-36402,0.00526,0.42229
CVE-2021-36403,0.00526,0.42229
CVE-2021-36408,0.00835,0.55993
CVE-2021-36409,0.00897,0.57968
CVE-2021-36410,0.00859,0.56805
CVE-2021-36411,0.01155,0.65707
CVE-2021-36412,0.00847,0.56379
CVE-2021-36414,0.01139,0.65279
CVE-2021-36417,0.01127,0.64972
CVE-2021-36424,0.01177,0.66332
CVE-2021-36425,0.00975,0.6057
CVE-2021-36426,0.01058,0.63085
CVE-2021-36431,0.00864,0.56962
CVE-2021-36432,0.00854,0.56651
CVE-2021-36433,0.00864,0.56961
CVE-2021-36434,0.00864,0.56962
CVE-2021-36436,0.00523,0.42091
CVE-2021-36438,0.00215,0.10739
CVE-2021-36440,0.04762,0.91581
CVE-2021-36443,0.00612,0.4721
CVE-2021-36444,0.00612,0.47211
CVE-2021-36450,0.64294,0.99207
CVE-2021-36454,0.00552,0.43901
CVE-2021-36455,0.01104,0.6439
CVE-2021-36460,0.00365,0.27767
CVE-2021-36461,0.00915,0.58554
CVE-2021-36471,0.01755,0.7701
CVE-2021-36483,0.02899,0.86408
CVE-2021-36484,0.0085,0.56469
CVE-2021-36489,0.00586,0.45826
CVE-2021-36493,0.0088,0.57464
CVE-2021-36503,0.00855,0.56679
CVE-2021-36512,0.00952,0.59753
CVE-2021-36513,0.01868,0.78476
CVE-2021-36520,0.02696,0.85327
CVE-2021-36530,0.01064,0.63267
CVE-2021-36531,0.01064,0.63267
CVE-2021-36532,0.00789,0.54457
CVE-2021-36535,0.00372,0.28551
CVE-2021-36538,0.00551,0.43804
CVE-2021-36539,0.00874,0.5728
CVE-2021-36542,0.0055,0.43768
CVE-2021-36543,0.00614,0.47313
CVE-2021-36544,0.00923,0.58817
CVE-2021-36545,0.00506,0.40797
CVE-2021-36546,0.00887,0.57648
CVE-2021-36547,0.03309,0.88103
CVE-2021-36548,0.03309,0.88103
CVE-2021-36550,0.00503,0.40577
CVE-2021-36551,0.00503,0.40579
CVE-2021-36560,0.01528,0.73669
CVE-2021-36563,0.0172,0.76544
CVE-2021-36564,0.01841,0.78134
CVE-2021-36567,0.02407,0.83409
CVE-2021-36568,0.0102,0.61951
CVE-2021-36569,0.00428,0.34489
CVE-2021-36570,0.00732,0.52438
CVE-2021-36572,0.00427,0.34457
CVE-2021-36573,0.00469,0.38075
CVE-2021-36580,0.01588,0.74617
CVE-2021-36581,0.0143,0.71954
CVE-2021-36582,0.01483,0.72924
CVE-2021-36584,0.00757,0.53349
CVE-2021-36601,0.00937,0.59271
CVE-2021-36603,0.0054,0.43114
CVE-2021-36605,0.0059,0.46067
CVE-2021-36608,0.0047,0.38128
CVE-2021-36609,0.0047,0.38128
CVE-2021-36613,0.02206,0.81861
CVE-2021-36614,0.02206,0.81861
CVE-2021-36621,0.02073,0.80687
CVE-2021-36622,0.01874,0.78539
CVE-2021-36623,0.01836,0.78068
CVE-2021-36624,0.03414,0.8845
CVE-2021-36625,0.00928,0.58983
CVE-2021-36630,0.0222,0.81977
CVE-2021-36631,0.0032,0.22453
CVE-2021-36646,0.00806,0.5504
CVE-2021-36647,0.00164,0.05029
CVE-2021-36654,0.01936,0.79258
CVE-2021-36665,0.00507,0.40874
CVE-2021-36666,0.00458,0.37168
CVE-2021-36667,0.02666,0.85148
CVE-2021-36668,0.00577,0.45334
CVE-2021-36686,0.0054,0.43174
CVE-2021-36689,0.00299,0.20244
CVE-2021-36690,0.03898,0.89893
CVE-2021-36691,0.01071,0.63485
CVE-2021-36692,0.01221,0.67481
CVE-2021-36695,0.00569,0.44875
CVE-2021-36696,0.00569,0.44875
CVE-2021-36697,0.00324,0.22963
CVE-2021-36698,0.00524,0.42134
CVE-2021-36701,0.01628,0.75209
CVE-2021-36702,0.00931,0.59059
CVE-2021-36703,0.00931,0.5906
CVE-2021-36705,0.02621,0.84861
CVE-2021-36706,0.02621,0.84861
CVE-2021-36707,0.02621,0.84861
CVE-2021-36708,0.01217,0.67379
CVE-2021-36710,0.00344,0.25327
CVE-2021-36711,0.16142,0.9682
CVE-2021-36712,0.00451,0.36642
CVE-2021-36713,0.00792,0.54549
CVE-2021-36716,0.0099,0.61011
CVE-2021-36717,0.00949,0.59676
CVE-2021-36718,0.00548,0.43624
CVE-2021-36719,0.01097,0.64237
CVE-2021-36720,0.00562,0.44508
CVE-2021-36721,0.00444,0.3612
CVE-2021-36722,0.01348,0.70331
CVE-2021-36723,0.0053,0.42532
CVE-2021-36724,0.00216,0.10794
CVE-2021-36737,0.02327,0.8283
CVE-2021-36738,0.02327,0.82831
CVE-2021-36739,0.02327,0.82831
CVE-2021-36740,0.01599,0.74787
CVE-2021-36741,0.04951,0.91862
CVE-2021-36742,0.01482,0.72916
CVE-2021-36744,0.00471,0.38233
CVE-2021-36745,0.09385,0.95236
CVE-2021-36746,0.00565,0.447
CVE-2021-36747,0.0062,0.47586
CVE-2021-36748,0.15415,0.96675
CVE-2021-36749,0.80907,0.99619
CVE-2021-36750,0.13526,0.96322
CVE-2021-36751,0.00486,0.39364
CVE-2021-36753,0.00356,0.26772
CVE-2021-36754,0.64857,0.99224
CVE-2021-36755,0.00666,0.49835
CVE-2021-36756,0.00417,0.33452
CVE-2021-36758,0.00474,0.38536
CVE-2021-36760,0.00723,0.52111
CVE-2021-36761,0.0119,0.66684
CVE-2021-36762,0.023,0.82615
CVE-2021-36763,0.01014,0.61783
CVE-2021-36764,0.00988,0.60963
CVE-2021-36765,0.00986,0.60886
CVE-2021-36766,0.0368,0.89278
CVE-2021-36767,0.00687,0.5073
CVE-2021-36769,0.01385,0.71089
CVE-2021-36770,0.01392,0.71241
CVE-2021-36771,0.0094,0.59371
CVE-2021-36772,0.0094,0.59371
CVE-2021-36773,0.01261,0.68428
CVE-2021-36774,0.01948,0.79394
CVE-2021-36775,0.0097,0.60384
CVE-2021-36776,0.01123,0.64891
CVE-2021-36777,0.0091,0.58364
CVE-2021-36778,0.00756,0.53321
CVE-2021-36779,0.00664,0.49724
CVE-2021-36780,0.00451,0.36651
CVE-2021-36781,0.00207,0.09722
CVE-2021-36782,0.04171,0.9054
CVE-2021-36783,0.00779,0.54094
CVE-2021-36784,0.00902,0.58134
CVE-2021-36785,0.00497,0.40156
CVE-2021-36786,0.00996,0.61187
CVE-2021-36787,0.01333,0.69997
CVE-2021-36788,0.00471,0.38202
CVE-2021-36789,0.00996,0.61194
CVE-2021-36790,0.00586,0.4584
CVE-2021-36791,0.00801,0.54847
CVE-2021-36792,0.00672,0.50069
CVE-2021-36793,0.01013,0.61761
CVE-2021-36794,0.01354,0.70472
CVE-2021-36795,0.00214,0.10559
CVE-2021-36797,0.00269,0.17106
CVE-2021-36798,0.04292,0.90775
CVE-2021-36799,0.00418,0.33536
CVE-2021-36800,0.01499,0.73214
CVE-2021-36801,0.01068,0.63405
CVE-2021-36802,0.00875,0.57318
CVE-2021-36803,0.00616,0.47408
CVE-2021-36804,0.00957,0.59902
CVE-2021-36805,0.00625,0.47847
CVE-2021-36806,0.00432,0.35036
CVE-2021-36807,0.01498,0.73175
CVE-2021-36808,0.00257,0.15625
CVE-2021-36809,0.0023,0.12486
CVE-2021-36821,0.00406,0.32241
CVE-2021-36823,0.00741,0.52795
CVE-2021-36826,0.00618,0.47484
CVE-2021-36827,0.00504,0.40618
CVE-2021-36828,0.00535,0.4287
CVE-2021-36829,0.00597,0.46439
CVE-2021-36830,0.00438,0.35544
CVE-2021-36832,0.0057,0.44978
CVE-2021-36833,0.00521,0.41922
CVE-2021-36839,0.00438,0.35544
CVE-2021-36841,0.0063,0.48117
CVE-2021-36843,0.00573,0.45145
CVE-2021-36844,0.00565,0.44682
CVE-2021-36845,0.00715,0.51815
CVE-2021-36846,0.00599,0.46535
CVE-2021-36847,0.00597,0.46439
CVE-2021-36848,0.00599,0.46535
CVE-2021-36849,0.00513,0.41321
CVE-2021-36850,0.00438,0.35528
CVE-2021-36851,0.00566,0.44748
CVE-2021-36852,0.00393,0.30845
CVE-2021-36854,0.00295,0.19818
CVE-2021-36855,0.00241,0.13698
CVE-2021-36857,0.00594,0.46242
CVE-2021-36858,0.00448,0.36383
CVE-2021-36861,0.00307,0.21017
CVE-2021-36863,0.00478,0.3881
CVE-2021-36864,0.0044,0.35726
CVE-2021-36865,0.00449,0.36498
CVE-2021-36866,0.00549,0.4372
CVE-2021-36867,0.00571,0.44994
CVE-2021-36869,0.00755,0.53282
CVE-2021-36870,0.00585,0.45758
CVE-2021-36871,0.00557,0.44216
CVE-2021-36872,0.00585,0.45758
CVE-2021-36873,0.01215,0.67346
CVE-2021-36874,0.011,0.64285
CVE-2021-36875,0.0077,0.5382
CVE-2021-36876,0.00443,0.35978
CVE-2021-36877,0.00442,0.35902
CVE-2021-36878,0.00438,0.35528
CVE-2021-36879,0.02179,0.81619
CVE-2021-36880,0.021,0.80954
CVE-2021-36884,0.0057,0.44978
CVE-2021-36885,0.00757,0.53328
CVE-2021-36886,0.00543,0.43319
CVE-2021-36887,0.00492,0.39767
CVE-2021-36888,0.06685,0.93672
CVE-2021-36889,0.00565,0.44682
CVE-2021-36890,0.00412,0.32866
CVE-2021-36891,0.00381,0.29515
CVE-2021-36893,0.00599,0.46535
CVE-2021-36895,0.00757,0.53328
CVE-2021-36896,0.00599,0.46535
CVE-2021-36898,0.00888,0.57697
CVE-2021-36899,0.00498,0.40213
CVE-2021-36901,0.00798,0.54744
CVE-2021-36905,0.00467,0.37902
CVE-2021-36906,0.00583,0.4562
CVE-2021-36908,0.00707,0.51538
CVE-2021-36909,0.01887,0.78682
CVE-2021-36910,0.00599,0.46534
CVE-2021-36911,0.00552,0.43884
CVE-2021-36912,0.00571,0.44994
CVE-2021-36913,0.00606,0.46844
CVE-2021-36914,0.0051,0.41153
CVE-2021-36915,0.00266,0.16591
CVE-2021-36916,0.01861,0.78395
CVE-2021-36917,0.02005,0.8001
CVE-2021-36919,0.00565,0.44722
CVE-2021-36920,0.00573,0.45125
CVE-2021-36921,0.01366,0.7072
CVE-2021-36922,0.00281,0.18465
CVE-2021-36923,0.00281,0.18464
CVE-2021-36924,0.00209,0.10059
CVE-2021-36925,0.00281,0.18464
CVE-2021-36926,0.03474,0.88658
CVE-2021-36927,0.00525,0.42173
CVE-2021-36928,0.00929,0.59008
CVE-2021-36929,0.03186,0.87583
CVE-2021-36930,0.01068,0.63418
CVE-2021-36931,0.01299,0.69284
CVE-2021-36932,0.03474,0.88659
CVE-2021-36933,0.03474,0.88658
CVE-2021-36934,0.67252,0.99282
CVE-2021-36936,0.0742,0.94236
CVE-2021-36937,0.02282,0.82464
CVE-2021-36938,0.00872,0.57218
CVE-2021-36940,0.04006,0.90191
CVE-2021-36941,0.02208,0.8188
CVE-2021-36942,0.66023,0.99252
CVE-2021-36943,0.00818,0.55427
CVE-2021-36945,0.01876,0.78557
CVE-2021-36946,0.01019,0.61922
CVE-2021-36947,0.07496,0.94276
CVE-2021-36948,0.2327,0.97706
CVE-2021-36949,0.0139,0.712
CVE-2021-36950,0.01019,0.61922
CVE-2021-36952,0.51178,0.989
CVE-2021-36953,0.05046,0.91998
CVE-2021-36954,0.00523,0.42056
CVE-2021-36955,0.04037,0.90257
CVE-2021-36956,0.00882,0.57516
CVE-2021-36957,0.00485,0.39313
CVE-2021-36958,0.30572,0.98185
CVE-2021-36959,0.01334,0.70025
CVE-2021-36960,0.03266,0.87932
CVE-2021-36961,0.01053,0.62956
CVE-2021-36962,0.01275,0.68746
CVE-2021-36963,0.01144,0.65393
CVE-2021-36964,0.00523,0.42055
CVE-2021-36965,0.04641,0.914
CVE-2021-36966,0.00523,0.42054
CVE-2021-36967,0.0091,0.58366
CVE-2021-36968,0.00544,0.43397
CVE-2021-36969,0.00869,0.57133
CVE-2021-36970,0.03059,0.87091
CVE-2021-36972,0.00869,0.57133
CVE-2021-36973,0.00523,0.42055
CVE-2021-36974,0.00523,0.42055
CVE-2021-36975,0.01314,0.69568
CVE-2021-36976,0.02845,0.86147
CVE-2021-36977,0.01503,0.73274
CVE-2021-36978,0.01272,0.68673
CVE-2021-36979,0.00879,0.5745
CVE-2021-36980,0.0118,0.66449
CVE-2021-36981,0.06049,0.93122
CVE-2021-36982,0.02466,0.83842
CVE-2021-36983,0.00482,0.39081
CVE-2021-36985,0.00714,0.51784
CVE-2021-36986,0.00765,0.53645
CVE-2021-36987,0.00474,0.38523
CVE-2021-36988,0.00597,0.46412
CVE-2021-36989,0.00746,0.5295
CVE-2021-36990,0.00725,0.5221
CVE-2021-36991,0.00695,0.5102
CVE-2021-36992,0.00695,0.5102
CVE-2021-36993,0.00677,0.50304
CVE-2021-36994,0.00353,0.2645
CVE-2021-36995,0.00581,0.45508
CVE-2021-36996,0.00559,0.44286
CVE-2021-36997,0.00666,0.49815
CVE-2021-36998,0.00559,0.44286
CVE-2021-36999,0.00885,0.57613
CVE-2021-37000,0.00149,0.03466
CVE-2021-37001,0.00581,0.45508
CVE-2021-37002,0.00765,0.53647
CVE-2021-37003,0.00689,0.50807
CVE-2021-37004,0.00689,0.50804
CVE-2021-37005,0.00689,0.50806
CVE-2021-37006,0.00658,0.49476
CVE-2021-37007,0.00689,0.50804
CVE-2021-37008,0.00689,0.50805
CVE-2021-37009,0.00714,0.51775
CVE-2021-37010,0.00695,0.51021
CVE-2021-37011,0.00901,0.58098
CVE-2021-37012,0.00689,0.50805
CVE-2021-37013,0.00666,0.49815
CVE-2021-37014,0.00665,0.49779
CVE-2021-37015,0.00689,0.50805
CVE-2021-37016,0.00793,0.54568
CVE-2021-37017,0.00689,0.50807
CVE-2021-37018,0.00689,0.50806
CVE-2021-37019,0.00689,0.50808
CVE-2021-37020,0.00752,0.53175
CVE-2021-37021,0.00774,0.53926
CVE-2021-37022,0.00957,0.59917
CVE-2021-37023,0.00577,0.45321
CVE-2021-37024,0.00689,0.50808
CVE-2021-37025,0.00689,0.50808
CVE-2021-37026,0.00708,0.51571
CVE-2021-37027,0.00675,0.50215
CVE-2021-37028,0.00347,0.25676
CVE-2021-37029,0.00666,0.49815
CVE-2021-37030,0.00641,0.48657
CVE-2021-37031,0.00696,0.51073
CVE-2021-37032,0.00695,0.51044
CVE-2021-37033,0.00702,0.51317
CVE-2021-37034,0.00695,0.51018
CVE-2021-37035,0.00696,0.51073
CVE-2021-37036,0.00172,0.0588
CVE-2021-37037,0.00697,0.51115
CVE-2021-37038,0.00672,0.50083
CVE-2021-37039,0.00267,0.16934
CVE-2021-37040,0.00769,0.53765
CVE-2021-37041,0.00741,0.52781
CVE-2021-37042,0.00741,0.52781
CVE-2021-37043,0.00631,0.48119
CVE-2021-37044,0.00639,0.48538
CVE-2021-37045,0.00894,0.57879
CVE-2021-37046,0.00667,0.49845
CVE-2021-37047,0.00655,0.49342
CVE-2021-37048,0.00562,0.44504
CVE-2021-37049,0.00866,0.57041
CVE-2021-37050,0.00328,0.23382
CVE-2021-37051,0.00763,0.5357
CVE-2021-37052,0.00679,0.50391
CVE-2021-37053,0.00675,0.50214
CVE-2021-37054,0.00717,0.51912
CVE-2021-37055,0.00595,0.46294
CVE-2021-37056,0.00512,0.41304
CVE-2021-37057,0.00667,0.49845
CVE-2021-37058,0.00483,0.39117
CVE-2021-37059,0.00741,0.5278
CVE-2021-37060,0.00672,0.50082
CVE-2021-37061,0.00655,0.49339
CVE-2021-37062,0.00741,0.5278
CVE-2021-37063,0.00741,0.52782
CVE-2021-37064,0.00828,0.55791
CVE-2021-37065,0.00741,0.52782
CVE-2021-37066,0.00655,0.4934
CVE-2021-37067,0.00672,0.50083
CVE-2021-37068,0.00655,0.49341
CVE-2021-37069,0.00538,0.43034
CVE-2021-37070,0.00655,0.49339
CVE-2021-37071,0.00655,0.49342
CVE-2021-37072,0.00655,0.49341
CVE-2021-37073,0.00342,0.25114
CVE-2021-37074,0.00631,0.48124
CVE-2021-37075,0.00679,0.50391
CVE-2021-37076,0.00655,0.49338
CVE-2021-37077,0.00667,0.49845
CVE-2021-37078,0.00867,0.57059
CVE-2021-37079,0.00679,0.50406
CVE-2021-37080,0.00655,0.49338
CVE-2021-37081,0.00655,0.49337
CVE-2021-37082,0.00449,0.36503
CVE-2021-37083,0.00655,0.4934
CVE-2021-37084,0.00741,0.52783
CVE-2021-37085,0.00457,0.37115
CVE-2021-37086,0.00637,0.48437
CVE-2021-37087,0.00828,0.55791
CVE-2021-37088,0.00828,0.55791
CVE-2021-37089,0.00667,0.49846
CVE-2021-37090,0.00655,0.49337
CVE-2021-37091,0.00672,0.50083
CVE-2021-37092,0.00675,0.50214
CVE-2021-37093,0.00546,0.43509
CVE-2021-37094,0.00655,0.49341
CVE-2021-37095,0.0137,0.70786
CVE-2021-37096,0.00672,0.50083
CVE-2021-37097,0.00723,0.52121
CVE-2021-37098,0.00655,0.49337
CVE-2021-37099,0.00773,0.53906
CVE-2021-37100,0.00723,0.52131
CVE-2021-37101,0.00214,0.1054
CVE-2021-37102,0.00946,0.59569
CVE-2021-37103,0.00152,0.03653
CVE-2021-37104,0.00658,0.49476
CVE-2021-37105,0.00657,0.49439
CVE-2021-37106,0.00898,0.57997
CVE-2021-37107,0.00168,0.05516
CVE-2021-37109,0.00174,0.06108
CVE-2021-37110,0.00679,0.50391
CVE-2021-37111,0.00675,0.50214
CVE-2021-37112,0.00483,0.39118
CVE-2021-37113,0.00679,0.5039
CVE-2021-37114,0.00546,0.43509
CVE-2021-37115,0.00179,0.06679
CVE-2021-37116,0.00741,0.52782
CVE-2021-37117,0.00675,0.50215
CVE-2021-37118,0.00541,0.43189
CVE-2021-37119,0.00675,0.50214
CVE-2021-37120,0.00888,0.57674
CVE-2021-37121,0.00741,0.52782
CVE-2021-37122,0.00268,0.17015
CVE-2021-37123,0.00817,0.55412
CVE-2021-37124,0.00304,0.2072
CVE-2021-37125,0.00672,0.50082
CVE-2021-37126,0.00828,0.55791
CVE-2021-37127,0.00716,0.51842
CVE-2021-37128,0.00874,0.57307
CVE-2021-37129,0.00677,0.50303
CVE-2021-37130,0.00856,0.56707
CVE-2021-37131,0.0058,0.45456
CVE-2021-37132,0.00512,0.41303
CVE-2021-37133,0.00679,0.50391
CVE-2021-37134,0.00493,0.39861
CVE-2021-37136,0.05908,0.92977
CVE-2021-37137,0.06745,0.93737
CVE-2021-37144,0.01276,0.68757
CVE-2021-37145,0.02048,0.80428
CVE-2021-37146,0.02011,0.80068
CVE-2021-37147,0.02519,0.8421
CVE-2021-37148,0.02589,0.84661
CVE-2021-37149,0.02589,0.84661
CVE-2021-37150,0.02142,0.81315
CVE-2021-37151,0.00854,0.56645
CVE-2021-37152,0.24389,0.97797
CVE-2021-37153,0.01194,0.66767
CVE-2021-37154,0.01359,0.70579
CVE-2021-37155,0.01493,0.73096
CVE-2021-37156,0.01013,0.6176
CVE-2021-37157,0.01354,0.70467
CVE-2021-37158,0.02381,0.83216
CVE-2021-37159,0.00391,0.3063
CVE-2021-37160,0.08227,0.947
CVE-2021-37161,0.03264,0.87924
CVE-2021-37162,0.03264,0.87924
CVE-2021-37163,0.01439,0.72106
CVE-2021-37164,0.03396,0.88392
CVE-2021-37165,0.03264,0.87923
CVE-2021-37166,0.02062,0.80571
CVE-2021-37167,0.01737,0.76764
CVE-2021-37172,0.00922,0.58742
CVE-2021-37173,0.01606,0.74893
CVE-2021-37174,0.01159,0.65791
CVE-2021-37175,0.00752,0.53144
CVE-2021-37176,0.00795,0.54639
CVE-2021-37177,0.00387,0.30134
CVE-2021-37178,0.00924,0.58846
CVE-2021-37179,0.01383,0.71063
CVE-2021-37180,0.01383,0.71063
CVE-2021-37181,0.0189,0.78716
CVE-2021-37182,0.00619,0.47533
CVE-2021-37183,0.00373,0.2861
CVE-2021-37184,0.01033,0.62331
CVE-2021-37185,0.0206,0.80546
CVE-2021-37186,0.00356,0.26807
CVE-2021-37187,0.00682,0.50515
CVE-2021-37188,0.00465,0.3776
CVE-2021-37189,0.00588,0.45934
CVE-2021-37190,0.00365,0.27729
CVE-2021-37191,0.00381,0.29463
CVE-2021-37192,0.00365,0.27729
CVE-2021-37193,0.00363,0.27556
CVE-2021-37194,0.00847,0.56379
CVE-2021-37195,0.00509,0.41072
CVE-2021-37196,0.00782,0.54203
CVE-2021-37197,0.00816,0.55365
CVE-2021-37198,0.00361,0.27326
CVE-2021-37199,0.01056,0.63016
CVE-2021-37200,0.3738,0.9848
CVE-2021-37201,0.00429,0.34581
CVE-2021-37202,0.00852,0.56555
CVE-2021-37203,0.00637,0.48434
CVE-2021-37204,0.02181,0.81633
CVE-2021-37205,0.0164,0.75405
CVE-2021-37206,0.01433,0.71992
CVE-2021-37207,0.00216,0.10858
CVE-2021-37208,0.00535,0.42823
CVE-2021-37209,0.00378,0.29124
CVE-2021-37211,0.00456,0.3703
CVE-2021-37212,0.00641,0.48642
CVE-2021-37213,0.00764,0.53612
CVE-2021-37214,0.01064,0.63265
CVE-2021-37215,0.00677,0.50298
CVE-2021-37216,0.0316,0.87483
CVE-2021-37218,0.00689,0.50821
CVE-2021-37219,0.01149,0.65545
CVE-2021-37220,0.01331,0.69943
CVE-2021-37221,0.01126,0.6495
CVE-2021-37222,0.02459,0.83799
CVE-2021-37223,0.04978,0.91906
CVE-2021-37231,0.00988,0.60961
CVE-2021-37232,0.02155,0.81431
CVE-2021-37234,0.00387,0.30167
CVE-2021-37253,0.02837,0.86106
CVE-2021-37254,0.01345,0.70267
CVE-2021-37262,0.01011,0.61691
CVE-2021-37267,0.00581,0.45513
CVE-2021-37270,0.01485,0.7297
CVE-2021-37271,0.00562,0.44538
CVE-2021-37273,0.00978,0.60657
CVE-2021-37274,0.01132,0.65101
CVE-2021-37289,0.01725,0.76608
CVE-2021-37291,0.06535,0.93563
CVE-2021-37292,0.0655,0.93576
CVE-2021-37293,0.01449,0.7228
CVE-2021-37304,0.04013,0.90207
CVE-2021-37305,0.0352,0.88797
CVE-2021-37306,0.00801,0.54858
CVE-2021-37311,0.00927,0.58936
CVE-2021-37315,0.01113,0.64628
CVE-2021-37316,0.01,0.6134
CVE-2021-37317,0.01536,0.73822
CVE-2021-37322,0.00881,0.57488
CVE-2021-37326,0.00793,0.54594
CVE-2021-37330,0.00569,0.44875
CVE-2021-37331,0.00969,0.60358
CVE-2021-37333,0.01474,0.72766
CVE-2021-37334,0.02744,0.85597
CVE-2021-37343,0.2382,0.9775
CVE-2021-37344,0.96772,0.99886
CVE-2021-37345,0.00571,0.4501
CVE-2021-37346,0.73586,0.99455
CVE-2021-37347,0.00778,0.54059
CVE-2021-37348,0.02782,0.85832
CVE-2021-37349,0.00674,0.50183
CVE-2021-37350,0.7925,0.9959
CVE-2021-37351,0.02833,0.86089
CVE-2021-37352,0.06053,0.93129
CVE-2021-37353,0.02943,0.86608
CVE-2021-37354,0.01375,0.70906
CVE-2021-37358,0.02335,0.82891
CVE-2021-37363,0.01618,0.75068
CVE-2021-37364,0.01318,0.69681
CVE-2021-37365,0.00685,0.50651
CVE-2021-37366,0.00509,0.41047
CVE-2021-37367,0.00518,0.41712
CVE-2021-37371,0.0219,0.81706
CVE-2021-37372,0.03423,0.88476
CVE-2021-37373,0.00566,0.4475
CVE-2021-37374,0.00566,0.4475
CVE-2021-37375,0.00566,0.44751
CVE-2021-37376,0.00614,0.47284
CVE-2021-37377,0.00589,0.45986
CVE-2021-37378,0.00589,0.45986
CVE-2021-37379,0.00589,0.45986
CVE-2021-37381,0.00605,0.46799
CVE-2021-37384,0.01661,0.75716
CVE-2021-37386,0.00544,0.43382
CVE-2021-37388,0.0374,0.89456
CVE-2021-37389,0.01025,0.62139
CVE-2021-37390,0.0081,0.55185
CVE-2021-37391,0.0214,0.81295
CVE-2021-37392,0.00527,0.42337
CVE-2021-37393,0.00527,0.42337
CVE-2021-37394,0.01171,0.66146
CVE-2021-37400,0.0134,0.70161
CVE-2021-37401,0.0134,0.70161
CVE-2021-37402,0.00792,0.54556
CVE-2021-37403,0.00792,0.54557
CVE-2021-37404,0.02922,0.86512
CVE-2021-37409,0.00237,0.13211
CVE-2021-37412,0.01028,0.62198
CVE-2021-37413,0.01907,0.78924
CVE-2021-37414,0.05189,0.92176
CVE-2021-37415,0.99825,0.99959
CVE-2021-37416,0.02934,0.86568
CVE-2021-37417,0.0475,0.9156
CVE-2021-37419,0.0245,0.83733
CVE-2021-37420,0.01917,0.79041
CVE-2021-37421,0.02494,0.84034
CVE-2021-37422,0.03432,0.88513
CVE-2021-37423,0.02827,0.86052
CVE-2021-37424,0.04773,0.91596
CVE-2021-37425,0.66278,0.99258
CVE-2021-37436,0.00284,0.18784
CVE-2021-37439,0.01214,0.67329
CVE-2021-37440,0.01244,0.68035
CVE-2021-37441,0.01474,0.72763
CVE-2021-37442,0.01214,0.67329
CVE-2021-37443,0.01246,0.68095
CVE-2021-37444,0.01935,0.79239
CVE-2021-37445,0.01431,0.71962
CVE-2021-37446,0.01155,0.65705
CVE-2021-37447,0.01584,0.74567
CVE-2021-37448,0.00532,0.42667
CVE-2021-37449,0.00504,0.40626
CVE-2021-37450,0.00589,0.45993
CVE-2021-37451,0.00622,0.47729
CVE-2021-37452,0.00264,0.16327
CVE-2021-37453,0.00589,0.45994
CVE-2021-37454,0.00589,0.45992
CVE-2021-37455,0.00589,0.45991
CVE-2021-37456,0.00589,0.45992
CVE-2021-37457,0.00622,0.47729
CVE-2021-37458,0.00622,0.47729
CVE-2021-37459,0.00622,0.47729
CVE-2021-37460,0.00589,0.45992
CVE-2021-37461,0.00589,0.45993
CVE-2021-37462,0.00589,0.45993
CVE-2021-37463,0.00589,0.45994
CVE-2021-37464,0.00589,0.45994
CVE-2021-37465,0.00589,0.45994
CVE-2021-37466,0.00589,0.45992
CVE-2021-37467,0.00589,0.45993
CVE-2021-37468,0.00247,0.14331
CVE-2021-37469,0.01244,0.68042
CVE-2021-37470,0.00585,0.45794
CVE-2021-37471,0.01199,0.66886
CVE-2021-37473,0.02162,0.81482
CVE-2021-37475,0.02483,0.83956
CVE-2021-37476,0.02162,0.81481
CVE-2021-37477,0.02162,0.81482
CVE-2021-37478,0.02162,0.81482
CVE-2021-37491,0.00862,0.56913
CVE-2021-37492,0.00811,0.55213
CVE-2021-37497,0.01247,0.68109
CVE-2021-37498,0.00599,0.46528
CVE-2021-37499,0.00697,0.51099
CVE-2021-37500,0.00982,0.60754
CVE-2021-37501,0.01545,0.73963
CVE-2021-37502,0.00519,0.41757
CVE-2021-37504,0.00867,0.57053
CVE-2021-37517,0.00985,0.60856
CVE-2021-37518,0.00682,0.50538
CVE-2021-37519,0.00363,0.27574
CVE-2021-37522,0.01027,0.62177
CVE-2021-37524,0.00763,0.53573
CVE-2021-37529,0.00748,0.5303
CVE-2021-37530,0.00748,0.5303
CVE-2021-37531,0.03155,0.87462
CVE-2021-37532,0.00811,0.55212
CVE-2021-37533,0.02052,0.80473
CVE-2021-37534,0.00509,0.41032
CVE-2021-37535,0.01086,0.63916
CVE-2021-37538,0.74489,0.99482
CVE-2021-37539,0.92868,0.99829
CVE-2021-37540,0.00665,0.49781
CVE-2021-37541,0.0055,0.43778
CVE-2021-37542,0.00613,0.47253
CVE-2021-37543,0.0142,0.71755
CVE-2021-37544,0.01203,0.66982
CVE-2021-37545,0.00864,0.56963
CVE-2021-37546,0.00542,0.43292
CVE-2021-37547,0.00708,0.51567
CVE-2021-37548,0.00622,0.47697
CVE-2021-37549,0.01346,0.70294
CVE-2021-37550,0.01126,0.64962
CVE-2021-37551,0.00699,0.51192
CVE-2021-37552,0.0062,0.47591
CVE-2021-37553,0.01452,0.72342
CVE-2021-37554,0.00881,0.57495
CVE-2021-37555,0.01384,0.71078
CVE-2021-37556,0.27437,0.98003
CVE-2021-37557,0.27437,0.98004
CVE-2021-37558,0.02115,0.81077
CVE-2021-37560,0.01197,0.66847
CVE-2021-37561,0.01197,0.66848
CVE-2021-37562,0.01118,0.64759
CVE-2021-37563,0.01197,0.66849
CVE-2021-37564,0.01118,0.64758
CVE-2021-37565,0.01118,0.64759
CVE-2021-37566,0.0127,0.68627
CVE-2021-37567,0.01118,0.64759
CVE-2021-37568,0.01197,0.66849
CVE-2021-37569,0.01197,0.66848
CVE-2021-37570,0.01118,0.64759
CVE-2021-37571,0.01197,0.66848
CVE-2021-37572,0.01038,0.62497
CVE-2021-37573,0.03398,0.88398
CVE-2021-37576,0.00575,0.45225
CVE-2021-37577,0.00242,0.13834
CVE-2021-37578,0.04115,0.90425
CVE-2021-37579,0.06561,0.93585
CVE-2021-37580,0.41851,0.98644
CVE-2021-37583,0.01352,0.70431
CVE-2021-37584,0.01197,0.66848
CVE-2021-37586,0.0082,0.55533
CVE-2021-37587,0.00819,0.55505
CVE-2021-37588,0.00908,0.58329
CVE-2021-37589,0.32662,0.9829
CVE-2021-37592,0.01603,0.74852
CVE-2021-37593,0.05161,0.92142
CVE-2021-37594,0.01409,0.71547
CVE-2021-37595,0.01516,0.73503
CVE-2021-37596,0.00619,0.47546
CVE-2021-37597,0.02124,0.8116
CVE-2021-37598,0.0235,0.83004
CVE-2021-37599,0.03104,0.87259
CVE-2021-37600,0.00661,0.49594
CVE-2021-37601,0.02329,0.82842
CVE-2021-37604,0.01225,0.67594
CVE-2021-37605,0.0128,0.68833
CVE-2021-37606,0.00741,0.52797
CVE-2021-37608,0.0603,0.93105
CVE-2021-37613,0.00411,0.3276
CVE-2021-37614,0.01496,0.73142
CVE-2021-37615,0.00989,0.60988
CVE-2021-37616,0.01034,0.62391
CVE-2021-37617,0.00456,0.37047
CVE-2021-37618,0.00984,0.60824
CVE-2021-37619,0.00984,0.60823
CVE-2021-37620,0.01051,0.62897
CVE-2021-37621,0.01104,0.64394
CVE-2021-37622,0.01109,0.64527
CVE-2021-37623,0.01051,0.62864
CVE-2021-37624,0.03636,0.89147
CVE-2021-37625,0.0094,0.59381
CVE-2021-37626,0.01254,0.68276
CVE-2021-37627,0.01023,0.62042
CVE-2021-37628,0.0209,0.80848
CVE-2021-37629,0.0138,0.71006
CVE-2021-37630,0.01202,0.66962
CVE-2021-37631,0.01277,0.68778
CVE-2021-37632,0.01678,0.75948
CVE-2021-37633,0.00758,0.53364
CVE-2021-37634,0.0071,0.51632
CVE-2021-37635,0.00167,0.05361
CVE-2021-37636,0.00152,0.03689
CVE-2021-37637,0.0016,0.04422
CVE-2021-37638,0.00167,0.05376
CVE-2021-37639,0.00173,0.06075
CVE-2021-37640,0.00152,0.03689
CVE-2021-37641,0.00167,0.05361
CVE-2021-37642,0.00154,0.03881
CVE-2021-37643,0.0016,0.04422
CVE-2021-37644,0.00152,0.03688
CVE-2021-37645,0.00152,0.03689
CVE-2021-37646,0.00154,0.03881
CVE-2021-37647,0.0016,0.04421
CVE-2021-37648,0.00186,0.07406
CVE-2021-37649,0.0016,0.04422
CVE-2021-37650,0.00182,0.07013
CVE-2021-37651,0.00174,0.06181
CVE-2021-37652,0.00173,0.06074
CVE-2021-37653,0.00152,0.03688
CVE-2021-37654,0.00167,0.0536
CVE-2021-37655,0.00167,0.0536
CVE-2021-37656,0.00167,0.05376
CVE-2021-37657,0.00167,0.05375
CVE-2021-37658,0.00167,0.05375
CVE-2021-37659,0.00176,0.06444
CVE-2021-37660,0.00154,0.03881
CVE-2021-37661,0.00154,0.0388
CVE-2021-37662,0.00189,0.07642
CVE-2021-37663,0.00173,0.06075
CVE-2021-37664,0.00167,0.0536
CVE-2021-37665,0.00185,0.0724
CVE-2021-37666,0.00173,0.06076
CVE-2021-37667,0.00173,0.06076
CVE-2021-37668,0.00154,0.0388
CVE-2021-37669,0.00175,0.06234
CVE-2021-37670,0.00169,0.05539
CVE-2021-37671,0.00173,0.06075
CVE-2021-37672,0.00172,0.05888
CVE-2021-37673,0.00154,0.03881
CVE-2021-37674,0.00179,0.06706
CVE-2021-37675,0.0016,0.04428
CVE-2021-37676,0.00173,0.06074
CVE-2021-37677,0.00148,0.03344
CVE-2021-37678,0.00447,0.36363
CVE-2021-37679,0.00181,0.06911
CVE-2021-37680,0.00152,0.03688
CVE-2021-37681,0.00173,0.06074
CVE-2021-37682,0.0018,0.06752
CVE-2021-37683,0.00154,0.0388
CVE-2021-37684,0.00138,0.02647
CVE-2021-37685,0.00172,0.05888
CVE-2021-37686,0.00173,0.05988
CVE-2021-37687,0.00191,0.07823
CVE-2021-37688,0.00165,0.05071
CVE-2021-37689,0.00165,0.0507
CVE-2021-37690,0.00163,0.04888
CVE-2021-37691,0.00152,0.03689
CVE-2021-37692,0.00172,0.05917
CVE-2021-37693,0.00833,0.55931
CVE-2021-37694,0.00877,0.57379
CVE-2021-37695,0.01318,0.69674
CVE-2021-37696,0.00711,0.51671
CVE-2021-37697,0.00711,0.5167
CVE-2021-37698,0.01381,0.71022
CVE-2021-37699,0.01033,0.6234
CVE-2021-37700,0.0166,0.75706
CVE-2021-37701,0.03286,0.88013
CVE-2021-37702,0.0106,0.63137
CVE-2021-37703,0.00844,0.56271
CVE-2021-37704,0.06132,0.93203
CVE-2021-37705,0.02415,0.83483
CVE-2021-37706,0.04583,0.91308
CVE-2021-37707,0.0089,0.57729
CVE-2021-37708,0.02359,0.83078
CVE-2021-37709,0.00774,0.53954
CVE-2021-37710,0.00736,0.52595
CVE-2021-37711,0.01058,0.63092
CVE-2021-37712,0.0185,0.78244
CVE-2021-37713,0.01263,0.68496
CVE-2021-37714,0.06873,0.93829
CVE-2021-37715,0.00462,0.3756
CVE-2021-37716,0.02409,0.83426
CVE-2021-37717,0.03055,0.87076
CVE-2021-37718,0.03055,0.87076
CVE-2021-37719,0.02905,0.86435
CVE-2021-37720,0.03055,0.87077
CVE-2021-37721,0.03055,0.87075
CVE-2021-37722,0.03055,0.87075
CVE-2021-37723,0.03055,0.87077
CVE-2021-37724,0.03055,0.87076
CVE-2021-37725,0.00398,0.31424
CVE-2021-37726,0.02409,0.83426
CVE-2021-37727,0.03055,0.87076
CVE-2021-37728,0.01054,0.62979
CVE-2021-37729,0.0099,0.61006
CVE-2021-37730,0.03055,0.87075
CVE-2021-37731,0.00325,0.23085
CVE-2021-37732,0.03055,0.87075
CVE-2021-37733,0.01153,0.65655
CVE-2021-37734,0.00977,0.60639
CVE-2021-37735,0.0129,0.69049
CVE-2021-37736,0.01561,0.74239
CVE-2021-37737,0.01148,0.65486
CVE-2021-37738,0.01284,0.68925
CVE-2021-37739,0.02905,0.86436
CVE-2021-37740,0.04581,0.91305
CVE-2021-37741,0.02661,0.85115
CVE-2021-37742,0.00592,0.46137
CVE-2021-37743,0.00677,0.5032
CVE-2021-37746,0.01164,0.65964
CVE-2021-37748,0.07408,0.94229
CVE-2021-37749,0.01839,0.78106
CVE-2021-37750,0.02166,0.81516
CVE-2021-37759,0.01286,0.68973
CVE-2021-37760,0.01286,0.68972
CVE-2021-37761,0.09539,0.95295
CVE-2021-37762,0.08073,0.94607
CVE-2021-37764,0.00716,0.5184
CVE-2021-37770,0.01332,0.6997
CVE-2021-37774,0.00859,0.5682
CVE-2021-37777,0.01702,0.76298
CVE-2021-37778,0.01637,0.75369
CVE-2021-37781,0.00446,0.36273
CVE-2021-37782,0.00837,0.56065
CVE-2021-37786,0.00195,0.0828
CVE-2021-37787,0.00325,0.22997
CVE-2021-37788,0.01525,0.73624
CVE-2021-37789,0.00831,0.5588
CVE-2021-37791,0.0086,0.56838
CVE-2021-37794,0.00779,0.54114
CVE-2021-37803,0.01612,0.74978
CVE-2021-37805,0.00603,0.46705
CVE-2021-37806,0.0184,0.78115
CVE-2021-37807,0.01524,0.73613
CVE-2021-37808,0.0184,0.78114
CVE-2021-37819,0.00833,0.55949
CVE-2021-37823,0.00761,0.53496
CVE-2021-37832,0.04102,0.90397
CVE-2021-37833,0.04878,0.9175
CVE-2021-37839,0.01371,0.70826
CVE-2021-37840,0.01675,0.75911
CVE-2021-37841,0.00996,0.61199
CVE-2021-37842,0.00608,0.46943
CVE-2021-37843,0.01535,0.73798
CVE-2021-37845,0.00665,0.49784
CVE-2021-37847,0.01538,0.73858
CVE-2021-37848,0.01538,0.73858
CVE-2021-37850,0.00226,0.11996
CVE-2021-37851,0.00205,0.09381
CVE-2021-37852,0.00599,0.46519
CVE-2021-37859,0.03288,0.8802
CVE-2021-37860,0.00631,0.48147
CVE-2021-37861,0.00879,0.57436
CVE-2021-37862,0.00667,0.49843
CVE-2021-37863,0.00835,0.56
CVE-2021-37864,0.00585,0.4576
CVE-2021-37865,0.00897,0.57964
CVE-2021-37866,0.00723,0.52129
CVE-2021-37867,0.00672,0.50055
CVE-2021-37909,0.02007,0.80028
CVE-2021-37910,0.02099,0.80945
CVE-2021-37911,0.00583,0.45675
CVE-2021-37912,0.02832,0.86081
CVE-2021-37913,0.02832,0.86081
CVE-2021-37914,0.00963,0.60112
CVE-2021-37915,0.02029,0.80236
CVE-2021-37916,0.00733,0.52491
CVE-2021-37918,0.73648,0.99458
CVE-2021-37919,0.10981,0.95754
CVE-2021-37920,0.10981,0.95755
CVE-2021-37921,0.10981,0.95754
CVE-2021-37922,0.02302,0.82628
CVE-2021-37923,0.10981,0.95753
CVE-2021-37924,0.10981,0.95754
CVE-2021-37925,0.10482,0.95603
CVE-2021-37926,0.73648,0.99457
CVE-2021-37927,0.02243,0.82168
CVE-2021-37928,0.09539,0.95294
CVE-2021-37929,0.09539,0.95294
CVE-2021-37930,0.09539,0.95294
CVE-2021-37931,0.09539,0.95295
CVE-2021-37933,0.01514,0.73463
CVE-2021-37934,0.015,0.73237
CVE-2021-37935,0.0137,0.70796
CVE-2021-37936,0.00486,0.39408
CVE-2021-37937,0.00714,0.51778
CVE-2021-37938,0.00721,0.52036
CVE-2021-37939,0.00456,0.37074
CVE-2021-37940,0.00849,0.56457
CVE-2021-37941,0.00208,0.09757
CVE-2021-37942,0.00249,0.14545
CVE-2021-37956,0.01245,0.68059
CVE-2021-37957,0.01245,0.68059
CVE-2021-37958,0.00987,0.60913
CVE-2021-37959,0.00944,0.59489
CVE-2021-37961,0.01315,0.69592
CVE-2021-37962,0.01315,0.69593
CVE-2021-37963,0.01153,0.65672
CVE-2021-37964,0.00521,0.41928
CVE-2021-37965,0.0121,0.67196
CVE-2021-37966,0.00708,0.51569
CVE-2021-37967,0.00795,0.5465
CVE-2021-37968,0.01278,0.68796
CVE-2021-37969,0.00949,0.59677
CVE-2021-37970,0.01451,0.72327
CVE-2021-37971,0.01263,0.68499
CVE-2021-37972,0.01787,0.77432
CVE-2021-37973,0.11735,0.95932
CVE-2021-37974,0.01346,0.70291
CVE-2021-37975,0.34887,0.98384
CVE-2021-37976,0.19901,0.97342
CVE-2021-37977,0.00889,0.57723
CVE-2021-37978,0.01024,0.62064
CVE-2021-37979,0.01767,0.77175
CVE-2021-37980,0.01462,0.72552
CVE-2021-37981,0.01033,0.62339
CVE-2021-37982,0.00904,0.5818
CVE-2021-37983,0.00904,0.5818
CVE-2021-37984,0.01014,0.61787
CVE-2021-37985,0.00904,0.5818
CVE-2021-37986,0.00951,0.59724
CVE-2021-37987,0.00862,0.56899
CVE-2021-37988,0.00855,0.56668
CVE-2021-37989,0.00824,0.55629
CVE-2021-37990,0.00607,0.46909
CVE-2021-37991,0.00785,0.54297
CVE-2021-37992,0.00964,0.60155
CVE-2021-37993,0.00862,0.56899
CVE-2021-37994,0.00818,0.55441
CVE-2021-37995,0.0081,0.55195
CVE-2021-37996,0.00587,0.45863
CVE-2021-37997,0.00973,0.60521
CVE-2021-37998,0.00973,0.60521
CVE-2021-37999,0.00955,0.59842
CVE-2021-38000,0.04948,0.91855
CVE-2021-38001,0.26703,0.9796
CVE-2021-38002,0.00973,0.60521
CVE-2021-38003,0.38573,0.98531
CVE-2021-38004,0.0087,0.57145
CVE-2021-38005,0.00982,0.60773
CVE-2021-38006,0.00982,0.60772
CVE-2021-38007,0.00912,0.58421
CVE-2021-38008,0.01362,0.70648
CVE-2021-38009,0.00831,0.55864
CVE-2021-38010,0.00911,0.5841
CVE-2021-38011,0.00813,0.55265
CVE-2021-38012,0.00912,0.58421
CVE-2021-38013,0.01002,0.61415
CVE-2021-38014,0.00836,0.56037
CVE-2021-38015,0.00594,0.46214
CVE-2021-38016,0.00805,0.55004
CVE-2021-38017,0.00805,0.55003
CVE-2021-38018,0.00783,0.5423
CVE-2021-38019,0.00831,0.55863
CVE-2021-38020,0.00674,0.5019
CVE-2021-38021,0.00788,0.54407
CVE-2021-38022,0.00856,0.56733
CVE-2021-38023,0.00318,0.22193
CVE-2021-38084,0.01369,0.70765
CVE-2021-38085,0.00981,0.6075
CVE-2021-38086,0.00255,0.15319
CVE-2021-38087,0.00581,0.45513
CVE-2021-38088,0.00234,0.12836
CVE-2021-38090,0.01271,0.68657
CVE-2021-38091,0.01271,0.68657
CVE-2021-38092,0.01313,0.69551
CVE-2021-38093,0.01307,0.69431
CVE-2021-38094,0.01289,0.69021
CVE-2021-38095,0.0198,0.79704
CVE-2021-38096,0.032,0.87644
CVE-2021-38097,0.02883,0.86325
CVE-2021-38098,0.02277,0.82427
CVE-2021-38099,0.02219,0.81965
CVE-2021-38100,0.02032,0.80269
CVE-2021-38101,0.02032,0.80269
CVE-2021-38102,0.01501,0.73248
CVE-2021-38103,0.02219,0.81965
CVE-2021-38104,0.01501,0.73249
CVE-2021-38105,0.01501,0.73249
CVE-2021-38106,0.01501,0.73248
CVE-2021-38107,0.01501,0.73249
CVE-2021-38108,0.01501,0.73248
CVE-2021-38109,0.01501,0.73247
CVE-2021-38110,0.02032,0.8027
CVE-2021-38111,0.01332,0.69967
CVE-2021-38112,0.07479,0.94267
CVE-2021-38113,0.00522,0.41953
CVE-2021-38114,0.01031,0.62298
CVE-2021-38115,0.01869,0.78484
CVE-2021-38116,0.00619,0.47559
CVE-2021-38117,0.01143,0.65365
CVE-2021-38118,0.00209,0.10014
CVE-2021-38119,0.00309,0.21225
CVE-2021-38120,0.00534,0.42807
CVE-2021-38121,0.00183,0.07033
CVE-2021-38122,0.00288,0.19173
CVE-2021-38123,0.00646,0.48892
CVE-2021-38124,0.0208,0.80749
CVE-2021-38125,0.02002,0.7995
CVE-2021-38126,0.00569,0.44888
CVE-2021-38127,0.00569,0.44887
CVE-2021-38129,0.00213,0.10404
CVE-2021-38130,0.00857,0.56742
CVE-2021-38131,0.00245,0.14152
CVE-2021-38132,0.00396,0.31174
CVE-2021-38133,0.00346,0.25523
CVE-2021-38134,0.00291,0.19406
CVE-2021-38135,0.00453,0.36849
CVE-2021-38136,0.01209,0.67187
CVE-2021-38137,0.00704,0.51409
CVE-2021-38138,0.01503,0.73283
CVE-2021-38140,0.0129,0.69053
CVE-2021-38142,0.00475,0.38573
CVE-2021-38143,0.01353,0.70439
CVE-2021-38144,0.00916,0.58602
CVE-2021-38145,0.02152,0.81412
CVE-2021-38146,0.11914,0.95973
CVE-2021-38147,0.53008,0.98943
CVE-2021-38148,0.01225,0.67609
CVE-2021-38149,0.00664,0.49703
CVE-2021-38150,0.00517,0.41632
CVE-2021-38151,0.00618,0.47488
CVE-2021-38152,0.01008,0.61565
CVE-2021-38153,0.06252,0.93319
CVE-2021-38154,0.04,0.90177
CVE-2021-38155,0.02478,0.83925
CVE-2021-38156,0.92909,0.9983
CVE-2021-38157,0.01119,0.64789
CVE-2021-38159,0.01891,0.78744
CVE-2021-38160,0.00395,0.31082
CVE-2021-38161,0.0195,0.7941
CVE-2021-38162,0.02739,0.85567
CVE-2021-38163,0.36018,0.98425
CVE-2021-38164,0.00482,0.39074
CVE-2021-38165,0.04104,0.90403
CVE-2021-38166,0.00315,0.21913
CVE-2021-38167,0.01286,0.68968
CVE-2021-38168,0.00939,0.59351
CVE-2021-38169,0.01528,0.73673
CVE-2021-38171,0.02411,0.83442
CVE-2021-38172,0.01826,0.77948
CVE-2021-38173,0.03155,0.87463
CVE-2021-38174,0.00761,0.53487
CVE-2021-38175,0.00817,0.55403
CVE-2021-38176,0.01268,0.68597
CVE-2021-38177,0.03223,0.87752
CVE-2021-38178,0.01294,0.69144
CVE-2021-38179,0.00798,0.54738
CVE-2021-38180,0.02053,0.80479
CVE-2021-38181,0.01104,0.64402
CVE-2021-38182,0.01066,0.6335
CVE-2021-38183,0.00747,0.52985
CVE-2021-38185,0.04165,0.90529
CVE-2021-38186,0.00741,0.52799
CVE-2021-38187,0.01441,0.7213
CVE-2021-38188,0.01275,0.68749
CVE-2021-38189,0.01494,0.73106
CVE-2021-38190,0.01411,0.71582
CVE-2021-38191,0.00836,0.56038
CVE-2021-38192,0.01103,0.64361
CVE-2021-38193,0.00708,0.51557
CVE-2021-38194,0.01275,0.68749
CVE-2021-38195,0.00935,0.592
CVE-2021-38196,0.02567,0.84516
CVE-2021-38197,0.02111,0.81046
CVE-2021-38198,0.00469,0.38048
CVE-2021-38199,0.01245,0.68074
CVE-2021-38200,0.00255,0.15391
CVE-2021-38201,0.03365,0.88291
CVE-2021-38202,0.0319,0.87601
CVE-2021-38203,0.00365,0.27726
CVE-2021-38204,0.00333,0.24113
CVE-2021-38205,0.00328,0.23307
CVE-2021-38206,0.00269,0.17057
CVE-2021-38207,0.03354,0.88255
CVE-2021-38208,0.00493,0.39859
CVE-2021-38209,0.00283,0.18703
CVE-2021-38217,0.00789,0.54431
CVE-2021-38221,0.00538,0.43023
CVE-2021-38239,0.00692,0.50905
CVE-2021-38241,0.01057,0.63056
CVE-2021-38243,0.01298,0.69227
CVE-2021-38244,0.0118,0.66421
CVE-2021-38258,0.00323,0.22858
CVE-2021-38260,0.00323,0.22858
CVE-2021-38263,0.00881,0.57502
CVE-2021-38264,0.00728,0.52323
CVE-2021-38265,0.00585,0.45743
CVE-2021-38266,0.01742,0.7683
CVE-2021-38267,0.00585,0.45743
CVE-2021-38268,0.00777,0.54025
CVE-2021-38269,0.00585,0.45743
CVE-2021-38278,0.01408,0.71533
CVE-2021-38283,0.02491,0.84012
CVE-2021-38289,0.01467,0.72654
CVE-2021-38290,0.01294,0.6914
CVE-2021-38291,0.0269,0.85297
CVE-2021-38294,0.84489,0.99696
CVE-2021-38295,0.02514,0.84168
CVE-2021-38296,0.01845,0.78182
CVE-2021-38297,0.10874,0.95717
CVE-2021-38298,0.026,0.84735
CVE-2021-38299,0.018,0.77608
CVE-2021-38300,0.00621,0.47676
CVE-2021-38302,0.00996,0.61195
CVE-2021-38303,0.01304,0.69363
CVE-2021-38304,0.0044,0.35719
CVE-2021-38305,0.0249,0.84002
CVE-2021-38306,0.08955,0.95082
CVE-2021-38311,0.00942,0.59419
CVE-2021-38312,0.01341,0.70196
CVE-2021-38314,0.28961,0.981
CVE-2021-38315,0.00938,0.59326
CVE-2021-38316,0.00938,0.59323
CVE-2021-38317,0.00895,0.57909
CVE-2021-38318,0.00895,0.57915
CVE-2021-38319,0.00895,0.57909
CVE-2021-38320,0.0097,0.60367
CVE-2021-38321,0.00895,0.57913
CVE-2021-38322,0.00895,0.5791
CVE-2021-38323,0.00938,0.59325
CVE-2021-38324,0.01793,0.77519
CVE-2021-38325,0.00938,0.59323
CVE-2021-38326,0.00895,0.57911
CVE-2021-38327,0.00938,0.59325
CVE-2021-38328,0.00895,0.57913
CVE-2021-38329,0.00895,0.57912
CVE-2021-38330,0.00938,0.59326
CVE-2021-38331,0.00895,0.57911
CVE-2021-38332,0.00895,0.57911
CVE-2021-38333,0.00938,0.59326
CVE-2021-38334,0.00895,0.57908
CVE-2021-38335,0.00895,0.57908
CVE-2021-38336,0.00895,0.57908
CVE-2021-38337,0.00895,0.57908
CVE-2021-38338,0.00895,0.57912
CVE-2021-38339,0.00895,0.57912
CVE-2021-38340,0.00895,0.57913
CVE-2021-38341,0.00938,0.59324
CVE-2021-38342,0.00492,0.39798
CVE-2021-38343,0.00826,0.55701
CVE-2021-38344,0.00629,0.4801
CVE-2021-38345,0.0075,0.53077
CVE-2021-38346,0.01737,0.76766
CVE-2021-38347,0.00938,0.59327
CVE-2021-38348,0.00895,0.57914
CVE-2021-38349,0.00895,0.57912
CVE-2021-38350,0.00895,0.57914
CVE-2021-38351,0.00895,0.57909
CVE-2021-38352,0.00895,0.57916
CVE-2021-38353,0.00895,0.57915
CVE-2021-38354,0.00895,0.57909
CVE-2021-38355,0.00938,0.59325
CVE-2021-38356,0.00873,0.57245
CVE-2021-38357,0.00782,0.54179
CVE-2021-38358,0.00782,0.5418
CVE-2021-38359,0.00819,0.55501
CVE-2021-38360,0.0226,0.82289
CVE-2021-38361,0.00757,0.53328
CVE-2021-38362,0.00982,0.60768
CVE-2021-38363,0.00654,0.49278
CVE-2021-38364,0.00848,0.56414
CVE-2021-38365,0.01164,0.6598
CVE-2021-38366,0.02928,0.86541
CVE-2021-38370,0.01565,0.7429
CVE-2021-38371,0.01996,0.79879
CVE-2021-38372,0.00788,0.54419
CVE-2021-38373,0.00527,0.42345
CVE-2021-38374,0.01252,0.68225
CVE-2021-38375,0.01364,0.70675
CVE-2021-38376,0.01492,0.73084
CVE-2021-38377,0.01156,0.65731
CVE-2021-38378,0.0125,0.68197
CVE-2021-38379,0.00214,0.10516
CVE-2021-38380,0.01532,0.73738
CVE-2021-38381,0.0119,0.66674
CVE-2021-38382,0.0119,0.66673
CVE-2021-38383,0.01228,0.67657
CVE-2021-38384,0.0146,0.72512
CVE-2021-38385,0.01685,0.76069
CVE-2021-38386,0.01291,0.69065
CVE-2021-38387,0.00961,0.60045
CVE-2021-38388,0.0089,0.57743
CVE-2021-38389,0.10367,0.95569
CVE-2021-38390,0.19765,0.97322
CVE-2021-38391,0.03455,0.88592
CVE-2021-38392,0.00259,0.15808
CVE-2021-38393,0.18459,0.9715
CVE-2021-38394,0.00234,0.12922
CVE-2021-38395,0.00941,0.594
CVE-2021-38396,0.00173,0.05966
CVE-2021-38397,0.00946,0.59545
CVE-2021-38398,0.00425,0.34251
CVE-2021-38399,0.00786,0.54316
CVE-2021-38400,0.00149,0.03432
CVE-2021-38401,0.00916,0.58583
CVE-2021-38402,0.0712,0.94034
CVE-2021-38403,0.00643,0.48724
CVE-2021-38404,0.01036,0.6245
CVE-2021-38405,0.0127,0.68619
CVE-2021-38406,0.76428,0.99525
CVE-2021-38407,0.00643,0.48723
CVE-2021-38408,0.11569,0.95894
CVE-2021-38409,0.00688,0.50787
CVE-2021-38410,0.00222,0.11556
CVE-2021-38411,0.00643,0.48724
CVE-2021-38412,0.01342,0.70205
CVE-2021-38413,0.00978,0.6065
CVE-2021-38415,0.00973,0.60519
CVE-2021-38416,0.00262,0.16175
CVE-2021-38417,0.00798,0.54745
CVE-2021-38418,0.00569,0.44871
CVE-2021-38419,0.00912,0.5842
CVE-2021-38420,0.00231,0.12505
CVE-2021-38421,0.00753,0.53182
CVE-2021-38422,0.00176,0.06453
CVE-2021-38423,0.013,0.69287
CVE-2021-38424,0.0051,0.41143
CVE-2021-38425,0.05161,0.92143
CVE-2021-38426,0.0097,0.60386
CVE-2021-38427,0.00581,0.45534
CVE-2021-38428,0.11431,0.95865
CVE-2021-38429,0.01466,0.72635
CVE-2021-38430,0.01036,0.6245
CVE-2021-38431,0.00698,0.51162
CVE-2021-38432,0.0187,0.78499
CVE-2021-38433,0.00581,0.45533
CVE-2021-38434,0.0097,0.60387
CVE-2021-38435,0.01445,0.7222
CVE-2021-38436,0.0097,0.60386
CVE-2021-38438,0.0102,0.61945
CVE-2021-38439,0.02784,0.85838
CVE-2021-38440,0.00606,0.46844
CVE-2021-38441,0.02146,0.81354
CVE-2021-38442,0.0097,0.60387
CVE-2021-38443,0.02128,0.812
CVE-2021-38445,0.0268,0.8524
CVE-2021-38447,0.02137,0.81272
CVE-2021-38448,0.00289,0.1928
CVE-2021-38449,0.0125,0.68187
CVE-2021-38450,0.0104,0.62557
CVE-2021-38451,0.00678,0.50335
CVE-2021-38452,0.0165,0.75554
CVE-2021-38453,0.0106,0.63158
CVE-2021-38454,0.15789,0.96761
CVE-2021-38455,0.00772,0.5388
CVE-2021-38456,0.01184,0.66537
CVE-2021-38457,0.01335,0.70032
CVE-2021-38458,0.01816,0.77822
CVE-2021-38459,0.01012,0.61731
CVE-2021-38460,0.01808,0.77702
CVE-2021-38461,0.00548,0.43615
CVE-2021-38462,0.01184,0.66537
CVE-2021-38463,0.00793,0.54569
CVE-2021-38464,0.00334,0.24144
CVE-2021-38465,0.00839,0.56128
CVE-2021-38466,0.00695,0.51052
CVE-2021-38467,0.00793,0.54569
CVE-2021-38468,0.00571,0.45019
CVE-2021-38469,0.00633,0.48241
CVE-2021-38470,0.01161,0.65835
CVE-2021-38471,0.01105,0.64427
CVE-2021-38472,0.00694,0.50983
CVE-2021-38473,0.0094,0.59381
CVE-2021-38474,0.00703,0.51379
CVE-2021-38475,0.00916,0.58596
CVE-2021-38476,0.00783,0.54233
CVE-2021-38477,0.01152,0.6565
CVE-2021-38478,0.01161,0.65835
CVE-2021-38479,0.009,0.58062
CVE-2021-38480,0.00561,0.44401
CVE-2021-38481,0.01004,0.6147
CVE-2021-38482,0.00571,0.45018
CVE-2021-38483,0.00165,0.05164
CVE-2021-38484,0.02762,0.85707
CVE-2021-38485,0.00926,0.58909
CVE-2021-38486,0.00799,0.54773
CVE-2021-38487,0.03383,0.8835
CVE-2021-38488,0.12337,0.9606
CVE-2021-38489,0.00121,0.01702
CVE-2021-38490,0.00986,0.60887
CVE-2021-38491,0.00876,0.57348
CVE-2021-38492,0.01155,0.65702
CVE-2021-38493,0.01245,0.6807
CVE-2021-38494,0.00806,0.55032
CVE-2021-38495,0.01107,0.64491
CVE-2021-38496,0.01659,0.75681
CVE-2021-38497,0.00591,0.46108
CVE-2021-38498,0.01467,0.72659
CVE-2021-38499,0.00824,0.55649
CVE-2021-38500,0.01273,0.68692
CVE-2021-38501,0.01048,0.62804
CVE-2021-38502,0.01101,0.64331
CVE-2021-38503,0.0383,0.89716
CVE-2021-38504,0.01709,0.76407
CVE-2021-38505,0.0105,0.62837
CVE-2021-38506,0.01459,0.7249
CVE-2021-38507,0.00805,0.54996
CVE-2021-38508,0.01527,0.73658
CVE-2021-38509,0.01636,0.75348
CVE-2021-38510,0.00999,0.61278
CVE-2021-38511,0.01392,0.71247
CVE-2021-38512,0.0181,0.77737
CVE-2021-38513,0.01833,0.7803
CVE-2021-38514,0.00766,0.5367
CVE-2021-38515,0.01249,0.68171
CVE-2021-38516,0.01338,0.70119
CVE-2021-38517,0.00758,0.53378
CVE-2021-38518,0.01429,0.71936
CVE-2021-38519,0.0137,0.70787
CVE-2021-38520,0.01498,0.73177
CVE-2021-38521,0.00871,0.57202
CVE-2021-38522,0.01219,0.67434
CVE-2021-38523,0.00805,0.55004
CVE-2021-38524,0.00877,0.57375
CVE-2021-38525,0.01019,0.61921
CVE-2021-38526,0.01019,0.61932
CVE-2021-38527,0.01685,0.7607
CVE-2021-38528,0.01986,0.7976
CVE-2021-38529,0.01658,0.75664
CVE-2021-38530,0.02217,0.81952
CVE-2021-38531,0.00418,0.33557
CVE-2021-38532,0.00933,0.59163
CVE-2021-38533,0.00468,0.38005
CVE-2021-38534,0.00509,0.41074
CVE-2021-38535,0.00464,0.37694
CVE-2021-38536,0.00464,0.37694
CVE-2021-38537,0.00357,0.26872
CVE-2021-38538,0.004,0.31598
CVE-2021-38539,0.00822,0.55583
CVE-2021-38540,0.80938,0.99621
CVE-2021-38542,0.02347,0.82984
CVE-2021-38543,0.01293,0.69115
CVE-2021-38544,0.01293,0.69114
CVE-2021-38545,0.01293,0.69115
CVE-2021-38546,0.01287,0.68982
CVE-2021-38547,0.01346,0.70282
CVE-2021-38548,0.01293,0.69115
CVE-2021-38549,0.01293,0.69115
CVE-2021-38553,0.00271,0.17347
CVE-2021-38554,0.00911,0.58393
CVE-2021-38555,0.02752,0.85635
CVE-2021-38556,0.13039,0.96215
CVE-2021-38557,0.02224,0.82012
CVE-2021-38559,0.01005,0.61497
CVE-2021-38560,0.02893,0.86374
CVE-2021-38561,0.01356,0.70523
CVE-2021-38562,0.01835,0.78063
CVE-2021-38563,0.01087,0.63923
CVE-2021-38564,0.01087,0.63924
CVE-2021-38565,0.00848,0.56402
CVE-2021-38566,0.00961,0.60049
CVE-2021-38567,0.00988,0.60962
CVE-2021-38568,0.01087,0.63922
CVE-2021-38569,0.00961,0.6004
CVE-2021-38570,0.01166,0.66012
CVE-2021-38571,0.00542,0.43257
CVE-2021-38572,0.01117,0.64734
CVE-2021-38573,0.01117,0.64734
CVE-2021-38574,0.00994,0.61124
CVE-2021-38575,0.01994,0.79865
CVE-2021-38576,0.01165,0.65999
CVE-2021-38578,0.01019,0.6192
CVE-2021-38583,0.01561,0.74234
CVE-2021-38584,0.00863,0.56948
CVE-2021-38585,0.01033,0.62344
CVE-2021-38586,0.00248,0.14393
CVE-2021-38587,0.00643,0.48716
CVE-2021-38588,0.00442,0.35924
CVE-2021-38589,0.00855,0.56686
CVE-2021-38590,0.00262,0.16202
CVE-2021-38591,0.00104,0.00931
CVE-2021-38592,0.01294,0.69145
CVE-2021-38593,0.03002,0.8686
CVE-2021-38597,0.00483,0.39156
CVE-2021-38598,0.0122,0.67467
CVE-2021-38599,0.00834,0.55955
CVE-2021-38602,0.00755,0.53287
CVE-2021-38603,0.01095,0.64168
CVE-2021-38604,0.03045,0.87025
CVE-2021-38606,0.01202,0.6698
CVE-2021-38607,0.00605,0.46801
CVE-2021-38608,0.00262,0.16141
CVE-2021-38611,0.01935,0.79231
CVE-2021-38612,0.01727,0.76626
CVE-2021-38613,0.04549,0.91254
CVE-2021-38614,0.01193,0.66745
CVE-2021-38615,0.00948,0.59618
CVE-2021-38616,0.01315,0.69599
CVE-2021-38617,0.01413,0.71617
CVE-2021-38618,0.00994,0.61118
CVE-2021-38619,0.02012,0.80074
CVE-2021-38621,0.00986,0.60887
CVE-2021-38623,0.00961,0.60049
CVE-2021-38624,0.01521,0.73568
CVE-2021-38625,0.00523,0.42056
CVE-2021-38626,0.00523,0.42055
CVE-2021-38628,0.00523,0.42057
CVE-2021-38629,0.02666,0.85151
CVE-2021-38630,0.00523,0.42054
CVE-2021-38631,0.01864,0.78422
CVE-2021-38632,0.00822,0.55591
CVE-2021-38633,0.01018,0.61888
CVE-2021-38634,0.00863,0.56944
CVE-2021-38635,0.00869,0.57133
CVE-2021-38636,0.00869,0.57133
CVE-2021-38637,0.00869,0.57132
CVE-2021-38638,0.00523,0.42056
CVE-2021-38639,0.01352,0.70414
CVE-2021-38641,0.01226,0.67616
CVE-2021-38642,0.01226,0.67616
CVE-2021-38644,0.02275,0.82409
CVE-2021-38645,0.02727,0.85495
CVE-2021-38646,0.07987,0.94564
CVE-2021-38647,0.99933,0.9997
CVE-2021-38648,0.11424,0.95863
CVE-2021-38649,0.02887,0.86344
CVE-2021-38650,0.01606,0.74892
CVE-2021-38651,0.01324,0.69798
CVE-2021-38652,0.01324,0.69798
CVE-2021-38653,0.06306,0.93368
CVE-2021-38654,0.06306,0.93367
CVE-2021-38655,0.06334,0.93392
CVE-2021-38656,0.06676,0.93666
CVE-2021-38657,0.00898,0.57994
CVE-2021-38658,0.06306,0.93368
CVE-2021-38659,0.06306,0.93368
CVE-2021-38660,0.02275,0.82409
CVE-2021-38661,0.02275,0.8241
CVE-2021-38662,0.00777,0.54036
CVE-2021-38663,0.00732,0.5244
CVE-2021-38665,0.07018,0.93952
CVE-2021-38666,0.15064,0.96616
CVE-2021-38667,0.0055,0.43729
CVE-2021-38669,0.02893,0.86381
CVE-2021-38671,0.0055,0.43729
CVE-2021-38672,0.0109,0.63994
CVE-2021-38674,0.00636,0.48373
CVE-2021-38675,0.00599,0.46515
CVE-2021-38677,0.00697,0.51121
CVE-2021-38678,0.0057,0.44932
CVE-2021-38679,0.00743,0.52847
CVE-2021-38680,0.00689,0.50803
CVE-2021-38681,0.00727,0.52264
CVE-2021-38682,0.01296,0.69195
CVE-2021-38684,0.01323,0.69758
CVE-2021-38685,0.01471,0.72719
CVE-2021-38686,0.00974,0.60527
CVE-2021-38687,0.0128,0.68844
CVE-2021-38688,0.00811,0.55205
CVE-2021-38689,0.01296,0.69195
CVE-2021-38690,0.01296,0.69194
CVE-2021-38691,0.01296,0.69194
CVE-2021-38692,0.01296,0.69195
CVE-2021-38693,0.00951,0.59737
CVE-2021-38694,0.01464,0.72571
CVE-2021-38695,0.00809,0.55135
CVE-2021-38696,0.01678,0.7596
CVE-2021-38697,0.02686,0.85275
CVE-2021-38698,0.01423,0.71818
CVE-2021-38699,0.07977,0.94557
CVE-2021-38701,0.00452,0.3673
CVE-2021-38702,0.06929,0.93881
CVE-2021-38703,0.0432,0.90826
CVE-2021-38704,0.03521,0.88799
CVE-2021-38705,0.00769,0.5379
CVE-2021-38706,0.01029,0.62244
CVE-2021-38707,0.00644,0.48821
CVE-2021-38708,0.00466,0.37801
CVE-2021-38709,0.00581,0.45515
CVE-2021-38710,0.00636,0.48368
CVE-2021-38711,0.01258,0.68364
CVE-2021-38712,0.01145,0.65432
CVE-2021-38713,0.00527,0.42356
CVE-2021-38714,0.02838,0.86112
CVE-2021-38721,0.00599,0.46501
CVE-2021-38723,0.01002,0.61412
CVE-2021-38725,0.00875,0.57308
CVE-2021-38727,0.01608,0.7493
CVE-2021-38728,0.00462,0.37502
CVE-2021-38729,0.00837,0.56066
CVE-2021-38730,0.00837,0.56066
CVE-2021-38731,0.00662,0.49619
CVE-2021-38732,0.00797,0.54717
CVE-2021-38733,0.00662,0.4962
CVE-2021-38734,0.00837,0.56067
CVE-2021-38736,0.00837,0.56066
CVE-2021-38737,0.00837,0.56066
CVE-2021-38745,0.00851,0.56517
CVE-2021-38751,0.02468,0.83856
CVE-2021-38752,0.00581,0.4552
CVE-2021-38753,0.0146,0.72512
CVE-2021-38754,0.01778,0.77328
CVE-2021-38755,0.00981,0.6073
CVE-2021-38756,0.00717,0.51892
CVE-2021-38757,0.00876,0.57371
CVE-2021-38758,0.02252,0.82228
CVE-2021-38759,0.15666,0.96737
CVE-2021-38772,0.01213,0.67303
CVE-2021-38783,0.0182,0.77871
CVE-2021-38784,0.01783,0.77385
CVE-2021-38785,0.0182,0.77871
CVE-2021-38786,0.0178,0.77348
CVE-2021-38787,0.01947,0.7938
CVE-2021-38788,0.01677,0.75945
CVE-2021-38789,0.01287,0.68988
CVE-2021-38819,0.00972,0.60449
CVE-2021-38822,0.00743,0.52876
CVE-2021-38823,0.01505,0.73309
CVE-2021-38827,0.00588,0.45932
CVE-2021-38828,0.00343,0.25243
CVE-2021-38833,0.02314,0.82728
CVE-2021-38834,0.02043,0.80374
CVE-2021-38840,0.02548,0.84391
CVE-2021-38841,0.04117,0.9043
CVE-2021-38847,0.01291,0.69083
CVE-2021-38859,0.00531,0.42607
CVE-2021-38862,0.00687,0.50749
CVE-2021-38863,0.00227,0.12098
CVE-2021-38864,0.00706,0.51454
CVE-2021-38868,0.00356,0.26809
CVE-2021-38869,0.00887,0.57663
CVE-2021-38870,0.00495,0.4006
CVE-2021-38871,0.00495,0.40034
CVE-2021-38872,0.01498,0.73175
CVE-2021-38873,0.01809,0.7772
CVE-2021-38874,0.00704,0.51385
CVE-2021-38875,0.01012,0.61724
CVE-2021-38876,0.00632,0.48181
CVE-2021-38877,0.00495,0.40063
CVE-2021-38878,0.01154,0.65684
CVE-2021-38879,0.0111,0.64564
CVE-2021-38882,0.00235,0.12947
CVE-2021-38883,0.0048,0.38902
CVE-2021-38886,0.00566,0.44762
CVE-2021-38887,0.00801,0.54851
CVE-2021-38890,0.01568,0.74326
CVE-2021-38891,0.00687,0.5075
CVE-2021-38893,0.00686,0.50675
CVE-2021-38894,0.00935,0.59211
CVE-2021-38895,0.00445,0.36201
CVE-2021-38896,0.00653,0.49225
CVE-2021-38899,0.00273,0.17627
CVE-2021-38900,0.0113,0.65046
CVE-2021-38901,0.00215,0.10725
CVE-2021-38903,0.00967,0.60285
CVE-2021-38904,0.01798,0.7757
CVE-2021-38905,0.00925,0.58859
CVE-2021-38909,0.00708,0.51574
CVE-2021-38910,0.01119,0.64789
CVE-2021-38911,0.00523,0.42043
CVE-2021-38915,0.00507,0.40823
CVE-2021-38917,0.01476,0.72797
CVE-2021-38918,0.0121,0.67206
CVE-2021-38919,0.0109,0.63996
CVE-2021-38921,0.00665,0.49781
CVE-2021-38923,0.01056,0.63021
CVE-2021-38924,0.01006,0.61522
CVE-2021-38925,0.00687,0.5075
CVE-2021-38926,0.00323,0.22811
CVE-2021-38927,0.00343,0.25186
CVE-2021-38928,0.00381,0.29512
CVE-2021-38929,0.015,0.73236
CVE-2021-38930,0.015,0.73236
CVE-2021-38931,0.01159,0.65793
CVE-2021-38933,0.00388,0.30263
CVE-2021-38934,0.00471,0.38205
CVE-2021-38935,0.01033,0.62343
CVE-2021-38936,0.00834,0.55964
CVE-2021-38937,0.00952,0.59766
CVE-2021-38938,0.00166,0.0527
CVE-2021-38939,0.0084,0.56159
CVE-2021-38941,0.0092,0.58699
CVE-2021-38944,0.00577,0.45344
CVE-2021-38945,0.01716,0.76492
CVE-2021-38946,0.00686,0.50675
CVE-2021-38947,0.00665,0.49782
CVE-2021-38948,0.02037,0.80311
CVE-2021-38949,0.00165,0.05052
CVE-2021-38950,0.00229,0.1235
CVE-2021-38951,0.01521,0.73563
CVE-2021-38952,0.0048,0.389
CVE-2021-38954,0.00676,0.50277
CVE-2021-38955,0.00215,0.10696
CVE-2021-38956,0.00913,0.5848
CVE-2021-38957,0.00969,0.60337
CVE-2021-38958,0.00219,0.11114
CVE-2021-38959,0.00224,0.11762
CVE-2021-38960,0.01063,0.6325
CVE-2021-38961,0.00632,0.4818
CVE-2021-38963,0.00638,0.48467
CVE-2021-38965,0.01761,0.77097
CVE-2021-38966,0.0048,0.389
CVE-2021-38967,0.00261,0.16086
CVE-2021-38969,0.00715,0.51833
CVE-2021-38971,0.00917,0.58607
CVE-2021-38972,0.0063,0.48091
CVE-2021-38973,0.00593,0.46161
CVE-2021-38974,0.01003,0.61423
CVE-2021-38975,0.00965,0.60179
CVE-2021-38976,0.00238,0.1332
CVE-2021-38977,0.00532,0.42637
CVE-2021-38978,0.00885,0.57596
CVE-2021-38979,0.00714,0.51764
CVE-2021-38980,0.01232,0.67758
CVE-2021-38981,0.01369,0.70785
CVE-2021-38982,0.00532,0.42677
CVE-2021-38983,0.00905,0.58241
CVE-2021-38984,0.00633,0.48249
CVE-2021-38985,0.0063,0.48091
CVE-2021-38986,0.00466,0.3778
CVE-2021-38988,0.0022,0.11346
CVE-2021-38989,0.0022,0.11347
CVE-2021-38990,0.00286,0.18916
CVE-2021-38991,0.00271,0.17384
CVE-2021-38993,0.00217,0.10913
CVE-2021-38994,0.00233,0.12798
CVE-2021-38995,0.00233,0.12798
CVE-2021-38996,0.00217,0.10913
CVE-2021-38997,0.00392,0.307
CVE-2021-38999,0.00226,0.12016
CVE-2021-39000,0.00668,0.49885
CVE-2021-39002,0.0089,0.57726
CVE-2021-39006,0.00878,0.57408
CVE-2021-39008,0.00595,0.46271
CVE-2021-39009,0.00182,0.06964
CVE-2021-39011,0.00585,0.45747
CVE-2021-39013,0.00785,0.54287
CVE-2021-39014,0.00365,0.27754
CVE-2021-39015,0.00481,0.38987
CVE-2021-39016,0.00564,0.44598
CVE-2021-39017,0.00879,0.57445
CVE-2021-39018,0.00635,0.48342
CVE-2021-39019,0.00819,0.55498
CVE-2021-39020,0.00504,0.4063
CVE-2021-39021,0.00537,0.42962
CVE-2021-39022,0.0049,0.39696
CVE-2021-39023,0.00864,0.56957
CVE-2021-39024,0.00384,0.29852
CVE-2021-39025,0.00584,0.45727
CVE-2021-39026,0.0051,0.41107
CVE-2021-39027,0.00346,0.25586
CVE-2021-39028,0.00542,0.43304
CVE-2021-39031,0.02017,0.80125
CVE-2021-39032,0.00252,0.15009
CVE-2021-39033,0.01048,0.62789
CVE-2021-39034,0.01174,0.66257
CVE-2021-39035,0.00506,0.40743
CVE-2021-39036,0.00528,0.42385
CVE-2021-39038,0.00603,0.46708
CVE-2021-39040,0.00777,0.54023
CVE-2021-39041,0.00962,0.60074
CVE-2021-39043,0.00472,0.38351
CVE-2021-39044,0.00384,0.29841
CVE-2021-39045,0.00212,0.10355
CVE-2021-39046,0.00926,0.58891
CVE-2021-39047,0.00894,0.5788
CVE-2021-39048,0.00277,0.18102
CVE-2021-39049,0.00299,0.20222
CVE-2021-39050,0.00299,0.20222
CVE-2021-39051,0.00851,0.56527
CVE-2021-39052,0.01139,0.65273
CVE-2021-39053,0.0168,0.75983
CVE-2021-39054,0.00587,0.45882
CVE-2021-39055,0.0048,0.38899
CVE-2021-39056,0.01311,0.69516
CVE-2021-39057,0.00486,0.39373
CVE-2021-39058,0.00665,0.49781
CVE-2021-39059,0.00472,0.38351
CVE-2021-39063,0.00659,0.49518
CVE-2021-39064,0.01388,0.71156
CVE-2021-39065,0.02167,0.81521
CVE-2021-39066,0.00643,0.48754
CVE-2021-39068,0.00515,0.41509
CVE-2021-39070,0.01805,0.77671
CVE-2021-39072,0.01283,0.68895
CVE-2021-39074,0.00607,0.46912
CVE-2021-39076,0.0057,0.44977
CVE-2021-39077,0.00129,0.02128
CVE-2021-39078,0.00144,0.03042
CVE-2021-39079,0.0048,0.38901
CVE-2021-39080,0.00665,0.49753
CVE-2021-39081,0.00327,0.23282
CVE-2021-39082,0.00665,0.49782
CVE-2021-39085,0.00924,0.5882
CVE-2021-39086,0.00937,0.59284
CVE-2021-39087,0.00645,0.48825
CVE-2021-39088,0.00188,0.07538
CVE-2021-39089,0.00692,0.50915
CVE-2021-39090,0.00449,0.36515
CVE-2021-39109,0.01669,0.7582
CVE-2021-39111,0.01329,0.69909
CVE-2021-39112,0.00992,0.61081
CVE-2021-39113,0.02458,0.83789
CVE-2021-39114,0.01683,0.76037
CVE-2021-39115,0.04483,0.91128
CVE-2021-39116,0.01075,0.63566
CVE-2021-39117,0.00635,0.48313
CVE-2021-39118,0.01422,0.71787
CVE-2021-39119,0.00752,0.53144
CVE-2021-39121,0.01141,0.65321
CVE-2021-39122,0.01401,0.71409
CVE-2021-39123,0.016,0.74803
CVE-2021-39124,0.00528,0.42367
CVE-2021-39125,0.01401,0.71409
CVE-2021-39126,0.00726,0.5223
CVE-2021-39127,0.01314,0.69586
CVE-2021-39128,0.01892,0.78757
CVE-2021-39131,0.01891,0.78744
CVE-2021-39132,0.01688,0.76108
CVE-2021-39133,0.00453,0.36832
CVE-2021-39134,0.00576,0.45283
CVE-2021-39135,0.00553,0.43917
CVE-2021-39136,0.00929,0.59005
CVE-2021-39137,0.01325,0.69826
CVE-2021-39138,0.00993,0.61113
CVE-2021-39139,0.0454,0.91225
CVE-2021-39140,0.05918,0.9299
CVE-2021-39141,0.16118,0.96815
CVE-2021-39143,0.00344,0.25349
CVE-2021-39144,0.98124,0.99912
CVE-2021-39145,0.04065,0.90311
CVE-2021-39146,0.143,0.96484
CVE-2021-39147,0.04735,0.91537
CVE-2021-39148,0.04735,0.91537
CVE-2021-39149,0.04735,0.91538
CVE-2021-39150,0.03437,0.88531
CVE-2021-39151,0.04735,0.91537
CVE-2021-39152,0.11377,0.95851
CVE-2021-39153,0.04457,0.91087
CVE-2021-39154,0.04735,0.91537
CVE-2021-39155,0.01186,0.66574
CVE-2021-39156,0.01177,0.6632
CVE-2021-39157,0.02068,0.80632
CVE-2021-39158,0.00498,0.40222
CVE-2021-39159,0.01928,0.79152
CVE-2021-39160,0.0173,0.76678
CVE-2021-39161,0.00413,0.32983
CVE-2021-39162,0.01638,0.75374
CVE-2021-39163,0.00896,0.57943
CVE-2021-39164,0.01457,0.72451
CVE-2021-39165,0.08172,0.94672
CVE-2021-39166,0.00781,0.54151
CVE-2021-39167,0.0159,0.74659
CVE-2021-39168,0.0159,0.7466
CVE-2021-39169,0.00736,0.52595
CVE-2021-39170,0.01245,0.6807
CVE-2021-39171,0.01323,0.69759
CVE-2021-39172,0.29172,0.98112
CVE-2021-39173,0.02362,0.83094
CVE-2021-39174,0.05011,0.91945
CVE-2021-39175,0.00602,0.46645
CVE-2021-39176,0.01891,0.78733
CVE-2021-39177,0.01431,0.71969
CVE-2021-39178,0.01139,0.65275
CVE-2021-39179,0.0192,0.79076
CVE-2021-39180,0.02441,0.83663
CVE-2021-39181,0.01909,0.78942
CVE-2021-39182,0.00562,0.44476
CVE-2021-39183,0.00747,0.53007
CVE-2021-39184,0.0105,0.62854
CVE-2021-39185,0.00594,0.46219
CVE-2021-39186,0.01006,0.61512
CVE-2021-39187,0.01819,0.77868
CVE-2021-39189,0.01356,0.70523
CVE-2021-39190,0.00581,0.45508
CVE-2021-39191,0.01735,0.76738
CVE-2021-39192,0.01019,0.61903
CVE-2021-39193,0.01189,0.66655
CVE-2021-39194,0.01658,0.75662
CVE-2021-39195,0.01062,0.632
CVE-2021-39196,0.01252,0.68231
CVE-2021-39197,0.00636,0.4837
CVE-2021-39198,0.00313,0.21706
CVE-2021-39199,0.01075,0.63573
CVE-2021-39200,0.01968,0.79572
CVE-2021-39201,0.01494,0.73114
CVE-2021-39202,0.0082,0.55532
CVE-2021-39203,0.00941,0.59387
CVE-2021-39204,0.01662,0.75731
CVE-2021-39205,0.01226,0.67626
CVE-2021-39206,0.01457,0.72436
CVE-2021-39207,0.01794,0.77528
CVE-2021-39208,0.01192,0.66728
CVE-2021-39209,0.00533,0.42713
CVE-2021-39210,0.01014,0.6179
CVE-2021-39211,0.04699,0.91484
CVE-2021-39212,0.00353,0.26397
CVE-2021-39213,0.01055,0.63006
CVE-2021-39214,0.01055,0.63007
CVE-2021-39215,0.01235,0.67824
CVE-2021-39216,0.00307,0.21073
CVE-2021-39217,0.01319,0.69686
CVE-2021-39218,0.003,0.20394
CVE-2021-39219,0.00361,0.27334
CVE-2021-39220,0.00784,0.54265
CVE-2021-39221,0.00521,0.41898
CVE-2021-39222,0.01098,0.64266
CVE-2021-39223,0.01055,0.6301
CVE-2021-39224,0.00877,0.57389
CVE-2021-39225,0.01336,0.70064
CVE-2021-39226,0.99933,0.99969
CVE-2021-39227,0.01391,0.71226
CVE-2021-39228,0.01349,0.70352
CVE-2021-39229,0.01891,0.78744
CVE-2021-39230,0.00763,0.53574
CVE-2021-39231,0.02372,0.8316
CVE-2021-39232,0.01686,0.76088
CVE-2021-39233,0.02372,0.8316
CVE-2021-39234,0.01412,0.71612
CVE-2021-39235,0.01551,0.74084
CVE-2021-39236,0.02586,0.84636
CVE-2021-39237,0.02358,0.83073
CVE-2021-39238,0.12135,0.96018
CVE-2021-39239,0.04342,0.90867
CVE-2021-39240,0.02319,0.8277
CVE-2021-39241,0.0177,0.77235
CVE-2021-39242,0.02341,0.8294
CVE-2021-39243,0.00535,0.42847
CVE-2021-39244,0.03484,0.88688
CVE-2021-39245,0.01346,0.70286
CVE-2021-39246,0.00475,0.38582
CVE-2021-39247,0.00922,0.58769
CVE-2021-39248,0.00624,0.47809
CVE-2021-39249,0.00768,0.53754
CVE-2021-39250,0.00815,0.5535
CVE-2021-39251,0.00416,0.33389
CVE-2021-39252,0.00426,0.34348
CVE-2021-39253,0.00423,0.3411
CVE-2021-39254,0.00436,0.35351
CVE-2021-39255,0.00421,0.33898
CVE-2021-39256,0.00455,0.36975
CVE-2021-39257,0.00396,0.31179
CVE-2021-39258,0.00421,0.33898
CVE-2021-39259,0.00418,0.33585
CVE-2021-39260,0.00418,0.33586
CVE-2021-39261,0.00452,0.36747
CVE-2021-39262,0.00418,0.33585
CVE-2021-39263,0.00452,0.36747
CVE-2021-39267,0.01969,0.79586
CVE-2021-39268,0.01372,0.70829
CVE-2021-39270,0.0041,0.32659
CVE-2021-39271,0.03679,0.89277
CVE-2021-39272,0.00925,0.58871
CVE-2021-39273,0.02671,0.85182
CVE-2021-39274,0.03123,0.87342
CVE-2021-39275,0.39402,0.98562
CVE-2021-39278,0.00937,0.59265
CVE-2021-39279,0.04613,0.91359
CVE-2021-39280,0.02313,0.82721
CVE-2021-39282,0.01532,0.73738
CVE-2021-39283,0.00865,0.56988
CVE-2021-39285,0.00775,0.53983
CVE-2021-39286,0.00699,0.5121
CVE-2021-39289,0.01078,0.63655
CVE-2021-39290,0.01529,0.73693
CVE-2021-39291,0.0151,0.73404
CVE-2021-39293,0.06934,0.93883
CVE-2021-39295,0.01282,0.68881
CVE-2021-39296,0.0301,0.86892
CVE-2021-39297,0.00441,0.35777
CVE-2021-39298,0.00445,0.36142
CVE-2021-39299,0.00423,0.34114
CVE-2021-39300,0.00423,0.34114
CVE-2021-39301,0.00441,0.35777
CVE-2021-39302,0.00947,0.59604
CVE-2021-39303,0.01725,0.76603
CVE-2021-39304,0.01014,0.6179
CVE-2021-39306,0.01265,0.68543
CVE-2021-39307,0.01116,0.64698
CVE-2021-39308,0.00757,0.53329
CVE-2021-39309,0.00757,0.53331
CVE-2021-39310,0.00757,0.5333
CVE-2021-39311,0.00757,0.5333
CVE-2021-39312,0.77944,0.99559
CVE-2021-39313,0.00757,0.53331
CVE-2021-39314,0.00757,0.53329
CVE-2021-39315,0.00757,0.5333
CVE-2021-39316,0.65763,0.99246
CVE-2021-39317,0.01706,0.76363
CVE-2021-39318,0.00757,0.5333
CVE-2021-39319,0.00757,0.53329
CVE-2021-39320,0.02324,0.82807
CVE-2021-39321,0.02041,0.80362
CVE-2021-39322,0.02349,0.82999
CVE-2021-39325,0.00905,0.58207
CVE-2021-39327,0.71688,0.99404
CVE-2021-39328,0.00915,0.58555
CVE-2021-39329,0.01037,0.62468
CVE-2021-39332,0.00525,0.42177
CVE-2021-39333,0.0105,0.62844
CVE-2021-39334,0.00909,0.5835
CVE-2021-39335,0.00909,0.5835
CVE-2021-39336,0.00909,0.5835
CVE-2021-39337,0.00909,0.5835
CVE-2021-39338,0.00946,0.59574
CVE-2021-39339,0.01377,0.70944
CVE-2021-39340,0.0093,0.59043
CVE-2021-39341,0.21929,0.9758
CVE-2021-39342,0.00767,0.53693
CVE-2021-39343,0.01037,0.62468
CVE-2021-39344,0.01079,0.63681
CVE-2021-39345,0.00953,0.59783
CVE-2021-39346,0.00975,0.60578
CVE-2021-39347,0.0067,0.49968
CVE-2021-39348,0.05202,0.92191
CVE-2021-39349,0.01136,0.65186
CVE-2021-39350,0.02248,0.82202
CVE-2021-39351,0.01133,0.65108
CVE-2021-39352,0.56259,0.99022
CVE-2021-39353,0.00721,0.52041
CVE-2021-39354,0.00932,0.59113
CVE-2021-39355,0.00989,0.60993
CVE-2021-39356,0.00989,0.60994
CVE-2021-39357,0.00915,0.58554
CVE-2021-39358,0.00708,0.51577
CVE-2021-39359,0.01097,0.64248
CVE-2021-39360,0.0074,0.52771
CVE-2021-39361,0.00555,0.44027
CVE-2021-39362,0.00581,0.45512
CVE-2021-39363,0.01418,0.71721
CVE-2021-39364,0.01047,0.62785
CVE-2021-39365,0.00866,0.57031
CVE-2021-39367,0.00815,0.5534
CVE-2021-39368,0.00662,0.49644
CVE-2021-39369,0.00864,0.56971
CVE-2021-39371,0.01524,0.73616
CVE-2021-39373,0.00342,0.25119
CVE-2021-39375,0.0125,0.68196
CVE-2021-39376,0.0125,0.68196
CVE-2021-39377,0.03604,0.8906
CVE-2021-39378,0.22669,0.97652
CVE-2021-39379,0.03704,0.8935
CVE-2021-39383,0.03067,0.87122
CVE-2021-39384,0.01214,0.67319
CVE-2021-39390,0.00669,0.49955
CVE-2021-39391,0.00795,0.54649
CVE-2021-39392,0.02259,0.82279
CVE-2021-39393,0.00584,0.45722
CVE-2021-39394,0.00323,0.22855
CVE-2021-39402,0.01329,0.69906
CVE-2021-39404,0.00524,0.42097
CVE-2021-39408,0.01313,0.69542
CVE-2021-39409,0.02783,0.85834
CVE-2021-39411,0.00914,0.58514
CVE-2021-39412,0.00581,0.4551
CVE-2021-39413,0.00837,0.56073
CVE-2021-39416,0.0113,0.65044
CVE-2021-39420,0.00662,0.49643
CVE-2021-39421,0.00433,0.35062
CVE-2021-39425,0.00501,0.40465
CVE-2021-39426,0.00884,0.5757
CVE-2021-39427,0.00459,0.3728
CVE-2021-39428,0.00539,0.43066
CVE-2021-39432,0.00694,0.50997
CVE-2021-39433,0.08687,0.94955
CVE-2021-39434,0.00545,0.43449
CVE-2021-39458,0.01191,0.66694
CVE-2021-39459,0.04894,0.91772
CVE-2021-39473,0.00653,0.49214
CVE-2021-39474,0.0201,0.80066
CVE-2021-39480,0.0105,0.6284
CVE-2021-39486,0.00569,0.44873
CVE-2021-39491,0.00493,0.39848
CVE-2021-39496,0.00629,0.48001
CVE-2021-39497,0.02358,0.83068
CVE-2021-39499,0.01214,0.67304
CVE-2021-39500,0.01462,0.72536
CVE-2021-39501,0.03588,0.8901
CVE-2021-39503,0.0282,0.86021
CVE-2021-39509,0.05098,0.92064
CVE-2021-39510,0.08624,0.94921
CVE-2021-39514,0.00846,0.56355
CVE-2021-39515,0.00857,0.56738
CVE-2021-39516,0.00846,0.56355
CVE-2021-39517,0.00856,0.56705
CVE-2021-39518,0.00866,0.57037
CVE-2021-39519,0.00866,0.57043
CVE-2021-39520,0.00856,0.56705
CVE-2021-39521,0.00866,0.57043
CVE-2021-39522,0.01077,0.63633
CVE-2021-39523,0.00857,0.56738
CVE-2021-39525,0.01065,0.633
CVE-2021-39527,0.01065,0.633
CVE-2021-39528,0.01077,0.6364
CVE-2021-39530,0.01077,0.63634
CVE-2021-39531,0.01271,0.68644
CVE-2021-39532,0.00857,0.56738
CVE-2021-39533,0.01271,0.68645
CVE-2021-39534,0.01271,0.68645
CVE-2021-39535,0.00857,0.56738
CVE-2021-39536,0.01065,0.633
CVE-2021-39537,0.03231,0.87773
CVE-2021-39538,0.00635,0.48307
CVE-2021-39539,0.00635,0.48304
CVE-2021-39540,0.01052,0.62906
CVE-2021-39541,0.00635,0.48306
CVE-2021-39542,0.00635,0.48307
CVE-2021-39543,0.00635,0.48306
CVE-2021-39544,0.00764,0.53591
CVE-2021-39545,0.00635,0.48304
CVE-2021-39546,0.00764,0.5359
CVE-2021-39547,0.00635,0.48307
CVE-2021-39548,0.00635,0.48305
CVE-2021-39549,0.00635,0.48305
CVE-2021-39550,0.00764,0.5359
CVE-2021-39551,0.00764,0.53591
CVE-2021-39552,0.00764,0.5359
CVE-2021-39553,0.00635,0.48305
CVE-2021-39554,0.00635,0.48304
CVE-2021-39555,0.00635,0.48302
CVE-2021-39556,0.00635,0.48303
CVE-2021-39557,0.00635,0.48303
CVE-2021-39558,0.01052,0.62904
CVE-2021-39559,0.00635,0.48304
CVE-2021-39561,0.01052,0.62904
CVE-2021-39562,0.00635,0.48305
CVE-2021-39563,0.00635,0.48308
CVE-2021-39564,0.01052,0.62906
CVE-2021-39569,0.01052,0.62906
CVE-2021-39574,0.01052,0.62906
CVE-2021-39575,0.00635,0.48307
CVE-2021-39577,0.01052,0.62905
CVE-2021-39579,0.01095,0.64159
CVE-2021-39582,0.01095,0.64159
CVE-2021-39583,0.0066,0.49581
CVE-2021-39584,0.0066,0.49583
CVE-2021-39585,0.0066,0.49581
CVE-2021-39587,0.0066,0.49581
CVE-2021-39588,0.0066,0.49582
CVE-2021-39589,0.0066,0.49582
CVE-2021-39590,0.0066,0.49582
CVE-2021-39591,0.0066,0.49582
CVE-2021-39592,0.0066,0.49583
CVE-2021-39593,0.0066,0.49584
CVE-2021-39594,0.0066,0.49583
CVE-2021-39595,0.01095,0.64159
CVE-2021-39596,0.0066,0.49583
CVE-2021-39597,0.0066,0.49584
CVE-2021-39598,0.0066,0.4958
CVE-2021-39599,0.00641,0.48637
CVE-2021-39602,0.00848,0.56401
CVE-2021-39608,0.45948,0.98766
CVE-2021-39609,0.017,0.76275
CVE-2021-39613,0.01714,0.76475
CVE-2021-39614,0.01679,0.75972
CVE-2021-39615,0.02196,0.81777
CVE-2021-39616,0.00583,0.45668
CVE-2021-39618,0.00122,0.01721
CVE-2021-39619,0.00133,0.02347
CVE-2021-39620,0.00119,0.01588
CVE-2021-39621,0.00128,0.02088
CVE-2021-39622,0.00124,0.01815
CVE-2021-39623,0.02041,0.80361
CVE-2021-39624,0.0011,0.01151
CVE-2021-39625,0.0013,0.02182
CVE-2021-39626,0.00162,0.0472
CVE-2021-39627,0.00128,0.02088
CVE-2021-39628,0.00117,0.01473
CVE-2021-39629,0.00092,0.00503
CVE-2021-39630,0.00125,0.01872
CVE-2021-39631,0.00111,0.01203
CVE-2021-39632,0.00122,0.01721
CVE-2021-39633,0.0018,0.06847
CVE-2021-39634,0.00155,0.03944
CVE-2021-39635,0.005,0.40419
CVE-2021-39636,0.00219,0.11136
CVE-2021-39637,0.00119,0.01568
CVE-2021-39638,0.00118,0.01542
CVE-2021-39639,0.00125,0.01893
CVE-2021-39640,0.001,0.00798
CVE-2021-39641,0.00453,0.36819
CVE-2021-39642,0.00086,0.0031
CVE-2021-39643,0.00119,0.01579
CVE-2021-39644,0.00453,0.36819
CVE-2021-39645,0.00543,0.43319
CVE-2021-39646,0.00411,0.32756
CVE-2021-39647,0.00094,0.0057
CVE-2021-39648,0.00161,0.04609
CVE-2021-39649,0.00094,0.00558
CVE-2021-39650,0.00118,0.01542
CVE-2021-39651,0.0011,0.01154
CVE-2021-39652,0.00123,0.01774
CVE-2021-39653,0.00119,0.01567
CVE-2021-39655,0.00453,0.36819
CVE-2021-39656,0.0012,0.01639
CVE-2021-39657,0.00154,0.03845
CVE-2021-39658,0.00573,0.45144
CVE-2021-39659,0.00109,0.01113
CVE-2021-39660,0.00074,0.00064
CVE-2021-39661,0.00104,0.00944
CVE-2021-39662,0.00113,0.01304
CVE-2021-39663,0.0015,0.03527
CVE-2021-39664,0.00128,0.02089
CVE-2021-39665,0.00693,0.50976
CVE-2021-39666,0.00111,0.01204
CVE-2021-39667,0.00726,0.52235
CVE-2021-39668,0.00132,0.02308
CVE-2021-39669,0.00095,0.00583
CVE-2021-39670,0.00184,0.07133
CVE-2021-39671,0.0049,0.39694
CVE-2021-39672,0.00133,0.02347
CVE-2021-39674,0.00148,0.03378
CVE-2021-39675,0.05927,0.92998
CVE-2021-39676,0.00123,0.01777
CVE-2021-39677,0.00392,0.3075
CVE-2021-39678,0.00135,0.02441
CVE-2021-39679,0.00089,0.00398
CVE-2021-39680,0.00115,0.01381
CVE-2021-39681,0.00115,0.01381
CVE-2021-39682,0.00122,0.01721
CVE-2021-39683,0.00121,0.01696
CVE-2021-39684,0.00128,0.02051
CVE-2021-39685,0.00461,0.37416
CVE-2021-39686,0.00152,0.03659
CVE-2021-39687,0.00117,0.01473
CVE-2021-39688,0.00111,0.01206
CVE-2021-39689,0.00105,0.00988
CVE-2021-39690,0.00135,0.02454
CVE-2021-39691,0.00111,0.01197
CVE-2021-39692,0.00746,0.5295
CVE-2021-39693,0.00132,0.02299
CVE-2021-39694,0.00128,0.02057
CVE-2021-39695,0.00134,0.02404
CVE-2021-39696,0.00236,0.13079
CVE-2021-39697,0.00128,0.02057
CVE-2021-39698,0.00247,0.14374
CVE-2021-39700,0.00115,0.01378
CVE-2021-39701,0.00398,0.31395
CVE-2021-39702,0.00334,0.24218
CVE-2021-39703,0.00126,0.01956
CVE-2021-39704,0.00201,0.08994
CVE-2021-39706,0.00657,0.49415
CVE-2021-39707,0.00126,0.01957
CVE-2021-39708,0.0123,0.67723
CVE-2021-39709,0.00133,0.02347
CVE-2021-39710,0.00518,0.41727
CVE-2021-39711,0.00154,0.03885
CVE-2021-39712,0.00094,0.00567
CVE-2021-39713,0.00207,0.09675
CVE-2021-39714,0.00229,0.12319
CVE-2021-39715,0.00138,0.02623
CVE-2021-39716,0.00392,0.30751
CVE-2021-39717,0.00113,0.01312
CVE-2021-39718,0.00113,0.01286
CVE-2021-39719,0.00113,0.01286
CVE-2021-39720,0.00518,0.41726
CVE-2021-39721,0.0011,0.01189
CVE-2021-39722,0.00113,0.01312
CVE-2021-39723,0.00518,0.41727
CVE-2021-39724,0.00113,0.01311
CVE-2021-39725,0.0011,0.01189
CVE-2021-39726,0.00755,0.53274
CVE-2021-39727,0.00095,0.00584
CVE-2021-39729,0.00113,0.01287
CVE-2021-39730,0.00113,0.01312
CVE-2021-39731,0.00113,0.01287
CVE-2021-39732,0.00113,0.01309
CVE-2021-39733,0.00113,0.01287
CVE-2021-39734,0.00104,0.00942
CVE-2021-39735,0.00092,0.0049
CVE-2021-39736,0.00113,0.01286
CVE-2021-39737,0.00518,0.41727
CVE-2021-39738,0.00123,0.01793
CVE-2021-39739,0.0011,0.01162
CVE-2021-39740,0.00112,0.01248
CVE-2021-39741,0.00113,0.0131
CVE-2021-39742,0.00317,0.22078
CVE-2021-39743,0.00104,0.00941
CVE-2021-39744,0.00111,0.01202
CVE-2021-39745,0.00111,0.01202
CVE-2021-39746,0.00113,0.0131
CVE-2021-39747,0.00105,0.00997
CVE-2021-39748,0.00104,0.00964
CVE-2021-39749,0.00205,0.09363
CVE-2021-39750,0.00104,0.00942
CVE-2021-39751,0.00104,0.00965
CVE-2021-39752,0.00114,0.01351
CVE-2021-39753,0.00104,0.00965
CVE-2021-39754,0.00111,0.01208
CVE-2021-39755,0.00111,0.01204
CVE-2021-39756,0.00111,0.01208
CVE-2021-39757,0.00112,0.01248
CVE-2021-39758,0.00104,0.00941
CVE-2021-39759,0.00113,0.01311
CVE-2021-39760,0.00111,0.01205
CVE-2021-39761,0.00111,0.01206
CVE-2021-39762,0.00755,0.53275
CVE-2021-39763,0.00113,0.01309
CVE-2021-39764,0.00329,0.23406
CVE-2021-39765,0.00126,0.01949
CVE-2021-39766,0.00111,0.01204
CVE-2021-39767,0.00113,0.0131
CVE-2021-39768,0.0012,0.01624
CVE-2021-39769,0.00104,0.00966
CVE-2021-39770,0.00104,0.00965
CVE-2021-39771,0.00329,0.23406
CVE-2021-39772,0.00205,0.09374
CVE-2021-39773,0.00111,0.01205
CVE-2021-39774,0.00105,0.00976
CVE-2021-39775,0.00111,0.01208
CVE-2021-39776,0.00111,0.01221
CVE-2021-39777,0.00111,0.01207
CVE-2021-39778,0.00112,0.01269
CVE-2021-39779,0.00104,0.00966
CVE-2021-39780,0.00319,0.22335
CVE-2021-39781,0.00114,0.01351
CVE-2021-39782,0.00104,0.00941
CVE-2021-39783,0.00104,0.00943
CVE-2021-39784,0.00104,0.0094
CVE-2021-39786,0.00113,0.01288
CVE-2021-39787,0.0038,0.29384
CVE-2021-39788,0.00111,0.01206
CVE-2021-39789,0.00104,0.00941
CVE-2021-39790,0.00316,0.22066
CVE-2021-39791,0.00111,0.01207
CVE-2021-39792,0.00095,0.00585
CVE-2021-39793,0.00685,0.50662
CVE-2021-39794,0.00353,0.26468
CVE-2021-39796,0.00167,0.05305
CVE-2021-39797,0.00121,0.01693
CVE-2021-39798,0.0012,0.01646
CVE-2021-39799,0.00122,0.01737
CVE-2021-39800,0.00145,0.03169
CVE-2021-39801,0.00122,0.01718
CVE-2021-39802,0.00154,0.03876
CVE-2021-39803,0.00649,0.4905
CVE-2021-39804,0.00425,0.34257
CVE-2021-39805,0.00272,0.17611
CVE-2021-39806,0.00104,0.0096
CVE-2021-39807,0.0011,0.01184
CVE-2021-39808,0.0011,0.01184
CVE-2021-39809,0.00755,0.53275
CVE-2021-39810,0.00112,0.01261
CVE-2021-39812,0.0012,0.01646
CVE-2021-39814,0.0012,0.01613
CVE-2021-39815,0.00405,0.32118
CVE-2021-39816,0.02703,0.85367
CVE-2021-39817,0.02703,0.85368
CVE-2021-39818,0.01714,0.76466
CVE-2021-39819,0.01714,0.76466
CVE-2021-39820,0.03452,0.88582
CVE-2021-39821,0.03967,0.90098
CVE-2021-39822,0.00294,0.19701
CVE-2021-39823,0.04249,0.90699
CVE-2021-39824,0.01753,0.76992
CVE-2021-39825,0.01872,0.78519
CVE-2021-39826,0.02069,0.8065
CVE-2021-39827,0.01503,0.73274
CVE-2021-39828,0.01503,0.73282
CVE-2021-39829,0.02222,0.81988
CVE-2021-39830,0.01959,0.79495
CVE-2021-39831,0.02169,0.8154
CVE-2021-39832,0.01959,0.79495
CVE-2021-39833,0.0133,0.69922
CVE-2021-39834,0.0133,0.69922
CVE-2021-39835,0.0154,0.7389
CVE-2021-39836,0.69538,0.99344
CVE-2021-39837,0.65249,0.99231
CVE-2021-39838,0.65249,0.99232
CVE-2021-39839,0.65249,0.99232
CVE-2021-39840,0.50626,0.98882
CVE-2021-39841,0.11701,0.95929
CVE-2021-39842,0.17352,0.97016
CVE-2021-39843,0.76678,0.99531
CVE-2021-39844,0.03086,0.87197
CVE-2021-39845,0.02591,0.84689
CVE-2021-39846,0.02591,0.84689
CVE-2021-39847,0.05399,0.924
CVE-2021-39849,0.01943,0.79332
CVE-2021-39850,0.01943,0.79331
CVE-2021-39851,0.01943,0.79332
CVE-2021-39852,0.01943,0.79331
CVE-2021-39853,0.02192,0.81722
CVE-2021-39854,0.02405,0.83397
CVE-2021-39855,0.02363,0.83102
CVE-2021-39856,0.02363,0.83102
CVE-2021-39857,0.02517,0.84197
CVE-2021-39858,0.02459,0.83798
CVE-2021-39859,0.00437,0.35508
CVE-2021-39860,0.02417,0.83493
CVE-2021-39861,0.02537,0.84322
CVE-2021-39862,0.01501,0.73244
CVE-2021-39863,0.13191,0.96242
CVE-2021-39864,0.01619,0.75085
CVE-2021-39865,0.02172,0.81556
CVE-2021-39866,0.00983,0.60789
CVE-2021-39867,0.00893,0.57829
CVE-2021-39868,0.00895,0.57923
CVE-2021-39869,0.01268,0.68584
CVE-2021-39870,0.00957,0.599
CVE-2021-39871,0.0093,0.59041
CVE-2021-39872,0.00989,0.60996
CVE-2021-39873,0.00905,0.58241
CVE-2021-39874,0.01048,0.62799
CVE-2021-39875,0.01171,0.66149
CVE-2021-39876,0.00935,0.59216
CVE-2021-39877,0.01042,0.62635
CVE-2021-39878,0.00805,0.55024
CVE-2021-39879,0.00412,0.32907
CVE-2021-39880,0.01845,0.78176
CVE-2021-39881,0.00875,0.57331
CVE-2021-39882,0.00579,0.4544
CVE-2021-39883,0.00772,0.5387
CVE-2021-39884,0.01002,0.61409
CVE-2021-39885,0.00982,0.60775
CVE-2021-39886,0.00563,0.44571
CVE-2021-39887,0.00864,0.56979
CVE-2021-39888,0.0104,0.62555
CVE-2021-39889,0.00833,0.55936
CVE-2021-39890,0.01068,0.63407
CVE-2021-39891,0.01003,0.61424
CVE-2021-39892,0.01228,0.67661
CVE-2021-39893,0.01129,0.6504
CVE-2021-39894,0.00613,0.47223
CVE-2021-39895,0.01016,0.61857
CVE-2021-39896,0.00618,0.47512
CVE-2021-39897,0.01034,0.62412
CVE-2021-39898,0.01287,0.68976
CVE-2021-39899,0.00257,0.15651
CVE-2021-39900,0.00626,0.47879
CVE-2021-39901,0.00943,0.59476
CVE-2021-39902,0.00788,0.54403
CVE-2021-39903,0.01135,0.65161
CVE-2021-39904,0.00849,0.56456
CVE-2021-39905,0.00975,0.60568
CVE-2021-39906,0.60729,0.99123
CVE-2021-39907,0.01484,0.72962
CVE-2021-39908,0.0127,0.68619
CVE-2021-39909,0.00613,0.47252
CVE-2021-39910,0.00955,0.59841
CVE-2021-39911,0.00787,0.54369
CVE-2021-39912,0.01484,0.72961
CVE-2021-39913,0.00291,0.19393
CVE-2021-39914,0.0107,0.63463
CVE-2021-39915,0.01134,0.65137
CVE-2021-39916,0.00806,0.55048
CVE-2021-39917,0.01328,0.69894
CVE-2021-39918,0.00738,0.52668
CVE-2021-39919,0.00292,0.19517
CVE-2021-39920,0.03289,0.88023
CVE-2021-39921,0.03373,0.88319
CVE-2021-39922,0.05347,0.92347
CVE-2021-39923,0.01579,0.74501
CVE-2021-39924,0.05294,0.92292
CVE-2021-39925,0.08139,0.94654
CVE-2021-39926,0.07808,0.94465
CVE-2021-39927,0.00573,0.45099
CVE-2021-39928,0.0591,0.9298
CVE-2021-39929,0.0381,0.89665
CVE-2021-39930,0.00806,0.55048
CVE-2021-39931,0.00858,0.56785
CVE-2021-39932,0.0086,0.5685
CVE-2021-39933,0.0142,0.71758
CVE-2021-39934,0.00906,0.58251
CVE-2021-39935,0.35649,0.9841
CVE-2021-39936,0.01025,0.62137
CVE-2021-39937,0.00783,0.54226
CVE-2021-39938,0.00892,0.57829
CVE-2021-39939,0.00907,0.58287
CVE-2021-39940,0.0146,0.72496
CVE-2021-39941,0.01182,0.66475
CVE-2021-39942,0.01409,0.71558
CVE-2021-39943,0.00869,0.57118
CVE-2021-39944,0.00916,0.58584
CVE-2021-39945,0.00908,0.58313
CVE-2021-39946,0.01042,0.62605
CVE-2021-39947,0.00836,0.56014
CVE-2021-39966,0.00679,0.50392
CVE-2021-39967,0.00643,0.48761
CVE-2021-39968,0.00655,0.49339
CVE-2021-39969,0.00679,0.50392
CVE-2021-39970,0.00693,0.50955
CVE-2021-39971,0.00672,0.50081
CVE-2021-39972,0.00672,0.50081
CVE-2021-39973,0.00697,0.51115
CVE-2021-39974,0.00679,0.50392
CVE-2021-39975,0.00655,0.49338
CVE-2021-39976,0.00177,0.06556
CVE-2021-39977,0.00655,0.49339
CVE-2021-39978,0.00653,0.49241
CVE-2021-39979,0.01054,0.62989
CVE-2021-39980,0.00541,0.43189
CVE-2021-39981,0.00469,0.38062
CVE-2021-39982,0.00637,0.48437
CVE-2021-39983,0.00655,0.49343
CVE-2021-39984,0.00655,0.49342
CVE-2021-39985,0.00655,0.49342
CVE-2021-39986,0.00179,0.06679
CVE-2021-39987,0.00655,0.4934
CVE-2021-39988,0.00655,0.4934
CVE-2021-39989,0.00655,0.49337
CVE-2021-39990,0.00752,0.53175
CVE-2021-39991,0.00179,0.06678
CVE-2021-39992,0.00162,0.04761
CVE-2021-39993,0.00756,0.53326
CVE-2021-39994,0.00862,0.56891
CVE-2021-39995,0.00591,0.46095
CVE-2021-39996,0.00843,0.56236
CVE-2021-39997,0.00796,0.5468
CVE-2021-39998,0.00697,0.51115
CVE-2021-39999,0.00671,0.50009
CVE-2021-3002,0.04278,0.90755
CVE-2021-3003,0.00801,0.54833
CVE-2021-3004,0.01261,0.6844
CVE-2021-3005,0.00856,0.56714
CVE-2021-3006,0.01261,0.6844
CVE-2021-3007,0.75313,0.995
CVE-2021-3010,0.00862,0.56904
CVE-2021-3011,0.00197,0.08486
CVE-2021-3012,0.00662,0.49625
CVE-2021-3013,0.01934,0.79228
CVE-2021-3014,0.0093,0.59016
CVE-2021-3017,0.63023,0.99176
CVE-2021-3018,0.19506,0.97289
CVE-2021-3019,0.16622,0.96915
CVE-2021-3020,0.01227,0.67645
CVE-2021-3021,0.02117,0.81091
CVE-2021-3022,0.00129,0.02122
CVE-2021-3024,0.01355,0.70504
CVE-2021-3025,0.01407,0.71522
CVE-2021-3026,0.00634,0.48263
CVE-2021-3027,0.01174,0.6622
CVE-2021-3028,0.02821,0.8603
CVE-2021-3029,0.03022,0.86944
CVE-2021-3030,0.00265,0.16533
CVE-2021-3031,0.00542,0.4328
CVE-2021-3032,0.00207,0.09722
CVE-2021-3033,0.01211,0.67259
CVE-2021-3034,0.00168,0.0545
CVE-2021-3035,0.01295,0.69168
CVE-2021-3036,0.00248,0.14462
CVE-2021-3037,0.00253,0.15107
CVE-2021-3038,0.00219,0.11061
CVE-2021-3039,0.00537,0.42978
CVE-2021-3040,0.01295,0.69168
CVE-2021-3041,0.00248,0.14446
CVE-2021-3042,0.00248,0.14447
CVE-2021-3043,0.00634,0.4826
CVE-2021-3044,0.01406,0.71501
CVE-2021-3045,0.0079,0.54476
CVE-2021-3046,0.01116,0.64712
CVE-2021-3047,0.00452,0.36744
CVE-2021-3048,0.00843,0.56242
CVE-2021-3049,0.0049,0.39658
CVE-2021-3050,0.01779,0.77338
CVE-2021-3051,0.00581,0.45545
CVE-2021-3052,0.00628,0.47975
CVE-2021-3053,0.01008,0.61582
CVE-2021-3054,0.00918,0.58641
CVE-2021-3055,0.01073,0.63525
CVE-2021-3056,0.01537,0.73843
CVE-2021-3057,0.01429,0.7193
CVE-2021-3058,0.01649,0.75535
CVE-2021-3059,0.0154,0.73882
CVE-2021-3060,0.33875,0.98344
CVE-2021-3061,0.00859,0.56816
CVE-2021-3062,0.0072,0.52032
CVE-2021-3063,0.00933,0.59166
CVE-2021-3064,0.20111,0.9737
CVE-2021-3100,0.00367,0.27934
CVE-2021-3101,0.00391,0.3056
CVE-2021-3109,0.0076,0.5346
CVE-2021-3110,0.18653,0.97173
CVE-2021-3111,0.03008,0.86887
CVE-2021-3113,0.03162,0.87493
CVE-2021-3114,0.02689,0.85286
CVE-2021-3115,0.06497,0.93531
CVE-2021-3116,0.01673,0.75893
CVE-2021-3118,0.01834,0.78041
CVE-2021-3119,0.01558,0.74198
CVE-2021-3120,0.36781,0.98455
CVE-2021-3121,0.03478,0.8867
CVE-2021-3122,0.8727,0.99748
CVE-2021-3124,0.00903,0.58153
CVE-2021-3125,0.015,0.7324
CVE-2021-3127,0.01448,0.7227
CVE-2021-3128,0.02184,0.81655
CVE-2021-3129,0.99943,0.99972
CVE-2021-3130,0.01316,0.69628
CVE-2021-3131,0.00954,0.59801
CVE-2021-3133,0.009,0.58045
CVE-2021-3134,0.00417,0.33414
CVE-2021-3135,0.00828,0.55786
CVE-2021-3137,0.00735,0.52555
CVE-2021-3138,0.03073,0.87147
CVE-2021-3139,0.02649,0.85031
CVE-2021-3141,0.0022,0.11309
CVE-2021-3144,0.05239,0.92236
CVE-2021-3145,0.00531,0.4259
CVE-2021-3146,0.00425,0.34262
CVE-2021-3148,0.08246,0.94709
CVE-2021-3149,0.04526,0.91199
CVE-2021-3150,0.0063,0.48098
CVE-2021-3151,0.01221,0.67478
CVE-2021-3152,0.02294,0.82564
CVE-2021-3153,0.00653,0.49223
CVE-2021-3154,0.01239,0.6792
CVE-2021-3155,0.0026,0.15941
CVE-2021-3156,0.99962,0.99975
CVE-2021-3159,0.0052,0.41817
CVE-2021-3160,0.04673,0.91445
CVE-2021-3162,0.00174,0.06151
CVE-2021-3163,0.01311,0.69505
CVE-2021-3164,0.0415,0.90502
CVE-2021-3165,0.02217,0.81953
CVE-2021-3166,0.02879,0.8631
CVE-2021-3167,0.0111,0.64548
CVE-2021-3169,0.0275,0.85622
CVE-2021-3172,0.00645,0.48848
CVE-2021-3176,0.00875,0.57321
CVE-2021-3177,0.23293,0.97706
CVE-2021-3178,0.02417,0.83495
CVE-2021-3179,0.00441,0.3578
CVE-2021-3181,0.02796,0.85892
CVE-2021-3182,0.00914,0.58505
CVE-2021-3183,0.01426,0.71883
CVE-2021-3184,0.00772,0.53855
CVE-2021-3185,0.02377,0.83187
CVE-2021-3186,0.02506,0.84111
CVE-2021-3187,0.00644,0.48787
CVE-2021-3188,0.01788,0.77447
CVE-2021-3189,0.00526,0.4223
CVE-2021-3190,0.05323,0.92321
CVE-2021-3191,0.03597,0.89042
CVE-2021-3193,0.0977,0.95375
CVE-2021-3195,0.01181,0.6647
CVE-2021-3196,0.00963,0.60111
CVE-2021-3197,0.72327,0.99422
CVE-2021-3198,0.03307,0.88097
CVE-2021-3199,0.08215,0.94693
CVE-2021-3200,0.01313,0.69557
CVE-2021-3204,0.00946,0.59572
CVE-2021-3210,0.02697,0.85334
CVE-2021-3223,0.18512,0.97158
CVE-2021-3224,0.00538,0.43017
CVE-2021-3229,0.02709,0.85397
CVE-2021-3236,0.00297,0.20034
CVE-2021-3239,0.18393,0.97139
CVE-2021-3242,0.01227,0.67648
CVE-2021-3243,0.00725,0.52189
CVE-2021-3246,0.03292,0.88033
CVE-2021-3252,0.02588,0.84651
CVE-2021-3254,0.01767,0.77174
CVE-2021-3256,0.0089,0.57727
CVE-2021-3258,0.01644,0.75462
CVE-2021-3262,0.0103,0.62263
CVE-2021-3264,0.00875,0.5733
CVE-2021-3267,0.01256,0.68315
CVE-2021-3271,0.00931,0.59081
CVE-2021-3272,0.01107,0.64469
CVE-2021-3273,0.07212,0.94104
CVE-2021-3275,0.01788,0.77447
CVE-2021-3277,0.54579,0.98986
CVE-2021-3278,0.25273,0.97872
CVE-2021-3279,0.00839,0.56136
CVE-2021-3281,0.07605,0.94344
CVE-2021-3282,0.01299,0.6927
CVE-2021-3283,0.01453,0.72377
CVE-2021-3285,0.0114,0.65306
CVE-2021-3286,0.01035,0.62428
CVE-2021-3287,0.51332,0.98904
CVE-2021-3291,0.16782,0.96938
CVE-2021-3293,0.19901,0.97341
CVE-2021-3294,0.02849,0.86168
CVE-2021-3297,0.20514,0.97434
CVE-2021-3298,0.02144,0.81338
CVE-2021-3304,0.01616,0.75037
CVE-2021-3305,0.00335,0.24258
CVE-2021-3308,0.00414,0.33106
CVE-2021-3309,0.01696,0.76219
CVE-2021-3310,0.01008,0.61574
CVE-2021-3311,0.02903,0.86425
CVE-2021-3312,0.0129,0.69054
CVE-2021-3313,0.00978,0.60661
CVE-2021-3314,0.00926,0.58889
CVE-2021-3315,0.00465,0.37718
CVE-2021-3317,0.41394,0.9863
CVE-2021-3318,0.02848,0.86162
CVE-2021-3319,0.0088,0.57461
CVE-2021-3320,0.00846,0.56349
CVE-2021-3321,0.00761,0.53479
CVE-2021-3322,0.00544,0.43408
CVE-2021-3323,0.00924,0.58823
CVE-2021-3325,0.0223,0.82057
CVE-2021-3326,0.03093,0.87222
CVE-2021-3327,0.00656,0.49365
CVE-2021-3328,0.01805,0.77664
CVE-2021-3329,0.00616,0.47414
CVE-2021-3330,0.00608,0.46952
CVE-2021-3331,0.07611,0.94348
CVE-2021-3332,0.01815,0.7781
CVE-2021-3333,0.00757,0.53335
CVE-2021-3336,0.00793,0.54571
CVE-2021-3337,0.11467,0.95873
CVE-2021-3339,0.02019,0.80142
CVE-2021-3340,0.00792,0.54521
CVE-2021-3341,0.0128,0.68837
CVE-2021-3342,0.04181,0.90569
CVE-2021-3344,0.0117,0.66112
CVE-2021-3345,0.01064,0.63261
CVE-2021-3346,0.01594,0.74712
CVE-2021-3347,0.01365,0.70697
CVE-2021-3348,0.00261,0.1603
CVE-2021-3349,0.00346,0.25549
CVE-2021-3350,0.00765,0.53641
CVE-2021-3351,0.0052,0.41817
CVE-2021-3352,0.0104,0.62558
CVE-2021-3355,0.0725,0.94127
CVE-2021-3370,0.00562,0.44506
CVE-2021-3374,0.14424,0.96508
CVE-2021-3375,0.03546,0.88871
CVE-2021-3376,0.01103,0.64373
CVE-2021-3377,0.08,0.9457
CVE-2021-3378,0.97512,0.999
CVE-2021-3380,0.0113,0.65064
CVE-2021-3382,0.01787,0.77433
CVE-2021-3384,0.01052,0.6292
CVE-2021-3391,0.01149,0.65556
CVE-2021-3392,0.0045,0.36543
CVE-2021-3393,0.01187,0.66588
CVE-2021-3394,0.05794,0.92858
CVE-2021-3395,0.0075,0.53089
CVE-2021-3396,0.02365,0.83109
CVE-2021-3398,0.00924,0.58844
CVE-2021-3401,0.10478,0.95601
CVE-2021-3402,0.02201,0.81816
CVE-2021-3403,0.01751,0.76941
CVE-2021-3404,0.01946,0.79365
CVE-2021-3405,0.01737,0.76762
CVE-2021-3406,0.00658,0.49482
CVE-2021-3407,0.50234,0.98871
CVE-2021-3409,0.00489,0.3965
CVE-2021-3410,0.00565,0.44723
CVE-2021-3411,0.00402,0.31879
CVE-2021-3412,0.0076,0.53466
CVE-2021-3413,0.0065,0.49111
CVE-2021-3414,0.00662,0.49641
CVE-2021-3416,0.00459,0.37232
CVE-2021-3417,0.00542,0.43272
CVE-2021-3418,0.00466,0.37819
CVE-2021-3420,0.02103,0.80978
CVE-2021-3421,0.00673,0.50146
CVE-2021-3422,0.00601,0.46614
CVE-2021-3423,0.0021,0.10138
CVE-2021-3424,0.00774,0.53925
CVE-2021-3425,0.00286,0.18944
CVE-2021-3426,0.01878,0.78583
CVE-2021-3427,0.00938,0.5932
CVE-2021-3428,0.00301,0.20471
CVE-2021-3429,0.00219,0.1108
CVE-2021-3430,0.00894,0.57874
CVE-2021-3431,0.00894,0.57874
CVE-2021-3432,0.00894,0.57874
CVE-2021-3433,0.00203,0.09261
CVE-2021-3434,0.00205,0.09373
CVE-2021-3435,0.00215,0.10686
CVE-2021-3436,0.0098,0.60709
CVE-2021-3437,0.15551,0.96717
CVE-2021-3438,0.02926,0.86534
CVE-2021-3439,0.00174,0.06161
CVE-2021-3440,0.00285,0.18817
CVE-2021-3441,0.01729,0.7665
CVE-2021-3442,0.0049,0.39702
CVE-2021-3443,0.00762,0.53533
CVE-2021-3444,0.0061,0.47083
CVE-2021-3445,0.01117,0.64736
CVE-2021-3446,0.00149,0.03458
CVE-2021-3447,0.00333,0.2411
CVE-2021-3448,0.02294,0.82566
CVE-2021-3449,0.63542,0.99188
CVE-2021-3450,0.18339,0.97136
CVE-2021-3451,0.00196,0.08388
CVE-2021-3452,0.00273,0.17628
CVE-2021-3453,0.00236,0.13114
CVE-2021-3454,0.00961,0.60047
CVE-2021-3455,0.01106,0.64452
CVE-2021-3456,0.00202,0.09028
CVE-2021-3457,0.00242,0.13822
CVE-2021-3458,0.00241,0.13723
CVE-2021-3459,0.00294,0.19756
CVE-2021-3460,0.00565,0.44706
CVE-2021-3461,0.00297,0.20033
CVE-2021-3462,0.00202,0.09038
CVE-2021-3463,0.00212,0.10331
CVE-2021-3464,0.00261,0.16046
CVE-2021-3466,0.08739,0.94979
CVE-2021-3467,0.00629,0.4802
CVE-2021-3468,0.00443,0.35962
CVE-2021-3469,0.00331,0.23725
CVE-2021-3470,0.01144,0.65388
CVE-2021-3472,0.0105,0.6285
CVE-2021-3473,0.00478,0.38742
CVE-2021-3474,0.01848,0.78225
CVE-2021-3475,0.01848,0.78225
CVE-2021-3476,0.01848,0.78225
CVE-2021-3477,0.0096,0.59976
CVE-2021-3478,0.0096,0.59977
CVE-2021-3479,0.0096,0.59977
CVE-2021-3480,0.01701,0.76282
CVE-2021-3481,0.00543,0.43317
CVE-2021-3482,0.02295,0.82574
CVE-2021-3483,0.00361,0.27319
CVE-2021-3485,0.0088,0.57476
CVE-2021-3486,0.01391,0.71226
CVE-2021-3489,0.0055,0.43725
CVE-2021-3490,0.27381,0.97999
CVE-2021-3491,0.00644,0.48806
CVE-2021-3492,0.01535,0.73798
CVE-2021-3493,0.49166,0.98847
CVE-2021-3494,0.00369,0.28188
CVE-2021-3495,0.00969,0.60353
CVE-2021-3496,0.01065,0.63288
CVE-2021-3497,0.01219,0.67427
CVE-2021-3498,0.0177,0.77231
CVE-2021-3499,0.00799,0.54767
CVE-2021-3500,0.00944,0.59489
CVE-2021-3501,0.00374,0.28773
CVE-2021-3502,0.00374,0.28708
CVE-2021-3503,0.01089,0.63966
CVE-2021-3504,0.01925,0.79116
CVE-2021-3505,0.00404,0.32006
CVE-2021-3506,0.00366,0.2791
CVE-2021-3507,0.00489,0.39644
CVE-2021-3508,0.00762,0.53541
CVE-2021-3509,0.017,0.76268
CVE-2021-3510,0.00961,0.60038
CVE-2021-3511,0.00511,0.41175
CVE-2021-3512,0.00857,0.56754
CVE-2021-3513,0.00778,0.54077
CVE-2021-3514,0.012,0.66919
CVE-2021-3515,0.0046,0.37295
CVE-2021-3516,0.0199,0.79812
CVE-2021-3517,0.16986,0.96966
CVE-2021-3518,0.21859,0.97571
CVE-2021-3519,0.00238,0.13358
CVE-2021-3520,0.0319,0.87601
CVE-2021-3521,0.00321,0.22597
CVE-2021-3522,0.05372,0.92372
CVE-2021-3523,0.00849,0.56431
CVE-2021-3524,0.01612,0.74969
CVE-2021-3527,0.00374,0.28748
CVE-2021-3528,0.00887,0.57647
CVE-2021-3529,0.007,0.51216
CVE-2021-3530,0.024,0.83359
CVE-2021-3531,0.02425,0.83545
CVE-2021-3535,0.00581,0.45515
CVE-2021-3536,0.00533,0.42709
CVE-2021-3537,0.03503,0.88748
CVE-2021-3538,0.02307,0.82675
CVE-2021-3539,0.00583,0.45629
CVE-2021-3540,0.03307,0.88097
CVE-2021-3541,0.01964,0.79539
CVE-2021-3543,0.00301,0.20497
CVE-2021-3544,0.00436,0.3539
CVE-2021-3545,0.00421,0.33933
CVE-2021-3546,0.00463,0.37594
CVE-2021-3547,0.01243,0.68023
CVE-2021-3548,0.00908,0.58325
CVE-2021-3549,0.00974,0.60522
CVE-2021-3550,0.00246,0.14221
CVE-2021-3551,0.00186,0.0734
CVE-2021-3552,0.01339,0.70139
CVE-2021-3553,0.01253,0.6825
CVE-2021-3554,0.02625,0.84887
CVE-2021-3555,0.00819,0.55454
CVE-2021-3557,0.00764,0.53588
CVE-2021-3559,0.01033,0.62329
CVE-2021-3560,0.23708,0.97745
CVE-2021-3561,0.01178,0.66392
CVE-2021-3563,0.01746,0.76869
CVE-2021-3564,0.00485,0.39294
CVE-2021-3565,0.01327,0.69857
CVE-2021-3566,0.0088,0.57455
CVE-2021-3567,0.01157,0.6575
CVE-2021-3569,0.00259,0.15801
CVE-2021-3570,0.02955,0.86654
CVE-2021-3571,0.01895,0.78783
CVE-2021-3572,0.01829,0.77988
CVE-2021-3573,0.0037,0.28382
CVE-2021-3574,0.00475,0.38566
CVE-2021-3575,0.01536,0.73823
CVE-2021-3576,0.0096,0.59979
CVE-2021-3577,0.60158,0.99109
CVE-2021-3578,0.01037,0.62468
CVE-2021-3579,0.00722,0.52071
CVE-2021-3580,0.02708,0.85394
CVE-2021-3581,0.00349,0.25872
CVE-2021-3582,0.00386,0.30077
CVE-2021-3583,0.00897,0.57957
CVE-2021-3584,0.03885,0.89865
CVE-2021-3585,0.00254,0.15202
CVE-2021-3586,0.01007,0.61556
CVE-2021-3588,0.0045,0.36599
CVE-2021-3589,0.01047,0.62774
CVE-2021-3590,0.0067,0.49979
CVE-2021-3592,0.00326,0.23148
CVE-2021-3593,0.00326,0.23148
CVE-2021-3594,0.00326,0.23148
CVE-2021-3595,0.00326,0.23147
CVE-2021-3596,0.01894,0.78773
CVE-2021-3597,0.01143,0.6537
CVE-2021-3598,0.00428,0.3451
CVE-2021-3599,0.0029,0.19349
CVE-2021-3600,0.00282,0.18562
CVE-2021-3602,0.00327,0.23218
CVE-2021-3603,0.0226,0.82288
CVE-2021-3604,0.01634,0.7532
CVE-2021-3605,0.01007,0.61541
CVE-2021-3606,0.00344,0.25338
CVE-2021-3607,0.00299,0.20284
CVE-2021-3608,0.00363,0.27569
CVE-2021-3609,0.00431,0.3488
CVE-2021-3610,0.02762,0.85708
CVE-2021-3611,0.00461,0.37437
CVE-2021-3612,0.00687,0.50748
CVE-2021-3613,0.00773,0.53898
CVE-2021-3614,0.00237,0.13222
CVE-2021-3615,0.00307,0.2107
CVE-2021-3616,0.00924,0.58845
CVE-2021-3617,0.01666,0.75786
CVE-2021-3618,0.02036,0.80302
CVE-2021-3619,0.00578,0.45355
CVE-2021-3620,0.0039,0.30541
CVE-2021-3621,0.02524,0.84237
CVE-2021-3622,0.04794,0.91624
CVE-2021-3623,0.00321,0.22562
CVE-2021-3624,0.00904,0.58177
CVE-2021-3625,0.02312,0.82709
CVE-2021-3626,0.00249,0.14553
CVE-2021-3628,0.00916,0.58574
CVE-2021-3629,0.01328,0.69882
CVE-2021-3630,0.01055,0.63004
CVE-2021-3631,0.00493,0.3989
CVE-2021-3632,0.01133,0.65115
CVE-2021-3633,0.00252,0.15024
CVE-2021-3634,0.04683,0.9146
CVE-2021-3635,0.00248,0.1441
CVE-2021-3636,0.00284,0.18739
CVE-2021-3637,0.01129,0.65031
CVE-2021-3638,0.00429,0.34625
CVE-2021-3639,0.00966,0.60198
CVE-2021-3640,0.0037,0.28306
CVE-2021-3641,0.00353,0.26367
CVE-2021-3642,0.00846,0.56359
CVE-2021-3643,0.01571,0.74368
CVE-2021-3644,0.00961,0.60073
CVE-2021-3645,0.01429,0.71932
CVE-2021-3646,0.0077,0.53816
CVE-2021-3647,0.0091,0.58374
CVE-2021-3649,0.01222,0.67503
CVE-2021-3652,0.01486,0.7298
CVE-2021-3653,0.00448,0.36403
CVE-2021-3654,0.26792,0.97965
CVE-2021-3655,0.00308,0.21164
CVE-2021-3656,0.00658,0.49453
CVE-2021-3657,0.03488,0.88704
CVE-2021-3658,0.00789,0.54433
CVE-2021-3659,0.00272,0.17562
CVE-2021-3660,0.01261,0.68447
CVE-2021-3661,0.00317,0.22143
CVE-2021-3662,0.00474,0.38481
CVE-2021-3663,0.0071,0.51638
CVE-2021-3664,0.01834,0.78041
CVE-2021-3666,0.01299,0.69242
CVE-2021-3667,0.01366,0.70724
CVE-2021-3669,0.00293,0.19662
CVE-2021-3670,0.02169,0.81533
CVE-2021-3671,0.02177,0.81605
CVE-2021-3672,0.02814,0.85987
CVE-2021-3673,0.01814,0.778
CVE-2021-3674,0.00414,0.33111
CVE-2021-3675,0.00263,0.16211
CVE-2021-3677,0.01442,0.72159
CVE-2021-3678,0.01064,0.63263
CVE-2021-3679,0.00751,0.5312
CVE-2021-3680,0.0046,0.37398
CVE-2021-3681,0.00247,0.14344
CVE-2021-3682,0.0288,0.86311
CVE-2021-3683,0.00411,0.32671
CVE-2021-3684,0.00249,0.14576
CVE-2021-3688,0.00556,0.44118
CVE-2021-3689,0.01902,0.7887
CVE-2021-3690,0.01677,0.75935
CVE-2021-3692,0.017,0.76269
CVE-2021-3693,0.0317,0.87526
CVE-2021-3694,0.02509,0.84128
CVE-2021-3695,0.00464,0.37662
CVE-2021-3696,0.00473,0.38411
CVE-2021-3697,0.00458,0.37167
CVE-2021-3698,0.00676,0.50266
CVE-2021-3700,0.00314,0.21785
CVE-2021-3701,0.00285,0.18827
CVE-2021-3702,0.00202,0.09068
CVE-2021-3703,0.0082,0.55533
CVE-2021-3704,0.01394,0.71272
CVE-2021-3705,0.01846,0.78195
CVE-2021-3706,0.01101,0.64321
CVE-2021-3707,0.01541,0.73898
CVE-2021-3708,0.24563,0.9781
CVE-2021-3709,0.00462,0.37576
CVE-2021-3710,0.00463,0.37634
CVE-2021-3711,0.87816,0.99759
CVE-2021-3712,0.50445,0.98877
CVE-2021-3713,0.00566,0.44754
CVE-2021-3714,0.01523,0.736
CVE-2021-3715,0.00353,0.26429
CVE-2021-3716,0.00582,0.45596
CVE-2021-3717,0.0031,0.21357
CVE-2021-3718,0.00217,0.10912
CVE-2021-3719,0.00251,0.14769
CVE-2021-3720,0.00219,0.11148
CVE-2021-3721,0.00201,0.08973
CVE-2021-3722,0.00191,0.07884
CVE-2021-3723,0.0194,0.79302
CVE-2021-3725,0.01052,0.62913
CVE-2021-3726,0.0081,0.55191
CVE-2021-3727,0.01031,0.62291
CVE-2021-3728,0.00501,0.40441
CVE-2021-3729,0.00405,0.32124
CVE-2021-3730,0.00475,0.3855
CVE-2021-3731,0.01236,0.67836
CVE-2021-3732,0.00334,0.24148
CVE-2021-3733,0.04675,0.91449
CVE-2021-3734,0.00405,0.32181
CVE-2021-3735,0.00204,0.09278
CVE-2021-3736,0.00244,0.14066
CVE-2021-3737,0.11586,0.95898
CVE-2021-3738,0.02046,0.80411
CVE-2021-3739,0.00616,0.47374
CVE-2021-3740,0.00203,0.09194
CVE-2021-3741,0.00289,0.19236
CVE-2021-3742,0.00381,0.29425
CVE-2021-3743,0.0072,0.52022
CVE-2021-3744,0.00533,0.42715
CVE-2021-3745,0.0111,0.64559
CVE-2021-3746,0.00966,0.60206
CVE-2021-3747,0.00246,0.14196
CVE-2021-3748,0.00522,0.41953
CVE-2021-3749,0.08515,0.94862
CVE-2021-3750,0.00526,0.42254
CVE-2021-3751,0.01237,0.67867
CVE-2021-3752,0.01736,0.76756
CVE-2021-3753,0.00364,0.27654
CVE-2021-3754,0.02147,0.81365
CVE-2021-3756,0.01069,0.63428
CVE-2021-3757,0.01651,0.7556
CVE-2021-3758,0.008,0.54787
CVE-2021-3759,0.0036,0.27237
CVE-2021-3760,0.00354,0.2658
CVE-2021-3761,0.01216,0.67366
CVE-2021-3762,0.04815,0.91654
CVE-2021-3763,0.00682,0.50513
CVE-2021-3764,0.00271,0.17383
CVE-2021-3765,0.01777,0.77316
CVE-2021-3766,0.0147,0.7271
CVE-2021-3767,0.0058,0.45471
CVE-2021-3768,0.0058,0.45471
CVE-2021-3769,0.00971,0.60397
CVE-2021-3770,0.00735,0.52591
CVE-2021-3772,0.0124,0.67945
CVE-2021-3773,0.05279,0.9228
CVE-2021-3774,0.00726,0.52234
CVE-2021-3775,0.00413,0.32934
CVE-2021-3776,0.00413,0.32934
CVE-2021-3777,0.01298,0.69234
CVE-2021-3778,0.01728,0.76637
CVE-2021-3779,0.01192,0.66737
CVE-2021-3780,0.00899,0.58011
CVE-2021-3781,0.83913,0.99685
CVE-2021-3782,0.00317,0.22119
CVE-2021-3783,0.00696,0.51061
CVE-2021-3784,0.0016,0.04427
CVE-2021-3785,0.00721,0.52035
CVE-2021-3786,0.00233,0.12772
CVE-2021-3787,0.00174,0.06162
CVE-2021-3788,0.0024,0.13599
CVE-2021-3789,0.0009,0.00435
CVE-2021-3790,0.00404,0.32058
CVE-2021-3791,0.00421,0.33892
CVE-2021-3792,0.0049,0.39668
CVE-2021-3793,0.00695,0.51042
CVE-2021-3794,0.01222,0.67502
CVE-2021-3795,0.01457,0.72457
CVE-2021-3796,0.01741,0.76808
CVE-2021-3797,0.01148,0.65472
CVE-2021-3798,0.00274,0.17762
CVE-2021-3799,0.01598,0.74773
CVE-2021-3800,0.00559,0.44306
CVE-2021-3801,0.0104,0.62568
CVE-2021-3802,0.00835,0.55982
CVE-2021-3803,0.02206,0.81858
CVE-2021-3804,0.01262,0.68471
CVE-2021-3805,0.0204,0.80342
CVE-2021-3806,0.00698,0.51167
CVE-2021-3807,0.03552,0.88887
CVE-2021-3808,0.00245,0.14175
CVE-2021-3809,0.00245,0.14174
CVE-2021-3810,0.01262,0.68471
CVE-2021-3811,0.0055,0.4373
CVE-2021-3812,0.0055,0.4373
CVE-2021-3813,0.01086,0.6391
CVE-2021-3814,0.01158,0.65775
CVE-2021-3815,0.00843,0.56255
CVE-2021-3816,0.00533,0.42729
CVE-2021-3817,0.38418,0.98523
CVE-2021-3818,0.02452,0.8375
CVE-2021-3819,0.00541,0.4321
CVE-2021-3820,0.01222,0.67502
CVE-2021-3821,0.00936,0.59256
CVE-2021-3822,0.01418,0.71719
CVE-2021-3823,0.01063,0.63221
CVE-2021-3824,0.00746,0.52974
CVE-2021-3825,0.01621,0.75112
CVE-2021-3826,0.01377,0.70954
CVE-2021-3827,0.01087,0.6392
CVE-2021-3828,0.01703,0.76315
CVE-2021-3829,0.00836,0.56046
CVE-2021-3830,0.0056,0.44366
CVE-2021-3831,0.01812,0.77755
CVE-2021-3832,0.02254,0.82246
CVE-2021-3833,0.01119,0.64792
CVE-2021-3834,0.00586,0.45841
CVE-2021-3835,0.00743,0.52844
CVE-2021-3836,0.00895,0.57901
CVE-2021-3837,0.00522,0.41955
CVE-2021-3838,0.01432,0.71985
CVE-2021-3839,0.01592,0.7469
CVE-2021-3840,0.02036,0.803
CVE-2021-3841,0.00246,0.1424
CVE-2021-3842,0.01461,0.72529
CVE-2021-3843,0.00279,0.18244
CVE-2021-3844,0.0036,0.27185
CVE-2021-3845,0.01227,0.67654
CVE-2021-3846,0.00779,0.54112
CVE-2021-3847,0.00464,0.37695
CVE-2021-3848,0.00233,0.12779
CVE-2021-3849,0.01303,0.69339
CVE-2021-3850,0.0217,0.81542
CVE-2021-3851,0.00571,0.4499
CVE-2021-3852,0.00808,0.55113
CVE-2021-3853,0.00616,0.47378
CVE-2021-3854,0.00626,0.47874
CVE-2021-3855,0.01834,0.78044
CVE-2021-3856,0.01133,0.65117
CVE-2021-3857,0.006,0.4658
CVE-2021-3858,0.00544,0.43364
CVE-2021-3859,0.01641,0.75413
CVE-2021-3860,0.00997,0.61213
CVE-2021-3861,0.00479,0.38851
CVE-2021-3862,0.00659,0.49524
CVE-2021-3863,0.0079,0.54459
CVE-2021-3864,0.00769,0.53762
CVE-2021-3866,0.0089,0.57728
CVE-2021-3869,0.0136,0.70611
CVE-2021-3872,0.01494,0.73105
CVE-2021-3874,0.01202,0.66965
CVE-2021-3875,0.01549,0.74048
CVE-2021-3878,0.01886,0.78673
CVE-2021-3879,0.00829,0.55818
CVE-2021-3881,0.01157,0.65743
CVE-2021-3882,0.01134,0.65138
CVE-2021-3888,0.01291,0.69069
CVE-2021-3889,0.01291,0.69068
CVE-2021-3897,0.01296,0.69179
CVE-2021-3898,0.00458,0.37163
CVE-2021-3899,0.00384,0.2983
CVE-2021-3900,0.00551,0.43797
CVE-2021-3901,0.00554,0.43996
CVE-2021-3902,0.00951,0.59728
CVE-2021-3903,0.00646,0.48883
CVE-2021-3904,0.00592,0.46131
CVE-2021-3905,0.01992,0.79846
CVE-2021-3906,0.00668,0.49883
CVE-2021-3907,0.04199,0.90598
CVE-2021-3908,0.00731,0.52402
CVE-2021-3909,0.01562,0.74246
CVE-2021-3910,0.01297,0.69211
CVE-2021-3911,0.00907,0.58281
CVE-2021-3912,0.0085,0.56462
CVE-2021-3914,0.00512,0.41279
CVE-2021-3915,0.00961,0.60064
CVE-2021-3916,0.01241,0.67972
CVE-2021-3917,0.00232,0.12652
CVE-2021-3918,0.0383,0.89716
CVE-2021-3919,0.00801,0.54837
CVE-2021-3920,0.01374,0.70897
CVE-2021-3921,0.00443,0.36007
CVE-2021-3922,0.01925,0.79114
CVE-2021-3923,0.00199,0.08705
CVE-2021-3924,0.04362,0.90907
CVE-2021-3927,0.01708,0.76394
CVE-2021-3928,0.00635,0.48351
CVE-2021-3929,0.00671,0.50001
CVE-2021-3930,0.00338,0.24683
CVE-2021-3931,0.00443,0.36008
CVE-2021-3932,0.00406,0.32282
CVE-2021-3933,0.00881,0.57478
CVE-2021-3934,0.00618,0.47479
CVE-2021-3935,0.01116,0.64704
CVE-2021-3938,0.00538,0.43023
CVE-2021-3939,0.00373,0.28695
CVE-2021-3941,0.00303,0.20634
CVE-2021-3942,0.0153,0.73712
CVE-2021-3943,0.02462,0.83815
CVE-2021-3944,0.00641,0.48659
CVE-2021-3945,0.01013,0.61765
CVE-2021-3947,0.00317,0.22145
CVE-2021-3948,0.00564,0.44605
CVE-2021-3950,0.00803,0.54946
CVE-2021-3956,0.00774,0.53948
CVE-2021-3957,0.00383,0.29738
CVE-2021-3958,0.14501,0.96519
CVE-2021-3959,0.01688,0.76108
CVE-2021-3960,0.00309,0.21284
CVE-2021-3961,0.00755,0.53283
CVE-2021-3962,0.06028,0.93102
CVE-2021-3963,0.00395,0.31073
CVE-2021-3964,0.00805,0.54984
CVE-2021-3965,0.05235,0.92231
CVE-2021-3966,0.00487,0.39431
CVE-2021-3967,0.00838,0.56081
CVE-2021-3968,0.02231,0.82067
CVE-2021-3969,0.01925,0.79114
CVE-2021-3970,0.01315,0.69598
CVE-2021-3971,0.01289,0.69031
CVE-2021-3972,0.02999,0.86845
CVE-2021-3973,0.01786,0.77426
CVE-2021-3974,0.01363,0.70656
CVE-2021-3975,0.01538,0.73859
CVE-2021-3976,0.00399,0.31518
CVE-2021-3977,0.00592,0.46137
CVE-2021-3978,0.00144,0.03103
CVE-2021-3979,0.00559,0.4433
CVE-2021-3980,0.01598,0.74779
CVE-2021-3981,0.00319,0.22327
CVE-2021-3982,0.00289,0.19278
CVE-2021-3983,0.0079,0.5446
CVE-2021-3984,0.01571,0.74369
CVE-2021-3985,0.01257,0.68349
CVE-2021-3986,0.00371,0.28413
CVE-2021-3987,0.00346,0.25571
CVE-2021-3988,0.00364,0.27667
CVE-2021-3989,0.00786,0.5432
CVE-2021-3990,0.00891,0.57793
CVE-2021-3991,0.00317,0.22108
CVE-2021-3992,0.01065,0.63293
CVE-2021-3993,0.00522,0.41959
CVE-2021-3994,0.01399,0.71363
CVE-2021-3995,0.0063,0.48101
CVE-2021-3996,0.00634,0.48269
CVE-2021-3997,0.01694,0.76187
CVE-2021-3998,0.01758,0.77055
CVE-2021-3999,0.00746,0.52945
