#model_version:v2026.06.15,score_date:2026-09-16T12:00:22Z
cve,epss,percentile
CVE-2026-20000,0.002,0.10098
CVE-2026-20001,0.00324,0.25501
CVE-2026-20002,0.00348,0.28218
CVE-2026-20003,0.00281,0.20686
CVE-2026-20004,0.00179,0.07635
CVE-2026-20005,0.0049,0.40969
CVE-2026-20006,0.00373,0.3098
CVE-2026-20007,0.00232,0.14222
CVE-2026-20008,0.00132,0.03141
CVE-2026-20009,0.00381,0.31741
CVE-2026-20010,0.00167,0.06371
CVE-2026-20012,0.00354,0.2888
CVE-2026-20013,0.00303,0.2297
CVE-2026-20014,0.00286,0.21233
CVE-2026-20015,0.00303,0.2297
CVE-2026-20016,0.00334,0.2665
CVE-2026-20017,0.0016,0.05584
CVE-2026-20018,0.0042,0.35738
CVE-2026-20020,0.00251,0.16691
CVE-2026-20021,0.00203,0.10528
CVE-2026-20022,0.00194,0.09341
CVE-2026-20023,0.00152,0.04724
CVE-2026-20024,0.00187,0.08544
CVE-2026-20025,0.00164,0.05982
CVE-2026-20026,0.00651,0.49517
CVE-2026-20027,0.00582,0.46277
CVE-2026-20028,0.00252,0.16826
CVE-2026-20029,0.06075,0.93027
CVE-2026-20030,0.00546,0.44403
CVE-2026-20031,0.00414,0.35118
CVE-2026-20033,0.00158,0.05382
CVE-2026-20034,0.00712,0.51893
CVE-2026-20035,0.00304,0.23158
CVE-2026-20036,0.00444,0.37767
CVE-2026-20037,0.00095,0.00739
CVE-2026-20039,0.00358,0.29419
CVE-2026-20040,0.00172,0.06842
CVE-2026-20041,0.00242,0.15571
CVE-2026-20042,0.00293,0.2195
CVE-2026-20044,0.00138,0.03526
CVE-2026-20045,0.04478,0.90961
CVE-2026-20046,0.00135,0.03337
CVE-2026-20047,0.00275,0.19992
CVE-2026-20048,0.00302,0.22947
CVE-2026-20049,0.00292,0.2188
CVE-2026-20050,0.00377,0.31393
CVE-2026-20051,0.00156,0.05161
CVE-2026-20052,0.00413,0.35064
CVE-2026-20053,0.00414,0.35118
CVE-2026-20054,0.00432,0.36808
CVE-2026-20055,0.0018,0.07856
CVE-2026-20056,0.00145,0.04188
CVE-2026-20057,0.00432,0.36808
CVE-2026-20058,0.0039,0.32707
CVE-2026-20059,0.00193,0.09219
CVE-2026-20060,0.00202,0.10386
CVE-2026-20061,0.00228,0.13776
CVE-2026-20062,0.0012,0.02088
CVE-2026-20063,0.00188,0.08681
CVE-2026-20064,0.00095,0.0076
CVE-2026-20065,0.00366,0.30172
CVE-2026-20066,0.00454,0.38536
CVE-2026-20067,0.00454,0.38537
CVE-2026-20068,0.00414,0.35118
CVE-2026-20069,0.00273,0.19799
CVE-2026-20070,0.00264,0.18423
CVE-2026-20073,0.00381,0.31811
CVE-2026-20074,0.0016,0.05552
CVE-2026-20075,0.00255,0.17305
CVE-2026-20076,0.00275,0.19992
CVE-2026-20078,0.00388,0.32506
CVE-2026-20079,0.75752,0.99496
CVE-2026-20080,0.00321,0.25123
CVE-2026-20081,0.00388,0.32506
CVE-2026-20082,0.00412,0.34985
CVE-2026-20083,0.00093,0.00655
CVE-2026-20084,0.00354,0.2888
CVE-2026-20085,0.00184,0.08245
CVE-2026-20086,0.00354,0.2888
CVE-2026-20087,0.0017,0.06691
CVE-2026-20088,0.00223,0.13097
CVE-2026-20089,0.00237,0.14923
CVE-2026-20090,0.00237,0.14924
CVE-2026-20091,0.0017,0.0669
CVE-2026-20092,0.00109,0.01367
CVE-2026-20093,0.00991,0.60809
CVE-2026-20094,0.01118,0.64478
CVE-2026-20095,0.00929,0.58814
CVE-2026-20096,0.00719,0.52144
CVE-2026-20097,0.00391,0.32847
CVE-2026-20098,0.0039,0.32792
CVE-2026-20099,0.0064,0.48958
CVE-2026-20100,0.00282,0.20821
CVE-2026-20101,0.00354,0.28879
CVE-2026-20102,0.00264,0.18423
CVE-2026-20103,0.00351,0.28535
CVE-2026-20104,0.00162,0.05847
CVE-2026-20105,0.00316,0.24485
CVE-2026-20106,0.00317,0.24649
CVE-2026-20107,0.00087,0.00427
CVE-2026-20108,0.00162,0.05823
CVE-2026-20109,0.0018,0.07855
CVE-2026-20110,0.00092,0.00607
CVE-2026-20111,0.00182,0.08002
CVE-2026-20112,0.00194,0.09347
CVE-2026-20113,0.0029,0.21586
CVE-2026-20114,0.00284,0.21035
CVE-2026-20115,0.00152,0.04758
CVE-2026-20116,0.00207,0.11096
CVE-2026-20117,0.00207,0.11095
CVE-2026-20118,0.00318,0.24815
CVE-2026-20119,0.00376,0.31282
CVE-2026-20122,0.24585,0.97767
CVE-2026-20123,0.00187,0.08551
CVE-2026-20124,0.00345,0.27942
CVE-2026-20125,0.0028,0.20565
CVE-2026-20126,0.003,0.22711
CVE-2026-20127,0.88243,0.99761
CVE-2026-20128,0.06943,0.93775
CVE-2026-20129,0.00717,0.52067
CVE-2026-20131,0.33379,0.98287
CVE-2026-20132,0.00173,0.07064
CVE-2026-20133,0.31353,0.98185
CVE-2026-20136,0.00499,0.41508
CVE-2026-20137,0.00222,0.12899
CVE-2026-20138,0.0031,0.23814
CVE-2026-20139,0.04859,0.91582
CVE-2026-20141,0.00187,0.08507
CVE-2026-20142,0.0031,0.23814
CVE-2026-20144,0.00363,0.29946
CVE-2026-20146,0.00499,0.41551
CVE-2026-20147,0.10381,0.95484
CVE-2026-20148,0.06537,0.93444
CVE-2026-20149,0.00235,0.14629
CVE-2026-20150,0.00424,0.36061
CVE-2026-20151,0.0027,0.19326
CVE-2026-20152,0.00299,0.22617
CVE-2026-20153,0.00467,0.39392
CVE-2026-20155,0.0027,0.19249
CVE-2026-20156,0.00256,0.17352
CVE-2026-20157,0.00107,0.01288
CVE-2026-20158,0.00467,0.39392
CVE-2026-20160,0.00914,0.58341
CVE-2026-20161,0.00129,0.02971
CVE-2026-20162,0.00201,0.10185
CVE-2026-20163,0.00462,0.39074
CVE-2026-20164,0.00228,0.13672
CVE-2026-20165,0.00166,0.06264
CVE-2026-20166,0.00154,0.04888
CVE-2026-20167,0.00272,0.19698
CVE-2026-20168,0.00272,0.19693
CVE-2026-20169,0.0021,0.11389
CVE-2026-20170,0.00222,0.12943
CVE-2026-20171,0.00467,0.39367
CVE-2026-20172,0.00125,0.02524
CVE-2026-20174,0.00489,0.40905
CVE-2026-20175,0.0018,0.07803
CVE-2026-20177,0.00389,0.3267
CVE-2026-20178,0.00202,0.10387
CVE-2026-20180,0.06024,0.92972
CVE-2026-20181,0.08931,0.94967
CVE-2026-20182,0.91522,0.99807
CVE-2026-20184,0.0052,0.42888
CVE-2026-20185,0.00389,0.32643
CVE-2026-20186,0.05601,0.92507
CVE-2026-20187,0.00467,0.39392
CVE-2026-20188,0.0031,0.23823
CVE-2026-20189,0.00214,0.11972
CVE-2026-20190,0.00504,0.41822
CVE-2026-20191,0.00909,0.58198
CVE-2026-20193,0.00221,0.1276
CVE-2026-20195,0.00275,0.19914
CVE-2026-20198,0.00207,0.10976
CVE-2026-20199,0.00438,0.37274
CVE-2026-20200,0.0571,0.92631
CVE-2026-20202,0.00246,0.16066
CVE-2026-20203,0.00152,0.04756
CVE-2026-20204,0.03098,0.8708
CVE-2026-20205,0.00278,0.20271
CVE-2026-20206,0.00416,0.35335
CVE-2026-20209,0.00194,0.09381
CVE-2026-20210,0.00194,0.09381
CVE-2026-20212,0.00527,0.43365
CVE-2026-20213,0.00573,0.45847
CVE-2026-20214,0.00573,0.45845
CVE-2026-20215,0.00573,0.45846
CVE-2026-20216,0.00573,0.45845
CVE-2026-20217,0.00573,0.45846
CVE-2026-20219,0.00168,0.06427
CVE-2026-20220,0.00253,0.16963
CVE-2026-20223,0.00835,0.55935
CVE-2026-20224,0.01036,0.62179
CVE-2026-20230,0.882,0.9976
CVE-2026-20231,0.00502,0.41703
CVE-2026-20232,0.00205,0.10698
CVE-2026-20233,0.00184,0.08228
CVE-2026-20238,0.0032,0.25034
CVE-2026-20239,0.00485,0.40606
CVE-2026-20240,0.00396,0.33425
CVE-2026-20243,0.00573,0.45847
CVE-2026-20244,0.00573,0.45847
CVE-2026-20245,0.25323,0.97831
CVE-2026-20246,0.00104,0.0115
CVE-2026-20251,0.32215,0.98231
CVE-2026-20252,0.00347,0.28101
CVE-2026-20253,0.96939,0.99887
CVE-2026-20254,0.00408,0.34577
CVE-2026-20255,0.00351,0.28554
CVE-2026-20256,0.00361,0.29684
CVE-2026-20257,0.00293,0.21928
CVE-2026-20258,0.00236,0.14708
CVE-2026-20259,0.00189,0.08791
CVE-2026-20260,0.00199,0.09931
CVE-2026-20262,0.28171,0.98012
CVE-2026-20263,0.00328,0.25883
CVE-2026-20265,0.00217,0.12256
CVE-2026-20266,0.00632,0.48657
CVE-2026-20267,0.0026,0.17867
CVE-2026-20268,0.00283,0.20894
CVE-2026-20269,0.00283,0.20894
CVE-2026-20270,0.00283,0.20895
CVE-2026-20271,0.00277,0.20194
CVE-2026-20272,0.00408,0.3457
CVE-2026-20273,0.00277,0.20195
CVE-2026-20274,0.0073,0.52546
CVE-2026-20275,0.00195,0.09481
CVE-2026-20276,0.00267,0.18924
CVE-2026-20277,0.00233,0.14294
CVE-2026-20278,0.00299,0.22579
CVE-2026-20279,0.00301,0.22801
CVE-2026-20280,0.00286,0.21175
CVE-2026-20281,0.00332,0.26347
CVE-2026-20288,0.00382,0.31945
CVE-2026-20289,0.00192,0.09081
CVE-2026-20293,0.00132,0.03131
CVE-2026-20294,0.00134,0.03279
CVE-2026-20296,0.00182,0.08013
CVE-2026-20297,0.00571,0.45709
CVE-2026-20298,0.00231,0.14076
CVE-2026-20301,0.00327,0.25847
CVE-2026-20302,0.00184,0.08253
CVE-2026-20303,0.00321,0.25127
CVE-2026-20304,0.0028,0.20503
CVE-2026-20308,0.0032,0.2495
CVE-2026-20310,0.00407,0.34475
CVE-2026-20311,0.00158,0.05313
CVE-2026-20312,0.00263,0.18268
CVE-2026-20313,0.00274,0.19826
CVE-2026-20314,0.00277,0.20194
CVE-2026-20315,0.00415,0.35256
CVE-2026-20316,0.11153,0.95714
CVE-2026-20317,0.00441,0.37484
CVE-2026-20318,0.00346,0.27999
CVE-2026-20319,0.00367,0.30287
CVE-2026-20320,0.00385,0.32236
CVE-2026-20327,0.00205,0.10689
CVE-2026-20337,0.00508,0.42129
CVE-2026-20338,0.00471,0.39623
CVE-2026-20339,0.00462,0.39034
CVE-2026-20345,0.00462,0.39034
CVE-2026-20346,0.00445,0.37869
CVE-2026-20347,0.00462,0.39034
CVE-2026-20348,0.00462,0.39035
CVE-2026-20349,0.02213,0.81741
CVE-2026-20353,0.00396,0.33365
CVE-2026-20354,0.00149,0.04453
CVE-2026-20355,0.00149,0.04453
CVE-2026-20357,0.0055,0.44601
CVE-2026-20358,0.00457,0.38732
CVE-2026-20359,0.00359,0.29431
CVE-2026-20401,0.00708,0.51782
CVE-2026-20402,0.00223,0.131
CVE-2026-20403,0.00226,0.13458
CVE-2026-20404,0.00479,0.40254
CVE-2026-20405,0.00226,0.13458
CVE-2026-20406,0.00223,0.131
CVE-2026-20407,0.00169,0.06579
CVE-2026-20408,0.0028,0.20516
CVE-2026-20409,0.00097,0.0085
CVE-2026-20410,0.001,0.00979
CVE-2026-20411,0.00097,0.00849
CVE-2026-20412,0.00097,0.0085
CVE-2026-20413,0.001,0.00979
CVE-2026-20414,0.001,0.0098
CVE-2026-20415,0.00055,5e-05
CVE-2026-20416,0.00184,0.08177
CVE-2026-20417,0.00088,0.00445
CVE-2026-20418,0.00346,0.2801
CVE-2026-20419,0.00769,0.53836
CVE-2026-20420,0.00226,0.13458
CVE-2026-20421,0.00223,0.131
CVE-2026-20422,0.00226,0.13457
CVE-2026-20423,0.00122,0.02239
CVE-2026-20424,0.00073,0.00082
CVE-2026-20425,0.00077,0.0013
CVE-2026-20426,0.00077,0.00129
CVE-2026-20427,0.00077,0.0013
CVE-2026-20428,0.00077,0.0013
CVE-2026-20429,0.00073,0.00082
CVE-2026-20430,0.00225,0.13281
CVE-2026-20431,0.00309,0.23718
CVE-2026-20432,0.00294,0.22051
CVE-2026-20433,0.00341,0.27517
CVE-2026-20434,0.00219,0.12496
CVE-2026-20435,0.00115,0.01767
CVE-2026-20436,0.00123,0.02382
CVE-2026-20437,0.00071,0.00052
CVE-2026-20438,0.00058,8e-05
CVE-2026-20439,0.00071,0.00052
CVE-2026-20440,0.00077,0.00131
CVE-2026-20441,0.00077,0.0013
CVE-2026-20442,0.00071,0.00053
CVE-2026-20443,0.00077,0.00129
CVE-2026-20444,0.00077,0.00131
CVE-2026-20445,0.00122,0.02307
CVE-2026-20446,0.00191,0.09029
CVE-2026-20447,0.00114,0.01718
CVE-2026-20448,0.00146,0.04244
CVE-2026-20449,0.00224,0.13186
CVE-2026-20450,0.00291,0.21724
CVE-2026-20451,0.00154,0.04931
CVE-2026-20452,0.00435,0.3703
CVE-2026-20453,0.00114,0.01678
CVE-2026-20454,0.00078,0.00149
CVE-2026-20455,0.00108,0.01343
CVE-2026-20456,0.00102,0.01046
CVE-2026-20457,0.00286,0.21183
CVE-2026-20458,0.00329,0.26053
CVE-2026-20459,0.00264,0.18509
CVE-2026-20460,0.00264,0.18495
CVE-2026-20461,0.00283,0.2085
CVE-2026-20462,0.00159,0.05505
CVE-2026-20463,0.00161,0.05709
CVE-2026-20464,0.00353,0.28741
CVE-2026-20465,0.00203,0.10526
CVE-2026-20466,0.00166,0.06189
CVE-2026-20467,0.00121,0.02192
CVE-2026-20468,0.00115,0.01777
CVE-2026-20469,0.00115,0.01778
CVE-2026-20470,0.00131,0.0304
CVE-2026-20471,0.00165,0.06077
CVE-2026-20472,0.00107,0.01287
CVE-2026-20473,0.00121,0.02192
CVE-2026-20474,0.00093,0.00661
CVE-2026-20475,0.00121,0.02192
CVE-2026-20476,0.00109,0.01404
CVE-2026-20477,0.00121,0.02192
CVE-2026-20478,0.00103,0.01123
CVE-2026-20479,0.00497,0.41422
CVE-2026-20480,0.00103,0.01123
CVE-2026-20481,0.00113,0.01589
CVE-2026-20482,0.00182,0.0797
CVE-2026-20483,0.00126,0.02617
CVE-2026-20484,0.00117,0.01905
CVE-2026-20485,0.00107,0.01321
CVE-2026-20486,0.00114,0.01679
CVE-2026-20488,0.00123,0.02389
CVE-2026-20489,0.00123,0.0239
CVE-2026-20490,0.001,0.0095
CVE-2026-20491,0.00102,0.01045
CVE-2026-20492,0.00082,0.00248
CVE-2026-20493,0.001,0.00951
CVE-2026-20494,0.00102,0.01043
CVE-2026-20495,0.00102,0.01062
CVE-2026-20496,0.00112,0.01554
CVE-2026-20497,0.00113,0.01589
CVE-2026-20498,0.00113,0.01613
CVE-2026-20500,0.00094,0.0068
CVE-2026-20501,0.00127,0.02721
CVE-2026-20502,0.00125,0.02559
CVE-2026-20503,0.00192,0.09111
CVE-2026-20504,0.00192,0.0911
CVE-2026-20506,0.00114,0.01679
CVE-2026-20507,0.00114,0.01678
CVE-2026-20508,0.00114,0.01679
CVE-2026-20509,0.00122,0.02307
CVE-2026-20510,0.00122,0.02307
CVE-2026-20511,0.00114,0.01718
CVE-2026-20512,0.00108,0.01348
CVE-2026-20513,0.00178,0.0757
CVE-2026-20514,0.00108,0.01361
CVE-2026-20515,0.00111,0.01492
CVE-2026-20516,0.00094,0.00671
CVE-2026-20517,0.00114,0.01678
CVE-2026-20518,0.0012,0.02049
CVE-2026-20601,0.00147,0.04292
CVE-2026-20602,0.00144,0.04044
CVE-2026-20603,0.00135,0.03338
CVE-2026-20605,0.00251,0.167
CVE-2026-20606,0.00141,0.03836
CVE-2026-20607,0.00187,0.08566
CVE-2026-20608,0.00238,0.15013
CVE-2026-20609,0.00125,0.02555
CVE-2026-20610,0.00205,0.10767
CVE-2026-20611,0.00263,0.18376
CVE-2026-20612,0.00139,0.03639
CVE-2026-20613,0.00254,0.17093
CVE-2026-20614,0.00165,0.06114
CVE-2026-20615,0.00163,0.05914
CVE-2026-20616,0.00561,0.45199
CVE-2026-20617,0.00106,0.01221
CVE-2026-20618,0.00134,0.03266
CVE-2026-20619,0.00136,0.0344
CVE-2026-20620,0.00202,0.10346
CVE-2026-20621,0.00137,0.03507
CVE-2026-20622,0.00322,0.25228
CVE-2026-20623,0.00141,0.03785
CVE-2026-20624,0.00186,0.08397
CVE-2026-20625,0.00212,0.1173
CVE-2026-20626,0.00129,0.02904
CVE-2026-20627,0.00147,0.04339
CVE-2026-20628,0.0012,0.02105
CVE-2026-20629,0.00119,0.02037
CVE-2026-20630,0.00137,0.03472
CVE-2026-20631,0.00297,0.22401
CVE-2026-20632,0.00299,0.22621
CVE-2026-20633,0.0021,0.11369
CVE-2026-20634,0.00246,0.16001
CVE-2026-20635,0.00306,0.23401
CVE-2026-20636,0.00395,0.33293
CVE-2026-20637,0.00197,0.09707
CVE-2026-20638,0.00149,0.04506
CVE-2026-20639,0.00599,0.47068
CVE-2026-20640,0.00165,0.06176
CVE-2026-20641,0.00142,0.03871
CVE-2026-20642,0.00143,0.03938
CVE-2026-20643,0.00354,0.28923
CVE-2026-20644,0.00306,0.23401
CVE-2026-20645,0.00159,0.05411
CVE-2026-20646,0.00127,0.02681
CVE-2026-20647,0.00142,0.03896
CVE-2026-20648,0.00132,0.03174
CVE-2026-20649,0.00232,0.14171
CVE-2026-20650,0.00489,0.40872
CVE-2026-20651,0.00204,0.10624
CVE-2026-20652,0.00619,0.48016
CVE-2026-20653,0.0016,0.05616
CVE-2026-20654,0.00133,0.03181
CVE-2026-20655,0.00118,0.01945
CVE-2026-20656,0.0012,0.02052
CVE-2026-20657,0.00541,0.44116
CVE-2026-20658,0.0013,0.02982
CVE-2026-20660,0.00789,0.54461
CVE-2026-20661,0.00159,0.05411
CVE-2026-20662,0.00161,0.05686
CVE-2026-20663,0.00122,0.02237
CVE-2026-20664,0.0072,0.52184
CVE-2026-20665,0.0061,0.476
CVE-2026-20666,0.00114,0.01721
CVE-2026-20667,0.00134,0.03303
CVE-2026-20668,0.00178,0.07626
CVE-2026-20669,0.00133,0.03221
CVE-2026-20670,0.00126,0.02652
CVE-2026-20671,0.00332,0.26356
CVE-2026-20672,0.00183,0.08108
CVE-2026-20673,0.00321,0.25123
CVE-2026-20674,0.00154,0.04932
CVE-2026-20675,0.00259,0.1775
CVE-2026-20676,0.00231,0.14068
CVE-2026-20677,0.00286,0.2114
CVE-2026-20678,0.00128,0.0284
CVE-2026-20679,0.00211,0.1157
CVE-2026-20680,0.00128,0.02821
CVE-2026-20681,0.00118,0.01943
CVE-2026-20682,0.00239,0.1509
CVE-2026-20683,0.00237,0.14884
CVE-2026-20684,0.0013,0.03017
CVE-2026-20685,0.00212,0.11707
CVE-2026-20686,0.00192,0.09092
CVE-2026-20687,0.00335,0.26716
CVE-2026-20688,0.00275,0.19945
CVE-2026-20690,0.00724,0.52303
CVE-2026-20691,0.00276,0.20118
CVE-2026-20692,0.00424,0.36093
CVE-2026-20693,0.00397,0.33466
CVE-2026-20694,0.00197,0.09672
CVE-2026-20695,0.0032,0.24964
CVE-2026-20696,0.00116,0.0182
CVE-2026-20697,0.00396,0.3337
CVE-2026-20698,0.00326,0.25705
CVE-2026-20699,0.00137,0.03456
CVE-2026-20700,0.01343,0.69937
CVE-2026-20701,0.0042,0.35685
CVE-2026-20702,0.00325,0.25653
CVE-2026-20704,0.00139,0.03623
CVE-2026-20705,0.00105,0.01188
CVE-2026-20706,0.00565,0.45454
CVE-2026-20707,0.00077,0.00135
CVE-2026-20708,0.00245,0.15903
CVE-2026-20709,0.00111,0.0151
CVE-2026-20711,0.00234,0.14433
CVE-2026-20712,0.0012,0.02078
CVE-2026-20713,0.00102,0.01038
CVE-2026-20714,0.0011,0.01443
CVE-2026-20715,0.00316,0.24574
CVE-2026-20716,0.0009,0.00497
CVE-2026-20717,0.00099,0.009
CVE-2026-20718,0.00082,0.00248
CVE-2026-20719,0.00351,0.2862
CVE-2026-20726,0.00268,0.19056
CVE-2026-20727,0.00354,0.29001
CVE-2026-20728,0.0012,0.02141
CVE-2026-20730,0.00104,0.01138
CVE-2026-20731,0.00105,0.01207
CVE-2026-20732,0.0016,0.05559
CVE-2026-20733,0.00272,0.19657
CVE-2026-20734,0.0012,0.02078
CVE-2026-20736,0.00411,0.34838
CVE-2026-20737,0.00118,0.01944
CVE-2026-20738,0.00112,0.01538
CVE-2026-20739,0.00175,0.07247
CVE-2026-20741,0.00121,0.02186
CVE-2026-20742,0.01489,0.72776
CVE-2026-20744,0.00758,0.53454
CVE-2026-20745,0.00175,0.07246
CVE-2026-20746,0.00278,0.20306
CVE-2026-20747,0.00185,0.08305
CVE-2026-20748,0.00252,0.16783
CVE-2026-20749,0.00176,0.07442
CVE-2026-20750,0.00408,0.34567
CVE-2026-20751,0.0012,0.02063
CVE-2026-20752,0.00138,0.03601
CVE-2026-20753,0.00125,0.02519
CVE-2026-20754,0.00104,0.01156
CVE-2026-20755,0.0012,0.02142
CVE-2026-20757,0.00069,0.0004
CVE-2026-20759,0.0155,0.73813
CVE-2026-20760,0.00103,0.01084
CVE-2026-20761,0.00876,0.57209
CVE-2026-20763,0.00112,0.01537
CVE-2026-20764,0.01934,0.7902
CVE-2026-20765,0.00228,0.13659
CVE-2026-20766,0.00288,0.21434
CVE-2026-20767,0.0011,0.01443
CVE-2026-20769,0.00134,0.03304
CVE-2026-20770,0.0012,0.02142
CVE-2026-20771,0.00101,0.01012
CVE-2026-20772,0.0009,0.00509
CVE-2026-20773,0.00207,0.11033
CVE-2026-20775,0.00099,0.00892
CVE-2026-20776,0.00354,0.29
CVE-2026-20777,0.00511,0.4234
CVE-2026-20778,0.00312,0.24039
CVE-2026-20779,0.00481,0.40373
CVE-2026-20780,0.00109,0.01392
CVE-2026-20781,0.00518,0.42799
CVE-2026-20782,0.001,0.00981
CVE-2026-20783,0.00105,0.01207
CVE-2026-20786,0.00143,0.03974
CVE-2026-20787,0.00175,0.07247
CVE-2026-20789,0.00112,0.01534
CVE-2026-20791,0.00301,0.2285
CVE-2026-20792,0.00477,0.40071
CVE-2026-20793,0.00096,0.00803
CVE-2026-20794,0.00127,0.02685
CVE-2026-20795,0.00175,0.07247
CVE-2026-20796,0.00207,0.1098
CVE-2026-20797,0.00777,0.54088
CVE-2026-20799,0.00095,0.00767
CVE-2026-20800,0.00378,0.31461
CVE-2026-20801,0.00102,0.01034
CVE-2026-20803,0.01267,0.68284
CVE-2026-20804,0.00508,0.42136
CVE-2026-20805,0.05187,0.92038
CVE-2026-20806,0.00341,0.27456
CVE-2026-20808,0.00297,0.22432
CVE-2026-20809,0.00364,0.30068
CVE-2026-20810,0.005,0.41617
CVE-2026-20811,0.00494,0.41245
CVE-2026-20812,0.01138,0.64967
CVE-2026-20814,0.00297,0.22433
CVE-2026-20815,0.00297,0.22431
CVE-2026-20816,0.02473,0.83716
CVE-2026-20817,0.05502,0.92379
CVE-2026-20818,0.00729,0.52487
CVE-2026-20819,0.00551,0.44713
CVE-2026-20820,0.02602,0.84574
CVE-2026-20821,0.00706,0.51663
CVE-2026-20822,0.00395,0.33298
CVE-2026-20823,0.00667,0.50171
CVE-2026-20824,0.00869,0.56984
CVE-2026-20825,0.0054,0.44098
CVE-2026-20826,0.00305,0.23215
CVE-2026-20827,0.00667,0.50171
CVE-2026-20828,0.00653,0.49601
CVE-2026-20829,0.00564,0.45384
CVE-2026-20830,0.00297,0.22433
CVE-2026-20831,0.00305,0.23215
CVE-2026-20832,0.00485,0.406
CVE-2026-20833,0.0054,0.4408
CVE-2026-20834,0.0075,0.53204
CVE-2026-20835,0.00564,0.45384
CVE-2026-20836,0.00297,0.22432
CVE-2026-20837,0.00695,0.51281
CVE-2026-20838,0.00667,0.50171
CVE-2026-20839,0.00488,0.408
CVE-2026-20840,0.04656,0.91274
CVE-2026-20841,0.11848,0.95874
CVE-2026-20842,0.00395,0.33298
CVE-2026-20843,0.03499,0.88568
CVE-2026-20844,0.00325,0.25584
CVE-2026-20846,0.01392,0.70964
CVE-2026-20847,0.01369,0.70505
CVE-2026-20848,0.00756,0.53385
CVE-2026-20849,0.01026,0.61869
CVE-2026-20851,0.00596,0.46896
CVE-2026-20852,0.00508,0.42136
CVE-2026-20853,0.00318,0.24755
CVE-2026-20854,0.011,0.63997
CVE-2026-20856,0.01133,0.64818
CVE-2026-20857,0.00485,0.406
CVE-2026-20858,0.00297,0.22431
CVE-2026-20859,0.00484,0.40569
CVE-2026-20860,0.084,0.94688
CVE-2026-20861,0.00297,0.22432
CVE-2026-20862,0.00647,0.49313
CVE-2026-20863,0.00395,0.33298
CVE-2026-20864,0.00561,0.45208
CVE-2026-20865,0.00395,0.33297
CVE-2026-20866,0.00297,0.22432
CVE-2026-20867,0.00297,0.22431
CVE-2026-20868,0.0141,0.71301
CVE-2026-20869,0.00297,0.22433
CVE-2026-20870,0.00474,0.39885
CVE-2026-20871,0.042,0.90442
CVE-2026-20872,0.20059,0.97307
CVE-2026-20873,0.00297,0.22433
CVE-2026-20874,0.00297,0.22431
CVE-2026-20875,0.01563,0.74013
CVE-2026-20876,0.00516,0.42645
CVE-2026-20877,0.00307,0.23489
CVE-2026-20878,0.00231,0.14121
CVE-2026-20879,0.0012,0.02063
CVE-2026-20881,0.00098,0.00858
CVE-2026-20882,0.00437,0.37226
CVE-2026-20883,0.00347,0.28092
CVE-2026-20884,0.00568,0.45576
CVE-2026-20885,0.00143,0.03978
CVE-2026-20886,0.00231,0.1412
CVE-2026-20887,0.00461,0.38962
CVE-2026-20888,0.00315,0.24467
CVE-2026-20889,0.00805,0.54973
CVE-2026-20890,0.0012,0.02126
CVE-2026-20891,0.00127,0.02695
CVE-2026-20892,0.00567,0.45531
CVE-2026-20893,0.00127,0.02724
CVE-2026-20894,0.00213,0.11815
CVE-2026-20895,0.00356,0.29186
CVE-2026-20896,0.02755,0.85496
CVE-2026-20897,0.00432,0.36734
CVE-2026-20898,0.00119,0.02003
CVE-2026-20901,0.00097,0.00832
CVE-2026-20902,0.01489,0.72776
CVE-2026-20903,0.00154,0.0492
CVE-2026-20904,0.00289,0.21505
CVE-2026-20905,0.00099,0.00899
CVE-2026-20906,0.00154,0.0492
CVE-2026-20908,0.00073,0.00081
CVE-2026-20909,0.00286,0.21178
CVE-2026-20910,0.01489,0.72776
CVE-2026-20911,0.00629,0.48507
CVE-2026-20912,0.00432,0.36735
CVE-2026-20913,0.00104,0.01153
CVE-2026-20914,0.00098,0.00858
CVE-2026-20915,0.00147,0.04285
CVE-2026-20916,0.00366,0.30178
CVE-2026-20917,0.0011,0.01451
CVE-2026-20918,0.00307,0.23488
CVE-2026-20919,0.00811,0.55169
CVE-2026-20920,0.005,0.41617
CVE-2026-20921,0.01193,0.66443
CVE-2026-20922,0.011,0.63989
CVE-2026-20923,0.00408,0.34578
CVE-2026-20924,0.00307,0.23489
CVE-2026-20925,0.1818,0.97054
CVE-2026-20926,0.00811,0.55169
CVE-2026-20927,0.00923,0.58615
CVE-2026-20928,0.0043,0.36585
CVE-2026-20929,0.02914,0.86315
CVE-2026-20930,0.00193,0.09258
CVE-2026-20931,0.00857,0.56644
CVE-2026-20932,0.00689,0.51073
CVE-2026-20934,0.00756,0.53385
CVE-2026-20935,0.00444,0.37752
CVE-2026-20936,0.00482,0.40434
CVE-2026-20937,0.00508,0.42133
CVE-2026-20938,0.00474,0.39885
CVE-2026-20939,0.0051,0.42243
CVE-2026-20940,0.00463,0.39092
CVE-2026-20941,0.00482,0.40461
CVE-2026-20943,0.00661,0.49942
CVE-2026-20944,0.00523,0.43107
CVE-2026-20945,0.19075,0.97169
CVE-2026-20946,0.00669,0.50253
CVE-2026-20947,0.18846,0.97139
CVE-2026-20948,0.00606,0.47399
CVE-2026-20949,0.00469,0.39519
CVE-2026-20950,0.00495,0.41288
CVE-2026-20951,0.00813,0.55223
CVE-2026-20952,0.00534,0.43765
CVE-2026-20953,0.00587,0.46509
CVE-2026-20955,0.00606,0.47409
CVE-2026-20956,0.00443,0.37669
CVE-2026-20957,0.00499,0.41559
CVE-2026-20958,0.00343,0.27667
CVE-2026-20959,0.07574,0.94215
CVE-2026-20960,0.00528,0.43397
CVE-2026-20962,0.00434,0.36946
CVE-2026-20963,0.32613,0.98252
CVE-2026-20965,0.00228,0.13665
CVE-2026-20967,0.0106,0.6287
CVE-2026-20968,0.00175,0.0727
CVE-2026-20969,0.00282,0.20823
CVE-2026-20970,0.00142,0.03881
CVE-2026-20971,0.00172,0.06857
CVE-2026-20972,0.00128,0.02847
CVE-2026-20973,0.00471,0.39695
CVE-2026-20974,0.00191,0.08989
CVE-2026-20975,0.00149,0.04438
CVE-2026-20976,0.0016,0.05617
CVE-2026-20977,0.00127,0.02757
CVE-2026-20978,0.00121,0.02193
CVE-2026-20979,0.00131,0.03077
CVE-2026-20980,0.00236,0.14755
CVE-2026-20981,0.002,0.10129
CVE-2026-20982,0.00306,0.23382
CVE-2026-20983,0.00131,0.03078
CVE-2026-20984,0.00148,0.04347
CVE-2026-20985,0.00287,0.21261
CVE-2026-20986,0.0016,0.05547
CVE-2026-20987,0.00141,0.03825
CVE-2026-20988,0.00082,0.00266
CVE-2026-20989,0.0011,0.0145
CVE-2026-20990,0.00159,0.05466
CVE-2026-20991,0.00119,0.02034
CVE-2026-20992,0.00084,0.00333
CVE-2026-20993,0.00092,0.00589
CVE-2026-20994,0.00119,0.02002
CVE-2026-20995,0.00282,0.20742
CVE-2026-20996,0.00168,0.06457
CVE-2026-20997,0.00256,0.17424
CVE-2026-20998,0.00548,0.44518
CVE-2026-20999,0.00313,0.24188
CVE-2026-21000,0.0013,0.02992
CVE-2026-21001,0.00117,0.01876
CVE-2026-21002,0.00068,0.00039
CVE-2026-21003,0.00162,0.05753
CVE-2026-21004,0.00185,0.08342
CVE-2026-21005,0.00235,0.14595
CVE-2026-21006,0.00125,0.02539
CVE-2026-21007,0.00162,0.05753
CVE-2026-21008,0.00163,0.05861
CVE-2026-21009,0.00227,0.13545
CVE-2026-21010,0.00104,0.0116
CVE-2026-21011,0.00149,0.04474
CVE-2026-21012,0.00093,0.00637
CVE-2026-21013,0.00093,0.0063
CVE-2026-21014,0.00085,0.00357
CVE-2026-21015,0.00092,0.00589
CVE-2026-21016,0.00093,0.00656
CVE-2026-21017,0.00093,0.00632
CVE-2026-21018,0.00155,0.05083
CVE-2026-21019,0.00156,0.05119
CVE-2026-21020,0.00094,0.00688
CVE-2026-21021,0.00211,0.11597
CVE-2026-21022,0.00093,0.00629
CVE-2026-21023,0.00104,0.01132
CVE-2026-21024,0.00091,0.00544
CVE-2026-21025,0.00093,0.0063
CVE-2026-21026,0.00093,0.00629
CVE-2026-21027,0.00084,0.00334
CVE-2026-21028,0.00093,0.00629
CVE-2026-21029,0.00093,0.00651
CVE-2026-21030,0.00094,0.00688
CVE-2026-21031,0.00093,0.00624
CVE-2026-21032,0.00093,0.0063
CVE-2026-21033,0.00093,0.0063
CVE-2026-21034,0.00084,0.00333
CVE-2026-21035,0.00298,0.22525
CVE-2026-21036,0.00094,0.00679
CVE-2026-21037,0.00105,0.01204
CVE-2026-21038,0.00101,0.01012
CVE-2026-21039,0.00151,0.04591
CVE-2026-21040,0.0013,0.03012
CVE-2026-21041,0.00151,0.04591
CVE-2026-21042,0.00436,0.3715
CVE-2026-21043,0.00172,0.06888
CVE-2026-21044,0.00138,0.03576
CVE-2026-21045,0.00521,0.42989
CVE-2026-21046,0.00129,0.02859
CVE-2026-21047,0.00396,0.33401
CVE-2026-21048,0.00521,0.42989
CVE-2026-21049,0.00155,0.05082
CVE-2026-21050,0.00151,0.04591
CVE-2026-21051,0.00151,0.04592
CVE-2026-21052,0.00161,0.05643
CVE-2026-21053,0.00159,0.0544
CVE-2026-21054,0.00151,0.04592
CVE-2026-21055,0.00168,0.06527
CVE-2026-21056,0.0013,0.03012
CVE-2026-21057,0.00152,0.04718
CVE-2026-21058,0.00104,0.0113
CVE-2026-21059,0.00093,0.00615
CVE-2026-21060,0.00155,0.05032
CVE-2026-21061,0.00291,0.21733
CVE-2026-21062,0.00094,0.007
CVE-2026-21063,0.00148,0.04403
CVE-2026-21064,0.00093,0.00614
CVE-2026-21065,0.00112,0.01543
CVE-2026-21066,0.00113,0.01622
CVE-2026-21067,0.00113,0.01622
CVE-2026-21068,0.00125,0.02578
CVE-2026-21069,0.00105,0.01213
CVE-2026-21070,0.00145,0.04097
CVE-2026-21071,0.00105,0.01213
CVE-2026-21072,0.00113,0.01621
CVE-2026-21073,0.00155,0.05032
CVE-2026-21074,0.00103,0.01113
CVE-2026-21075,0.0036,0.29535
CVE-2026-21076,0.00093,0.00631
CVE-2026-21077,0.00093,0.00631
CVE-2026-21078,0.00102,0.01054
CVE-2026-21079,0.00069,0.0004
CVE-2026-21080,0.00112,0.01533
CVE-2026-21081,0.00091,0.00565
CVE-2026-21082,0.00124,0.02469
CVE-2026-21083,0.00163,0.05861
CVE-2026-21084,0.00091,0.00545
CVE-2026-21085,0.00109,0.01383
CVE-2026-21086,0.00106,0.01258
CVE-2026-21087,0.00115,0.01725
CVE-2026-21088,0.00113,0.01622
CVE-2026-21089,0.00105,0.01212
CVE-2026-21090,0.00104,0.01161
CVE-2026-21091,0.00104,0.01161
CVE-2026-21092,0.00315,0.24418
CVE-2026-21093,0.00094,0.00702
CVE-2026-21094,0.00164,0.06
CVE-2026-21095,0.00455,0.38608
CVE-2026-21096,0.00455,0.38607
CVE-2026-21097,0.00124,0.02461
CVE-2026-21098,0.00105,0.012
CVE-2026-21099,0.00093,0.00631
CVE-2026-21100,0.00093,0.00631
CVE-2026-21101,0.00118,0.01965
CVE-2026-21102,0.00118,0.01965
CVE-2026-21103,0.00177,0.07528
CVE-2026-21104,0.00101,0.01
CVE-2026-21105,0.00105,0.012
CVE-2026-21106,0.00105,0.012
CVE-2026-21107,0.00099,0.00913
CVE-2026-21108,0.00105,0.01201
CVE-2026-21109,0.00105,0.01201
CVE-2026-21110,0.00108,0.0136
CVE-2026-21111,0.00099,0.00913
CVE-2026-21112,0.001,0.00938
CVE-2026-21113,0.00091,0.00545
CVE-2026-21218,0.01033,0.62107
CVE-2026-21219,0.00378,0.31458
CVE-2026-21221,0.00234,0.14446
CVE-2026-21222,0.00592,0.46728
CVE-2026-21223,0.00276,0.2011
CVE-2026-21224,0.00315,0.24458
CVE-2026-21226,0.00929,0.58813
CVE-2026-21227,0.00512,0.42396
CVE-2026-21228,0.00757,0.53427
CVE-2026-21229,0.00938,0.5911
CVE-2026-21231,0.02589,0.84488
CVE-2026-21232,0.00433,0.36884
CVE-2026-21234,0.00271,0.19415
CVE-2026-21235,0.00719,0.5217
CVE-2026-21236,0.00433,0.36884
CVE-2026-21237,0.00271,0.19414
CVE-2026-21238,0.0336,0.88101
CVE-2026-21239,0.00433,0.36885
CVE-2026-21240,0.00278,0.20293
CVE-2026-21241,0.02587,0.84478
CVE-2026-21242,0.00353,0.28854
CVE-2026-21243,0.01392,0.70963
CVE-2026-21244,0.01291,0.68777
CVE-2026-21245,0.00433,0.36884
CVE-2026-21246,0.00434,0.36925
CVE-2026-21247,0.00569,0.45633
CVE-2026-21248,0.01291,0.68778
CVE-2026-21249,0.11141,0.95711
CVE-2026-21250,0.01081,0.63442
CVE-2026-21251,0.00433,0.36884
CVE-2026-21253,0.00797,0.54718
CVE-2026-21255,0.0037,0.30633
CVE-2026-21256,0.01144,0.65094
CVE-2026-21257,0.00878,0.57273
CVE-2026-21258,0.00619,0.48036
CVE-2026-21259,0.00544,0.4431
CVE-2026-21260,0.0148,0.72613
CVE-2026-21261,0.00619,0.48037
CVE-2026-21262,0.02044,0.80196
CVE-2026-21264,0.00385,0.32189
CVE-2026-21265,0.01072,0.63208
CVE-2026-21267,0.00834,0.55889
CVE-2026-21268,0.00247,0.1615
CVE-2026-21269,0.00495,0.41305
CVE-2026-21271,0.00247,0.16149
CVE-2026-21272,0.00229,0.13835
CVE-2026-21273,0.00564,0.45411
CVE-2026-21274,0.00236,0.14816
CVE-2026-21275,0.00247,0.1615
CVE-2026-21276,0.00247,0.16149
CVE-2026-21277,0.00272,0.19634
CVE-2026-21278,0.00222,0.12833
CVE-2026-21279,0.00507,0.42059
CVE-2026-21280,0.00252,0.16851
CVE-2026-21281,0.00223,0.13057
CVE-2026-21282,0.00524,0.43159
CVE-2026-21283,0.0029,0.21636
CVE-2026-21284,0.00382,0.31893
CVE-2026-21285,0.00255,0.17251
CVE-2026-21286,0.00295,0.22155
CVE-2026-21287,0.00212,0.11622
CVE-2026-21288,0.00207,0.10984
CVE-2026-21289,0.00603,0.47284
CVE-2026-21290,0.00452,0.3835
CVE-2026-21291,0.00267,0.18959
CVE-2026-21292,0.00255,0.17245
CVE-2026-21293,0.00243,0.15612
CVE-2026-21294,0.00243,0.15612
CVE-2026-21295,0.00233,0.14338
CVE-2026-21296,0.00339,0.27276
CVE-2026-21297,0.0035,0.28434
CVE-2026-21298,0.00223,0.13039
CVE-2026-21299,0.00239,0.15177
CVE-2026-21300,0.00168,0.06404
CVE-2026-21301,0.00168,0.06404
CVE-2026-21302,0.00184,0.08172
CVE-2026-21303,0.00246,0.1597
CVE-2026-21304,0.00272,0.19634
CVE-2026-21305,0.00219,0.1254
CVE-2026-21306,0.0019,0.08908
CVE-2026-21307,0.00176,0.07418
CVE-2026-21308,0.00184,0.08172
CVE-2026-21309,0.0056,0.45158
CVE-2026-21310,0.00302,0.22925
CVE-2026-21311,0.00304,0.23125
CVE-2026-21312,0.00191,0.09044
CVE-2026-21313,0.00159,0.05431
CVE-2026-21314,0.00159,0.0543
CVE-2026-21315,0.00159,0.05429
CVE-2026-21316,0.00145,0.04148
CVE-2026-21317,0.00159,0.05431
CVE-2026-21318,0.00191,0.09043
CVE-2026-21319,0.00159,0.0543
CVE-2026-21320,0.00228,0.13784
CVE-2026-21321,0.00219,0.12516
CVE-2026-21322,0.00219,0.12516
CVE-2026-21323,0.00228,0.13783
CVE-2026-21324,0.00219,0.12515
CVE-2026-21325,0.00219,0.12515
CVE-2026-21326,0.00228,0.13783
CVE-2026-21327,0.00191,0.09044
CVE-2026-21328,0.00191,0.09043
CVE-2026-21329,0.00228,0.13784
CVE-2026-21330,0.00219,0.12515
CVE-2026-21331,0.0028,0.20597
CVE-2026-21332,0.00159,0.05432
CVE-2026-21333,0.00161,0.05726
CVE-2026-21334,0.00191,0.09043
CVE-2026-21335,0.00191,0.09044
CVE-2026-21336,0.00145,0.04148
CVE-2026-21337,0.00159,0.0543
CVE-2026-21338,0.00145,0.04148
CVE-2026-21339,0.00159,0.0543
CVE-2026-21340,0.00159,0.05431
CVE-2026-21341,0.00144,0.04062
CVE-2026-21342,0.00183,0.08112
CVE-2026-21343,0.00165,0.0609
CVE-2026-21344,0.00165,0.06089
CVE-2026-21345,0.00163,0.05904
CVE-2026-21346,0.00144,0.04063
CVE-2026-21347,0.00165,0.06089
CVE-2026-21348,0.00157,0.05287
CVE-2026-21349,0.00144,0.04063
CVE-2026-21350,0.00145,0.04148
CVE-2026-21351,0.00228,0.13783
CVE-2026-21352,0.00163,0.0594
CVE-2026-21353,0.00187,0.08527
CVE-2026-21354,0.00144,0.04075
CVE-2026-21355,0.00158,0.05333
CVE-2026-21357,0.00234,0.14512
CVE-2026-21358,0.0016,0.05538
CVE-2026-21359,0.00211,0.11566
CVE-2026-21360,0.00636,0.48827
CVE-2026-21361,0.00445,0.37821
CVE-2026-21362,0.00141,0.03816
CVE-2026-21363,0.0013,0.02999
CVE-2026-21364,0.0013,0.02999
CVE-2026-21365,0.00142,0.03908
CVE-2026-21366,0.0007,0.00047
CVE-2026-21367,0.00203,0.10496
CVE-2026-21368,0.00079,0.00189
CVE-2026-21369,0.00079,0.00189
CVE-2026-21370,0.00079,0.00189
CVE-2026-21371,0.00096,0.00795
CVE-2026-21372,0.00096,0.00795
CVE-2026-21373,0.00077,0.00134
CVE-2026-21374,0.00113,0.01589
CVE-2026-21375,0.00075,0.00108
CVE-2026-21376,0.00096,0.00794
CVE-2026-21378,0.00075,0.00106
CVE-2026-21379,0.00103,0.01095
CVE-2026-21380,0.00075,0.00107
CVE-2026-21381,0.00149,0.04506
CVE-2026-21382,0.00075,0.00107
CVE-2026-21383,0.00101,0.01027
CVE-2026-21384,0.00079,0.00189
CVE-2026-21385,0.01287,0.68687
CVE-2026-21386,0.00184,0.08224
CVE-2026-21387,0.00154,0.04921
CVE-2026-21388,0.00311,0.23966
CVE-2026-21389,0.01489,0.72775
CVE-2026-21391,0.00446,0.37914
CVE-2026-21393,0.00216,0.12222
CVE-2026-21399,0.00114,0.01658
CVE-2026-21400,0.00154,0.04921
CVE-2026-21404,0.00122,0.02247
CVE-2026-21408,0.00153,0.04808
CVE-2026-21409,0.00337,0.26949
CVE-2026-21410,0.00538,0.43984
CVE-2026-21411,0.00377,0.31401
CVE-2026-21413,0.00932,0.5894
CVE-2026-21417,0.00178,0.07612
CVE-2026-21418,0.0061,0.47578
CVE-2026-21419,0.00155,0.05024
CVE-2026-21420,0.0013,0.02993
CVE-2026-21421,0.00127,0.02766
CVE-2026-21422,0.00107,0.01283
CVE-2026-21423,0.00161,0.0567
CVE-2026-21424,0.00127,0.02766
CVE-2026-21425,0.00084,0.00317
CVE-2026-21426,0.0013,0.02981
CVE-2026-21427,0.00185,0.08283
CVE-2026-21428,0.00413,0.35078
CVE-2026-21429,0.00232,0.1427
CVE-2026-21430,0.0018,0.07867
CVE-2026-21431,0.00193,0.09167
CVE-2026-21432,0.00193,0.09167
CVE-2026-21433,0.00312,0.2413
CVE-2026-21434,0.00429,0.36495
CVE-2026-21435,0.00429,0.36495
CVE-2026-21436,0.00293,0.21941
CVE-2026-21437,0.00171,0.06779
CVE-2026-21438,0.0038,0.31678
CVE-2026-21439,0.00336,0.26875
CVE-2026-21440,0.01049,0.6254
CVE-2026-21441,0.02965,0.86538
CVE-2026-21443,0.00143,0.03935
CVE-2026-21444,0.00078,0.00163
CVE-2026-21445,0.3371,0.98302
CVE-2026-21446,0.00643,0.49133
CVE-2026-21447,0.00309,0.23709
CVE-2026-21448,0.0093,0.58844
CVE-2026-21449,0.00516,0.42687
CVE-2026-21450,0.01394,0.71004
CVE-2026-21451,0.00565,0.45443
CVE-2026-21452,0.00612,0.47667
CVE-2026-21483,0.00229,0.13841
CVE-2026-21484,0.00779,0.54147
CVE-2026-21485,0.0036,0.29562
CVE-2026-21486,0.00156,0.05109
CVE-2026-21487,0.00187,0.08571
CVE-2026-21488,0.00148,0.04406
CVE-2026-21489,0.00133,0.03223
CVE-2026-21490,0.00215,0.12089
CVE-2026-21491,0.00216,0.12179
CVE-2026-21492,0.00192,0.09066
CVE-2026-21493,0.00183,0.08171
CVE-2026-21494,0.0016,0.0554
CVE-2026-21495,0.00125,0.0256
CVE-2026-21496,0.00184,0.08272
CVE-2026-21497,0.00184,0.08273
CVE-2026-21498,0.00184,0.08273
CVE-2026-21499,0.00184,0.08273
CVE-2026-21500,0.00216,0.12163
CVE-2026-21501,0.00216,0.12163
CVE-2026-21502,0.00184,0.08273
CVE-2026-21503,0.00184,0.08272
CVE-2026-21504,0.00214,0.11867
CVE-2026-21505,0.00195,0.09385
CVE-2026-21506,0.00184,0.08272
CVE-2026-21507,0.00427,0.36288
CVE-2026-21508,0.00438,0.37296
CVE-2026-21509,0.72554,0.99412
CVE-2026-21510,0.26244,0.97892
CVE-2026-21511,0.03768,0.89366
CVE-2026-21512,0.00998,0.61024
CVE-2026-21513,0.15642,0.96664
CVE-2026-21514,0.01544,0.737
CVE-2026-21515,0.00701,0.51489
CVE-2026-21516,0.00824,0.55584
CVE-2026-21517,0.00369,0.30486
CVE-2026-21518,0.0141,0.71299
CVE-2026-21519,0.02462,0.83646
CVE-2026-21520,0.01459,0.72215
CVE-2026-21521,0.00534,0.4378
CVE-2026-21522,0.00431,0.36662
CVE-2026-21523,0.00806,0.55035
CVE-2026-21524,0.00535,0.4381
CVE-2026-21525,0.05042,0.91856
CVE-2026-21527,0.07972,0.94449
CVE-2026-21528,0.00532,0.43651
CVE-2026-21529,0.00646,0.49271
CVE-2026-21530,0.00319,0.24909
CVE-2026-21531,0.0243,0.83417
CVE-2026-21532,0.00874,0.57165
CVE-2026-21533,0.03913,0.8977
CVE-2026-21535,0.00592,0.46746
CVE-2026-21536,0.01596,0.7449
CVE-2026-21537,0.00558,0.45083
CVE-2026-21548,0.00403,0.34163
CVE-2026-21549,0.00403,0.34162
CVE-2026-21550,0.00403,0.34164
CVE-2026-21551,0.00403,0.34163
CVE-2026-21552,0.00403,0.34163
CVE-2026-21553,0.00403,0.34164
CVE-2026-21554,0.00403,0.34162
CVE-2026-21555,0.00403,0.34163
CVE-2026-21569,0.00315,0.24428
CVE-2026-21570,0.00571,0.45738
CVE-2026-21571,0.01345,0.69978
CVE-2026-21575,0.00322,0.2522
CVE-2026-21577,0.00243,0.15713
CVE-2026-21579,0.00259,0.17786
CVE-2026-21580,0.00395,0.33289
CVE-2026-21582,0.00393,0.33053
CVE-2026-21584,0.00309,0.23731
CVE-2026-21586,0.00324,0.25506
CVE-2026-21587,0.00324,0.25506
CVE-2026-21588,0.00289,0.21546
CVE-2026-21618,0.00253,0.16975
CVE-2026-21619,0.00576,0.45963
CVE-2026-21620,0.00461,0.39002
CVE-2026-21621,0.00323,0.25316
CVE-2026-21622,0.0039,0.32737
CVE-2026-21623,0.002,0.10026
CVE-2026-21624,0.002,0.10026
CVE-2026-21625,0.0039,0.32781
CVE-2026-21626,0.00383,0.32016
CVE-2026-21627,0.01544,0.73699
CVE-2026-21628,0.00471,0.39693
CVE-2026-21629,0.00249,0.16461
CVE-2026-21630,0.00341,0.27497
CVE-2026-21631,0.00216,0.12215
CVE-2026-21632,0.0019,0.08854
CVE-2026-21633,0.00449,0.38164
CVE-2026-21634,0.00421,0.35835
CVE-2026-21635,0.00146,0.04271
CVE-2026-21636,0.00825,0.55614
CVE-2026-21637,0.01097,0.63933
CVE-2026-21638,0.00414,0.35106
CVE-2026-21639,0.00383,0.32019
CVE-2026-21640,0.00223,0.12996
CVE-2026-21641,0.00242,0.15496
CVE-2026-21642,0.00173,0.07057
CVE-2026-21643,0.94085,0.99842
CVE-2026-21653,0.00388,0.32551
CVE-2026-21654,0.01506,0.73077
CVE-2026-21655,0.00492,0.41055
CVE-2026-21656,0.00392,0.33016
CVE-2026-21657,0.00392,0.33016
CVE-2026-21658,0.00626,0.48367
CVE-2026-21659,0.00909,0.5819
CVE-2026-21660,0.0023,0.13929
CVE-2026-21661,0.00108,0.01329
CVE-2026-21662,0.0028,0.2059
CVE-2026-21663,0.00173,0.07057
CVE-2026-21664,0.00173,0.07056
CVE-2026-21665,0.00447,0.38012
CVE-2026-21666,0.01128,0.64728
CVE-2026-21667,0.01128,0.64728
CVE-2026-21668,0.0051,0.42227
CVE-2026-21669,0.01173,0.65918
CVE-2026-21670,0.00401,0.33889
CVE-2026-21671,0.01329,0.69614
CVE-2026-21672,0.00223,0.12998
CVE-2026-21673,0.00193,0.09261
CVE-2026-21674,0.00184,0.08206
CVE-2026-21675,0.0044,0.37422
CVE-2026-21676,0.00399,0.33755
CVE-2026-21677,0.0036,0.29561
CVE-2026-21678,0.00194,0.09351
CVE-2026-21679,0.00375,0.31127
CVE-2026-21680,0.00309,0.23715
CVE-2026-21681,0.00205,0.107
CVE-2026-21682,0.0036,0.29561
CVE-2026-21683,0.00313,0.24253
CVE-2026-21684,0.00284,0.20949
CVE-2026-21685,0.00284,0.20949
CVE-2026-21686,0.00284,0.20949
CVE-2026-21687,0.00284,0.20948
CVE-2026-21688,0.0036,0.29561
CVE-2026-21689,0.00319,0.24895
CVE-2026-21690,0.00229,0.13817
CVE-2026-21691,0.00284,0.20948
CVE-2026-21692,0.0036,0.29561
CVE-2026-21693,0.0036,0.2956
CVE-2026-21694,0.00278,0.20311
CVE-2026-21695,0.00283,0.20919
CVE-2026-21696,0.0054,0.44085
CVE-2026-21697,0.00413,0.35065
CVE-2026-21708,0.01093,0.63761
CVE-2026-21709,0.00171,0.06819
CVE-2026-21710,0.25044,0.97809
CVE-2026-21711,0.00175,0.0727
CVE-2026-21712,0.0032,0.24936
CVE-2026-21713,0.00385,0.3225
CVE-2026-21714,0.00454,0.38488
CVE-2026-21715,0.00158,0.05336
CVE-2026-21716,0.00149,0.04463
CVE-2026-21717,0.00268,0.19039
CVE-2026-21718,0.00428,0.36452
CVE-2026-21719,0.01203,0.66672
CVE-2026-21720,0.00656,0.49713
CVE-2026-21721,0.00688,0.51007
CVE-2026-21722,0.00332,0.26438
CVE-2026-21723,0.00327,0.25859
CVE-2026-21724,0.00263,0.18297
CVE-2026-21725,0.00161,0.05724
CVE-2026-21726,0.00409,0.34692
CVE-2026-21727,0.00204,0.10618
CVE-2026-21728,0.00637,0.48843
CVE-2026-21729,0.0046,0.38919
CVE-2026-21730,0.00205,0.10762
CVE-2026-21732,0.00288,0.21414
CVE-2026-21733,0.00099,0.00895
CVE-2026-21734,0.00162,0.05746
CVE-2026-21736,0.00124,0.02453
CVE-2026-21741,0.00209,0.11288
CVE-2026-21742,0.00148,0.04376
CVE-2026-21743,0.00349,0.28327
CVE-2026-21751,0.00162,0.0579
CVE-2026-21752,0.00265,0.18516
CVE-2026-21753,0.00139,0.03661
CVE-2026-21754,0.00141,0.03804
CVE-2026-21755,0.00214,0.11917
CVE-2026-21756,0.00316,0.24583
CVE-2026-21758,0.00171,0.06799
CVE-2026-21759,0.00222,0.12929
CVE-2026-21760,0.00207,0.11056
CVE-2026-21761,0.00146,0.04249
CVE-2026-21762,0.00172,0.06897
CVE-2026-21764,0.00133,0.03194
CVE-2026-21765,0.00101,0.00993
CVE-2026-21766,0.00181,0.07954
CVE-2026-21767,0.00114,0.01667
CVE-2026-21768,0.00157,0.05231
CVE-2026-21770,0.00111,0.01506
CVE-2026-21783,0.00278,0.20361
CVE-2026-21784,0.00142,0.03916
CVE-2026-21785,0.00148,0.0442
CVE-2026-21786,0.001,0.00952
CVE-2026-21788,0.00164,0.05971
CVE-2026-21789,0.00122,0.02253
CVE-2026-21790,0.0015,0.04567
CVE-2026-21791,0.00131,0.03061
CVE-2026-21807,0.00092,0.00586
CVE-2026-21808,0.00101,0.01007
CVE-2026-21809,0.00091,0.00535
CVE-2026-21810,0.00074,0.00092
CVE-2026-21821,0.00212,0.11637
CVE-2026-21824,0.00424,0.36111
CVE-2026-21825,0.00152,0.04711
CVE-2026-21826,0.00144,0.04053
CVE-2026-21827,0.00151,0.04662
CVE-2026-21832,0.00215,0.11983
CVE-2026-21836,0.00264,0.18442
CVE-2026-21837,0.0092,0.58538
CVE-2026-21840,0.0024,0.15343
CVE-2026-21851,0.00363,0.29899
CVE-2026-21852,0.24763,0.97786
CVE-2026-21853,0.00606,0.4739
CVE-2026-21854,0.00468,0.39436
CVE-2026-21855,0.00236,0.14798
CVE-2026-21856,0.00396,0.33405
CVE-2026-21857,0.00543,0.44269
CVE-2026-21858,0.78447,0.99561
CVE-2026-21859,0.00825,0.55604
CVE-2026-21860,0.00482,0.40431
CVE-2026-21861,0.02282,0.82281
CVE-2026-21862,0.0022,0.12593
CVE-2026-21863,0.00762,0.53612
CVE-2026-21864,0.00257,0.1753
CVE-2026-21865,0.00236,0.14744
CVE-2026-21866,0.00218,0.12419
CVE-2026-21868,0.00305,0.23245
CVE-2026-21869,0.00516,0.42656
CVE-2026-21870,0.0025,0.16494
CVE-2026-21871,0.00277,0.2023
CVE-2026-21872,0.00275,0.19964
CVE-2026-21873,0.00264,0.18453
CVE-2026-21874,0.00562,0.45322
CVE-2026-21875,0.01527,0.73401
CVE-2026-21876,0.14225,0.96398
CVE-2026-21877,0.05449,0.92323
CVE-2026-21878,0.0037,0.30616
CVE-2026-21879,0.00304,0.23117
CVE-2026-21880,0.00401,0.33879
CVE-2026-21881,0.00492,0.41101
CVE-2026-21882,0.00177,0.07532
CVE-2026-21883,0.00179,0.07659
CVE-2026-21884,0.00539,0.4401
CVE-2026-21885,0.00293,0.21972
CVE-2026-21886,0.00227,0.13543
CVE-2026-21887,0.00212,0.11718
CVE-2026-21888,0.00302,0.22929
CVE-2026-21889,0.00378,0.31479
CVE-2026-21891,0.0237,0.82966
CVE-2026-21892,0.00269,0.19185
CVE-2026-21893,0.01396,0.7103
CVE-2026-21894,0.00481,0.40353
CVE-2026-21895,0.0045,0.38269
CVE-2026-21896,0.00225,0.13271
CVE-2026-21897,0.00288,0.21435
CVE-2026-21898,0.00457,0.38725
CVE-2026-21899,0.0035,0.28439
CVE-2026-21900,0.00585,0.46412
CVE-2026-21901,0.00165,0.06158
CVE-2026-21902,0.17709,0.97001
CVE-2026-21903,0.00405,0.34313
CVE-2026-21904,0.0021,0.11424
CVE-2026-21905,0.00417,0.35389
CVE-2026-21906,0.00553,0.44787
CVE-2026-21907,0.00204,0.10621
CVE-2026-21908,0.00315,0.24444
CVE-2026-21909,0.00255,0.1726
CVE-2026-21910,0.0027,0.19269
CVE-2026-21911,0.00242,0.15556
CVE-2026-21912,0.00112,0.01569
CVE-2026-21913,0.00413,0.35055
CVE-2026-21914,0.00326,0.25727
CVE-2026-21915,0.0224,0.81975
CVE-2026-21916,0.00129,0.02898
CVE-2026-21917,0.00417,0.35389
CVE-2026-21918,0.00413,0.35055
CVE-2026-21919,0.00229,0.13808
CVE-2026-21920,0.00487,0.40767
CVE-2026-21921,0.0038,0.31708
CVE-2026-21922,0.00136,0.03408
CVE-2026-21923,0.00236,0.14792
CVE-2026-21924,0.00191,0.08998
CVE-2026-21925,0.00225,0.13325
CVE-2026-21926,0.00374,0.3112
CVE-2026-21927,0.00201,0.10158
CVE-2026-21928,0.00297,0.22397
CVE-2026-21929,0.00284,0.21014
CVE-2026-21930,0.00139,0.03621
CVE-2026-21931,0.00191,0.09028
CVE-2026-21932,0.00454,0.38507
CVE-2026-21933,0.00277,0.20191
CVE-2026-21934,0.00212,0.11704
CVE-2026-21935,0.00201,0.10158
CVE-2026-21936,0.00358,0.29404
CVE-2026-21937,0.00358,0.29404
CVE-2026-21938,0.00213,0.11745
CVE-2026-21939,0.00183,0.08084
CVE-2026-21940,0.00359,0.29521
CVE-2026-21941,0.00358,0.29404
CVE-2026-21942,0.00121,0.02147
CVE-2026-21943,0.00213,0.11744
CVE-2026-21944,0.00291,0.21691
CVE-2026-21945,0.00879,0.57306
CVE-2026-21946,0.00213,0.11745
CVE-2026-21947,0.00217,0.12258
CVE-2026-21948,0.00358,0.29405
CVE-2026-21949,0.00336,0.26912
CVE-2026-21950,0.00336,0.26871
CVE-2026-21951,0.00213,0.11745
CVE-2026-21952,0.00358,0.2936
CVE-2026-21953,0.00142,0.03904
CVE-2026-21954,0.00272,0.19634
CVE-2026-21955,0.00274,0.19905
CVE-2026-21956,0.00274,0.19905
CVE-2026-21957,0.00221,0.12742
CVE-2026-21959,0.00326,0.25697
CVE-2026-21960,0.00335,0.26737
CVE-2026-21961,0.00201,0.1026
CVE-2026-21962,0.4202,0.9862
CVE-2026-21963,0.00249,0.16418
CVE-2026-21964,0.00358,0.29404
CVE-2026-21965,0.00324,0.25463
CVE-2026-21966,0.00185,0.08287
CVE-2026-21967,0.00281,0.2062
CVE-2026-21968,0.00273,0.19756
CVE-2026-21969,0.00435,0.37012
CVE-2026-21970,0.00261,0.18103
CVE-2026-21971,0.00174,0.07183
CVE-2026-21972,0.00228,0.13691
CVE-2026-21973,0.00276,0.20111
CVE-2026-21974,0.00228,0.13692
CVE-2026-21975,0.00224,0.13137
CVE-2026-21976,0.0014,0.03766
CVE-2026-21977,0.00171,0.06773
CVE-2026-21978,0.00261,0.18103
CVE-2026-21979,0.0012,0.02065
CVE-2026-21980,0.00194,0.09342
CVE-2026-21981,0.00125,0.02579
CVE-2026-21982,0.00226,0.13456
CVE-2026-21983,0.00206,0.10828
CVE-2026-21984,0.00206,0.10828
CVE-2026-21985,0.00245,0.15951
CVE-2026-21986,0.00194,0.09316
CVE-2026-21987,0.00204,0.10535
CVE-2026-21988,0.00204,0.10535
CVE-2026-21989,0.002,0.10055
CVE-2026-21990,0.00204,0.10535
CVE-2026-21991,0.00181,0.07942
CVE-2026-21992,0.01008,0.61321
CVE-2026-21994,0.00448,0.38076
CVE-2026-21996,0.0011,0.01447
CVE-2026-21997,0.00202,0.10271
CVE-2026-21998,0.00323,0.25357
CVE-2026-21999,0.00243,0.15694
CVE-2026-22001,0.00259,0.17778
CVE-2026-22002,0.00323,0.25357
CVE-2026-22003,0.00101,0.00995
CVE-2026-22004,0.00323,0.25357
CVE-2026-22005,0.00323,0.25357
CVE-2026-22006,0.00169,0.0664
CVE-2026-22007,0.00124,0.02472
CVE-2026-22008,0.00206,0.10875
CVE-2026-22009,0.00303,0.23065
CVE-2026-22010,0.00307,0.23477
CVE-2026-22011,0.00297,0.22402
CVE-2026-22013,0.0028,0.20602
CVE-2026-22014,0.00193,0.09215
CVE-2026-22015,0.00243,0.15703
CVE-2026-22016,0.00702,0.51548
CVE-2026-22017,0.00303,0.23065
CVE-2026-22018,0.00269,0.19147
CVE-2026-22019,0.00152,0.04717
CVE-2026-22021,0.00305,0.23247
CVE-2026-22022,0.00499,0.4156
CVE-2026-22023,0.00579,0.46093
CVE-2026-22024,0.00486,0.40737
CVE-2026-22025,0.00548,0.44532
CVE-2026-22026,0.00614,0.47765
CVE-2026-22027,0.00238,0.1497
CVE-2026-22028,0.00267,0.18954
CVE-2026-22029,0.00879,0.57292
CVE-2026-22030,0.00189,0.08746
CVE-2026-22031,0.00525,0.43212
CVE-2026-22032,0.00234,0.14449
CVE-2026-22033,0.00283,0.20917
CVE-2026-22034,0.00724,0.52333
CVE-2026-22035,0.01046,0.62469
CVE-2026-22036,0.00481,0.40402
CVE-2026-22037,0.00357,0.2931
CVE-2026-22038,0.00441,0.37523
CVE-2026-22039,0.00548,0.44529
CVE-2026-22040,0.00222,0.12921
CVE-2026-22041,0.00265,0.18584
CVE-2026-22042,0.00445,0.37831
CVE-2026-22043,0.00429,0.36517
CVE-2026-22044,0.00275,0.19926
CVE-2026-22045,0.00348,0.28196
CVE-2026-22046,0.00329,0.25987
CVE-2026-22047,0.00373,0.30918
CVE-2026-22048,0.00281,0.207
CVE-2026-22049,0.00286,0.21146
CVE-2026-22050,0.00218,0.1247
CVE-2026-22051,0.00184,0.08224
CVE-2026-22052,0.00192,0.09125
CVE-2026-22054,0.00237,0.14863
CVE-2026-22055,0.00237,0.14863
CVE-2026-22056,0.00249,0.16472
CVE-2026-22068,0.0041,0.3471
CVE-2026-22070,0.00208,0.11182
CVE-2026-22072,0.00253,0.16925
CVE-2026-22077,0.00078,0.00161
CVE-2026-22078,0.00122,0.02308
CVE-2026-22079,0.00117,0.0189
CVE-2026-22080,0.00117,0.01889
CVE-2026-22081,0.00382,0.31843
CVE-2026-22082,0.00465,0.39236
CVE-2026-22093,0.00261,0.1805
CVE-2026-22095,0.01391,0.70951
CVE-2026-22096,0.00546,0.44423
CVE-2026-22097,0.00334,0.26681
CVE-2026-22098,0.00428,0.36404
CVE-2026-22099,0.003,0.22731
CVE-2026-22100,0.011,0.63997
CVE-2026-22102,0.00531,0.43589
CVE-2026-22103,0.01391,0.70951
CVE-2026-22104,0.0045,0.38216
CVE-2026-22153,0.0071,0.51831
CVE-2026-22154,0.00221,0.12808
CVE-2026-22155,0.00172,0.06848
CVE-2026-22163,0.0008,0.00211
CVE-2026-22164,0.00338,0.27149
CVE-2026-22165,0.00346,0.28024
CVE-2026-22166,0.00389,0.32605
CVE-2026-22167,0.00154,0.04856
CVE-2026-22168,0.00406,0.3443
CVE-2026-22169,0.00197,0.09753
CVE-2026-22170,0.00255,0.17248
CVE-2026-22171,0.00339,0.27239
CVE-2026-22172,0.00561,0.45249
CVE-2026-22174,0.00126,0.02663
CVE-2026-22175,0.00333,0.26485
CVE-2026-22176,0.00637,0.48863
CVE-2026-22177,0.00371,0.30722
CVE-2026-22178,0.00311,0.23999
CVE-2026-22179,0.0063,0.48522
CVE-2026-22180,0.0013,0.03035
CVE-2026-22181,0.00221,0.12803
CVE-2026-22182,0.00524,0.43144
CVE-2026-22183,0.00169,0.06598
CVE-2026-22184,0.00424,0.36101
CVE-2026-22185,0.00147,0.04323
CVE-2026-22186,0.00169,0.06591
CVE-2026-22187,0.0052,0.42886
CVE-2026-22188,0.00204,0.10557
CVE-2026-22189,0.00507,0.42019
CVE-2026-22190,0.00362,0.29805
CVE-2026-22191,0.00362,0.29767
CVE-2026-22192,0.0027,0.1922
CVE-2026-22193,0.00305,0.23195
CVE-2026-22194,0.00242,0.15496
CVE-2026-22195,0.00324,0.25512
CVE-2026-22196,0.00324,0.25512
CVE-2026-22197,0.00329,0.26043
CVE-2026-22198,0.00298,0.22531
CVE-2026-22199,0.00976,0.60372
CVE-2026-22200,0.73909,0.99454
CVE-2026-22201,0.00152,0.04756
CVE-2026-22202,0.00166,0.06201
CVE-2026-22203,0.00274,0.19851
CVE-2026-22204,0.00221,0.12816
CVE-2026-22205,0.00468,0.3942
CVE-2026-22206,0.00561,0.45196
CVE-2026-22207,0.0043,0.36613
CVE-2026-22208,0.0094,0.59188
CVE-2026-22209,0.00222,0.12897
CVE-2026-22210,0.00161,0.05701
CVE-2026-22211,0.00171,0.06782
CVE-2026-22212,0.00137,0.03452
CVE-2026-22213,0.00394,0.33148
CVE-2026-22214,0.00453,0.38468
CVE-2026-22215,0.00153,0.04805
CVE-2026-22216,0.0032,0.25064
CVE-2026-22217,0.00125,0.02533
CVE-2026-22218,0.10262,0.95443
CVE-2026-22219,0.0506,0.91876
CVE-2026-22220,0.00228,0.13661
CVE-2026-22221,0.01356,0.70246
CVE-2026-22222,0.01492,0.72829
CVE-2026-22223,0.01492,0.72828
CVE-2026-22224,0.02723,0.85308
CVE-2026-22225,0.02812,0.85821
CVE-2026-22226,0.02511,0.83964
CVE-2026-22227,0.02731,0.85353
CVE-2026-22228,0.00364,0.30069
CVE-2026-22229,0.0196,0.79307
CVE-2026-22230,0.00321,0.25089
CVE-2026-22231,0.00239,0.15173
CVE-2026-22232,0.00239,0.15174
CVE-2026-22233,0.00239,0.15174
CVE-2026-22234,0.00414,0.35154
CVE-2026-22235,0.00357,0.29314
CVE-2026-22236,0.00534,0.4377
CVE-2026-22237,0.0048,0.40296
CVE-2026-22238,0.00748,0.53142
CVE-2026-22239,0.00318,0.24775
CVE-2026-22240,0.03411,0.88268
CVE-2026-22241,0.03311,0.87932
CVE-2026-22242,0.00432,0.36731
CVE-2026-22243,0.00382,0.31897
CVE-2026-22244,0.0114,0.64998
CVE-2026-22245,0.00281,0.20621
CVE-2026-22246,0.00262,0.18118
CVE-2026-22247,0.0033,0.26098
CVE-2026-22248,0.00315,0.24395
CVE-2026-22249,0.00565,0.45463
CVE-2026-22250,0.00156,0.05129
CVE-2026-22251,0.00191,0.09046
CVE-2026-22252,0.04129,0.90302
CVE-2026-22253,0.00308,0.23561
CVE-2026-22254,0.00261,0.18079
CVE-2026-22255,0.00425,0.36128
CVE-2026-22256,0.00339,0.27235
CVE-2026-22257,0.00339,0.27235
CVE-2026-22258,0.00502,0.41731
CVE-2026-22259,0.00528,0.43413
CVE-2026-22260,0.00524,0.43192
CVE-2026-22261,0.00331,0.26234
CVE-2026-22262,0.00496,0.41364
CVE-2026-22263,0.00426,0.36232
CVE-2026-22264,0.00365,0.30138
CVE-2026-22265,0.02334,0.82711
CVE-2026-22266,0.00275,0.19916
CVE-2026-22267,0.00407,0.34482
CVE-2026-22268,0.0019,0.08858
CVE-2026-22269,0.00171,0.06834
CVE-2026-22270,0.00136,0.03416
CVE-2026-22271,0.002,0.1002
CVE-2026-22273,0.00346,0.27979
CVE-2026-22274,0.00166,0.0628
CVE-2026-22275,0.00133,0.03212
CVE-2026-22276,0.00098,0.00853
CVE-2026-22277,0.0061,0.47578
CVE-2026-22278,0.00382,0.31835
CVE-2026-22279,0.00251,0.1666
CVE-2026-22280,0.00123,0.02395
CVE-2026-22281,0.00161,0.05719
CVE-2026-22283,0.00213,0.11796
CVE-2026-22284,0.00981,0.60506
CVE-2026-22285,0.00102,0.01045
CVE-2026-22306,0.00163,0.05903
CVE-2026-22312,0.00232,0.14179
CVE-2026-22313,0.00921,0.58558
CVE-2026-22314,0.00387,0.3238
CVE-2026-22315,0.00349,0.28375
CVE-2026-22316,0.00378,0.3145
CVE-2026-22317,0.00999,0.61072
CVE-2026-22318,0.00339,0.27275
CVE-2026-22319,0.00339,0.27275
CVE-2026-22320,0.00317,0.24619
CVE-2026-22321,0.00366,0.30248
CVE-2026-22322,0.00253,0.16957
CVE-2026-22323,0.00178,0.07579
CVE-2026-22324,0.00466,0.39309
CVE-2026-22325,0.00363,0.29878
CVE-2026-22326,0.00338,0.27099
CVE-2026-22327,0.00465,0.39251
CVE-2026-22328,0.00244,0.15783
CVE-2026-22329,0.00186,0.08399
CVE-2026-22330,0.00363,0.29878
CVE-2026-22331,0.00363,0.29878
CVE-2026-22332,0.00283,0.20877
CVE-2026-22333,0.00469,0.39518
CVE-2026-22334,0.00467,0.39408
CVE-2026-22335,0.00347,0.28137
CVE-2026-22336,0.00283,0.20886
CVE-2026-22337,0.00321,0.25163
CVE-2026-22338,0.00338,0.27099
CVE-2026-22339,0.0023,0.1394
CVE-2026-22340,0.00372,0.30874
CVE-2026-22341,0.00354,0.28982
CVE-2026-22342,0.00184,0.08209
CVE-2026-22343,0.00261,0.18047
CVE-2026-22344,0.00512,0.42363
CVE-2026-22345,0.00344,0.27814
CVE-2026-22346,0.00344,0.27815
CVE-2026-22347,0.00171,0.06771
CVE-2026-22348,0.00227,0.13607
CVE-2026-22349,0.00171,0.06771
CVE-2026-22350,0.00248,0.16254
CVE-2026-22351,0.00287,0.21266
CVE-2026-22352,0.0018,0.07793
CVE-2026-22353,0.00171,0.06772
CVE-2026-22354,0.00468,0.39475
CVE-2026-22355,0.00128,0.02777
CVE-2026-22356,0.00423,0.3602
CVE-2026-22357,0.0018,0.07792
CVE-2026-22358,0.00182,0.08032
CVE-2026-22359,0.00141,0.03794
CVE-2026-22360,0.00114,0.01674
CVE-2026-22361,0.00512,0.42366
CVE-2026-22362,0.00403,0.34143
CVE-2026-22363,0.00512,0.42367
CVE-2026-22364,0.00403,0.34143
CVE-2026-22365,0.00403,0.34141
CVE-2026-22366,0.00504,0.4185
CVE-2026-22367,0.00561,0.45203
CVE-2026-22368,0.00403,0.34143
CVE-2026-22369,0.00512,0.42366
CVE-2026-22370,0.00412,0.34892
CVE-2026-22371,0.00426,0.36203
CVE-2026-22372,0.00334,0.26605
CVE-2026-22373,0.00426,0.36203
CVE-2026-22374,0.00334,0.26604
CVE-2026-22375,0.00466,0.39336
CVE-2026-22376,0.00417,0.35457
CVE-2026-22377,0.00327,0.25803
CVE-2026-22378,0.00334,0.26605
CVE-2026-22379,0.0045,0.38238
CVE-2026-22380,0.00334,0.26606
CVE-2026-22381,0.00327,0.25802
CVE-2026-22382,0.00111,0.01469
CVE-2026-22383,0.00271,0.1943
CVE-2026-22384,0.00304,0.23159
CVE-2026-22385,0.00519,0.4285
CVE-2026-22387,0.00504,0.41862
CVE-2026-22388,0.00232,0.14228
CVE-2026-22389,0.00504,0.41859
CVE-2026-22390,0.00469,0.395
CVE-2026-22391,0.00243,0.15634
CVE-2026-22392,0.00504,0.41857
CVE-2026-22393,0.00243,0.15635
CVE-2026-22394,0.00504,0.41857
CVE-2026-22395,0.00504,0.41849
CVE-2026-22396,0.00243,0.15635
CVE-2026-22397,0.00504,0.41849
CVE-2026-22398,0.00243,0.15633
CVE-2026-22399,0.00504,0.41852
CVE-2026-22400,0.00243,0.15634
CVE-2026-22401,0.00393,0.33087
CVE-2026-22402,0.00393,0.33086
CVE-2026-22403,0.00504,0.4185
CVE-2026-22404,0.00214,0.11885
CVE-2026-22405,0.00504,0.41852
CVE-2026-22406,0.00214,0.11885
CVE-2026-22407,0.00214,0.11885
CVE-2026-22408,0.00504,0.41857
CVE-2026-22409,0.00214,0.11885
CVE-2026-22410,0.00504,0.41858
CVE-2026-22411,0.00214,0.11884
CVE-2026-22412,0.00504,0.41858
CVE-2026-22413,0.00504,0.41858
CVE-2026-22414,0.00504,0.41862
CVE-2026-22415,0.00504,0.41851
CVE-2026-22416,0.00504,0.41852
CVE-2026-22417,0.0051,0.42269
CVE-2026-22418,0.00504,0.41854
CVE-2026-22419,0.00504,0.41853
CVE-2026-22420,0.00504,0.41863
CVE-2026-22421,0.00504,0.41862
CVE-2026-22422,0.00222,0.12941
CVE-2026-22423,0.00504,0.41853
CVE-2026-22424,0.00504,0.41854
CVE-2026-22425,0.00504,0.41861
CVE-2026-22426,0.00243,0.15634
CVE-2026-22427,0.00504,0.41853
CVE-2026-22428,0.00519,0.42852
CVE-2026-22429,0.00519,0.42851
CVE-2026-22430,0.00243,0.15634
CVE-2026-22431,0.00519,0.42851
CVE-2026-22432,0.00519,0.42851
CVE-2026-22433,0.00504,0.41861
CVE-2026-22434,0.00504,0.41849
CVE-2026-22435,0.00504,0.4185
CVE-2026-22436,0.00504,0.41862
CVE-2026-22437,0.00504,0.41851
CVE-2026-22438,0.00237,0.14845
CVE-2026-22439,0.00504,0.41861
CVE-2026-22440,0.00237,0.14846
CVE-2026-22441,0.00519,0.42849
CVE-2026-22442,0.00519,0.42849
CVE-2026-22443,0.00504,0.41851
CVE-2026-22444,0.00665,0.50088
CVE-2026-22445,0.00227,0.13606
CVE-2026-22446,0.00504,0.41861
CVE-2026-22447,0.00289,0.21493
CVE-2026-22448,0.00552,0.44727
CVE-2026-22449,0.00504,0.41858
CVE-2026-22450,0.00197,0.09627
CVE-2026-22451,0.0051,0.42269
CVE-2026-22452,0.00504,0.41849
CVE-2026-22453,0.0051,0.42268
CVE-2026-22454,0.0051,0.42268
CVE-2026-22455,0.00237,0.14845
CVE-2026-22456,0.00504,0.41853
CVE-2026-22457,0.00519,0.4285
CVE-2026-22458,0.00249,0.16465
CVE-2026-22459,0.00318,0.24781
CVE-2026-22460,0.00385,0.32272
CVE-2026-22461,0.00334,0.26592
CVE-2026-22462,0.00114,0.01674
CVE-2026-22463,0.00171,0.06771
CVE-2026-22464,0.00514,0.42503
CVE-2026-22465,0.00237,0.14843
CVE-2026-22466,0.00197,0.09628
CVE-2026-22467,0.0018,0.07795
CVE-2026-22468,0.00197,0.09627
CVE-2026-22469,0.00309,0.2373
CVE-2026-22470,0.00296,0.22293
CVE-2026-22471,0.00358,0.29325
CVE-2026-22472,0.00197,0.09627
CVE-2026-22473,0.00368,0.30418
CVE-2026-22474,0.00389,0.32691
CVE-2026-22475,0.00389,0.3269
CVE-2026-22476,0.00403,0.34134
CVE-2026-22477,0.00403,0.34129
CVE-2026-22478,0.00504,0.41859
CVE-2026-22479,0.00323,0.25346
CVE-2026-22480,0.00503,0.41772
CVE-2026-22481,0.00197,0.09627
CVE-2026-22482,0.0015,0.04533
CVE-2026-22483,0.00137,0.03466
CVE-2026-22484,0.00383,0.32013
CVE-2026-22485,0.00302,0.2288
CVE-2026-22486,0.00297,0.22411
CVE-2026-22487,0.00177,0.07453
CVE-2026-22488,0.00204,0.1063
CVE-2026-22489,0.00197,0.09749
CVE-2026-22490,0.00197,0.09685
CVE-2026-22491,0.00237,0.14844
CVE-2026-22492,0.00297,0.22408
CVE-2026-22493,0.00504,0.4185
CVE-2026-22494,0.00504,0.41855
CVE-2026-22495,0.00504,0.41856
CVE-2026-22496,0.00504,0.41855
CVE-2026-22497,0.0051,0.42268
CVE-2026-22498,0.00504,0.41859
CVE-2026-22499,0.00504,0.41856
CVE-2026-22500,0.0051,0.42267
CVE-2026-22501,0.0051,0.42269
CVE-2026-22502,0.00504,0.41856
CVE-2026-22503,0.00504,0.41857
CVE-2026-22504,0.00504,0.41855
CVE-2026-22505,0.00395,0.33245
CVE-2026-22506,0.00504,0.41854
CVE-2026-22507,0.0051,0.42267
CVE-2026-22508,0.00504,0.4186
CVE-2026-22509,0.00504,0.4186
CVE-2026-22510,0.00395,0.33244
CVE-2026-22511,0.00504,0.41863
CVE-2026-22512,0.00504,0.41856
CVE-2026-22513,0.00519,0.42851
CVE-2026-22514,0.00519,0.42849
CVE-2026-22515,0.00519,0.4285
CVE-2026-22516,0.00415,0.35246
CVE-2026-22517,0.00197,0.09685
CVE-2026-22518,0.00204,0.10624
CVE-2026-22519,0.00198,0.09854
CVE-2026-22520,0.0023,0.1394
CVE-2026-22521,0.00441,0.37493
CVE-2026-22522,0.00306,0.23407
CVE-2026-22523,0.00175,0.07237
CVE-2026-22524,0.00175,0.07241
CVE-2026-22535,0.00145,0.04141
CVE-2026-22536,0.00129,0.02887
CVE-2026-22537,0.00121,0.02229
CVE-2026-22539,0.00251,0.16613
CVE-2026-22540,0.00362,0.29798
CVE-2026-22541,0.00293,0.21991
CVE-2026-22542,0.0037,0.30682
CVE-2026-22543,0.00187,0.08512
CVE-2026-22544,0.00231,0.14083
CVE-2026-22545,0.00148,0.04417
CVE-2026-22547,0.00522,0.4305
CVE-2026-22548,0.00192,0.09083
CVE-2026-22549,0.0032,0.25034
CVE-2026-22550,0.01728,0.76417
CVE-2026-22551,0.00312,0.24105
CVE-2026-22552,0.00889,0.57559
CVE-2026-22553,0.01433,0.71736
CVE-2026-22554,0.00236,0.14799
CVE-2026-22555,0.00426,0.36278
CVE-2026-22557,0.28116,0.98009
CVE-2026-22558,0.00554,0.44866
CVE-2026-22559,0.00358,0.29415
CVE-2026-22560,0.00322,0.2527
CVE-2026-22561,0.00177,0.07501
CVE-2026-22562,0.00774,0.5398
CVE-2026-22563,0.01051,0.62594
CVE-2026-22564,0.0042,0.35708
CVE-2026-22565,0.00432,0.36816
CVE-2026-22566,0.00361,0.29692
CVE-2026-22567,0.00196,0.09571
CVE-2026-22568,0.00161,0.05679
CVE-2026-22569,0.00178,0.07574
CVE-2026-22572,0.00562,0.45261
CVE-2026-22573,0.00416,0.35337
CVE-2026-22574,0.00267,0.18935
CVE-2026-22575,0.00245,0.15861
CVE-2026-22576,0.00263,0.1828
CVE-2026-22582,0.00685,0.5092
CVE-2026-22583,0.00685,0.50921
CVE-2026-22584,0.00426,0.36279
CVE-2026-22585,0.00447,0.3801
CVE-2026-22586,0.00638,0.48886
CVE-2026-22587,0.00234,0.14428
CVE-2026-22588,0.00409,0.34639
CVE-2026-22589,0.00436,0.37113
CVE-2026-22590,0.00383,0.3198
CVE-2026-22591,0.00263,0.18253
CVE-2026-22592,0.0035,0.2842
CVE-2026-22593,0.00138,0.03546
CVE-2026-22594,0.0115,0.65256
CVE-2026-22595,0.00545,0.4438
CVE-2026-22596,0.00474,0.39876
CVE-2026-22597,0.00301,0.22824
CVE-2026-22598,0.0036,0.29571
CVE-2026-22599,0.01178,0.66067
CVE-2026-22600,0.00309,0.23718
CVE-2026-22601,0.00369,0.30575
CVE-2026-22602,0.00294,0.2209
CVE-2026-22603,0.00256,0.17399
CVE-2026-22604,0.00295,0.22184
CVE-2026-22605,0.00224,0.13208
CVE-2026-22606,0.00489,0.40927
CVE-2026-22607,0.0053,0.43489
CVE-2026-22608,0.00399,0.33692
CVE-2026-22609,0.00638,0.48906
CVE-2026-22610,0.00446,0.37893
CVE-2026-22611,0.00235,0.14627
CVE-2026-22612,0.00313,0.24257
CVE-2026-22613,0.0016,0.05621
CVE-2026-22614,0.00082,0.00261
CVE-2026-22615,0.00342,0.27543
CVE-2026-22616,0.00319,0.24917
CVE-2026-22617,0.00169,0.06593
CVE-2026-22618,0.00233,0.14382
CVE-2026-22619,0.00324,0.25451
CVE-2026-22620,0.00362,0.29829
CVE-2026-22621,0.00304,0.231
CVE-2026-22622,0.00305,0.23251
CVE-2026-22623,0.00475,0.39957
CVE-2026-22624,0.00248,0.16244
CVE-2026-22625,0.0024,0.15234
CVE-2026-22626,0.00385,0.32235
CVE-2026-22627,0.00286,0.21193
CVE-2026-22628,0.00147,0.04305
CVE-2026-22629,0.00369,0.30451
CVE-2026-22644,0.00538,0.43966
CVE-2026-22645,0.00457,0.38728
CVE-2026-22646,0.00418,0.35496
CVE-2026-22659,0.00525,0.43206
CVE-2026-22660,0.00606,0.47394
CVE-2026-22661,0.00363,0.29915
CVE-2026-22662,0.00195,0.09474
CVE-2026-22663,0.00279,0.2042
CVE-2026-22664,0.00301,0.22808
CVE-2026-22665,0.00332,0.26367
CVE-2026-22666,0.15527,0.9664
CVE-2026-22674,0.00309,0.23729
CVE-2026-22675,0.00218,0.12393
CVE-2026-22676,0.00104,0.01162
CVE-2026-22677,0.00376,0.31242
CVE-2026-22678,0.00221,0.12819
CVE-2026-22679,0.20359,0.97351
CVE-2026-22680,0.00384,0.32133
CVE-2026-22681,0.00276,0.20092
CVE-2026-22682,0.00127,0.0269
CVE-2026-22683,0.02609,0.8462
CVE-2026-22685,0.00458,0.38791
CVE-2026-22686,0.00669,0.50229
CVE-2026-22687,0.00389,0.32662
CVE-2026-22688,0.01962,0.79327
CVE-2026-22689,0.00241,0.1536
CVE-2026-22690,0.00444,0.37736
CVE-2026-22691,0.00444,0.37735
CVE-2026-22692,0.00395,0.33293
CVE-2026-22693,0.00442,0.37566
CVE-2026-22694,0.00132,0.03115
CVE-2026-22695,0.00203,0.10447
CVE-2026-22696,0.00198,0.09814
CVE-2026-22697,0.00526,0.43293
CVE-2026-22698,0.00268,0.19066
CVE-2026-22699,0.00427,0.36288
CVE-2026-22700,0.00305,0.23225
CVE-2026-22701,0.00128,0.02847
CVE-2026-22702,0.00098,0.00873
CVE-2026-22703,0.00096,0.00807
CVE-2026-22704,0.01042,0.62329
CVE-2026-22705,0.00163,0.05947
CVE-2026-22706,0.00272,0.19633
CVE-2026-22707,0.00195,0.09481
CVE-2026-22708,0.00799,0.54753
CVE-2026-22709,0.01271,0.68349
CVE-2026-22710,0.00194,0.09378
CVE-2026-22711,0.00293,0.21892
CVE-2026-22712,0.00241,0.15391
CVE-2026-22713,0.00194,0.09378
CVE-2026-22714,0.00378,0.31429
CVE-2026-22715,0.00203,0.10478
CVE-2026-22716,0.00156,0.05208
CVE-2026-22717,0.00167,0.06379
CVE-2026-22718,0.00587,0.46485
CVE-2026-22719,0.17424,0.96966
CVE-2026-22720,0.00411,0.34851
CVE-2026-22721,0.00686,0.50963
CVE-2026-22722,0.00148,0.04397
CVE-2026-22723,0.00224,0.1317
CVE-2026-22726,0.00199,0.09895
CVE-2026-22727,0.00199,0.09923
CVE-2026-22728,0.00352,0.28643
CVE-2026-22729,0.00532,0.43638
CVE-2026-22730,0.00522,0.43035
CVE-2026-22731,0.00334,0.26629
CVE-2026-22732,0.0048,0.40342
CVE-2026-22733,0.0036,0.29583
CVE-2026-22734,0.00364,0.2997
CVE-2026-22735,0.00112,0.01588
CVE-2026-22737,0.00385,0.32187
CVE-2026-22738,0.01087,0.63633
CVE-2026-22739,0.0122,0.67153
CVE-2026-22740,0.00344,0.27769
CVE-2026-22741,0.00236,0.14735
CVE-2026-22742,0.00353,0.28738
CVE-2026-22743,0.0025,0.16575
CVE-2026-22744,0.0025,0.16575
CVE-2026-22745,0.00341,0.27435
CVE-2026-22746,0.00215,0.12048
CVE-2026-22747,0.00296,0.2224
CVE-2026-22748,0.00203,0.10429
CVE-2026-22750,0.00217,0.12326
CVE-2026-22751,0.00124,0.02509
CVE-2026-22752,0.00479,0.40221
CVE-2026-22753,0.00248,0.16259
CVE-2026-22754,0.00266,0.18885
CVE-2026-22755,0.20597,0.97389
CVE-2026-22760,0.00119,0.01999
CVE-2026-22761,0.01159,0.65499
CVE-2026-22762,0.00338,0.27071
CVE-2026-22764,0.00221,0.1274
CVE-2026-22765,0.00396,0.33367
CVE-2026-22766,0.00698,0.51399
CVE-2026-22767,0.00165,0.06061
CVE-2026-22768,0.00127,0.02698
CVE-2026-22769,0.13345,0.96206
CVE-2026-22770,0.00349,0.28405
CVE-2026-22771,0.00631,0.48583
CVE-2026-22772,0.00235,0.14619
CVE-2026-22773,0.00449,0.3813
CVE-2026-22774,0.00635,0.48742
CVE-2026-22775,0.00635,0.48742
CVE-2026-22776,0.00405,0.34278
CVE-2026-22777,0.00347,0.28114
CVE-2026-22778,0.03723,0.89237
CVE-2026-22779,0.00359,0.29507
CVE-2026-22780,0.00186,0.08421
CVE-2026-22781,0.02472,0.83706
CVE-2026-22782,0.00532,0.43625
CVE-2026-22783,0.0035,0.28419
CVE-2026-22784,0.00265,0.18539
CVE-2026-22785,0.0079,0.5448
CVE-2026-22786,0.01067,0.63093
CVE-2026-22787,0.00382,0.31834
CVE-2026-22788,0.006,0.47125
CVE-2026-22789,0.00266,0.18897
CVE-2026-22790,0.00526,0.43267
CVE-2026-22791,0.00278,0.20309
CVE-2026-22792,0.00741,0.52913
CVE-2026-22793,0.00632,0.48616
CVE-2026-22794,0.00391,0.32879
CVE-2026-22795,0.00149,0.04493
CVE-2026-22796,0.00522,0.43039
CVE-2026-22797,0.0066,0.49864
CVE-2026-22798,0.00175,0.07197
CVE-2026-22799,0.00728,0.5246
CVE-2026-22800,0.00147,0.0432
CVE-2026-22801,0.00131,0.03042
CVE-2026-22803,0.00599,0.47073
CVE-2026-22804,0.00201,0.10196
CVE-2026-22805,0.00232,0.14274
CVE-2026-22806,0.00452,0.38397
CVE-2026-22807,0.00757,0.53427
CVE-2026-22808,0.0023,0.1398
CVE-2026-22809,0.00125,0.02524
CVE-2026-22810,0.00206,0.10936
CVE-2026-22812,0.16771,0.96875
CVE-2026-22813,0.00918,0.58491
CVE-2026-22814,0.00549,0.44565
CVE-2026-22815,0.0044,0.3745
CVE-2026-22816,0.00169,0.06647
CVE-2026-22817,0.00162,0.05832
CVE-2026-22818,0.00136,0.03385
CVE-2026-22819,0.00239,0.15155
CVE-2026-22820,0.00199,0.10002
CVE-2026-22821,0.00252,0.16816
CVE-2026-22822,0.00182,0.08013
CVE-2026-22828,0.00901,0.57927
CVE-2026-22844,0.13464,0.96235
CVE-2026-22849,0.00214,0.11888
CVE-2026-22850,0.00484,0.40568
CVE-2026-22851,0.00284,0.21022
CVE-2026-22852,0.00419,0.35581
CVE-2026-22853,0.00759,0.53523
CVE-2026-22854,0.00519,0.42865
CVE-2026-22855,0.00868,0.56953
CVE-2026-22856,0.00322,0.25277
CVE-2026-22857,0.00519,0.42865
CVE-2026-22858,0.00688,0.51006
CVE-2026-22859,0.00868,0.56953
CVE-2026-22860,0.00665,0.50064
CVE-2026-22861,0.00698,0.51401
CVE-2026-22862,0.00708,0.51761
CVE-2026-22863,0.00207,0.10987
CVE-2026-22864,0.00682,0.50791
CVE-2026-22865,0.00155,0.05046
CVE-2026-22866,0.00177,0.07484
CVE-2026-22867,0.00292,0.21789
CVE-2026-22868,0.00634,0.48709
CVE-2026-22869,0.00621,0.48118
CVE-2026-22870,0.00519,0.42828
CVE-2026-22871,0.01071,0.63197
CVE-2026-22872,0.0068,0.50714
CVE-2026-22874,0.00464,0.39169
CVE-2026-22875,0.00216,0.12222
CVE-2026-22876,0.00466,0.39278
CVE-2026-22877,0.00552,0.44739
CVE-2026-22878,0.00278,0.20287
CVE-2026-22879,0.00491,0.40991
CVE-2026-22880,0.00117,0.01913
CVE-2026-22881,0.00226,0.13417
CVE-2026-22882,0.00268,0.19057
CVE-2026-22885,0.00368,0.30361
CVE-2026-22886,0.00402,0.33964
CVE-2026-22887,0.00175,0.07247
CVE-2026-22888,0.0042,0.35686
CVE-2026-22890,0.00298,0.22547
CVE-2026-22891,0.00589,0.46593
CVE-2026-22892,0.00248,0.16283
CVE-2026-22893,0.01089,0.63671
CVE-2026-22894,0.00558,0.45058
CVE-2026-22895,0.00175,0.07268
CVE-2026-22897,0.01061,0.62888
CVE-2026-22898,0.00683,0.5081
CVE-2026-22899,0.00381,0.31818
CVE-2026-22900,0.0032,0.24997
CVE-2026-22901,0.00949,0.59484
CVE-2026-22902,0.00455,0.38561
CVE-2026-22903,0.00679,0.50657
CVE-2026-22904,0.00562,0.45303
CVE-2026-22905,0.0063,0.48551
CVE-2026-22906,0.00334,0.26573
CVE-2026-22907,0.00448,0.38074
CVE-2026-22908,0.00597,0.46999
CVE-2026-22909,0.00563,0.45338
CVE-2026-22910,0.00481,0.40404
CVE-2026-22911,0.00528,0.43415
CVE-2026-22912,0.00367,0.30279
CVE-2026-22913,0.00393,0.3307
CVE-2026-22914,0.00314,0.24286
CVE-2026-22915,0.00414,0.3514
CVE-2026-22916,0.00368,0.30378
CVE-2026-22917,0.00561,0.45208
CVE-2026-22918,0.00324,0.25451
CVE-2026-22919,0.00297,0.22356
CVE-2026-22922,0.00388,0.32585
CVE-2026-22923,0.00139,0.0367
CVE-2026-22924,0.003,0.2264
CVE-2026-22925,0.00324,0.25465
CVE-2026-22926,0.00132,0.03138
CVE-2026-22927,0.00183,0.08091
CVE-2026-22976,0.00126,0.02621
CVE-2026-22977,0.00131,0.03098
CVE-2026-22978,0.00122,0.02297
CVE-2026-22979,0.00126,0.02621
CVE-2026-22980,0.00135,0.03363
CVE-2026-22981,0.0012,0.02066
CVE-2026-22982,0.00126,0.0262
CVE-2026-22983,0.00107,0.01269
CVE-2026-22984,0.00365,0.30141
CVE-2026-22985,0.0012,0.02066
CVE-2026-22986,0.0009,0.00519
CVE-2026-22987,0.00107,0.01269
CVE-2026-22988,0.00128,0.02832
CVE-2026-22989,0.0012,0.02065
CVE-2026-22990,0.00354,0.28992
CVE-2026-22991,0.00411,0.34872
CVE-2026-22992,0.00286,0.21154
CVE-2026-22993,0.0012,0.02066
CVE-2026-22994,0.00124,0.02482
CVE-2026-22995,0.0012,0.02051
CVE-2026-22996,0.00162,0.05754
CVE-2026-22997,0.00441,0.37516
CVE-2026-22998,0.00739,0.52836
CVE-2026-22999,0.00212,0.11681
CVE-2026-23000,0.00156,0.05206
CVE-2026-23001,0.00195,0.09472
CVE-2026-23002,0.00156,0.05206
CVE-2026-23003,0.00486,0.40733
CVE-2026-23004,0.00123,0.02411
CVE-2026-23005,0.00207,0.11029
CVE-2026-23006,0.00194,0.09303
CVE-2026-23007,0.0014,0.03728
CVE-2026-23008,0.0014,0.03728
CVE-2026-23009,0.0014,0.03728
CVE-2026-23010,0.0019,0.08851
CVE-2026-23011,0.00195,0.09389
CVE-2026-23012,0.00157,0.05264
CVE-2026-23013,0.00158,0.05403
CVE-2026-23014,0.00112,0.01547
CVE-2026-23015,0.00133,0.03236
CVE-2026-23016,0.00133,0.03236
CVE-2026-23017,0.00137,0.03475
CVE-2026-23018,0.00104,0.01163
CVE-2026-23019,0.00119,0.02009
CVE-2026-23020,0.00119,0.02007
CVE-2026-23021,0.00155,0.05047
CVE-2026-23022,0.00133,0.03236
CVE-2026-23023,0.00153,0.04805
CVE-2026-23024,0.00137,0.03476
CVE-2026-23025,0.00191,0.08988
CVE-2026-23026,0.0019,0.08919
CVE-2026-23027,0.00202,0.10329
CVE-2026-23028,0.00202,0.10329
CVE-2026-23029,0.00202,0.10329
CVE-2026-23030,0.00225,0.13365
CVE-2026-23031,0.00205,0.10681
CVE-2026-23032,0.00214,0.11932
CVE-2026-23033,0.00209,0.11333
CVE-2026-23034,0.00184,0.0826
CVE-2026-23035,0.00217,0.12262
CVE-2026-23036,0.00202,0.10295
CVE-2026-23037,0.00225,0.13365
CVE-2026-23038,0.00255,0.17238
CVE-2026-23039,0.00202,0.10328
CVE-2026-23040,0.0015,0.04589
CVE-2026-23041,0.0015,0.04589
CVE-2026-23042,0.0015,0.0459
CVE-2026-23043,0.0015,0.04589
CVE-2026-23044,0.0015,0.0459
CVE-2026-23045,0.00157,0.05276
CVE-2026-23046,0.00183,0.08156
CVE-2026-23047,0.00168,0.06398
CVE-2026-23048,0.0015,0.0459
CVE-2026-23049,0.0018,0.07771
CVE-2026-23050,0.00174,0.07178
CVE-2026-23051,0.00162,0.05743
CVE-2026-23052,0.00174,0.07179
CVE-2026-23053,0.00174,0.07179
CVE-2026-23054,0.0018,0.07773
CVE-2026-23055,0.00172,0.06945
CVE-2026-23056,0.00184,0.08191
CVE-2026-23057,0.00172,0.06945
CVE-2026-23058,0.0018,0.07772
CVE-2026-23059,0.00174,0.07179
CVE-2026-23060,0.00128,0.02779
CVE-2026-23061,0.00128,0.0278
CVE-2026-23062,0.00127,0.02692
CVE-2026-23063,0.00128,0.02778
CVE-2026-23064,0.00128,0.0278
CVE-2026-23065,0.00125,0.02574
CVE-2026-23066,0.00134,0.03292
CVE-2026-23067,0.00112,0.01527
CVE-2026-23068,0.00134,0.03286
CVE-2026-23069,0.00132,0.03113
CVE-2026-23070,0.00125,0.02575
CVE-2026-23071,0.00103,0.01124
CVE-2026-23072,0.00125,0.02575
CVE-2026-23073,0.00135,0.03319
CVE-2026-23074,0.00139,0.03663
CVE-2026-23075,0.00128,0.02779
CVE-2026-23076,0.00131,0.03072
CVE-2026-23077,0.00139,0.03642
CVE-2026-23078,0.00149,0.04434
CVE-2026-23079,0.00112,0.01528
CVE-2026-23080,0.00128,0.0278
CVE-2026-23081,0.00112,0.01527
CVE-2026-23082,0.00128,0.02779
CVE-2026-23083,0.00134,0.03292
CVE-2026-23084,0.00127,0.02741
CVE-2026-23085,0.00127,0.02742
CVE-2026-23086,0.00148,0.04375
CVE-2026-23087,0.00127,0.02741
CVE-2026-23088,0.00127,0.02692
CVE-2026-23089,0.0014,0.03722
CVE-2026-23090,0.00127,0.02741
CVE-2026-23091,0.00127,0.02741
CVE-2026-23092,0.00194,0.09298
CVE-2026-23093,0.00127,0.0274
CVE-2026-23094,0.00118,0.0195
CVE-2026-23095,0.00248,0.16275
CVE-2026-23096,0.00119,0.01985
CVE-2026-23097,0.00119,0.01985
CVE-2026-23098,0.00186,0.08389
CVE-2026-23099,0.00158,0.05381
CVE-2026-23100,0.00124,0.02505
CVE-2026-23101,0.00124,0.02498
CVE-2026-23102,0.00121,0.0221
CVE-2026-23103,0.00111,0.01492
CVE-2026-23104,0.00117,0.01875
CVE-2026-23105,0.00125,0.02542
CVE-2026-23106,0.00104,0.0114
CVE-2026-23107,0.00131,0.03097
CVE-2026-23108,0.00132,0.03137
CVE-2026-23109,0.00116,0.01789
CVE-2026-23110,0.00099,0.00919
CVE-2026-23111,0.00489,0.40879
CVE-2026-23112,0.00414,0.35177
CVE-2026-23113,0.00119,0.02009
CVE-2026-23114,0.00104,0.01141
CVE-2026-23115,0.00077,0.00135
CVE-2026-23116,0.00118,0.01951
CVE-2026-23117,0.00104,0.01142
CVE-2026-23118,0.00089,0.00473
CVE-2026-23119,0.00119,0.01983
CVE-2026-23120,0.00119,0.01984
CVE-2026-23121,0.00124,0.02462
CVE-2026-23122,0.00104,0.0114
CVE-2026-23123,0.00123,0.02424
CVE-2026-23124,0.00119,0.01984
CVE-2026-23125,0.00119,0.01985
CVE-2026-23126,0.00089,0.00473
CVE-2026-23127,0.00104,0.01141
CVE-2026-23128,0.00119,0.01977
CVE-2026-23129,0.00119,0.02024
CVE-2026-23130,0.00083,0.00286
CVE-2026-23131,0.00118,0.0195
CVE-2026-23132,0.0012,0.02127
CVE-2026-23133,0.00127,0.0274
CVE-2026-23134,0.00111,0.01521
CVE-2026-23135,0.00127,0.02691
CVE-2026-23136,0.00291,0.21677
CVE-2026-23137,0.00125,0.02574
CVE-2026-23138,0.00127,0.02691
CVE-2026-23139,0.0034,0.27354
CVE-2026-23140,0.00127,0.02691
CVE-2026-23141,0.00127,0.02739
CVE-2026-23142,0.00127,0.02692
CVE-2026-23143,0.00112,0.01527
CVE-2026-23144,0.00127,0.02691
CVE-2026-23145,0.00127,0.0274
CVE-2026-23146,0.00128,0.02778
CVE-2026-23147,0.00112,0.0154
CVE-2026-23148,0.00281,0.2068
CVE-2026-23149,0.00104,0.01164
CVE-2026-23150,0.00119,0.02008
CVE-2026-23151,0.00119,0.01976
CVE-2026-23152,0.00104,0.01163
CVE-2026-23153,0.00077,0.00139
CVE-2026-23154,0.00119,0.02007
CVE-2026-23155,0.00119,0.02008
CVE-2026-23156,0.00125,0.02535
CVE-2026-23157,0.00129,0.02968
CVE-2026-23158,0.0012,0.02098
CVE-2026-23159,0.00119,0.01977
CVE-2026-23160,0.00119,0.01977
CVE-2026-23161,0.00093,0.00618
CVE-2026-23162,0.00117,0.01887
CVE-2026-23163,0.00119,0.01976
CVE-2026-23164,0.00119,0.02008
CVE-2026-23165,0.00083,0.0029
CVE-2026-23166,0.00117,0.019
CVE-2026-23167,0.0009,0.00498
CVE-2026-23168,0.00119,0.01976
CVE-2026-23169,0.00135,0.03309
CVE-2026-23170,0.00119,0.02009
CVE-2026-23171,0.00121,0.02232
CVE-2026-23172,0.00141,0.03792
CVE-2026-23173,0.00119,0.01977
CVE-2026-23174,0.00162,0.05743
CVE-2026-23175,0.00113,0.01596
CVE-2026-23176,0.00179,0.0771
CVE-2026-23177,0.00172,0.06944
CVE-2026-23178,0.00148,0.04391
CVE-2026-23179,0.00173,0.0701
CVE-2026-23180,0.00126,0.0267
CVE-2026-23181,0.00162,0.05816
CVE-2026-23182,0.00179,0.07711
CVE-2026-23183,0.00162,0.05742
CVE-2026-23184,0.00125,0.02558
CVE-2026-23185,0.00132,0.03134
CVE-2026-23186,0.00091,0.00569
CVE-2026-23187,0.00121,0.0221
CVE-2026-23188,0.00093,0.00649
CVE-2026-23189,0.00117,0.01874
CVE-2026-23190,0.00119,0.01985
CVE-2026-23191,0.00119,0.02043
CVE-2026-23192,0.00129,0.02967
CVE-2026-23193,0.0025,0.16513
CVE-2026-23194,0.00117,0.01861
CVE-2026-23195,0.00114,0.01709
CVE-2026-23196,0.00104,0.01164
CVE-2026-23197,0.00104,0.0114
CVE-2026-23198,0.00129,0.02959
CVE-2026-23199,0.00093,0.00649
CVE-2026-23200,0.00118,0.0195
CVE-2026-23201,0.00118,0.01949
CVE-2026-23202,0.00115,0.01774
CVE-2026-23203,0.00104,0.01141
CVE-2026-23204,0.00127,0.0271
CVE-2026-23205,0.00118,0.01949
CVE-2026-23206,0.00119,0.01984
CVE-2026-23207,0.00091,0.00559
CVE-2026-23208,0.00125,0.0258
CVE-2026-23209,0.00124,0.02473
CVE-2026-23210,0.0011,0.0144
CVE-2026-23211,0.001,0.00964
CVE-2026-23212,0.00086,0.00373
CVE-2026-23213,0.00113,0.01609
CVE-2026-23214,0.00112,0.01585
CVE-2026-23215,0.00112,0.01584
CVE-2026-23216,0.00117,0.01884
CVE-2026-23217,0.0008,0.00205
CVE-2026-23218,0.001,0.00964
CVE-2026-23219,0.00112,0.01583
CVE-2026-23220,0.00118,0.0197
CVE-2026-23221,0.00121,0.02229
CVE-2026-23222,0.00127,0.02714
CVE-2026-23223,0.0012,0.02108
CVE-2026-23224,0.00124,0.02496
CVE-2026-23225,0.00113,0.01594
CVE-2026-23226,0.00423,0.36008
CVE-2026-23227,0.00152,0.04752
CVE-2026-23228,0.00118,0.0197
CVE-2026-23229,0.00121,0.02216
CVE-2026-23230,0.00218,0.12426
CVE-2026-23231,0.00788,0.54443
CVE-2026-23232,0.00104,0.01159
CVE-2026-23233,0.0016,0.05547
CVE-2026-23234,0.00119,0.02038
CVE-2026-23235,0.00156,0.05132
CVE-2026-23236,0.00206,0.10862
CVE-2026-23237,0.00193,0.09259
CVE-2026-23238,0.00189,0.08809
CVE-2026-23239,0.00101,0.01026
CVE-2026-23240,0.0049,0.40967
CVE-2026-23241,0.00125,0.02585
CVE-2026-23242,0.00449,0.38168
CVE-2026-23243,0.00131,0.03039
CVE-2026-23244,0.00121,0.02204
CVE-2026-23245,0.00127,0.02714
CVE-2026-23246,0.0029,0.21587
CVE-2026-23247,0.00118,0.01942
CVE-2026-23248,0.0012,0.0205
CVE-2026-23249,0.00141,0.03778
CVE-2026-23250,0.00122,0.02277
CVE-2026-23251,0.00122,0.02277
CVE-2026-23252,0.00122,0.02277
CVE-2026-23253,0.00129,0.02937
CVE-2026-23254,0.00114,0.01661
CVE-2026-23255,0.00114,0.01694
CVE-2026-23256,0.00114,0.01702
CVE-2026-23257,0.00114,0.01703
CVE-2026-23258,0.00114,0.01704
CVE-2026-23259,0.001,0.00965
CVE-2026-23260,0.00114,0.0166
CVE-2026-23261,0.00114,0.01662
CVE-2026-23262,0.0012,0.0212
CVE-2026-23263,0.001,0.00965
CVE-2026-23264,0.00114,0.01661
CVE-2026-23265,0.00112,0.01582
CVE-2026-23266,0.00114,0.01699
CVE-2026-23267,0.00114,0.01699
CVE-2026-23268,0.00139,0.03674
CVE-2026-23269,0.00131,0.03041
CVE-2026-23270,0.00125,0.0255
CVE-2026-23271,0.00096,0.00801
CVE-2026-23272,0.00123,0.02389
CVE-2026-23273,0.00125,0.0253
CVE-2026-23274,0.00167,0.06357
CVE-2026-23275,0.00121,0.02206
CVE-2026-23276,0.00128,0.02826
CVE-2026-23277,0.00122,0.02315
CVE-2026-23278,0.00165,0.06078
CVE-2026-23279,0.00136,0.03415
CVE-2026-23280,0.00127,0.02734
CVE-2026-23281,0.00126,0.02599
CVE-2026-23282,0.00121,0.0217
CVE-2026-23283,0.00107,0.01316
CVE-2026-23284,0.00123,0.02344
CVE-2026-23285,0.00122,0.02266
CVE-2026-23286,0.00125,0.02554
CVE-2026-23287,0.00123,0.0234
CVE-2026-23288,0.0012,0.02132
CVE-2026-23289,0.00123,0.0234
CVE-2026-23290,0.00129,0.02878
CVE-2026-23291,0.00123,0.02336
CVE-2026-23292,0.00123,0.02336
CVE-2026-23293,0.00129,0.02878
CVE-2026-23294,0.0009,0.00515
CVE-2026-23295,0.00087,0.00406
CVE-2026-23296,0.00123,0.02354
CVE-2026-23297,0.00122,0.02267
CVE-2026-23298,0.00123,0.02351
CVE-2026-23299,0.00121,0.02176
CVE-2026-23300,0.00129,0.0288
CVE-2026-23301,0.00107,0.01301
CVE-2026-23302,0.00089,0.00488
CVE-2026-23303,0.00123,0.02341
CVE-2026-23304,0.00129,0.0288
CVE-2026-23305,0.00124,0.02452
CVE-2026-23306,0.00126,0.02598
CVE-2026-23307,0.00123,0.0235
CVE-2026-23308,0.00122,0.02266
CVE-2026-23309,0.00123,0.02345
CVE-2026-23310,0.00123,0.02345
CVE-2026-23311,0.00093,0.00651
CVE-2026-23312,0.00123,0.02351
CVE-2026-23313,0.00122,0.02267
CVE-2026-23314,0.00121,0.02176
CVE-2026-23315,0.00126,0.0261
CVE-2026-23316,0.00122,0.02273
CVE-2026-23317,0.00129,0.02928
CVE-2026-23318,0.00132,0.03141
CVE-2026-23319,0.00126,0.026
CVE-2026-23321,0.00123,0.02352
CVE-2026-23322,0.00124,0.02442
CVE-2026-23323,0.00134,0.03259
CVE-2026-23324,0.00123,0.02352
CVE-2026-23325,0.00125,0.02556
CVE-2026-23326,0.00129,0.02871
CVE-2026-23327,0.00124,0.02452
CVE-2026-23328,0.00107,0.01314
CVE-2026-23329,0.00121,0.02183
CVE-2026-23330,0.00122,0.0228
CVE-2026-23331,0.00121,0.02175
CVE-2026-23332,0.00121,0.02179
CVE-2026-23334,0.00122,0.02269
CVE-2026-23335,0.00125,0.02569
CVE-2026-23336,0.00126,0.02595
CVE-2026-23337,0.00117,0.01912
CVE-2026-23338,0.00121,0.02176
CVE-2026-23339,0.00123,0.02352
CVE-2026-23340,0.00137,0.03485
CVE-2026-23341,0.00107,0.01317
CVE-2026-23342,0.00088,0.00442
CVE-2026-23343,0.00129,0.02936
CVE-2026-23344,0.0012,0.02136
CVE-2026-23345,0.00121,0.0216
CVE-2026-23346,0.00127,0.02763
CVE-2026-23347,0.00127,0.02763
CVE-2026-23348,0.00088,0.00442
CVE-2026-23349,0.00121,0.02165
CVE-2026-23350,0.00129,0.02955
CVE-2026-23351,0.00125,0.02522
CVE-2026-23352,0.00125,0.02571
CVE-2026-23353,0.00112,0.0155
CVE-2026-23354,0.00129,0.0287
CVE-2026-23355,0.00122,0.02271
CVE-2026-23356,0.00128,0.02807
CVE-2026-23357,0.00099,0.00907
CVE-2026-23358,0.00121,0.02167
CVE-2026-23359,0.00131,0.03107
CVE-2026-23360,0.00123,0.02365
CVE-2026-23361,0.00129,0.02872
CVE-2026-23362,0.00095,0.00714
CVE-2026-23363,0.00125,0.02557
CVE-2026-23364,0.00392,0.32895
CVE-2026-23365,0.00129,0.02882
CVE-2026-23366,0.00121,0.02167
CVE-2026-23367,0.00123,0.02363
CVE-2026-23368,0.00099,0.00933
CVE-2026-23369,0.00122,0.02272
CVE-2026-23370,0.00125,0.02566
CVE-2026-23371,0.00117,0.01915
CVE-2026-23372,0.00132,0.03164
CVE-2026-23373,0.00114,0.01663
CVE-2026-23374,0.00119,0.01992
CVE-2026-23375,0.00119,0.01991
CVE-2026-23376,0.00117,0.01915
CVE-2026-23377,0.001,0.00963
CVE-2026-23378,0.00129,0.02923
CVE-2026-23379,0.00125,0.02559
CVE-2026-23380,0.00114,0.01663
CVE-2026-23381,0.0012,0.02076
CVE-2026-23382,0.00114,0.01698
CVE-2026-23383,0.00129,0.02857
CVE-2026-23384,0.00112,0.01578
CVE-2026-23385,0.00137,0.03469
CVE-2026-23386,0.00121,0.02221
CVE-2026-23387,0.00122,0.0231
CVE-2026-23388,0.00119,0.02046
CVE-2026-23389,0.00117,0.01854
CVE-2026-23390,0.00131,0.03066
CVE-2026-23391,0.00128,0.02844
CVE-2026-23392,0.00119,0.02038
CVE-2026-23393,0.001,0.00944
CVE-2026-23394,0.00093,0.00627
CVE-2026-23395,0.00249,0.16472
CVE-2026-23396,0.00114,0.01697
CVE-2026-23397,0.00122,0.02312
CVE-2026-23398,0.00124,0.02504
CVE-2026-23399,0.00121,0.02201
CVE-2026-23400,0.0009,0.00515
CVE-2026-23401,0.00184,0.08235
CVE-2026-23402,0.00165,0.06159
CVE-2026-23403,0.00177,0.07486
CVE-2026-23404,0.00177,0.07487
CVE-2026-23405,0.00181,0.07879
CVE-2026-23406,0.00177,0.07542
CVE-2026-23407,0.00181,0.07932
CVE-2026-23408,0.00181,0.07931
CVE-2026-23409,0.00177,0.07486
CVE-2026-23410,0.00141,0.03769
CVE-2026-23411,0.00145,0.04098
CVE-2026-23412,0.00117,0.01878
CVE-2026-23413,0.00119,0.02032
CVE-2026-23414,0.00244,0.15733
CVE-2026-23415,0.00131,0.0309
CVE-2026-23416,0.00218,0.12412
CVE-2026-23417,0.00116,0.01848
CVE-2026-23418,0.00113,0.01611
CVE-2026-23419,0.00175,0.07287
CVE-2026-23420,0.00091,0.0057
CVE-2026-23421,0.00113,0.01609
CVE-2026-23422,0.00123,0.02393
CVE-2026-23423,0.0012,0.02061
CVE-2026-23424,0.00118,0.01944
CVE-2026-23425,0.00119,0.02004
CVE-2026-23426,0.00115,0.01728
CVE-2026-23427,0.0029,0.21623
CVE-2026-23428,0.00331,0.26273
CVE-2026-23429,0.00127,0.02735
CVE-2026-23430,0.00121,0.02163
CVE-2026-23431,0.00121,0.0215
CVE-2026-23432,0.0012,0.02116
CVE-2026-23433,0.00107,0.01301
CVE-2026-23434,0.00132,0.0317
CVE-2026-23435,0.00121,0.02162
CVE-2026-23436,0.00121,0.02162
CVE-2026-23437,0.00127,0.02735
CVE-2026-23438,0.00125,0.0257
CVE-2026-23439,0.00129,0.02882
CVE-2026-23440,0.00206,0.10888
CVE-2026-23441,0.00089,0.00474
CVE-2026-23442,0.00123,0.02328
CVE-2026-23443,0.00119,0.02013
CVE-2026-23444,0.00129,0.02943
CVE-2026-23445,0.00129,0.02862
CVE-2026-23446,0.00129,0.02882
CVE-2026-23447,0.00129,0.02942
CVE-2026-23448,0.00129,0.02942
CVE-2026-23449,0.00129,0.02941
CVE-2026-23450,0.0056,0.45136
CVE-2026-23451,0.00441,0.37469
CVE-2026-23452,0.00091,0.00556
CVE-2026-23453,0.00343,0.27724
CVE-2026-23454,0.00121,0.02144
CVE-2026-23455,0.01338,0.69826
CVE-2026-23456,0.00523,0.43085
CVE-2026-23457,0.00433,0.36883
CVE-2026-23458,0.00131,0.03093
CVE-2026-23459,0.00397,0.33445
CVE-2026-23460,0.00123,0.02396
CVE-2026-23461,0.00247,0.16207
CVE-2026-23462,0.00262,0.18205
CVE-2026-23463,0.00094,0.00684
CVE-2026-23464,0.00122,0.02292
CVE-2026-23465,0.00122,0.02321
CVE-2026-23466,0.00129,0.02866
CVE-2026-23467,0.00123,0.02418
CVE-2026-23468,0.00123,0.02396
CVE-2026-23469,0.00089,0.00486
CVE-2026-23470,0.00094,0.00694
CVE-2026-23472,0.00121,0.02211
CVE-2026-23474,0.00142,0.03892
CVE-2026-23475,0.00123,0.0237
CVE-2026-23476,0.00265,0.18547
CVE-2026-23477,0.00348,0.282
CVE-2026-23478,0.00459,0.38872
CVE-2026-23479,0.01356,0.70238
CVE-2026-23480,0.00343,0.27712
CVE-2026-23481,0.00375,0.31131
CVE-2026-23482,0.01523,0.73342
CVE-2026-23483,0.00771,0.53903
CVE-2026-23484,0.00336,0.26838
CVE-2026-23485,0.00302,0.22874
CVE-2026-23486,0.00711,0.51873
CVE-2026-23487,0.0022,0.12619
CVE-2026-23488,0.00305,0.23191
CVE-2026-23489,0.003,0.22726
CVE-2026-23490,0.00771,0.53895
CVE-2026-23491,0.04108,0.90252
CVE-2026-23492,0.00473,0.39788
CVE-2026-23493,0.00433,0.3688
CVE-2026-23494,0.00352,0.28629
CVE-2026-23495,0.00365,0.30131
CVE-2026-23496,0.00292,0.21833
CVE-2026-23497,0.00166,0.0626
CVE-2026-23498,0.00449,0.38133
CVE-2026-23499,0.00237,0.14908
CVE-2026-23500,0.00922,0.58577
CVE-2026-23501,0.01285,0.68656
CVE-2026-23511,0.00408,0.34558
CVE-2026-23512,0.00222,0.12957
CVE-2026-23513,0.00387,0.32392
CVE-2026-23514,0.0104,0.62279
CVE-2026-23515,0.04235,0.90516
CVE-2026-23516,0.00148,0.04393
CVE-2026-23517,0.00261,0.18062
CVE-2026-23518,0.00235,0.14675
CVE-2026-23519,0.00566,0.45488
CVE-2026-23520,0.01874,0.78322
CVE-2026-23521,0.0032,0.2494
CVE-2026-23522,0.0023,0.13945
CVE-2026-23523,0.0711,0.93913
CVE-2026-23524,0.00912,0.58263
CVE-2026-23525,0.00364,0.30044
CVE-2026-23526,0.00265,0.18548
CVE-2026-23527,0.00635,0.48781
CVE-2026-23528,0.00239,0.15083
CVE-2026-23529,0.00414,0.35174
CVE-2026-23530,0.00521,0.43001
CVE-2026-23531,0.00521,0.43002
CVE-2026-23532,0.00521,0.43001
CVE-2026-23533,0.00521,0.43001
CVE-2026-23534,0.00521,0.43002
CVE-2026-23535,0.00393,0.33052
CVE-2026-23536,0.01912,0.78773
CVE-2026-23537,0.01049,0.62532
CVE-2026-23538,0.00894,0.57723
CVE-2026-23541,0.00293,0.21904
CVE-2026-23542,0.00391,0.32832
CVE-2026-23543,0.00228,0.13656
CVE-2026-23544,0.00352,0.28639
CVE-2026-23545,0.00194,0.09315
CVE-2026-23546,0.00355,0.29103
CVE-2026-23547,0.00211,0.11555
CVE-2026-23548,0.00228,0.13657
CVE-2026-23549,0.00383,0.31996
CVE-2026-23550,0.21687,0.97505
CVE-2026-23552,0.00428,0.36422
CVE-2026-23553,0.00134,0.03307
CVE-2026-23554,0.00128,0.02782
CVE-2026-23555,0.00181,0.07903
CVE-2026-23556,0.00137,0.03454
CVE-2026-23557,0.00158,0.05325
CVE-2026-23558,0.00117,0.01911
CVE-2026-23559,0.00167,0.06357
CVE-2026-23560,0.00167,0.06356
CVE-2026-23561,0.00167,0.06356
CVE-2026-23562,0.00167,0.06356
CVE-2026-23563,0.00198,0.09846
CVE-2026-23564,0.0014,0.03748
CVE-2026-23565,0.00176,0.07386
CVE-2026-23566,0.00176,0.07442
CVE-2026-23567,0.00331,0.26222
CVE-2026-23568,0.00206,0.10887
CVE-2026-23569,0.00358,0.29379
CVE-2026-23570,0.0073,0.52538
CVE-2026-23571,0.00671,0.50307
CVE-2026-23572,0.00283,0.20899
CVE-2026-23573,0.00385,0.3217
CVE-2026-23592,0.00825,0.55606
CVE-2026-23593,0.00679,0.50646
CVE-2026-23595,0.00314,0.24311
CVE-2026-23596,0.00253,0.17012
CVE-2026-23597,0.00259,0.17749
CVE-2026-23598,0.00342,0.27601
CVE-2026-23599,0.00149,0.04426
CVE-2026-23600,0.0096,0.59785
CVE-2026-23601,0.00084,0.00308
CVE-2026-23603,0.00248,0.16246
CVE-2026-23604,0.00173,0.07039
CVE-2026-23605,0.00173,0.07038
CVE-2026-23606,0.00173,0.07039
CVE-2026-23607,0.00173,0.07036
CVE-2026-23608,0.00173,0.07038
CVE-2026-23609,0.00173,0.07036
CVE-2026-23610,0.00173,0.07037
CVE-2026-23611,0.00173,0.0704
CVE-2026-23612,0.00173,0.07038
CVE-2026-23613,0.00163,0.05899
CVE-2026-23614,0.00173,0.07039
CVE-2026-23615,0.00163,0.05899
CVE-2026-23616,0.00173,0.07038
CVE-2026-23617,0.00173,0.07039
CVE-2026-23618,0.00173,0.07037
CVE-2026-23619,0.00173,0.07037
CVE-2026-23620,0.00183,0.08142
CVE-2026-23621,0.00244,0.15728
CVE-2026-23622,0.00234,0.14484
CVE-2026-23623,0.00211,0.11534
CVE-2026-23624,0.00388,0.32511
CVE-2026-23625,0.00242,0.15503
CVE-2026-23626,0.00452,0.38343
CVE-2026-23627,0.00779,0.54131
CVE-2026-23630,0.00252,0.16892
CVE-2026-23631,0.02805,0.85782
CVE-2026-23632,0.00293,0.21919
CVE-2026-23633,0.00473,0.3986
CVE-2026-23634,0.0025,0.1655
CVE-2026-23635,0.00317,0.24663
CVE-2026-23636,0.00988,0.60742
CVE-2026-23638,0.00184,0.08258
CVE-2026-23643,0.00286,0.21152
CVE-2026-23644,0.00547,0.44469
CVE-2026-23645,0.00284,0.20987
CVE-2026-23646,0.00366,0.30209
CVE-2026-23647,0.00589,0.46596
CVE-2026-23648,0.00143,0.03935
CVE-2026-23651,0.00593,0.46774
CVE-2026-23652,0.00577,0.46018
CVE-2026-23653,0.00739,0.5285
CVE-2026-23654,0.00933,0.58978
CVE-2026-23655,0.00991,0.60803
CVE-2026-23656,0.00297,0.22373
CVE-2026-23657,0.00411,0.34875
CVE-2026-23658,0.00781,0.54193
CVE-2026-23659,0.00803,0.54902
CVE-2026-23660,0.00308,0.23653
CVE-2026-23661,0.00703,0.5156
CVE-2026-23662,0.00724,0.52302
CVE-2026-23663,0.00551,0.447
CVE-2026-23664,0.00997,0.60986
CVE-2026-23665,0.00392,0.32898
CVE-2026-23666,0.0133,0.69623
CVE-2026-23667,0.00299,0.22611
CVE-2026-23668,0.0364,0.88978
CVE-2026-23669,0.00912,0.58285
CVE-2026-23670,0.00272,0.19613
CVE-2026-23671,0.00205,0.10723
CVE-2026-23672,0.00353,0.28842
CVE-2026-23673,0.00383,0.31959
CVE-2026-23674,0.01191,0.66399
CVE-2026-23678,0.01224,0.67263
CVE-2026-23679,0.00184,0.08256
CVE-2026-23681,0.00175,0.07246
CVE-2026-23683,0.00186,0.08492
CVE-2026-23684,0.0017,0.06716
CVE-2026-23685,0.00129,0.02912
CVE-2026-23686,0.0017,0.06686
CVE-2026-23687,0.00482,0.40469
CVE-2026-23688,0.00164,0.06038
CVE-2026-23689,0.00368,0.30389
CVE-2026-23693,0.00907,0.58136
CVE-2026-23694,0.00198,0.0979
CVE-2026-23695,0.00138,0.03566
CVE-2026-23696,0.13582,0.96263
CVE-2026-23697,0.00999,0.61051
CVE-2026-23698,0.01226,0.67328
CVE-2026-23699,0.01498,0.72919
CVE-2026-23702,0.01897,0.78604
CVE-2026-23703,0.0012,0.02095
CVE-2026-23704,0.0021,0.11421
CVE-2026-23708,0.00283,0.20836
CVE-2026-23715,0.00168,0.06495
CVE-2026-23716,0.00137,0.03506
CVE-2026-23717,0.00137,0.03506
CVE-2026-23718,0.0014,0.03754
CVE-2026-23719,0.00136,0.03383
CVE-2026-23720,0.00168,0.06495
CVE-2026-23721,0.00204,0.10627
CVE-2026-23722,0.00247,0.16146
CVE-2026-23723,0.00425,0.36143
CVE-2026-23724,0.00211,0.11539
CVE-2026-23725,0.00246,0.16096
CVE-2026-23726,0.0024,0.15344
CVE-2026-23727,0.0021,0.1144
CVE-2026-23728,0.0024,0.15343
CVE-2026-23729,0.0024,0.15344
CVE-2026-23730,0.0024,0.15344
CVE-2026-23731,0.00308,0.23592
CVE-2026-23732,0.00564,0.45382
CVE-2026-23733,0.00143,0.03963
CVE-2026-23734,0.19559,0.9724
CVE-2026-23735,0.00568,0.45589
CVE-2026-23736,0.00261,0.18068
CVE-2026-23737,0.00539,0.44013
CVE-2026-23738,0.00176,0.07345
CVE-2026-23739,0.00183,0.08147
CVE-2026-23740,0.00116,0.01818
CVE-2026-23741,0.0018,0.0776
CVE-2026-23742,0.00521,0.43003
CVE-2026-23743,0.0026,0.17907
CVE-2026-23744,0.64842,0.99205
CVE-2026-23745,0.00382,0.31821
CVE-2026-23746,0.01198,0.6656
CVE-2026-23747,0.00297,0.22362
CVE-2026-23748,0.00269,0.19129
CVE-2026-23749,0.00165,0.06171
CVE-2026-23750,0.00145,0.0419
CVE-2026-23751,0.00883,0.57406
CVE-2026-23752,0.00151,0.04642
CVE-2026-23753,0.00151,0.04642
CVE-2026-23754,0.00332,0.26384
CVE-2026-23755,0.00147,0.04284
CVE-2026-23756,0.00141,0.03802
CVE-2026-23757,0.00141,0.03802
CVE-2026-23758,0.00153,0.04806
CVE-2026-23759,0.01509,0.73137
CVE-2026-23760,0.96438,0.99878
CVE-2026-23761,0.00175,0.07213
CVE-2026-23762,0.00193,0.09217
CVE-2026-23763,0.00155,0.05029
CVE-2026-23764,0.00148,0.04359
CVE-2026-23767,0.00447,0.38027
CVE-2026-23768,0.00244,0.15817
CVE-2026-23769,0.00224,0.13116
CVE-2026-23772,0.00122,0.02257
CVE-2026-23773,0.00239,0.1509
CVE-2026-23774,0.0147,0.72451
CVE-2026-23775,0.00326,0.25737
CVE-2026-23776,0.00222,0.12846
CVE-2026-23777,0.003,0.22638
CVE-2026-23778,0.0114,0.64989
CVE-2026-23779,0.00524,0.43168
CVE-2026-23780,0.00401,0.33908
CVE-2026-23781,0.00284,0.21023
CVE-2026-23782,0.00272,0.19678
CVE-2026-23786,0.00081,0.00216
CVE-2026-23787,0.00091,0.00566
CVE-2026-23788,0.00101,0.01003
CVE-2026-23789,0.00109,0.01379
CVE-2026-23790,0.00091,0.00566
CVE-2026-23791,0.00091,0.00565
CVE-2026-23792,0.00132,0.03157
CVE-2026-23793,0.00198,0.09794
CVE-2026-23794,0.00477,0.40068
CVE-2026-23795,0.01984,0.79554
CVE-2026-23796,0.00278,0.20346
CVE-2026-23797,0.00255,0.17231
CVE-2026-23798,0.00482,0.40467
CVE-2026-23799,0.00326,0.25699
CVE-2026-23800,0.00517,0.42729
CVE-2026-23801,0.00504,0.41852
CVE-2026-23802,0.00465,0.39259
CVE-2026-23803,0.00245,0.15942
CVE-2026-23804,0.00275,0.19976
CVE-2026-23805,0.00279,0.20422
CVE-2026-23806,0.00353,0.28844
CVE-2026-23807,0.00175,0.07231
CVE-2026-23808,0.00264,0.18498
CVE-2026-23809,0.00259,0.17757
CVE-2026-23810,0.00182,0.08007
CVE-2026-23811,0.00155,0.05008
CVE-2026-23812,0.00147,0.0429
CVE-2026-23813,0.00736,0.52752
CVE-2026-23814,0.00562,0.45292
CVE-2026-23815,0.00938,0.59117
CVE-2026-23816,0.00671,0.50306
CVE-2026-23817,0.00288,0.21424
CVE-2026-23818,0.00321,0.25103
CVE-2026-23819,0.0027,0.19223
CVE-2026-23820,0.00555,0.4489
CVE-2026-23821,0.00616,0.47891
CVE-2026-23822,0.00263,0.18349
CVE-2026-23823,0.00957,0.59723
CVE-2026-23824,0.00329,0.25989
CVE-2026-23825,0.00329,0.25988
CVE-2026-23826,0.00404,0.3419
CVE-2026-23827,0.00535,0.43818
CVE-2026-23829,0.01423,0.71545
CVE-2026-23830,0.01167,0.65738
CVE-2026-23831,0.00408,0.34553
CVE-2026-23833,0.00305,0.2323
CVE-2026-23835,0.00343,0.27657
CVE-2026-23836,0.00446,0.37936
CVE-2026-23837,0.00652,0.49568
CVE-2026-23838,0.00515,0.42588
CVE-2026-23839,0.0031,0.23796
CVE-2026-23840,0.00289,0.21503
CVE-2026-23841,0.00259,0.1774
CVE-2026-23842,0.00549,0.4458
CVE-2026-23843,0.00234,0.14517
CVE-2026-23844,0.0022,0.12656
CVE-2026-23845,0.00437,0.37245
CVE-2026-23846,0.0047,0.39585
CVE-2026-23847,0.00307,0.23464
CVE-2026-23848,0.00363,0.29935
CVE-2026-23849,0.00488,0.40847
CVE-2026-23850,0.00606,0.47402
CVE-2026-23851,0.00506,0.41964
CVE-2026-23852,0.00792,0.54552
CVE-2026-23853,0.00158,0.054
CVE-2026-23855,0.00931,0.58892
CVE-2026-23856,0.00097,0.00846
CVE-2026-23857,0.00096,0.00792
CVE-2026-23858,0.00183,0.08081
CVE-2026-23859,0.0025,0.1655
CVE-2026-23861,0.00166,0.0619
CVE-2026-23862,0.00438,0.37306
CVE-2026-23863,0.00528,0.43403
CVE-2026-23864,0.02483,0.83783
CVE-2026-23865,0.00141,0.03826
CVE-2026-23866,0.00464,0.39193
CVE-2026-23868,0.00144,0.04093
CVE-2026-23869,0.01551,0.73833
CVE-2026-23870,0.01533,0.73515
CVE-2026-23873,0.00531,0.43597
CVE-2026-23874,0.00168,0.06422
CVE-2026-23875,0.00228,0.13773
CVE-2026-23876,0.00601,0.47171
CVE-2026-23877,0.00582,0.46238
CVE-2026-23878,0.00301,0.22797
CVE-2026-23879,0.00566,0.45483
CVE-2026-23880,0.00269,0.19152
CVE-2026-23881,0.00552,0.44764
CVE-2026-23882,0.00362,0.2981
CVE-2026-23883,0.00473,0.3985
CVE-2026-23884,0.00473,0.3985
CVE-2026-23885,0.00479,0.40282
CVE-2026-23886,0.00455,0.38594
CVE-2026-23887,0.00256,0.17441
CVE-2026-23888,0.0042,0.35711
CVE-2026-23889,0.00451,0.38295
CVE-2026-23890,0.00465,0.3922
CVE-2026-23891,0.00356,0.29175
CVE-2026-23892,0.00472,0.39778
CVE-2026-23893,0.00172,0.06846
CVE-2026-23896,0.00308,0.23617
CVE-2026-23897,0.0064,0.48958
CVE-2026-23898,0.00454,0.38528
CVE-2026-23899,0.00401,0.33949
CVE-2026-23900,0.00248,0.16316
CVE-2026-23901,0.00223,0.13042
CVE-2026-23902,0.00446,0.37955
CVE-2026-23903,0.00355,0.29065
CVE-2026-23904,0.00524,0.43197
CVE-2026-23906,0.01053,0.62677
CVE-2026-23907,0.00886,0.57472
CVE-2026-23918,0.49727,0.98833
CVE-2026-23919,0.00154,0.04912
CVE-2026-23920,0.00297,0.22366
CVE-2026-23921,0.03499,0.88567
CVE-2026-23922,0.00275,0.19921
CVE-2026-23923,0.00268,0.19038
CVE-2026-23924,0.00251,0.16636
CVE-2026-23925,0.00255,0.17347
CVE-2026-23926,0.00285,0.21092
CVE-2026-23927,0.00229,0.13887
CVE-2026-23928,0.00285,0.21091
CVE-2026-23929,0.00185,0.08326
CVE-2026-23930,0.00355,0.29034
CVE-2026-23931,0.00279,0.20393
CVE-2026-23933,0.00199,0.09939
CVE-2026-23934,0.00169,0.06546
CVE-2026-23935,0.00175,0.07214
CVE-2026-23937,0.00279,0.20393
CVE-2026-23938,0.00298,0.22541
CVE-2026-23939,0.00409,0.34651
CVE-2026-23940,0.0044,0.37394
CVE-2026-23941,0.00453,0.38433
CVE-2026-23942,0.00363,0.29869
CVE-2026-23943,0.00644,0.49203
CVE-2026-23944,0.00522,0.43015
CVE-2026-23946,0.00763,0.53617
CVE-2026-23947,0.00797,0.54698
CVE-2026-23948,0.00485,0.40634
CVE-2026-23949,0.0056,0.45161
CVE-2026-23950,0.00239,0.15097
CVE-2026-23951,0.00206,0.10871
CVE-2026-23952,0.00447,0.38017
CVE-2026-23953,0.00468,0.39464
CVE-2026-23954,0.00727,0.52429
CVE-2026-23955,0.0017,0.06748
CVE-2026-23956,0.00511,0.42301
CVE-2026-23957,0.0042,0.35691
CVE-2026-23958,0.00494,0.41214
CVE-2026-23959,0.00405,0.34306
CVE-2026-23960,0.00358,0.29346
CVE-2026-23961,0.00418,0.35504
CVE-2026-23962,0.00518,0.42765
CVE-2026-23963,0.00315,0.24381
CVE-2026-23964,0.00207,0.11089
CVE-2026-23965,0.00206,0.10892
CVE-2026-23966,0.00222,0.12845
CVE-2026-23967,0.00202,0.10286
CVE-2026-23968,0.00208,0.11157
CVE-2026-23969,0.00607,0.4742
CVE-2026-23970,0.00237,0.1489
CVE-2026-23971,0.00308,0.23583
CVE-2026-23972,0.00305,0.23278
CVE-2026-23973,0.0018,0.07782
CVE-2026-23974,0.00221,0.12755
CVE-2026-23975,0.00408,0.34579
CVE-2026-23976,0.00178,0.07551
CVE-2026-23977,0.00366,0.30228
CVE-2026-23978,0.00408,0.34579
CVE-2026-23979,0.00175,0.07225
CVE-2026-23980,0.00615,0.47811
CVE-2026-23981,0.00364,0.29981
CVE-2026-23982,0.00436,0.37168
CVE-2026-23983,0.004,0.33804
CVE-2026-23984,0.00348,0.28192
CVE-2026-23985,0.00413,0.3501
CVE-2026-23986,0.00233,0.14365
CVE-2026-23988,0.00196,0.09524
CVE-2026-23989,0.00278,0.20316
CVE-2026-23990,0.00322,0.25245
CVE-2026-23991,0.00552,0.44715
CVE-2026-23992,0.00204,0.10567
CVE-2026-23995,0.00211,0.11598
CVE-2026-23996,0.0027,0.1925
CVE-2026-23997,0.00392,0.3293
CVE-2026-23998,0.00214,0.11975
CVE-2026-23999,0.00124,0.02456
CVE-2026-24000,0.0043,0.3656
CVE-2026-24001,0.00585,0.46408
CVE-2026-24002,0.0052,0.42937
CVE-2026-24003,0.00253,0.16959
CVE-2026-24004,0.00262,0.18142
CVE-2026-24005,0.00285,0.21131
CVE-2026-24006,0.0042,0.3569
CVE-2026-24007,0.00145,0.04133
CVE-2026-24009,0.01428,0.71646
CVE-2026-24010,0.00437,0.3724
CVE-2026-24012,0.0074,0.52875
CVE-2026-24013,0.00635,0.48778
CVE-2026-24014,0.0069,0.51089
CVE-2026-24015,0.00584,0.46352
CVE-2026-24016,0.00139,0.03671
CVE-2026-24017,0.00764,0.53667
CVE-2026-24018,0.00228,0.13685
CVE-2026-24027,0.00411,0.34886
CVE-2026-24028,0.01028,0.61935
CVE-2026-24029,0.00148,0.04418
CVE-2026-24030,0.00537,0.43901
CVE-2026-24031,0.00395,0.33286
CVE-2026-24032,0.00251,0.16651
CVE-2026-24033,0.00326,0.25683
CVE-2026-24034,0.00231,0.14064
CVE-2026-24035,0.00301,0.22774
CVE-2026-24036,0.00481,0.40401
CVE-2026-24037,0.00241,0.15487
CVE-2026-24038,0.00461,0.38996
CVE-2026-24039,0.00256,0.1736
CVE-2026-24040,0.00263,0.18254
CVE-2026-24042,0.00614,0.47806
CVE-2026-24043,0.00263,0.18302
CVE-2026-24044,0.00288,0.21483
CVE-2026-24045,0.00233,0.14305
CVE-2026-24046,0.00498,0.41457
CVE-2026-24047,0.00506,0.41997
CVE-2026-24048,0.00209,0.11227
CVE-2026-24049,0.00324,0.25435
CVE-2026-24050,0.00239,0.15156
CVE-2026-24051,0.00163,0.05939
CVE-2026-24052,0.00391,0.3287
CVE-2026-24053,0.00482,0.40419
CVE-2026-24054,0.00445,0.37882
CVE-2026-24055,0.00413,0.35031
CVE-2026-24056,0.00488,0.4082
CVE-2026-24058,0.00554,0.44832
CVE-2026-24059,0.00304,0.23148
CVE-2026-24060,0.002,0.10027
CVE-2026-24061,0.97993,0.99907
CVE-2026-24062,0.00122,0.02252
CVE-2026-24063,0.00127,0.02713
CVE-2026-24064,0.00151,0.04648
CVE-2026-24065,0.00323,0.25315
CVE-2026-24066,0.00122,0.02295
CVE-2026-24067,0.00131,0.03096
CVE-2026-24068,0.00449,0.38151
CVE-2026-24069,0.00189,0.08808
CVE-2026-24070,0.00217,0.12238
CVE-2026-24071,0.00148,0.0441
CVE-2026-24072,0.00654,0.49648
CVE-2026-24076,0.00073,0.00075
CVE-2026-24077,0.00106,0.01224
CVE-2026-24078,0.00105,0.01211
CVE-2026-24079,0.00127,0.02755
CVE-2026-24080,0.0007,0.00047
CVE-2026-24082,0.00075,0.00101
CVE-2026-24083,0.0007,0.00049
CVE-2026-24084,0.00148,0.04353
CVE-2026-24085,0.00097,0.00848
CVE-2026-24087,0.00097,0.00848
CVE-2026-24088,0.00071,0.00058
CVE-2026-24089,0.00097,0.00849
CVE-2026-24090,0.00062,0.00012
CVE-2026-24091,0.00097,0.00848
CVE-2026-24092,0.00097,0.00848
CVE-2026-24095,0.00239,0.15095
CVE-2026-24096,0.00236,0.14789
CVE-2026-24097,0.00237,0.14912
CVE-2026-24098,0.00753,0.53283
CVE-2026-24099,0.00128,0.02848
CVE-2026-24101,0.01671,0.75626
CVE-2026-24103,0.00425,0.36172
CVE-2026-24105,0.01704,0.76101
CVE-2026-24107,0.02161,0.81299
CVE-2026-24108,0.00649,0.49391
CVE-2026-24109,0.00649,0.49391
CVE-2026-24110,0.00425,0.36172
CVE-2026-24111,0.00649,0.49391
CVE-2026-24112,0.00531,0.43536
CVE-2026-24113,0.00649,0.49391
CVE-2026-24114,0.00624,0.48296
CVE-2026-24115,0.00694,0.51251
CVE-2026-24116,0.00227,0.13625
CVE-2026-24117,0.00345,0.27884
CVE-2026-24118,0.00905,0.58094
CVE-2026-24120,0.00896,0.57786
CVE-2026-24122,0.00197,0.09756
CVE-2026-24123,0.00454,0.38549
CVE-2026-24124,0.00743,0.52957
CVE-2026-24125,0.00426,0.36243
CVE-2026-24126,0.00447,0.38027
CVE-2026-24127,0.0027,0.19236
CVE-2026-24128,0.00514,0.42551
CVE-2026-24129,0.00478,0.40152
CVE-2026-24130,0.00287,0.21253
CVE-2026-24131,0.00259,0.17809
CVE-2026-24132,0.00705,0.51634
CVE-2026-24133,0.00573,0.4584
CVE-2026-24134,0.00306,0.23404
CVE-2026-24135,0.00681,0.50716
CVE-2026-24136,0.00387,0.32395
CVE-2026-24137,0.00371,0.30709
CVE-2026-24138,0.00395,0.33334
CVE-2026-24139,0.00336,0.26905
CVE-2026-24140,0.00301,0.22764
CVE-2026-24141,0.0021,0.11421
CVE-2026-24142,0.00379,0.31586
CVE-2026-24146,0.00528,0.4342
CVE-2026-24147,0.0048,0.40298
CVE-2026-24148,0.00349,0.28305
CVE-2026-24149,0.00266,0.18599
CVE-2026-24150,0.00208,0.11119
CVE-2026-24151,0.00208,0.11119
CVE-2026-24152,0.00208,0.11119
CVE-2026-24153,0.00121,0.02228
CVE-2026-24154,0.00256,0.17484
CVE-2026-24155,0.00193,0.0926
CVE-2026-24156,0.00262,0.18167
CVE-2026-24157,0.00654,0.49649
CVE-2026-24158,0.00405,0.34311
CVE-2026-24159,0.00641,0.49026
CVE-2026-24160,0.00468,0.39434
CVE-2026-24162,0.00416,0.35345
CVE-2026-24163,0.00594,0.46807
CVE-2026-24164,0.00472,0.3971
CVE-2026-24165,0.00312,0.24125
CVE-2026-24166,0.00154,0.04902
CVE-2026-24167,0.00415,0.35242
CVE-2026-24168,0.02791,0.85706
CVE-2026-24169,0.0054,0.44057
CVE-2026-24170,0.00508,0.42123
CVE-2026-24173,0.00518,0.42762
CVE-2026-24174,0.00518,0.42762
CVE-2026-24175,0.00471,0.39673
CVE-2026-24176,0.0019,0.08828
CVE-2026-24177,0.00235,0.14547
CVE-2026-24178,0.00573,0.45839
CVE-2026-24180,0.00154,0.04908
CVE-2026-24181,0.00139,0.03676
CVE-2026-24182,0.00125,0.02573
CVE-2026-24183,0.0013,0.02972
CVE-2026-24184,0.00313,0.24179
CVE-2026-24185,0.00208,0.11181
CVE-2026-24186,0.00476,0.40043
CVE-2026-24187,0.00188,0.08648
CVE-2026-24188,0.00385,0.32168
CVE-2026-24189,0.0032,0.25037
CVE-2026-24190,0.00221,0.12769
CVE-2026-24191,0.00138,0.03537
CVE-2026-24192,0.00206,0.10833
CVE-2026-24193,0.00197,0.09752
CVE-2026-24194,0.00152,0.04721
CVE-2026-24195,0.00162,0.05849
CVE-2026-24196,0.00166,0.06284
CVE-2026-24197,0.0016,0.05524
CVE-2026-24198,0.00155,0.05089
CVE-2026-24199,0.00092,0.00609
CVE-2026-24200,0.00167,0.06385
CVE-2026-24201,0.00143,0.03941
CVE-2026-24204,0.00364,0.30017
CVE-2026-24206,0.00549,0.44566
CVE-2026-24207,0.02552,0.84247
CVE-2026-24208,0.05184,0.92032
CVE-2026-24209,0.0065,0.49453
CVE-2026-24210,0.00602,0.4724
CVE-2026-24212,0.00655,0.49654
CVE-2026-24213,0.00716,0.52059
CVE-2026-24214,0.00719,0.52151
CVE-2026-24215,0.00411,0.3483
CVE-2026-24216,0.00289,0.2157
CVE-2026-24217,0.00764,0.53673
CVE-2026-24218,0.00598,0.47038
CVE-2026-24220,0.00323,0.25355
CVE-2026-24221,0.0017,0.06659
CVE-2026-24222,0.00395,0.33251
CVE-2026-24225,0.0018,0.07866
CVE-2026-24226,0.00156,0.0512
CVE-2026-24227,0.01021,0.61688
CVE-2026-24228,0.00161,0.05711
CVE-2026-24229,0.00162,0.0578
CVE-2026-24231,0.00129,0.02913
CVE-2026-24232,0.00379,0.31519
CVE-2026-24233,0.0039,0.32734
CVE-2026-24234,0.00151,0.04608
CVE-2026-24237,0.00173,0.07024
CVE-2026-24238,0.00208,0.11171
CVE-2026-24240,0.00431,0.3671
CVE-2026-24241,0.00559,0.45095
CVE-2026-24242,0.0019,0.08931
CVE-2026-24243,0.00431,0.36709
CVE-2026-24244,0.00431,0.3671
CVE-2026-24245,0.00431,0.3671
CVE-2026-24246,0.00431,0.36709
CVE-2026-24247,0.00431,0.36709
CVE-2026-24248,0.00241,0.15453
CVE-2026-24249,0.00227,0.13515
CVE-2026-24250,0.00405,0.34341
CVE-2026-24251,0.00405,0.3434
CVE-2026-24252,0.00878,0.57275
CVE-2026-24253,0.00353,0.28742
CVE-2026-24254,0.00542,0.44197
CVE-2026-24255,0.00384,0.32152
CVE-2026-24259,0.00181,0.07906
CVE-2026-24260,0.00455,0.38601
CVE-2026-24262,0.00199,0.0997
CVE-2026-24263,0.00199,0.0997
CVE-2026-24264,0.00721,0.52226
CVE-2026-24266,0.00668,0.50209
CVE-2026-24268,0.00225,0.13325
CVE-2026-24270,0.00814,0.55253
CVE-2026-24271,0.0016,0.05619
CVE-2026-24272,0.00208,0.11171
CVE-2026-24281,0.00633,0.4869
CVE-2026-24282,0.00421,0.35829
CVE-2026-24283,0.00383,0.3201
CVE-2026-24285,0.00462,0.39066
CVE-2026-24287,0.00325,0.25562
CVE-2026-24288,0.0043,0.36542
CVE-2026-24289,0.04491,0.90985
CVE-2026-24290,0.00331,0.26244
CVE-2026-24291,0.03239,0.87653
CVE-2026-24292,0.00338,0.27089
CVE-2026-24293,0.00507,0.42054
CVE-2026-24294,0.04671,0.91296
CVE-2026-24295,0.00205,0.10723
CVE-2026-24296,0.00205,0.10724
CVE-2026-24297,0.00347,0.28099
CVE-2026-24299,0.00647,0.49306
CVE-2026-24300,0.01273,0.6842
CVE-2026-24301,0.02664,0.84961
CVE-2026-24302,0.01553,0.73872
CVE-2026-24303,0.00389,0.32689
CVE-2026-24304,0.00633,0.48688
CVE-2026-24305,0.00517,0.42728
CVE-2026-24306,0.00813,0.55219
CVE-2026-24307,0.00841,0.56106
CVE-2026-24308,0.01177,0.66009
CVE-2026-24309,0.00205,0.10713
CVE-2026-24310,0.00193,0.09246
CVE-2026-24311,0.00087,0.00407
CVE-2026-24312,0.00176,0.07438
CVE-2026-24313,0.00209,0.11274
CVE-2026-24314,0.00196,0.09519
CVE-2026-24315,0.00174,0.07143
CVE-2026-24316,0.00163,0.05894
CVE-2026-24317,0.00176,0.07374
CVE-2026-24318,0.00167,0.06301
CVE-2026-24319,0.00098,0.00859
CVE-2026-24320,0.00247,0.16141
CVE-2026-24321,0.00223,0.1302
CVE-2026-24322,0.00217,0.1227
CVE-2026-24323,0.00214,0.11939
CVE-2026-24324,0.00348,0.28247
CVE-2026-24325,0.00193,0.09161
CVE-2026-24326,0.00206,0.10862
CVE-2026-24327,0.0023,0.13962
CVE-2026-24328,0.00171,0.06809
CVE-2026-24329,0.00344,0.27738
CVE-2026-24330,0.00297,0.22351
CVE-2026-24332,0.00276,0.20101
CVE-2026-24343,0.0073,0.5254
CVE-2026-24344,0.00184,0.08184
CVE-2026-24345,0.00139,0.03671
CVE-2026-24346,0.00225,0.13238
CVE-2026-24347,0.00206,0.10853
CVE-2026-24348,0.00148,0.04383
CVE-2026-24349,0.00057,7e-05
CVE-2026-24350,0.00169,0.06568
CVE-2026-24351,0.00177,0.07473
CVE-2026-24352,0.00352,0.28631
CVE-2026-24353,0.00172,0.06855
CVE-2026-24354,0.00138,0.03602
CVE-2026-24355,0.00134,0.03308
CVE-2026-24356,0.00247,0.16152
CVE-2026-24357,0.00172,0.06854
CVE-2026-24358,0.00162,0.05738
CVE-2026-24359,0.00518,0.42795
CVE-2026-24360,0.0014,0.03752
CVE-2026-24361,0.00138,0.03603
CVE-2026-24362,0.00245,0.15942
CVE-2026-24363,0.00377,0.31362
CVE-2026-24364,0.00311,0.23916
CVE-2026-24365,0.00101,0.01009
CVE-2026-24366,0.00199,0.09891
CVE-2026-24367,0.00218,0.12354
CVE-2026-24368,0.00193,0.09187
CVE-2026-24369,0.00307,0.23478
CVE-2026-24370,0.00205,0.10764
CVE-2026-24371,0.00162,0.05738
CVE-2026-24372,0.00463,0.39133
CVE-2026-24373,0.00376,0.31264
CVE-2026-24374,0.00101,0.01009
CVE-2026-24375,0.00214,0.11919
CVE-2026-24376,0.00363,0.29881
CVE-2026-24377,0.00187,0.08567
CVE-2026-24378,0.0051,0.4227
CVE-2026-24379,0.00244,0.15757
CVE-2026-24380,0.00193,0.09187
CVE-2026-24381,0.00147,0.04283
CVE-2026-24382,0.00278,0.20365
CVE-2026-24383,0.00134,0.03308
CVE-2026-24384,0.00101,0.01009
CVE-2026-24385,0.00291,0.21738
CVE-2026-24386,0.0021,0.11431
CVE-2026-24387,0.00227,0.13516
CVE-2026-24388,0.0021,0.11431
CVE-2026-24389,0.00134,0.03308
CVE-2026-24390,0.00319,0.24852
CVE-2026-24391,0.00175,0.07236
CVE-2026-24392,0.00172,0.06905
CVE-2026-24398,0.00327,0.25863
CVE-2026-24399,0.00314,0.24302
CVE-2026-24400,0.00539,0.44048
CVE-2026-24401,0.00262,0.18178
CVE-2026-24403,0.00411,0.34841
CVE-2026-24404,0.00411,0.34842
CVE-2026-24405,0.00545,0.44379
CVE-2026-24406,0.00545,0.44379
CVE-2026-24407,0.00411,0.34841
CVE-2026-24408,0.00165,0.06079
CVE-2026-24409,0.00323,0.25322
CVE-2026-24410,0.00323,0.25322
CVE-2026-24411,0.00323,0.25321
CVE-2026-24412,0.00545,0.44378
CVE-2026-24413,0.00071,0.00054
CVE-2026-24414,0.00098,0.00883
CVE-2026-24415,0.00245,0.15962
CVE-2026-24416,0.0038,0.31692
CVE-2026-24417,0.0038,0.31693
CVE-2026-24418,0.0037,0.30663
CVE-2026-24419,0.00357,0.29289
CVE-2026-24420,0.00437,0.37238
CVE-2026-24421,0.01832,0.77803
CVE-2026-24422,0.0039,0.32793
CVE-2026-24423,0.87988,0.99756
CVE-2026-24425,0.00758,0.53454
CVE-2026-24426,0.00195,0.09498
CVE-2026-24427,0.00123,0.02324
CVE-2026-24428,0.00301,0.22846
CVE-2026-24429,0.00394,0.33152
CVE-2026-24430,0.00245,0.15881
CVE-2026-24431,0.00201,0.10185
CVE-2026-24432,0.00115,0.01751
CVE-2026-24433,0.00195,0.09449
CVE-2026-24434,0.00152,0.04724
CVE-2026-24435,0.00224,0.13119
CVE-2026-24436,0.00444,0.37735
CVE-2026-24437,0.00163,0.05916
CVE-2026-24439,0.00179,0.077
CVE-2026-24440,0.0028,0.20572
CVE-2026-24441,0.00215,0.12075
CVE-2026-24443,0.00463,0.39114
CVE-2026-24444,0.00535,0.43847
CVE-2026-24445,0.00487,0.40741
CVE-2026-24447,0.00224,0.13219
CVE-2026-24448,0.00392,0.32992
CVE-2026-24449,0.00195,0.0944
CVE-2026-24450,0.00568,0.45576
CVE-2026-24451,0.00482,0.40429
CVE-2026-24452,0.01897,0.78603
CVE-2026-24455,0.00242,0.15522
CVE-2026-24457,0.00616,0.47863
CVE-2026-24458,0.00273,0.19735
CVE-2026-24464,0.00886,0.57468
CVE-2026-24465,0.00708,0.51782
CVE-2026-24466,0.00142,0.03901
CVE-2026-24467,0.009,0.57921
CVE-2026-24468,0.00294,0.221
CVE-2026-24469,0.00613,0.47729
CVE-2026-24470,0.00278,0.20298
CVE-2026-24471,0.00324,0.25447
CVE-2026-24472,0.00475,0.39978
CVE-2026-24473,0.00436,0.37124
CVE-2026-24474,0.00392,0.32956
CVE-2026-24476,0.00153,0.04797
CVE-2026-24477,0.016,0.74554
CVE-2026-24478,0.00892,0.57655
CVE-2026-24479,0.08205,0.94587
CVE-2026-24480,0.00402,0.34056
CVE-2026-24481,0.00388,0.32601
CVE-2026-24484,0.00401,0.33911
CVE-2026-24485,0.00449,0.38199
CVE-2026-24486,0.02208,0.81701
CVE-2026-24487,0.00266,0.18652
CVE-2026-24488,0.00399,0.33682
CVE-2026-24489,0.00375,0.31132
CVE-2026-24490,0.00323,0.25329
CVE-2026-24491,0.00485,0.40634
CVE-2026-24494,0.00364,0.30015
CVE-2026-24497,0.00336,0.26853
CVE-2026-24498,0.0041,0.3473
CVE-2026-24502,0.0018,0.07822
CVE-2026-24504,0.00441,0.37524
CVE-2026-24505,0.00417,0.35456
CVE-2026-24506,0.01191,0.664
CVE-2026-24508,0.00056,6e-05
CVE-2026-24509,0.00075,0.00109
CVE-2026-24510,0.00084,0.00318
CVE-2026-24511,0.00159,0.05435
CVE-2026-24512,0.0051,0.42221
CVE-2026-24513,0.00312,0.24079
CVE-2026-24514,0.00478,0.40142
CVE-2026-24515,0.00177,0.07485
CVE-2026-24516,0.02502,0.83905
CVE-2026-24517,0.01589,0.74393
CVE-2026-24520,0.00155,0.05043
CVE-2026-24521,0.00141,0.03794
CVE-2026-24522,0.00197,0.09629
CVE-2026-24523,0.00314,0.24352
CVE-2026-24524,0.00249,0.16464
CVE-2026-24525,0.00363,0.29932
CVE-2026-24526,0.0021,0.11454
CVE-2026-24527,0.002,0.10057
CVE-2026-24528,0.00166,0.06204
CVE-2026-24529,0.0028,0.20574
CVE-2026-24530,0.00395,0.33302
CVE-2026-24531,0.00518,0.42776
CVE-2026-24532,0.00249,0.16464
CVE-2026-24534,0.00249,0.16464
CVE-2026-24535,0.00214,0.11869
CVE-2026-24536,0.00324,0.25443
CVE-2026-24537,0.00142,0.03864
CVE-2026-24538,0.00408,0.3458
CVE-2026-24539,0.00295,0.22126
CVE-2026-24540,0.00236,0.14785
CVE-2026-24541,0.00209,0.11274
CVE-2026-24542,0.00141,0.03793
CVE-2026-24543,0.00197,0.09628
CVE-2026-24544,0.00209,0.11274
CVE-2026-24545,0.002,0.10058
CVE-2026-24546,0.00295,0.22153
CVE-2026-24547,0.00294,0.2204
CVE-2026-24548,0.00173,0.07024
CVE-2026-24549,0.00141,0.03793
CVE-2026-24550,0.00166,0.06203
CVE-2026-24551,0.00222,0.12934
CVE-2026-24552,0.00357,0.29308
CVE-2026-24553,0.00228,0.13679
CVE-2026-24554,0.00122,0.0226
CVE-2026-24555,0.00166,0.06203
CVE-2026-24556,0.00227,0.13607
CVE-2026-24557,0.00255,0.17285
CVE-2026-24558,0.0021,0.11455
CVE-2026-24559,0.00255,0.17286
CVE-2026-24560,0.00282,0.20775
CVE-2026-24561,0.00282,0.20774
CVE-2026-24562,0.00289,0.21493
CVE-2026-24563,0.00197,0.09628
CVE-2026-24564,0.00224,0.1318
CVE-2026-24565,0.00293,0.21931
CVE-2026-24566,0.00363,0.2994
CVE-2026-24567,0.00249,0.16463
CVE-2026-24568,0.00227,0.13607
CVE-2026-24569,0.00197,0.09629
CVE-2026-24570,0.00222,0.12934
CVE-2026-24571,0.00197,0.09626
CVE-2026-24572,0.00341,0.27421
CVE-2026-24573,0.00166,0.06288
CVE-2026-24574,0.0014,0.03716
CVE-2026-24575,0.00259,0.17735
CVE-2026-24576,0.0021,0.11454
CVE-2026-24577,0.00227,0.13607
CVE-2026-24578,0.00197,0.09626
CVE-2026-24579,0.00197,0.09628
CVE-2026-24580,0.00197,0.09626
CVE-2026-24581,0.00222,0.12934
CVE-2026-24582,0.002,0.10058
CVE-2026-24583,0.00295,0.22135
CVE-2026-24584,0.00225,0.13362
CVE-2026-24585,0.00263,0.18343
CVE-2026-24586,0.00255,0.17204
CVE-2026-24587,0.00282,0.20775
CVE-2026-24588,0.00249,0.16464
CVE-2026-24589,0.00324,0.25443
CVE-2026-24590,0.00246,0.16027
CVE-2026-24591,0.00217,0.12239
CVE-2026-24592,0.00231,0.14136
CVE-2026-24593,0.00324,0.25442
CVE-2026-24594,0.00232,0.14228
CVE-2026-24595,0.00282,0.20774
CVE-2026-24596,0.00141,0.03794
CVE-2026-24597,0.00122,0.0226
CVE-2026-24598,0.00271,0.19451
CVE-2026-24599,0.00333,0.26486
CVE-2026-24600,0.0021,0.11454
CVE-2026-24601,0.0021,0.11455
CVE-2026-24603,0.00289,0.21493
CVE-2026-24604,0.00289,0.21493
CVE-2026-24605,0.00265,0.18571
CVE-2026-24606,0.00314,0.24301
CVE-2026-24607,0.00374,0.31073
CVE-2026-24608,0.00415,0.35229
CVE-2026-24609,0.00319,0.24851
CVE-2026-24610,0.00243,0.15704
CVE-2026-24611,0.00437,0.37206
CVE-2026-24612,0.00187,0.08521
CVE-2026-24613,0.00239,0.15149
CVE-2026-24614,0.00144,0.04059
CVE-2026-24615,0.00187,0.08521
CVE-2026-24616,0.00213,0.11793
CVE-2026-24617,0.00134,0.03307
CVE-2026-24618,0.00175,0.0722
CVE-2026-24619,0.00187,0.08522
CVE-2026-24620,0.00187,0.08586
CVE-2026-24621,0.00148,0.04411
CVE-2026-24622,0.0018,0.0784
CVE-2026-24623,0.00155,0.05024
CVE-2026-24624,0.00328,0.25965
CVE-2026-24625,0.00199,0.09892
CVE-2026-24626,0.00151,0.04641
CVE-2026-24627,0.00162,0.05739
CVE-2026-24628,0.0024,0.15351
CVE-2026-24629,0.00148,0.04412
CVE-2026-24630,0.00138,0.03602
CVE-2026-24631,0.00197,0.09674
CVE-2026-24632,0.00148,0.04411
CVE-2026-24633,0.00239,0.15149
CVE-2026-24634,0.00216,0.12117
CVE-2026-24635,0.00319,0.24852
CVE-2026-24636,0.0021,0.11431
CVE-2026-24637,0.00253,0.16918
CVE-2026-24638,0.00217,0.12337
CVE-2026-24639,0.00208,0.11143
CVE-2026-24640,0.00632,0.48611
CVE-2026-24641,0.00386,0.32321
CVE-2026-24656,0.00665,0.50084
CVE-2026-24660,0.00704,0.51606
CVE-2026-24661,0.00311,0.23966
CVE-2026-24662,0.00134,0.03252
CVE-2026-24663,0.02139,0.8111
CVE-2026-24664,0.0026,0.17855
CVE-2026-24665,0.00189,0.08799
CVE-2026-24666,0.00157,0.05296
CVE-2026-24667,0.00134,0.03266
CVE-2026-24668,0.00215,0.12007
CVE-2026-24669,0.00156,0.05206
CVE-2026-24670,0.00215,0.12006
CVE-2026-24671,0.00189,0.08775
CVE-2026-24672,0.00189,0.08798
CVE-2026-24673,0.0025,0.16572
CVE-2026-24674,0.00187,0.08579
CVE-2026-24675,0.00485,0.40635
CVE-2026-24676,0.00485,0.40633
CVE-2026-24677,0.00508,0.42149
CVE-2026-24678,0.00652,0.49567
CVE-2026-24679,0.00508,0.42149
CVE-2026-24680,0.00439,0.37368
CVE-2026-24681,0.00485,0.40633
CVE-2026-24682,0.00485,0.40635
CVE-2026-24683,0.00485,0.40634
CVE-2026-24684,0.00555,0.44882
CVE-2026-24685,0.00331,0.26187
CVE-2026-24686,0.0022,0.12584
CVE-2026-24687,0.00427,0.36318
CVE-2026-24688,0.00412,0.34895
CVE-2026-24689,0.01518,0.73264
CVE-2026-24690,0.00451,0.38311
CVE-2026-24692,0.00165,0.06129
CVE-2026-24693,0.0012,0.02141
CVE-2026-24694,0.00137,0.03482
CVE-2026-24695,0.01518,0.73263
CVE-2026-24696,0.00357,0.29298
CVE-2026-24697,0.01467,0.72405
CVE-2026-24698,0.01467,0.72406
CVE-2026-24699,0.01467,0.72406
CVE-2026-24700,0.01853,0.7808
CVE-2026-24708,0.00374,0.31057
CVE-2026-24710,0.00166,0.06276
CVE-2026-24711,0.00208,0.11133
CVE-2026-24712,0.0092,0.58538
CVE-2026-24713,0.00662,0.49981
CVE-2026-24714,0.00217,0.12299
CVE-2026-24716,0.00331,0.26302
CVE-2026-24717,0.00393,0.3302
CVE-2026-24719,0.00977,0.60414
CVE-2026-24720,0.00381,0.31818
CVE-2026-24724,0.00337,0.27046
CVE-2026-24727,0.0067,0.50279
CVE-2026-24728,0.00475,0.3997
CVE-2026-24729,0.0032,0.24968
CVE-2026-24731,0.00557,0.45004
CVE-2026-24732,0.00265,0.18595
CVE-2026-24733,0.00513,0.42461
CVE-2026-24734,0.00517,0.42716
CVE-2026-24735,0.0063,0.48546
CVE-2026-24736,0.00437,0.37226
CVE-2026-24737,0.00534,0.43714
CVE-2026-24738,0.00264,0.18426
CVE-2026-24739,0.00214,0.11864
CVE-2026-24740,0.00401,0.33866
CVE-2026-24741,0.00424,0.36081
CVE-2026-24742,0.00271,0.1945
CVE-2026-24743,0.0022,0.12609
CVE-2026-24744,0.0022,0.1261
CVE-2026-24745,0.0022,0.1261
CVE-2026-24746,0.00279,0.20486
CVE-2026-24747,0.00721,0.5223
CVE-2026-24748,0.00364,0.29967
CVE-2026-24749,0.00398,0.33637
CVE-2026-24750,0.00236,0.14754
CVE-2026-24751,0.00289,0.21499
CVE-2026-24752,0.00283,0.20851
CVE-2026-24753,0.00174,0.0719
CVE-2026-24754,0.00136,0.03398
CVE-2026-24755,0.00138,0.03531
CVE-2026-24756,0.00152,0.04738
CVE-2026-24761,0.00142,0.03922
CVE-2026-24762,0.00254,0.17192
CVE-2026-24763,0.04856,0.91578
CVE-2026-24764,0.002,0.10118
CVE-2026-24765,0.00356,0.29147
CVE-2026-24766,0.00369,0.30482
CVE-2026-24767,0.0021,0.11458
CVE-2026-24768,0.00285,0.21115
CVE-2026-24769,0.00401,0.33901
CVE-2026-24770,0.01406,0.71235
CVE-2026-24771,0.0031,0.23807
CVE-2026-24772,0.00166,0.06194
CVE-2026-24773,0.00366,0.3018
CVE-2026-24774,0.00209,0.11224
CVE-2026-24775,0.00111,0.0152
CVE-2026-24776,0.00197,0.09702
CVE-2026-24777,0.00334,0.26583
CVE-2026-24778,0.00266,0.186
CVE-2026-24779,0.0055,0.44629
CVE-2026-24780,0.01167,0.65756
CVE-2026-24781,0.01186,0.66271
CVE-2026-24782,0.00667,0.50169
CVE-2026-24783,0.00387,0.32458
CVE-2026-24784,0.0017,0.06668
CVE-2026-24785,0.00127,0.02693
CVE-2026-24788,0.01265,0.68249
CVE-2026-24789,0.00696,0.51297
CVE-2026-24790,0.00449,0.38174
CVE-2026-24791,0.00251,0.16616
CVE-2026-24792,0.00428,0.36445
CVE-2026-24793,0.003,0.22636
CVE-2026-24794,0.00268,0.19091
CVE-2026-24795,0.00133,0.03237
CVE-2026-24796,0.00133,0.03236
CVE-2026-24797,0.00331,0.26242
CVE-2026-24798,0.00268,0.19092
CVE-2026-24799,0.00121,0.02226
CVE-2026-24800,0.00273,0.1971
CVE-2026-24801,0.00189,0.08724
CVE-2026-24802,0.00408,0.3456
CVE-2026-24803,0.00275,0.20024
CVE-2026-24804,0.00261,0.17991
CVE-2026-24805,0.00134,0.03259
CVE-2026-24806,0.00426,0.36235
CVE-2026-24807,0.00362,0.29767
CVE-2026-24808,0.00125,0.02555
CVE-2026-24809,0.00135,0.03369
CVE-2026-24810,0.00288,0.21442
CVE-2026-24811,0.00313,0.24174
CVE-2026-24812,0.00279,0.20433
CVE-2026-24813,0.00268,0.1909
CVE-2026-24814,0.00268,0.19091
CVE-2026-24815,0.00306,0.23321
CVE-2026-24816,0.00261,0.17991
CVE-2026-24817,0.00268,0.1909
CVE-2026-24818,0.0042,0.35706
CVE-2026-24819,0.0042,0.35706
CVE-2026-24820,0.0012,0.02068
CVE-2026-24821,0.00331,0.26242
CVE-2026-24822,0.00336,0.26869
CVE-2026-24823,0.00336,0.26869
CVE-2026-24824,0.00337,0.27032
CVE-2026-24825,0.00331,0.26241
CVE-2026-24826,0.00268,0.19091
CVE-2026-24827,0.00279,0.20452
CVE-2026-24828,0.00279,0.20452
CVE-2026-24829,0.00215,0.12023
CVE-2026-24830,0.00308,0.23608
CVE-2026-24831,0.00267,0.1896
CVE-2026-24832,0.00295,0.22159
CVE-2026-24833,0.00184,0.08271
CVE-2026-24834,0.0022,0.12604
CVE-2026-24835,0.00279,0.20488
CVE-2026-24836,0.0024,0.15298
CVE-2026-24837,0.00259,0.17756
CVE-2026-24838,0.00196,0.09524
CVE-2026-24839,0.00211,0.11576
CVE-2026-24840,0.00332,0.2635
CVE-2026-24841,0.02673,0.85023
CVE-2026-24842,0.00563,0.45336
CVE-2026-24843,0.0017,0.06681
CVE-2026-24844,0.00179,0.07687
CVE-2026-24845,0.00342,0.27611
CVE-2026-24846,0.0017,0.06731
CVE-2026-24847,0.00176,0.07398
CVE-2026-24848,0.06491,0.93404
CVE-2026-24849,0.02164,0.81321
CVE-2026-24850,0.00318,0.24718
CVE-2026-24851,0.0032,0.24981
CVE-2026-24852,0.00265,0.18516
CVE-2026-24853,0.00282,0.20812
CVE-2026-24854,0.00359,0.29443
CVE-2026-24855,0.00212,0.11731
CVE-2026-24856,0.00231,0.14135
CVE-2026-24857,0.00388,0.32583
CVE-2026-24858,0.86088,0.99719
CVE-2026-24868,0.00188,0.0863
CVE-2026-24869,0.00241,0.1544
CVE-2026-24870,0.00196,0.09586
CVE-2026-24871,0.00278,0.20352
CVE-2026-24872,0.00308,0.23608
CVE-2026-24873,0.00123,0.02418
CVE-2026-24874,0.00263,0.18345
CVE-2026-24875,0.00123,0.02418
CVE-2026-24880,0.0052,0.42909
CVE-2026-24881,0.01721,0.76329
CVE-2026-24882,0.00415,0.35287
CVE-2026-24883,0.00466,0.39268
CVE-2026-24884,0.0034,0.27376
CVE-2026-24885,0.00189,0.08726
CVE-2026-24887,0.00596,0.46929
CVE-2026-24888,0.00931,0.58902
CVE-2026-24889,0.00367,0.3035
CVE-2026-24890,0.00239,0.15138
CVE-2026-24891,0.00359,0.295
CVE-2026-24892,0.00813,0.55238
CVE-2026-24893,0.01398,0.71083
CVE-2026-24894,0.0037,0.30651
CVE-2026-24895,0.00595,0.46852
CVE-2026-24896,0.0026,0.17837
CVE-2026-24897,0.03128,0.87206
CVE-2026-24898,0.00555,0.44893
CVE-2026-24899,0.00381,0.31756
CVE-2026-24900,0.00261,0.17988
CVE-2026-24901,0.00312,0.24076
CVE-2026-24902,0.00234,0.14441
CVE-2026-24903,0.0017,0.06674
CVE-2026-24904,0.00261,0.18067
CVE-2026-24905,0.01304,0.69062
CVE-2026-24906,0.00252,0.16806
CVE-2026-24907,0.00198,0.09855
CVE-2026-24908,0.00491,0.41023
CVE-2026-24909,0.00187,0.08539
CVE-2026-24910,0.00115,0.01731
CVE-2026-24911,0.0036,0.29572
CVE-2026-24912,0.00386,0.32311
CVE-2026-24913,0.00301,0.22766
CVE-2026-24914,0.0012,0.02049
CVE-2026-24915,0.00125,0.0251
CVE-2026-24916,0.00122,0.02249
CVE-2026-24917,0.00096,0.00814
CVE-2026-24918,0.0012,0.02072
CVE-2026-24919,0.00109,0.01394
CVE-2026-24920,0.00107,0.01286
CVE-2026-24921,0.00082,0.00249
CVE-2026-24922,0.00088,0.00439
CVE-2026-24923,0.00117,0.01874
CVE-2026-24924,0.00113,0.016
CVE-2026-24925,0.00083,0.00288
CVE-2026-24926,0.00109,0.01399
CVE-2026-24927,0.00105,0.01184
CVE-2026-24928,0.00098,0.00867
CVE-2026-24929,0.00076,0.00113
CVE-2026-24930,0.00069,0.00041
CVE-2026-24931,0.00106,0.01246
CVE-2026-24932,0.00214,0.11886
CVE-2026-24933,0.00212,0.11638
CVE-2026-24934,0.00162,0.05812
CVE-2026-24935,0.0015,0.04536
CVE-2026-24936,0.00792,0.54567
CVE-2026-24937,0.00408,0.34586
CVE-2026-24938,0.00179,0.07674
CVE-2026-24939,0.00204,0.10658
CVE-2026-24940,0.00192,0.09114
CVE-2026-24941,0.00248,0.16217
CVE-2026-24942,0.00111,0.01519
CVE-2026-24943,0.00151,0.04599
CVE-2026-24944,0.0017,0.06707
CVE-2026-24945,0.00222,0.12964
CVE-2026-24946,0.00199,0.09933
CVE-2026-24947,0.00204,0.10658
CVE-2026-24948,0.00151,0.04598
CVE-2026-24949,0.00151,0.04598
CVE-2026-24950,0.0025,0.16533
CVE-2026-24951,0.00192,0.09114
CVE-2026-24952,0.00167,0.06337
CVE-2026-24953,0.0037,0.30674
CVE-2026-24954,0.00368,0.30374
CVE-2026-24955,0.00192,0.09084
CVE-2026-24956,0.00229,0.13899
CVE-2026-24957,0.00257,0.17605
CVE-2026-24958,0.00167,0.06337
CVE-2026-24959,0.00217,0.12249
CVE-2026-24960,0.00331,0.26269
CVE-2026-24961,0.00174,0.07194
CVE-2026-24962,0.00111,0.01519
CVE-2026-24963,0.00307,0.23509
CVE-2026-24964,0.00163,0.05877
CVE-2026-24965,0.00204,0.10658
CVE-2026-24966,0.00111,0.01519
CVE-2026-24967,0.00236,0.14823
CVE-2026-24968,0.00408,0.3455
CVE-2026-24969,0.00327,0.25812
CVE-2026-24970,0.00327,0.25812
CVE-2026-24971,0.00321,0.25163
CVE-2026-24972,0.00269,0.19208
CVE-2026-24973,0.00237,0.14839
CVE-2026-24974,0.00344,0.27816
CVE-2026-24975,0.0018,0.07786
CVE-2026-24976,0.00344,0.27813
CVE-2026-24977,0.00253,0.16917
CVE-2026-24978,0.00344,0.27813
CVE-2026-24979,0.0018,0.07778
CVE-2026-24980,0.0018,0.07777
CVE-2026-24981,0.00344,0.27815
CVE-2026-24982,0.00236,0.14823
CVE-2026-24983,0.0018,0.07778
CVE-2026-24984,0.00327,0.25789
CVE-2026-24985,0.00192,0.09114
CVE-2026-24986,0.00099,0.00906
CVE-2026-24987,0.00363,0.2988
CVE-2026-24988,0.00132,0.03114
CVE-2026-24989,0.00375,0.31183
CVE-2026-24990,0.00176,0.074
CVE-2026-24991,0.00211,0.11534
CVE-2026-24992,0.00205,0.10723
CVE-2026-24993,0.00283,0.2088
CVE-2026-24994,0.00194,0.09358
CVE-2026-24995,0.00202,0.10349
CVE-2026-24996,0.00158,0.05348
CVE-2026-24997,0.00183,0.08101
CVE-2026-24998,0.00205,0.10723
CVE-2026-24999,0.00214,0.11918
CVE-2026-25000,0.00214,0.11917
CVE-2026-25001,0.00234,0.14463
CVE-2026-25002,0.00271,0.19369
CVE-2026-25003,0.00185,0.08335
CVE-2026-25004,0.00226,0.13491
CVE-2026-25005,0.00325,0.25578
CVE-2026-25006,0.00236,0.14791
CVE-2026-25007,0.00253,0.16917
CVE-2026-25008,0.00215,0.11984
CVE-2026-25009,0.00242,0.15539
CVE-2026-25010,0.00183,0.08101
CVE-2026-25011,0.00172,0.06867
CVE-2026-25012,0.00194,0.09358
CVE-2026-25013,0.0018,0.07791
CVE-2026-25014,0.00102,0.01043
CVE-2026-25015,0.00129,0.02952
CVE-2026-25016,0.00158,0.05349
CVE-2026-25017,0.00403,0.3413
CVE-2026-25018,0.00175,0.07225
CVE-2026-25019,0.00177,0.07545
CVE-2026-25020,0.00158,0.05348
CVE-2026-25021,0.00176,0.07399
CVE-2026-25022,0.00213,0.11775
CVE-2026-25023,0.00199,0.09941
CVE-2026-25024,0.00099,0.00905
CVE-2026-25025,0.0023,0.13938
CVE-2026-25026,0.00278,0.20366
CVE-2026-25027,0.00312,0.24068
CVE-2026-25028,0.00201,0.10167
CVE-2026-25029,0.00375,0.31187
CVE-2026-25030,0.00375,0.31186
CVE-2026-25031,0.00375,0.31188
CVE-2026-25032,0.00375,0.31187
CVE-2026-25033,0.0018,0.07791
CVE-2026-25034,0.00188,0.08678
CVE-2026-25035,0.00416,0.35358
CVE-2026-25036,0.00307,0.23524
CVE-2026-25037,0.01897,0.78605
CVE-2026-25038,0.00482,0.40429
CVE-2026-25039,0.00548,0.44499
CVE-2026-25040,0.00532,0.43643
CVE-2026-25041,0.0048,0.40308
CVE-2026-25043,0.00297,0.22389
CVE-2026-25044,0.00466,0.39293
CVE-2026-25045,0.00292,0.21876
CVE-2026-25046,0.00115,0.01771
CVE-2026-25047,0.00728,0.5245
CVE-2026-25048,0.00706,0.51683
CVE-2026-25049,0.01451,0.72067
CVE-2026-25050,0.00371,0.30756
CVE-2026-25051,0.00233,0.14359
CVE-2026-25052,0.00311,0.23981
CVE-2026-25053,0.00578,0.46075
CVE-2026-25054,0.00195,0.09388
CVE-2026-25055,0.01743,0.76617
CVE-2026-25056,0.00676,0.50532
CVE-2026-25057,0.00477,0.40104
CVE-2026-25058,0.00402,0.33974
CVE-2026-25059,0.00609,0.47546
CVE-2026-25060,0.00243,0.15712
CVE-2026-25061,0.00538,0.43952
CVE-2026-25062,0.00408,0.34605
CVE-2026-25063,0.00716,0.52044
CVE-2026-25067,0.00288,0.21417
CVE-2026-25068,0.00181,0.07963
CVE-2026-25069,0.00626,0.48364
CVE-2026-25070,0.02999,0.86685
CVE-2026-25071,0.00512,0.42398
CVE-2026-25072,0.00495,0.41301
CVE-2026-25073,0.00188,0.08592
CVE-2026-25075,0.01013,0.61484
CVE-2026-25076,0.00317,0.24631
CVE-2026-25077,0.00726,0.52379
CVE-2026-25083,0.0033,0.26098
CVE-2026-25084,0.00761,0.53556
CVE-2026-25085,0.0049,0.4095
CVE-2026-25086,0.00151,0.04675
CVE-2026-25087,0.00821,0.55501
CVE-2026-25088,0.00264,0.18454
CVE-2026-25089,0.76112,0.99507
CVE-2026-25099,0.01919,0.78855
CVE-2026-25100,0.0019,0.08917
CVE-2026-25101,0.00356,0.29162
CVE-2026-25104,0.00227,0.1354
CVE-2026-25105,0.01897,0.78603
CVE-2026-25107,0.00124,0.02465
CVE-2026-25108,0.05066,0.91885
CVE-2026-25109,0.01518,0.73263
CVE-2026-25110,0.0012,0.02067
CVE-2026-25111,0.01518,0.73263
CVE-2026-25112,0.00145,0.04185
CVE-2026-25113,0.00465,0.3924
CVE-2026-25114,0.00475,0.39954
CVE-2026-25115,0.00535,0.43846
CVE-2026-25116,0.00576,0.45954
CVE-2026-25117,0.00532,0.43616
CVE-2026-25118,0.00449,0.38192
CVE-2026-25119,0.00863,0.56812
CVE-2026-25120,0.00271,0.1945
CVE-2026-25121,0.00384,0.32069
CVE-2026-25122,0.0011,0.0142
CVE-2026-25123,0.00274,0.19886
CVE-2026-25124,0.00264,0.18472
CVE-2026-25125,0.00326,0.25705
CVE-2026-25126,0.00352,0.28662
CVE-2026-25127,0.00264,0.18472
CVE-2026-25128,0.00568,0.45597
CVE-2026-25129,0.00291,0.21767
CVE-2026-25130,0.00831,0.55801
CVE-2026-25131,0.00325,0.25621
CVE-2026-25133,0.00217,0.12251
CVE-2026-25134,0.0083,0.55762
CVE-2026-25135,0.00219,0.12548
CVE-2026-25136,0.00263,0.18377
CVE-2026-25137,0.09692,0.95253
CVE-2026-25138,0.00327,0.25831
CVE-2026-25139,0.00499,0.41551
CVE-2026-25140,0.00381,0.3174
CVE-2026-25141,0.00613,0.4774
CVE-2026-25142,0.01108,0.64211
CVE-2026-25143,0.00182,0.08002
CVE-2026-25144,0.00261,0.18049
CVE-2026-25145,0.00175,0.07196
CVE-2026-25146,0.00444,0.37739
CVE-2026-25147,0.0022,0.12679
CVE-2026-25148,0.00319,0.24829
CVE-2026-25149,0.00246,0.16044
CVE-2026-25150,0.00647,0.49324
CVE-2026-25151,0.00165,0.06172
CVE-2026-25152,0.00402,0.3401
CVE-2026-25153,0.00562,0.45302
CVE-2026-25154,0.00289,0.21489
CVE-2026-25155,0.00134,0.03301
CVE-2026-25156,0.00236,0.14751
CVE-2026-25157,0.00952,0.59555
CVE-2026-25160,0.00244,0.15725
CVE-2026-25161,0.00749,0.53163
CVE-2026-25164,0.0026,0.17836
CVE-2026-25165,0.00391,0.32807
CVE-2026-25166,0.0163,0.75004
CVE-2026-25167,0.00298,0.22521
CVE-2026-25168,0.0046,0.38893
CVE-2026-25169,0.00454,0.38509
CVE-2026-25170,0.00273,0.19761
CVE-2026-25171,0.00273,0.19761
CVE-2026-25172,0.00904,0.58046
CVE-2026-25173,0.00886,0.57475
CVE-2026-25174,0.00345,0.27886
CVE-2026-25175,0.00338,0.27089
CVE-2026-25176,0.0037,0.30676
CVE-2026-25177,0.01282,0.68594
CVE-2026-25178,0.00273,0.19761
CVE-2026-25179,0.0033,0.26138
CVE-2026-25180,0.00655,0.49665
CVE-2026-25181,0.01386,0.70839
CVE-2026-25184,0.00183,0.08125
CVE-2026-25185,0.01011,0.61437
CVE-2026-25186,0.0063,0.48532
CVE-2026-25187,0.03178,0.87397
CVE-2026-25188,0.00552,0.44719
CVE-2026-25189,0.00334,0.26578
CVE-2026-25190,0.00496,0.41375
CVE-2026-25191,0.00144,0.04066
CVE-2026-25192,0.00483,0.4052
CVE-2026-25193,0.00136,0.03419
CVE-2026-25194,0.0017,0.06699
CVE-2026-25195,0.01447,0.7198
CVE-2026-25196,0.01897,0.78604
CVE-2026-25197,0.00295,0.22192
CVE-2026-25198,0.00306,0.2329
CVE-2026-25199,0.005,0.41616
CVE-2026-25200,0.00503,0.41766
CVE-2026-25201,0.00405,0.34287
CVE-2026-25202,0.00445,0.37858
CVE-2026-25203,0.00177,0.07542
CVE-2026-25204,0.00302,0.22886
CVE-2026-25205,0.00187,0.08557
CVE-2026-25206,0.00184,0.0824
CVE-2026-25207,0.00188,0.08656
CVE-2026-25208,0.00251,0.16691
CVE-2026-25209,0.00251,0.1669
CVE-2026-25210,0.00196,0.09569
CVE-2026-25211,0.00223,0.13058
CVE-2026-25212,0.00289,0.21508
CVE-2026-25219,0.00552,0.44743
CVE-2026-25220,0.0026,0.17836
CVE-2026-25221,0.00211,0.11538
CVE-2026-25222,0.00429,0.36512
CVE-2026-25223,0.008,0.54804
CVE-2026-25224,0.00507,0.42016
CVE-2026-25227,0.00815,0.55278
CVE-2026-25228,0.00399,0.33695
CVE-2026-25229,0.00254,0.17193
CVE-2026-25230,0.00211,0.1159
CVE-2026-25231,0.01471,0.72468
CVE-2026-25232,0.00436,0.37164
CVE-2026-25233,0.00319,0.24918
CVE-2026-25234,0.00257,0.17509
CVE-2026-25235,0.00255,0.17227
CVE-2026-25236,0.00271,0.19374
CVE-2026-25237,0.00402,0.33996
CVE-2026-25238,0.00271,0.19373
CVE-2026-25239,0.00218,0.12391
CVE-2026-25240,0.00271,0.19374
CVE-2026-25241,0.0042,0.35723
CVE-2026-25242,0.00618,0.47967
CVE-2026-25243,0.03663,0.89067
CVE-2026-25244,0.02764,0.85557
CVE-2026-25250,0.00089,0.00486
CVE-2026-25253,0.23992,0.97721
CVE-2026-25258,0.0007,0.00047
CVE-2026-25259,0.0007,0.00047
CVE-2026-25260,0.00052,2e-05
CVE-2026-25266,0.00071,0.00055
CVE-2026-25268,0.00103,0.01095
CVE-2026-25271,0.00074,0.00088
CVE-2026-25276,0.00075,0.00098
CVE-2026-25277,0.00074,0.00092
CVE-2026-25288,0.001,0.00937
CVE-2026-25289,0.00116,0.01814
CVE-2026-25292,0.00102,0.01054
CVE-2026-25293,0.00182,0.07971
CVE-2026-25304,0.0018,0.07786
CVE-2026-25305,0.00161,0.05656
CVE-2026-25306,0.00184,0.08193
CVE-2026-25307,0.00161,0.05656
CVE-2026-25308,0.00185,0.08334
CVE-2026-25309,0.00287,0.21263
CVE-2026-25310,0.00184,0.08244
CVE-2026-25311,0.00209,0.11293
CVE-2026-25312,0.00206,0.10897
CVE-2026-25313,0.00185,0.08334
CVE-2026-25314,0.00185,0.08333
CVE-2026-25315,0.00228,0.13653
CVE-2026-25316,0.0037,0.30597
CVE-2026-25317,0.00291,0.21718
CVE-2026-25318,0.00235,0.14596
CVE-2026-25319,0.00107,0.01299
CVE-2026-25320,0.00272,0.19624
CVE-2026-25321,0.00214,0.11916
CVE-2026-25322,0.00104,0.01151
CVE-2026-25323,0.00243,0.15704
CVE-2026-25324,0.00315,0.24386
CVE-2026-25325,0.00316,0.24515
CVE-2026-25326,0.0037,0.30654
CVE-2026-25327,0.00209,0.11268
CVE-2026-25328,0.00354,0.28944
CVE-2026-25329,0.00185,0.08337
CVE-2026-25330,0.00185,0.08332
CVE-2026-25331,0.00156,0.05174
CVE-2026-25332,0.00272,0.19625
CVE-2026-25333,0.00228,0.13653
CVE-2026-25334,0.00264,0.18396
CVE-2026-25335,0.00271,0.19392
CVE-2026-25336,0.00277,0.2026
CVE-2026-25337,0.00104,0.01152
CVE-2026-25338,0.00214,0.11913
CVE-2026-25339,0.00234,0.14535
CVE-2026-25340,0.00283,0.20877
CVE-2026-25341,0.00175,0.07244
CVE-2026-25342,0.00175,0.07244
CVE-2026-25343,0.00172,0.06905
CVE-2026-25344,0.0027,0.19299
CVE-2026-25345,0.00447,0.37974
CVE-2026-25346,0.00175,0.07245
CVE-2026-25347,0.00175,0.07225
CVE-2026-25348,0.00277,0.2026
CVE-2026-25349,0.0018,0.07783
CVE-2026-25350,0.0018,0.07785
CVE-2026-25351,0.0018,0.07785
CVE-2026-25352,0.0018,0.07801
CVE-2026-25353,0.0018,0.07778
CVE-2026-25354,0.0018,0.07789
CVE-2026-25355,0.00156,0.05175
CVE-2026-25356,0.00237,0.14843
CVE-2026-25357,0.00342,0.27529
CVE-2026-25358,0.00344,0.27814
CVE-2026-25359,0.00344,0.27816
CVE-2026-25360,0.00344,0.27814
CVE-2026-25361,0.0018,0.07788
CVE-2026-25362,0.00167,0.06365
CVE-2026-25363,0.00185,0.08337
CVE-2026-25364,0.00214,0.1192
CVE-2026-25365,0.00315,0.24371
CVE-2026-25366,0.00311,0.23924
CVE-2026-25367,0.00272,0.19624
CVE-2026-25368,0.00248,0.16258
CVE-2026-25369,0.00149,0.04474
CVE-2026-25370,0.00228,0.13657
CVE-2026-25371,0.00283,0.20877
CVE-2026-25372,0.00212,0.11705
CVE-2026-25373,0.00175,0.07243
CVE-2026-25374,0.00272,0.19624
CVE-2026-25375,0.0024,0.15268
CVE-2026-25376,0.00175,0.07224
CVE-2026-25377,0.00283,0.20876
CVE-2026-25378,0.00361,0.29695
CVE-2026-25379,0.00403,0.34128
CVE-2026-25380,0.00403,0.34126
CVE-2026-25381,0.00403,0.34125
CVE-2026-25382,0.00403,0.34123
CVE-2026-25383,0.00175,0.07224
CVE-2026-25384,0.00228,0.13655
CVE-2026-25385,0.00237,0.14871
CVE-2026-25386,0.00214,0.11915
CVE-2026-25387,0.00315,0.24475
CVE-2026-25388,0.00209,0.11292
CVE-2026-25389,0.0024,0.15311
CVE-2026-25390,0.00329,0.26001
CVE-2026-25391,0.00209,0.11292
CVE-2026-25392,0.00201,0.10252
CVE-2026-25393,0.00185,0.08335
CVE-2026-25394,0.00185,0.08338
CVE-2026-25395,0.00243,0.15704
CVE-2026-25396,0.00262,0.18135
CVE-2026-25397,0.00431,0.36673
CVE-2026-25398,0.00293,0.21938
CVE-2026-25399,0.0024,0.15269
CVE-2026-25400,0.00344,0.27816
CVE-2026-25401,0.00278,0.20368
CVE-2026-25402,0.00185,0.08337
CVE-2026-25403,0.00188,0.08679
CVE-2026-25404,0.00228,0.13654
CVE-2026-25405,0.00357,0.29307
CVE-2026-25406,0.00342,0.27529
CVE-2026-25407,0.00197,0.09656
CVE-2026-25408,0.00208,0.11141
CVE-2026-25409,0.00185,0.08336
CVE-2026-25410,0.00235,0.14596
CVE-2026-25411,0.00107,0.01297
CVE-2026-25413,0.00328,0.25956
CVE-2026-25414,0.00286,0.21185
CVE-2026-25415,0.00214,0.11914
CVE-2026-25416,0.00185,0.08332
CVE-2026-25417,0.00156,0.05172
CVE-2026-25418,0.00276,0.20129
CVE-2026-25419,0.00197,0.09655
CVE-2026-25420,0.0024,0.15268
CVE-2026-25422,0.00104,0.01152
CVE-2026-25423,0.00231,0.14159
CVE-2026-25424,0.00254,0.17143
CVE-2026-25425,0.00372,0.30903
CVE-2026-25426,0.00191,0.08985
CVE-2026-25427,0.00287,0.21319
CVE-2026-25428,0.00199,0.09934
CVE-2026-25429,0.00375,0.31186
CVE-2026-25430,0.00315,0.24371
CVE-2026-25431,0.00231,0.1413
CVE-2026-25432,0.00161,0.05652
CVE-2026-25435,0.00175,0.07225
CVE-2026-25436,0.00239,0.15111
CVE-2026-25437,0.00242,0.15539
CVE-2026-25438,0.00149,0.04473
CVE-2026-25439,0.00322,0.25234
CVE-2026-25440,0.00214,0.1191
CVE-2026-25441,0.00282,0.20723
CVE-2026-25442,0.00149,0.04473
CVE-2026-25443,0.00241,0.15402
CVE-2026-25444,0.00155,0.05044
CVE-2026-25445,0.00301,0.22852
CVE-2026-25446,0.00434,0.36927
CVE-2026-25447,0.00314,0.2436
CVE-2026-25449,0.00322,0.25212
CVE-2026-25451,0.00161,0.05653
CVE-2026-25452,0.00175,0.07244
CVE-2026-25453,0.00161,0.05653
CVE-2026-25454,0.00329,0.26
CVE-2026-25455,0.00315,0.24371
CVE-2026-25456,0.00219,0.12537
CVE-2026-25457,0.00403,0.34129
CVE-2026-25458,0.00403,0.34126
CVE-2026-25459,0.00152,0.04733
CVE-2026-25460,0.00189,0.08799
CVE-2026-25461,0.0018,0.0778
CVE-2026-25462,0.00242,0.15539
CVE-2026-25463,0.0013,0.03033
CVE-2026-25464,0.00403,0.34137
CVE-2026-25465,0.00161,0.05657
CVE-2026-25466,0.00313,0.24169
CVE-2026-25468,0.00336,0.26889
CVE-2026-25469,0.00242,0.15537
CVE-2026-25470,0.00652,0.49558
CVE-2026-25471,0.0029,0.21609
CVE-2026-25472,0.0013,0.03032
CVE-2026-25473,0.0017,0.06663
CVE-2026-25474,0.002,0.10006
CVE-2026-25475,0.00774,0.54004
CVE-2026-25476,0.00312,0.24083
CVE-2026-25477,0.00171,0.06835
CVE-2026-25478,0.00398,0.33551
CVE-2026-25479,0.00328,0.25906
CVE-2026-25480,0.00428,0.3638
CVE-2026-25481,0.00664,0.50027
CVE-2026-25482,0.00315,0.24464
CVE-2026-25483,0.00312,0.24069
CVE-2026-25484,0.00271,0.19458
CVE-2026-25485,0.00271,0.19459
CVE-2026-25486,0.00263,0.18227
CVE-2026-25487,0.00271,0.19458
CVE-2026-25488,0.00272,0.19621
CVE-2026-25489,0.00294,0.22009
CVE-2026-25490,0.00271,0.19458
CVE-2026-25491,0.00322,0.2524
CVE-2026-25492,0.00436,0.37096
CVE-2026-25493,0.00373,0.30939
CVE-2026-25494,0.00373,0.30939
CVE-2026-25495,0.00521,0.42998
CVE-2026-25496,0.00374,0.31078
CVE-2026-25497,0.00443,0.37685
CVE-2026-25498,0.01005,0.61253
CVE-2026-25499,0.00448,0.38113
CVE-2026-25500,0.00224,0.13174
CVE-2026-25501,0.0031,0.23874
CVE-2026-25502,0.00205,0.10698
CVE-2026-25503,0.00263,0.18271
CVE-2026-25505,0.00752,0.53251
CVE-2026-25506,0.00308,0.2356
CVE-2026-25507,0.00208,0.11197
CVE-2026-25508,0.00214,0.1196
CVE-2026-25509,0.00362,0.29832
CVE-2026-25510,0.00837,0.55975
CVE-2026-25511,0.00411,0.34847
CVE-2026-25512,0.18536,0.97103
CVE-2026-25513,0.00491,0.41018
CVE-2026-25514,0.00491,0.41018
CVE-2026-25516,0.0025,0.16552
CVE-2026-25517,0.00357,0.29244
CVE-2026-25518,0.00363,0.29885
CVE-2026-25519,0.00511,0.42312
CVE-2026-25520,0.00796,0.54678
CVE-2026-25521,0.00285,0.21074
CVE-2026-25522,0.00271,0.19458
CVE-2026-25523,0.003,0.22659
CVE-2026-25524,0.00539,0.44032
CVE-2026-25525,0.00502,0.41713
CVE-2026-25526,0.00905,0.58052
CVE-2026-25527,0.0092,0.58529
CVE-2026-25528,0.00293,0.21929
CVE-2026-25529,0.00235,0.14567
CVE-2026-25530,0.00244,0.158
CVE-2026-25531,0.00232,0.14183
CVE-2026-25532,0.00224,0.13117
CVE-2026-25533,0.00239,0.15156
CVE-2026-25534,0.00246,0.16075
CVE-2026-25535,0.00717,0.52086
CVE-2026-25536,0.00277,0.2024
CVE-2026-25537,0.00461,0.38961
CVE-2026-25538,0.00408,0.34578
CVE-2026-25539,0.01035,0.62144
CVE-2026-25540,0.00409,0.34643
CVE-2026-25541,0.00558,0.45077
CVE-2026-25542,0.00264,0.18393
CVE-2026-25543,0.0025,0.16534
CVE-2026-25544,0.00766,0.53746
CVE-2026-25545,0.01769,0.76993
CVE-2026-25546,0.00869,0.56983
CVE-2026-25547,0.005,0.41579
CVE-2026-25548,0.00774,0.53985
CVE-2026-25550,0.00881,0.57353
CVE-2026-25551,0.00132,0.03131
CVE-2026-25552,0.00173,0.07008
CVE-2026-25554,0.00318,0.24714
CVE-2026-25555,0.01824,0.77704
CVE-2026-25556,0.00496,0.41349
CVE-2026-25557,0.00187,0.08578
CVE-2026-25558,0.0023,0.13933
CVE-2026-25559,0.00566,0.45487
CVE-2026-25560,0.0068,0.50686
CVE-2026-25561,0.00291,0.2177
CVE-2026-25562,0.00298,0.22484
CVE-2026-25563,0.00291,0.2177
CVE-2026-25564,0.00291,0.21769
CVE-2026-25565,0.00288,0.21352
CVE-2026-25566,0.00231,0.14121
CVE-2026-25567,0.00256,0.17352
CVE-2026-25568,0.00197,0.09671
CVE-2026-25569,0.00143,0.03979
CVE-2026-25570,0.00142,0.03919
CVE-2026-25571,0.00098,0.00861
CVE-2026-25572,0.00119,0.01994
CVE-2026-25573,0.00391,0.32827
CVE-2026-25574,0.00201,0.10167
CVE-2026-25575,0.00461,0.39009
CVE-2026-25576,0.00181,0.07906
CVE-2026-25577,0.00276,0.2012
CVE-2026-25578,0.00308,0.23612
CVE-2026-25579,0.00473,0.39804
CVE-2026-25580,0.00602,0.47239
CVE-2026-25581,0.00224,0.13156
CVE-2026-25582,0.0025,0.16506
CVE-2026-25583,0.0025,0.16506
CVE-2026-25584,0.00223,0.12987
CVE-2026-25585,0.00229,0.13832
CVE-2026-25586,0.00648,0.49356
CVE-2026-25587,0.00656,0.49717
CVE-2026-25588,0.01103,0.64067
CVE-2026-25589,0.01466,0.72361
CVE-2026-25590,0.00169,0.06567
CVE-2026-25591,0.00499,0.41567
CVE-2026-25592,0.02469,0.83684
CVE-2026-25593,0.00664,0.50029
CVE-2026-25594,0.00214,0.11842
CVE-2026-25595,0.0021,0.11371
CVE-2026-25596,0.0021,0.11371
CVE-2026-25597,0.0028,0.20541
CVE-2026-25598,0.00319,0.24827
CVE-2026-25599,0.00114,0.01716
CVE-2026-25600,0.00065,0.0002
CVE-2026-25601,0.0016,0.05601
CVE-2026-25602,0.00089,0.00495
CVE-2026-25603,0.00256,0.17436
CVE-2026-25604,0.00359,0.29517
CVE-2026-25605,0.00123,0.02383
CVE-2026-25606,0.00225,0.13239
CVE-2026-25607,0.00096,0.00789
CVE-2026-25608,0.00208,0.1117
CVE-2026-25609,0.0018,0.07835
CVE-2026-25610,0.0025,0.16476
CVE-2026-25611,0.00812,0.55209
CVE-2026-25612,0.00206,0.10955
CVE-2026-25613,0.00249,0.16442
CVE-2026-25614,0.00402,0.33969
CVE-2026-25615,0.0047,0.39603
CVE-2026-25616,0.00383,0.32001
CVE-2026-25620,0.0988,0.95321
CVE-2026-25621,0.00222,0.12845
CVE-2026-25622,0.0988,0.95321
CVE-2026-25623,0.05951,0.92898
CVE-2026-25624,0.00154,0.04908
CVE-2026-25627,0.00472,0.39705
CVE-2026-25628,0.00509,0.42176
CVE-2026-25631,0.00285,0.2113
CVE-2026-25632,0.0072,0.52191
CVE-2026-25633,0.00297,0.22342
CVE-2026-25634,0.00201,0.10212
CVE-2026-25635,0.00455,0.38565
CVE-2026-25636,0.00217,0.12335
CVE-2026-25637,0.00384,0.32085
CVE-2026-25638,0.00325,0.25605
CVE-2026-25639,0.02735,0.85374
CVE-2026-25640,0.00336,0.26886
CVE-2026-25641,0.00497,0.41418
CVE-2026-25642,0.00201,0.10216
CVE-2026-25643,0.02925,0.86365
CVE-2026-25644,0.00316,0.2452
CVE-2026-25645,0.00182,0.08051
CVE-2026-25646,0.00972,0.60236
CVE-2026-25647,0.00212,0.1164
CVE-2026-25648,0.00273,0.19751
CVE-2026-25649,0.00139,0.03639
CVE-2026-25650,0.00425,0.36175
CVE-2026-25651,0.00174,0.07148
CVE-2026-25652,0.00143,0.0394
CVE-2026-25654,0.00453,0.38476
CVE-2026-25655,0.00247,0.16195
CVE-2026-25656,0.00247,0.16196
CVE-2026-25657,0.00165,0.06091
CVE-2026-25658,0.00165,0.06092
CVE-2026-25659,0.00165,0.06092
CVE-2026-25660,0.00447,0.38005
CVE-2026-25667,0.03002,0.86698
CVE-2026-25673,0.00734,0.52671
CVE-2026-25674,0.00341,0.27484
CVE-2026-25676,0.00195,0.09391
CVE-2026-25679,0.00728,0.52472
CVE-2026-25680,0.00326,0.25748
CVE-2026-25681,0.00223,0.13061
CVE-2026-25687,0.00231,0.14148
CVE-2026-25688,0.00406,0.34448
CVE-2026-25689,0.00535,0.43846
CVE-2026-25690,0.00241,0.15376
CVE-2026-25691,0.00456,0.38634
CVE-2026-25699,0.00406,0.34447
CVE-2026-25700,0.00448,0.38105
CVE-2026-25701,0.00108,0.01363
CVE-2026-25702,0.00203,0.10528
CVE-2026-25703,0.00224,0.13206
CVE-2026-25704,0.00088,0.00448
CVE-2026-25705,0.00369,0.30455
CVE-2026-25706,0.00441,0.37533
CVE-2026-25707,0.006,0.47132
CVE-2026-25710,0.00134,0.03286
CVE-2026-25711,0.00324,0.25425
CVE-2026-25712,0.00482,0.40428
CVE-2026-25713,0.00227,0.1354
CVE-2026-25714,0.00342,0.27599
CVE-2026-25715,0.0057,0.45646
CVE-2026-25718,0.00562,0.45332
CVE-2026-25720,0.00283,0.20889
CVE-2026-25721,0.01897,0.78604
CVE-2026-25722,0.00363,0.29938
CVE-2026-25723,0.00275,0.19916
CVE-2026-25724,0.00412,0.34954
CVE-2026-25725,0.00491,0.41017
CVE-2026-25726,0.00376,0.31286
CVE-2026-25727,0.00303,0.22983
CVE-2026-25728,0.00294,0.22115
CVE-2026-25729,0.00217,0.12246
CVE-2026-25731,0.0025,0.16562
CVE-2026-25732,0.03336,0.88017
CVE-2026-25733,0.0026,0.17868
CVE-2026-25734,0.00287,0.21345
CVE-2026-25735,0.00287,0.21346
CVE-2026-25736,0.00287,0.21346
CVE-2026-25737,0.00264,0.18478
CVE-2026-25738,0.00189,0.08812
CVE-2026-25739,0.00161,0.05691
CVE-2026-25740,0.00154,0.04861
CVE-2026-25741,0.00275,0.20009
CVE-2026-25742,0.00312,0.2407
CVE-2026-25743,0.00165,0.06068
CVE-2026-25744,0.00216,0.12143
CVE-2026-25745,0.00274,0.1988
CVE-2026-25746,0.03101,0.8709
CVE-2026-25747,0.00979,0.60453
CVE-2026-25748,0.00621,0.48155
CVE-2026-25749,0.00221,0.12831
CVE-2026-25750,0.00292,0.21867
CVE-2026-25751,0.00279,0.20457
CVE-2026-25752,0.00498,0.41446
CVE-2026-25753,0.00363,0.29894
CVE-2026-25754,0.00378,0.31446
CVE-2026-25755,0.00834,0.55898
CVE-2026-25757,0.00459,0.38855
CVE-2026-25758,0.00623,0.48255
CVE-2026-25759,0.00304,0.23156
CVE-2026-25760,0.00504,0.41886
CVE-2026-25761,0.01349,0.70059
CVE-2026-25762,0.005,0.41587
CVE-2026-25763,0.00479,0.40211
CVE-2026-25764,0.0025,0.1655
CVE-2026-25765,0.00365,0.30106
CVE-2026-25766,0.00329,0.26074
CVE-2026-25767,0.00261,0.18029
CVE-2026-25768,0.0024,0.15213
CVE-2026-25769,0.0879,0.94903
CVE-2026-25770,0.00969,0.60149
CVE-2026-25771,0.00466,0.39318
CVE-2026-25772,0.00313,0.24252
CVE-2026-25773,0.00309,0.23701
CVE-2026-25774,0.00279,0.2042
CVE-2026-25775,0.00405,0.34299
CVE-2026-25776,0.00468,0.39469
CVE-2026-25778,0.00313,0.2422
CVE-2026-25779,0.00344,0.27762
CVE-2026-25780,0.00267,0.18984
CVE-2026-25781,0.00132,0.0317
CVE-2026-25782,0.0039,0.32757
CVE-2026-25783,0.00285,0.21112
CVE-2026-25785,0.00566,0.45479
CVE-2026-25786,0.0037,0.30681
CVE-2026-25787,0.0037,0.30681
CVE-2026-25789,0.00275,0.19935
CVE-2026-25790,0.00389,0.32606
CVE-2026-25791,0.00415,0.35229
CVE-2026-25792,0.00193,0.09155
CVE-2026-25793,0.00138,0.03539
CVE-2026-25794,0.0042,0.35736
CVE-2026-25795,0.00376,0.31245
CVE-2026-25796,0.00376,0.31245
CVE-2026-25797,0.00161,0.057
CVE-2026-25798,0.00429,0.36503
CVE-2026-25799,0.00385,0.32197
CVE-2026-25800,0.00609,0.4755
CVE-2026-25802,0.00222,0.12886
CVE-2026-25803,0.0037,0.30648
CVE-2026-25804,0.00461,0.38977
CVE-2026-25805,0.00249,0.16389
CVE-2026-25806,0.0022,0.12661
CVE-2026-25807,0.00652,0.49527
CVE-2026-25808,0.00458,0.38768
CVE-2026-25809,0.00322,0.25231
CVE-2026-25810,0.00256,0.17404
CVE-2026-25811,0.00279,0.20455
CVE-2026-25812,0.00148,0.04381
CVE-2026-25813,0.00266,0.1862
CVE-2026-25814,0.0035,0.28422
CVE-2026-25815,0.00108,0.01349
CVE-2026-25817,0.00792,0.54567
CVE-2026-25818,0.00143,0.03955
CVE-2026-25819,0.00483,0.40502
CVE-2026-25823,0.00725,0.52356
CVE-2026-25825,0.00148,0.04417
CVE-2026-25826,0.00148,0.04416
CVE-2026-25827,0.00155,0.05055
CVE-2026-25828,0.01263,0.68179
CVE-2026-25832,0.00218,0.12395
CVE-2026-25833,0.00308,0.23576
CVE-2026-25834,0.00135,0.03369
CVE-2026-25835,0.0017,0.06736
CVE-2026-25836,0.0176,0.76863
CVE-2026-25846,0.00905,0.58093
CVE-2026-25847,0.00209,0.11284
CVE-2026-25848,0.00432,0.3679
CVE-2026-25850,0.00118,0.01948
CVE-2026-25851,0.00643,0.4913
CVE-2026-25852,0.0009,0.00502
CVE-2026-25854,0.00526,0.43255
CVE-2026-25855,0.0057,0.45666
CVE-2026-25856,0.00473,0.39791
CVE-2026-25857,0.02929,0.8638
CVE-2026-25858,0.00639,0.4894
CVE-2026-25859,0.00357,0.29226
CVE-2026-25860,0.00293,0.21978
CVE-2026-25861,0.00178,0.07611
CVE-2026-25863,0.00451,0.38328
CVE-2026-25865,0.00198,0.09818
CVE-2026-25866,0.00132,0.03122
CVE-2026-25868,0.00299,0.22623
CVE-2026-25869,0.0052,0.42891
CVE-2026-25870,0.0031,0.23804
CVE-2026-25872,0.00731,0.52558
CVE-2026-25873,0.01077,0.63343
CVE-2026-25874,0.15547,0.96645
CVE-2026-25875,0.00299,0.22599
CVE-2026-25876,0.00256,0.17404
CVE-2026-25877,0.00286,0.21137
CVE-2026-25878,0.00376,0.31262
CVE-2026-25879,0.00554,0.44868
CVE-2026-25880,0.00195,0.09477
CVE-2026-25881,0.0056,0.45182
CVE-2026-25882,0.00587,0.46498
CVE-2026-25883,0.00203,0.10513
CVE-2026-25884,0.00307,0.2344
CVE-2026-25885,0.00298,0.22449
CVE-2026-25887,0.00839,0.56048
CVE-2026-25888,0.0066,0.49884
CVE-2026-25889,0.00338,0.27091
CVE-2026-25890,0.00469,0.39493
CVE-2026-25891,0.00619,0.48027
CVE-2026-25892,0.01586,0.74345
CVE-2026-25893,0.00704,0.51607
CVE-2026-25894,0.00789,0.54453
CVE-2026-25895,0.11195,0.95725
CVE-2026-25896,0.00462,0.39075
CVE-2026-25897,0.00302,0.22887
CVE-2026-25898,0.00348,0.28193
CVE-2026-25899,0.00396,0.33359
CVE-2026-25900,0.00182,0.07989
CVE-2026-25901,0.00175,0.07265
CVE-2026-25903,0.00764,0.53649
CVE-2026-25904,0.00171,0.06805
CVE-2026-25905,0.00184,0.08242
CVE-2026-25906,0.00165,0.06125
CVE-2026-25907,0.00262,0.18174
CVE-2026-25908,0.00093,0.00647
CVE-2026-25916,0.00654,0.49615
CVE-2026-25917,0.00822,0.5551
CVE-2026-25918,0.00137,0.03454
CVE-2026-25920,0.00226,0.13409
CVE-2026-25921,0.00327,0.25809
CVE-2026-25922,0.0023,0.13956
CVE-2026-25923,0.00451,0.38283
CVE-2026-25924,0.0051,0.42245
CVE-2026-25925,0.00299,0.2259
CVE-2026-25926,0.00248,0.16242
CVE-2026-25927,0.00204,0.10622
CVE-2026-25928,0.00549,0.44549
CVE-2026-25929,0.0026,0.17837
CVE-2026-25930,0.0026,0.17836
CVE-2026-25931,0.00128,0.02822
CVE-2026-25932,0.0028,0.20528
CVE-2026-25933,0.00157,0.05271
CVE-2026-25934,0.00141,0.03804
CVE-2026-25935,0.00236,0.148
CVE-2026-25936,0.00339,0.27242
CVE-2026-25937,0.00292,0.21797
CVE-2026-25938,0.00981,0.6053
CVE-2026-25939,0.11676,0.95835
CVE-2026-25940,0.00424,0.36096
CVE-2026-25941,0.00284,0.20961
CVE-2026-25942,0.00454,0.38549
CVE-2026-25945,0.00521,0.42974
CVE-2026-25947,0.00368,0.30383
CVE-2026-25949,0.00722,0.52251
CVE-2026-25951,0.01263,0.68212
CVE-2026-25952,0.00599,0.47101
CVE-2026-25953,0.00587,0.46505
CVE-2026-25954,0.00486,0.40688
CVE-2026-25955,0.00498,0.41451
CVE-2026-25956,0.00166,0.06182
CVE-2026-25957,0.00407,0.34453
CVE-2026-25958,0.00358,0.29369
CVE-2026-25959,0.00567,0.45541
CVE-2026-25960,0.00544,0.44326
CVE-2026-25961,0.00453,0.38451
CVE-2026-25962,0.0026,0.17845
CVE-2026-25963,0.00191,0.08955
CVE-2026-25964,0.00436,0.37169
CVE-2026-25965,0.00671,0.50301
CVE-2026-25966,0.00135,0.03355
CVE-2026-25967,0.00319,0.249
CVE-2026-25968,0.00272,0.19692
CVE-2026-25969,0.0036,0.29547
CVE-2026-25970,0.00275,0.19941
CVE-2026-25971,0.00208,0.11112
CVE-2026-25972,0.00326,0.25682
CVE-2026-25982,0.0034,0.27283
CVE-2026-25983,0.00435,0.37067
CVE-2026-25985,0.00501,0.4167
CVE-2026-25986,0.00461,0.39006
CVE-2026-25987,0.0037,0.30675
CVE-2026-25988,0.00438,0.37293
CVE-2026-25989,0.00594,0.46831
CVE-2026-25990,0.00374,0.3106
CVE-2026-25991,0.00294,0.22115
CVE-2026-25992,0.00525,0.43235
CVE-2026-25993,0.00326,0.25712
CVE-2026-25994,0.02002,0.79755
CVE-2026-25996,0.00582,0.46249
CVE-2026-25997,0.00567,0.45541
CVE-2026-25998,0.00309,0.23697
CVE-2026-25999,0.00275,0.19954
CVE-2026-26000,0.00284,0.20938
CVE-2026-26001,0.00212,0.11692
CVE-2026-26002,0.00533,0.43711
CVE-2026-26003,0.00239,0.15071
CVE-2026-26004,0.00241,0.15459
CVE-2026-26005,0.00242,0.15521
CVE-2026-26006,0.00491,0.41031
CVE-2026-26007,0.00347,0.28181
CVE-2026-26008,0.00367,0.30289
CVE-2026-26009,0.00491,0.41017
CVE-2026-26010,0.00344,0.27807
CVE-2026-26011,0.00537,0.43917
CVE-2026-26012,0.00344,0.27768
CVE-2026-26013,0.00393,0.33118
CVE-2026-26014,0.00643,0.49136
CVE-2026-26015,0.01168,0.65765
CVE-2026-26016,0.00316,0.24578
CVE-2026-26017,0.00385,0.32219
CVE-2026-26018,0.01116,0.64423
CVE-2026-26019,0.00385,0.32272
CVE-2026-26020,0.00499,0.41549
CVE-2026-26021,0.00504,0.41878
CVE-2026-26022,0.00306,0.23391
CVE-2026-26023,0.00255,0.17318
CVE-2026-26024,0.00302,0.2293
CVE-2026-26025,0.00302,0.22929
CVE-2026-26026,0.09565,0.95207
CVE-2026-26027,0.00191,0.08943
CVE-2026-26028,0.00242,0.15575
CVE-2026-26029,0.00946,0.59387
CVE-2026-26030,0.03712,0.89195
CVE-2026-26031,0.00184,0.08235
CVE-2026-26032,0.00507,0.4205
CVE-2026-26033,0.0018,0.07757
CVE-2026-26034,0.00172,0.06877
CVE-2026-26035,0.0065,0.49479
CVE-2026-26045,0.00553,0.44773
CVE-2026-26046,0.11888,0.95884
CVE-2026-26047,0.00435,0.37067
CVE-2026-26048,0.00259,0.17754
CVE-2026-26049,0.00281,0.20714
CVE-2026-26050,0.0016,0.05566
CVE-2026-26051,0.00871,0.57069
CVE-2026-26053,0.00247,0.16135
CVE-2026-26055,0.00417,0.35456
CVE-2026-26056,0.00407,0.3448
CVE-2026-26057,0.00328,0.25912
CVE-2026-26058,0.00237,0.14872
CVE-2026-26059,0.00189,0.08811
CVE-2026-26060,0.00335,0.2677
CVE-2026-26061,0.00434,0.36943
CVE-2026-26062,0.00372,0.30837
CVE-2026-26063,0.00268,0.19072
CVE-2026-26064,0.0088,0.57314
CVE-2026-26065,0.0052,0.42889
CVE-2026-26066,0.00327,0.25858
CVE-2026-26067,0.00246,0.15992
CVE-2026-26068,0.03396,0.88219
CVE-2026-26069,0.00307,0.23413
CVE-2026-26070,0.00105,0.01218
CVE-2026-26071,0.00134,0.0327
CVE-2026-26072,0.00137,0.03448
CVE-2026-26073,0.00304,0.23128
CVE-2026-26074,0.0014,0.03762
CVE-2026-26075,0.00105,0.01194
CVE-2026-26076,0.00363,0.29923
CVE-2026-26077,0.0024,0.15319
CVE-2026-26078,0.00224,0.13174
CVE-2026-26079,0.00303,0.23007
CVE-2026-26080,0.00546,0.44433
CVE-2026-26081,0.00476,0.40045
CVE-2026-26083,0.00733,0.52652
CVE-2026-26084,0.00238,0.15033
CVE-2026-26093,0.01105,0.6413
CVE-2026-26095,0.00096,0.00777
CVE-2026-26096,0.00096,0.00778
CVE-2026-26097,0.00109,0.01373
CVE-2026-26098,0.00109,0.01374
CVE-2026-26099,0.00109,0.01374
CVE-2026-26100,0.00089,0.0048
CVE-2026-26101,0.00106,0.01229
CVE-2026-26102,0.00106,0.01229
CVE-2026-26103,0.00075,0.00097
CVE-2026-26104,0.00075,0.00097
CVE-2026-26105,0.0116,0.65532
CVE-2026-26106,0.0137,0.7052
CVE-2026-26107,0.00435,0.37075
CVE-2026-26108,0.00493,0.41157
CVE-2026-26109,0.00416,0.35341
CVE-2026-26110,0.0049,0.40947
CVE-2026-26111,0.00836,0.55973
CVE-2026-26112,0.00458,0.38814
CVE-2026-26113,0.00543,0.44239
CVE-2026-26114,0.03033,0.86825
CVE-2026-26115,0.01095,0.63877
CVE-2026-26116,0.01191,0.66405
CVE-2026-26117,0.00439,0.37385
CVE-2026-26118,0.00959,0.59781
CVE-2026-26119,0.01221,0.67181
CVE-2026-26120,0.00559,0.45109
CVE-2026-26121,0.01046,0.62459
CVE-2026-26122,0.01016,0.6158
CVE-2026-26123,0.00603,0.47273
CVE-2026-26124,0.00462,0.39066
CVE-2026-26125,0.01171,0.65843
CVE-2026-26127,0.02049,0.80253
CVE-2026-26128,0.00621,0.4815
CVE-2026-26129,0.01135,0.64888
CVE-2026-26130,0.02818,0.85852
CVE-2026-26131,0.00359,0.29509
CVE-2026-26132,0.0202,0.79954
CVE-2026-26133,0.00433,0.36849
CVE-2026-26134,0.00353,0.28842
CVE-2026-26135,0.00596,0.46899
CVE-2026-26136,0.00651,0.4952
CVE-2026-26137,0.00539,0.44017
CVE-2026-26138,0.00566,0.45513
CVE-2026-26139,0.00551,0.447
CVE-2026-26141,0.00292,0.2186
CVE-2026-26142,0.01914,0.78795
CVE-2026-26143,0.00536,0.43861
CVE-2026-26144,0.01215,0.67032
CVE-2026-26145,0.00699,0.51404
CVE-2026-26147,0.00579,0.46118
CVE-2026-26148,0.00359,0.29475
CVE-2026-26149,0.00563,0.45371
CVE-2026-26150,0.00566,0.45512
CVE-2026-26151,0.0083,0.55761
CVE-2026-26152,0.00234,0.14437
CVE-2026-26153,0.00286,0.21238
CVE-2026-26154,0.01064,0.6297
CVE-2026-26155,0.00893,0.57681
CVE-2026-26156,0.00411,0.34875
CVE-2026-26157,0.00708,0.51779
CVE-2026-26158,0.00166,0.06264
CVE-2026-26159,0.00256,0.17457
CVE-2026-26160,0.00266,0.18618
CVE-2026-26161,0.00298,0.22473
CVE-2026-26162,0.00298,0.22475
CVE-2026-26163,0.00298,0.22476
CVE-2026-26164,0.00799,0.54762
CVE-2026-26165,0.00252,0.1686
CVE-2026-26166,0.00243,0.15664
CVE-2026-26167,0.00177,0.07481
CVE-2026-26168,0.00179,0.07706
CVE-2026-26169,0.02308,0.82501
CVE-2026-26170,0.0023,0.14021
CVE-2026-26171,0.01753,0.76772
CVE-2026-26172,0.00153,0.04784
CVE-2026-26173,0.00162,0.05799
CVE-2026-26174,0.00186,0.08492
CVE-2026-26175,0.00395,0.33311
CVE-2026-26176,0.0023,0.14021
CVE-2026-26177,0.00203,0.10511
CVE-2026-26178,0.00416,0.35313
CVE-2026-26179,0.0044,0.374
CVE-2026-26180,0.00298,0.22476
CVE-2026-26181,0.00228,0.13698
CVE-2026-26182,0.00203,0.10511
CVE-2026-26183,0.00256,0.17458
CVE-2026-26184,0.0024,0.15222
CVE-2026-26185,0.00363,0.29909
CVE-2026-26186,0.00301,0.22796
CVE-2026-26187,0.00405,0.34336
CVE-2026-26188,0.00262,0.18218
CVE-2026-26189,0.01298,0.68946
CVE-2026-26190,0.36912,0.98429
CVE-2026-26191,0.00773,0.53938
CVE-2026-26192,0.00194,0.09344
CVE-2026-26193,0.00194,0.09343
CVE-2026-26194,0.00504,0.41869
CVE-2026-26195,0.00189,0.08755
CVE-2026-26196,0.00254,0.17136
CVE-2026-26197,0.00319,0.24836
CVE-2026-26198,0.00915,0.58392
CVE-2026-26199,0.00297,0.2239
CVE-2026-26200,0.00356,0.29129
CVE-2026-26201,0.00291,0.21724
CVE-2026-26202,0.00437,0.37209
CVE-2026-26203,0.00101,0.01004
CVE-2026-26204,0.00169,0.06618
CVE-2026-26205,0.0038,0.31666
CVE-2026-26206,0.00209,0.11285
CVE-2026-26207,0.00151,0.046
CVE-2026-26208,0.00225,0.13377
CVE-2026-26209,0.00417,0.35461
CVE-2026-26210,0.00703,0.51569
CVE-2026-26211,0.00306,0.23366
CVE-2026-26212,0.00456,0.38631
CVE-2026-26213,0.04453,0.90923
CVE-2026-26214,0.00191,0.09015
CVE-2026-26215,0.00957,0.59723
CVE-2026-26216,0.0163,0.75005
CVE-2026-26217,0.01914,0.788
CVE-2026-26218,0.00381,0.31796
CVE-2026-26219,0.00198,0.09854
CVE-2026-26220,0.00833,0.55849
CVE-2026-26221,0.01162,0.65623
CVE-2026-26222,0.00739,0.52838
CVE-2026-26223,0.00173,0.07032
CVE-2026-26224,0.00114,0.01688
CVE-2026-26225,0.00188,0.08654
CVE-2026-26226,0.00524,0.43198
CVE-2026-26227,0.00287,0.21339
CVE-2026-26228,0.00275,0.20003
CVE-2026-26230,0.00159,0.05472
CVE-2026-26231,0.00351,0.28623
CVE-2026-26232,0.00495,0.41278
CVE-2026-26233,0.00305,0.23244
CVE-2026-26234,0.00515,0.42589
CVE-2026-26235,0.01853,0.78081
CVE-2026-26236,0.00322,0.25209
CVE-2026-26237,0.00322,0.25209
CVE-2026-26239,0.00421,0.35831
CVE-2026-26240,0.00442,0.37608
CVE-2026-26241,0.00459,0.38825
CVE-2026-26246,0.00221,0.12822
CVE-2026-26247,0.00495,0.41278
CVE-2026-26263,0.08261,0.94618
CVE-2026-26264,0.00382,0.31855
CVE-2026-26265,0.00877,0.57241
CVE-2026-26266,0.00239,0.15073
CVE-2026-26267,0.00317,0.2464
CVE-2026-26268,0.00675,0.50483
CVE-2026-26269,0.00295,0.22146
CVE-2026-26270,0.00177,0.07479
CVE-2026-26271,0.00242,0.15508
CVE-2026-26272,0.00166,0.06225
CVE-2026-26273,0.00897,0.57816
CVE-2026-26274,0.00229,0.13863
CVE-2026-26275,0.00162,0.05778
CVE-2026-26276,0.00184,0.08189
CVE-2026-26278,0.00843,0.56148
CVE-2026-26279,0.00802,0.54865
CVE-2026-26280,0.01233,0.67488
CVE-2026-26281,0.00184,0.08215
CVE-2026-26282,0.00172,0.06947
CVE-2026-26283,0.00327,0.25857
CVE-2026-26284,0.00404,0.34239
CVE-2026-26286,0.00282,0.20776
CVE-2026-26288,0.00637,0.48872
CVE-2026-26289,0.00135,0.03367
CVE-2026-26290,0.00336,0.2684
CVE-2026-26291,0.00183,0.08083
CVE-2026-26292,0.00652,0.49541
CVE-2026-26304,0.00159,0.05442
CVE-2026-26305,0.00475,0.39953
CVE-2026-26306,0.00144,0.04066
CVE-2026-26307,0.0063,0.48519
CVE-2026-26308,0.00293,0.21946
CVE-2026-26309,0.00365,0.3011
CVE-2026-26310,0.00388,0.32561
CVE-2026-26311,0.00337,0.26971
CVE-2026-26312,0.00353,0.28835
CVE-2026-26313,0.00578,0.46071
CVE-2026-26314,0.0058,0.4617
CVE-2026-26315,0.00447,0.37991
CVE-2026-26316,0.00319,0.24918
CVE-2026-26317,0.0014,0.037
CVE-2026-26318,0.0115,0.65257
CVE-2026-26319,0.00284,0.21029
CVE-2026-26320,0.00426,0.36201
CVE-2026-26321,0.00482,0.40472
CVE-2026-26322,0.00336,0.26895
CVE-2026-26323,0.01709,0.76178
CVE-2026-26324,0.00391,0.32871
CVE-2026-26325,0.0049,0.40936
CVE-2026-26326,0.00303,0.23077
CVE-2026-26327,0.001,0.00967
CVE-2026-26328,0.00283,0.20857
CVE-2026-26329,0.00408,0.34537
CVE-2026-26330,0.00315,0.24424
CVE-2026-26331,0.01596,0.74488
CVE-2026-26332,0.0071,0.51824
CVE-2026-26333,0.00963,0.59924
CVE-2026-26334,0.0009,0.00518
CVE-2026-26335,0.02915,0.86322
CVE-2026-26336,0.0039,0.32727
CVE-2026-26337,0.00358,0.29374
CVE-2026-26338,0.0036,0.29603
CVE-2026-26339,0.00544,0.44311
CVE-2026-26340,0.00807,0.55047
CVE-2026-26341,0.02663,0.84951
CVE-2026-26342,0.00716,0.52026
CVE-2026-26345,0.00172,0.06901
CVE-2026-26351,0.00295,0.2212
CVE-2026-26352,0.00138,0.03571
CVE-2026-26354,0.00504,0.41821
CVE-2026-26355,0.0177,0.77006
CVE-2026-26357,0.00166,0.0619
CVE-2026-26358,0.00368,0.30357
CVE-2026-26359,0.00375,0.3114
CVE-2026-26360,0.00252,0.16811
CVE-2026-26361,0.00227,0.13638
CVE-2026-26362,0.00319,0.24875
CVE-2026-26365,0.00177,0.07498
CVE-2026-26366,0.00664,0.50017
CVE-2026-26367,0.00388,0.32532
CVE-2026-26368,0.00538,0.43999
CVE-2026-26369,0.0056,0.45168
CVE-2026-26370,0.00193,0.09202
CVE-2026-26377,0.00372,0.30863
CVE-2026-26378,0.003,0.22709
CVE-2026-26379,0.00243,0.15613
CVE-2026-26396,0.01117,0.64435
CVE-2026-26399,0.00179,0.07664
CVE-2026-26416,0.00384,0.32112
CVE-2026-26417,0.00274,0.1986
CVE-2026-26418,0.00411,0.34875
CVE-2026-26422,0.00164,0.05954
CVE-2026-26445,0.00343,0.2772
CVE-2026-26446,0.00343,0.2772
CVE-2026-26447,0.00343,0.27724
CVE-2026-26448,0.00379,0.31595
CVE-2026-26449,0.00343,0.27724
CVE-2026-26452,0.00343,0.27723
CVE-2026-26453,0.00343,0.27723
CVE-2026-26456,0.00265,0.18563
CVE-2026-26457,0.00343,0.27721
CVE-2026-26459,0.00343,0.27723
CVE-2026-26460,0.00163,0.0594
CVE-2026-26461,0.00816,0.55326
CVE-2026-26462,0.00318,0.24712
CVE-2026-26464,0.00248,0.16286
CVE-2026-26477,0.00452,0.38367
CVE-2026-26478,0.02003,0.7977
CVE-2026-26483,0.00263,0.18257
CVE-2026-26514,0.00388,0.32568
CVE-2026-26673,0.00372,0.30815
CVE-2026-26682,0.00182,0.07985
CVE-2026-26694,0.00496,0.41376
CVE-2026-26695,0.00486,0.40729
CVE-2026-26696,0.00486,0.40728
CVE-2026-26697,0.00276,0.20109
CVE-2026-26698,0.00276,0.20109
CVE-2026-26699,0.00575,0.45939
CVE-2026-26700,0.00391,0.32802
CVE-2026-26701,0.0047,0.39561
CVE-2026-26702,0.00553,0.44768
CVE-2026-26703,0.00553,0.44768
CVE-2026-26704,0.00393,0.33082
CVE-2026-26705,0.00393,0.33082
CVE-2026-26706,0.0047,0.39561
CVE-2026-26707,0.0047,0.39562
CVE-2026-26708,0.00319,0.24845
CVE-2026-26709,0.00325,0.25646
CVE-2026-26710,0.00337,0.26965
CVE-2026-26711,0.00325,0.25646
CVE-2026-26712,0.00319,0.24845
CVE-2026-26713,0.0033,0.26145
CVE-2026-26717,0.00376,0.31241
CVE-2026-26718,0.00219,0.1255
CVE-2026-26719,0.0042,0.35729
CVE-2026-26720,0.0082,0.5546
CVE-2026-26721,0.00262,0.18156
CVE-2026-26722,0.00333,0.26455
CVE-2026-26723,0.00315,0.24436
CVE-2026-26724,0.00281,0.20701
CVE-2026-26725,0.00435,0.37064
CVE-2026-26731,0.00504,0.41841
CVE-2026-26732,0.00339,0.27275
CVE-2026-26736,0.00514,0.42517
CVE-2026-26738,0.0026,0.17901
CVE-2026-26740,0.00618,0.47993
CVE-2026-26741,0.00259,0.17722
CVE-2026-26742,0.00265,0.18549
CVE-2026-26744,0.00293,0.21895
CVE-2026-26745,0.00299,0.22554
CVE-2026-26746,0.00575,0.4594
CVE-2026-26747,0.00391,0.32805
CVE-2026-26791,0.02488,0.83813
CVE-2026-26792,0.02776,0.85645
CVE-2026-26793,0.02266,0.82152
CVE-2026-26794,0.00453,0.38436
CVE-2026-26795,0.02488,0.83813
CVE-2026-26801,0.00481,0.40376
CVE-2026-26824,0.00228,0.1369
CVE-2026-26825,0.00214,0.11928
CVE-2026-26828,0.00339,0.27212
CVE-2026-26829,0.00882,0.57361
CVE-2026-26830,0.02493,0.83849
CVE-2026-26831,0.02421,0.83345
CVE-2026-26832,0.01706,0.76133
CVE-2026-26833,0.02308,0.82504
CVE-2026-26861,0.00181,0.07957
CVE-2026-26862,0.00366,0.30182
CVE-2026-26883,0.0022,0.12679
CVE-2026-26884,0.0022,0.1268
CVE-2026-26885,0.0022,0.1268
CVE-2026-26886,0.0022,0.1268
CVE-2026-26887,0.00284,0.20951
CVE-2026-26888,0.00284,0.20951
CVE-2026-26889,0.00284,0.2095
CVE-2026-26890,0.00284,0.2095
CVE-2026-26891,0.003,0.22668
CVE-2026-26892,0.00268,0.19083
CVE-2026-26895,0.00347,0.28129
CVE-2026-26897,0.00738,0.52807
CVE-2026-26899,0.00521,0.43004
CVE-2026-26927,0.00266,0.18638
CVE-2026-26928,0.00213,0.11814
CVE-2026-26929,0.00406,0.34405
CVE-2026-26930,0.00306,0.23381
CVE-2026-26931,0.00183,0.08147
CVE-2026-26932,0.00454,0.3853
CVE-2026-26933,0.00239,0.15181
CVE-2026-26934,0.00275,0.19961
CVE-2026-26935,0.00278,0.20313
CVE-2026-26936,0.00325,0.25583
CVE-2026-26937,0.00272,0.19649
CVE-2026-26938,0.00254,0.1716
CVE-2026-26939,0.00193,0.09151
CVE-2026-26940,0.0027,0.19228
CVE-2026-26942,0.00882,0.5737
CVE-2026-26943,0.01191,0.664
CVE-2026-26944,0.0054,0.44073
CVE-2026-26945,0.00179,0.07712
CVE-2026-26946,0.00104,0.01127
CVE-2026-26948,0.00291,0.21686
CVE-2026-26949,0.00094,0.00683
CVE-2026-26951,0.0013,0.02976
CVE-2026-26952,0.0024,0.15217
CVE-2026-26953,0.00294,0.22089
CVE-2026-26954,0.00547,0.44446
CVE-2026-26955,0.00537,0.43912
CVE-2026-26956,0.00921,0.58557
CVE-2026-26958,0.00366,0.30167
CVE-2026-26959,0.00175,0.07246
CVE-2026-26960,0.00288,0.21406
CVE-2026-26961,0.00253,0.16914
CVE-2026-26962,0.00227,0.13516
CVE-2026-26963,0.00126,0.02653
CVE-2026-26964,0.00274,0.19874
CVE-2026-26965,0.00591,0.46699
CVE-2026-26967,0.0029,0.21627
CVE-2026-26972,0.00199,0.09921
CVE-2026-26973,0.00152,0.04734
CVE-2026-26974,0.0054,0.44095
CVE-2026-26975,0.01447,0.71986
CVE-2026-26977,0.00289,0.21526
CVE-2026-26978,0.00896,0.57797
CVE-2026-26979,0.00168,0.06517
CVE-2026-26980,0.70208,0.99346
CVE-2026-26981,0.00523,0.431
CVE-2026-26982,0.00303,0.23006
CVE-2026-26983,0.0045,0.38238
CVE-2026-26984,0.00677,0.50554
CVE-2026-26985,0.00334,0.26588
CVE-2026-26986,0.00476,0.40017
CVE-2026-26987,0.00291,0.21732
CVE-2026-26988,0.0744,0.94136
CVE-2026-26989,0.00238,0.14983
CVE-2026-26990,0.04054,0.90128
CVE-2026-26991,0.00216,0.12208
CVE-2026-26992,0.00216,0.12228
CVE-2026-26993,0.0028,0.20578
CVE-2026-26994,0.00268,0.19027
CVE-2026-26996,0.00519,0.42842
CVE-2026-26997,0.002,0.10109
CVE-2026-26998,0.00451,0.38307
CVE-2026-26999,0.00539,0.44033
CVE-2026-27001,0.00205,0.10785
CVE-2026-27002,0.00479,0.40235
CVE-2026-27003,0.00142,0.03862
CVE-2026-27004,0.00105,0.01179
CVE-2026-27005,0.00513,0.42467
CVE-2026-27007,0.00157,0.0528
CVE-2026-27008,0.00166,0.06191
CVE-2026-27009,0.00228,0.13772
CVE-2026-27012,0.00537,0.43935
CVE-2026-27013,0.00281,0.20657
CVE-2026-27014,0.00152,0.04692
CVE-2026-27015,0.00256,0.17363
CVE-2026-27016,0.00227,0.13595
CVE-2026-27017,0.00154,0.04941
CVE-2026-27018,0.01701,0.7605
CVE-2026-27020,0.00258,0.17629
CVE-2026-27021,0.0028,0.20513
CVE-2026-27022,0.03726,0.89242
CVE-2026-27023,0.00199,0.0995
CVE-2026-27024,0.00168,0.06459
CVE-2026-27025,0.00168,0.06459
CVE-2026-27026,0.00168,0.06459
CVE-2026-27027,0.00222,0.12888
CVE-2026-27028,0.00518,0.42799
CVE-2026-27039,0.00253,0.16918
CVE-2026-27040,0.00382,0.3189
CVE-2026-27041,0.00319,0.24868
CVE-2026-27042,0.00176,0.07363
CVE-2026-27043,0.00358,0.29386
CVE-2026-27044,0.00296,0.22235
CVE-2026-27045,0.00344,0.27816
CVE-2026-27046,0.00363,0.29881
CVE-2026-27047,0.00403,0.3414
CVE-2026-27048,0.00403,0.34141
CVE-2026-27049,0.00525,0.43232
CVE-2026-27050,0.00095,0.00756
CVE-2026-27051,0.00321,0.25163
CVE-2026-27052,0.00316,0.24484
CVE-2026-27053,0.00386,0.32355
CVE-2026-27054,0.00175,0.07226
CVE-2026-27055,0.002,0.10057
CVE-2026-27056,0.00152,0.04734
CVE-2026-27057,0.0013,0.03032
CVE-2026-27058,0.0013,0.03031
CVE-2026-27059,0.0013,0.03031
CVE-2026-27060,0.00518,0.42754
CVE-2026-27064,0.00499,0.41565
CVE-2026-27065,0.00335,0.26735
CVE-2026-27067,0.00275,0.19989
CVE-2026-27068,0.00145,0.04117
CVE-2026-27069,0.0013,0.03031
CVE-2026-27070,0.00145,0.04118
CVE-2026-27071,0.00302,0.22904
CVE-2026-27072,0.00146,0.04229
CVE-2026-27073,0.00238,0.15057
CVE-2026-27074,0.0013,0.03032
CVE-2026-27075,0.00403,0.34133
CVE-2026-27076,0.00512,0.42369
CVE-2026-27077,0.00403,0.34119
CVE-2026-27078,0.00512,0.42368
CVE-2026-27079,0.00403,0.3414
CVE-2026-27080,0.00512,0.42369
CVE-2026-27081,0.00403,0.34139
CVE-2026-27082,0.00375,0.31184
CVE-2026-27083,0.00375,0.31185
CVE-2026-27084,0.00476,0.40039
CVE-2026-27086,0.0013,0.03029
CVE-2026-27087,0.00175,0.07229
CVE-2026-27088,0.00175,0.07227
CVE-2026-27089,0.00267,0.18901
CVE-2026-27090,0.00098,0.00864
CVE-2026-27091,0.00157,0.05246
CVE-2026-27092,0.00264,0.18443
CVE-2026-27093,0.00344,0.27756
CVE-2026-27094,0.0013,0.03031
CVE-2026-27095,0.00375,0.31183
CVE-2026-27096,0.00314,0.24342
CVE-2026-27097,0.00512,0.4237
CVE-2026-27098,0.00308,0.23584
CVE-2026-27099,0.00464,0.39192
CVE-2026-27100,0.00333,0.26518
CVE-2026-27101,0.00381,0.31812
CVE-2026-27102,0.00091,0.00544
CVE-2026-27105,0.00103,0.01081
CVE-2026-27111,0.00175,0.07291
CVE-2026-27112,0.00423,0.3597
CVE-2026-27113,0.00428,0.36415
CVE-2026-27114,0.00267,0.1891
CVE-2026-27115,0.00223,0.13098
CVE-2026-27116,0.00221,0.12744
CVE-2026-27117,0.00309,0.23683
CVE-2026-27118,0.00258,0.17662
CVE-2026-27119,0.00182,0.08068
CVE-2026-27120,0.0023,0.13979
CVE-2026-27121,0.00189,0.08732
CVE-2026-27122,0.00189,0.08732
CVE-2026-27124,0.00207,0.11077
CVE-2026-27125,0.00377,0.31356
CVE-2026-27126,0.00217,0.12285
CVE-2026-27127,0.00446,0.37952
CVE-2026-27128,0.00176,0.07385
CVE-2026-27129,0.00421,0.35811
CVE-2026-27130,0.00985,0.60616
CVE-2026-27131,0.00253,0.16959
CVE-2026-27133,0.00184,0.0825
CVE-2026-27134,0.00365,0.30125
CVE-2026-27135,0.00775,0.54015
CVE-2026-27136,0.00223,0.13061
CVE-2026-27137,0.00606,0.47416
CVE-2026-27138,0.0035,0.28454
CVE-2026-27139,0.00201,0.10165
CVE-2026-27140,0.00658,0.49822
CVE-2026-27141,0.00501,0.41675
CVE-2026-27142,0.00328,0.25882
CVE-2026-27143,0.00536,0.43861
CVE-2026-27144,0.00261,0.18078
CVE-2026-27145,0.00591,0.46694
CVE-2026-27146,0.00174,0.07185
CVE-2026-27147,0.00197,0.0967
CVE-2026-27148,0.00542,0.44216
CVE-2026-27149,0.00226,0.13498
CVE-2026-27150,0.00153,0.04796
CVE-2026-27151,0.00154,0.0495
CVE-2026-27152,0.00158,0.0531
CVE-2026-27153,0.00158,0.05309
CVE-2026-27154,0.00153,0.04775
CVE-2026-27156,0.00163,0.0594
CVE-2026-27161,0.00412,0.3491
CVE-2026-27162,0.00227,0.13553
CVE-2026-27166,0.00187,0.08502
CVE-2026-27167,0.00453,0.38433
CVE-2026-27168,0.00397,0.33494
CVE-2026-27169,0.00347,0.28113
CVE-2026-27170,0.00181,0.07952
CVE-2026-27171,0.00218,0.12427
CVE-2026-27172,0.00876,0.57227
CVE-2026-27173,0.00156,0.05216
CVE-2026-27174,0.06996,0.93823
CVE-2026-27175,0.06872,0.93712
CVE-2026-27176,0.00449,0.38195
CVE-2026-27177,0.00196,0.09561
CVE-2026-27178,0.00227,0.13527
CVE-2026-27179,0.00468,0.39426
CVE-2026-27180,0.01086,0.63596
CVE-2026-27181,0.00708,0.51761
CVE-2026-27182,0.01209,0.66876
CVE-2026-27183,0.00108,0.01355
CVE-2026-27189,0.00112,0.01559
CVE-2026-27190,0.02213,0.81743
CVE-2026-27191,0.00254,0.17074
CVE-2026-27192,0.0024,0.15285
CVE-2026-27193,0.00354,0.28873
CVE-2026-27194,0.00712,0.51909
CVE-2026-27195,0.00362,0.29808
CVE-2026-27196,0.0028,0.20527
CVE-2026-27197,0.00435,0.37058
CVE-2026-27198,0.00415,0.35263
CVE-2026-27199,0.00556,0.44944
CVE-2026-27202,0.00527,0.43321
CVE-2026-27203,0.00361,0.2963
CVE-2026-27204,0.00345,0.27849
CVE-2026-27205,0.00344,0.27753
CVE-2026-27206,0.0074,0.52858
CVE-2026-27208,0.00655,0.49691
CVE-2026-27210,0.00319,0.24827
CVE-2026-27211,0.005,0.41594
CVE-2026-27212,0.00397,0.33493
CVE-2026-27214,0.0013,0.03
CVE-2026-27215,0.0013,0.03
CVE-2026-27216,0.00142,0.03908
CVE-2026-27217,0.0013,0.03
CVE-2026-27218,0.0013,0.02999
CVE-2026-27219,0.00142,0.03908
CVE-2026-27220,0.00356,0.29144
CVE-2026-27221,0.00105,0.01219
CVE-2026-27222,0.00274,0.19902
CVE-2026-27223,0.00167,0.06332
CVE-2026-27224,0.00205,0.10821
CVE-2026-27225,0.00167,0.06333
CVE-2026-27226,0.00224,0.13185
CVE-2026-27227,0.00277,0.20165
CVE-2026-27228,0.00205,0.10816
CVE-2026-27229,0.00205,0.10819
CVE-2026-27230,0.00205,0.1082
CVE-2026-27231,0.00205,0.10817
CVE-2026-27232,0.00167,0.06332
CVE-2026-27233,0.00167,0.06332
CVE-2026-27234,0.00167,0.06328
CVE-2026-27235,0.00167,0.0633
CVE-2026-27236,0.00167,0.06329
CVE-2026-27237,0.00167,0.06327
CVE-2026-27238,0.00179,0.07704
CVE-2026-27239,0.00167,0.06327
CVE-2026-27240,0.00167,0.06326
CVE-2026-27241,0.00167,0.06331
CVE-2026-27242,0.00167,0.06327
CVE-2026-27243,0.00304,0.23157
CVE-2026-27244,0.00167,0.06328
CVE-2026-27245,0.00304,0.23157
CVE-2026-27246,0.00304,0.23157
CVE-2026-27247,0.00167,0.06327
CVE-2026-27248,0.00167,0.06331
CVE-2026-27249,0.00167,0.06332
CVE-2026-27250,0.00167,0.0633
CVE-2026-27251,0.00167,0.06333
CVE-2026-27252,0.00167,0.06331
CVE-2026-27253,0.00167,0.06331
CVE-2026-27254,0.00167,0.0633
CVE-2026-27255,0.00167,0.06329
CVE-2026-27256,0.00167,0.06328
CVE-2026-27257,0.00167,0.06329
CVE-2026-27258,0.00176,0.07332
CVE-2026-27262,0.00167,0.06329
CVE-2026-27265,0.00167,0.06326
CVE-2026-27266,0.00167,0.06328
CVE-2026-27267,0.00178,0.07554
CVE-2026-27268,0.00145,0.04135
CVE-2026-27269,0.00159,0.05418
CVE-2026-27270,0.00142,0.03868
CVE-2026-27271,0.00178,0.07554
CVE-2026-27272,0.00138,0.03582
CVE-2026-27273,0.00142,0.03842
CVE-2026-27274,0.00139,0.03628
CVE-2026-27275,0.00142,0.03842
CVE-2026-27276,0.00169,0.06606
CVE-2026-27277,0.00169,0.06606
CVE-2026-27278,0.00222,0.12892
CVE-2026-27279,0.00142,0.03842
CVE-2026-27280,0.00211,0.11557
CVE-2026-27281,0.00179,0.07661
CVE-2026-27282,0.00693,0.51212
CVE-2026-27283,0.00165,0.06113
CVE-2026-27284,0.00161,0.05726
CVE-2026-27285,0.00143,0.03939
CVE-2026-27286,0.00156,0.05178
CVE-2026-27287,0.00205,0.10811
CVE-2026-27288,0.00189,0.08813
CVE-2026-27289,0.00211,0.11525
CVE-2026-27290,0.00173,0.06987
CVE-2026-27291,0.00141,0.03815
CVE-2026-27292,0.00184,0.08239
CVE-2026-27293,0.00194,0.09353
CVE-2026-27294,0.00173,0.06987
CVE-2026-27295,0.00154,0.04949
CVE-2026-27296,0.00173,0.06987
CVE-2026-27297,0.00173,0.06987
CVE-2026-27298,0.00176,0.07435
CVE-2026-27299,0.00155,0.05029
CVE-2026-27300,0.00155,0.05029
CVE-2026-27301,0.00171,0.06773
CVE-2026-27302,0.00712,0.51905
CVE-2026-27303,0.00613,0.4773
CVE-2026-27304,0.03629,0.88944
CVE-2026-27305,0.2627,0.97893
CVE-2026-27306,0.00298,0.22525
CVE-2026-27307,0.02749,0.85461
CVE-2026-27308,0.02499,0.83887
CVE-2026-27309,0.0022,0.12653
CVE-2026-27310,0.00267,0.18938
CVE-2026-27311,0.00272,0.19698
CVE-2026-27312,0.00272,0.19698
CVE-2026-27313,0.00234,0.14452
CVE-2026-27314,0.00263,0.18362
CVE-2026-27315,0.00162,0.05831
CVE-2026-27316,0.00305,0.23269
CVE-2026-27326,0.00403,0.34129
CVE-2026-27327,0.002,0.10058
CVE-2026-27328,0.00242,0.155
CVE-2026-27329,0.00315,0.24475
CVE-2026-27330,0.00343,0.27706
CVE-2026-27331,0.00157,0.05246
CVE-2026-27332,0.0018,0.07786
CVE-2026-27333,0.00317,0.24647
CVE-2026-27334,0.00403,0.34125
CVE-2026-27335,0.00403,0.34138
CVE-2026-27336,0.00403,0.34138
CVE-2026-27337,0.00512,0.42365
CVE-2026-27338,0.00381,0.31728
CVE-2026-27339,0.00403,0.34119
CVE-2026-27340,0.00403,0.3413
CVE-2026-27341,0.00415,0.35244
CVE-2026-27342,0.00415,0.35244
CVE-2026-27343,0.00423,0.36018
CVE-2026-27344,0.00243,0.15689
CVE-2026-27345,0.00238,0.15059
CVE-2026-27346,0.00254,0.17082
CVE-2026-27347,0.00198,0.09792
CVE-2026-27348,0.00191,0.09016
CVE-2026-27349,0.00171,0.06817
CVE-2026-27351,0.00165,0.06089
CVE-2026-27352,0.00191,0.09016
CVE-2026-27353,0.0018,0.0779
CVE-2026-27354,0.00161,0.05661
CVE-2026-27355,0.00381,0.31787
CVE-2026-27357,0.00231,0.14136
CVE-2026-27358,0.0018,0.07787
CVE-2026-27359,0.0018,0.07794
CVE-2026-27360,0.00195,0.0945
CVE-2026-27361,0.00312,0.24057
CVE-2026-27362,0.00242,0.15538
CVE-2026-27363,0.0018,0.07801
CVE-2026-27364,0.00229,0.13884
CVE-2026-27365,0.0014,0.03701
CVE-2026-27366,0.00312,0.24151
CVE-2026-27367,0.0018,0.07784
CVE-2026-27368,0.00242,0.155
CVE-2026-27369,0.00308,0.23586
CVE-2026-27370,0.00303,0.22966
CVE-2026-27372,0.00374,0.31066
CVE-2026-27373,0.0026,0.17919
CVE-2026-27374,0.00287,0.21267
CVE-2026-27375,0.0018,0.07776
CVE-2026-27376,0.0018,0.07801
CVE-2026-27377,0.00383,0.31988
CVE-2026-27378,0.00214,0.11912
CVE-2026-27379,0.00355,0.29019
CVE-2026-27380,0.00359,0.29471
CVE-2026-27381,0.00403,0.34131
CVE-2026-27382,0.00191,0.09016
CVE-2026-27383,0.00512,0.42365
CVE-2026-27384,0.00304,0.23162
CVE-2026-27385,0.0018,0.07784
CVE-2026-27386,0.00246,0.15973
CVE-2026-27387,0.00233,0.14342
CVE-2026-27388,0.0038,0.31687
CVE-2026-27389,0.00416,0.35358
CVE-2026-27390,0.00473,0.39822
CVE-2026-27391,0.00287,0.2132
CVE-2026-27392,0.00254,0.1714
CVE-2026-27393,0.00171,0.06783
CVE-2026-27395,0.00345,0.27852
CVE-2026-27396,0.00219,0.12537
CVE-2026-27397,0.00219,0.12525
CVE-2026-27398,0.00231,0.14136
CVE-2026-27399,0.00294,0.22044
CVE-2026-27400,0.0054,0.44108
CVE-2026-27402,0.00251,0.16723
CVE-2026-27403,0.00224,0.13228
CVE-2026-27404,0.00251,0.16722
CVE-2026-27405,0.00307,0.2347
CVE-2026-27406,0.00384,0.32092
CVE-2026-27407,0.00393,0.33124
CVE-2026-27408,0.00251,0.16722
CVE-2026-27409,0.0032,0.24965
CVE-2026-27410,0.00274,0.19897
CVE-2026-27411,0.00187,0.08582
CVE-2026-27412,0.00467,0.39378
CVE-2026-27413,0.00378,0.3142
CVE-2026-27414,0.00518,0.42754
CVE-2026-27415,0.00095,0.00757
CVE-2026-27416,0.00182,0.07989
CVE-2026-27417,0.00375,0.31181
CVE-2026-27418,0.00294,0.22043
CVE-2026-27419,0.00479,0.40262
CVE-2026-27421,0.00176,0.07423
CVE-2026-27422,0.00294,0.22044
CVE-2026-27423,0.00254,0.17144
CVE-2026-27424,0.00206,0.10965
CVE-2026-27425,0.00251,0.1672
CVE-2026-27426,0.00251,0.1672
CVE-2026-27427,0.00171,0.06833
CVE-2026-27428,0.0026,0.17919
CVE-2026-27429,0.00556,0.44948
CVE-2026-27430,0.00251,0.16719
CVE-2026-27432,0.00185,0.08374
CVE-2026-27433,0.00332,0.26395
CVE-2026-27435,0.00294,0.22043
CVE-2026-27436,0.00665,0.50085
CVE-2026-27437,0.00375,0.31182
CVE-2026-27438,0.00375,0.31181
CVE-2026-27439,0.00375,0.31181
CVE-2026-27440,0.00182,0.08027
CVE-2026-27441,0.0031,0.23882
CVE-2026-27442,0.0042,0.35699
CVE-2026-27443,0.00217,0.12327
CVE-2026-27444,0.00213,0.11771
CVE-2026-27445,0.00123,0.02413
CVE-2026-27446,0.10049,0.95375
CVE-2026-27447,0.00317,0.24646
CVE-2026-27448,0.00241,0.15439
CVE-2026-27449,0.00359,0.29444
CVE-2026-27452,0.0026,0.17838
CVE-2026-27454,0.00893,0.57684
CVE-2026-27456,0.00118,0.01938
CVE-2026-27457,0.00303,0.23071
CVE-2026-27458,0.00218,0.12353
CVE-2026-27459,0.00704,0.51608
CVE-2026-27460,0.00298,0.22545
CVE-2026-27461,0.00457,0.38744
CVE-2026-27462,0.00314,0.24348
CVE-2026-27463,0.0025,0.16487
CVE-2026-27464,0.00257,0.17587
CVE-2026-27465,0.00241,0.15471
CVE-2026-27466,0.00397,0.33536
CVE-2026-27467,0.00174,0.07094
CVE-2026-27468,0.00244,0.15746
CVE-2026-27469,0.00216,0.12116
CVE-2026-27470,0.0048,0.40301
CVE-2026-27471,0.00324,0.25449
CVE-2026-27472,0.00262,0.18194
CVE-2026-27473,0.0026,0.17858
CVE-2026-27474,0.00243,0.15681
CVE-2026-27475,0.00776,0.54035
CVE-2026-27476,0.02628,0.84732
CVE-2026-27477,0.0027,0.19271
CVE-2026-27478,0.00183,0.08089
CVE-2026-27479,0.00307,0.23525
CVE-2026-27480,0.00349,0.2841
CVE-2026-27481,0.00229,0.13892
CVE-2026-27482,0.00256,0.1735
CVE-2026-27483,0.11113,0.95706
CVE-2026-27484,0.0019,0.08828
CVE-2026-27485,0.00221,0.12744
CVE-2026-27486,0.00292,0.21882
CVE-2026-27487,0.012,0.666
CVE-2026-27488,0.00327,0.25841
CVE-2026-27489,0.00593,0.46766
CVE-2026-27490,0.00314,0.24348
CVE-2026-27491,0.00326,0.25722
CVE-2026-27492,0.00166,0.06179
CVE-2026-27493,0.01271,0.68366
CVE-2026-27494,0.00352,0.28643
CVE-2026-27495,0.00729,0.52506
CVE-2026-27496,0.00262,0.18144
CVE-2026-27497,0.00765,0.53687
CVE-2026-27498,0.00718,0.52113
CVE-2026-27502,0.00201,0.10159
CVE-2026-27503,0.00155,0.04983
CVE-2026-27504,0.00183,0.08087
CVE-2026-27505,0.00181,0.0792
CVE-2026-27506,0.00165,0.06087
CVE-2026-27507,0.00365,0.30161
CVE-2026-27508,0.00155,0.04984
CVE-2026-27509,0.00481,0.40352
CVE-2026-27510,0.00292,0.21816
CVE-2026-27511,0.00207,0.10981
CVE-2026-27512,0.00183,0.08087
CVE-2026-27513,0.00102,0.01044
CVE-2026-27514,0.00216,0.12176
CVE-2026-27515,0.00321,0.2512
CVE-2026-27516,0.00179,0.07684
CVE-2026-27517,0.00139,0.03679
CVE-2026-27518,0.00102,0.01044
CVE-2026-27519,0.00186,0.08391
CVE-2026-27520,0.00196,0.09541
CVE-2026-27521,0.00246,0.16078
CVE-2026-27522,0.00372,0.30886
CVE-2026-27523,0.00254,0.1712
CVE-2026-27524,0.00237,0.14838
CVE-2026-27535,0.00307,0.23478
CVE-2026-27536,0.00175,0.07242
CVE-2026-27537,0.00156,0.05174
CVE-2026-27538,0.0024,0.15294
CVE-2026-27539,0.00175,0.07237
CVE-2026-27540,0.02317,0.82581
CVE-2026-27541,0.00241,0.15378
CVE-2026-27542,0.01737,0.76546
CVE-2026-27543,0.00264,0.18396
CVE-2026-27544,0.00572,0.45791
CVE-2026-27545,0.00095,0.00713
CVE-2026-27546,0.00953,0.59597
CVE-2026-27547,0.02116,0.80911
CVE-2026-27548,0.02116,0.80911
CVE-2026-27549,0.02116,0.80912
CVE-2026-27550,0.02116,0.80911
CVE-2026-27551,0.02116,0.80912
CVE-2026-27552,0.0056,0.45165
CVE-2026-27553,0.00536,0.43898
CVE-2026-27554,0.02116,0.80912
CVE-2026-27555,0.00826,0.5565
CVE-2026-27556,0.00861,0.56745
CVE-2026-27557,0.00707,0.5171
CVE-2026-27558,0.02116,0.80912
CVE-2026-27559,0.02116,0.80911
CVE-2026-27560,0.02225,0.81844
CVE-2026-27561,0.02225,0.81844
CVE-2026-27562,0.02225,0.81844
CVE-2026-27563,0.02023,0.79992
CVE-2026-27564,0.02023,0.79992
CVE-2026-27565,0.00941,0.59232
CVE-2026-27566,0.00419,0.3559
CVE-2026-27567,0.00288,0.21405
CVE-2026-27568,0.00229,0.13832
CVE-2026-27570,0.00347,0.28162
CVE-2026-27571,0.00478,0.40143
CVE-2026-27572,0.00466,0.39308
CVE-2026-27574,0.00505,0.41896
CVE-2026-27575,0.00428,0.36457
CVE-2026-27576,0.00165,0.06073
CVE-2026-27577,0.09982,0.95356
CVE-2026-27578,0.00185,0.08304
CVE-2026-27579,0.00232,0.14255
CVE-2026-27584,0.00395,0.33308
CVE-2026-27585,0.00323,0.25415
CVE-2026-27586,0.00267,0.18992
CVE-2026-27587,0.0037,0.30665
CVE-2026-27588,0.0037,0.30665
CVE-2026-27589,0.00166,0.06207
CVE-2026-27590,0.00536,0.43849
CVE-2026-27591,0.00486,0.40675
CVE-2026-27593,0.00459,0.38868
CVE-2026-27595,0.0045,0.38239
CVE-2026-27596,0.00367,0.30294
CVE-2026-27597,0.00878,0.57264
CVE-2026-27598,0.00571,0.45712
CVE-2026-27599,0.00358,0.29418
CVE-2026-27600,0.00187,0.08518
CVE-2026-27601,0.0096,0.598
CVE-2026-27602,0.00566,0.45482
CVE-2026-27603,0.0042,0.35717
CVE-2026-27604,0.00509,0.42213
CVE-2026-27605,0.00211,0.11527
CVE-2026-27606,0.01455,0.72133
CVE-2026-27607,0.00325,0.25551
CVE-2026-27608,0.00221,0.12743
CVE-2026-27609,0.00143,0.03949
CVE-2026-27610,0.00338,0.27047
CVE-2026-27611,0.00307,0.23468
CVE-2026-27612,0.00196,0.09568
CVE-2026-27613,0.00748,0.53148
CVE-2026-27614,0.00286,0.2117
CVE-2026-27615,0.00207,0.11054
CVE-2026-27616,0.00453,0.38434
CVE-2026-27621,0.00188,0.08606
CVE-2026-27622,0.00201,0.10187
CVE-2026-27623,0.00353,0.2881
CVE-2026-27624,0.00301,0.22783
CVE-2026-27625,0.00462,0.39038
CVE-2026-27626,0.00549,0.44598
CVE-2026-27627,0.00319,0.24892
CVE-2026-27628,0.00346,0.27971
CVE-2026-27629,0.00259,0.17823
CVE-2026-27630,0.00436,0.37143
CVE-2026-27631,0.00255,0.17236
CVE-2026-27632,0.00092,0.00606
CVE-2026-27633,0.00436,0.37142
CVE-2026-27634,0.00651,0.49525
CVE-2026-27635,0.0037,0.30615
CVE-2026-27636,0.02121,0.80949
CVE-2026-27637,0.00668,0.50195
CVE-2026-27638,0.00295,0.22189
CVE-2026-27639,0.00279,0.20456
CVE-2026-27640,0.00296,0.22282
CVE-2026-27641,0.01202,0.66654
CVE-2026-27642,0.00506,0.41958
CVE-2026-27643,0.00275,0.19972
CVE-2026-27644,0.00228,0.1378
CVE-2026-27645,0.00445,0.37877
CVE-2026-27646,0.00104,0.01137
CVE-2026-27647,0.00304,0.23135
CVE-2026-27648,0.00552,0.44735
CVE-2026-27649,0.00328,0.25913
CVE-2026-27650,0.00922,0.58582
CVE-2026-27651,0.00938,0.59132
CVE-2026-27652,0.00313,0.2422
CVE-2026-27653,0.00088,0.00439
CVE-2026-27654,0.25066,0.97811
CVE-2026-27655,0.00527,0.4331
CVE-2026-27656,0.0018,0.07746
CVE-2026-27657,0.00451,0.38311
CVE-2026-27659,0.00123,0.02406
CVE-2026-27660,0.00451,0.38311
CVE-2026-27661,0.00259,0.17736
CVE-2026-27662,0.00113,0.01634
CVE-2026-27663,0.00269,0.1917
CVE-2026-27664,0.00358,0.29336
CVE-2026-27668,0.00259,0.17726
CVE-2026-27670,0.00081,0.00224
CVE-2026-27671,0.00437,0.37171
CVE-2026-27672,0.00168,0.06502
CVE-2026-27673,0.00158,0.05388
CVE-2026-27674,0.00192,0.09064
CVE-2026-27675,0.00168,0.06539
CVE-2026-27676,0.00158,0.05378
CVE-2026-27677,0.00181,0.07962
CVE-2026-27678,0.00181,0.07962
CVE-2026-27679,0.00181,0.07962
CVE-2026-27680,0.00173,0.07021
CVE-2026-27681,0.00501,0.41666
CVE-2026-27682,0.00223,0.13084
CVE-2026-27683,0.00185,0.08283
CVE-2026-27684,0.00267,0.1897
CVE-2026-27685,0.00551,0.44666
CVE-2026-27686,0.00215,0.12047
CVE-2026-27687,0.00262,0.18183
CVE-2026-27688,0.0023,0.13918
CVE-2026-27689,0.00368,0.304
CVE-2026-27690,0.00682,0.5079
CVE-2026-27691,0.0016,0.05594
CVE-2026-27692,0.00164,0.06023
CVE-2026-27693,0.00183,0.08144
CVE-2026-27694,0.00162,0.05776
CVE-2026-27695,0.00228,0.13652
CVE-2026-27696,0.00445,0.37876
CVE-2026-27697,0.00412,0.34971
CVE-2026-27699,0.00716,0.52047
CVE-2026-27700,0.00244,0.15754
CVE-2026-27701,0.0025,0.16501
CVE-2026-27702,0.00335,0.26719
CVE-2026-27703,0.00483,0.40477
CVE-2026-27704,0.00356,0.29141
CVE-2026-27705,0.00213,0.11813
CVE-2026-27706,0.00213,0.11768
CVE-2026-27707,0.00506,0.41982
CVE-2026-27708,0.00364,0.30032
CVE-2026-27709,0.00144,0.04053
CVE-2026-27710,0.00129,0.02858
CVE-2026-27711,0.00142,0.03838
CVE-2026-27723,0.00209,0.11258
CVE-2026-27727,0.00812,0.55216
CVE-2026-27728,0.01729,0.76423
CVE-2026-27729,0.00415,0.35252
CVE-2026-27730,0.00339,0.27271
CVE-2026-27732,0.00235,0.14676
CVE-2026-27734,0.00484,0.4055
CVE-2026-27735,0.00287,0.21286
CVE-2026-27736,0.00147,0.04278
CVE-2026-27737,0.00257,0.17536
CVE-2026-27738,0.00302,0.22892
CVE-2026-27739,0.00498,0.41468
CVE-2026-27740,0.00324,0.2552
CVE-2026-27741,0.00143,0.04014
CVE-2026-27742,0.00139,0.03641
CVE-2026-27743,0.00595,0.46849
CVE-2026-27744,0.00908,0.58161
CVE-2026-27745,0.00761,0.53561
CVE-2026-27746,0.00201,0.10234
CVE-2026-27747,0.00378,0.31455
CVE-2026-27748,0.00179,0.07726
CVE-2026-27749,0.00323,0.25355
CVE-2026-27750,0.00102,0.01057
CVE-2026-27751,0.00449,0.38162
CVE-2026-27752,0.00193,0.09155
CVE-2026-27753,0.00328,0.25926
CVE-2026-27754,0.00116,0.01819
CVE-2026-27755,0.00402,0.33972
CVE-2026-27756,0.00155,0.04983
CVE-2026-27757,0.00252,0.16808
CVE-2026-27758,0.00102,0.01044
CVE-2026-27759,0.00234,0.14464
CVE-2026-27760,0.34629,0.98337
CVE-2026-27761,0.00367,0.30338
CVE-2026-27764,0.00295,0.22158
CVE-2026-27765,0.00112,0.01538
CVE-2026-27766,0.00103,0.01084
CVE-2026-27767,0.00508,0.42106
CVE-2026-27768,0.0034,0.27322
CVE-2026-27769,0.00167,0.06343
CVE-2026-27770,0.00294,0.22025
CVE-2026-27771,0.01393,0.70984
CVE-2026-27772,0.00531,0.43576
CVE-2026-27773,0.00272,0.19657
CVE-2026-27774,0.00096,0.00801
CVE-2026-27775,0.00523,0.4312
CVE-2026-27776,0.00367,0.30271
CVE-2026-27777,0.00243,0.15669
CVE-2026-27778,0.00601,0.47183
CVE-2026-27779,0.00582,0.46271
CVE-2026-27780,0.00638,0.48878
CVE-2026-27781,0.00117,0.01911
CVE-2026-27783,0.00342,0.27598
CVE-2026-27784,0.01031,0.62018
CVE-2026-27785,0.00224,0.13134
CVE-2026-27787,0.00155,0.05028
CVE-2026-27788,0.00097,0.00844
CVE-2026-27790,0.00385,0.32183
CVE-2026-27792,0.00215,0.12019
CVE-2026-27793,0.00231,0.14046
CVE-2026-27794,0.00698,0.51396
CVE-2026-27795,0.00206,0.10856
CVE-2026-27796,0.01154,0.65379
CVE-2026-27797,0.0043,0.36574
CVE-2026-27798,0.00137,0.03463
CVE-2026-27799,0.00123,0.02419
CVE-2026-27800,0.0029,0.21648
CVE-2026-27801,0.0026,0.17917
CVE-2026-27802,0.00293,0.21893
CVE-2026-27803,0.00287,0.21248
CVE-2026-27804,0.00176,0.07417
CVE-2026-27806,0.00111,0.0149
CVE-2026-27807,0.00284,0.20991
CVE-2026-27808,0.00469,0.39487
CVE-2026-27809,0.0041,0.34697
CVE-2026-27810,0.00206,0.10967
CVE-2026-27811,0.02037,0.80121
CVE-2026-27812,0.00245,0.15897
CVE-2026-27813,0.00126,0.02626
CVE-2026-27814,0.00134,0.03271
CVE-2026-27815,0.00272,0.19658
CVE-2026-27816,0.00197,0.09651
CVE-2026-27818,0.00241,0.1543
CVE-2026-27819,0.00739,0.52837
CVE-2026-27820,0.00561,0.45206
CVE-2026-27821,0.00272,0.19627
CVE-2026-27822,0.04217,0.90482
CVE-2026-27823,0.01028,0.61927
CVE-2026-27824,0.00148,0.04417
CVE-2026-27825,0.12712,0.96056
CVE-2026-27826,0.13632,0.9628
CVE-2026-27828,0.00286,0.21171
CVE-2026-27829,0.00281,0.20675
CVE-2026-27830,0.00534,0.43778
CVE-2026-27831,0.00425,0.36183
CVE-2026-27832,0.00244,0.15809
CVE-2026-27833,0.01641,0.75195
CVE-2026-27834,0.00372,0.30828
CVE-2026-27835,0.00257,0.17581
CVE-2026-27836,0.0041,0.34759
CVE-2026-27837,0.00303,0.23082
CVE-2026-27838,0.00245,0.15915
CVE-2026-27839,0.0026,0.17873
CVE-2026-27840,0.00142,0.03872
CVE-2026-27841,0.00162,0.05739
CVE-2026-27842,0.00558,0.45057
CVE-2026-27843,0.00518,0.42764
CVE-2026-27844,0.00385,0.32184
CVE-2026-27846,0.00138,0.03549
CVE-2026-27847,0.0032,0.25032
CVE-2026-27848,0.0032,0.25032
CVE-2026-27849,0.00314,0.24278
CVE-2026-27850,0.00245,0.15897
CVE-2026-27851,0.00406,0.34364
CVE-2026-27852,0.00359,0.29497
CVE-2026-27853,0.00489,0.40925
CVE-2026-27854,0.00471,0.39663
CVE-2026-27855,0.00311,0.23927
CVE-2026-27856,0.00392,0.32897
CVE-2026-27857,0.00667,0.50172
CVE-2026-27858,0.0079,0.54484
CVE-2026-27859,0.00374,0.31118
CVE-2026-27860,0.00286,0.21197
CVE-2026-27868,0.00394,0.33145
CVE-2026-27869,0.00394,0.33146
CVE-2026-27870,0.00293,0.21928
CVE-2026-27871,0.00177,0.07512
CVE-2026-27875,0.00065,0.00021
CVE-2026-27876,0.01929,0.78966
CVE-2026-27877,0.00309,0.23704
CVE-2026-27878,0.00411,0.34828
CVE-2026-27879,0.00376,0.31254
CVE-2026-27880,0.00772,0.53918
CVE-2026-27881,0.0027,0.19313
CVE-2026-27882,0.00229,0.13875
CVE-2026-27883,0.00361,0.29691
CVE-2026-27884,0.00329,0.26047
CVE-2026-27885,0.00364,0.30001
CVE-2026-27886,0.00612,0.47675
CVE-2026-27887,0.00226,0.13403
CVE-2026-27888,0.00348,0.28188
CVE-2026-27889,0.00582,0.46269
CVE-2026-27890,0.00465,0.39219
CVE-2026-27891,0.00522,0.43034
CVE-2026-27892,0.00227,0.13602
CVE-2026-27893,0.01346,0.69995
CVE-2026-27894,0.00371,0.30755
CVE-2026-27895,0.00419,0.35594
CVE-2026-27896,0.00255,0.17211
CVE-2026-27897,0.00644,0.49187
CVE-2026-27898,0.00167,0.06351
CVE-2026-27899,0.00306,0.23316
CVE-2026-27900,0.00469,0.39546
CVE-2026-27901,0.00214,0.1188
CVE-2026-27902,0.00226,0.13452
CVE-2026-27903,0.00517,0.42745
CVE-2026-27904,0.00472,0.39721
CVE-2026-27905,0.00257,0.17512
CVE-2026-27906,0.00387,0.32457
CVE-2026-27907,0.00298,0.22475
CVE-2026-27908,0.01552,0.73843
CVE-2026-27909,0.01771,0.77014
CVE-2026-27910,0.00206,0.10912
CVE-2026-27911,0.00153,0.04784
CVE-2026-27912,0.00409,0.34686
CVE-2026-27913,0.00303,0.22997
CVE-2026-27914,0.02434,0.83447
CVE-2026-27915,0.00298,0.22474
CVE-2026-27916,0.0024,0.15222
CVE-2026-27917,0.00243,0.15663
CVE-2026-27918,0.00192,0.09058
CVE-2026-27919,0.00298,0.22475
CVE-2026-27920,0.0024,0.15222
CVE-2026-27921,0.01191,0.66378
CVE-2026-27922,0.00203,0.10511
CVE-2026-27923,0.0023,0.14021
CVE-2026-27924,0.00286,0.21237
CVE-2026-27925,0.0036,0.29607
CVE-2026-27926,0.0018,0.07765
CVE-2026-27927,0.00191,0.08993
CVE-2026-27928,0.00408,0.34592
CVE-2026-27929,0.00186,0.08491
CVE-2026-27930,0.00384,0.32056
CVE-2026-27931,0.00489,0.40905
CVE-2026-27932,0.00432,0.36809
CVE-2026-27933,0.00262,0.18138
CVE-2026-27934,0.00254,0.1718
CVE-2026-27935,0.0027,0.19231
CVE-2026-27936,0.00306,0.23313
CVE-2026-27937,0.00144,0.04036
CVE-2026-27938,0.00786,0.54349
CVE-2026-27939,0.00386,0.32316
CVE-2026-27940,0.00177,0.07483
CVE-2026-27941,0.00395,0.33337
CVE-2026-27942,0.00478,0.40204
CVE-2026-27943,0.0026,0.17837
CVE-2026-27944,0.22162,0.97549
CVE-2026-27945,0.00226,0.13405
CVE-2026-27946,0.00186,0.08473
CVE-2026-27947,0.00725,0.5235
CVE-2026-27948,0.00163,0.05939
CVE-2026-27949,0.00168,0.06437
CVE-2026-27950,0.00427,0.36358
CVE-2026-27951,0.00346,0.27956
CVE-2026-27952,0.00497,0.41409
CVE-2026-27953,0.01192,0.66423
CVE-2026-27954,0.0019,0.08844
CVE-2026-27955,0.00396,0.33385
CVE-2026-27956,0.00293,0.21973
CVE-2026-27957,0.01172,0.6588
CVE-2026-27959,0.00334,0.26644
CVE-2026-27960,0.01995,0.7968
CVE-2026-27961,0.00318,0.2472
CVE-2026-27962,0.00548,0.44511
CVE-2026-27963,0.00226,0.13468
CVE-2026-27964,0.00104,0.01165
CVE-2026-27965,0.00417,0.35452
CVE-2026-27966,0.33694,0.983
CVE-2026-27967,0.00243,0.15677
CVE-2026-27968,0.00185,0.08287
CVE-2026-27969,0.00402,0.34025
CVE-2026-27970,0.00483,0.40519
CVE-2026-27971,0.05416,0.92289
CVE-2026-27973,0.00164,0.06027
CVE-2026-27974,0.00189,0.08706
CVE-2026-27975,0.00533,0.43691
CVE-2026-27976,0.0049,0.40974
CVE-2026-27977,0.00171,0.06816
CVE-2026-27978,0.002,0.10106
CVE-2026-27979,0.00667,0.50158
CVE-2026-27980,0.00683,0.5082
CVE-2026-27981,0.00262,0.1821
CVE-2026-27982,0.00159,0.05503
CVE-2026-27983,0.00321,0.2516
CVE-2026-27984,0.0027,0.19353
CVE-2026-27985,0.00403,0.34138
CVE-2026-27986,0.00403,0.34136
CVE-2026-27987,0.00415,0.35247
CVE-2026-27988,0.00403,0.34137
CVE-2026-27989,0.00403,0.34119
CVE-2026-27990,0.00403,0.3412
CVE-2026-27991,0.00403,0.34119
CVE-2026-27992,0.00433,0.36834
CVE-2026-27993,0.00403,0.34137
CVE-2026-27994,0.00403,0.34124
CVE-2026-27995,0.00403,0.34124
CVE-2026-27996,0.00403,0.34125
CVE-2026-27997,0.00433,0.36833
CVE-2026-27998,0.00415,0.35245
CVE-2026-27999,0.00326,0.257
CVE-2026-28001,0.00283,0.20879
CVE-2026-28002,0.00253,0.16918
CVE-2026-28003,0.00175,0.07235
CVE-2026-28004,0.00175,0.0724
CVE-2026-28005,0.00321,0.25161
CVE-2026-28006,0.00445,0.37878
CVE-2026-28007,0.00403,0.34127
CVE-2026-28008,0.00404,0.34203
CVE-2026-28009,0.00403,0.34121
CVE-2026-28010,0.00403,0.34141
CVE-2026-28011,0.00415,0.35245
CVE-2026-28012,0.00403,0.34127
CVE-2026-28013,0.00403,0.34122
CVE-2026-28014,0.00435,0.37043
CVE-2026-28015,0.00403,0.3414
CVE-2026-28016,0.00403,0.3414
CVE-2026-28017,0.00403,0.34123
CVE-2026-28018,0.00403,0.34121
CVE-2026-28019,0.00403,0.3412
CVE-2026-28020,0.00403,0.3412
CVE-2026-28021,0.00433,0.36833
CVE-2026-28022,0.00403,0.34125
CVE-2026-28023,0.00403,0.34126
CVE-2026-28024,0.00403,0.3412
CVE-2026-28025,0.00403,0.34121
CVE-2026-28026,0.00403,0.34132
CVE-2026-28027,0.00403,0.34132
CVE-2026-28028,0.00403,0.34142
CVE-2026-28029,0.00403,0.34133
CVE-2026-28030,0.00433,0.36833
CVE-2026-28031,0.00403,0.34133
CVE-2026-28032,0.00415,0.35245
CVE-2026-28033,0.00403,0.34134
CVE-2026-28034,0.00403,0.34117
CVE-2026-28035,0.00403,0.34124
CVE-2026-28036,0.00168,0.06402
CVE-2026-28037,0.0018,0.07788
CVE-2026-28038,0.00279,0.20466
CVE-2026-28039,0.00349,0.28314
CVE-2026-28040,0.00165,0.06088
CVE-2026-28041,0.00403,0.34131
CVE-2026-28042,0.0018,0.07791
CVE-2026-28043,0.00404,0.34249
CVE-2026-28044,0.00143,0.03936
CVE-2026-28045,0.00403,0.34131
CVE-2026-28046,0.00403,0.34131
CVE-2026-28047,0.00415,0.35246
CVE-2026-28048,0.00415,0.35246
CVE-2026-28049,0.00403,0.3413
CVE-2026-28050,0.00433,0.36833
CVE-2026-28051,0.00415,0.35244
CVE-2026-28052,0.00403,0.34128
CVE-2026-28053,0.00403,0.34127
CVE-2026-28054,0.00403,0.34141
CVE-2026-28055,0.00403,0.34127
CVE-2026-28056,0.00403,0.34128
CVE-2026-28057,0.00403,0.34137
CVE-2026-28058,0.00403,0.34135
CVE-2026-28059,0.00403,0.34135
CVE-2026-28060,0.00415,0.35244
CVE-2026-28061,0.00403,0.34143
CVE-2026-28062,0.00403,0.34128
CVE-2026-28063,0.00403,0.34142
CVE-2026-28064,0.00433,0.36834
CVE-2026-28065,0.00403,0.34142
CVE-2026-28066,0.00403,0.34136
CVE-2026-28067,0.00403,0.34123
CVE-2026-28068,0.00403,0.34124
CVE-2026-28069,0.00403,0.34136
CVE-2026-28070,0.00261,0.18063
CVE-2026-28071,0.00189,0.08799
CVE-2026-28072,0.0018,0.0778
CVE-2026-28073,0.00149,0.04472
CVE-2026-28074,0.00375,0.31186
CVE-2026-28075,0.0018,0.0778
CVE-2026-28076,0.00287,0.21267
CVE-2026-28077,0.00415,0.35245
CVE-2026-28078,0.00352,0.28655
CVE-2026-28079,0.00403,0.34135
CVE-2026-28080,0.00185,0.08338
CVE-2026-28081,0.00415,0.35243
CVE-2026-28082,0.00175,0.07222
CVE-2026-28083,0.0013,0.0303
CVE-2026-28084,0.00403,0.34133
CVE-2026-28085,0.00403,0.34134
CVE-2026-28086,0.00403,0.34132
CVE-2026-28087,0.00403,0.34132
CVE-2026-28088,0.00403,0.34123
CVE-2026-28089,0.00403,0.34122
CVE-2026-28090,0.00403,0.34121
CVE-2026-28091,0.00403,0.34139
CVE-2026-28092,0.00403,0.34139
CVE-2026-28093,0.00403,0.34136
CVE-2026-28094,0.00403,0.34139
CVE-2026-28095,0.00403,0.34135
CVE-2026-28096,0.00415,0.35243
CVE-2026-28097,0.00403,0.34117
CVE-2026-28098,0.00403,0.34129
CVE-2026-28099,0.0018,0.07786
CVE-2026-28100,0.0018,0.07783
CVE-2026-28101,0.0018,0.07785
CVE-2026-28102,0.0018,0.07779
CVE-2026-28103,0.0018,0.078
CVE-2026-28104,0.00242,0.1554
CVE-2026-28105,0.00375,0.31187
CVE-2026-28106,0.00256,0.17388
CVE-2026-28107,0.00403,0.34122
CVE-2026-28108,0.0018,0.07776
CVE-2026-28109,0.00146,0.04227
CVE-2026-28110,0.00146,0.04236
CVE-2026-28111,0.00278,0.20284
CVE-2026-28112,0.00146,0.04233
CVE-2026-28113,0.00146,0.04235
CVE-2026-28114,0.00278,0.20271
CVE-2026-28115,0.00241,0.15462
CVE-2026-28116,0.00136,0.03381
CVE-2026-28117,0.00327,0.25803
CVE-2026-28118,0.00337,0.26939
CVE-2026-28119,0.00327,0.25801
CVE-2026-28120,0.00327,0.25804
CVE-2026-28121,0.00327,0.25804
CVE-2026-28122,0.00146,0.04236
CVE-2026-28123,0.00337,0.26938
CVE-2026-28124,0.00327,0.25804
CVE-2026-28125,0.00327,0.25803
CVE-2026-28126,0.00146,0.04236
CVE-2026-28127,0.00146,0.04235
CVE-2026-28128,0.00337,0.26938
CVE-2026-28129,0.00327,0.25803
CVE-2026-28130,0.00146,0.04235
CVE-2026-28131,0.00219,0.12502
CVE-2026-28132,0.00194,0.09342
CVE-2026-28133,0.00212,0.11709
CVE-2026-28134,0.00234,0.14463
CVE-2026-28135,0.00229,0.13848
CVE-2026-28136,0.00285,0.21048
CVE-2026-28137,0.00146,0.04236
CVE-2026-28138,0.00377,0.31398
CVE-2026-28139,0.00375,0.31186
CVE-2026-28140,0.00238,0.15058
CVE-2026-28141,0.00319,0.24833
CVE-2026-28142,0.00283,0.20883
CVE-2026-28143,0.00175,0.07223
CVE-2026-28144,0.00176,0.074
CVE-2026-28145,0.00108,0.01326
CVE-2026-28146,0.00319,0.24866
CVE-2026-28147,0.0017,0.06661
CVE-2026-28148,0.00239,0.15184
CVE-2026-28149,0.00375,0.31188
CVE-2026-28150,0.00348,0.28255
CVE-2026-28151,0.00282,0.2081
CVE-2026-28152,0.00282,0.2081
CVE-2026-28153,0.00312,0.24057
CVE-2026-28154,0.00182,0.08004
CVE-2026-28155,0.00235,0.14606
CVE-2026-28156,0.00332,0.26405
CVE-2026-28157,0.0037,0.30656
CVE-2026-28158,0.00175,0.07221
CVE-2026-28159,0.00352,0.28701
CVE-2026-28161,0.00378,0.31431
CVE-2026-28162,0.0018,0.07793
CVE-2026-28163,0.00176,0.07364
CVE-2026-28164,0.00146,0.04205
CVE-2026-28165,0.00268,0.19078
CVE-2026-28166,0.0018,0.07792
CVE-2026-28167,0.00373,0.30954
CVE-2026-28168,0.00332,0.26406
CVE-2026-28169,0.00233,0.1438
CVE-2026-28170,0.00175,0.07231
CVE-2026-28171,0.00345,0.27834
CVE-2026-28172,0.00097,0.00841
CVE-2026-28173,0.00226,0.13411
CVE-2026-28174,0.0027,0.19299
CVE-2026-28175,0.00175,0.07245
CVE-2026-28176,0.00302,0.22909
CVE-2026-28177,0.00175,0.0723
CVE-2026-28178,0.00156,0.05174
CVE-2026-28179,0.00172,0.06907
CVE-2026-28180,0.00221,0.12784
CVE-2026-28181,0.00326,0.257
CVE-2026-28182,0.00205,0.10765
CVE-2026-28185,0.00197,0.09653
CVE-2026-28186,0.00352,0.287
CVE-2026-28187,0.00175,0.07223
CVE-2026-28188,0.00213,0.11757
CVE-2026-28189,0.00292,0.21791
CVE-2026-28190,0.00315,0.24475
CVE-2026-28191,0.00306,0.23395
CVE-2026-28192,0.00227,0.1353
CVE-2026-28193,0.00252,0.16808
CVE-2026-28194,0.0016,0.05531
CVE-2026-28195,0.00158,0.05354
CVE-2026-28196,0.00128,0.02846
CVE-2026-28201,0.00144,0.04035
CVE-2026-28204,0.00301,0.22811
CVE-2026-28205,0.0045,0.38264
CVE-2026-28207,0.00935,0.5902
CVE-2026-28208,0.12038,0.9592
CVE-2026-28209,0.00886,0.57494
CVE-2026-28210,0.00299,0.22569
CVE-2026-28211,0.002,0.10056
CVE-2026-28212,0.00503,0.41785
CVE-2026-28213,0.00446,0.37955
CVE-2026-28214,0.01133,0.64827
CVE-2026-28215,0.00455,0.3858
CVE-2026-28216,0.00394,0.33182
CVE-2026-28217,0.00369,0.3045
CVE-2026-28218,0.00151,0.04599
CVE-2026-28219,0.00197,0.09675
CVE-2026-28220,0.00396,0.33362
CVE-2026-28221,0.00382,0.31886
CVE-2026-28222,0.00419,0.35577
CVE-2026-28223,0.00459,0.38858
CVE-2026-28224,0.00465,0.3922
CVE-2026-28225,0.00265,0.18561
CVE-2026-28226,0.00332,0.26343
CVE-2026-28227,0.02839,0.85958
CVE-2026-28228,0.00414,0.35095
CVE-2026-28229,0.00652,0.49528
CVE-2026-28230,0.0016,0.05548
CVE-2026-28231,0.00632,0.48624
CVE-2026-28237,0.00098,0.00871
CVE-2026-28252,0.00216,0.12186
CVE-2026-28253,0.00307,0.2347
CVE-2026-28254,0.00268,0.19048
CVE-2026-28255,0.00288,0.2147
CVE-2026-28256,0.00266,0.18671
CVE-2026-28261,0.00107,0.01305
CVE-2026-28262,0.00095,0.00708
CVE-2026-28263,0.00204,0.1059
CVE-2026-28264,0.0013,0.02985
CVE-2026-28265,0.00117,0.01861
CVE-2026-28267,0.00105,0.01187
CVE-2026-28268,0.00673,0.50405
CVE-2026-28269,0.01951,0.79212
CVE-2026-28270,0.01607,0.74661
CVE-2026-28271,0.0043,0.36592
CVE-2026-28272,0.00331,0.26217
CVE-2026-28274,0.00551,0.44706
CVE-2026-28275,0.00369,0.30449
CVE-2026-28276,0.00316,0.24511
CVE-2026-28277,0.04928,0.91683
CVE-2026-28279,0.009,0.57885
CVE-2026-28280,0.00227,0.1358
CVE-2026-28281,0.00127,0.02739
CVE-2026-28282,0.00332,0.26344
CVE-2026-28284,0.00248,0.16263
CVE-2026-28286,0.0041,0.3475
CVE-2026-28287,0.08026,0.94477
CVE-2026-28288,0.00635,0.4878
CVE-2026-28289,0.3112,0.98175
CVE-2026-28291,0.00844,0.5617
CVE-2026-28292,0.01296,0.68887
CVE-2026-28295,0.00186,0.08426
CVE-2026-28296,0.0036,0.29578
CVE-2026-28297,0.00368,0.30443
CVE-2026-28298,0.00343,0.27657
CVE-2026-28299,0.00521,0.42979
CVE-2026-28301,0.0021,0.11391
CVE-2026-28302,0.00716,0.5205
CVE-2026-28304,0.00786,0.54354
CVE-2026-28305,0.00786,0.54354
CVE-2026-28306,0.00495,0.41274
CVE-2026-28307,0.00495,0.41274
CVE-2026-28308,0.00786,0.54353
CVE-2026-28309,0.00495,0.41273
CVE-2026-28310,0.00495,0.41275
CVE-2026-28312,0.00577,0.46004
CVE-2026-28313,0.00495,0.41273
CVE-2026-28314,0.00621,0.48138
CVE-2026-28315,0.00515,0.42616
CVE-2026-28316,0.02134,0.81076
CVE-2026-28317,0.00495,0.41274
CVE-2026-28318,0.40012,0.98555
CVE-2026-28321,0.00577,0.46005
CVE-2026-28322,0.00386,0.32326
CVE-2026-28323,0.00676,0.50523
CVE-2026-28338,0.00297,0.22375
CVE-2026-28342,0.00645,0.49243
CVE-2026-28343,0.00268,0.19006
CVE-2026-28348,0.00228,0.13715
CVE-2026-28350,0.00254,0.17066
CVE-2026-28351,0.00423,0.35985
CVE-2026-28352,0.00264,0.18392
CVE-2026-28353,0.00453,0.38433
CVE-2026-28354,0.00263,0.18259
CVE-2026-28355,0.00397,0.33451
CVE-2026-28356,0.00718,0.52118
CVE-2026-28357,0.00143,0.03934
CVE-2026-28358,0.00601,0.47181
CVE-2026-28359,0.00147,0.04308
CVE-2026-28360,0.00194,0.09361
CVE-2026-28361,0.0016,0.05548
CVE-2026-28363,0.00495,0.4128
CVE-2026-28364,0.0021,0.11414
CVE-2026-28367,0.00706,0.51678
CVE-2026-28368,0.00704,0.51608
CVE-2026-28369,0.00677,0.50568
CVE-2026-28370,0.00763,0.53637
CVE-2026-28372,0.00373,0.30981
CVE-2026-28373,0.00421,0.3583
CVE-2026-28374,0.00198,0.09834
CVE-2026-28375,0.00376,0.31254
CVE-2026-28376,0.00328,0.25969
CVE-2026-28377,0.00155,0.05012
CVE-2026-28378,0.00227,0.13567
CVE-2026-28379,0.00262,0.18175
CVE-2026-28380,0.00227,0.13591
CVE-2026-28381,0.0035,0.28426
CVE-2026-28383,0.00328,0.25968
CVE-2026-28384,0.00618,0.47964
CVE-2026-28385,0.00278,0.20283
CVE-2026-28386,0.00313,0.24226
CVE-2026-28387,0.00671,0.50312
CVE-2026-28388,0.00885,0.57446
CVE-2026-28389,0.00805,0.54968
CVE-2026-28390,0.00805,0.54968
CVE-2026-28391,0.00499,0.41554
CVE-2026-28392,0.00347,0.28167
CVE-2026-28393,0.00439,0.37347
CVE-2026-28394,0.00388,0.32543
CVE-2026-28395,0.00396,0.33404
CVE-2026-28396,0.00181,0.07942
CVE-2026-28397,0.00179,0.07636
CVE-2026-28398,0.00143,0.03934
CVE-2026-28399,0.00319,0.24825
CVE-2026-28400,0.00226,0.13463
CVE-2026-28401,0.00179,0.07637
CVE-2026-28402,0.00204,0.10659
CVE-2026-28403,0.00136,0.03387
CVE-2026-28405,0.00223,0.13061
CVE-2026-28406,0.00613,0.47718
CVE-2026-28407,0.00351,0.28526
CVE-2026-28408,0.00514,0.42556
CVE-2026-28409,0.03315,0.87946
CVE-2026-28410,0.00228,0.13774
CVE-2026-28411,0.02316,0.82568
CVE-2026-28412,0.00255,0.1732
CVE-2026-28413,0.00227,0.13621
CVE-2026-28414,0.03098,0.87081
CVE-2026-28415,0.00247,0.16199
CVE-2026-28416,0.06543,0.93452
CVE-2026-28417,0.01162,0.65606
CVE-2026-28418,0.0022,0.1267
CVE-2026-28419,0.00168,0.0646
CVE-2026-28420,0.00177,0.075
CVE-2026-28421,0.00177,0.07497
CVE-2026-28422,0.00142,0.03875
CVE-2026-28423,0.00378,0.3149
CVE-2026-28424,0.00231,0.14045
CVE-2026-28425,0.00428,0.36402
CVE-2026-28426,0.00259,0.1779
CVE-2026-28427,0.00431,0.36678
CVE-2026-28428,0.00299,0.22584
CVE-2026-28429,0.00704,0.51602
CVE-2026-28430,0.00329,0.26032
CVE-2026-28431,0.00249,0.1644
CVE-2026-28432,0.00148,0.04383
CVE-2026-28433,0.00221,0.12792
CVE-2026-28434,0.003,0.22742
CVE-2026-28435,0.00418,0.35548
CVE-2026-28436,0.00169,0.0658
CVE-2026-28438,0.00282,0.20732
CVE-2026-28442,0.00304,0.23111
CVE-2026-28443,0.00341,0.27453
CVE-2026-28444,0.00316,0.24579
CVE-2026-28445,0.00257,0.1751
CVE-2026-28446,0.00652,0.49528
CVE-2026-28447,0.00355,0.29017
CVE-2026-28448,0.00444,0.37733
CVE-2026-28449,0.00267,0.18943
CVE-2026-28450,0.0034,0.27314
CVE-2026-28451,0.00275,0.19915
CVE-2026-28452,0.00319,0.2486
CVE-2026-28453,0.00409,0.34693
CVE-2026-28454,0.00255,0.17283
CVE-2026-28456,0.00405,0.34283
CVE-2026-28457,0.00132,0.03178
CVE-2026-28458,0.00295,0.22148
CVE-2026-28459,0.00363,0.29897
CVE-2026-28460,0.00439,0.37375
CVE-2026-28461,0.00354,0.28954
CVE-2026-28462,0.00425,0.36125
CVE-2026-28463,0.00167,0.0637
CVE-2026-28464,0.00386,0.32362
CVE-2026-28465,0.00374,0.3106
CVE-2026-28466,0.0042,0.35753
CVE-2026-28467,0.00397,0.33477
CVE-2026-28468,0.00142,0.03897
CVE-2026-28469,0.003,0.22665
CVE-2026-28470,0.0047,0.39587
CVE-2026-28471,0.00231,0.14068
CVE-2026-28472,0.00352,0.28672
CVE-2026-28473,0.00281,0.20717
CVE-2026-28474,0.00482,0.40461
CVE-2026-28475,0.00284,0.20986
CVE-2026-28476,0.00242,0.15517
CVE-2026-28477,0.00131,0.03091
CVE-2026-28478,0.00436,0.37141
CVE-2026-28479,0.00179,0.07693
CVE-2026-28480,0.0021,0.11369
CVE-2026-28481,0.0026,0.17841
CVE-2026-28482,0.00136,0.03388
CVE-2026-28485,0.00196,0.09618
CVE-2026-28486,0.00152,0.04693
CVE-2026-28490,0.00142,0.03846
CVE-2026-28492,0.00322,0.25205
CVE-2026-28493,0.00194,0.09327
CVE-2026-28494,0.00108,0.01351
CVE-2026-28495,0.00295,0.22173
CVE-2026-28496,0.01905,0.78683
CVE-2026-28497,0.00467,0.39379
CVE-2026-28498,0.00226,0.13416
CVE-2026-28499,0.00265,0.1855
CVE-2026-28500,0.00318,0.24716
CVE-2026-28501,0.0151,0.73143
CVE-2026-28502,0.00673,0.50413
CVE-2026-28503,0.00303,0.23088
CVE-2026-28505,0.00476,0.40024
CVE-2026-28506,0.00229,0.13838
CVE-2026-28507,0.00673,0.50401
CVE-2026-28508,0.00628,0.48433
CVE-2026-28509,0.00187,0.0854
CVE-2026-28510,0.00254,0.17163
CVE-2026-28511,0.00186,0.08421
CVE-2026-28512,0.00216,0.12163
CVE-2026-28513,0.00277,0.20231
CVE-2026-28514,0.00498,0.41441
CVE-2026-28515,0.01157,0.65455
CVE-2026-28516,0.0097,0.60174
CVE-2026-28517,0.05648,0.92569
CVE-2026-28518,0.00181,0.07902
CVE-2026-28519,0.00396,0.33361
CVE-2026-28520,0.00193,0.0919
CVE-2026-28521,0.00212,0.1165
CVE-2026-28522,0.00271,0.19403
CVE-2026-28525,0.00316,0.24556
CVE-2026-28526,0.00143,0.03993
CVE-2026-28527,0.00157,0.05279
CVE-2026-28528,0.00135,0.03332
CVE-2026-28529,0.00174,0.07194
CVE-2026-28532,0.00225,0.13371
CVE-2026-28536,0.00183,0.08096
CVE-2026-28537,0.0007,0.00045
CVE-2026-28538,0.00066,0.00022
CVE-2026-28539,0.00058,8e-05
CVE-2026-28540,0.00081,0.00238
CVE-2026-28541,0.00087,0.00417
CVE-2026-28542,0.00078,0.00162
CVE-2026-28543,0.00071,0.00054
CVE-2026-28544,0.00083,0.00294
CVE-2026-28545,0.00078,0.00161
CVE-2026-28546,0.0008,0.00212
CVE-2026-28547,0.00074,0.00091
CVE-2026-28548,0.0007,0.00046
CVE-2026-28549,0.00062,0.00012
CVE-2026-28550,0.00079,0.00175
CVE-2026-28551,0.00061,0.00012
CVE-2026-28552,0.00281,0.20656
CVE-2026-28553,0.00139,0.03663
CVE-2026-28554,0.00268,0.19005
CVE-2026-28555,0.00268,0.19004
CVE-2026-28556,0.0022,0.1265
CVE-2026-28557,0.00274,0.19832
CVE-2026-28558,0.00208,0.11149
CVE-2026-28559,0.00337,0.2696
CVE-2026-28560,0.00227,0.13626
CVE-2026-28561,0.00227,0.13625
CVE-2026-28562,0.00428,0.36445
CVE-2026-28563,0.0044,0.37407
CVE-2026-28564,0.00682,0.50757
CVE-2026-28567,0.00287,0.21263
CVE-2026-28568,0.0018,0.07794
CVE-2026-28569,0.0018,0.07794
CVE-2026-28570,0.00274,0.19865
CVE-2026-28571,0.00287,0.21267
CVE-2026-28572,0.00067,0.00029
CVE-2026-28573,0.00138,0.03576
CVE-2026-28575,0.00125,0.02519
CVE-2026-28576,0.00148,0.04378
CVE-2026-28577,0.00067,0.0003
CVE-2026-28578,0.00066,0.00024
CVE-2026-28580,0.00073,0.00077
CVE-2026-28581,0.00071,0.00052
CVE-2026-28582,0.00065,0.00018
CVE-2026-28583,0.00077,0.00132
CVE-2026-28584,0.00068,0.00035
CVE-2026-28586,0.001,0.00975
CVE-2026-28587,0.00115,0.01743
CVE-2026-28590,0.0005,1e-05
CVE-2026-28593,0.00074,0.00086
CVE-2026-28594,0.00077,0.00132
CVE-2026-28596,0.00068,0.00035
CVE-2026-28599,0.00077,0.00141
CVE-2026-28600,0.00067,0.00029
CVE-2026-28602,0.0007,0.00051
CVE-2026-28603,0.00067,0.00029
CVE-2026-28604,0.00206,0.10839
CVE-2026-28606,0.00287,0.21342
CVE-2026-28607,0.00068,0.00034
CVE-2026-28609,0.00277,0.20193
CVE-2026-28611,0.00067,0.0003
CVE-2026-28612,0.00078,0.00162
CVE-2026-28613,0.00072,0.0007
CVE-2026-28614,0.00068,0.00033
CVE-2026-28615,0.00123,0.02423
CVE-2026-28616,0.00067,0.0003
CVE-2026-28617,0.00068,0.00036
CVE-2026-28618,0.00342,0.2756
CVE-2026-28620,0.00068,0.00033
CVE-2026-28622,0.00065,0.00021
CVE-2026-28623,0.00065,0.00017
CVE-2026-28624,0.00067,0.00028
CVE-2026-28626,0.00066,0.00024
CVE-2026-28627,0.0021,0.11369
CVE-2026-28630,0.00065,0.00017
CVE-2026-28631,0.00068,0.00033
CVE-2026-28633,0.00068,0.00035
CVE-2026-28634,0.00077,0.00133
CVE-2026-28636,0.00068,0.00034
CVE-2026-28638,0.00072,0.00067
CVE-2026-28639,0.00092,0.00584
CVE-2026-28642,0.00077,0.00132
CVE-2026-28644,0.00068,0.00033
CVE-2026-28650,0.00077,0.0014
CVE-2026-28652,0.00161,0.05723
CVE-2026-28653,0.00073,0.00079
CVE-2026-28655,0.00077,0.00141
CVE-2026-28656,0.00071,0.00059
CVE-2026-28657,0.00072,0.00068
CVE-2026-28658,0.00083,0.00286
CVE-2026-28659,0.00134,0.03281
CVE-2026-28660,0.00075,0.00102
CVE-2026-28662,0.00122,0.023
CVE-2026-28663,0.00076,0.00127
CVE-2026-28664,0.00082,0.00272
CVE-2026-28666,0.00294,0.22061
CVE-2026-28668,0.00082,0.00272
CVE-2026-28671,0.00057,7e-05
CVE-2026-28672,0.0131,0.69209
CVE-2026-28673,0.0059,0.46665
CVE-2026-28674,0.00341,0.27511
CVE-2026-28675,0.00251,0.16691
CVE-2026-28676,0.0043,0.36604
CVE-2026-28677,0.00298,0.22464
CVE-2026-28679,0.00436,0.3715
CVE-2026-28680,0.00232,0.14168
CVE-2026-28681,0.00427,0.3633
CVE-2026-28682,0.00133,0.03193
CVE-2026-28683,0.00189,0.08728
CVE-2026-28684,0.00252,0.1689
CVE-2026-28685,0.00399,0.33758
CVE-2026-28686,0.00113,0.01591
CVE-2026-28687,0.00243,0.1563
CVE-2026-28688,0.00193,0.09262
CVE-2026-28689,0.00108,0.01348
CVE-2026-28690,0.00096,0.00809
CVE-2026-28691,0.00353,0.28809
CVE-2026-28692,0.00258,0.17649
CVE-2026-28693,0.00334,0.26669
CVE-2026-28695,0.00556,0.44933
CVE-2026-28696,0.00447,0.37995
CVE-2026-28697,0.01068,0.63114
CVE-2026-28698,0.00416,0.35305
CVE-2026-28699,0.00551,0.44695
CVE-2026-28700,0.00154,0.04921
CVE-2026-28701,0.0068,0.50677
CVE-2026-28703,0.00538,0.43953
CVE-2026-28704,0.0016,0.05622
CVE-2026-28705,0.00451,0.38333
CVE-2026-28707,0.0012,0.02141
CVE-2026-28709,0.00153,0.04803
CVE-2026-28710,0.00414,0.35121
CVE-2026-28711,0.0009,0.00499
CVE-2026-28712,0.0009,0.005
CVE-2026-28713,0.00169,0.06643
CVE-2026-28714,0.00166,0.06197
CVE-2026-28715,0.00281,0.20635
CVE-2026-28716,0.00092,0.00587
CVE-2026-28717,0.00114,0.01667
CVE-2026-28718,0.00339,0.27203
CVE-2026-28719,0.00167,0.06346
CVE-2026-28720,0.00167,0.06345
CVE-2026-28721,0.00155,0.05042
CVE-2026-28722,0.00155,0.05042
CVE-2026-28723,0.00167,0.06345
CVE-2026-28724,0.00178,0.0756
CVE-2026-28725,0.0012,0.02097
CVE-2026-28726,0.00178,0.0756
CVE-2026-28727,0.00105,0.01178
CVE-2026-28728,0.00096,0.00801
CVE-2026-28729,0.00112,0.01587
CVE-2026-28732,0.00152,0.04755
CVE-2026-28733,0.00131,0.03069
CVE-2026-28735,0.00138,0.03544
CVE-2026-28736,0.00221,0.12791
CVE-2026-28737,0.0043,0.36586
CVE-2026-28740,0.00323,0.25319
CVE-2026-28741,0.00129,0.02902
CVE-2026-28742,0.0033,0.2617
CVE-2026-28744,0.00448,0.38064
CVE-2026-28747,0.00177,0.07509
CVE-2026-28751,0.0012,0.02067
CVE-2026-28753,0.00264,0.18509
CVE-2026-28754,0.00538,0.43953
CVE-2026-28755,0.00133,0.03194
CVE-2026-28756,0.00538,0.43952
CVE-2026-28757,0.0012,0.02141
CVE-2026-28758,0.00083,0.00274
CVE-2026-28759,0.00152,0.04755
CVE-2026-28760,0.00175,0.07207
CVE-2026-28761,0.00131,0.03057
CVE-2026-28764,0.00223,0.13077
CVE-2026-28766,0.00436,0.37147
CVE-2026-28767,0.00377,0.31334
CVE-2026-28769,0.0064,0.48988
CVE-2026-28770,0.00367,0.30284
CVE-2026-28771,0.0021,0.11362
CVE-2026-28772,0.0021,0.11363
CVE-2026-28773,0.02088,0.80647
CVE-2026-28774,0.02432,0.83427
CVE-2026-28775,0.01199,0.66576
CVE-2026-28776,0.00476,0.40052
CVE-2026-28777,0.00486,0.40727
CVE-2026-28778,0.00849,0.56327
CVE-2026-28779,0.00677,0.50574
CVE-2026-28780,0.01376,0.70659
CVE-2026-28781,0.00326,0.25739
CVE-2026-28782,0.00234,0.14493
CVE-2026-28783,0.00464,0.39194
CVE-2026-28784,0.00529,0.43439
CVE-2026-28785,0.00367,0.30316
CVE-2026-28786,0.00427,0.36339
CVE-2026-28787,0.00276,0.20092
CVE-2026-28788,0.02858,0.86048
CVE-2026-28789,0.00394,0.33187
CVE-2026-28790,0.0065,0.49474
CVE-2026-28791,0.00325,0.25547
CVE-2026-28792,0.00535,0.43809
CVE-2026-28793,0.00203,0.10438
CVE-2026-28794,0.0091,0.58213
CVE-2026-28795,0.00443,0.37692
CVE-2026-28797,0.00573,0.45839
CVE-2026-28798,0.00387,0.32447
CVE-2026-28799,0.00285,0.2105
CVE-2026-28800,0.00213,0.11811
CVE-2026-28801,0.00122,0.023
CVE-2026-28802,0.00425,0.36165
CVE-2026-28803,0.00201,0.10147
CVE-2026-28804,0.00399,0.33701
CVE-2026-28805,0.0046,0.38909
CVE-2026-28806,0.0041,0.34717
CVE-2026-28807,0.01056,0.62743
CVE-2026-28808,0.00556,0.44946
CVE-2026-28809,0.00281,0.20676
CVE-2026-28810,0.00269,0.19205
CVE-2026-28811,0.00477,0.40099
CVE-2026-28812,0.00403,0.34089
CVE-2026-28813,0.0019,0.08895
CVE-2026-28814,0.0041,0.34775
CVE-2026-28815,0.00472,0.39705
CVE-2026-28816,0.0022,0.12606
CVE-2026-28817,0.00161,0.05662
CVE-2026-28818,0.00396,0.3337
CVE-2026-28819,0.07112,0.93913
CVE-2026-28820,0.00209,0.11225
CVE-2026-28821,0.0021,0.1144
CVE-2026-28822,0.00202,0.10354
CVE-2026-28823,0.00294,0.22035
CVE-2026-28824,0.00344,0.27735
CVE-2026-28825,0.00364,0.30072
CVE-2026-28826,0.00168,0.06526
CVE-2026-28827,0.00278,0.20291
CVE-2026-28828,0.00344,0.27735
CVE-2026-28829,0.00167,0.06307
CVE-2026-28830,0.00085,0.00357
CVE-2026-28831,0.00173,0.0702
CVE-2026-28832,0.00196,0.09555
CVE-2026-28833,0.0024,0.15254
CVE-2026-28834,0.00146,0.04254
CVE-2026-28835,0.0045,0.38244
CVE-2026-28836,0.00173,0.06982
CVE-2026-28837,0.00341,0.27473
CVE-2026-28838,0.00472,0.39714
CVE-2026-28839,0.00396,0.33371
CVE-2026-28840,0.00139,0.03623
CVE-2026-28841,0.00162,0.05838
CVE-2026-28842,0.00384,0.32076
CVE-2026-28844,0.00336,0.26866
CVE-2026-28845,0.00124,0.02472
CVE-2026-28846,0.00729,0.52481
CVE-2026-28847,0.00602,0.47244
CVE-2026-28848,0.00541,0.44162
CVE-2026-28849,0.00166,0.06198
CVE-2026-28852,0.00214,0.11841
CVE-2026-28855,0.00281,0.20632
CVE-2026-28856,0.00277,0.20173
CVE-2026-28857,0.00646,0.49253
CVE-2026-28858,0.00534,0.43777
CVE-2026-28859,0.00636,0.48819
CVE-2026-28860,0.0038,0.3168
CVE-2026-28861,0.0031,0.23806
CVE-2026-28862,0.00789,0.54458
CVE-2026-28863,0.00503,0.41802
CVE-2026-28864,0.00167,0.0638
CVE-2026-28865,0.00764,0.53668
CVE-2026-28866,0.00232,0.14212
CVE-2026-28867,0.00224,0.13158
CVE-2026-28868,0.00189,0.08747
CVE-2026-28870,0.0016,0.0561
CVE-2026-28871,0.00276,0.20118
CVE-2026-28872,0.00461,0.38977
CVE-2026-28873,0.00308,0.23593
CVE-2026-28874,0.00445,0.37839
CVE-2026-28875,0.00484,0.40576
CVE-2026-28876,0.00468,0.39468
CVE-2026-28877,0.00166,0.0627
CVE-2026-28878,0.00865,0.56853
CVE-2026-28879,0.0045,0.38254
CVE-2026-28880,0.00781,0.54188
CVE-2026-28881,0.00177,0.07477
CVE-2026-28882,0.00195,0.09455
CVE-2026-28883,0.00399,0.3372
CVE-2026-28886,0.00653,0.49599
CVE-2026-28888,0.00151,0.04615
CVE-2026-28889,0.00112,0.01529
CVE-2026-28890,0.00103,0.0109
CVE-2026-28891,0.00144,0.04081
CVE-2026-28892,0.00173,0.07044
CVE-2026-28893,0.00122,0.02238
CVE-2026-28894,0.00665,0.50078
CVE-2026-28895,0.00187,0.08528
CVE-2026-28896,0.00193,0.09219
CVE-2026-28897,0.00166,0.06194
CVE-2026-28898,0.0031,0.23887
CVE-2026-28899,0.00207,0.11089
CVE-2026-28900,0.00166,0.06198
CVE-2026-28901,0.00389,0.32671
CVE-2026-28902,0.00389,0.32671
CVE-2026-28903,0.00389,0.32671
CVE-2026-28904,0.00411,0.34783
CVE-2026-28905,0.00411,0.34783
CVE-2026-28906,0.0043,0.3655
CVE-2026-28907,0.00304,0.23128
CVE-2026-28908,0.00483,0.4053
CVE-2026-28909,0.00199,0.09952
CVE-2026-28910,0.00119,0.01987
CVE-2026-28911,0.00418,0.35572
CVE-2026-28912,0.00182,0.08008
CVE-2026-28913,0.00326,0.25697
CVE-2026-28914,0.00198,0.09834
CVE-2026-28915,0.00178,0.07595
CVE-2026-28917,0.00296,0.22256
CVE-2026-28918,0.00487,0.40741
CVE-2026-28919,0.00149,0.04438
CVE-2026-28920,0.00323,0.25401
CVE-2026-28922,0.00322,0.25201
CVE-2026-28923,0.00154,0.0497
CVE-2026-28924,0.00306,0.23366
CVE-2026-28925,0.00438,0.37257
CVE-2026-28926,0.00137,0.03494
CVE-2026-28928,0.00581,0.46228
CVE-2026-28929,0.0041,0.34714
CVE-2026-28930,0.00291,0.21693
CVE-2026-28931,0.00438,0.37267
CVE-2026-28932,0.00189,0.08752
CVE-2026-28933,0.00148,0.04413
CVE-2026-28934,0.00338,0.27132
CVE-2026-28935,0.00175,0.07199
CVE-2026-28936,0.00556,0.44965
CVE-2026-28937,0.00104,0.01149
CVE-2026-28938,0.00145,0.04185
CVE-2026-28940,0.00597,0.46985
CVE-2026-28941,0.00458,0.38761
CVE-2026-28942,0.00462,0.39054
CVE-2026-28943,0.0044,0.37393
CVE-2026-28944,0.00397,0.33544
CVE-2026-28945,0.00182,0.08064
CVE-2026-28946,0.00393,0.33049
CVE-2026-28947,0.00378,0.31485
CVE-2026-28950,0.0288,0.86151
CVE-2026-28951,0.00132,0.03121
CVE-2026-28952,0.00623,0.48232
CVE-2026-28953,0.00411,0.34783
CVE-2026-28954,0.00387,0.32443
CVE-2026-28955,0.00693,0.51189
CVE-2026-28956,0.00453,0.3848
CVE-2026-28957,0.00123,0.02427
CVE-2026-28958,0.0014,0.03708
CVE-2026-28959,0.00605,0.47351
CVE-2026-28960,0.00397,0.33455
CVE-2026-28961,0.00236,0.14789
CVE-2026-28962,0.00397,0.33544
CVE-2026-28963,0.00159,0.05433
CVE-2026-28964,0.00325,0.25585
CVE-2026-28965,0.00284,0.20989
CVE-2026-28966,0.00203,0.10485
CVE-2026-28967,0.0032,0.24944
CVE-2026-28968,0.00208,0.11147
CVE-2026-28969,0.0053,0.43512
CVE-2026-28971,0.00296,0.22338
CVE-2026-28972,0.01385,0.70825
CVE-2026-28973,0.0019,0.08838
CVE-2026-28974,0.00407,0.34512
CVE-2026-28976,0.00302,0.22934
CVE-2026-28977,0.00157,0.05292
CVE-2026-28978,0.00138,0.03577
CVE-2026-28979,0.003,0.22645
CVE-2026-28981,0.00241,0.15414
CVE-2026-28982,0.0049,0.40975
CVE-2026-28983,0.00808,0.55088
CVE-2026-28984,0.00224,0.13183
CVE-2026-28985,0.00159,0.05458
CVE-2026-28986,0.00413,0.35057
CVE-2026-28987,0.0044,0.37393
CVE-2026-28988,0.00129,0.02904
CVE-2026-28990,0.00348,0.28283
CVE-2026-28991,0.00378,0.31453
CVE-2026-28992,0.00143,0.03972
CVE-2026-28993,0.00121,0.02154
CVE-2026-28994,0.00242,0.15534
CVE-2026-28995,0.00123,0.02416
CVE-2026-28996,0.00108,0.01331
CVE-2026-29000,0.05856,0.9281
CVE-2026-29002,0.00427,0.36298
CVE-2026-29004,0.00375,0.31219
CVE-2026-29007,0.00669,0.50234
CVE-2026-29008,0.00706,0.51669
CVE-2026-29009,0.0074,0.52852
CVE-2026-29013,0.00296,0.2234
CVE-2026-29014,0.3949,0.98536
CVE-2026-29022,0.00207,0.10991
CVE-2026-29023,0.00243,0.1561
CVE-2026-29035,0.00467,0.39371
CVE-2026-29036,0.00258,0.17694
CVE-2026-29038,0.00282,0.20811
CVE-2026-29039,0.00484,0.4055
CVE-2026-29041,0.00729,0.52477
CVE-2026-29042,0.02329,0.82668
CVE-2026-29043,0.00213,0.11781
CVE-2026-29044,0.00288,0.21352
CVE-2026-29045,0.00501,0.41694
CVE-2026-29046,0.00387,0.32416
CVE-2026-29047,0.00388,0.32584
CVE-2026-29048,0.00193,0.09205
CVE-2026-29049,0.00223,0.13068
CVE-2026-29050,0.0014,0.03702
CVE-2026-29051,0.00172,0.06909
CVE-2026-29052,0.00155,0.0498
CVE-2026-29053,0.03579,0.888
CVE-2026-29054,0.00467,0.3938
CVE-2026-29055,0.00306,0.23369
CVE-2026-29056,0.00371,0.30772
CVE-2026-29057,0.00427,0.36364
CVE-2026-29058,0.02132,0.81059
CVE-2026-29059,0.02945,0.86457
CVE-2026-29060,0.00137,0.03452
CVE-2026-29061,0.00116,0.01836
CVE-2026-29062,0.00552,0.44725
CVE-2026-29063,0.00978,0.60433
CVE-2026-29064,0.0022,0.12703
CVE-2026-29065,0.00527,0.43317
CVE-2026-29066,0.01025,0.61845
CVE-2026-29067,0.00322,0.25252
CVE-2026-29068,0.00314,0.24335
CVE-2026-29069,0.00273,0.19777
CVE-2026-29070,0.00252,0.16764
CVE-2026-29071,0.00253,0.16958
CVE-2026-29072,0.00231,0.1412
CVE-2026-29073,0.00323,0.25315
CVE-2026-29074,0.00612,0.47685
CVE-2026-29075,0.0037,0.30614
CVE-2026-29076,0.00602,0.4721
CVE-2026-29077,0.00193,0.09158
CVE-2026-29078,0.00269,0.19102
CVE-2026-29079,0.00263,0.18289
CVE-2026-29080,0.00281,0.20656
CVE-2026-29081,0.00273,0.19755
CVE-2026-29082,0.00232,0.14233
CVE-2026-29084,0.00076,0.00126
CVE-2026-29085,0.0024,0.15265
CVE-2026-29086,0.00216,0.12167
CVE-2026-29087,0.00327,0.25771
CVE-2026-29089,0.00136,0.03425
CVE-2026-29090,0.00301,0.22797
CVE-2026-29091,0.00776,0.5405
CVE-2026-29092,0.00237,0.14915
CVE-2026-29093,0.0049,0.40948
CVE-2026-29096,0.00316,0.24509
CVE-2026-29097,0.00296,0.22277
CVE-2026-29098,0.00329,0.26013
CVE-2026-29099,0.00259,0.17754
CVE-2026-29100,0.00164,0.06025
CVE-2026-29101,0.00452,0.38346
CVE-2026-29102,0.0049,0.40978
CVE-2026-29103,0.00497,0.41384
CVE-2026-29104,0.0023,0.14009
CVE-2026-29105,0.00211,0.11533
CVE-2026-29106,0.00149,0.04499
CVE-2026-29107,0.00169,0.06576
CVE-2026-29108,0.00306,0.23328
CVE-2026-29109,0.00469,0.39518
CVE-2026-29110,0.00122,0.02242
CVE-2026-29111,0.00121,0.02215
CVE-2026-29112,0.00346,0.28001
CVE-2026-29113,0.00174,0.07174
CVE-2026-29114,0.0019,0.08824
CVE-2026-29115,0.00362,0.29754
CVE-2026-29116,0.00395,0.33284
CVE-2026-29119,0.00486,0.40728
CVE-2026-29120,0.00142,0.03883
CVE-2026-29121,0.00148,0.04398
CVE-2026-29122,0.00139,0.03661
CVE-2026-29123,0.00127,0.02746
CVE-2026-29124,0.00119,0.02018
CVE-2026-29125,0.00106,0.01241
CVE-2026-29126,0.00142,0.03854
CVE-2026-29127,0.00169,0.06581
CVE-2026-29128,0.00277,0.20171
CVE-2026-29129,0.00259,0.17717
CVE-2026-29131,0.00226,0.13383
CVE-2026-29132,0.00251,0.16764
CVE-2026-29133,0.00232,0.14208
CVE-2026-29134,0.00225,0.13357
CVE-2026-29135,0.00252,0.1685
CVE-2026-29136,0.001,0.00974
CVE-2026-29137,0.00189,0.08821
CVE-2026-29138,0.00217,0.12327
CVE-2026-29139,0.00274,0.19845
CVE-2026-29140,0.0012,0.02113
CVE-2026-29141,0.00212,0.11647
CVE-2026-29142,0.00126,0.02617
CVE-2026-29143,0.0025,0.16548
CVE-2026-29144,0.00212,0.11647
CVE-2026-29145,0.00715,0.51999
CVE-2026-29146,0.0885,0.94931
CVE-2026-29167,0.00688,0.51013
CVE-2026-29168,0.00628,0.48466
CVE-2026-29169,0.00594,0.46806
CVE-2026-29170,0.00523,0.43085
CVE-2026-29172,0.00421,0.35833
CVE-2026-29173,0.00318,0.24732
CVE-2026-29174,0.00436,0.37152
CVE-2026-29175,0.00204,0.10561
CVE-2026-29176,0.00234,0.14436
CVE-2026-29177,0.00211,0.11567
CVE-2026-29178,0.00272,0.19643
CVE-2026-29179,0.00144,0.04032
CVE-2026-29180,0.00315,0.24464
CVE-2026-29181,0.0079,0.5449
CVE-2026-29182,0.0038,0.31663
CVE-2026-29183,0.00625,0.48334
CVE-2026-29184,0.00262,0.18127
CVE-2026-29185,0.00348,0.28296
CVE-2026-29186,0.00782,0.54235
CVE-2026-29187,0.00473,0.39796
CVE-2026-29188,0.00487,0.40774
CVE-2026-29189,0.00321,0.25141
CVE-2026-29190,0.00373,0.30959
CVE-2026-29191,0.00402,0.34011
CVE-2026-29192,0.00318,0.24788
CVE-2026-29193,0.00312,0.24145
CVE-2026-29194,0.00366,0.30219
CVE-2026-29195,0.0023,0.1401
CVE-2026-29196,0.00252,0.16865
CVE-2026-29197,0.00182,0.08028
CVE-2026-29198,0.00416,0.35359
CVE-2026-29199,0.00249,0.16474
CVE-2026-29200,0.00297,0.22395
CVE-2026-29201,0.00435,0.37062
CVE-2026-29202,0.01855,0.781
CVE-2026-29203,0.00493,0.41174
CVE-2026-29204,0.00319,0.24843
CVE-2026-29205,0.08151,0.94555
CVE-2026-29206,0.00312,0.24133
CVE-2026-29207,0.00541,0.44156
CVE-2026-29220,0.00684,0.50845
CVE-2026-29226,0.00473,0.39808
CVE-2026-29509,0.00371,0.308
CVE-2026-29510,0.00138,0.03569
CVE-2026-29513,0.00138,0.03571
CVE-2026-29514,0.00782,0.54221
CVE-2026-29515,0.00481,0.40385
CVE-2026-29516,0.00513,0.42458
CVE-2026-29518,0.00152,0.0472
CVE-2026-29519,0.00472,0.39715
CVE-2026-29520,0.00155,0.04981
CVE-2026-29521,0.0011,0.01456
CVE-2026-29522,0.00965,0.59955
CVE-2026-29597,0.00299,0.22582
CVE-2026-29598,0.0016,0.05547
CVE-2026-29606,0.0029,0.21665
CVE-2026-29607,0.00431,0.36656
CVE-2026-29608,0.0013,0.03012
CVE-2026-29609,0.00426,0.36265
CVE-2026-29610,0.00465,0.39209
CVE-2026-29611,0.00292,0.21795
CVE-2026-29612,0.00274,0.1988
CVE-2026-29613,0.00408,0.34542
CVE-2026-29628,0.00173,0.06975
CVE-2026-29642,0.00112,0.01526
CVE-2026-29643,0.00164,0.06044
CVE-2026-29644,0.00102,0.01028
CVE-2026-29645,0.00543,0.44262
CVE-2026-29646,0.00365,0.3011
CVE-2026-29647,0.00231,0.14046
CVE-2026-29648,0.00319,0.24834
CVE-2026-29649,0.00448,0.38104
CVE-2026-29771,0.00331,0.26298
CVE-2026-29772,0.0037,0.30694
CVE-2026-29773,0.00185,0.08315
CVE-2026-29774,0.00323,0.2531
CVE-2026-29775,0.00309,0.23667
CVE-2026-29776,0.00175,0.07203
CVE-2026-29777,0.00277,0.20185
CVE-2026-29778,0.00517,0.42739
CVE-2026-29779,0.00286,0.21168
CVE-2026-29780,0.00237,0.14876
CVE-2026-29781,0.00504,0.41884
CVE-2026-29782,0.0057,0.45695
CVE-2026-29783,0.00363,0.29866
CVE-2026-29784,0.00157,0.05301
CVE-2026-29785,0.00658,0.49812
CVE-2026-29786,0.00439,0.37337
CVE-2026-29787,0.00369,0.30574
CVE-2026-29788,0.00262,0.1819
CVE-2026-29789,0.00367,0.30281
CVE-2026-29790,0.00262,0.18118
CVE-2026-29791,0.00144,0.04081
CVE-2026-29792,0.00519,0.4283
CVE-2026-29793,0.00461,0.3896
CVE-2026-29794,0.00328,0.25964
CVE-2026-29795,0.00193,0.09189
CVE-2026-29796,0.00468,0.39441
CVE-2026-29810,0.00301,0.22834
CVE-2026-29811,0.00254,0.17184
CVE-2026-29812,0.00216,0.12147
CVE-2026-29828,0.00155,0.0498
CVE-2026-29839,0.00138,0.03556
CVE-2026-29840,0.00165,0.06078
CVE-2026-29856,0.00337,0.26943
CVE-2026-29858,0.00307,0.23485
CVE-2026-29859,0.0051,0.42256
CVE-2026-29861,0.00319,0.2483
CVE-2026-29870,0.00578,0.46046
CVE-2026-29871,0.00558,0.45045
CVE-2026-29872,0.00253,0.17026
CVE-2026-29905,0.00445,0.3787
CVE-2026-29909,0.00434,0.36958
CVE-2026-29923,0.00135,0.03341
CVE-2026-29924,0.00339,0.27196
CVE-2026-29925,0.00315,0.24417
CVE-2026-29933,0.00194,0.09382
CVE-2026-29934,0.00203,0.10413
CVE-2026-29953,0.00192,0.09087
CVE-2026-29954,0.00268,0.19077
CVE-2026-29955,0.02183,0.81474
CVE-2026-29962,0.01163,0.65645
CVE-2026-29963,0.02082,0.80577
CVE-2026-29964,0.00244,0.15767
CVE-2026-29965,0.00195,0.09416
CVE-2026-29969,0.00249,0.16399
CVE-2026-29971,0.00299,0.2256
CVE-2026-29972,0.00639,0.48926
CVE-2026-29974,0.00307,0.23525
CVE-2026-29975,0.00417,0.35476
CVE-2026-29976,0.00174,0.0713
CVE-2026-29988,0.0015,0.04564
CVE-2026-2000,0.17779,0.97009
CVE-2026-2001,0.00384,0.32109
CVE-2026-2002,0.00173,0.06948
CVE-2026-2003,0.00292,0.21791
CVE-2026-2004,0.01228,0.67357
CVE-2026-2005,0.01323,0.69474
CVE-2026-2006,0.01121,0.6454
CVE-2026-2007,0.00499,0.4156
CVE-2026-2008,0.00398,0.33579
CVE-2026-2009,0.00264,0.18496
CVE-2026-2010,0.00337,0.27037
CVE-2026-2011,0.00339,0.272
CVE-2026-2012,0.00339,0.27201
CVE-2026-2013,0.00432,0.36822
CVE-2026-2014,0.00432,0.36823
CVE-2026-2015,0.00307,0.23465
CVE-2026-2016,0.00269,0.19163
CVE-2026-2017,0.04498,0.90999
CVE-2026-2018,0.00339,0.272
CVE-2026-2019,0.00481,0.40366
CVE-2026-2020,0.00418,0.35512
CVE-2026-2021,0.00199,0.09956
CVE-2026-2022,0.00262,0.1816
CVE-2026-2023,0.00156,0.05194
CVE-2026-2024,0.00506,0.41979
CVE-2026-2025,0.01379,0.70705
CVE-2026-2026,0.0011,0.01444
CVE-2026-2027,0.0021,0.11441
CVE-2026-2028,0.00318,0.24778
CVE-2026-2029,0.00191,0.08965
CVE-2026-2030,0.00235,0.14616
CVE-2026-2031,0.00531,0.43594
CVE-2026-2032,0.00155,0.05085
CVE-2026-2033,0.01661,0.75489
CVE-2026-2034,0.00319,0.24833
CVE-2026-2035,0.01535,0.73546
CVE-2026-2036,0.01075,0.63272
CVE-2026-2037,0.01075,0.63272
CVE-2026-2038,0.0065,0.49483
CVE-2026-2039,0.00673,0.5041
CVE-2026-2040,0.00258,0.17656
CVE-2026-2041,0.73366,0.99437
CVE-2026-2042,0.05517,0.92397
CVE-2026-2043,0.72908,0.99423
CVE-2026-2044,0.00972,0.60228
CVE-2026-2045,0.04642,0.91251
CVE-2026-2047,0.0062,0.48074
CVE-2026-2048,0.00622,0.48188
CVE-2026-2049,0.00615,0.47833
CVE-2026-2050,0.00614,0.47801
CVE-2026-2052,0.00774,0.53993
CVE-2026-2053,0.00394,0.33196
CVE-2026-2054,0.00943,0.59278
CVE-2026-2055,0.00943,0.59279
CVE-2026-2056,0.00943,0.59278
CVE-2026-2057,0.00339,0.27202
CVE-2026-2058,0.00486,0.40717
CVE-2026-2059,0.00432,0.36822
CVE-2026-2060,0.00339,0.27202
CVE-2026-2061,0.04461,0.90941
CVE-2026-2062,0.00677,0.50585
CVE-2026-2063,0.04583,0.91156
CVE-2026-2064,0.00225,0.13351
CVE-2026-2065,0.00576,0.45985
CVE-2026-2066,0.00675,0.50487
CVE-2026-2067,0.0087,0.57013
CVE-2026-2068,0.00699,0.51417
CVE-2026-2069,0.00129,0.02963
CVE-2026-2070,0.00675,0.50487
CVE-2026-2071,0.00675,0.50488
CVE-2026-2072,0.00161,0.05683
CVE-2026-2073,0.00336,0.2686
CVE-2026-2074,0.00277,0.20181
CVE-2026-2075,0.00321,0.2508
CVE-2026-2076,0.00272,0.19647
CVE-2026-2077,0.00272,0.19646
CVE-2026-2078,0.00272,0.19647
CVE-2026-2079,0.00272,0.19647
CVE-2026-2080,0.09723,0.95264
CVE-2026-2081,0.05508,0.92388
CVE-2026-2082,0.05099,0.91929
CVE-2026-2083,0.00336,0.26859
CVE-2026-2084,0.04004,0.9002
CVE-2026-2085,0.04519,0.91034
CVE-2026-2086,0.0063,0.48533
CVE-2026-2087,0.00325,0.25549
CVE-2026-2088,0.00396,0.33395
CVE-2026-2089,0.00325,0.25548
CVE-2026-2090,0.00325,0.25548
CVE-2026-2092,0.00307,0.23435
CVE-2026-2093,0.0048,0.40317
CVE-2026-2094,0.00332,0.26343
CVE-2026-2095,0.00526,0.43301
CVE-2026-2096,0.0054,0.44064
CVE-2026-2097,0.00454,0.38529
CVE-2026-2098,0.00209,0.11216
CVE-2026-2099,0.00171,0.06808
CVE-2026-2100,0.0116,0.65522
CVE-2026-2101,0.00255,0.17328
CVE-2026-2103,0.00099,0.00895
CVE-2026-2104,0.00308,0.23581
CVE-2026-2105,0.00287,0.21287
CVE-2026-2106,0.00338,0.27144
CVE-2026-2107,0.00338,0.27145
CVE-2026-2108,0.0072,0.52199
CVE-2026-2109,0.00401,0.33939
CVE-2026-2110,0.00708,0.51763
CVE-2026-2111,0.00537,0.43927
CVE-2026-2112,0.00165,0.06144
CVE-2026-2113,0.02034,0.80093
CVE-2026-2114,0.00396,0.33393
CVE-2026-2115,0.00336,0.2686
CVE-2026-2116,0.00396,0.33393
CVE-2026-2117,0.00336,0.26858
CVE-2026-2118,0.04402,0.90821
CVE-2026-2120,0.04067,0.90153
CVE-2026-2121,0.00203,0.10469
CVE-2026-2122,0.00277,0.20236
CVE-2026-2123,0.00101,0.00993
CVE-2026-2126,0.00345,0.27885
CVE-2026-2127,0.00284,0.20944
CVE-2026-2128,0.00273,0.19793
CVE-2026-2129,0.04483,0.9097
CVE-2026-2130,0.01786,0.77197
CVE-2026-2131,0.15607,0.96654
CVE-2026-2132,0.00336,0.26858
CVE-2026-2133,0.00434,0.36931
CVE-2026-2134,0.00318,0.24805
CVE-2026-2135,0.04395,0.90813
CVE-2026-2136,0.00339,0.27201
CVE-2026-2137,0.00762,0.53596
CVE-2026-2138,0.00762,0.53596
CVE-2026-2139,0.00646,0.49283
CVE-2026-2140,0.00762,0.53597
CVE-2026-2141,0.00377,0.31317
CVE-2026-2142,0.05904,0.92849
CVE-2026-2143,0.04483,0.9097
CVE-2026-2144,0.00484,0.40557
CVE-2026-2145,0.00275,0.19941
CVE-2026-2146,0.0031,0.23784
CVE-2026-2147,0.00541,0.44143
CVE-2026-2148,0.00565,0.45442
CVE-2026-2149,0.00366,0.30172
CVE-2026-2150,0.00366,0.30171
CVE-2026-2151,0.04595,0.91176
CVE-2026-2152,0.0472,0.91367
CVE-2026-2153,0.00294,0.22028
CVE-2026-2154,0.0031,0.23824
CVE-2026-2155,0.03965,0.89928
CVE-2026-2156,0.00205,0.10756
CVE-2026-2157,0.04067,0.90153
CVE-2026-2158,0.00385,0.32238
CVE-2026-2159,0.00366,0.30172
CVE-2026-2160,0.00272,0.1969
CVE-2026-2161,0.00399,0.33767
CVE-2026-2162,0.0033,0.26156
CVE-2026-2163,0.05898,0.92845
CVE-2026-2164,0.00469,0.39516
CVE-2026-2165,0.00592,0.46747
CVE-2026-2166,0.00432,0.36821
CVE-2026-2167,0.02356,0.8288
CVE-2026-2168,0.03377,0.8816
CVE-2026-2169,0.02977,0.86584
CVE-2026-2171,0.00407,0.3446
CVE-2026-2172,0.00407,0.3446
CVE-2026-2173,0.00325,0.25548
CVE-2026-2174,0.00584,0.46385
CVE-2026-2175,0.03915,0.89776
CVE-2026-2176,0.00253,0.16905
CVE-2026-2177,0.00321,0.25104
CVE-2026-2178,0.03371,0.88137
CVE-2026-2179,0.0032,0.24959
CVE-2026-2180,0.00573,0.45826
CVE-2026-2181,0.00593,0.46786
CVE-2026-2182,0.08674,0.94846
CVE-2026-2183,0.00243,0.15606
CVE-2026-2184,0.10275,0.95448
CVE-2026-2185,0.007,0.51456
CVE-2026-2186,0.00849,0.56333
CVE-2026-2187,0.00849,0.56333
CVE-2026-2188,0.06658,0.93535
CVE-2026-2189,0.00396,0.33394
CVE-2026-2190,0.00396,0.33394
CVE-2026-2191,0.00688,0.5101
CVE-2026-2192,0.00688,0.5101
CVE-2026-2193,0.03462,0.88441
CVE-2026-2194,0.03926,0.89824
CVE-2026-2195,0.00336,0.26861
CVE-2026-2196,0.00396,0.33394
CVE-2026-2197,0.00336,0.2686
CVE-2026-2198,0.00396,0.33394
CVE-2026-2199,0.00336,0.26859
CVE-2026-2200,0.00232,0.14174
CVE-2026-2201,0.00221,0.12812
CVE-2026-2202,0.00646,0.49283
CVE-2026-2203,0.00646,0.49284
CVE-2026-2205,0.00244,0.15803
CVE-2026-2206,0.00248,0.16289
CVE-2026-2207,0.00356,0.29133
CVE-2026-2208,0.00253,0.16985
CVE-2026-2209,0.00196,0.09512
CVE-2026-2210,0.0397,0.8994
CVE-2026-2211,0.00336,0.2686
CVE-2026-2212,0.00336,0.26861
CVE-2026-2213,0.00294,0.22085
CVE-2026-2214,0.00203,0.10526
CVE-2026-2215,0.00279,0.20423
CVE-2026-2216,0.00303,0.23047
CVE-2026-2217,0.00336,0.26859
CVE-2026-2218,0.03943,0.89872
CVE-2026-2219,0.00418,0.35536
CVE-2026-2220,0.00354,0.29006
CVE-2026-2221,0.00354,0.29006
CVE-2026-2222,0.00213,0.11736
CVE-2026-2223,0.00452,0.38405
CVE-2026-2224,0.002,0.10128
CVE-2026-2225,0.00432,0.36822
CVE-2026-2226,0.00379,0.31559
CVE-2026-2227,0.06102,0.93058
CVE-2026-2229,0.00874,0.57159
CVE-2026-2230,0.0019,0.08828
CVE-2026-2231,0.00302,0.22896
CVE-2026-2232,0.00337,0.2702
CVE-2026-2233,0.00193,0.09159
CVE-2026-2234,0.00466,0.39298
CVE-2026-2235,0.00283,0.20892
CVE-2026-2236,0.00426,0.36262
CVE-2026-2237,0.00092,0.00584
CVE-2026-2238,0.00472,0.39704
CVE-2026-2239,0.00485,0.40613
CVE-2026-2240,0.00164,0.05948
CVE-2026-2241,0.00176,0.07322
CVE-2026-2242,0.00164,0.05948
CVE-2026-2243,0.00114,0.01668
CVE-2026-2244,0.00247,0.16143
CVE-2026-2245,0.00131,0.03104
CVE-2026-2246,0.00159,0.05443
CVE-2026-2247,0.00257,0.17589
CVE-2026-2248,0.00534,0.43755
CVE-2026-2249,0.00534,0.43754
CVE-2026-2250,0.00373,0.30946
CVE-2026-2251,0.0039,0.32703
CVE-2026-2252,0.00265,0.18553
CVE-2026-2253,0.00201,0.10156
CVE-2026-2254,0.00154,0.04872
CVE-2026-2255,0.00165,0.06128
CVE-2026-2256,0.01611,0.74706
CVE-2026-2257,0.00228,0.1368
CVE-2026-2258,0.00192,0.09123
CVE-2026-2259,0.00224,0.13101
CVE-2026-2260,0.05181,0.9203
CVE-2026-2261,0.00359,0.29509
CVE-2026-2262,0.0239,0.83114
CVE-2026-2263,0.00375,0.31129
CVE-2026-2264,0.0036,0.29535
CVE-2026-2265,0.00368,0.30444
CVE-2026-2266,0.00176,0.07344
CVE-2026-2268,0.00344,0.2775
CVE-2026-2269,0.00655,0.49672
CVE-2026-2271,0.00494,0.41226
CVE-2026-2272,0.00838,0.5601
CVE-2026-2273,0.00227,0.13538
CVE-2026-2274,0.00252,0.16859
CVE-2026-2275,0.00442,0.3763
CVE-2026-2276,0.00418,0.35523
CVE-2026-2277,0.00265,0.18557
CVE-2026-2279,0.00354,0.28955
CVE-2026-2280,0.0023,0.14005
CVE-2026-2281,0.00244,0.15825
CVE-2026-2282,0.00237,0.14929
CVE-2026-2283,0.00288,0.21402
CVE-2026-2284,0.00211,0.11607
CVE-2026-2285,0.00605,0.47358
CVE-2026-2286,0.00467,0.39404
CVE-2026-2287,0.00733,0.52654
CVE-2026-2288,0.0023,0.14006
CVE-2026-2289,0.00254,0.17154
CVE-2026-2290,0.00259,0.1783
CVE-2026-2291,0.00611,0.47619
CVE-2026-2292,0.00249,0.16473
CVE-2026-2293,0.00666,0.50103
CVE-2026-2294,0.00192,0.09117
CVE-2026-2295,0.00337,0.2704
CVE-2026-2296,0.00597,0.46997
CVE-2026-2297,0.00212,0.11643
CVE-2026-2298,0.00413,0.35003
CVE-2026-2299,0.0012,0.02099
CVE-2026-2300,0.00193,0.09233
CVE-2026-2301,0.00211,0.11605
CVE-2026-2302,0.00203,0.105
CVE-2026-2303,0.00232,0.14206
CVE-2026-2305,0.002,0.10023
CVE-2026-2306,0.00248,0.16251
CVE-2026-2310,0.00265,0.18522
CVE-2026-2311,0.00198,0.09817
CVE-2026-2312,0.00217,0.12326
CVE-2026-2313,0.04253,0.90546
CVE-2026-2314,0.04362,0.90752
CVE-2026-2315,0.08586,0.94797
CVE-2026-2316,0.00234,0.14462
CVE-2026-2317,0.00207,0.10981
CVE-2026-2318,0.00234,0.14462
CVE-2026-2319,0.00211,0.11617
CVE-2026-2320,0.00218,0.12417
CVE-2026-2321,0.00252,0.16878
CVE-2026-2322,0.00233,0.14368
CVE-2026-2323,0.00232,0.14249
CVE-2026-2324,0.00095,0.00762
CVE-2026-2325,0.0024,0.15267
CVE-2026-2327,0.00676,0.50516
CVE-2026-2328,0.00309,0.23702
CVE-2026-2329,0.40014,0.98555
CVE-2026-2330,0.00665,0.50081
CVE-2026-2331,0.00886,0.57471
CVE-2026-2332,0.01305,0.69087
CVE-2026-2333,0.01025,0.61868
CVE-2026-2334,0.00524,0.43164
CVE-2026-2336,0.00232,0.14255
CVE-2026-2337,0.00354,0.28991
CVE-2026-2339,0.0081,0.55147
CVE-2026-2340,0.00939,0.59166
CVE-2026-2342,0.00391,0.32813
CVE-2026-2343,0.00197,0.09738
CVE-2026-2344,0.00243,0.15673
CVE-2026-2345,0.00067,0.00027
CVE-2026-2346,0.00285,0.2106
CVE-2026-2347,0.00426,0.36255
CVE-2026-2348,0.00136,0.03399
CVE-2026-2349,0.00149,0.04444
CVE-2026-2350,0.00306,0.23328
CVE-2026-2351,0.00252,0.16883
CVE-2026-2352,0.0025,0.16554
CVE-2026-2354,0.00999,0.61051
CVE-2026-2355,0.00276,0.20072
CVE-2026-2356,0.00187,0.08555
CVE-2026-2357,0.00181,0.07966
CVE-2026-2358,0.0021,0.11456
CVE-2026-2359,0.00663,0.50009
CVE-2026-2360,0.00429,0.36515
CVE-2026-2361,0.00288,0.21432
CVE-2026-2362,0.00205,0.10749
CVE-2026-2363,0.00254,0.17087
CVE-2026-2364,0.00084,0.00325
CVE-2026-2365,0.00263,0.1828
CVE-2026-2366,0.00268,0.1909
CVE-2026-2367,0.00193,0.09235
CVE-2026-2368,0.00129,0.02898
CVE-2026-2369,0.0042,0.35712
CVE-2026-2370,0.00432,0.36784
CVE-2026-2371,0.00305,0.23263
CVE-2026-2373,0.00201,0.10144
CVE-2026-2374,0.00346,0.28006
CVE-2026-2375,0.0028,0.20593
CVE-2026-2376,0.00156,0.0519
CVE-2026-2377,0.00405,0.34299
CVE-2026-2378,0.00173,0.06998
CVE-2026-2379,0.00226,0.13445
CVE-2026-2380,0.00249,0.16424
CVE-2026-2381,0.00396,0.33403
CVE-2026-2382,0.00192,0.0905
CVE-2026-2383,0.00197,0.0971
CVE-2026-2384,0.00227,0.13595
CVE-2026-2385,0.00148,0.04375
CVE-2026-2386,0.00167,0.06343
CVE-2026-2387,0.00261,0.18017
CVE-2026-2388,0.00235,0.14572
CVE-2026-2389,0.00222,0.12832
CVE-2026-2390,0.00193,0.09234
CVE-2026-2391,0.00496,0.41357
CVE-2026-2393,0.00288,0.21362
CVE-2026-2394,0.00158,0.05342
CVE-2026-2395,0.00468,0.39457
CVE-2026-2396,0.00221,0.12764
CVE-2026-2397,0.00476,0.40044
CVE-2026-2398,0.00451,0.38281
CVE-2026-2399,0.00204,0.10645
CVE-2026-2400,0.0023,0.13944
CVE-2026-2401,0.00103,0.01095
CVE-2026-2402,0.00274,0.19831
CVE-2026-2403,0.0017,0.06666
CVE-2026-2404,0.00186,0.08427
CVE-2026-2405,0.00245,0.15931
CVE-2026-2406,0.00361,0.29701
CVE-2026-2408,0.00122,0.02236
CVE-2026-2409,0.00211,0.11587
CVE-2026-2410,0.00131,0.03048
CVE-2026-2411,0.00186,0.08422
CVE-2026-2412,0.00318,0.24729
CVE-2026-2413,0.02331,0.82685
CVE-2026-2414,0.00291,0.21746
CVE-2026-2415,0.00253,0.16952
CVE-2026-2416,0.01392,0.70961
CVE-2026-2417,0.00573,0.45834
CVE-2026-2418,0.00315,0.24438
CVE-2026-2419,0.00718,0.52124
CVE-2026-2420,0.00193,0.0917
CVE-2026-2421,0.00497,0.41389
CVE-2026-2424,0.00245,0.15955
CVE-2026-2425,0.00208,0.11178
CVE-2026-2426,0.01252,0.67924
CVE-2026-2427,0.00256,0.17484
CVE-2026-2428,0.00139,0.03652
CVE-2026-2429,0.00325,0.25586
CVE-2026-2430,0.00198,0.09853
CVE-2026-2431,0.00223,0.13093
CVE-2026-2432,0.00244,0.15825
CVE-2026-2433,0.00209,0.11294
CVE-2026-2434,0.00235,0.14608
CVE-2026-2435,0.00241,0.15386
CVE-2026-2436,0.00447,0.38035
CVE-2026-2437,0.00159,0.05479
CVE-2026-2439,0.00419,0.35608
CVE-2026-2440,0.00282,0.20738
CVE-2026-2441,0.22378,0.97569
CVE-2026-2442,0.00297,0.22366
CVE-2026-2443,0.00447,0.37966
CVE-2026-2445,0.00253,0.16941
CVE-2026-2446,0.00398,0.33608
CVE-2026-2447,0.00623,0.48245
CVE-2026-2448,0.00888,0.57542
CVE-2026-2449,0.00329,0.25986
CVE-2026-2450,0.00271,0.19599
CVE-2026-2451,0.00268,0.19005
CVE-2026-2452,0.00268,0.19005
CVE-2026-2454,0.00274,0.19903
CVE-2026-2455,0.00165,0.0613
CVE-2026-2456,0.00165,0.06118
CVE-2026-2457,0.00107,0.0128
CVE-2026-2458,0.00165,0.06129
CVE-2026-2459,0.0033,0.26158
CVE-2026-2460,0.00278,0.20314
CVE-2026-2461,0.00162,0.05823
CVE-2026-2462,0.00328,0.25903
CVE-2026-2463,0.0017,0.06711
CVE-2026-2464,0.00631,0.48589
CVE-2026-2465,0.00228,0.13755
CVE-2026-2466,0.00145,0.04117
CVE-2026-2467,0.00189,0.08727
CVE-2026-2468,0.00364,0.29958
CVE-2026-2469,0.00365,0.30095
CVE-2026-2470,0.00292,0.21879
CVE-2026-2471,0.00384,0.32144
CVE-2026-2472,0.00522,0.43039
CVE-2026-2473,0.00438,0.3725
CVE-2026-2474,0.00306,0.23379
CVE-2026-2475,0.00253,0.16971
CVE-2026-2476,0.0018,0.07738
CVE-2026-2479,0.00234,0.14481
CVE-2026-2480,0.00197,0.09713
CVE-2026-2481,0.00261,0.18036
CVE-2026-2482,0.00098,0.00875
CVE-2026-2483,0.00208,0.11166
CVE-2026-2484,0.00284,0.20994
CVE-2026-2485,0.00187,0.08565
CVE-2026-2486,0.00152,0.04683
CVE-2026-2487,0.00203,0.10469
CVE-2026-2488,0.0022,0.12634
CVE-2026-2489,0.00204,0.1055
CVE-2026-2490,0.00319,0.24881
CVE-2026-2491,0.00388,0.32549
CVE-2026-2492,0.00252,0.16835
CVE-2026-2493,0.03929,0.89832
CVE-2026-2494,0.00131,0.03049
CVE-2026-2495,0.00433,0.36851
CVE-2026-2496,0.00243,0.15646
CVE-2026-2497,0.00306,0.23375
CVE-2026-2498,0.00199,0.09959
CVE-2026-2499,0.00193,0.09171
CVE-2026-2500,0.00315,0.24462
CVE-2026-2501,0.00193,0.09233
CVE-2026-2502,0.00265,0.18557
CVE-2026-2503,0.00242,0.15494
CVE-2026-2504,0.00208,0.11212
CVE-2026-2505,0.00246,0.15975
CVE-2026-2506,0.00215,0.12079
CVE-2026-2507,0.00285,0.21122
CVE-2026-2508,0.00399,0.33754
CVE-2026-2509,0.00345,0.27827
CVE-2026-2511,0.00304,0.23153
CVE-2026-2512,0.00198,0.09853
CVE-2026-2513,0.00163,0.05906
CVE-2026-2514,0.00182,0.07972
CVE-2026-2515,0.00378,0.31435
CVE-2026-2516,0.00119,0.02031
CVE-2026-2517,0.00519,0.42841
CVE-2026-2518,0.0023,0.14026
CVE-2026-2519,0.00452,0.38348
CVE-2026-2520,0.00219,0.12474
CVE-2026-2521,0.00705,0.51636
CVE-2026-2522,0.00569,0.45622
CVE-2026-2523,0.0054,0.44072
CVE-2026-2524,0.00635,0.4875
CVE-2026-2525,0.00512,0.42406
CVE-2026-2526,0.08219,0.94593
CVE-2026-2527,0.08477,0.94736
CVE-2026-2528,0.08244,0.94605
CVE-2026-2529,0.08477,0.94736
CVE-2026-2530,0.08219,0.94593
CVE-2026-2531,0.00235,0.14648
CVE-2026-2532,0.00256,0.17404
CVE-2026-2533,0.02864,0.86071
CVE-2026-2534,0.13535,0.96252
CVE-2026-2535,0.14028,0.96363
CVE-2026-2536,0.00305,0.23246
CVE-2026-2537,0.25329,0.97831
CVE-2026-2538,0.00163,0.05946
CVE-2026-2539,0.00163,0.05881
CVE-2026-2540,0.00218,0.12442
CVE-2026-2541,0.00241,0.15364
CVE-2026-2542,0.00163,0.05946
CVE-2026-2543,0.00282,0.2073
CVE-2026-2544,0.0284,0.85969
CVE-2026-2545,0.00217,0.12238
CVE-2026-2546,0.00261,0.17985
CVE-2026-2547,0.00307,0.23497
CVE-2026-2548,0.02004,0.79774
CVE-2026-2549,0.00289,0.21564
CVE-2026-2550,0.00654,0.49648
CVE-2026-2551,0.00471,0.39693
CVE-2026-2552,0.00407,0.34486
CVE-2026-2553,0.002,0.10051
CVE-2026-2554,0.00328,0.25905
CVE-2026-2555,0.00322,0.25199
CVE-2026-2556,0.00325,0.25602
CVE-2026-2557,0.00233,0.14374
CVE-2026-2558,0.00209,0.11297
CVE-2026-2559,0.0022,0.12609
CVE-2026-2560,0.02388,0.83097
CVE-2026-2561,0.00329,0.26075
CVE-2026-2562,0.00329,0.26075
CVE-2026-2563,0.00441,0.3755
CVE-2026-2564,0.00482,0.40423
CVE-2026-2565,0.0078,0.54185
CVE-2026-2566,0.00489,0.40885
CVE-2026-2567,0.00688,0.5101
CVE-2026-2568,0.00235,0.14677
CVE-2026-2569,0.00152,0.04683
CVE-2026-2571,0.00222,0.129
CVE-2026-2573,0.0025,0.16496
CVE-2026-2575,0.00502,0.41747
CVE-2026-2576,0.00432,0.36773
CVE-2026-2577,0.00656,0.49724
CVE-2026-2578,0.00219,0.12565
CVE-2026-2579,0.00304,0.23153
CVE-2026-2580,0.00444,0.37769
CVE-2026-2581,0.00566,0.45495
CVE-2026-2582,0.00424,0.36076
CVE-2026-2583,0.00194,0.09309
CVE-2026-2584,0.00414,0.35183
CVE-2026-2586,0.00842,0.56141
CVE-2026-2587,0.00646,0.49258
CVE-2026-2588,0.00346,0.28001
CVE-2026-2589,0.00239,0.15155
CVE-2026-2590,0.00421,0.35849
CVE-2026-2592,0.00302,0.22873
CVE-2026-2593,0.00197,0.09712
CVE-2026-2594,0.00321,0.25083
CVE-2026-2595,0.00145,0.04184
CVE-2026-2597,0.00295,0.22132
CVE-2026-2599,0.00519,0.42844
CVE-2026-2600,0.00293,0.21907
CVE-2026-2601,0.00243,0.15638
CVE-2026-2602,0.0016,0.05603
CVE-2026-2603,0.00425,0.36144
CVE-2026-2604,0.00189,0.08813
CVE-2026-2605,0.00259,0.17835
CVE-2026-2606,0.00302,0.22915
CVE-2026-2607,0.00131,0.03072
CVE-2026-2608,0.00208,0.11175
CVE-2026-2611,0.00384,0.32065
CVE-2026-2614,0.03608,0.88883
CVE-2026-2615,0.1203,0.95917
CVE-2026-2616,0.01151,0.65302
CVE-2026-2617,0.00567,0.45521
CVE-2026-2618,0.00354,0.28868
CVE-2026-2619,0.00333,0.26467
CVE-2026-2620,0.00264,0.18441
CVE-2026-2621,0.00264,0.18441
CVE-2026-2622,0.00266,0.18597
CVE-2026-2623,0.00656,0.49723
CVE-2026-2624,0.02194,0.81583
CVE-2026-2625,0.00085,0.00337
CVE-2026-2626,0.00156,0.05116
CVE-2026-2627,0.00242,0.15569
CVE-2026-2628,0.00856,0.56586
CVE-2026-2629,0.01934,0.79023
CVE-2026-2630,0.01186,0.66267
CVE-2026-2631,0.0058,0.46138
CVE-2026-2633,0.00327,0.25843
CVE-2026-2634,0.00308,0.23633
CVE-2026-2635,0.00968,0.60129
CVE-2026-2636,0.0041,0.34768
CVE-2026-2637,0.00167,0.06374
CVE-2026-2638,0.00085,0.00365
CVE-2026-2640,0.00114,0.01691
CVE-2026-2641,0.00154,0.04868
CVE-2026-2642,0.00153,0.04801
CVE-2026-2644,0.00221,0.12785
CVE-2026-2645,0.00126,0.02588
CVE-2026-2646,0.00123,0.02383
CVE-2026-2648,0.00481,0.40365
CVE-2026-2649,0.00642,0.49072
CVE-2026-2650,0.00493,0.41155
CVE-2026-2651,0.00345,0.27891
CVE-2026-2652,0.20783,0.97417
CVE-2026-2653,0.00241,0.15377
CVE-2026-2654,0.00379,0.31617
CVE-2026-2655,0.00191,0.0903
CVE-2026-2656,0.00191,0.0903
CVE-2026-2657,0.0025,0.16529
CVE-2026-2658,0.00273,0.19764
CVE-2026-2659,0.00213,0.11758
CVE-2026-2660,0.00209,0.11331
CVE-2026-2661,0.00235,0.14656
CVE-2026-2662,0.00215,0.12105
CVE-2026-2663,0.00233,0.14365
CVE-2026-2664,0.00186,0.08473
CVE-2026-2665,0.00272,0.19639
CVE-2026-2666,0.00362,0.29736
CVE-2026-2667,0.00553,0.44775
CVE-2026-2668,0.00469,0.39515
CVE-2026-2669,0.00532,0.43645
CVE-2026-2670,0.12322,0.95981
CVE-2026-2671,0.00201,0.10183
CVE-2026-2672,0.00583,0.46328
CVE-2026-2673,0.00435,0.37041
CVE-2026-2674,0.0018,0.07858
CVE-2026-2675,0.00212,0.11655
CVE-2026-2676,0.00272,0.19639
CVE-2026-2677,0.00164,0.06034
CVE-2026-2678,0.00164,0.06034
CVE-2026-2679,0.00164,0.06034
CVE-2026-2680,0.00175,0.07208
CVE-2026-2681,0.00301,0.22756
CVE-2026-2682,0.00346,0.28059
CVE-2026-2683,0.00543,0.44263
CVE-2026-2684,0.00487,0.40739
CVE-2026-2686,0.02276,0.82239
CVE-2026-2687,0.00138,0.03604
CVE-2026-2688,0.00211,0.11493
CVE-2026-2689,0.00567,0.45547
CVE-2026-2690,0.00466,0.39325
CVE-2026-2691,0.00416,0.35359
CVE-2026-2692,0.00517,0.42735
CVE-2026-2693,0.00364,0.29995
CVE-2026-2694,0.00227,0.13608
CVE-2026-2695,0.00201,0.10179
CVE-2026-2696,0.00301,0.22829
CVE-2026-2697,0.00205,0.10811
CVE-2026-2698,0.00209,0.11242
CVE-2026-2699,0.59506,0.99075
CVE-2026-2701,0.54539,0.9896
CVE-2026-2702,0.00259,0.17785
CVE-2026-2703,0.00209,0.11316
CVE-2026-2704,0.00759,0.53512
CVE-2026-2705,0.00719,0.52169
CVE-2026-2706,0.00363,0.29918
CVE-2026-2707,0.00214,0.11888
CVE-2026-2708,0.00321,0.25168
CVE-2026-2709,0.00258,0.177
CVE-2026-2711,0.00354,0.28982
CVE-2026-2712,0.00427,0.3631
CVE-2026-2713,0.00147,0.04291
CVE-2026-2714,0.0029,0.2161
CVE-2026-2716,0.00189,0.08733
CVE-2026-2717,0.00474,0.39907
CVE-2026-2718,0.00188,0.08602
CVE-2026-2719,0.0029,0.21611
CVE-2026-2720,0.00231,0.1416
CVE-2026-2721,0.00195,0.09442
CVE-2026-2722,0.00187,0.08547
CVE-2026-2723,0.0012,0.02112
CVE-2026-2724,0.00345,0.27886
CVE-2026-2725,0.00116,0.01791
CVE-2026-2726,0.00194,0.093
CVE-2026-2728,0.00225,0.13351
CVE-2026-2729,0.00367,0.30275
CVE-2026-2731,0.00535,0.43833
CVE-2026-2732,0.00223,0.13064
CVE-2026-2733,0.0033,0.26116
CVE-2026-2734,0.00441,0.37529
CVE-2026-2735,0.00177,0.07473
CVE-2026-2736,0.00149,0.04447
CVE-2026-2737,0.00196,0.0954
CVE-2026-2738,0.00115,0.01777
CVE-2026-2739,0.00467,0.39401
CVE-2026-2740,0.01702,0.76076
CVE-2026-2741,0.00342,0.27536
CVE-2026-2742,0.00391,0.32832
CVE-2026-2743,0.00842,0.56124
CVE-2026-2745,0.00276,0.20102
CVE-2026-2746,0.00157,0.05239
CVE-2026-2747,0.0025,0.16548
CVE-2026-2748,0.0012,0.02113
CVE-2026-2749,0.00457,0.38743
CVE-2026-2750,0.00303,0.22968
CVE-2026-2751,0.00271,0.19435
CVE-2026-2752,0.00261,0.1804
CVE-2026-2753,0.00451,0.38318
CVE-2026-2754,0.00505,0.41905
CVE-2026-2756,0.00276,0.20047
CVE-2026-2757,0.00491,0.40985
CVE-2026-2758,0.00477,0.40082
CVE-2026-2759,0.00395,0.33328
CVE-2026-2760,0.00395,0.33328
CVE-2026-2761,0.00395,0.33329
CVE-2026-2762,0.00543,0.44231
CVE-2026-2763,0.00469,0.39531
CVE-2026-2764,0.00469,0.39531
CVE-2026-2765,0.00469,0.3953
CVE-2026-2766,0.00469,0.3953
CVE-2026-2767,0.00384,0.32127
CVE-2026-2768,0.00366,0.30178
CVE-2026-2769,0.00419,0.35656
CVE-2026-2770,0.00469,0.3953
CVE-2026-2771,0.00483,0.405
CVE-2026-2772,0.00469,0.3953
CVE-2026-2773,0.00599,0.47093
CVE-2026-2774,0.00543,0.44231
CVE-2026-2775,0.00552,0.44766
CVE-2026-2776,0.00483,0.405
CVE-2026-2777,0.00366,0.30179
CVE-2026-2778,0.00483,0.405
CVE-2026-2779,0.00604,0.47339
CVE-2026-2780,0.00339,0.27218
CVE-2026-2781,0.0036,0.29608
CVE-2026-2782,0.00282,0.20779
CVE-2026-2783,0.00285,0.21075
CVE-2026-2784,0.0043,0.36585
CVE-2026-2785,0.00366,0.30257
CVE-2026-2786,0.00314,0.2433
CVE-2026-2787,0.00402,0.34019
CVE-2026-2788,0.00416,0.35326
CVE-2026-2789,0.00318,0.24708
CVE-2026-2790,0.00229,0.13802
CVE-2026-2791,0.00402,0.33983
CVE-2026-2792,0.00313,0.24258
CVE-2026-2793,0.00313,0.24258
CVE-2026-2794,0.00253,0.1693
CVE-2026-2795,0.00247,0.16134
CVE-2026-2796,0.00648,0.49373
CVE-2026-2797,0.00315,0.24432
CVE-2026-2798,0.00248,0.16238
CVE-2026-2799,0.00321,0.25164
CVE-2026-2800,0.00307,0.23467
CVE-2026-2801,0.00288,0.21434
CVE-2026-2802,0.00139,0.03667
CVE-2026-2803,0.0025,0.16496
CVE-2026-2804,0.00288,0.21478
CVE-2026-2805,0.00404,0.34204
CVE-2026-2806,0.00387,0.32482
CVE-2026-2807,0.00245,0.15853
CVE-2026-2808,0.00475,0.39938
CVE-2026-2809,0.00158,0.05325
CVE-2026-2810,0.00116,0.01824
CVE-2026-2811,0.00165,0.06157
CVE-2026-2812,0.0036,0.29551
CVE-2026-2813,0.003,0.2269
CVE-2026-2815,0.00251,0.1665
CVE-2026-2817,0.00097,0.00834
CVE-2026-2818,0.00272,0.1964
CVE-2026-2819,0.00253,0.16932
CVE-2026-2820,0.00344,0.27797
CVE-2026-2821,0.00344,0.27797
CVE-2026-2822,0.00361,0.29637
CVE-2026-2823,0.16791,0.96878
CVE-2026-2824,0.15323,0.96592
CVE-2026-2825,0.00248,0.16247
CVE-2026-2826,0.00301,0.22799
CVE-2026-2827,0.00188,0.08686
CVE-2026-2830,0.00215,0.1208
CVE-2026-2831,0.00258,0.17641
CVE-2026-2832,0.00155,0.0508
CVE-2026-2833,0.00666,0.50106
CVE-2026-2834,0.00335,0.26741
CVE-2026-2835,0.00789,0.54458
CVE-2026-2836,0.00394,0.33165
CVE-2026-2837,0.00154,0.04855
CVE-2026-2838,0.00192,0.09112
CVE-2026-2840,0.00257,0.17528
CVE-2026-2844,0.0025,0.16565
CVE-2026-2845,0.00255,0.17203
CVE-2026-2846,0.0982,0.95301
CVE-2026-2847,0.09229,0.95081
CVE-2026-2848,0.00326,0.25719
CVE-2026-2849,0.0022,0.12671
CVE-2026-2850,0.00202,0.10335
CVE-2026-2851,0.00199,0.09923
CVE-2026-2852,0.0022,0.12618
CVE-2026-2853,0.00863,0.56801
CVE-2026-2854,0.00642,0.49068
CVE-2026-2855,0.0062,0.4805
CVE-2026-2856,0.00642,0.49069
CVE-2026-2857,0.00863,0.56802
CVE-2026-2858,0.00124,0.02459
CVE-2026-2859,0.0019,0.08919
CVE-2026-2860,0.00252,0.16863
CVE-2026-2861,0.00455,0.3858
CVE-2026-2862,0.00371,0.30792
CVE-2026-2863,0.00369,0.30572
CVE-2026-2864,0.00304,0.23123
CVE-2026-2865,0.00333,0.26473
CVE-2026-2867,0.00306,0.23329
CVE-2026-2868,0.00152,0.04681
CVE-2026-2869,0.0018,0.07754
CVE-2026-2870,0.00588,0.46543
CVE-2026-2871,0.00684,0.50878
CVE-2026-2872,0.00568,0.45564
CVE-2026-2873,0.00568,0.45564
CVE-2026-2874,0.00568,0.45565
CVE-2026-2876,0.00529,0.4345
CVE-2026-2877,0.0049,0.40977
CVE-2026-2878,0.00177,0.07496
CVE-2026-2879,0.00281,0.20671
CVE-2026-2880,0.0039,0.32697
CVE-2026-2881,0.00642,0.49069
CVE-2026-2882,0.0062,0.4805
CVE-2026-2883,0.00728,0.52476
CVE-2026-2884,0.00728,0.52476
CVE-2026-2885,0.00728,0.52477
CVE-2026-2886,0.00556,0.44953
CVE-2026-2887,0.0018,0.07771
CVE-2026-2888,0.0035,0.28431
CVE-2026-2889,0.00118,0.01958
CVE-2026-2890,0.00309,0.23736
CVE-2026-2891,0.00428,0.36407
CVE-2026-2892,0.0032,0.24965
CVE-2026-2893,0.00249,0.16381
CVE-2026-2894,0.004,0.33807
CVE-2026-2895,0.00392,0.32995
CVE-2026-2896,0.00286,0.21189
CVE-2026-2897,0.00202,0.10316
CVE-2026-2898,0.00223,0.12999
CVE-2026-2899,0.00223,0.12979
CVE-2026-2900,0.00268,0.1902
CVE-2026-2902,0.00215,0.1208
CVE-2026-2903,0.00113,0.01603
CVE-2026-2904,0.00655,0.49662
CVE-2026-2905,0.00556,0.44954
CVE-2026-2906,0.00576,0.45962
CVE-2026-2907,0.00556,0.44953
CVE-2026-2908,0.00556,0.44953
CVE-2026-2909,0.00556,0.44954
CVE-2026-2910,0.02605,0.84598
CVE-2026-2911,0.03075,0.86988
CVE-2026-2912,0.0033,0.26148
CVE-2026-2913,0.00182,0.08067
CVE-2026-2914,0.00146,0.04247
CVE-2026-2915,0.00095,0.00763
CVE-2026-2916,0.00217,0.1233
CVE-2026-2917,0.00193,0.09223
CVE-2026-2918,0.00193,0.09223
CVE-2026-2919,0.00184,0.08227
CVE-2026-2920,0.00773,0.53959
CVE-2026-2921,0.00867,0.56931
CVE-2026-2922,0.00431,0.36657
CVE-2026-2923,0.00729,0.52481
CVE-2026-2924,0.00199,0.09995
CVE-2026-2925,0.00642,0.4907
CVE-2026-2926,0.00642,0.4907
CVE-2026-2927,0.00642,0.49069
CVE-2026-2928,0.00495,0.41323
CVE-2026-2929,0.00728,0.52476
CVE-2026-2930,0.00301,0.22807
CVE-2026-2931,0.00382,0.31846
CVE-2026-2932,0.00218,0.12413
CVE-2026-2933,0.00198,0.09758
CVE-2026-2934,0.00257,0.17527
CVE-2026-2935,0.00805,0.54981
CVE-2026-2936,0.00257,0.17531
CVE-2026-2938,0.00567,0.45554
CVE-2026-2939,0.0023,0.139
CVE-2026-2940,0.00321,0.2518
CVE-2026-2941,0.003,0.22743
CVE-2026-2942,0.00578,0.46064
CVE-2026-2943,0.00263,0.18358
CVE-2026-2944,0.06118,0.93069
CVE-2026-2945,0.0025,0.16519
CVE-2026-2946,0.00217,0.1226
CVE-2026-2947,0.00276,0.20054
CVE-2026-2948,0.00151,0.04653
CVE-2026-2949,0.00159,0.05479
CVE-2026-2950,0.00317,0.24693
CVE-2026-2951,0.00168,0.0646
CVE-2026-2952,0.07384,0.94104
CVE-2026-2953,0.0076,0.53544
CVE-2026-2954,0.00331,0.26214
CVE-2026-2955,0.00223,0.13088
CVE-2026-2956,0.07692,0.94288
CVE-2026-2957,0.00371,0.30768
CVE-2026-2958,0.00689,0.5107
CVE-2026-2959,0.00642,0.49069
CVE-2026-2960,0.00728,0.52476
CVE-2026-2961,0.0341,0.88265
CVE-2026-2962,0.03384,0.88183
CVE-2026-2963,0.00192,0.09138
CVE-2026-2964,0.00367,0.30281
CVE-2026-2965,0.00202,0.10312
CVE-2026-2966,0.0038,0.31636
CVE-2026-2967,0.00491,0.41011
CVE-2026-2968,0.00218,0.12443
CVE-2026-2969,0.00686,0.50952
CVE-2026-2970,0.00821,0.55492
CVE-2026-2971,0.00308,0.23559
CVE-2026-2972,0.00259,0.17756
CVE-2026-2973,0.00173,0.06986
CVE-2026-2974,0.00099,0.00922
CVE-2026-2975,0.00412,0.34948
CVE-2026-2976,0.0031,0.23816
CVE-2026-2977,0.00293,0.21938
CVE-2026-2978,0.00345,0.27952
CVE-2026-2979,0.00294,0.22011
CVE-2026-2980,0.0078,0.54183
CVE-2026-2981,0.00677,0.50554
CVE-2026-2983,0.00412,0.34964
CVE-2026-2984,0.0049,0.40964
CVE-2026-2985,0.00297,0.22406
CVE-2026-2986,0.00304,0.23092
CVE-2026-2987,0.00172,0.06862
CVE-2026-2988,0.00205,0.10671
CVE-2026-2991,0.00434,0.36948
CVE-2026-2992,0.00248,0.16288
CVE-2026-2993,0.00413,0.35054
CVE-2026-2994,0.00208,0.11137
CVE-2026-2995,0.00187,0.08541
CVE-2026-2996,0.0049,0.40937
CVE-2026-2997,0.00174,0.07168
CVE-2026-2998,0.00114,0.01693
CVE-2026-2999,0.00508,0.42112
