#model_version:v2026.06.15,score_date:2026-09-15T12:00:11Z
cve,epss,percentile
CVE-2025-40000,0.00268,0.18985
CVE-2025-40001,0.00241,0.15424
CVE-2025-40002,0.00236,0.14661
CVE-2025-40003,0.00225,0.1326
CVE-2025-40004,0.00249,0.16369
CVE-2025-40005,0.00185,0.083
CVE-2025-40006,0.00188,0.08622
CVE-2025-40007,0.0021,0.11318
CVE-2025-40008,0.00229,0.1384
CVE-2025-40009,0.00227,0.13503
CVE-2025-40010,0.00229,0.13839
CVE-2025-40011,0.00241,0.15425
CVE-2025-40012,0.00179,0.07608
CVE-2025-40013,0.00236,0.14696
CVE-2025-40014,0.00233,0.14242
CVE-2025-40015,0.00219,0.12484
CVE-2025-40016,0.00236,0.14696
CVE-2025-40017,0.00219,0.12484
CVE-2025-40018,0.0014,0.0372
CVE-2025-40019,0.0027,0.19215
CVE-2025-40020,0.00197,0.09654
CVE-2025-40021,0.00193,0.09112
CVE-2025-40022,0.00218,0.12332
CVE-2025-40023,0.00172,0.06848
CVE-2025-40024,0.00144,0.03994
CVE-2025-40025,0.00133,0.03202
CVE-2025-40026,0.00158,0.0537
CVE-2025-40027,0.0015,0.04558
CVE-2025-40028,0.00142,0.03885
CVE-2025-40029,0.00207,0.10953
CVE-2025-40030,0.00212,0.11583
CVE-2025-40031,0.00199,0.09874
CVE-2025-40032,0.00201,0.1016
CVE-2025-40033,0.00201,0.10159
CVE-2025-40034,0.00186,0.08443
CVE-2025-40035,0.00216,0.12139
CVE-2025-40036,0.00201,0.1016
CVE-2025-40037,0.00199,0.09874
CVE-2025-40038,0.00166,0.06142
CVE-2025-40039,0.00301,0.22738
CVE-2025-40040,0.00351,0.28432
CVE-2025-40041,0.00144,0.04033
CVE-2025-40042,0.00212,0.11584
CVE-2025-40043,0.00293,0.21874
CVE-2025-40044,0.00161,0.05662
CVE-2025-40045,0.00152,0.04734
CVE-2025-40046,0.00325,0.25484
CVE-2025-40047,0.00152,0.04735
CVE-2025-40048,0.006,0.46979
CVE-2025-40049,0.00212,0.11585
CVE-2025-40050,0.00207,0.1096
CVE-2025-40051,0.00154,0.0489
CVE-2025-40052,0.00201,0.10159
CVE-2025-40053,0.00587,0.46311
CVE-2025-40054,0.00155,0.04963
CVE-2025-40055,0.00212,0.11584
CVE-2025-40056,0.00201,0.10159
CVE-2025-40057,0.00199,0.09874
CVE-2025-40058,0.00152,0.04734
CVE-2025-40059,0.00199,0.09873
CVE-2025-40060,0.00207,0.10953
CVE-2025-40061,0.0014,0.03661
CVE-2025-40062,0.00187,0.08533
CVE-2025-40063,0.00121,0.02183
CVE-2025-40064,0.0014,0.03661
CVE-2025-40065,0.00174,0.07029
CVE-2025-40066,0.00172,0.06854
CVE-2025-40067,0.00154,0.0492
CVE-2025-40068,0.0017,0.06607
CVE-2025-40069,0.00133,0.03201
CVE-2025-40070,0.00218,0.12331
CVE-2025-40071,0.00187,0.08534
CVE-2025-40072,0.00172,0.06853
CVE-2025-40073,0.00172,0.06852
CVE-2025-40074,0.00426,0.36118
CVE-2025-40075,0.00376,0.31148
CVE-2025-40076,0.00172,0.06853
CVE-2025-40077,0.00187,0.08535
CVE-2025-40078,0.00222,0.12911
CVE-2025-40079,0.00142,0.03853
CVE-2025-40080,0.00193,0.0911
CVE-2025-40081,0.00144,0.04036
CVE-2025-40082,0.00179,0.07646
CVE-2025-40083,0.00193,0.09111
CVE-2025-40084,0.0014,0.0367
CVE-2025-40085,0.00193,0.09111
CVE-2025-40086,0.00172,0.06851
CVE-2025-40087,0.00466,0.39098
CVE-2025-40088,0.0014,0.03725
CVE-2025-40089,0.00172,0.0685
CVE-2025-40090,0.00261,0.17965
CVE-2025-40091,0.00172,0.06853
CVE-2025-40092,0.00144,0.04035
CVE-2025-40093,0.00144,0.03994
CVE-2025-40094,0.00144,0.04037
CVE-2025-40095,0.00144,0.03993
CVE-2025-40096,0.00144,0.03994
CVE-2025-40097,0.00185,0.08311
CVE-2025-40098,0.00184,0.08158
CVE-2025-40099,0.00382,0.31724
CVE-2025-40100,0.00187,0.08533
CVE-2025-40101,0.00185,0.0831
CVE-2025-40102,0.00207,0.11018
CVE-2025-40103,0.00193,0.0911
CVE-2025-40104,0.00142,0.03884
CVE-2025-40105,0.0015,0.04558
CVE-2025-40106,0.00195,0.0946
CVE-2025-40107,0.00186,0.08374
CVE-2025-40108,0.00172,0.06852
CVE-2025-40109,0.00209,0.11273
CVE-2025-40110,0.00191,0.08951
CVE-2025-40111,0.00139,0.03616
CVE-2025-40112,0.00158,0.05305
CVE-2025-40113,0.00185,0.08251
CVE-2025-40114,0.00258,0.17634
CVE-2025-40115,0.00214,0.11899
CVE-2025-40116,0.0021,0.1134
CVE-2025-40117,0.00143,0.03944
CVE-2025-40118,0.00155,0.04964
CVE-2025-40119,0.00198,0.09772
CVE-2025-40120,0.00207,0.10953
CVE-2025-40121,0.00216,0.12139
CVE-2025-40122,0.00185,0.08247
CVE-2025-40123,0.00155,0.04965
CVE-2025-40124,0.00153,0.04815
CVE-2025-40125,0.0021,0.11337
CVE-2025-40126,0.00214,0.11899
CVE-2025-40127,0.00207,0.10952
CVE-2025-40129,0.00528,0.43193
CVE-2025-40130,0.00186,0.08443
CVE-2025-40131,0.00196,0.09531
CVE-2025-40132,0.00197,0.09675
CVE-2025-40133,0.00479,0.40088
CVE-2025-40134,0.00212,0.11584
CVE-2025-40135,0.00548,0.44347
CVE-2025-40136,0.00185,0.08252
CVE-2025-40137,0.00199,0.09941
CVE-2025-40138,0.00185,0.08251
CVE-2025-40139,0.00153,0.04764
CVE-2025-40140,0.00298,0.22368
CVE-2025-40141,0.00302,0.22838
CVE-2025-40142,0.00197,0.09675
CVE-2025-40143,0.00246,0.16022
CVE-2025-40145,0.00225,0.13289
CVE-2025-40146,0.00225,0.13289
CVE-2025-40147,0.00244,0.1567
CVE-2025-40148,0.00225,0.13288
CVE-2025-40149,0.00161,0.05596
CVE-2025-40150,0.00246,0.16022
CVE-2025-40151,0.00143,0.03943
CVE-2025-40152,0.00185,0.08251
CVE-2025-40153,0.00195,0.09457
CVE-2025-40154,0.00197,0.09655
CVE-2025-40155,0.00174,0.07088
CVE-2025-40156,0.00187,0.08533
CVE-2025-40157,0.00229,0.1384
CVE-2025-40158,0.0044,0.37267
CVE-2025-40159,0.00142,0.03853
CVE-2025-40160,0.00187,0.08533
CVE-2025-40161,0.00184,0.08156
CVE-2025-40162,0.00184,0.08159
CVE-2025-40163,0.00184,0.0816
CVE-2025-40164,0.00181,0.07838
CVE-2025-40165,0.00142,0.03886
CVE-2025-40166,0.00141,0.03758
CVE-2025-40167,0.00154,0.04921
CVE-2025-40168,0.00392,0.3276
CVE-2025-40169,0.00142,0.03883
CVE-2025-40170,0.00147,0.04298
CVE-2025-40171,0.00441,0.37362
CVE-2025-40172,0.00142,0.03885
CVE-2025-40173,0.00143,0.03932
CVE-2025-40174,0.00133,0.03202
CVE-2025-40175,0.00172,0.06853
CVE-2025-40176,0.00426,0.36117
CVE-2025-40177,0.00185,0.08309
CVE-2025-40178,0.0021,0.1134
CVE-2025-40179,0.00207,0.10951
CVE-2025-40180,0.00199,0.09872
CVE-2025-40181,0.00199,0.09872
CVE-2025-40182,0.00143,0.03944
CVE-2025-40183,0.00582,0.46066
CVE-2025-40184,0.00185,0.08251
CVE-2025-40185,0.00199,0.09873
CVE-2025-40186,0.00541,0.43951
CVE-2025-40187,0.00595,0.46707
CVE-2025-40188,0.0021,0.1134
CVE-2025-40189,0.00185,0.0825
CVE-2025-40190,0.00166,0.0616
CVE-2025-40191,0.00172,0.06852
CVE-2025-40192,0.00187,0.08534
CVE-2025-40193,0.0019,0.08797
CVE-2025-40194,0.00195,0.09458
CVE-2025-40195,0.00184,0.08157
CVE-2025-40196,0.00193,0.0911
CVE-2025-40197,0.00195,0.09461
CVE-2025-40198,0.00153,0.04783
CVE-2025-40199,0.00141,0.03758
CVE-2025-40200,0.00195,0.09458
CVE-2025-40201,0.00144,0.03994
CVE-2025-40202,0.0014,0.03661
CVE-2025-40203,0.00141,0.03757
CVE-2025-40204,0.00432,0.36642
CVE-2025-40205,0.00143,0.03931
CVE-2025-40206,0.00142,0.03885
CVE-2025-40207,0.00186,0.08375
CVE-2025-40208,0.00172,0.0685
CVE-2025-40209,0.00184,0.08159
CVE-2025-40210,0.00334,0.26531
CVE-2025-40211,0.00195,0.09457
CVE-2025-40212,0.00401,0.33748
CVE-2025-40213,0.00142,0.03852
CVE-2025-40214,0.00148,0.04324
CVE-2025-40215,0.00144,0.04036
CVE-2025-40216,0.00142,0.03852
CVE-2025-40217,0.00174,0.07028
CVE-2025-40218,0.00187,0.08532
CVE-2025-40219,0.00224,0.13077
CVE-2025-40220,0.00193,0.09112
CVE-2025-40221,0.00185,0.0831
CVE-2025-40222,0.00186,0.08442
CVE-2025-40223,0.00207,0.10952
CVE-2025-40224,0.00186,0.08442
CVE-2025-40225,0.00242,0.15455
CVE-2025-40226,0.00201,0.10157
CVE-2025-40227,0.00186,0.08443
CVE-2025-40228,0.00186,0.08409
CVE-2025-40229,0.00186,0.08442
CVE-2025-40230,0.00214,0.11854
CVE-2025-40231,0.00207,0.10951
CVE-2025-40232,0.00186,0.08442
CVE-2025-40233,0.00155,0.04964
CVE-2025-40234,0.00186,0.08441
CVE-2025-40235,0.00199,0.09872
CVE-2025-40236,0.00186,0.08441
CVE-2025-40237,0.00201,0.10157
CVE-2025-40238,0.00199,0.09872
CVE-2025-40239,0.00199,0.09873
CVE-2025-40240,0.006,0.46979
CVE-2025-40241,0.00144,0.04033
CVE-2025-40242,0.00145,0.04133
CVE-2025-40243,0.00155,0.04963
CVE-2025-40244,0.00155,0.04965
CVE-2025-40245,0.00155,0.04965
CVE-2025-40246,0.00199,0.09873
CVE-2025-40247,0.00186,0.08443
CVE-2025-40248,0.00157,0.05221
CVE-2025-40249,0.00144,0.04048
CVE-2025-40250,0.00157,0.05252
CVE-2025-40251,0.00155,0.04964
CVE-2025-40252,0.00602,0.47035
CVE-2025-40253,0.003,0.22601
CVE-2025-40254,0.00239,0.15038
CVE-2025-40255,0.00186,0.08441
CVE-2025-40256,0.00207,0.10952
CVE-2025-40257,0.00464,0.39021
CVE-2025-40258,0.00464,0.39021
CVE-2025-40259,0.00201,0.10177
CVE-2025-40260,0.00174,0.07029
CVE-2025-40261,0.00564,0.45197
CVE-2025-40262,0.00144,0.04036
CVE-2025-40263,0.00193,0.0911
CVE-2025-40264,0.00218,0.12332
CVE-2025-40265,0.00193,0.09116
CVE-2025-40266,0.0015,0.04488
CVE-2025-40267,0.00172,0.06849
CVE-2025-40268,0.00187,0.08532
CVE-2025-40269,0.00177,0.07477
CVE-2025-40270,0.00136,0.0339
CVE-2025-40271,0.00455,0.38431
CVE-2025-40272,0.00143,0.0394
CVE-2025-40273,0.00422,0.35739
CVE-2025-40274,0.00138,0.03522
CVE-2025-40275,0.00195,0.09456
CVE-2025-40276,0.00139,0.03584
CVE-2025-40277,0.00237,0.14844
CVE-2025-40278,0.00218,0.12331
CVE-2025-40279,0.00197,0.09602
CVE-2025-40280,0.00146,0.04227
CVE-2025-40281,0.00218,0.12332
CVE-2025-40282,0.0028,0.20429
CVE-2025-40283,0.00142,0.03846
CVE-2025-40284,0.00138,0.03566
CVE-2025-40285,0.00411,0.34663
CVE-2025-40286,0.00186,0.08337
CVE-2025-40287,0.00184,0.08158
CVE-2025-40288,0.00186,0.08372
CVE-2025-40289,0.00184,0.08158
CVE-2025-40290,0.00141,0.03757
CVE-2025-40291,0.00143,0.03943
CVE-2025-40292,0.0017,0.06635
CVE-2025-40293,0.00201,0.10158
CVE-2025-40294,0.00201,0.10158
CVE-2025-40295,0.00205,0.10691
CVE-2025-40296,0.00185,0.0825
CVE-2025-40297,0.00157,0.05239
CVE-2025-40298,0.00185,0.08232
CVE-2025-40299,0.00185,0.0825
CVE-2025-40300,0.00344,0.27626
CVE-2025-40301,0.00271,0.19304
CVE-2025-40302,0.00141,0.03758
CVE-2025-40303,0.00138,0.03566
CVE-2025-40304,0.00144,0.04037
CVE-2025-40305,0.00172,0.06851
CVE-2025-40306,0.00161,0.05596
CVE-2025-40307,0.00147,0.04252
CVE-2025-40308,0.00195,0.09457
CVE-2025-40309,0.00245,0.15867
CVE-2025-40310,0.00186,0.08372
CVE-2025-40311,0.00186,0.08375
CVE-2025-40312,0.00197,0.09655
CVE-2025-40313,0.00191,0.08948
CVE-2025-40314,0.00191,0.08949
CVE-2025-40315,0.00201,0.10177
CVE-2025-40316,0.0019,0.08797
CVE-2025-40317,0.00144,0.04036
CVE-2025-40318,0.0027,0.19251
CVE-2025-40319,0.00144,0.04037
CVE-2025-40320,0.00418,0.35354
CVE-2025-40321,0.00201,0.10177
CVE-2025-40322,0.00143,0.03955
CVE-2025-40323,0.0014,0.0372
CVE-2025-40324,0.00455,0.3841
CVE-2025-40325,0.00245,0.15892
CVE-2025-40326,0.0035,0.28356
CVE-2025-40327,0.0021,0.11318
CVE-2025-40328,0.00461,0.38794
CVE-2025-40329,0.00223,0.13038
CVE-2025-40330,0.00217,0.12262
CVE-2025-40331,0.00188,0.08622
CVE-2025-40332,0.00219,0.12483
CVE-2025-40333,0.00221,0.12782
CVE-2025-40334,0.00165,0.0605
CVE-2025-40335,0.0021,0.11319
CVE-2025-40336,0.0017,0.06673
CVE-2025-40337,0.00481,0.40191
CVE-2025-40338,0.00215,0.12056
CVE-2025-40339,0.00225,0.1326
CVE-2025-40340,0.00219,0.12483
CVE-2025-40341,0.00229,0.1384
CVE-2025-40342,0.00366,0.30042
CVE-2025-40343,0.00651,0.49315
CVE-2025-40344,0.00174,0.0707
CVE-2025-40345,0.00197,0.09654
CVE-2025-40346,0.00205,0.10676
CVE-2025-40347,0.00528,0.43193
CVE-2025-40348,0.00197,0.09674
CVE-2025-40349,0.00153,0.04814
CVE-2025-40350,0.00543,0.4407
CVE-2025-40351,0.0021,0.11337
CVE-2025-40352,0.00205,0.10691
CVE-2025-40353,0.00197,0.09674
CVE-2025-40354,0.00151,0.04622
CVE-2025-40355,0.00185,0.08247
CVE-2025-40356,0.00143,0.03944
CVE-2025-40357,0.00197,0.09675
CVE-2025-40358,0.0015,0.04516
CVE-2025-40359,0.00197,0.09675
CVE-2025-40360,0.00205,0.10677
CVE-2025-40362,0.00162,0.0577
CVE-2025-40363,0.00212,0.11584
CVE-2025-40364,0.00286,0.21106
CVE-2025-40536,0.81624,0.99622
CVE-2025-40537,0.00544,0.44105
CVE-2025-40538,0.00496,0.41162
CVE-2025-40539,0.00445,0.37659
CVE-2025-40540,0.00445,0.3766
CVE-2025-40541,0.0057,0.45514
CVE-2025-40545,0.00232,0.14171
CVE-2025-40547,0.00887,0.57374
CVE-2025-40548,0.00699,0.51267
CVE-2025-40549,0.01068,0.62978
CVE-2025-40551,0.83622,0.99669
CVE-2025-40552,0.49734,0.98829
CVE-2025-40553,0.6039,0.99091
CVE-2025-40554,0.58447,0.99046
CVE-2025-40555,0.0021,0.11321
CVE-2025-40556,0.0024,0.15267
CVE-2025-40566,0.00439,0.37153
CVE-2025-40567,0.00442,0.37392
CVE-2025-40568,0.00518,0.42568
CVE-2025-40569,0.00279,0.20346
CVE-2025-40570,0.00197,0.09625
CVE-2025-40571,0.0027,0.19148
CVE-2025-40572,0.00136,0.03387
CVE-2025-40573,0.00172,0.06861
CVE-2025-40574,0.00138,0.03513
CVE-2025-40575,0.0046,0.38712
CVE-2025-40576,0.00265,0.18463
CVE-2025-40577,0.00265,0.18463
CVE-2025-40578,0.00265,0.18462
CVE-2025-40579,0.00158,0.0527
CVE-2025-40580,0.00158,0.0527
CVE-2025-40581,0.00152,0.04693
CVE-2025-40582,0.00176,0.07291
CVE-2025-40583,0.0011,0.01407
CVE-2025-40584,0.00172,0.06805
CVE-2025-40585,0.00391,0.32706
CVE-2025-40587,0.00275,0.19871
CVE-2025-40591,0.00674,0.50283
CVE-2025-40592,0.00464,0.38991
CVE-2025-40593,0.0033,0.26069
CVE-2025-40594,0.00209,0.11183
CVE-2025-40595,0.00355,0.28898
CVE-2025-40596,0.56488,0.99003
CVE-2025-40597,0.29405,0.98076
CVE-2025-40598,0.50689,0.98855
CVE-2025-40599,0.12988,0.96108
CVE-2025-40600,0.00906,0.57957
CVE-2025-40601,0.01179,0.65988
CVE-2025-40602,0.02083,0.80522
CVE-2025-40603,0.00448,0.37883
CVE-2025-40604,0.00192,0.09102
CVE-2025-40605,0.00334,0.26561
CVE-2025-40615,0.00228,0.13662
CVE-2025-40616,0.00228,0.13661
CVE-2025-40617,0.00389,0.32481
CVE-2025-40618,0.00389,0.32481
CVE-2025-40619,0.00389,0.32494
CVE-2025-40620,0.00423,0.35864
CVE-2025-40621,0.00423,0.35863
CVE-2025-40622,0.00423,0.35863
CVE-2025-40623,0.00423,0.35864
CVE-2025-40624,0.00423,0.35863
CVE-2025-40625,0.00701,0.51341
CVE-2025-40626,0.00228,0.13695
CVE-2025-40627,0.00228,0.13696
CVE-2025-40628,0.00341,0.27299
CVE-2025-40629,0.00806,0.54864
CVE-2025-40630,0.00494,0.4106
CVE-2025-40631,0.00215,0.12011
CVE-2025-40632,0.00215,0.12011
CVE-2025-40633,0.00352,0.28531
CVE-2025-40634,0.00665,0.49902
CVE-2025-40635,0.0034,0.27248
CVE-2025-40636,0.0029,0.2154
CVE-2025-40638,0.00205,0.10638
CVE-2025-40639,0.00321,0.24967
CVE-2025-40640,0.00207,0.10986
CVE-2025-40641,0.00357,0.29125
CVE-2025-40642,0.00515,0.42375
CVE-2025-40643,0.00193,0.0917
CVE-2025-40644,0.00337,0.26914
CVE-2025-40645,0.00336,0.26769
CVE-2025-40646,0.00175,0.0727
CVE-2025-40647,0.00293,0.21863
CVE-2025-40648,0.00314,0.24218
CVE-2025-40649,0.00357,0.29124
CVE-2025-40650,0.00358,0.29257
CVE-2025-40651,0.00506,0.41796
CVE-2025-40652,0.00385,0.32115
CVE-2025-40653,0.00398,0.33426
CVE-2025-40654,0.00366,0.3011
CVE-2025-40655,0.00366,0.3011
CVE-2025-40656,0.00366,0.3011
CVE-2025-40657,0.00366,0.3011
CVE-2025-40658,0.00327,0.25675
CVE-2025-40659,0.00327,0.25675
CVE-2025-40660,0.00327,0.25675
CVE-2025-40661,0.00327,0.25714
CVE-2025-40662,0.00351,0.28467
CVE-2025-40663,0.00352,0.28574
CVE-2025-40664,0.0055,0.4443
CVE-2025-40665,0.00369,0.3037
CVE-2025-40666,0.00369,0.3037
CVE-2025-40667,0.00267,0.18877
CVE-2025-40668,0.00273,0.19719
CVE-2025-40669,0.00251,0.16647
CVE-2025-40670,0.00334,0.26544
CVE-2025-40671,0.0042,0.35541
CVE-2025-40672,0.00152,0.04662
CVE-2025-40673,0.00316,0.24476
CVE-2025-40674,0.0046,0.38721
CVE-2025-40675,0.00227,0.13569
CVE-2025-40676,0.00264,0.18342
CVE-2025-40677,0.0063,0.48374
CVE-2025-40678,0.00287,0.21259
CVE-2025-40679,0.00278,0.20279
CVE-2025-40680,0.00075,0.001
CVE-2025-40681,0.00306,0.23283
CVE-2025-40682,0.00296,0.22234
CVE-2025-40683,0.00169,0.06577
CVE-2025-40684,0.0017,0.06709
CVE-2025-40685,0.0017,0.0671
CVE-2025-40686,0.0017,0.06709
CVE-2025-40687,0.00334,0.26549
CVE-2025-40689,0.00331,0.26191
CVE-2025-40690,0.00331,0.26191
CVE-2025-40691,0.00331,0.26191
CVE-2025-40692,0.00331,0.26191
CVE-2025-40693,0.00207,0.10986
CVE-2025-40694,0.00207,0.10985
CVE-2025-40695,0.00207,0.10985
CVE-2025-40696,0.00207,0.10985
CVE-2025-40697,0.00404,0.34063
CVE-2025-40698,0.00259,0.17699
CVE-2025-40700,0.00188,0.08651
CVE-2025-40701,0.00426,0.36048
CVE-2025-40702,0.00215,0.12021
CVE-2025-40703,0.00215,0.1202
CVE-2025-40704,0.00215,0.1202
CVE-2025-40705,0.00215,0.12021
CVE-2025-40706,0.00215,0.12022
CVE-2025-40707,0.00215,0.1202
CVE-2025-40708,0.00215,0.1202
CVE-2025-40709,0.00215,0.12021
CVE-2025-40710,0.00269,0.19116
CVE-2025-40711,0.00484,0.40352
CVE-2025-40712,0.00409,0.34458
CVE-2025-40713,0.00409,0.34458
CVE-2025-40714,0.00385,0.32073
CVE-2025-40715,0.00385,0.32072
CVE-2025-40716,0.00385,0.32072
CVE-2025-40717,0.00385,0.32073
CVE-2025-40718,0.00363,0.29784
CVE-2025-40719,0.00223,0.12999
CVE-2025-40720,0.00223,0.12999
CVE-2025-40721,0.00206,0.10802
CVE-2025-40722,0.00283,0.20766
CVE-2025-40723,0.00283,0.20766
CVE-2025-40724,0.0037,0.30466
CVE-2025-40725,0.00328,0.25825
CVE-2025-40726,0.00752,0.5309
CVE-2025-40727,0.00752,0.5309
CVE-2025-40728,0.00468,0.39278
CVE-2025-40729,0.0036,0.29415
CVE-2025-40730,0.00287,0.21253
CVE-2025-40731,0.00296,0.22233
CVE-2025-40732,0.00294,0.21951
CVE-2025-40733,0.00183,0.08097
CVE-2025-40734,0.00183,0.08098
CVE-2025-40735,0.0047,0.39413
CVE-2025-40736,0.00401,0.33783
CVE-2025-40737,0.09427,0.95136
CVE-2025-40738,0.09427,0.95136
CVE-2025-40739,0.00138,0.03501
CVE-2025-40740,0.00138,0.03501
CVE-2025-40741,0.00149,0.04437
CVE-2025-40742,0.00277,0.20161
CVE-2025-40743,0.00242,0.155
CVE-2025-40744,0.00212,0.11617
CVE-2025-40745,0.00137,0.03457
CVE-2025-40746,0.00648,0.49189
CVE-2025-40751,0.00118,0.01919
CVE-2025-40752,0.00095,0.00692
CVE-2025-40753,0.00095,0.00692
CVE-2025-40755,0.00371,0.30616
CVE-2025-40757,0.00266,0.18567
CVE-2025-40758,0.00229,0.13849
CVE-2025-40759,0.00185,0.0826
CVE-2025-40760,0.00132,0.03147
CVE-2025-40761,0.00237,0.14862
CVE-2025-40762,0.00158,0.05295
CVE-2025-40763,0.00138,0.03509
CVE-2025-40764,0.00152,0.04683
CVE-2025-40765,0.00534,0.4359
CVE-2025-40766,0.00182,0.07959
CVE-2025-40767,0.00132,0.03129
CVE-2025-40768,0.0014,0.03684
CVE-2025-40769,0.0015,0.04554
CVE-2025-40770,0.00118,0.01961
CVE-2025-40771,0.00528,0.43183
CVE-2025-40772,0.00322,0.25116
CVE-2025-40773,0.00196,0.09472
CVE-2025-40774,0.00136,0.03412
CVE-2025-40775,0.15225,0.96562
CVE-2025-40776,0.00207,0.11004
CVE-2025-40777,0.0092,0.58388
CVE-2025-40778,0.00665,0.49903
CVE-2025-40779,0.00514,0.42284
CVE-2025-40780,0.00464,0.39014
CVE-2025-40795,0.00696,0.51135
CVE-2025-40796,0.00479,0.40054
CVE-2025-40797,0.00515,0.42409
CVE-2025-40798,0.00515,0.42409
CVE-2025-40800,0.00207,0.10974
CVE-2025-40801,0.00263,0.18169
CVE-2025-40802,0.00176,0.07342
CVE-2025-40803,0.00175,0.07232
CVE-2025-40804,0.00399,0.3354
CVE-2025-40805,0.00663,0.49815
CVE-2025-40806,0.00456,0.38485
CVE-2025-40807,0.00302,0.22782
CVE-2025-40808,0.00186,0.08405
CVE-2025-40809,0.00138,0.035
CVE-2025-40810,0.00138,0.03501
CVE-2025-40811,0.00138,0.03501
CVE-2025-40812,0.00138,0.03502
CVE-2025-40815,0.00354,0.2887
CVE-2025-40816,0.00204,0.10607
CVE-2025-40817,0.00222,0.12813
CVE-2025-40818,0.00102,0.01023
CVE-2025-40819,0.00249,0.16347
CVE-2025-40820,0.0049,0.40756
CVE-2025-40827,0.00162,0.05718
CVE-2025-40829,0.00198,0.09812
CVE-2025-40830,0.00157,0.05196
CVE-2025-40831,0.00388,0.32372
CVE-2025-40833,0.00324,0.25352
CVE-2025-40834,0.00236,0.14702
CVE-2025-40836,0.00448,0.37891
CVE-2025-40837,0.00295,0.22129
CVE-2025-40838,0.00378,0.31302
CVE-2025-40841,0.00096,0.00798
CVE-2025-40842,0.00146,0.04167
CVE-2025-40843,0.00178,0.07534
CVE-2025-40846,0.00344,0.27668
CVE-2025-40885,0.00239,0.15134
CVE-2025-40886,0.00266,0.18548
CVE-2025-40887,0.00239,0.15134
CVE-2025-40888,0.00239,0.15134
CVE-2025-40889,0.00406,0.34266
CVE-2025-40890,0.00194,0.09238
CVE-2025-40891,0.00176,0.0735
CVE-2025-40892,0.00258,0.17544
CVE-2025-40893,0.00197,0.09653
CVE-2025-40894,0.00162,0.05783
CVE-2025-40895,0.00177,0.07443
CVE-2025-40896,0.00111,0.01469
CVE-2025-40897,0.00325,0.25458
CVE-2025-40898,0.00405,0.34154
CVE-2025-40899,0.00288,0.21284
CVE-2025-40900,0.00201,0.10163
CVE-2025-40901,0.00194,0.09339
CVE-2025-40902,0.00194,0.09339
CVE-2025-40903,0.00194,0.09339
CVE-2025-40904,0.00186,0.08352
CVE-2025-40905,0.0026,0.17804
CVE-2025-40906,0.00609,0.47349
CVE-2025-40907,0.00648,0.49178
CVE-2025-40908,0.00456,0.38484
CVE-2025-40909,0.00504,0.41644
CVE-2025-40910,0.00293,0.21905
CVE-2025-40911,0.00366,0.30076
CVE-2025-40912,0.00412,0.34803
CVE-2025-40913,0.00287,0.21169
CVE-2025-40914,0.00543,0.4406
CVE-2025-40915,0.00276,0.20065
CVE-2025-40916,0.00391,0.32716
CVE-2025-40918,0.0043,0.36411
CVE-2025-40919,0.00275,0.19844
CVE-2025-40920,0.00412,0.34769
CVE-2025-40923,0.00342,0.2747
CVE-2025-40924,0.00252,0.16818
CVE-2025-40925,0.0036,0.29415
CVE-2025-40926,0.00433,0.36729
CVE-2025-40927,0.00466,0.39104
CVE-2025-40928,0.00641,0.48858
CVE-2025-40929,0.00438,0.3713
CVE-2025-40930,0.00675,0.50313
CVE-2025-40931,0.00583,0.4615
CVE-2025-40932,0.002,0.1001
CVE-2025-40933,0.0041,0.34601
CVE-2025-40934,0.00164,0.05909
CVE-2025-40935,0.00248,0.16223
CVE-2025-40936,0.00196,0.09532
CVE-2025-40937,0.00586,0.4629
CVE-2025-40938,0.00377,0.31179
CVE-2025-40939,0.00213,0.11725
CVE-2025-40940,0.00366,0.30091
CVE-2025-40941,0.00282,0.20651
CVE-2025-40942,0.00159,0.054
CVE-2025-40943,0.00458,0.38604
CVE-2025-40944,0.00442,0.37435
CVE-2025-40945,0.00164,0.05985
CVE-2025-40946,0.00186,0.08447
CVE-2025-40947,0.0054,0.43912
CVE-2025-40948,0.00397,0.33351
CVE-2025-40949,0.00674,0.50282
CVE-2025-40975,0.00267,0.18908
CVE-2025-40976,0.00267,0.18909
CVE-2025-40977,0.00267,0.18909
CVE-2025-40978,0.00267,0.18909
CVE-2025-40979,0.00139,0.03613
CVE-2025-40980,0.00501,0.41468
CVE-2025-40985,0.00328,0.25814
CVE-2025-40986,0.00419,0.35423
CVE-2025-40989,0.00207,0.10984
CVE-2025-40990,0.00207,0.10985
CVE-2025-40991,0.00207,0.10984
CVE-2025-40992,0.00357,0.29125
CVE-2025-41000,0.00347,0.27948
CVE-2025-41001,0.00193,0.0917
CVE-2025-41002,0.00323,0.25207
CVE-2025-41003,0.00267,0.18908
CVE-2025-41004,0.00291,0.21667
CVE-2025-41005,0.00291,0.21667
CVE-2025-41006,0.00326,0.25599
CVE-2025-41007,0.00307,0.23336
CVE-2025-41008,0.00249,0.16333
CVE-2025-41009,0.00283,0.20762
CVE-2025-41010,0.00332,0.26226
CVE-2025-41011,0.00158,0.05316
CVE-2025-41012,0.00249,0.16414
CVE-2025-41013,0.00287,0.21178
CVE-2025-41014,0.00304,0.2304
CVE-2025-41015,0.00304,0.2304
CVE-2025-41016,0.00285,0.20956
CVE-2025-41017,0.00285,0.20956
CVE-2025-41018,0.00425,0.36018
CVE-2025-41019,0.00356,0.29004
CVE-2025-41020,0.0032,0.24924
CVE-2025-41021,0.00257,0.17466
CVE-2025-41023,0.00416,0.35202
CVE-2025-41024,0.00172,0.06813
CVE-2025-41025,0.00141,0.03792
CVE-2025-41026,0.00198,0.09738
CVE-2025-41027,0.00194,0.09242
CVE-2025-41028,0.00439,0.37206
CVE-2025-41029,0.00238,0.14932
CVE-2025-41030,0.00329,0.2591
CVE-2025-41031,0.00329,0.2591
CVE-2025-41032,0.00379,0.31415
CVE-2025-41033,0.00379,0.31416
CVE-2025-41034,0.00379,0.31416
CVE-2025-41035,0.00651,0.4934
CVE-2025-41036,0.00211,0.11526
CVE-2025-41037,0.00211,0.11526
CVE-2025-41038,0.00211,0.11526
CVE-2025-41039,0.00174,0.07036
CVE-2025-41040,0.00174,0.07036
CVE-2025-41041,0.00174,0.07035
CVE-2025-41042,0.00174,0.07037
CVE-2025-41043,0.00174,0.07036
CVE-2025-41044,0.00174,0.07037
CVE-2025-41045,0.00174,0.07039
CVE-2025-41046,0.00174,0.07039
CVE-2025-41047,0.00174,0.07035
CVE-2025-41048,0.00174,0.07035
CVE-2025-41049,0.00174,0.07035
CVE-2025-41050,0.00174,0.0704
CVE-2025-41051,0.00174,0.07038
CVE-2025-41052,0.00174,0.0704
CVE-2025-41053,0.00174,0.07038
CVE-2025-41054,0.00174,0.07034
CVE-2025-41055,0.00174,0.07034
CVE-2025-41056,0.00174,0.07034
CVE-2025-41057,0.00174,0.07039
CVE-2025-41058,0.00174,0.07037
CVE-2025-41059,0.00174,0.07038
CVE-2025-41060,0.00174,0.07039
CVE-2025-41061,0.00174,0.07034
CVE-2025-41062,0.00174,0.07037
CVE-2025-41063,0.00174,0.07038
CVE-2025-41064,0.00355,0.28893
CVE-2025-41065,0.00253,0.1687
CVE-2025-41066,0.00245,0.15883
CVE-2025-41067,0.004,0.33644
CVE-2025-41068,0.00331,0.26117
CVE-2025-41069,0.00246,0.1598
CVE-2025-41070,0.00289,0.21457
CVE-2025-41073,0.00351,0.28444
CVE-2025-41074,0.00312,0.24017
CVE-2025-41075,0.00312,0.24017
CVE-2025-41076,0.00262,0.18155
CVE-2025-41077,0.00233,0.14311
CVE-2025-41078,0.00233,0.14311
CVE-2025-41079,0.00196,0.09545
CVE-2025-41080,0.00196,0.09545
CVE-2025-41081,0.00289,0.2148
CVE-2025-41082,0.0041,0.34551
CVE-2025-41083,0.00557,0.44813
CVE-2025-41084,0.00321,0.2507
CVE-2025-41085,0.00253,0.1687
CVE-2025-41086,0.00213,0.11788
CVE-2025-41087,0.00286,0.21062
CVE-2025-41088,0.00364,0.29909
CVE-2025-41089,0.00293,0.21863
CVE-2025-41090,0.00317,0.24487
CVE-2025-41091,0.00251,0.16569
CVE-2025-41092,0.00251,0.16568
CVE-2025-41093,0.00251,0.16567
CVE-2025-41094,0.00251,0.16567
CVE-2025-41095,0.00251,0.16567
CVE-2025-41096,0.00251,0.16569
CVE-2025-41097,0.00251,0.16568
CVE-2025-41098,0.00347,0.27972
CVE-2025-41099,0.00316,0.2439
CVE-2025-41100,0.00188,0.08628
CVE-2025-41101,0.00162,0.05755
CVE-2025-41102,0.00163,0.05879
CVE-2025-41103,0.00162,0.05754
CVE-2025-41104,0.00162,0.05755
CVE-2025-41105,0.00162,0.05755
CVE-2025-41106,0.00171,0.06775
CVE-2025-41107,0.00193,0.0917
CVE-2025-41108,0.00291,0.21666
CVE-2025-41109,0.00592,0.46556
CVE-2025-41110,0.00236,0.14695
CVE-2025-41111,0.00276,0.19987
CVE-2025-41112,0.003,0.22579
CVE-2025-41113,0.00276,0.19984
CVE-2025-41114,0.00276,0.19987
CVE-2025-41115,0.18794,0.97121
CVE-2025-41116,0.00268,0.18999
CVE-2025-41117,0.00243,0.15642
CVE-2025-41118,0.00407,0.343
CVE-2025-41222,0.00285,0.21044
CVE-2025-41223,0.00116,0.01821
CVE-2025-41224,0.0022,0.12591
CVE-2025-41225,0.00256,0.17289
CVE-2025-41226,0.00269,0.19146
CVE-2025-41227,0.00161,0.05601
CVE-2025-41228,0.00891,0.57471
CVE-2025-41229,0.00672,0.50166
CVE-2025-41230,0.00432,0.36627
CVE-2025-41231,0.00172,0.06845
CVE-2025-41232,0.00619,0.47827
CVE-2025-41233,0.00327,0.25738
CVE-2025-41234,0.00597,0.46802
CVE-2025-41235,0.00343,0.27519
CVE-2025-41236,0.02526,0.84017
CVE-2025-41237,0.00448,0.37938
CVE-2025-41238,0.00448,0.37938
CVE-2025-41239,0.02932,0.86345
CVE-2025-41240,0.00702,0.51372
CVE-2025-41241,0.00288,0.21373
CVE-2025-41242,0.02054,0.80234
CVE-2025-41243,0.03548,0.88663
CVE-2025-41244,0.08438,0.94697
CVE-2025-41245,0.00601,0.46993
CVE-2025-41246,0.00276,0.20033
CVE-2025-41248,0.00434,0.36808
CVE-2025-41249,0.00461,0.38823
CVE-2025-41250,0.0064,0.48803
CVE-2025-41251,0.00798,0.54586
CVE-2025-41252,0.00686,0.5077
CVE-2025-41253,0.00446,0.37719
CVE-2025-41254,0.00293,0.21813
CVE-2025-41255,0.00175,0.07155
CVE-2025-41256,0.00121,0.02187
CVE-2025-41257,0.00248,0.16273
CVE-2025-41258,0.00344,0.27625
CVE-2025-41259,0.00101,0.01006
CVE-2025-41265,0.00882,0.57231
CVE-2025-41266,0.00882,0.57231
CVE-2025-41267,0.00882,0.57231
CVE-2025-41268,0.00437,0.37026
CVE-2025-41269,0.0138,0.70631
CVE-2025-41270,0.0138,0.70631
CVE-2025-41271,0.00434,0.368
CVE-2025-41272,0.0138,0.70632
CVE-2025-41273,0.00407,0.34312
CVE-2025-41274,0.0138,0.70631
CVE-2025-41275,0.0138,0.70632
CVE-2025-41276,0.0138,0.70631
CVE-2025-41277,0.0138,0.70632
CVE-2025-41278,0.0012,0.02125
CVE-2025-41279,0.00882,0.57231
CVE-2025-41280,0.00146,0.04217
CVE-2025-41281,0.00505,0.41734
CVE-2025-41335,0.00276,0.19989
CVE-2025-41336,0.003,0.22578
CVE-2025-41337,0.003,0.22579
CVE-2025-41338,0.00276,0.19987
CVE-2025-41339,0.00276,0.19984
CVE-2025-41340,0.00276,0.19986
CVE-2025-41341,0.00276,0.19986
CVE-2025-41342,0.00276,0.19986
CVE-2025-41343,0.00276,0.19985
CVE-2025-41344,0.00276,0.19985
CVE-2025-41345,0.00276,0.19985
CVE-2025-41346,0.00319,0.24736
CVE-2025-41347,0.00343,0.27556
CVE-2025-41348,0.00544,0.4409
CVE-2025-41349,0.00346,0.27871
CVE-2025-41350,0.00284,0.2092
CVE-2025-41351,0.00184,0.08197
CVE-2025-41355,0.00194,0.09242
CVE-2025-41356,0.00194,0.09243
CVE-2025-41357,0.00194,0.09243
CVE-2025-41358,0.00337,0.26828
CVE-2025-41359,0.00155,0.05051
CVE-2025-41360,0.00394,0.33071
CVE-2025-41361,0.0025,0.16432
CVE-2025-41362,0.00374,0.30883
CVE-2025-41363,0.00331,0.26076
CVE-2025-41364,0.00352,0.28532
CVE-2025-41365,0.00375,0.30977
CVE-2025-41366,0.00358,0.29191
CVE-2025-41367,0.00368,0.30288
CVE-2025-41368,0.00613,0.47538
CVE-2025-41370,0.00596,0.46734
CVE-2025-41371,0.00596,0.46734
CVE-2025-41372,0.0059,0.46497
CVE-2025-41373,0.01094,0.63719
CVE-2025-41374,0.0059,0.46497
CVE-2025-41375,0.00628,0.48283
CVE-2025-41376,0.00507,0.41852
CVE-2025-41377,0.00383,0.31878
CVE-2025-41378,0.00246,0.15935
CVE-2025-41379,0.00425,0.36029
CVE-2025-41380,0.00144,0.04021
CVE-2025-41384,0.00181,0.07906
CVE-2025-41385,0.01204,0.66583
CVE-2025-41388,0.00207,0.11001
CVE-2025-41390,0.00299,0.22495
CVE-2025-41391,0.00178,0.07532
CVE-2025-41392,0.00164,0.05989
CVE-2025-41393,0.00692,0.50989
CVE-2025-41395,0.00471,0.39515
CVE-2025-41396,0.00379,0.31445
CVE-2025-41399,0.00412,0.3481
CVE-2025-41402,0.00129,0.02902
CVE-2025-41403,0.01704,0.76024
CVE-2025-41404,0.00211,0.11499
CVE-2025-41406,0.00225,0.13307
CVE-2025-41407,0.01431,0.71611
CVE-2025-41408,0.00275,0.19885
CVE-2025-41410,0.00281,0.20585
CVE-2025-41413,0.00216,0.12181
CVE-2025-41414,0.00412,0.3481
CVE-2025-41415,0.00366,0.30063
CVE-2025-41418,0.00327,0.25706
CVE-2025-41420,0.01124,0.64507
CVE-2025-41421,0.00138,0.03517
CVE-2025-41423,0.00262,0.18073
CVE-2025-41425,0.00362,0.29697
CVE-2025-41426,0.00752,0.53098
CVE-2025-41427,0.00983,0.60443
CVE-2025-41428,0.00654,0.49469
CVE-2025-41429,0.00398,0.33389
CVE-2025-41430,0.00348,0.28086
CVE-2025-41431,0.00419,0.35493
CVE-2025-41432,0.00172,0.06861
CVE-2025-41433,0.00419,0.35493
CVE-2025-41436,0.00168,0.0638
CVE-2025-41437,0.00253,0.16839
CVE-2025-41438,0.00728,0.52281
CVE-2025-41439,0.0019,0.08833
CVE-2025-41441,0.00385,0.32093
CVE-2025-41442,0.00194,0.09233
CVE-2025-41443,0.00283,0.20826
CVE-2025-41444,0.01605,0.74538
CVE-2025-41450,0.00332,0.26314
CVE-2025-41451,0.00908,0.5803
CVE-2025-41452,0.00253,0.16902
CVE-2025-41458,0.00091,0.00542
CVE-2025-41459,0.00171,0.06716
CVE-2025-41645,0.00405,0.34167
CVE-2025-41646,0.51548,0.9888
CVE-2025-41647,0.00095,0.00731
CVE-2025-41648,0.00721,0.52038
CVE-2025-41649,0.00499,0.41354
CVE-2025-41650,0.00499,0.41353
CVE-2025-41651,0.006,0.46972
CVE-2025-41652,0.00471,0.39438
CVE-2025-41653,0.00594,0.46656
CVE-2025-41654,0.00415,0.35056
CVE-2025-41655,0.0047,0.39367
CVE-2025-41656,0.1267,0.96033
CVE-2025-41657,0.00199,0.09858
CVE-2025-41658,0.00122,0.02219
CVE-2025-41659,0.00222,0.12929
CVE-2025-41660,0.00429,0.36339
CVE-2025-41661,0.00279,0.20418
CVE-2025-41663,0.00645,0.4907
CVE-2025-41664,0.00233,0.14309
CVE-2025-41665,0.00308,0.23449
CVE-2025-41666,0.00513,0.42266
CVE-2025-41667,0.00518,0.4256
CVE-2025-41668,0.00513,0.42267
CVE-2025-41669,0.00218,0.12353
CVE-2025-41670,0.0019,0.08788
CVE-2025-41672,0.00356,0.28982
CVE-2025-41673,0.00615,0.47666
CVE-2025-41674,0.00615,0.47666
CVE-2025-41675,0.00615,0.47666
CVE-2025-41676,0.00551,0.44474
CVE-2025-41677,0.00584,0.462
CVE-2025-41678,0.00589,0.46409
CVE-2025-41679,0.00664,0.49847
CVE-2025-41681,0.00293,0.21907
CVE-2025-41682,0.00296,0.22168
CVE-2025-41683,0.00738,0.52629
CVE-2025-41684,0.00738,0.52629
CVE-2025-41685,0.00367,0.30168
CVE-2025-41686,0.00133,0.03185
CVE-2025-41687,0.00704,0.51433
CVE-2025-41688,0.0064,0.48816
CVE-2025-41689,0.00372,0.30685
CVE-2025-41690,0.00246,0.16007
CVE-2025-41691,0.00549,0.44392
CVE-2025-41692,0.00297,0.22276
CVE-2025-41693,0.00515,0.42418
CVE-2025-41694,0.00482,0.40256
CVE-2025-41695,0.0066,0.49701
CVE-2025-41696,0.0021,0.11421
CVE-2025-41697,0.00235,0.14553
CVE-2025-41698,0.00121,0.02165
CVE-2025-41699,0.00847,0.56135
CVE-2025-41700,0.00155,0.04973
CVE-2025-41701,0.00166,0.06192
CVE-2025-41702,0.00522,0.42854
CVE-2025-41703,0.01055,0.62584
CVE-2025-41704,0.01594,0.74375
CVE-2025-41705,0.00463,0.38969
CVE-2025-41706,0.01665,0.75445
CVE-2025-41707,0.01414,0.7129
CVE-2025-41708,0.00227,0.1351
CVE-2025-41709,0.02153,0.81166
CVE-2025-41710,0.00387,0.32299
CVE-2025-41711,0.0031,0.23703
CVE-2025-41712,0.00388,0.32388
CVE-2025-41713,0.00371,0.30583
CVE-2025-41714,0.00669,0.50064
CVE-2025-41715,0.00492,0.40889
CVE-2025-41716,0.00384,0.31974
CVE-2025-41717,0.00561,0.45066
CVE-2025-41718,0.00259,0.17724
CVE-2025-41719,0.00511,0.42146
CVE-2025-41720,0.00169,0.06513
CVE-2025-41721,0.00187,0.08496
CVE-2025-41722,0.00252,0.16747
CVE-2025-41723,0.01258,0.6798
CVE-2025-41724,0.00443,0.3748
CVE-2025-41726,0.00431,0.36515
CVE-2025-41727,0.0017,0.06653
CVE-2025-41728,0.00328,0.25833
CVE-2025-41729,0.00406,0.34264
CVE-2025-41730,0.00433,0.36706
CVE-2025-41731,0.00128,0.02748
CVE-2025-41732,0.00429,0.36369
CVE-2025-41733,0.00625,0.48155
CVE-2025-41734,0.00524,0.42994
CVE-2025-41735,0.00589,0.4641
CVE-2025-41736,0.00721,0.52063
CVE-2025-41737,0.00448,0.37935
CVE-2025-41738,0.00389,0.32489
CVE-2025-41739,0.00346,0.27891
CVE-2025-41742,0.00462,0.38898
CVE-2025-41743,0.0007,0.00041
CVE-2025-41744,0.00409,0.34449
CVE-2025-41745,0.00653,0.49399
CVE-2025-41746,0.09765,0.95261
CVE-2025-41747,0.09765,0.95262
CVE-2025-41748,0.09765,0.95262
CVE-2025-41749,0.00653,0.49399
CVE-2025-41750,0.09765,0.95263
CVE-2025-41751,0.09765,0.95261
CVE-2025-41752,0.09765,0.95262
CVE-2025-41754,0.00334,0.26549
CVE-2025-41755,0.00498,0.41255
CVE-2025-41756,0.00326,0.25592
CVE-2025-41757,0.00542,0.44035
CVE-2025-41758,0.00542,0.44035
CVE-2025-41759,0.0032,0.24954
CVE-2025-41760,0.0032,0.24954
CVE-2025-41761,0.00161,0.05606
CVE-2025-41762,0.00079,0.00172
CVE-2025-41763,0.00241,0.15351
CVE-2025-41764,0.00407,0.34337
CVE-2025-41765,0.00265,0.18473
CVE-2025-41766,0.00482,0.40263
CVE-2025-41767,0.0022,0.12581
CVE-2025-41768,0.0022,0.1259
CVE-2025-41769,0.00639,0.48764
CVE-2025-41770,0.00412,0.34798
CVE-2025-41771,0.0018,0.07813
CVE-2025-41772,0.00318,0.24669
CVE-2025-42598,0.00199,0.0985
CVE-2025-42599,0.03298,0.8784
CVE-2025-42600,0.00436,0.36989
CVE-2025-42601,0.00409,0.34456
CVE-2025-42602,0.00402,0.33807
CVE-2025-42603,0.00311,0.23829
CVE-2025-42604,0.0046,0.3877
CVE-2025-42605,0.00461,0.38816
CVE-2025-42611,0.00186,0.0841
CVE-2025-42615,0.00412,0.3477
CVE-2025-42616,0.00173,0.06959
CVE-2025-42620,0.00293,0.21844
CVE-2025-42701,0.00122,0.02236
CVE-2025-42706,0.00172,0.069
CVE-2025-42872,0.00259,0.17711
CVE-2025-42873,0.00381,0.31586
CVE-2025-42874,0.00469,0.39304
CVE-2025-42875,0.00342,0.27497
CVE-2025-42876,0.00303,0.2291
CVE-2025-42877,0.00541,0.43979
CVE-2025-42878,0.00359,0.29325
CVE-2025-42880,0.04504,0.90974
CVE-2025-42882,0.00227,0.13569
CVE-2025-42883,0.0025,0.16451
CVE-2025-42884,0.0026,0.17772
CVE-2025-42885,0.00307,0.23387
CVE-2025-42886,0.00243,0.15554
CVE-2025-42887,0.00597,0.46837
CVE-2025-42888,0.00108,0.01329
CVE-2025-42889,0.00186,0.08338
CVE-2025-42890,0.00686,0.50786
CVE-2025-42891,0.00307,0.23428
CVE-2025-42892,0.00814,0.55098
CVE-2025-42893,0.00228,0.13715
CVE-2025-42894,0.00277,0.20178
CVE-2025-42895,0.00158,0.05357
CVE-2025-42896,0.00317,0.24583
CVE-2025-42897,0.00231,0.14074
CVE-2025-42899,0.00245,0.15789
CVE-2025-42901,0.00226,0.13439
CVE-2025-42902,0.00374,0.30924
CVE-2025-42903,0.00335,0.26679
CVE-2025-42904,0.00332,0.26227
CVE-2025-42906,0.00429,0.36354
CVE-2025-42907,0.00219,0.12467
CVE-2025-42908,0.00156,0.05169
CVE-2025-42909,0.00242,0.15485
CVE-2025-42910,0.00479,0.4007
CVE-2025-42911,0.00214,0.11894
CVE-2025-42912,0.00231,0.14059
CVE-2025-42913,0.00202,0.10291
CVE-2025-42914,0.00202,0.10292
CVE-2025-42915,0.00182,0.08004
CVE-2025-42916,0.00267,0.18859
CVE-2025-42917,0.00231,0.14059
CVE-2025-42918,0.00214,0.11894
CVE-2025-42919,0.00465,0.39054
CVE-2025-42920,0.0026,0.17805
CVE-2025-42921,0.00197,0.09611
CVE-2025-42922,0.007,0.51306
CVE-2025-42923,0.00137,0.03483
CVE-2025-42924,0.0021,0.1135
CVE-2025-42925,0.00234,0.14363
CVE-2025-42926,0.00299,0.22511
CVE-2025-42927,0.00136,0.03386
CVE-2025-42928,0.09557,0.95187
CVE-2025-42929,0.00232,0.14146
CVE-2025-42930,0.00317,0.24539
CVE-2025-42933,0.00275,0.19952
CVE-2025-42934,0.00251,0.16641
CVE-2025-42935,0.00135,0.03287
CVE-2025-42936,0.00187,0.0847
CVE-2025-42937,0.00743,0.52797
CVE-2025-42938,0.0022,0.12614
CVE-2025-42939,0.00229,0.13825
CVE-2025-42940,0.00423,0.35836
CVE-2025-42941,0.00197,0.09664
CVE-2025-42942,0.0022,0.12614
CVE-2025-42943,0.00308,0.23462
CVE-2025-42944,0.02893,0.86166
CVE-2025-42945,0.00202,0.1031
CVE-2025-42946,0.0092,0.58387
CVE-2025-42947,0.00294,0.21985
CVE-2025-42948,0.0022,0.12614
CVE-2025-42949,0.00312,0.24037
CVE-2025-42950,0.00673,0.50205
CVE-2025-42951,0.0047,0.39383
CVE-2025-42952,0.00389,0.32508
CVE-2025-42953,0.00446,0.37745
CVE-2025-42954,0.00403,0.34007
CVE-2025-42955,0.0044,0.37282
CVE-2025-42956,0.00207,0.1105
CVE-2025-42957,0.01589,0.743
CVE-2025-42958,0.00687,0.50838
CVE-2025-42959,0.00505,0.41742
CVE-2025-42960,0.00204,0.10525
CVE-2025-42961,0.00309,0.23612
CVE-2025-42962,0.00227,0.13587
CVE-2025-42963,0.0074,0.52705
CVE-2025-42964,0.0072,0.52033
CVE-2025-42965,0.00234,0.14482
CVE-2025-42966,0.0072,0.52033
CVE-2025-42967,0.00909,0.58066
CVE-2025-42968,0.00247,0.16067
CVE-2025-42969,0.00218,0.12315
CVE-2025-42970,0.00294,0.21979
CVE-2025-42971,0.00141,0.03759
CVE-2025-42973,0.00183,0.08052
CVE-2025-42974,0.00247,0.16067
CVE-2025-42975,0.0025,0.1653
CVE-2025-42976,0.00408,0.34378
CVE-2025-42977,0.00591,0.46535
CVE-2025-42978,0.00128,0.02753
CVE-2025-42979,0.00131,0.03078
CVE-2025-42980,0.00763,0.53472
CVE-2025-42981,0.00213,0.1171
CVE-2025-42982,0.00393,0.3291
CVE-2025-42983,0.00314,0.24234
CVE-2025-42984,0.00263,0.18181
CVE-2025-42985,0.00234,0.14482
CVE-2025-42986,0.00217,0.12217
CVE-2025-42987,0.00221,0.12786
CVE-2025-42988,0.00253,0.16892
CVE-2025-42989,0.00441,0.37377
CVE-2025-42990,0.00216,0.12125
CVE-2025-42991,0.00221,0.12786
CVE-2025-42992,0.00123,0.02356
CVE-2025-42993,0.00432,0.36655
CVE-2025-42994,0.00432,0.36624
CVE-2025-42995,0.00411,0.347
CVE-2025-42996,0.00237,0.14824
CVE-2025-42997,0.00269,0.19147
CVE-2025-42998,0.00192,0.09048
CVE-2025-42999,0.13868,0.96318
CVE-2025-43000,0.00156,0.05134
CVE-2025-43001,0.0014,0.03737
CVE-2025-43002,0.00291,0.216
CVE-2025-43003,0.00306,0.23221
CVE-2025-43004,0.00343,0.27584
CVE-2025-43005,0.00177,0.07456
CVE-2025-43006,0.0029,0.2152
CVE-2025-43007,0.00249,0.16378
CVE-2025-43008,0.0035,0.28312
CVE-2025-43009,0.00249,0.16378
CVE-2025-43010,0.00457,0.38527
CVE-2025-43011,0.00354,0.28741
CVE-2025-43012,0.00631,0.48394
CVE-2025-43013,0.00152,0.04733
CVE-2025-43014,0.00226,0.13361
CVE-2025-43015,0.00251,0.16602
CVE-2025-43016,0.00354,0.28752
CVE-2025-43017,0.0025,0.16504
CVE-2025-43018,0.00274,0.19798
CVE-2025-43019,0.00112,0.01537
CVE-2025-43020,0.00254,0.17127
CVE-2025-43021,0.00153,0.04755
CVE-2025-43022,0.00324,0.25376
CVE-2025-43023,0.00246,0.16036
CVE-2025-43024,0.00258,0.17598
CVE-2025-43025,0.00263,0.18235
CVE-2025-43026,0.00132,0.0314
CVE-2025-43027,0.00338,0.26965
CVE-2025-43079,0.00162,0.05746
CVE-2025-43184,0.00695,0.51111
CVE-2025-43185,0.00154,0.04825
CVE-2025-43186,0.01154,0.65265
CVE-2025-43187,0.00228,0.13717
CVE-2025-43188,0.00221,0.12697
CVE-2025-43189,0.00768,0.53647
CVE-2025-43190,0.00271,0.19305
CVE-2025-43191,0.00249,0.16354
CVE-2025-43192,0.00662,0.49805
CVE-2025-43193,0.00769,0.53675
CVE-2025-43194,0.00763,0.53475
CVE-2025-43195,0.00208,0.11112
CVE-2025-43196,0.0024,0.15289
CVE-2025-43197,0.00204,0.10504
CVE-2025-43198,0.00639,0.4878
CVE-2025-43199,0.00763,0.53475
CVE-2025-43200,0.01037,0.62079
CVE-2025-43201,0.00146,0.0424
CVE-2025-43202,0.00424,0.3591
CVE-2025-43203,0.00226,0.13434
CVE-2025-43204,0.00344,0.27638
CVE-2025-43205,0.00149,0.0441
CVE-2025-43206,0.00237,0.14855
CVE-2025-43207,0.00196,0.09556
CVE-2025-43208,0.00196,0.09556
CVE-2025-43209,0.00914,0.58206
CVE-2025-43210,0.00465,0.39033
CVE-2025-43211,0.00377,0.31177
CVE-2025-43212,0.01022,0.6158
CVE-2025-43213,0.00757,0.53265
CVE-2025-43214,0.00996,0.60808
CVE-2025-43215,0.00226,0.13342
CVE-2025-43216,0.01072,0.63077
CVE-2025-43217,0.00199,0.09922
CVE-2025-43218,0.00212,0.11595
CVE-2025-43219,0.00427,0.36146
CVE-2025-43220,0.00858,0.56499
CVE-2025-43221,0.00215,0.12036
CVE-2025-43222,0.00773,0.53783
CVE-2025-43223,0.00991,0.60672
CVE-2025-43224,0.0038,0.31492
CVE-2025-43225,0.00208,0.11137
CVE-2025-43226,0.00238,0.14931
CVE-2025-43227,0.01212,0.66844
CVE-2025-43228,0.00896,0.57645
CVE-2025-43229,0.00336,0.26771
CVE-2025-43230,0.00217,0.12245
CVE-2025-43231,0.00227,0.13461
CVE-2025-43232,0.00753,0.53136
CVE-2025-43233,0.00742,0.52781
CVE-2025-43234,0.01016,0.61432
CVE-2025-43235,0.00193,0.09217
CVE-2025-43236,0.00207,0.11009
CVE-2025-43237,0.00532,0.4346
CVE-2025-43238,0.00234,0.14408
CVE-2025-43239,0.0023,0.13868
CVE-2025-43240,0.0088,0.57186
CVE-2025-43241,0.00206,0.10801
CVE-2025-43243,0.00742,0.52781
CVE-2025-43244,0.00583,0.46138
CVE-2025-43245,0.00711,0.51702
CVE-2025-43246,0.00208,0.11112
CVE-2025-43247,0.00484,0.4036
CVE-2025-43248,0.00218,0.12418
CVE-2025-43249,0.00218,0.12418
CVE-2025-43250,0.00239,0.15107
CVE-2025-43251,0.00165,0.06103
CVE-2025-43252,0.005,0.414
CVE-2025-43253,0.00747,0.52949
CVE-2025-43254,0.00218,0.12375
CVE-2025-43255,0.00198,0.09823
CVE-2025-43256,0.00212,0.11689
CVE-2025-43257,0.00181,0.0789
CVE-2025-43259,0.00289,0.21446
CVE-2025-43260,0.00214,0.11926
CVE-2025-43261,0.00803,0.54745
CVE-2025-43262,0.00196,0.09485
CVE-2025-43263,0.00212,0.11577
CVE-2025-43264,0.00401,0.33753
CVE-2025-43265,0.00305,0.23147
CVE-2025-43266,0.00213,0.11697
CVE-2025-43267,0.00247,0.16153
CVE-2025-43268,0.00168,0.06494
CVE-2025-43270,0.00207,0.10961
CVE-2025-43272,0.01029,0.61816
CVE-2025-43273,0.00648,0.49184
CVE-2025-43274,0.0013,0.02973
CVE-2025-43275,0.00609,0.47344
CVE-2025-43276,0.0038,0.31533
CVE-2025-43277,0.00295,0.22104
CVE-2025-43278,0.00151,0.04635
CVE-2025-43279,0.00211,0.1156
CVE-2025-43280,0.00211,0.11453
CVE-2025-43281,0.00147,0.04294
CVE-2025-43282,0.00157,0.05216
CVE-2025-43283,0.0039,0.32632
CVE-2025-43284,0.00158,0.0532
CVE-2025-43285,0.00346,0.27882
CVE-2025-43286,0.00191,0.08901
CVE-2025-43287,0.00226,0.13449
CVE-2025-43288,0.00176,0.0733
CVE-2025-43289,0.00139,0.03599
CVE-2025-43290,0.00129,0.02861
CVE-2025-43291,0.00217,0.12227
CVE-2025-43292,0.00171,0.06735
CVE-2025-43293,0.00235,0.14509
CVE-2025-43294,0.00181,0.07882
CVE-2025-43295,0.00232,0.14126
CVE-2025-43296,0.00142,0.0385
CVE-2025-43297,0.00367,0.30145
CVE-2025-43298,0.00241,0.15349
CVE-2025-43299,0.00232,0.14126
CVE-2025-43300,0.21994,0.97526
CVE-2025-43301,0.00229,0.13761
CVE-2025-43302,0.00262,0.18104
CVE-2025-43303,0.00226,0.1344
CVE-2025-43304,0.00252,0.16729
CVE-2025-43305,0.00224,0.13137
CVE-2025-43306,0.00135,0.03306
CVE-2025-43307,0.0019,0.08822
CVE-2025-43308,0.00391,0.32648
CVE-2025-43309,0.00151,0.04595
CVE-2025-43310,0.00206,0.10867
CVE-2025-43311,0.00229,0.1375
CVE-2025-43312,0.00256,0.17335
CVE-2025-43313,0.00153,0.04816
CVE-2025-43314,0.0025,0.16444
CVE-2025-43315,0.00214,0.11937
CVE-2025-43316,0.00318,0.24616
CVE-2025-43317,0.00224,0.13136
CVE-2025-43318,0.002,0.10079
CVE-2025-43319,0.00224,0.13136
CVE-2025-43320,0.0019,0.08794
CVE-2025-43321,0.00224,0.13136
CVE-2025-43322,0.00198,0.09794
CVE-2025-43323,0.00366,0.30101
CVE-2025-43325,0.00208,0.11103
CVE-2025-43326,0.00226,0.1344
CVE-2025-43327,0.00473,0.39665
CVE-2025-43328,0.00165,0.06115
CVE-2025-43329,0.00309,0.23615
CVE-2025-43330,0.00234,0.14391
CVE-2025-43331,0.0019,0.08821
CVE-2025-43332,0.00187,0.08498
CVE-2025-43333,0.00344,0.27638
CVE-2025-43334,0.00198,0.09795
CVE-2025-43335,0.00198,0.09795
CVE-2025-43336,0.0019,0.08783
CVE-2025-43337,0.0019,0.08796
CVE-2025-43338,0.00245,0.15791
CVE-2025-43339,0.00112,0.01576
CVE-2025-43340,0.00194,0.09338
CVE-2025-43341,0.00183,0.08128
CVE-2025-43342,0.00747,0.52942
CVE-2025-43343,0.00769,0.53685
CVE-2025-43344,0.00322,0.25162
CVE-2025-43345,0.00146,0.04222
CVE-2025-43346,0.00237,0.14817
CVE-2025-43347,0.00892,0.57519
CVE-2025-43348,0.00225,0.13222
CVE-2025-43349,0.00508,0.41937
CVE-2025-43350,0.00192,0.09028
CVE-2025-43351,0.00165,0.061
CVE-2025-43353,0.00207,0.10931
CVE-2025-43354,0.00229,0.13745
CVE-2025-43355,0.00234,0.14379
CVE-2025-43356,0.00648,0.49183
CVE-2025-43357,0.00232,0.14199
CVE-2025-43358,0.00297,0.22257
CVE-2025-43359,0.00926,0.5859
CVE-2025-43360,0.00145,0.04106
CVE-2025-43361,0.00196,0.0949
CVE-2025-43362,0.01098,0.63829
CVE-2025-43364,0.00164,0.05924
CVE-2025-43365,0.00123,0.02364
CVE-2025-43366,0.00212,0.11581
CVE-2025-43367,0.00218,0.12324
CVE-2025-43368,0.00768,0.53646
CVE-2025-43369,0.0019,0.08791
CVE-2025-43370,0.00344,0.27666
CVE-2025-43371,0.00197,0.09648
CVE-2025-43372,0.00518,0.42608
CVE-2025-43373,0.00459,0.38654
CVE-2025-43374,0.00196,0.09467
CVE-2025-43375,0.00341,0.27338
CVE-2025-43376,0.00758,0.53299
CVE-2025-43377,0.00176,0.07326
CVE-2025-43378,0.00201,0.10091
CVE-2025-43379,0.00199,0.09915
CVE-2025-43380,0.00186,0.08347
CVE-2025-43381,0.00196,0.09564
CVE-2025-43382,0.00204,0.10583
CVE-2025-43383,0.00936,0.58925
CVE-2025-43384,0.00936,0.58925
CVE-2025-43385,0.00936,0.58925
CVE-2025-43386,0.0021,0.11328
CVE-2025-43387,0.0016,0.05477
CVE-2025-43388,0.00215,0.12059
CVE-2025-43389,0.00179,0.07668
CVE-2025-43390,0.00132,0.0311
CVE-2025-43391,0.00193,0.09122
CVE-2025-43392,0.0047,0.39427
CVE-2025-43393,0.00153,0.04771
CVE-2025-43394,0.00231,0.14009
CVE-2025-43395,0.00205,0.1065
CVE-2025-43396,0.00185,0.08236
CVE-2025-43397,0.00172,0.06827
CVE-2025-43398,0.00185,0.08301
CVE-2025-43399,0.00552,0.44531
CVE-2025-43400,0.06439,0.93342
CVE-2025-43401,0.00957,0.59565
CVE-2025-43402,0.00217,0.12249
CVE-2025-43403,0.00179,0.07609
CVE-2025-43404,0.00158,0.05295
CVE-2025-43405,0.00552,0.44531
CVE-2025-43406,0.00201,0.10171
CVE-2025-43407,0.0019,0.08865
CVE-2025-43408,0.00241,0.15377
CVE-2025-43409,0.00191,0.08908
CVE-2025-43410,0.00245,0.15894
CVE-2025-43411,0.00195,0.09455
CVE-2025-43412,0.00166,0.06152
CVE-2025-43413,0.0058,0.45984
CVE-2025-43414,0.00209,0.1124
CVE-2025-43416,0.00414,0.35006
CVE-2025-43417,0.00211,0.11559
CVE-2025-43418,0.0018,0.07832
CVE-2025-43419,0.0038,0.3151
CVE-2025-43420,0.00132,0.0311
CVE-2025-43421,0.00603,0.47115
CVE-2025-43422,0.00196,0.09469
CVE-2025-43423,0.0023,0.13887
CVE-2025-43424,0.00283,0.20849
CVE-2025-43425,0.00664,0.49879
CVE-2025-43426,0.00255,0.17216
CVE-2025-43427,0.00517,0.42528
CVE-2025-43428,0.00712,0.51713
CVE-2025-43429,0.01409,0.71195
CVE-2025-43430,0.01022,0.61623
CVE-2025-43431,0.00804,0.54799
CVE-2025-43432,0.00793,0.54405
CVE-2025-43433,0.011,0.6386
CVE-2025-43434,0.01208,0.66712
CVE-2025-43435,0.00701,0.51328
CVE-2025-43436,0.00542,0.44002
CVE-2025-43437,0.00137,0.03462
CVE-2025-43438,0.01038,0.62086
CVE-2025-43439,0.00184,0.08142
CVE-2025-43440,0.00473,0.39671
CVE-2025-43441,0.00895,0.57629
CVE-2025-43442,0.0017,0.06694
CVE-2025-43443,0.0068,0.5052
CVE-2025-43444,0.00508,0.41919
CVE-2025-43445,0.01041,0.62172
CVE-2025-43446,0.00216,0.12103
CVE-2025-43447,0.00179,0.07647
CVE-2025-43448,0.00294,0.21939
CVE-2025-43449,0.0042,0.35577
CVE-2025-43450,0.00375,0.31071
CVE-2025-43451,0.00135,0.03311
CVE-2025-43452,0.00223,0.12938
CVE-2025-43454,0.00432,0.36614
CVE-2025-43455,0.00242,0.15496
CVE-2025-43457,0.00572,0.45609
CVE-2025-43458,0.00575,0.45761
CVE-2025-43459,0.0023,0.13939
CVE-2025-43460,0.0023,0.1394
CVE-2025-43461,0.00198,0.0975
CVE-2025-43462,0.00597,0.4682
CVE-2025-43463,0.00216,0.12174
CVE-2025-43464,0.00384,0.31948
CVE-2025-43465,0.00194,0.09254
CVE-2025-43466,0.00222,0.1283
CVE-2025-43467,0.00187,0.08522
CVE-2025-43468,0.00118,0.01916
CVE-2025-43469,0.00175,0.07215
CVE-2025-43470,0.00133,0.03191
CVE-2025-43471,0.0018,0.07706
CVE-2025-43472,0.00185,0.08297
CVE-2025-43473,0.00202,0.1022
CVE-2025-43474,0.00184,0.08138
CVE-2025-43475,0.00152,0.04741
CVE-2025-43476,0.00191,0.08915
CVE-2025-43477,0.00185,0.08237
CVE-2025-43478,0.00169,0.06592
CVE-2025-43479,0.00195,0.0937
CVE-2025-43480,0.00458,0.38593
CVE-2025-43481,0.00146,0.04176
CVE-2025-43482,0.00198,0.09783
CVE-2025-43483,0.00153,0.04755
CVE-2025-43484,0.00186,0.08438
CVE-2025-43485,0.0018,0.07826
CVE-2025-43486,0.00187,0.08507
CVE-2025-43487,0.00226,0.13452
CVE-2025-43488,0.00193,0.09195
CVE-2025-43489,0.00252,0.16797
CVE-2025-43490,0.00165,0.06066
CVE-2025-43491,0.00283,0.20818
CVE-2025-43493,0.00362,0.29633
CVE-2025-43494,0.00573,0.45666
CVE-2025-43495,0.0022,0.12595
CVE-2025-43496,0.00489,0.40683
CVE-2025-43497,0.00153,0.04771
CVE-2025-43498,0.00183,0.08045
CVE-2025-43499,0.00175,0.07252
CVE-2025-43500,0.00489,0.40698
CVE-2025-43501,0.00773,0.53782
CVE-2025-43502,0.0044,0.37292
CVE-2025-43503,0.00389,0.32496
CVE-2025-43504,0.00349,0.28212
CVE-2025-43505,0.00268,0.18999
CVE-2025-43506,0.00467,0.39184
CVE-2025-43507,0.00356,0.28985
CVE-2025-43508,0.00167,0.06262
CVE-2025-43509,0.00208,0.11119
CVE-2025-43510,0.00355,0.28974
CVE-2025-43511,0.00462,0.38879
CVE-2025-43512,0.00182,0.07996
CVE-2025-43513,0.00196,0.09466
CVE-2025-43514,0.0018,0.07705
CVE-2025-43515,0.00281,0.20583
CVE-2025-43516,0.00165,0.06038
CVE-2025-43517,0.00179,0.0765
CVE-2025-43518,0.00157,0.05217
CVE-2025-43519,0.00335,0.26663
CVE-2025-43520,0.00425,0.36018
CVE-2025-43521,0.00132,0.03111
CVE-2025-43522,0.00116,0.01826
CVE-2025-43523,0.00187,0.08483
CVE-2025-43524,0.00119,0.01978
CVE-2025-43526,0.00533,0.4348
CVE-2025-43527,0.0016,0.05477
CVE-2025-43529,0.08763,0.94873
CVE-2025-43530,0.0022,0.1256
CVE-2025-43531,0.00454,0.38335
CVE-2025-43532,0.00274,0.19822
CVE-2025-43533,0.00303,0.22908
CVE-2025-43534,0.00208,0.11153
CVE-2025-43535,0.00849,0.56183
CVE-2025-43536,0.00577,0.45813
CVE-2025-43537,0.00493,0.4099
CVE-2025-43538,0.03014,0.86695
CVE-2025-43539,0.06155,0.9308
CVE-2025-43541,0.3414,0.98311
CVE-2025-43542,0.00857,0.56468
CVE-2025-43545,0.00328,0.25809
CVE-2025-43546,0.00328,0.25809
CVE-2025-43547,0.00284,0.20878
CVE-2025-43548,0.00218,0.12388
CVE-2025-43549,0.00264,0.18322
CVE-2025-43550,0.00451,0.38114
CVE-2025-43551,0.00219,0.12511
CVE-2025-43553,0.0024,0.15253
CVE-2025-43554,0.00218,0.12388
CVE-2025-43555,0.00282,0.20702
CVE-2025-43556,0.00284,0.20877
CVE-2025-43557,0.00282,0.20701
CVE-2025-43558,0.00275,0.19904
CVE-2025-43559,0.01465,0.72262
CVE-2025-43560,0.19427,0.9721
CVE-2025-43561,0.20559,0.97375
CVE-2025-43562,0.45123,0.98714
CVE-2025-43563,0.15287,0.96575
CVE-2025-43564,0.15287,0.96575
CVE-2025-43565,0.15746,0.96675
CVE-2025-43566,0.55106,0.98971
CVE-2025-43567,0.00488,0.40619
CVE-2025-43568,0.00264,0.18322
CVE-2025-43569,0.00218,0.12388
CVE-2025-43570,0.00264,0.18322
CVE-2025-43571,0.00264,0.18321
CVE-2025-43572,0.00217,0.12228
CVE-2025-43573,0.00446,0.37755
CVE-2025-43574,0.00446,0.37756
CVE-2025-43575,0.00367,0.30159
CVE-2025-43576,0.00548,0.44317
CVE-2025-43577,0.00451,0.38115
CVE-2025-43578,0.00464,0.39008
CVE-2025-43579,0.00203,0.10438
CVE-2025-43580,0.00207,0.10931
CVE-2025-43581,0.00266,0.18585
CVE-2025-43582,0.00221,0.1278
CVE-2025-43583,0.00212,0.11606
CVE-2025-43584,0.00236,0.14696
CVE-2025-43585,0.00535,0.43611
CVE-2025-43586,0.0057,0.45489
CVE-2025-43587,0.00232,0.14225
CVE-2025-43588,0.00268,0.18959
CVE-2025-43589,0.00334,0.26555
CVE-2025-43590,0.00275,0.19903
CVE-2025-43591,0.00242,0.15491
CVE-2025-43592,0.0022,0.12573
CVE-2025-43593,0.00275,0.19903
CVE-2025-43594,0.00199,0.09832
CVE-2025-43595,0.00414,0.34976
CVE-2025-43596,0.00419,0.35441
CVE-2025-43697,0.00444,0.37616
CVE-2025-43698,0.00488,0.40662
CVE-2025-43699,0.00419,0.35425
CVE-2025-43700,0.00425,0.36013
CVE-2025-43701,0.00444,0.37616
CVE-2025-43703,0.0023,0.13949
CVE-2025-43704,0.0014,0.03743
CVE-2025-43706,0.00323,0.25298
CVE-2025-43708,0.00396,0.3319
CVE-2025-43711,0.00153,0.04795
CVE-2025-43712,0.0025,0.16427
CVE-2025-43713,0.00405,0.34118
CVE-2025-43714,0.00645,0.49054
CVE-2025-43715,0.002,0.1008
CVE-2025-43716,0.01176,0.65885
CVE-2025-43717,0.00329,0.25936
CVE-2025-43718,0.00134,0.03237
CVE-2025-43720,0.00361,0.29586
CVE-2025-43722,0.00134,0.03262
CVE-2025-43723,0.00184,0.08145
CVE-2025-43724,0.00127,0.02698
CVE-2025-43725,0.00129,0.02901
CVE-2025-43726,0.00137,0.0345
CVE-2025-43727,0.00358,0.29227
CVE-2025-43728,0.00351,0.2842
CVE-2025-43729,0.00127,0.0272
CVE-2025-43730,0.0021,0.11351
CVE-2025-43731,0.00219,0.1245
CVE-2025-43732,0.00248,0.16207
CVE-2025-43733,0.00216,0.12064
CVE-2025-43734,0.00219,0.1245
CVE-2025-43735,0.00218,0.12369
CVE-2025-43736,0.00285,0.21049
CVE-2025-43737,0.00285,0.21019
CVE-2025-43738,0.00217,0.1222
CVE-2025-43739,0.00282,0.20716
CVE-2025-43740,0.00215,0.1201
CVE-2025-43741,0.00217,0.1222
CVE-2025-43742,0.00195,0.09344
CVE-2025-43743,0.00286,0.21144
CVE-2025-43744,0.00182,0.07963
CVE-2025-43745,0.00248,0.1623
CVE-2025-43746,0.00217,0.12193
CVE-2025-43747,0.00214,0.11815
CVE-2025-43748,0.00167,0.06283
CVE-2025-43749,0.00263,0.18204
CVE-2025-43750,0.00308,0.23445
CVE-2025-43751,0.00306,0.23279
CVE-2025-43752,0.00316,0.24397
CVE-2025-43753,0.00203,0.10368
CVE-2025-43754,0.00251,0.16688
CVE-2025-43755,0.00215,0.1198
CVE-2025-43756,0.00219,0.12451
CVE-2025-43757,0.00217,0.12219
CVE-2025-43758,0.00322,0.25168
CVE-2025-43759,0.00277,0.20168
CVE-2025-43760,0.00264,0.18316
CVE-2025-43761,0.00194,0.09325
CVE-2025-43762,0.00389,0.32524
CVE-2025-43763,0.00196,0.0953
CVE-2025-43764,0.0031,0.23727
CVE-2025-43765,0.00194,0.09326
CVE-2025-43766,0.0044,0.37258
CVE-2025-43767,0.00184,0.08194
CVE-2025-43768,0.00324,0.25388
CVE-2025-43769,0.00226,0.13376
CVE-2025-43770,0.00196,0.09523
CVE-2025-43771,0.00212,0.11586
CVE-2025-43772,0.00505,0.41722
CVE-2025-43773,0.00288,0.21392
CVE-2025-43775,0.00217,0.12193
CVE-2025-43776,0.00215,0.1198
CVE-2025-43777,0.00232,0.14146
CVE-2025-43778,0.00226,0.13376
CVE-2025-43779,0.00232,0.14141
CVE-2025-43781,0.00232,0.14141
CVE-2025-43782,0.00323,0.25244
CVE-2025-43783,0.00245,0.15801
CVE-2025-43784,0.00256,0.17289
CVE-2025-43785,0.00224,0.13124
CVE-2025-43786,0.00306,0.23249
CVE-2025-43787,0.00212,0.11587
CVE-2025-43788,0.00262,0.181
CVE-2025-43789,0.00212,0.11576
CVE-2025-43790,0.00329,0.25925
CVE-2025-43791,0.00214,0.11824
CVE-2025-43792,0.00311,0.23883
CVE-2025-43793,0.00405,0.34194
CVE-2025-43794,0.00234,0.1448
CVE-2025-43795,0.00239,0.15073
CVE-2025-43796,0.00371,0.30614
CVE-2025-43797,0.00247,0.16117
CVE-2025-43798,0.00177,0.07449
CVE-2025-43799,0.00261,0.18007
CVE-2025-43800,0.00222,0.12853
CVE-2025-43801,0.00402,0.33876
CVE-2025-43802,0.0026,0.17845
CVE-2025-43803,0.00275,0.19952
CVE-2025-43804,0.00232,0.14141
CVE-2025-43805,0.0029,0.21549
CVE-2025-43806,0.00251,0.166
CVE-2025-43807,0.00213,0.11781
CVE-2025-43808,0.00371,0.30549
CVE-2025-43809,0.00181,0.07864
CVE-2025-43810,0.00271,0.1936
CVE-2025-43811,0.0022,0.12561
CVE-2025-43812,0.00212,0.11586
CVE-2025-43813,0.00498,0.41277
CVE-2025-43814,0.00352,0.28545
CVE-2025-43815,0.00241,0.1531
CVE-2025-43816,0.00337,0.26914
CVE-2025-43817,0.00214,0.11824
CVE-2025-43818,0.00222,0.12853
CVE-2025-43819,0.00177,0.07467
CVE-2025-43820,0.00212,0.11586
CVE-2025-43821,0.00222,0.12792
CVE-2025-43822,0.00222,0.12791
CVE-2025-43823,0.00222,0.12793
CVE-2025-43824,0.00234,0.14454
CVE-2025-43825,0.00303,0.22886
CVE-2025-43826,0.00222,0.12792
CVE-2025-43827,0.00288,0.21391
CVE-2025-43829,0.00222,0.12792
CVE-2025-43830,0.00243,0.15559
CVE-2025-43832,0.00217,0.12275
CVE-2025-43833,0.00338,0.26957
CVE-2025-43834,0.00214,0.11858
CVE-2025-43835,0.00145,0.04068
CVE-2025-43836,0.00217,0.12274
CVE-2025-43837,0.00217,0.12273
CVE-2025-43838,0.00285,0.20973
CVE-2025-43839,0.00217,0.12274
CVE-2025-43840,0.00131,0.03052
CVE-2025-43841,0.00204,0.10612
CVE-2025-43842,0.02075,0.80446
CVE-2025-43843,0.02229,0.81806
CVE-2025-43844,0.02075,0.80446
CVE-2025-43845,0.00926,0.58565
CVE-2025-43846,0.00895,0.57602
CVE-2025-43847,0.00895,0.57603
CVE-2025-43848,0.00895,0.57602
CVE-2025-43849,0.00883,0.57262
CVE-2025-43850,0.00883,0.57262
CVE-2025-43851,0.00934,0.58845
CVE-2025-43852,0.00934,0.58845
CVE-2025-43853,0.00274,0.19775
CVE-2025-43854,0.00227,0.13581
CVE-2025-43855,0.00398,0.33459
CVE-2025-43856,0.00377,0.31169
CVE-2025-43857,0.0047,0.3938
CVE-2025-43858,0.00253,0.1691
CVE-2025-43859,0.00581,0.46029
CVE-2025-43860,0.14091,0.96357
CVE-2025-43861,0.0025,0.16424
CVE-2025-43862,0.00324,0.25308
CVE-2025-43863,0.0047,0.39377
CVE-2025-43864,0.20205,0.97319
CVE-2025-43865,0.00797,0.54531
CVE-2025-43866,0.00391,0.32649
CVE-2025-43873,0.00289,0.21445
CVE-2025-43875,0.00292,0.21742
CVE-2025-43876,0.00282,0.20742
CVE-2025-43877,0.00211,0.11556
CVE-2025-43878,0.00165,0.06019
CVE-2025-43879,0.02197,0.81541
CVE-2025-43880,0.00294,0.21929
CVE-2025-43881,0.00292,0.21799
CVE-2025-43882,0.00127,0.0272
CVE-2025-43883,0.00141,0.03754
CVE-2025-43884,0.00462,0.38861
CVE-2025-43885,0.00526,0.43094
CVE-2025-43886,0.00158,0.05364
CVE-2025-43887,0.00101,0.01012
CVE-2025-43888,0.00142,0.03902
CVE-2025-43889,0.00381,0.31606
CVE-2025-43890,0.00596,0.46743
CVE-2025-43891,0.0021,0.11368
CVE-2025-43892,0.00381,0.31645
CVE-2025-43903,0.00112,0.01541
CVE-2025-43904,0.00248,0.16207
CVE-2025-43905,0.0033,0.26052
CVE-2025-43906,0.00596,0.46744
CVE-2025-43907,0.00385,0.32015
CVE-2025-43908,0.00382,0.31714
CVE-2025-43909,0.00161,0.057
CVE-2025-43910,0.00129,0.02891
CVE-2025-43911,0.00596,0.46743
CVE-2025-43912,0.00355,0.28941
CVE-2025-43913,0.00168,0.06378
CVE-2025-43914,0.00102,0.01038
CVE-2025-43915,0.00316,0.2444
CVE-2025-43916,0.00209,0.11208
CVE-2025-43917,0.00164,0.05925
CVE-2025-43918,0.00102,0.01035
CVE-2025-43919,0.01345,0.69879
CVE-2025-43920,0.00562,0.45097
CVE-2025-43921,0.00432,0.36655
CVE-2025-43922,0.00136,0.03362
CVE-2025-43923,0.0025,0.16421
CVE-2025-43924,0.0023,0.13953
CVE-2025-43925,0.00137,0.03442
CVE-2025-43926,0.0023,0.13953
CVE-2025-43928,0.00881,0.57208
CVE-2025-43929,0.00184,0.08165
CVE-2025-43930,0.00455,0.38408
CVE-2025-43931,0.00341,0.27375
CVE-2025-43932,0.00341,0.27374
CVE-2025-43933,0.00369,0.30351
CVE-2025-43934,0.00169,0.06509
CVE-2025-43935,0.00142,0.03842
CVE-2025-43937,0.00141,0.03746
CVE-2025-43938,0.00112,0.01535
CVE-2025-43939,0.0059,0.4645
CVE-2025-43940,0.0059,0.4645
CVE-2025-43941,0.0071,0.51644
CVE-2025-43942,0.0059,0.4645
CVE-2025-43943,0.00464,0.38995
CVE-2025-43946,0.00929,0.58679
CVE-2025-43947,0.00321,0.24981
CVE-2025-43948,0.00294,0.21921
CVE-2025-43949,0.00401,0.33744
CVE-2025-43950,0.00176,0.07307
CVE-2025-43951,0.00441,0.37363
CVE-2025-43952,0.0023,0.13977
CVE-2025-43953,0.07619,0.94224
CVE-2025-43954,0.00202,0.10219
CVE-2025-43955,0.00336,0.26745
CVE-2025-43960,0.0073,0.52354
CVE-2025-43961,0.00419,0.35429
CVE-2025-43962,0.00419,0.35429
CVE-2025-43963,0.00422,0.35763
CVE-2025-43964,0.00396,0.33212
CVE-2025-43965,0.00553,0.44586
CVE-2025-43966,0.00299,0.22531
CVE-2025-43967,0.00412,0.34814
CVE-2025-43970,0.00405,0.34194
CVE-2025-43971,0.00522,0.42846
CVE-2025-43972,0.00527,0.43153
CVE-2025-43973,0.0054,0.43888
CVE-2025-43976,0.00189,0.0877
CVE-2025-43977,0.00139,0.03621
CVE-2025-43978,0.01058,0.62658
CVE-2025-43979,0.06332,0.93243
CVE-2025-43980,0.00245,0.15804
CVE-2025-43982,0.00362,0.29696
CVE-2025-43983,0.00383,0.31823
CVE-2025-43984,0.20203,0.97318
CVE-2025-43986,0.00489,0.40712
CVE-2025-43988,0.00458,0.3858
CVE-2025-43989,0.06478,0.93369
CVE-2025-43990,0.00135,0.03342
CVE-2025-43991,0.0013,0.02995
CVE-2025-43992,0.00235,0.14625
CVE-2025-43993,0.00165,0.06067
CVE-2025-43994,0.00564,0.4524
CVE-2025-43995,0.00821,0.55333
CVE-2025-44000,0.00336,0.26765
CVE-2025-44001,0.00206,0.10906
CVE-2025-44002,0.00101,0.00981
CVE-2025-44003,0.00174,0.0712
CVE-2025-44004,0.00203,0.10409
CVE-2025-44005,0.09091,0.95014
CVE-2025-44006,0.00364,0.29906
CVE-2025-44007,0.00364,0.29906
CVE-2025-44008,0.00449,0.38007
CVE-2025-44009,0.00449,0.38008
CVE-2025-44010,0.00449,0.38007
CVE-2025-44011,0.00449,0.38006
CVE-2025-44012,0.00494,0.41006
CVE-2025-44013,0.00332,0.26283
CVE-2025-44014,0.0051,0.42056
CVE-2025-44015,0.00895,0.57606
CVE-2025-44016,0.00301,0.22719
CVE-2025-44017,0.0023,0.13961
CVE-2025-44018,0.0032,0.24868
CVE-2025-44019,0.00452,0.38233
CVE-2025-44021,0.00182,0.08002
CVE-2025-44022,0.01192,0.66298
CVE-2025-44023,0.00437,0.3708
CVE-2025-44024,0.00228,0.13662
CVE-2025-44033,0.00634,0.48524
CVE-2025-44034,0.00494,0.41006
CVE-2025-44039,0.00215,0.11979
CVE-2025-44040,0.00444,0.37573
CVE-2025-44043,0.00237,0.14866
CVE-2025-44044,0.00392,0.32749
CVE-2025-44071,0.00961,0.59669
CVE-2025-44072,0.00495,0.41098
CVE-2025-44073,0.00476,0.39865
CVE-2025-44074,0.00494,0.41063
CVE-2025-44083,0.0082,0.55298
CVE-2025-44084,0.20075,0.973
CVE-2025-44089,0.00288,0.21317
CVE-2025-44090,0.00293,0.21872
CVE-2025-44091,0.00242,0.15437
CVE-2025-44108,0.00333,0.26349
CVE-2025-44109,0.00241,0.15332
CVE-2025-44110,0.00245,0.15823
CVE-2025-44115,0.00272,0.19587
CVE-2025-44134,0.00249,0.16403
CVE-2025-44135,0.00249,0.16403
CVE-2025-44136,0.02507,0.83883
CVE-2025-44137,0.0136,0.70208
CVE-2025-44139,0.00676,0.50367
CVE-2025-44141,0.00183,0.08098
CVE-2025-44148,0.54711,0.98962
CVE-2025-44163,0.00598,0.46862
CVE-2025-44172,0.00279,0.20402
CVE-2025-44175,0.00272,0.19622
CVE-2025-44176,0.09867,0.95299
CVE-2025-44177,0.04341,0.90676
CVE-2025-44178,0.00283,0.20813
CVE-2025-44179,0.00823,0.5538
CVE-2025-44180,0.00275,0.19915
CVE-2025-44181,0.00275,0.19914
CVE-2025-44182,0.00278,0.20249
CVE-2025-44183,0.00275,0.19913
CVE-2025-44184,0.00264,0.18313
CVE-2025-44185,0.00203,0.10433
CVE-2025-44186,0.00165,0.06096
CVE-2025-44192,0.00477,0.39904
CVE-2025-44193,0.00329,0.25964
CVE-2025-44194,0.00346,0.2789
CVE-2025-44203,0.00531,0.43411
CVE-2025-44206,0.00275,0.19888
CVE-2025-44251,0.00193,0.09116
CVE-2025-44525,0.00176,0.07345
CVE-2025-44526,0.00285,0.20957
CVE-2025-44528,0.00396,0.33224
CVE-2025-44531,0.00426,0.36119
CVE-2025-44557,0.00256,0.17401
CVE-2025-44559,0.00202,0.10289
CVE-2025-44560,0.0034,0.27157
CVE-2025-44593,0.00257,0.1746
CVE-2025-44594,0.00373,0.30795
CVE-2025-44595,0.00237,0.14781
CVE-2025-44608,0.00299,0.22519
CVE-2025-44612,0.00195,0.09413
CVE-2025-44614,0.0024,0.15245
CVE-2025-44619,0.00458,0.38603
CVE-2025-44635,0.01053,0.62515
CVE-2025-44643,0.00245,0.15907
CVE-2025-44647,0.00291,0.21615
CVE-2025-44649,0.0024,0.15225
CVE-2025-44650,0.00518,0.42598
CVE-2025-44651,0.00416,0.35147
CVE-2025-44652,0.0055,0.44426
CVE-2025-44653,0.00416,0.35148
CVE-2025-44654,0.01027,0.61748
CVE-2025-44655,0.00338,0.26951
CVE-2025-44657,0.00283,0.20787
CVE-2025-44658,0.01006,0.61152
CVE-2025-44779,0.00175,0.0725
CVE-2025-44823,0.16118,0.9674
CVE-2025-44824,0.02771,0.85534
CVE-2025-44830,0.00447,0.37817
CVE-2025-44831,0.00416,0.35161
CVE-2025-44835,0.01057,0.62642
CVE-2025-44836,0.0089,0.57452
CVE-2025-44837,0.0089,0.57453
CVE-2025-44838,0.0089,0.57453
CVE-2025-44839,0.00829,0.55579
CVE-2025-44840,0.00829,0.5558
CVE-2025-44841,0.00829,0.55579
CVE-2025-44842,0.00829,0.55579
CVE-2025-44843,0.00973,0.60173
CVE-2025-44844,0.00829,0.5558
CVE-2025-44845,0.00829,0.55578
CVE-2025-44846,0.0089,0.57452
CVE-2025-44847,0.0089,0.57452
CVE-2025-44848,0.00829,0.55578
CVE-2025-44854,0.0089,0.57453
CVE-2025-44860,0.00829,0.55579
CVE-2025-44861,0.0089,0.57453
CVE-2025-44862,0.0089,0.57452
CVE-2025-44863,0.00829,0.55578
CVE-2025-44864,0.01113,0.642
CVE-2025-44865,0.01113,0.642
CVE-2025-44866,0.01113,0.642
CVE-2025-44867,0.01113,0.64201
CVE-2025-44868,0.02526,0.84019
CVE-2025-44872,0.01813,0.77477
CVE-2025-44877,0.01813,0.77478
CVE-2025-44879,0.00461,0.38814
CVE-2025-44880,0.01813,0.77477
CVE-2025-44881,0.01813,0.77477
CVE-2025-44882,0.01813,0.77477
CVE-2025-44883,0.00531,0.43381
CVE-2025-44884,0.00531,0.43381
CVE-2025-44885,0.00531,0.43381
CVE-2025-44886,0.00531,0.43382
CVE-2025-44887,0.00531,0.43382
CVE-2025-44888,0.00531,0.4338
CVE-2025-44890,0.00531,0.4338
CVE-2025-44891,0.00531,0.43381
CVE-2025-44892,0.00291,0.21604
CVE-2025-44893,0.00711,0.51676
CVE-2025-44894,0.00531,0.43383
CVE-2025-44895,0.00291,0.21605
CVE-2025-44896,0.00531,0.4338
CVE-2025-44897,0.00531,0.43382
CVE-2025-44898,0.00531,0.43382
CVE-2025-44899,0.0044,0.37283
CVE-2025-44900,0.00255,0.17217
CVE-2025-44904,0.00439,0.37188
CVE-2025-44905,0.00454,0.38374
CVE-2025-44906,0.00257,0.17478
CVE-2025-44951,0.00208,0.11134
CVE-2025-44952,0.00212,0.11676
CVE-2025-44954,0.00746,0.5291
CVE-2025-44955,0.00461,0.38811
CVE-2025-44957,0.00944,0.59171
CVE-2025-44958,0.00349,0.28207
CVE-2025-44960,0.01836,0.77773
CVE-2025-44961,0.02116,0.8084
CVE-2025-44962,0.00789,0.54308
CVE-2025-44963,0.00644,0.49015
CVE-2025-44964,0.00105,0.01204
CVE-2025-44998,0.00275,0.19914
CVE-2025-45001,0.00194,0.09277
CVE-2025-45002,0.00235,0.146
CVE-2025-45006,0.00406,0.34267
CVE-2025-45007,0.00302,0.22769
CVE-2025-45009,0.00334,0.26548
CVE-2025-45010,0.00334,0.26547
CVE-2025-45011,0.00334,0.26548
CVE-2025-45015,0.00315,0.24344
CVE-2025-45017,0.00756,0.53237
CVE-2025-45018,0.0056,0.44987
CVE-2025-45019,0.00442,0.3746
CVE-2025-45020,0.00536,0.43688
CVE-2025-45021,0.00215,0.11976
CVE-2025-45029,0.00207,0.10939
CVE-2025-45042,0.0161,0.74614
CVE-2025-45055,0.00304,0.23037
CVE-2025-45057,0.00395,0.33166
CVE-2025-45058,0.00395,0.33167
CVE-2025-45059,0.00395,0.33166
CVE-2025-45065,0.00383,0.31874
CVE-2025-45081,0.00266,0.18558
CVE-2025-45083,0.00127,0.02674
CVE-2025-45091,0.00206,0.10799
CVE-2025-45095,0.00295,0.22122
CVE-2025-45143,0.00376,0.31157
CVE-2025-45145,0.00715,0.51855
CVE-2025-45146,0.00779,0.53984
CVE-2025-45150,0.00526,0.43065
CVE-2025-45156,0.00342,0.27439
CVE-2025-45157,0.00229,0.13801
CVE-2025-45160,0.00203,0.10447
CVE-2025-45236,0.00258,0.17546
CVE-2025-45237,0.00433,0.36701
CVE-2025-45238,0.00646,0.49084
CVE-2025-45239,0.00698,0.51188
CVE-2025-45240,0.00294,0.21922
CVE-2025-45242,0.00344,0.27693
CVE-2025-45250,0.0028,0.20448
CVE-2025-45286,0.00271,0.19337
CVE-2025-45311,0.00369,0.30426
CVE-2025-45313,0.0023,0.13958
CVE-2025-45314,0.00243,0.15643
CVE-2025-45315,0.00263,0.18254
CVE-2025-45316,0.00299,0.22465
CVE-2025-45317,0.00314,0.24219
CVE-2025-45320,0.00384,0.31924
CVE-2025-45321,0.00458,0.38636
CVE-2025-45322,0.00463,0.38938
CVE-2025-45326,0.00343,0.27515
CVE-2025-45331,0.0046,0.38766
CVE-2025-45332,0.00344,0.27637
CVE-2025-45333,0.00379,0.31453
CVE-2025-45343,0.00644,0.49016
CVE-2025-45346,0.00706,0.51489
CVE-2025-45375,0.00129,0.02891
CVE-2025-45376,0.00102,0.01037
CVE-2025-45378,0.00357,0.29068
CVE-2025-45379,0.00671,0.50133
CVE-2025-45387,0.00247,0.16122
CVE-2025-45388,0.003,0.22614
CVE-2025-45406,0.00318,0.24652
CVE-2025-45422,0.00448,0.37892
CVE-2025-45424,0.00344,0.27614
CVE-2025-45427,0.00855,0.56407
CVE-2025-45428,0.00855,0.56408
CVE-2025-45429,0.00998,0.60881
CVE-2025-45466,0.006,0.46947
CVE-2025-45467,0.00301,0.22702
CVE-2025-45468,0.00355,0.28881
CVE-2025-45471,0.00391,0.32714
CVE-2025-45472,0.00355,0.28881
CVE-2025-45474,0.00374,0.30891
CVE-2025-45475,0.00332,0.2629
CVE-2025-45479,0.00722,0.52073
CVE-2025-45480,0.00154,0.04917
CVE-2025-45487,0.10982,0.95652
CVE-2025-45488,0.11087,0.95679
CVE-2025-45489,0.01849,0.77944
CVE-2025-45490,0.01676,0.75608
CVE-2025-45491,0.01992,0.7957
CVE-2025-45492,0.01311,0.69122
CVE-2025-45493,0.00909,0.58058
CVE-2025-45512,0.00314,0.24223
CVE-2025-45513,0.00532,0.43422
CVE-2025-45514,0.00291,0.21605
CVE-2025-45525,0.00136,0.03383
CVE-2025-45526,0.0013,0.02993
CVE-2025-45529,0.00348,0.28057
CVE-2025-45542,0.01079,0.63247
CVE-2025-45582,0.0045,0.38076
CVE-2025-45583,0.00359,0.29381
CVE-2025-45584,0.00419,0.3542
CVE-2025-45585,0.00204,0.1055
CVE-2025-45586,0.00319,0.24767
CVE-2025-45587,0.00265,0.185
CVE-2025-45607,0.00518,0.42579
CVE-2025-45608,0.00363,0.29719
CVE-2025-45609,0.00363,0.29719
CVE-2025-45610,0.00375,0.31067
CVE-2025-45611,0.00509,0.4201
CVE-2025-45612,0.00518,0.42579
CVE-2025-45613,0.00363,0.29718
CVE-2025-45614,0.00363,0.29719
CVE-2025-45615,0.00429,0.36306
CVE-2025-45616,0.00429,0.36306
CVE-2025-45617,0.00363,0.29719
CVE-2025-45618,0.00349,0.28197
CVE-2025-45619,0.00692,0.5098
CVE-2025-45620,0.00744,0.52828
CVE-2025-45661,0.00347,0.28021
CVE-2025-45662,0.0024,0.15237
CVE-2025-45663,0.00345,0.27751
CVE-2025-45691,0.00534,0.43541
CVE-2025-45702,0.00242,0.15469
CVE-2025-45729,0.00345,0.27772
CVE-2025-45731,0.00298,0.22445
CVE-2025-45737,0.00283,0.2078
CVE-2025-45746,0.00352,0.28521
CVE-2025-45751,0.00275,0.19915
CVE-2025-45752,0.00569,0.45428
CVE-2025-45753,0.00449,0.37983
CVE-2025-45754,0.00245,0.15822
CVE-2025-45755,0.00293,0.21809
CVE-2025-45764,0.0006,7e-05
CVE-2025-45765,0.00162,0.05809
CVE-2025-45766,0.00132,0.0315
CVE-2025-45767,0.00147,0.04261
CVE-2025-45768,0.00168,0.06427
CVE-2025-45769,0.00137,0.03427
CVE-2025-45770,0.00124,0.02444
CVE-2025-45777,0.00698,0.51194
CVE-2025-45778,0.00314,0.24194
CVE-2025-45779,0.06496,0.93384
CVE-2025-45784,0.00519,0.42631
CVE-2025-45786,0.00371,0.30593
CVE-2025-45787,0.00789,0.543
CVE-2025-45788,0.00789,0.543
CVE-2025-45789,0.00789,0.54301
CVE-2025-45790,0.00789,0.543
CVE-2025-45797,0.17467,0.9696
CVE-2025-45798,0.01218,0.66971
CVE-2025-45800,0.00863,0.5665
CVE-2025-45805,0.00388,0.32445
CVE-2025-45806,0.00239,0.15143
CVE-2025-45809,0.00253,0.16876
CVE-2025-45813,0.0044,0.37264
CVE-2025-45814,0.0051,0.42036
CVE-2025-45818,0.00305,0.23178
CVE-2025-45819,0.00305,0.23179
CVE-2025-45820,0.00305,0.23179
CVE-2025-45835,0.00473,0.39628
CVE-2025-45841,0.00505,0.41701
CVE-2025-45842,0.00884,0.57278
CVE-2025-45843,0.0068,0.50537
CVE-2025-45844,0.0068,0.50538
CVE-2025-45845,0.0068,0.50538
CVE-2025-45846,0.00594,0.46628
CVE-2025-45847,0.00322,0.25183
CVE-2025-45851,0.00544,0.44101
CVE-2025-45854,0.03156,0.87267
CVE-2025-45855,0.00338,0.27024
CVE-2025-45857,0.01004,0.61093
CVE-2025-45858,0.10709,0.95566
CVE-2025-45859,0.04998,0.91759
CVE-2025-45861,0.00605,0.47172
CVE-2025-45862,0.00325,0.25424
CVE-2025-45863,0.00605,0.47201
CVE-2025-45864,0.04855,0.91544
CVE-2025-45865,0.00605,0.47173
CVE-2025-45866,0.00347,0.27985
CVE-2025-45867,0.04855,0.91544
CVE-2025-45868,0.00506,0.4176
CVE-2025-45869,0.00338,0.27029
CVE-2025-45870,0.00489,0.40695
CVE-2025-45872,0.00408,0.34435
CVE-2025-45878,0.00255,0.17157
CVE-2025-45879,0.00255,0.17157
CVE-2025-45880,0.00255,0.17158
CVE-2025-45885,0.00477,0.39904
CVE-2025-45887,0.00422,0.35755
CVE-2025-45890,0.01554,0.73801
CVE-2025-45892,0.00246,0.15949
CVE-2025-45893,0.00246,0.15949
CVE-2025-45931,0.00891,0.57482
CVE-2025-45938,0.00201,0.10174
CVE-2025-45939,0.00262,0.18086
CVE-2025-45947,0.00731,0.5239
CVE-2025-45949,0.00499,0.41363
CVE-2025-45953,0.00422,0.35756
CVE-2025-45956,0.00468,0.39237
CVE-2025-45960,0.00398,0.33401
CVE-2025-45968,0.00626,0.482
CVE-2025-45984,0.01643,0.75139
CVE-2025-45985,0.06861,0.9368
CVE-2025-45986,0.01643,0.75139
CVE-2025-45987,0.01864,0.78133
CVE-2025-45988,0.10883,0.95615
CVE-2025-45994,0.00401,0.33727
CVE-2025-45997,0.00487,0.40551
CVE-2025-46000,0.00448,0.37927
CVE-2025-46001,0.00641,0.48883
CVE-2025-46002,0.016,0.74466
CVE-2025-46011,0.00291,0.21695
CVE-2025-46014,0.00361,0.29552
CVE-2025-46018,0.00303,0.22905
CVE-2025-46035,0.00631,0.48412
CVE-2025-46041,0.00603,0.47095
CVE-2025-46047,0.00355,0.2896
CVE-2025-46052,0.00499,0.41352
CVE-2025-46053,0.00244,0.15779
CVE-2025-46059,0.00702,0.51364
CVE-2025-46060,0.00969,0.60012
CVE-2025-46066,0.00341,0.27291
CVE-2025-46067,0.00296,0.2215
CVE-2025-46068,0.00537,0.43723
CVE-2025-46070,0.00512,0.42163
CVE-2025-46078,0.00379,0.31475
CVE-2025-46080,0.00412,0.34761
CVE-2025-46093,0.00532,0.43448
CVE-2025-46094,0.00528,0.43224
CVE-2025-46096,0.00502,0.415
CVE-2025-46099,0.00467,0.39227
CVE-2025-46101,0.00656,0.49554
CVE-2025-46102,0.00257,0.17492
CVE-2025-46108,0.00605,0.47188
CVE-2025-46109,0.00394,0.32991
CVE-2025-46115,0.00313,0.2414
CVE-2025-46116,0.00513,0.42262
CVE-2025-46117,0.00834,0.55735
CVE-2025-46118,0.00526,0.4309
CVE-2025-46119,0.00374,0.30919
CVE-2025-46120,0.00998,0.60878
CVE-2025-46121,0.01291,0.68659
CVE-2025-46122,0.0112,0.64403
CVE-2025-46123,0.01091,0.63593
CVE-2025-46148,0.00404,0.34079
CVE-2025-46149,0.00363,0.29729
CVE-2025-46150,0.00385,0.3211
CVE-2025-46152,0.00453,0.38276
CVE-2025-46153,0.00419,0.35435
CVE-2025-46154,0.00223,0.12947
CVE-2025-46157,0.00805,0.54835
CVE-2025-46158,0.00206,0.10917
CVE-2025-46171,0.00261,0.17923
CVE-2025-46173,0.00303,0.22961
CVE-2025-46174,0.00304,0.23084
CVE-2025-46175,0.00304,0.23084
CVE-2025-46176,0.00368,0.30291
CVE-2025-46178,0.00392,0.32761
CVE-2025-46179,0.0055,0.44443
CVE-2025-46183,0.00321,0.25076
CVE-2025-46185,0.00129,0.02834
CVE-2025-46188,0.00643,0.48942
CVE-2025-46189,0.00499,0.41384
CVE-2025-46190,0.00401,0.33745
CVE-2025-46191,0.01092,0.63603
CVE-2025-46192,0.00401,0.33745
CVE-2025-46193,0.00704,0.51418
CVE-2025-46198,0.00629,0.483
CVE-2025-46199,0.008,0.54633
CVE-2025-46203,0.00365,0.29966
CVE-2025-46204,0.00394,0.32983
CVE-2025-46205,0.004,0.33627
CVE-2025-46206,0.00388,0.32356
CVE-2025-46215,0.00316,0.24377
CVE-2025-46225,0.0026,0.17832
CVE-2025-46226,0.0026,0.17833
CVE-2025-46227,0.00207,0.11057
CVE-2025-46228,0.00207,0.11056
CVE-2025-46229,0.00218,0.12404
CVE-2025-46230,0.00733,0.52472
CVE-2025-46231,0.00158,0.053
CVE-2025-46232,0.00272,0.19546
CVE-2025-46233,0.00214,0.11815
CVE-2025-46234,0.00276,0.19993
CVE-2025-46235,0.00214,0.11814
CVE-2025-46236,0.00207,0.11056
CVE-2025-46237,0.00207,0.11057
CVE-2025-46238,0.00207,0.11056
CVE-2025-46239,0.00214,0.11815
CVE-2025-46240,0.00214,0.11814
CVE-2025-46241,0.00181,0.07898
CVE-2025-46242,0.00345,0.27754
CVE-2025-46243,0.00165,0.06055
CVE-2025-46244,0.00307,0.23389
CVE-2025-46245,0.00165,0.06055
CVE-2025-46246,0.00165,0.06055
CVE-2025-46247,0.00377,0.31231
CVE-2025-46248,0.00358,0.2925
CVE-2025-46249,0.00165,0.06055
CVE-2025-46250,0.00218,0.12404
CVE-2025-46251,0.00147,0.04304
CVE-2025-46252,0.00372,0.30756
CVE-2025-46253,0.00207,0.11055
CVE-2025-46254,0.00214,0.11814
CVE-2025-46255,0.00229,0.13846
CVE-2025-46256,0.0028,0.20487
CVE-2025-46257,0.00143,0.03948
CVE-2025-46258,0.00208,0.11161
CVE-2025-46259,0.00257,0.17473
CVE-2025-46260,0.00258,0.17615
CVE-2025-46261,0.00265,0.18526
CVE-2025-46262,0.00199,0.09829
CVE-2025-46263,0.00199,0.09831
CVE-2025-46264,0.00417,0.35278
CVE-2025-46265,0.00374,0.30872
CVE-2025-46266,0.00204,0.10519
CVE-2025-46267,0.00315,0.2428
CVE-2025-46268,0.00335,0.26639
CVE-2025-46269,0.00167,0.0628
CVE-2025-46270,0.00303,0.2296
CVE-2025-46271,0.02096,0.80663
CVE-2025-46272,0.01303,0.68934
CVE-2025-46273,0.00551,0.4449
CVE-2025-46274,0.00517,0.42513
CVE-2025-46275,0.00561,0.45065
CVE-2025-46276,0.00186,0.08352
CVE-2025-46277,0.00186,0.08457
CVE-2025-46278,0.00163,0.05856
CVE-2025-46279,0.00367,0.30194
CVE-2025-46280,0.00136,0.03404
CVE-2025-46281,0.00204,0.10569
CVE-2025-46282,0.00156,0.05092
CVE-2025-46283,0.00187,0.08549
CVE-2025-46284,0.00103,0.01062
CVE-2025-46285,0.00193,0.09178
CVE-2025-46286,0.00201,0.10164
CVE-2025-46287,0.00482,0.40235
CVE-2025-46288,0.00165,0.06113
CVE-2025-46289,0.00203,0.10392
CVE-2025-46290,0.00884,0.57274
CVE-2025-46291,0.002,0.09974
CVE-2025-46292,0.00137,0.03438
CVE-2025-46293,0.0014,0.03734
CVE-2025-46294,0.00234,0.14485
CVE-2025-46295,0.01044,0.62282
CVE-2025-46296,0.00169,0.06533
CVE-2025-46297,0.00137,0.03438
CVE-2025-46298,0.00376,0.31113
CVE-2025-46299,0.00309,0.23661
CVE-2025-46300,0.0027,0.19264
CVE-2025-46301,0.00271,0.1939
CVE-2025-46302,0.0027,0.19264
CVE-2025-46303,0.0027,0.19264
CVE-2025-46304,0.0027,0.19265
CVE-2025-46305,0.0027,0.19265
CVE-2025-46306,0.00126,0.0265
CVE-2025-46307,0.0015,0.04503
CVE-2025-46308,0.0023,0.13931
CVE-2025-46310,0.00175,0.07272
CVE-2025-46311,0.00231,0.14014
CVE-2025-46313,0.0013,0.02982
CVE-2025-46315,0.0027,0.19219
CVE-2025-46316,0.00289,0.21435
CVE-2025-46320,0.00219,0.1245
CVE-2025-46326,0.00158,0.05295
CVE-2025-46327,0.00129,0.02941
CVE-2025-46328,0.00165,0.0603
CVE-2025-46329,0.00117,0.01849
CVE-2025-46330,0.00163,0.05824
CVE-2025-46331,0.00372,0.30742
CVE-2025-46332,0.00317,0.24556
CVE-2025-46333,0.00173,0.07018
CVE-2025-46334,0.00324,0.25406
CVE-2025-46335,0.00305,0.23099
CVE-2025-46336,0.00321,0.25023
CVE-2025-46337,0.00739,0.52665
CVE-2025-46338,0.00339,0.27044
CVE-2025-46339,0.00174,0.07151
CVE-2025-46340,0.00244,0.15681
CVE-2025-46341,0.00463,0.38959
CVE-2025-46342,0.00722,0.52071
CVE-2025-46343,0.00253,0.16956
CVE-2025-46344,0.00413,0.34836
CVE-2025-46345,0.00361,0.29567
CVE-2025-46346,0.00327,0.25728
CVE-2025-46347,0.00952,0.59427
CVE-2025-46348,0.00626,0.48194
CVE-2025-46349,0.00625,0.4816
CVE-2025-46350,0.00274,0.19827
CVE-2025-46352,0.00726,0.52225
CVE-2025-46354,0.0083,0.55617
CVE-2025-46355,0.00159,0.05383
CVE-2025-46358,0.00179,0.07624
CVE-2025-46359,0.00578,0.45899
CVE-2025-46362,0.00099,0.00919
CVE-2025-46363,0.00281,0.20588
CVE-2025-46364,0.00305,0.23138
CVE-2025-46365,0.00379,0.31451
CVE-2025-46366,0.00129,0.02879
CVE-2025-46367,0.00135,0.03295
CVE-2025-46368,0.00113,0.01634
CVE-2025-46369,0.00124,0.02437
CVE-2025-46370,0.00108,0.01316
CVE-2025-46371,0.00067,0.00024
CVE-2025-46373,0.00153,0.04783
CVE-2025-46382,0.00289,0.21419
CVE-2025-46383,0.00223,0.12999
CVE-2025-46384,0.00339,0.27076
CVE-2025-46385,0.00254,0.17068
CVE-2025-46386,0.00321,0.24993
CVE-2025-46387,0.00321,0.24992
CVE-2025-46388,0.0023,0.1388
CVE-2025-46389,0.00227,0.13558
CVE-2025-46390,0.00312,0.2398
CVE-2025-46391,0.00227,0.13558
CVE-2025-46392,0.01975,0.7938
CVE-2025-46393,0.00396,0.33268
CVE-2025-46394,0.00175,0.07233
CVE-2025-46397,0.00296,0.2217
CVE-2025-46398,0.00261,0.18027
CVE-2025-46399,0.00236,0.14642
CVE-2025-46400,0.00236,0.14642
CVE-2025-46404,0.00588,0.46382
CVE-2025-46405,0.00335,0.26639
CVE-2025-46406,0.00107,0.01308
CVE-2025-46407,0.00664,0.49864
CVE-2025-46408,0.00655,0.49492
CVE-2025-46409,0.00179,0.07664
CVE-2025-46410,0.00757,0.53265
CVE-2025-46411,0.00869,0.56842
CVE-2025-46412,0.00581,0.46048
CVE-2025-46413,0.00119,0.02021
CVE-2025-46414,0.0035,0.28365
CVE-2025-46415,0.00122,0.02216
CVE-2025-46416,0.00163,0.05815
CVE-2025-46417,0.00215,0.12017
CVE-2025-46418,0.00676,0.50335
CVE-2025-46419,0.00355,0.289
CVE-2025-46420,0.0056,0.44974
CVE-2025-46421,0.0055,0.44411
CVE-2025-46422,0.00511,0.42122
CVE-2025-46423,0.00511,0.42122
CVE-2025-46424,0.0009,0.00509
CVE-2025-46425,0.00303,0.22979
CVE-2025-46427,0.01243,0.67599
CVE-2025-46428,0.01171,0.6572
CVE-2025-46430,0.00136,0.03396
CVE-2025-46432,0.00967,0.59879
CVE-2025-46433,0.00523,0.42929
CVE-2025-46434,0.00203,0.10373
CVE-2025-46435,0.00143,0.03978
CVE-2025-46436,0.00158,0.05334
CVE-2025-46437,0.00276,0.19996
CVE-2025-46438,0.00251,0.1658
CVE-2025-46439,0.00182,0.08017
CVE-2025-46440,0.00268,0.18959
CVE-2025-46441,0.00381,0.31613
CVE-2025-46442,0.00143,0.03979
CVE-2025-46443,0.00216,0.12065
CVE-2025-46444,0.00785,0.5414
CVE-2025-46445,0.00251,0.16582
CVE-2025-46446,0.00276,0.19995
CVE-2025-46447,0.00251,0.16578
CVE-2025-46448,0.00276,0.19998
CVE-2025-46449,0.00276,0.19998
CVE-2025-46450,0.00143,0.03981
CVE-2025-46451,0.00264,0.18368
CVE-2025-46452,0.00143,0.03981
CVE-2025-46453,0.00258,0.17614
CVE-2025-46454,0.00656,0.49556
CVE-2025-46455,0.00423,0.35812
CVE-2025-46456,0.00268,0.18958
CVE-2025-46457,0.00143,0.0398
CVE-2025-46458,0.00181,0.07853
CVE-2025-46459,0.00264,0.18365
CVE-2025-46460,0.00423,0.3581
CVE-2025-46461,0.00258,0.17616
CVE-2025-46462,0.00158,0.05338
CVE-2025-46463,0.00386,0.32201
CVE-2025-46464,0.00245,0.15802
CVE-2025-46465,0.00143,0.03977
CVE-2025-46466,0.00143,0.03977
CVE-2025-46467,0.00258,0.17614
CVE-2025-46468,0.00611,0.47441
CVE-2025-46469,0.00264,0.18366
CVE-2025-46470,0.00283,0.20791
CVE-2025-46471,0.00258,0.17617
CVE-2025-46472,0.00258,0.17616
CVE-2025-46473,0.00548,0.44349
CVE-2025-46474,0.00762,0.53427
CVE-2025-46475,0.00251,0.16578
CVE-2025-46476,0.00251,0.16581
CVE-2025-46477,0.00264,0.18366
CVE-2025-46478,0.00268,0.18957
CVE-2025-46479,0.00251,0.16579
CVE-2025-46480,0.00258,0.17615
CVE-2025-46481,0.00548,0.4435
CVE-2025-46482,0.0021,0.11316
CVE-2025-46483,0.00258,0.17616
CVE-2025-46484,0.00251,0.1658
CVE-2025-46485,0.0032,0.24862
CVE-2025-46486,0.0051,0.42094
CVE-2025-46487,0.00268,0.18957
CVE-2025-46488,0.00251,0.1663
CVE-2025-46489,0.0032,0.2486
CVE-2025-46490,0.00488,0.40613
CVE-2025-46491,0.00258,0.17614
CVE-2025-46492,0.00143,0.03978
CVE-2025-46493,0.00245,0.15801
CVE-2025-46494,0.00175,0.07263
CVE-2025-46495,0.00136,0.0336
CVE-2025-46496,0.00251,0.1658
CVE-2025-46497,0.00143,0.0398
CVE-2025-46498,0.00154,0.04828
CVE-2025-46499,0.00276,0.19994
CVE-2025-46500,0.00235,0.14586
CVE-2025-46501,0.00258,0.17614
CVE-2025-46502,0.00276,0.19994
CVE-2025-46503,0.00222,0.12858
CVE-2025-46504,0.00143,0.03977
CVE-2025-46505,0.00258,0.17613
CVE-2025-46506,0.00143,0.03977
CVE-2025-46507,0.00143,0.03976
CVE-2025-46508,0.00143,0.03979
CVE-2025-46509,0.00251,0.16578
CVE-2025-46510,0.00146,0.04235
CVE-2025-46511,0.00204,0.10614
CVE-2025-46512,0.00131,0.03049
CVE-2025-46513,0.00145,0.04071
CVE-2025-46514,0.00131,0.03053
CVE-2025-46515,0.00268,0.18958
CVE-2025-46516,0.00131,0.03051
CVE-2025-46517,0.00214,0.11861
CVE-2025-46518,0.00245,0.15802
CVE-2025-46519,0.00247,0.16118
CVE-2025-46520,0.00131,0.03051
CVE-2025-46521,0.00214,0.11859
CVE-2025-46522,0.00131,0.0305
CVE-2025-46523,0.00214,0.1186
CVE-2025-46524,0.00131,0.0305
CVE-2025-46525,0.00214,0.11859
CVE-2025-46526,0.00276,0.19996
CVE-2025-46527,0.00488,0.40612
CVE-2025-46528,0.00131,0.03052
CVE-2025-46529,0.00214,0.1186
CVE-2025-46530,0.00131,0.03051
CVE-2025-46531,0.00197,0.09667
CVE-2025-46532,0.00209,0.11268
CVE-2025-46533,0.00214,0.11858
CVE-2025-46534,0.00203,0.10461
CVE-2025-46535,0.0026,0.17793
CVE-2025-46536,0.00203,0.10461
CVE-2025-46537,0.00268,0.18958
CVE-2025-46538,0.00203,0.10462
CVE-2025-46539,0.00423,0.35811
CVE-2025-46540,0.00203,0.10462
CVE-2025-46541,0.00214,0.11859
CVE-2025-46542,0.00209,0.11269
CVE-2025-46543,0.00199,0.09829
CVE-2025-46544,0.00274,0.19781
CVE-2025-46545,0.00271,0.19304
CVE-2025-46546,0.00404,0.34032
CVE-2025-46547,0.00162,0.05791
CVE-2025-46548,0.00749,0.53008
CVE-2025-46549,0.00535,0.43649
CVE-2025-46550,0.00535,0.43649
CVE-2025-46551,0.00182,0.07998
CVE-2025-46552,0.00362,0.29628
CVE-2025-46553,0.00249,0.16361
CVE-2025-46554,0.01059,0.62699
CVE-2025-46556,0.00384,0.31924
CVE-2025-46557,0.00549,0.44375
CVE-2025-46558,0.00458,0.38583
CVE-2025-46559,0.00432,0.36572
CVE-2025-46560,0.00502,0.41536
CVE-2025-46565,0.01157,0.65317
CVE-2025-46566,0.00721,0.5206
CVE-2025-46567,0.00273,0.19716
CVE-2025-46568,0.00471,0.3945
CVE-2025-46569,0.0051,0.42027
CVE-2025-46570,0.00293,0.2185
CVE-2025-46571,0.00353,0.28699
CVE-2025-46572,0.00405,0.34177
CVE-2025-46573,0.00358,0.2929
CVE-2025-46574,0.00226,0.13421
CVE-2025-46575,0.0036,0.29449
CVE-2025-46576,0.00274,0.19756
CVE-2025-46577,0.00348,0.28169
CVE-2025-46578,0.00348,0.28169
CVE-2025-46579,0.00304,0.23076
CVE-2025-46580,0.0038,0.31508
CVE-2025-46581,0.00802,0.54703
CVE-2025-46582,0.00318,0.24635
CVE-2025-46583,0.00404,0.34049
CVE-2025-46584,0.00132,0.0312
CVE-2025-46585,0.00103,0.01105
CVE-2025-46586,0.00099,0.00887
CVE-2025-46587,0.00106,0.01247
CVE-2025-46588,0.00107,0.01257
CVE-2025-46589,0.00098,0.00865
CVE-2025-46590,0.002,0.10016
CVE-2025-46591,0.00117,0.01848
CVE-2025-46592,0.00107,0.01281
CVE-2025-46593,0.00108,0.01342
CVE-2025-46595,0.00231,0.14078
CVE-2025-46597,0.00278,0.20303
CVE-2025-46598,0.00325,0.25445
CVE-2025-46599,0.00432,0.3662
CVE-2025-46602,0.00101,0.00999
CVE-2025-46603,0.00232,0.14195
CVE-2025-46605,0.00314,0.24231
CVE-2025-46606,0.00368,0.30297
CVE-2025-46607,0.00368,0.30298
CVE-2025-46608,0.00451,0.38155
CVE-2025-46610,0.00252,0.16825
CVE-2025-46611,0.00277,0.2011
CVE-2025-46612,0.00743,0.52794
CVE-2025-46613,0.0023,0.13885
CVE-2025-46614,0.00151,0.04648
CVE-2025-46616,0.00711,0.51688
CVE-2025-46617,0.00285,0.2103
CVE-2025-46618,0.61734,0.99124
CVE-2025-46619,0.00476,0.39874
CVE-2025-46625,0.00825,0.55455
CVE-2025-46626,0.00224,0.13158
CVE-2025-46627,0.00407,0.3433
CVE-2025-46628,0.00964,0.59795
CVE-2025-46629,0.00819,0.55252
CVE-2025-46630,0.00397,0.33316
CVE-2025-46631,0.07154,0.9393
CVE-2025-46632,0.00303,0.22937
CVE-2025-46633,0.00252,0.16755
CVE-2025-46634,0.00166,0.06136
CVE-2025-46635,0.00316,0.2445
CVE-2025-46636,0.00092,0.00569
CVE-2025-46637,0.00103,0.01104
CVE-2025-46638,0.00327,0.25733
CVE-2025-46641,0.00354,0.28804
CVE-2025-46643,0.00158,0.05286
CVE-2025-46644,0.00573,0.45667
CVE-2025-46645,0.01553,0.73786
CVE-2025-46646,0.00178,0.07552
CVE-2025-46647,0.00437,0.37046
CVE-2025-46651,0.00259,0.17765
CVE-2025-46652,0.00311,0.23843
CVE-2025-46653,0.0042,0.35548
CVE-2025-46654,0.00248,0.16167
CVE-2025-46655,0.00236,0.14688
CVE-2025-46656,0.00211,0.11481
CVE-2025-46657,0.00312,0.23934
CVE-2025-46658,0.00369,0.30351
CVE-2025-46659,0.00344,0.27694
CVE-2025-46660,0.00332,0.26256
CVE-2025-46661,0.0075,0.53035
CVE-2025-46672,0.00507,0.41863
CVE-2025-46673,0.00478,0.39953
CVE-2025-46674,0.00575,0.45732
CVE-2025-46675,0.00339,0.27069
CVE-2025-46676,0.0032,0.24865
CVE-2025-46684,0.00111,0.01478
CVE-2025-46685,0.00104,0.01133
CVE-2025-46686,0.00269,0.1907
CVE-2025-46687,0.00289,0.21414
CVE-2025-46688,0.00309,0.23568
CVE-2025-46689,0.00271,0.19307
CVE-2025-46690,0.00364,0.29901
CVE-2025-46691,0.00097,0.0082
CVE-2025-46696,0.00115,0.01752
CVE-2025-46699,0.00305,0.23155
CVE-2025-46701,0.02925,0.86316
CVE-2025-46702,0.00181,0.07877
CVE-2025-46703,0.00192,0.0907
CVE-2025-46704,0.04419,0.90815
CVE-2025-46705,0.00568,0.45396
CVE-2025-46706,0.00429,0.3632
CVE-2025-46707,0.00127,0.02687
CVE-2025-46708,0.00165,0.06047
CVE-2025-46709,0.00335,0.26597
CVE-2025-46710,0.00194,0.09295
CVE-2025-46711,0.00125,0.02488
CVE-2025-46712,0.00525,0.43013
CVE-2025-46713,0.00226,0.13342
CVE-2025-46714,0.00229,0.13797
CVE-2025-46715,0.00229,0.13767
CVE-2025-46716,0.00215,0.11968
CVE-2025-46717,0.00358,0.2924
CVE-2025-46718,0.00263,0.18214
CVE-2025-46719,0.00538,0.43792
CVE-2025-46720,0.00273,0.19669
CVE-2025-46721,0.00232,0.14129
CVE-2025-46722,0.00316,0.24431
CVE-2025-46723,0.00455,0.38421
CVE-2025-46724,0.00825,0.55455
CVE-2025-46725,0.00531,0.43403
CVE-2025-46726,0.00621,0.47968
CVE-2025-46727,0.01157,0.65345
CVE-2025-46728,0.00665,0.49911
CVE-2025-46729,0.00469,0.39346
CVE-2025-46730,0.00476,0.39835
CVE-2025-46731,0.01414,0.71288
CVE-2025-46732,0.00208,0.11063
CVE-2025-46733,0.00143,0.03926
CVE-2025-46734,0.00362,0.29684
CVE-2025-46735,0.00551,0.44476
CVE-2025-46736,0.00363,0.29778
CVE-2025-46737,0.00166,0.06193
CVE-2025-46738,0.00182,0.07996
CVE-2025-46739,0.00366,0.30075
CVE-2025-46740,0.00315,0.24342
CVE-2025-46741,0.00142,0.03866
CVE-2025-46742,0.00233,0.14267
CVE-2025-46743,0.00161,0.05671
CVE-2025-46744,0.00252,0.16746
CVE-2025-46745,0.00307,0.23389
CVE-2025-46746,0.00288,0.21358
CVE-2025-46747,0.00311,0.23906
CVE-2025-46748,0.00252,0.16746
CVE-2025-46749,0.00261,0.18016
CVE-2025-46750,0.00165,0.06015
CVE-2025-46752,0.00149,0.04403
CVE-2025-46762,0.01494,0.72762
CVE-2025-46774,0.00082,0.00247
CVE-2025-46775,0.00159,0.05419
CVE-2025-46776,0.00155,0.05046
CVE-2025-46777,0.00236,0.14767
CVE-2025-46783,0.00884,0.57286
CVE-2025-46784,0.00588,0.46382
CVE-2025-46785,0.00563,0.45151
CVE-2025-46786,0.00295,0.22054
CVE-2025-46788,0.00245,0.15826
CVE-2025-46789,0.00481,0.40196
CVE-2025-46801,0.00908,0.5803
CVE-2025-46802,0.00229,0.13849
CVE-2025-46803,0.00211,0.11529
CVE-2025-46804,0.00217,0.12194
CVE-2025-46805,0.00169,0.06594
CVE-2025-46806,0.00467,0.39226
CVE-2025-46807,0.00433,0.36724
CVE-2025-46808,0.00201,0.10171
CVE-2025-46809,0.00238,0.14944
CVE-2025-46810,0.00161,0.05671
CVE-2025-46811,0.10711,0.95566
CVE-2025-46812,0.00686,0.50784
CVE-2025-46813,0.00404,0.34043
CVE-2025-46814,0.00322,0.25115
CVE-2025-46815,0.00444,0.37579
CVE-2025-46816,0.00689,0.509
CVE-2025-46817,0.03828,0.89506
CVE-2025-46818,0.00727,0.5225
CVE-2025-46819,0.01061,0.62754
CVE-2025-46820,0.00186,0.08448
CVE-2025-46821,0.00263,0.18283
CVE-2025-46822,0.04028,0.90031
CVE-2025-46823,0.00365,0.29947
CVE-2025-46824,0.00325,0.25435
CVE-2025-46825,0.00346,0.27893
CVE-2025-46826,0.0049,0.40793
CVE-2025-46827,0.00275,0.19875
CVE-2025-46828,0.00545,0.44193
CVE-2025-46833,0.00258,0.17555
CVE-2025-46834,0.00384,0.31901
CVE-2025-46835,0.00537,0.43733
CVE-2025-46836,0.00191,0.08925
CVE-2025-46837,0.00419,0.35464
CVE-2025-46838,0.00329,0.25899
CVE-2025-46840,0.00448,0.37935
CVE-2025-46841,0.00329,0.25898
CVE-2025-46842,0.00329,0.259
CVE-2025-46843,0.00329,0.25899
CVE-2025-46844,0.00332,0.26211
CVE-2025-46845,0.00329,0.25898
CVE-2025-46846,0.00301,0.22763
CVE-2025-46847,0.00329,0.25898
CVE-2025-46848,0.00329,0.259
CVE-2025-46849,0.00243,0.15644
CVE-2025-46850,0.00329,0.259
CVE-2025-46851,0.00301,0.22764
CVE-2025-46852,0.00243,0.15643
CVE-2025-46853,0.00329,0.25897
CVE-2025-46854,0.00329,0.25901
CVE-2025-46855,0.00329,0.25901
CVE-2025-46856,0.00224,0.13172
CVE-2025-46857,0.00301,0.22765
CVE-2025-46858,0.00301,0.22765
CVE-2025-46859,0.00301,0.22765
CVE-2025-46860,0.00301,0.22764
CVE-2025-46861,0.00301,0.22762
CVE-2025-46862,0.00301,0.22766
CVE-2025-46863,0.00329,0.259
CVE-2025-46864,0.00301,0.22762
CVE-2025-46865,0.00329,0.25898
CVE-2025-46866,0.00301,0.22763
CVE-2025-46870,0.00329,0.25897
CVE-2025-46871,0.00329,0.25899
CVE-2025-46872,0.00406,0.34232
CVE-2025-46873,0.00301,0.22764
CVE-2025-46874,0.00301,0.22766
CVE-2025-46875,0.00301,0.22765
CVE-2025-46876,0.00301,0.22762
CVE-2025-46877,0.00406,0.34232
CVE-2025-46878,0.00301,0.22763
CVE-2025-46879,0.00301,0.22763
CVE-2025-46880,0.00349,0.28222
CVE-2025-46881,0.00349,0.28222
CVE-2025-46882,0.00349,0.28226
CVE-2025-46883,0.00349,0.2822
CVE-2025-46884,0.00357,0.29161
CVE-2025-46885,0.0032,0.24879
CVE-2025-46886,0.0032,0.24878
CVE-2025-46887,0.00349,0.2822
CVE-2025-46888,0.00349,0.28221
CVE-2025-46889,0.0039,0.32633
CVE-2025-46890,0.00431,0.36469
CVE-2025-46891,0.00349,0.2822
CVE-2025-46892,0.00349,0.28222
CVE-2025-46893,0.00349,0.2822
CVE-2025-46894,0.0032,0.24871
CVE-2025-46895,0.0032,0.24874
CVE-2025-46898,0.00431,0.36469
CVE-2025-46899,0.0032,0.24876
CVE-2025-46900,0.0032,0.24875
CVE-2025-46901,0.00349,0.28218
CVE-2025-46902,0.00349,0.28218
CVE-2025-46903,0.00349,0.28222
CVE-2025-46904,0.0032,0.24873
CVE-2025-46905,0.00349,0.28225
CVE-2025-46906,0.00349,0.28218
CVE-2025-46907,0.00349,0.28219
CVE-2025-46908,0.00349,0.28224
CVE-2025-46909,0.00349,0.28226
CVE-2025-46910,0.0032,0.24872
CVE-2025-46911,0.00357,0.29161
CVE-2025-46912,0.00349,0.28224
CVE-2025-46913,0.00328,0.25766
CVE-2025-46914,0.0032,0.24872
CVE-2025-46915,0.0032,0.24872
CVE-2025-46916,0.00349,0.28224
CVE-2025-46917,0.0032,0.24873
CVE-2025-46918,0.0032,0.24874
CVE-2025-46919,0.00349,0.28225
CVE-2025-46920,0.0032,0.24878
CVE-2025-46922,0.00349,0.28219
CVE-2025-46923,0.0032,0.24876
CVE-2025-46924,0.0032,0.24871
CVE-2025-46926,0.00349,0.28221
CVE-2025-46927,0.00349,0.28219
CVE-2025-46929,0.00349,0.28223
CVE-2025-46930,0.0032,0.24875
CVE-2025-46931,0.0032,0.24881
CVE-2025-46932,0.00243,0.15644
CVE-2025-46933,0.00349,0.28225
CVE-2025-46934,0.00349,0.28216
CVE-2025-46935,0.00349,0.28216
CVE-2025-46936,0.00243,0.15645
CVE-2025-46939,0.00349,0.28218
CVE-2025-46940,0.00349,0.28223
CVE-2025-46941,0.00349,0.28223
CVE-2025-46942,0.0032,0.2488
CVE-2025-46943,0.0032,0.24875
CVE-2025-46944,0.00349,0.28217
CVE-2025-46945,0.0032,0.24877
CVE-2025-46946,0.00349,0.28217
CVE-2025-46947,0.0032,0.24876
CVE-2025-46948,0.00349,0.28225
CVE-2025-46949,0.00329,0.25897
CVE-2025-46950,0.00329,0.25897
CVE-2025-46951,0.00349,0.28217
CVE-2025-46952,0.00379,0.31384
CVE-2025-46953,0.0032,0.24876
CVE-2025-46954,0.00349,0.28216
CVE-2025-46955,0.00349,0.28221
CVE-2025-46956,0.00349,0.28217
CVE-2025-46957,0.0032,0.24873
CVE-2025-46958,0.00279,0.20406
CVE-2025-46959,0.00346,0.27867
CVE-2025-46960,0.0032,0.24874
CVE-2025-46962,0.00243,0.15644
CVE-2025-46963,0.0032,0.24875
CVE-2025-46964,0.00349,0.28216
CVE-2025-46965,0.00349,0.28221
CVE-2025-46966,0.0032,0.24877
CVE-2025-46967,0.0032,0.24872
CVE-2025-46968,0.0032,0.24877
CVE-2025-46970,0.0032,0.24871
CVE-2025-46971,0.0032,0.24873
CVE-2025-46972,0.0032,0.2488
CVE-2025-46973,0.00349,0.28215
CVE-2025-46974,0.00349,0.28224
CVE-2025-46975,0.0032,0.24877
CVE-2025-46976,0.00355,0.28909
CVE-2025-46977,0.0032,0.24879
CVE-2025-46978,0.00355,0.28907
CVE-2025-46979,0.00325,0.25514
CVE-2025-46981,0.00355,0.28913
CVE-2025-46982,0.00325,0.25509
CVE-2025-46983,0.00325,0.25509
CVE-2025-46984,0.00355,0.28908
CVE-2025-46985,0.00325,0.25515
CVE-2025-46986,0.00355,0.28906
CVE-2025-46987,0.00325,0.25513
CVE-2025-46988,0.00355,0.28907
CVE-2025-46989,0.00355,0.28909
CVE-2025-46990,0.00355,0.28913
CVE-2025-46991,0.00355,0.28917
CVE-2025-46992,0.00355,0.28909
CVE-2025-46993,0.00273,0.1973
CVE-2025-46995,0.00355,0.28914
CVE-2025-46996,0.00273,0.19731
CVE-2025-46997,0.00355,0.28906
CVE-2025-46998,0.00243,0.15644
CVE-2025-46999,0.00355,0.28914
CVE-2025-47000,0.00355,0.28909
CVE-2025-47001,0.00282,0.20659
CVE-2025-47002,0.00355,0.28917
CVE-2025-47003,0.00325,0.25515
CVE-2025-47004,0.00355,0.28918
CVE-2025-47005,0.00325,0.25509
CVE-2025-47006,0.00355,0.28908
CVE-2025-47007,0.00355,0.28912
CVE-2025-47008,0.00355,0.28912
CVE-2025-47010,0.00355,0.2891
CVE-2025-47011,0.00325,0.25511
CVE-2025-47012,0.00325,0.25509
CVE-2025-47013,0.00355,0.28913
CVE-2025-47014,0.00355,0.28908
CVE-2025-47015,0.00325,0.25516
CVE-2025-47016,0.00325,0.25516
CVE-2025-47017,0.00355,0.28908
CVE-2025-47019,0.00355,0.28911
CVE-2025-47020,0.00355,0.28912
CVE-2025-47021,0.00355,0.28911
CVE-2025-47022,0.00325,0.2551
CVE-2025-47025,0.00325,0.2551
CVE-2025-47026,0.00325,0.25514
CVE-2025-47027,0.00355,0.28912
CVE-2025-47029,0.00355,0.28914
CVE-2025-47030,0.00355,0.28915
CVE-2025-47031,0.00355,0.28916
CVE-2025-47032,0.00355,0.28913
CVE-2025-47033,0.00355,0.28916
CVE-2025-47034,0.00325,0.25515
CVE-2025-47035,0.00325,0.25514
CVE-2025-47036,0.00355,0.28911
CVE-2025-47037,0.00355,0.28905
CVE-2025-47038,0.00355,0.2891
CVE-2025-47039,0.00355,0.28917
CVE-2025-47040,0.00325,0.25513
CVE-2025-47041,0.00355,0.28911
CVE-2025-47042,0.00325,0.25515
CVE-2025-47044,0.00325,0.25511
CVE-2025-47045,0.00325,0.2551
CVE-2025-47047,0.00355,0.28915
CVE-2025-47048,0.00325,0.25511
CVE-2025-47049,0.00321,0.25021
CVE-2025-47050,0.00325,0.25512
CVE-2025-47051,0.00325,0.25512
CVE-2025-47052,0.00355,0.28907
CVE-2025-47053,0.00252,0.16799
CVE-2025-47054,0.00362,0.29691
CVE-2025-47055,0.00325,0.25512
CVE-2025-47056,0.00325,0.2551
CVE-2025-47057,0.00325,0.25513
CVE-2025-47060,0.00325,0.25513
CVE-2025-47061,0.00273,0.19731
CVE-2025-47062,0.00355,0.28907
CVE-2025-47063,0.00355,0.28915
CVE-2025-47065,0.00355,0.28915
CVE-2025-47066,0.00355,0.28905
CVE-2025-47067,0.00355,0.28906
CVE-2025-47068,0.00325,0.25514
CVE-2025-47069,0.00355,0.28916
CVE-2025-47070,0.00355,0.28916
CVE-2025-47071,0.0045,0.38065
CVE-2025-47072,0.0032,0.24878
CVE-2025-47073,0.0032,0.2488
CVE-2025-47074,0.00443,0.3749
CVE-2025-47075,0.00349,0.28226
CVE-2025-47076,0.0032,0.24879
CVE-2025-47077,0.00349,0.28226
CVE-2025-47078,0.0032,0.24879
CVE-2025-47079,0.0032,0.2488
CVE-2025-47080,0.00355,0.2891
CVE-2025-47081,0.00325,0.25511
CVE-2025-47082,0.00264,0.18408
CVE-2025-47083,0.00288,0.21366
CVE-2025-47084,0.00288,0.21366
CVE-2025-47085,0.00288,0.21367
CVE-2025-47086,0.00264,0.18408
CVE-2025-47087,0.00264,0.18409
CVE-2025-47088,0.00288,0.21367
CVE-2025-47089,0.00264,0.18409
CVE-2025-47090,0.00264,0.18409
CVE-2025-47091,0.00288,0.21366
CVE-2025-47092,0.00365,0.30022
CVE-2025-47093,0.00264,0.18408
CVE-2025-47094,0.00308,0.23556
CVE-2025-47096,0.00344,0.2762
CVE-2025-47097,0.00188,0.08657
CVE-2025-47098,0.00188,0.08657
CVE-2025-47099,0.00207,0.11043
CVE-2025-47103,0.00242,0.15491
CVE-2025-47104,0.00276,0.20054
CVE-2025-47105,0.00276,0.20054
CVE-2025-47106,0.00303,0.22964
CVE-2025-47107,0.00249,0.16375
CVE-2025-47108,0.00234,0.1446
CVE-2025-47109,0.00207,0.10931
CVE-2025-47110,0.00728,0.52292
CVE-2025-47111,0.00335,0.26686
CVE-2025-47112,0.00413,0.3488
CVE-2025-47113,0.00288,0.21366
CVE-2025-47114,0.00305,0.23104
CVE-2025-47115,0.00354,0.28846
CVE-2025-47116,0.00288,0.21365
CVE-2025-47117,0.00288,0.21365
CVE-2025-47119,0.00154,0.04932
CVE-2025-47120,0.00189,0.08747
CVE-2025-47121,0.00188,0.08657
CVE-2025-47122,0.00207,0.11044
CVE-2025-47123,0.00207,0.11044
CVE-2025-47124,0.0017,0.06665
CVE-2025-47125,0.00207,0.11043
CVE-2025-47126,0.0017,0.06666
CVE-2025-47127,0.0017,0.06666
CVE-2025-47128,0.00188,0.08657
CVE-2025-47129,0.0017,0.06666
CVE-2025-47130,0.00187,0.08531
CVE-2025-47131,0.00207,0.11044
CVE-2025-47132,0.0017,0.06665
CVE-2025-47133,0.0017,0.06665
CVE-2025-47134,0.00243,0.15663
CVE-2025-47135,0.00174,0.07064
CVE-2025-47136,0.0022,0.12574
CVE-2025-47147,0.00071,0.00059
CVE-2025-47148,0.00392,0.3273
CVE-2025-47149,0.00163,0.05849
CVE-2025-47150,0.00377,0.31221
CVE-2025-47151,0.01045,0.62289
CVE-2025-47152,0.00507,0.41831
CVE-2025-47153,0.00383,0.31881
CVE-2025-47154,0.00658,0.49626
CVE-2025-47158,0.00697,0.51181
CVE-2025-47159,0.00374,0.30965
CVE-2025-47160,0.0083,0.55602
CVE-2025-47161,0.00804,0.54783
CVE-2025-47162,0.00768,0.53622
CVE-2025-47163,0.20455,0.97359
CVE-2025-47164,0.00658,0.4961
CVE-2025-47165,0.02187,0.81439
CVE-2025-47166,0.2116,0.97448
CVE-2025-47167,0.00671,0.50153
CVE-2025-47168,0.00639,0.48767
CVE-2025-47169,0.00653,0.49417
CVE-2025-47170,0.00597,0.46813
CVE-2025-47171,0.01657,0.7532
CVE-2025-47172,0.01708,0.76073
CVE-2025-47173,0.00584,0.46201
CVE-2025-47174,0.00494,0.41009
CVE-2025-47175,0.02393,0.83071
CVE-2025-47176,0.00729,0.52344
CVE-2025-47178,0.0286,0.86009
CVE-2025-47179,0.00347,0.28039
CVE-2025-47181,0.00563,0.45174
CVE-2025-47182,0.00322,0.25181
CVE-2025-47183,0.00202,0.10302
CVE-2025-47184,0.00261,0.18005
CVE-2025-47187,0.00836,0.55817
CVE-2025-47188,0.50237,0.98842
CVE-2025-47189,0.00262,0.18084
CVE-2025-47201,0.00227,0.13591
CVE-2025-47202,0.00385,0.32032
CVE-2025-47203,0.00564,0.45196
CVE-2025-47204,0.00438,0.37136
CVE-2025-47205,0.00426,0.36116
CVE-2025-47206,0.00384,0.31919
CVE-2025-47207,0.0034,0.27206
CVE-2025-47208,0.00332,0.26283
CVE-2025-47209,0.00407,0.34286
CVE-2025-47210,0.00494,0.41006
CVE-2025-47211,0.00555,0.44713
CVE-2025-47212,0.0133,0.69528
CVE-2025-47213,0.00471,0.39443
CVE-2025-47214,0.00471,0.39444
CVE-2025-47219,0.00647,0.49148
CVE-2025-47220,0.00266,0.18568
CVE-2025-47221,0.00248,0.16267
CVE-2025-47222,0.00297,0.22281
CVE-2025-47226,0.01249,0.67764
CVE-2025-47227,0.02051,0.80207
CVE-2025-47228,0.17212,0.96923
CVE-2025-47229,0.00177,0.0746
CVE-2025-47241,0.00452,0.38204
CVE-2025-47244,0.0045,0.38041
CVE-2025-47245,0.00479,0.40037
CVE-2025-47256,0.00295,0.22101
CVE-2025-47268,0.01672,0.75555
CVE-2025-47269,0.42687,0.98637
CVE-2025-47270,0.00711,0.51708
CVE-2025-47271,0.00411,0.34708
CVE-2025-47272,0.00156,0.05076
CVE-2025-47273,0.01503,0.72924
CVE-2025-47274,0.00131,0.0302
CVE-2025-47275,0.00536,0.43702
CVE-2025-47276,0.00288,0.21391
CVE-2025-47277,0.00959,0.5962
CVE-2025-47278,0.00182,0.07983
CVE-2025-47279,0.00317,0.24499
CVE-2025-47280,0.00285,0.21052
CVE-2025-47281,0.00486,0.40543
CVE-2025-47282,0.00695,0.51111
CVE-2025-47283,0.00633,0.48513
CVE-2025-47284,0.00438,0.37134
CVE-2025-47285,0.00444,0.37609
CVE-2025-47286,0.00467,0.39192
CVE-2025-47287,0.00741,0.52744
CVE-2025-47288,0.00247,0.16138
CVE-2025-47289,0.00249,0.16387
CVE-2025-47290,0.00503,0.4159
CVE-2025-47291,0.00276,0.20056
CVE-2025-47292,0.00674,0.50266
CVE-2025-47293,0.0041,0.34562
CVE-2025-47294,0.00837,0.55819
CVE-2025-47295,0.00785,0.54157
CVE-2025-47314,0.00087,0.00384
CVE-2025-47315,0.00087,0.00386
CVE-2025-47316,0.00087,0.00388
CVE-2025-47317,0.00088,0.00428
CVE-2025-47318,0.00207,0.11006
CVE-2025-47319,0.00094,0.00671
CVE-2025-47320,0.00081,0.00213
CVE-2025-47321,0.00081,0.00213
CVE-2025-47322,0.00099,0.00874
CVE-2025-47323,0.00092,0.0057
CVE-2025-47324,0.00186,0.08413
CVE-2025-47325,0.0008,0.00177
CVE-2025-47326,0.00235,0.14634
CVE-2025-47327,0.00087,0.00385
CVE-2025-47328,0.00223,0.12966
CVE-2025-47329,0.00087,0.00388
CVE-2025-47330,0.00071,0.00048
CVE-2025-47331,0.00077,0.00125
CVE-2025-47332,0.0006,8e-05
CVE-2025-47333,0.00076,0.00107
CVE-2025-47334,0.00083,0.00266
CVE-2025-47335,0.00083,0.00266
CVE-2025-47336,0.00083,0.00267
CVE-2025-47337,0.00083,0.00266
CVE-2025-47338,0.00087,0.00387
CVE-2025-47339,0.00079,0.0017
CVE-2025-47340,0.00087,0.00384
CVE-2025-47341,0.00087,0.00383
CVE-2025-47342,0.00165,0.06057
CVE-2025-47343,0.00079,0.0017
CVE-2025-47344,0.0006,7e-05
CVE-2025-47345,0.00078,0.00148
CVE-2025-47346,0.00079,0.0017
CVE-2025-47347,0.00087,0.00384
CVE-2025-47348,0.00079,0.00169
CVE-2025-47349,0.00087,0.00384
CVE-2025-47350,0.00087,0.00392
CVE-2025-47351,0.00087,0.00385
CVE-2025-47352,0.00081,0.00213
CVE-2025-47353,0.00081,0.00212
CVE-2025-47354,0.00087,0.00385
CVE-2025-47355,0.00087,0.00386
CVE-2025-47356,0.00079,0.0017
CVE-2025-47357,0.00072,0.00067
CVE-2025-47358,0.00095,0.00743
CVE-2025-47359,0.00095,0.00743
CVE-2025-47360,0.00081,0.00214
CVE-2025-47361,0.00081,0.00214
CVE-2025-47362,0.00078,0.00152
CVE-2025-47363,0.00096,0.00792
CVE-2025-47364,0.00096,0.00791
CVE-2025-47365,0.00081,0.00212
CVE-2025-47366,0.00096,0.00765
CVE-2025-47367,0.00081,0.00213
CVE-2025-47368,0.00081,0.00214
CVE-2025-47369,0.00077,0.0013
CVE-2025-47370,0.00116,0.01798
CVE-2025-47371,0.00105,0.0118
CVE-2025-47372,0.00112,0.01519
CVE-2025-47373,0.00071,0.00057
CVE-2025-47374,0.00065,0.00016
CVE-2025-47375,0.00071,0.00056
CVE-2025-47376,0.00071,0.00058
CVE-2025-47377,0.00071,0.00056
CVE-2025-47378,0.0007,0.00046
CVE-2025-47379,0.00071,0.00057
CVE-2025-47380,0.0008,0.00191
CVE-2025-47381,0.00071,0.00056
CVE-2025-47382,0.00088,0.00435
CVE-2025-47383,0.0013,0.0296
CVE-2025-47384,0.00105,0.0118
CVE-2025-47385,0.00069,0.0004
CVE-2025-47386,0.00071,0.00057
CVE-2025-47387,0.00099,0.00874
CVE-2025-47388,0.0008,0.00191
CVE-2025-47389,0.00098,0.00847
CVE-2025-47390,0.00098,0.00847
CVE-2025-47391,0.00096,0.00782
CVE-2025-47392,0.00165,0.06104
CVE-2025-47393,0.00079,0.00171
CVE-2025-47394,0.0008,0.00191
CVE-2025-47395,0.00114,0.01708
CVE-2025-47396,0.00083,0.00265
CVE-2025-47397,0.00098,0.00871
CVE-2025-47398,0.00098,0.00872
CVE-2025-47399,0.00095,0.00743
CVE-2025-47400,0.00095,0.00696
CVE-2025-47401,0.00216,0.12109
CVE-2025-47402,0.00157,0.05224
CVE-2025-47403,0.00216,0.1211
CVE-2025-47404,0.00066,0.0002
CVE-2025-47405,0.00075,0.00092
CVE-2025-47406,0.00074,0.00077
CVE-2025-47407,0.00054,3e-05
CVE-2025-47408,0.00075,0.00092
CVE-2025-47410,0.00332,0.26252
CVE-2025-47411,0.16235,0.96764
CVE-2025-47415,0.00459,0.38692
CVE-2025-47416,0.0037,0.30467
CVE-2025-47417,0.0042,0.35538
CVE-2025-47418,0.00411,0.34646
CVE-2025-47419,0.00283,0.20756
CVE-2025-47420,0.00368,0.30245
CVE-2025-47421,0.00367,0.3016
CVE-2025-47422,0.00459,0.38696
CVE-2025-47423,0.01996,0.79615
CVE-2025-47424,0.00152,0.04671
CVE-2025-47436,0.00522,0.42844
CVE-2025-47437,0.00252,0.16722
CVE-2025-47438,0.00686,0.50784
CVE-2025-47439,0.00765,0.53531
CVE-2025-47440,0.00733,0.52472
CVE-2025-47441,0.00251,0.16583
CVE-2025-47442,0.00251,0.16578
CVE-2025-47443,0.00258,0.17615
CVE-2025-47444,0.00238,0.14972
CVE-2025-47445,0.05145,0.91956
CVE-2025-47446,0.00158,0.05333
CVE-2025-47447,0.00158,0.05331
CVE-2025-47448,0.00158,0.05331
CVE-2025-47449,0.00256,0.17404
CVE-2025-47450,0.0032,0.24859
CVE-2025-47451,0.00158,0.05328
CVE-2025-47452,0.00472,0.39577
CVE-2025-47453,0.00706,0.51525
CVE-2025-47454,0.00309,0.23586
CVE-2025-47455,0.00309,0.23586
CVE-2025-47456,0.00309,0.23587
CVE-2025-47457,0.0034,0.27234
CVE-2025-47458,0.00268,0.18959
CVE-2025-47459,0.00158,0.05336
CVE-2025-47460,0.00417,0.35219
CVE-2025-47461,0.00517,0.42555
CVE-2025-47462,0.00187,0.08497
CVE-2025-47463,0.00358,0.29271
CVE-2025-47464,0.00216,0.12065
CVE-2025-47465,0.00381,0.31663
CVE-2025-47466,0.00154,0.04829
CVE-2025-47467,0.00283,0.20791
CVE-2025-47468,0.00158,0.05337
CVE-2025-47469,0.0032,0.24847
CVE-2025-47470,0.00158,0.05338
CVE-2025-47471,0.00283,0.20792
CVE-2025-47472,0.0032,0.24849
CVE-2025-47473,0.00154,0.04828
CVE-2025-47474,0.00596,0.46711
CVE-2025-47475,0.00281,0.20639
CVE-2025-47476,0.00251,0.16579
CVE-2025-47477,0.00276,0.19992
CVE-2025-47478,0.00386,0.32201
CVE-2025-47479,0.00339,0.27075
CVE-2025-47480,0.0032,0.2485
CVE-2025-47481,0.00348,0.28172
CVE-2025-47482,0.00251,0.16582
CVE-2025-47483,0.00216,0.12065
CVE-2025-47484,0.00249,0.16337
CVE-2025-47485,0.0034,0.27235
CVE-2025-47486,0.0032,0.24862
CVE-2025-47487,0.00276,0.19991
CVE-2025-47488,0.00281,0.2064
CVE-2025-47489,0.00251,0.16583
CVE-2025-47490,0.00321,0.25012
CVE-2025-47491,0.00206,0.10899
CVE-2025-47492,0.01421,0.71408
CVE-2025-47493,0.0029,0.21523
CVE-2025-47494,0.00733,0.52471
CVE-2025-47495,0.00251,0.16582
CVE-2025-47496,0.00733,0.5247
CVE-2025-47497,0.00253,0.16921
CVE-2025-47498,0.00733,0.52471
CVE-2025-47499,0.00251,0.16579
CVE-2025-47500,0.00268,0.18936
CVE-2025-47501,0.00251,0.16583
CVE-2025-47502,0.00251,0.16582
CVE-2025-47503,0.00251,0.16581
CVE-2025-47504,0.00251,0.16581
CVE-2025-47505,0.00251,0.16584
CVE-2025-47506,0.00281,0.2064
CVE-2025-47507,0.00251,0.16583
CVE-2025-47508,0.00733,0.52471
CVE-2025-47509,0.00251,0.16584
CVE-2025-47510,0.00733,0.52471
CVE-2025-47511,0.00539,0.43846
CVE-2025-47512,0.00515,0.42393
CVE-2025-47513,0.00526,0.43071
CVE-2025-47514,0.00143,0.03981
CVE-2025-47515,0.00258,0.17615
CVE-2025-47516,0.00264,0.18373
CVE-2025-47517,0.00148,0.04323
CVE-2025-47518,0.00264,0.18373
CVE-2025-47519,0.00158,0.05329
CVE-2025-47520,0.00264,0.18365
CVE-2025-47521,0.00264,0.18372
CVE-2025-47522,0.00264,0.18367
CVE-2025-47523,0.00158,0.05334
CVE-2025-47524,0.00264,0.18367
CVE-2025-47525,0.00296,0.22228
CVE-2025-47526,0.0032,0.2485
CVE-2025-47527,0.00345,0.27799
CVE-2025-47528,0.00283,0.2079
CVE-2025-47529,0.00351,0.28451
CVE-2025-47530,0.00465,0.39047
CVE-2025-47531,0.0066,0.49708
CVE-2025-47532,0.00465,0.39048
CVE-2025-47533,0.00348,0.28169
CVE-2025-47534,0.00283,0.2079
CVE-2025-47535,0.005,0.41415
CVE-2025-47536,0.00467,0.39228
CVE-2025-47537,0.00417,0.35219
CVE-2025-47538,0.00459,0.38654
CVE-2025-47539,0.27878,0.97988
CVE-2025-47540,0.00394,0.33006
CVE-2025-47541,0.00452,0.38202
CVE-2025-47542,0.00158,0.05337
CVE-2025-47543,0.00158,0.05339
CVE-2025-47544,0.00459,0.38654
CVE-2025-47545,0.00328,0.25844
CVE-2025-47546,0.00161,0.05663
CVE-2025-47547,0.00252,0.16811
CVE-2025-47548,0.00291,0.21593
CVE-2025-47549,0.0052,0.4271
CVE-2025-47550,0.00443,0.37503
CVE-2025-47551,0.00158,0.05339
CVE-2025-47552,0.00375,0.31046
CVE-2025-47553,0.00344,0.27701
CVE-2025-47554,0.00235,0.1459
CVE-2025-47555,0.00313,0.24104
CVE-2025-47556,0.00348,0.2808
CVE-2025-47557,0.00245,0.15802
CVE-2025-47558,0.00428,0.36283
CVE-2025-47559,0.00501,0.41485
CVE-2025-47560,0.00301,0.22687
CVE-2025-47561,0.00344,0.27679
CVE-2025-47562,0.00348,0.28172
CVE-2025-47563,0.0033,0.26046
CVE-2025-47564,0.00403,0.33913
CVE-2025-47565,0.00233,0.14254
CVE-2025-47566,0.00174,0.07075
CVE-2025-47567,0.00417,0.35218
CVE-2025-47568,0.00506,0.41785
CVE-2025-47569,0.00621,0.47931
CVE-2025-47570,0.00235,0.14588
CVE-2025-47571,0.00461,0.38783
CVE-2025-47572,0.00667,0.49983
CVE-2025-47573,0.0042,0.35565
CVE-2025-47574,0.00215,0.12029
CVE-2025-47575,0.00323,0.25206
CVE-2025-47576,0.00475,0.39777
CVE-2025-47577,0.04643,0.91218
CVE-2025-47578,0.00204,0.1049
CVE-2025-47579,0.00325,0.25495
CVE-2025-47580,0.00285,0.20996
CVE-2025-47581,0.00465,0.39048
CVE-2025-47582,0.00573,0.45659
CVE-2025-47583,0.0014,0.03732
CVE-2025-47584,0.00369,0.30353
CVE-2025-47585,0.00276,0.2005
CVE-2025-47586,0.00683,0.50648
CVE-2025-47587,0.00417,0.35219
CVE-2025-47588,0.00443,0.37546
CVE-2025-47589,0.00251,0.16579
CVE-2025-47590,0.00158,0.05332
CVE-2025-47591,0.00367,0.30142
CVE-2025-47592,0.00264,0.18373
CVE-2025-47593,0.00264,0.18371
CVE-2025-47594,0.00158,0.05337
CVE-2025-47595,0.00264,0.18372
CVE-2025-47596,0.00158,0.05331
CVE-2025-47597,0.00158,0.0533
CVE-2025-47598,0.00245,0.15802
CVE-2025-47599,0.00343,0.27549
CVE-2025-47600,0.00357,0.2907
CVE-2025-47601,0.00324,0.25422
CVE-2025-47602,0.0032,0.2485
CVE-2025-47603,0.0055,0.44449
CVE-2025-47604,0.00281,0.2064
CVE-2025-47605,0.00264,0.18371
CVE-2025-47606,0.00158,0.05337
CVE-2025-47607,0.00264,0.18371
CVE-2025-47608,0.01113,0.64199
CVE-2025-47609,0.00158,0.0533
CVE-2025-47610,0.00209,0.11186
CVE-2025-47611,0.00276,0.19992
CVE-2025-47612,0.00358,0.29259
CVE-2025-47613,0.00276,0.19997
CVE-2025-47614,0.00158,0.05336
CVE-2025-47615,0.00264,0.18372
CVE-2025-47616,0.00251,0.16581
CVE-2025-47617,0.00264,0.18368
CVE-2025-47618,0.00276,0.19993
CVE-2025-47619,0.00379,0.31416
CVE-2025-47620,0.00143,0.03981
CVE-2025-47621,0.00251,0.16584
CVE-2025-47622,0.00264,0.18369
CVE-2025-47623,0.00265,0.18527
CVE-2025-47624,0.0018,0.078
CVE-2025-47625,0.00265,0.18526
CVE-2025-47626,0.00265,0.18526
CVE-2025-47627,0.00527,0.43171
CVE-2025-47628,0.00358,0.29259
CVE-2025-47629,0.00548,0.4435
CVE-2025-47630,0.00252,0.16812
CVE-2025-47631,0.00355,0.28881
CVE-2025-47632,0.00252,0.16811
CVE-2025-47633,0.0018,0.07799
CVE-2025-47634,0.0029,0.21576
CVE-2025-47635,0.00361,0.29506
CVE-2025-47636,0.00693,0.51047
CVE-2025-47637,0.00456,0.38499
CVE-2025-47638,0.00264,0.18369
CVE-2025-47639,0.00143,0.03979
CVE-2025-47640,0.00343,0.27548
CVE-2025-47641,0.00421,0.35661
CVE-2025-47642,0.00428,0.36253
CVE-2025-47643,0.00417,0.35219
CVE-2025-47644,0.00309,0.23585
CVE-2025-47645,0.00329,0.25955
CVE-2025-47646,0.24936,0.97791
CVE-2025-47647,0.00158,0.0533
CVE-2025-47648,0.00143,0.03982
CVE-2025-47649,0.00507,0.41825
CVE-2025-47650,0.00428,0.36248
CVE-2025-47651,0.00313,0.24144
CVE-2025-47652,0.00235,0.14588
CVE-2025-47653,0.00595,0.46669
CVE-2025-47654,0.00215,0.12028
CVE-2025-47655,0.00131,0.03049
CVE-2025-47656,0.00203,0.10463
CVE-2025-47657,0.00343,0.27548
CVE-2025-47658,0.00411,0.34615
CVE-2025-47659,0.00209,0.11268
CVE-2025-47660,0.00437,0.37027
CVE-2025-47661,0.00175,0.07173
CVE-2025-47662,0.00209,0.11269
CVE-2025-47663,0.00407,0.34348
CVE-2025-47664,0.00215,0.11976
CVE-2025-47665,0.00214,0.11859
CVE-2025-47666,0.0028,0.20438
CVE-2025-47667,0.0014,0.03732
CVE-2025-47668,0.00214,0.1186
CVE-2025-47669,0.00203,0.10462
CVE-2025-47670,0.00636,0.48652
CVE-2025-47671,0.00338,0.26958
CVE-2025-47672,0.00636,0.48652
CVE-2025-47673,0.00217,0.12276
CVE-2025-47674,0.00145,0.0407
CVE-2025-47675,0.00209,0.11269
CVE-2025-47676,0.00209,0.11269
CVE-2025-47677,0.00203,0.10462
CVE-2025-47678,0.00224,0.13089
CVE-2025-47679,0.00203,0.10463
CVE-2025-47680,0.00224,0.13088
CVE-2025-47681,0.00145,0.04069
CVE-2025-47682,0.00378,0.31304
CVE-2025-47683,0.00511,0.42147
CVE-2025-47684,0.0014,0.03731
CVE-2025-47685,0.00131,0.0305
CVE-2025-47686,0.00203,0.10463
CVE-2025-47687,0.00437,0.37051
CVE-2025-47688,0.00353,0.28615
CVE-2025-47689,0.00228,0.13707
CVE-2025-47690,0.0035,0.28355
CVE-2025-47691,0.00254,0.1713
CVE-2025-47692,0.00232,0.14233
CVE-2025-47693,0.00581,0.45992
CVE-2025-47694,0.00228,0.13704
CVE-2025-47695,0.00501,0.41463
CVE-2025-47696,0.00468,0.39249
CVE-2025-47697,0.003,0.2257
CVE-2025-47698,0.00139,0.03628
CVE-2025-47699,0.00316,0.24466
CVE-2025-47700,0.00191,0.0899
CVE-2025-47701,0.00193,0.09118
CVE-2025-47702,0.00228,0.13695
CVE-2025-47703,0.00228,0.13695
CVE-2025-47704,0.00228,0.13696
CVE-2025-47705,0.0027,0.1915
CVE-2025-47706,0.0027,0.19285
CVE-2025-47707,0.0041,0.3459
CVE-2025-47708,0.00193,0.09119
CVE-2025-47709,0.00242,0.1552
CVE-2025-47710,0.00373,0.30839
CVE-2025-47711,0.00453,0.38289
CVE-2025-47712,0.00479,0.40041
CVE-2025-47713,0.00592,0.46553
CVE-2025-47724,0.00238,0.14909
CVE-2025-47725,0.00252,0.1681
CVE-2025-47726,0.00252,0.1681
CVE-2025-47727,0.00252,0.1681
CVE-2025-47728,0.00415,0.35093
CVE-2025-47729,0.00428,0.36251
CVE-2025-47730,0.0037,0.30504
CVE-2025-47732,0.03546,0.8866
CVE-2025-47733,0.01836,0.77771
CVE-2025-47735,0.00326,0.2559
CVE-2025-47736,0.00246,0.16045
CVE-2025-47737,0.00534,0.43525
CVE-2025-47748,0.0034,0.27166
CVE-2025-47749,0.00222,0.12845
CVE-2025-47750,0.00222,0.12846
CVE-2025-47751,0.00222,0.12846
CVE-2025-47752,0.00222,0.12846
CVE-2025-47753,0.00222,0.12847
CVE-2025-47754,0.00222,0.12846
CVE-2025-47755,0.00222,0.12845
CVE-2025-47756,0.00222,0.12847
CVE-2025-47757,0.00222,0.12847
CVE-2025-47758,0.00245,0.15847
CVE-2025-47759,0.00245,0.15848
CVE-2025-47760,0.00245,0.15848
CVE-2025-47761,0.00159,0.05406
CVE-2025-47771,0.00479,0.40077
CVE-2025-47773,0.00222,0.12934
CVE-2025-47774,0.00459,0.38674
CVE-2025-47775,0.00473,0.39664
CVE-2025-47776,0.00322,0.25109
CVE-2025-47777,0.00945,0.592
CVE-2025-47778,0.00449,0.38012
CVE-2025-47779,0.00502,0.41511
CVE-2025-47780,0.00258,0.17607
CVE-2025-47781,0.00604,0.47145
CVE-2025-47782,0.00487,0.40596
CVE-2025-47783,0.0059,0.46461
CVE-2025-47784,0.00493,0.40966
CVE-2025-47785,0.00735,0.52548
CVE-2025-47786,0.00252,0.16714
CVE-2025-47787,0.00714,0.51782
CVE-2025-47788,0.00472,0.39536
CVE-2025-47789,0.00218,0.12385
CVE-2025-47790,0.00377,0.31168
CVE-2025-47791,0.00364,0.29852
CVE-2025-47792,0.00176,0.07353
CVE-2025-47793,0.00768,0.53636
CVE-2025-47794,0.00475,0.39747
CVE-2025-47806,0.00289,0.21424
CVE-2025-47807,0.00198,0.09795
CVE-2025-47808,0.00478,0.39972
CVE-2025-47809,0.00171,0.06786
CVE-2025-47811,0.0481,0.9147
CVE-2025-47812,0.92862,0.99825
CVE-2025-47813,0.62967,0.99154
CVE-2025-47814,0.0029,0.21577
CVE-2025-47815,0.0029,0.21578
CVE-2025-47816,0.00338,0.26996
CVE-2025-47817,0.00499,0.41363
CVE-2025-47818,0.00201,0.10216
CVE-2025-47819,0.00225,0.13211
CVE-2025-47820,0.00135,0.03328
CVE-2025-47821,0.00194,0.0924
CVE-2025-47822,0.00217,0.12203
CVE-2025-47823,0.00201,0.10216
CVE-2025-47824,0.0013,0.02997
CVE-2025-47827,0.04927,0.9165
CVE-2025-47828,0.00238,0.14907
CVE-2025-47849,0.00592,0.46553
CVE-2025-47850,0.00367,0.30132
CVE-2025-47851,0.02649,0.84801
CVE-2025-47852,0.00708,0.51611
CVE-2025-47853,0.00708,0.51611
CVE-2025-47854,0.00255,0.17139
CVE-2025-47855,0.0088,0.57175
CVE-2025-47856,0.01324,0.69397
CVE-2025-47857,0.00484,0.4038
CVE-2025-47865,0.01678,0.75634
CVE-2025-47866,0.00279,0.20382
CVE-2025-47867,0.01771,0.76934
CVE-2025-47868,0.0069,0.50919
CVE-2025-47869,0.0069,0.50919
CVE-2025-47870,0.0022,0.12658
CVE-2025-47871,0.00172,0.06897
CVE-2025-47872,0.00297,0.2232
CVE-2025-47873,0.00268,0.18993
CVE-2025-47884,0.00637,0.48688
CVE-2025-47885,0.00562,0.45094
CVE-2025-47886,0.00245,0.1582
CVE-2025-47887,0.00331,0.26142
CVE-2025-47888,0.00226,0.13383
CVE-2025-47889,0.00644,0.49037
CVE-2025-47890,0.00251,0.167
CVE-2025-47900,0.01415,0.71311
CVE-2025-47901,0.01415,0.71311
CVE-2025-47902,0.00353,0.28664
CVE-2025-47904,0.00092,0.00579
CVE-2025-47905,0.00362,0.29612
CVE-2025-47906,0.00524,0.4298
CVE-2025-47907,0.00368,0.30253
CVE-2025-47908,0.00572,0.45587
CVE-2025-47909,0.00172,0.06814
CVE-2025-47910,0.0033,0.25986
CVE-2025-47911,0.00521,0.42788
CVE-2025-47912,0.00436,0.36984
CVE-2025-47913,0.00623,0.48057
CVE-2025-47914,0.0051,0.42038
CVE-2025-47916,0.83732,0.99672
CVE-2025-47917,0.02061,0.80305
CVE-2025-47928,0.00603,0.47087
CVE-2025-47929,0.00395,0.33169
CVE-2025-47930,0.00339,0.27152
CVE-2025-47931,0.119,0.95873
CVE-2025-47932,0.00222,0.12934
CVE-2025-47933,0.00455,0.38416
CVE-2025-47934,0.00647,0.49148
CVE-2025-47935,0.00784,0.5412
CVE-2025-47936,0.00261,0.17934
CVE-2025-47937,0.00289,0.21446
CVE-2025-47938,0.00264,0.1839
CVE-2025-47939,0.00174,0.07066
CVE-2025-47940,0.00437,0.37083
CVE-2025-47941,0.0045,0.3804
CVE-2025-47942,0.00443,0.3749
CVE-2025-47943,0.00359,0.29329
CVE-2025-47944,0.008,0.54638
CVE-2025-47945,0.00658,0.49616
CVE-2025-47946,0.00242,0.15447
CVE-2025-47947,0.00596,0.46729
CVE-2025-47948,0.00394,0.3305
CVE-2025-47949,0.00466,0.39103
CVE-2025-47950,0.01187,0.6619
CVE-2025-47951,0.00247,0.1608
CVE-2025-47952,0.00943,0.59135
CVE-2025-47953,0.00543,0.44066
CVE-2025-47954,0.01485,0.72621
CVE-2025-47955,0.00869,0.56834
CVE-2025-47956,0.00673,0.50249
CVE-2025-47957,0.01315,0.69195
CVE-2025-47959,0.10683,0.95557
CVE-2025-47962,0.01565,0.73953
CVE-2025-47963,0.00514,0.42309
CVE-2025-47964,0.00407,0.34363
CVE-2025-47966,0.01159,0.65395
CVE-2025-47967,0.00366,0.30024
CVE-2025-47968,0.00389,0.32456
CVE-2025-47969,0.00621,0.47981
CVE-2025-47971,0.00457,0.38521
CVE-2025-47972,0.00549,0.44393
CVE-2025-47973,0.00457,0.3852
CVE-2025-47975,0.00323,0.25229
CVE-2025-47976,0.00389,0.32466
CVE-2025-47977,0.00581,0.46045
CVE-2025-47978,0.02044,0.80135
CVE-2025-47979,0.00611,0.47479
CVE-2025-47980,0.00573,0.45636
CVE-2025-47981,0.32552,0.98242
CVE-2025-47982,0.00374,0.30964
CVE-2025-47984,0.16247,0.96766
CVE-2025-47985,0.00361,0.2956
CVE-2025-47986,0.00372,0.30665
CVE-2025-47987,0.01705,0.76027
CVE-2025-47988,0.00876,0.57059
CVE-2025-47989,0.00555,0.44726
CVE-2025-47991,0.00306,0.23265
CVE-2025-47993,0.00337,0.26843
CVE-2025-47994,0.02792,0.8566
CVE-2025-47995,0.00644,0.49036
CVE-2025-47996,0.00358,0.29224
CVE-2025-47997,0.0082,0.5529
CVE-2025-47998,0.00899,0.57729
CVE-2025-47999,0.00393,0.32968
CVE-2025-48000,0.00286,0.21057
CVE-2025-48001,0.00401,0.33769
CVE-2025-48002,0.00578,0.45867
CVE-2025-48003,0.00571,0.45551
CVE-2025-48004,0.01971,0.79336
CVE-2025-48005,0.00738,0.52637
CVE-2025-48006,0.00539,0.43822
CVE-2025-48007,0.00192,0.0907
CVE-2025-48008,0.00444,0.376
CVE-2025-48009,0.00218,0.1232
CVE-2025-48010,0.0025,0.16461
CVE-2025-48011,0.00308,0.23483
CVE-2025-48012,0.0025,0.16461
CVE-2025-48013,0.00268,0.18984
CVE-2025-48014,0.00421,0.35639
CVE-2025-48015,0.00255,0.17267
CVE-2025-48016,0.00217,0.12233
CVE-2025-48017,0.00442,0.37419
CVE-2025-48018,0.00154,0.04872
CVE-2025-48019,0.00222,0.12891
CVE-2025-48020,0.0024,0.1526
CVE-2025-48021,0.0018,0.07685
CVE-2025-48022,0.0018,0.07685
CVE-2025-48023,0.0018,0.07685
CVE-2025-48024,0.00336,0.26753
CVE-2025-48025,0.00262,0.18157
CVE-2025-48026,0.00557,0.44843
CVE-2025-48027,0.00294,0.21966
CVE-2025-48038,0.00385,0.32088
CVE-2025-48039,0.00385,0.32088
CVE-2025-48040,0.00431,0.36519
CVE-2025-48041,0.00385,0.32088
CVE-2025-48042,0.00316,0.2444
CVE-2025-48043,0.00382,0.31791
CVE-2025-48044,0.00805,0.54815
CVE-2025-48045,0.00632,0.48431
CVE-2025-48046,0.00529,0.43274
CVE-2025-48047,0.1569,0.96662
CVE-2025-48050,0.00468,0.3924
CVE-2025-48051,0.00421,0.35669
CVE-2025-48053,0.0037,0.3048
CVE-2025-48054,0.00646,0.4909
CVE-2025-48055,0.00179,0.07642
CVE-2025-48056,0.0028,0.20479
CVE-2025-48057,0.00443,0.37504
CVE-2025-48058,0.00387,0.32242
CVE-2025-48059,0.00536,0.43664
CVE-2025-48060,0.00534,0.4355
CVE-2025-48061,0.00143,0.03947
CVE-2025-48062,0.0026,0.17789
CVE-2025-48063,0.00962,0.59754
CVE-2025-48064,0.00172,0.06858
CVE-2025-48065,0.00222,0.12934
CVE-2025-48066,0.00099,0.00916
CVE-2025-48067,0.00294,0.22003
CVE-2025-48068,0.00194,0.093
CVE-2025-48069,0.01317,0.69237
CVE-2025-48070,0.00258,0.17638
CVE-2025-48071,0.00308,0.23474
CVE-2025-48072,0.00489,0.40701
CVE-2025-48073,0.00198,0.09807
CVE-2025-48074,0.00259,0.17766
CVE-2025-48075,0.00502,0.4152
CVE-2025-48076,0.00167,0.06337
CVE-2025-48077,0.00115,0.0174
CVE-2025-48078,0.00118,0.01956
CVE-2025-48079,0.00232,0.14232
CVE-2025-48080,0.00199,0.09829
CVE-2025-48081,0.00328,0.25839
CVE-2025-48082,0.00449,0.37977
CVE-2025-48083,0.00118,0.01955
CVE-2025-48085,0.00118,0.01956
CVE-2025-48086,0.00236,0.14735
CVE-2025-48087,0.0025,0.16499
CVE-2025-48088,0.00154,0.04909
CVE-2025-48089,0.00339,0.27096
CVE-2025-48090,0.00413,0.34886
CVE-2025-48091,0.00395,0.33112
CVE-2025-48092,0.0028,0.20486
CVE-2025-48093,0.0028,0.20486
CVE-2025-48094,0.00251,0.16652
CVE-2025-48095,0.00268,0.1897
CVE-2025-48096,0.00279,0.20388
CVE-2025-48097,0.00213,0.11734
CVE-2025-48098,0.00213,0.11734
CVE-2025-48099,0.00173,0.06968
CVE-2025-48100,0.00371,0.30619
CVE-2025-48101,0.00327,0.25716
CVE-2025-48102,0.00182,0.0803
CVE-2025-48103,0.00165,0.06122
CVE-2025-48104,0.00116,0.01813
CVE-2025-48105,0.00165,0.06124
CVE-2025-48106,0.00578,0.45882
CVE-2025-48107,0.0025,0.16453
CVE-2025-48108,0.00227,0.13559
CVE-2025-48109,0.00127,0.02674
CVE-2025-48110,0.00204,0.1054
CVE-2025-48111,0.00153,0.04784
CVE-2025-48112,0.00217,0.12275
CVE-2025-48113,0.00199,0.0983
CVE-2025-48114,0.00131,0.03052
CVE-2025-48115,0.00145,0.04071
CVE-2025-48116,0.00327,0.25642
CVE-2025-48117,0.00279,0.20416
CVE-2025-48118,0.00275,0.19919
CVE-2025-48119,0.00286,0.21143
CVE-2025-48120,0.00286,0.21143
CVE-2025-48121,0.00199,0.09831
CVE-2025-48122,0.00353,0.28683
CVE-2025-48123,0.00469,0.39302
CVE-2025-48124,0.00541,0.43952
CVE-2025-48125,0.00636,0.48651
CVE-2025-48126,0.00573,0.45654
CVE-2025-48127,0.00251,0.16691
CVE-2025-48128,0.00232,0.14232
CVE-2025-48129,0.00554,0.44669
CVE-2025-48130,0.00501,0.41478
CVE-2025-48131,0.00199,0.0983
CVE-2025-48132,0.00202,0.10337
CVE-2025-48133,0.0031,0.23715
CVE-2025-48134,0.00462,0.38857
CVE-2025-48135,0.00202,0.10337
CVE-2025-48136,0.00523,0.42898
CVE-2025-48137,0.0032,0.24824
CVE-2025-48138,0.00333,0.26426
CVE-2025-48139,0.00238,0.1495
CVE-2025-48140,0.00415,0.35059
CVE-2025-48141,0.00333,0.26341
CVE-2025-48142,0.00362,0.29661
CVE-2025-48143,0.00211,0.11471
CVE-2025-48144,0.00131,0.03055
CVE-2025-48145,0.00242,0.15509
CVE-2025-48146,0.00131,0.03056
CVE-2025-48147,0.00276,0.2005
CVE-2025-48148,0.16692,0.9685
CVE-2025-48149,0.00649,0.49268
CVE-2025-48150,0.00241,0.15391
CVE-2025-48151,0.00228,0.13703
CVE-2025-48152,0.00228,0.13702
CVE-2025-48153,0.00127,0.02675
CVE-2025-48154,0.00228,0.13704
CVE-2025-48155,0.00265,0.18467
CVE-2025-48156,0.00209,0.11186
CVE-2025-48157,0.02733,0.85312
CVE-2025-48158,0.00473,0.39626
CVE-2025-48159,0.00228,0.13703
CVE-2025-48160,0.00649,0.49267
CVE-2025-48161,0.00355,0.28944
CVE-2025-48162,0.00228,0.13703
CVE-2025-48163,0.00243,0.15547
CVE-2025-48164,0.00362,0.29662
CVE-2025-48165,0.00341,0.27342
CVE-2025-48166,0.00265,0.18468
CVE-2025-48167,0.00218,0.12409
CVE-2025-48168,0.00215,0.12031
CVE-2025-48169,0.00454,0.38359
CVE-2025-48170,0.00229,0.13749
CVE-2025-48171,0.00496,0.41185
CVE-2025-48172,0.0016,0.05569
CVE-2025-48174,0.0036,0.29413
CVE-2025-48175,0.00321,0.25065
CVE-2025-48187,0.00543,0.44061
CVE-2025-48188,0.00158,0.05324
CVE-2025-48200,0.00713,0.51764
CVE-2025-48201,0.00353,0.2862
CVE-2025-48202,0.00284,0.20913
CVE-2025-48203,0.0023,0.13888
CVE-2025-48204,0.0075,0.53037
CVE-2025-48205,0.00353,0.2862
CVE-2025-48206,0.00232,0.14154
CVE-2025-48207,0.00353,0.2862
CVE-2025-48208,0.00632,0.48436
CVE-2025-48219,0.00317,0.24556
CVE-2025-48231,0.00197,0.09596
CVE-2025-48232,0.00252,0.1678
CVE-2025-48233,0.00146,0.04234
CVE-2025-48234,0.00283,0.20808
CVE-2025-48235,0.00252,0.1678
CVE-2025-48236,0.0045,0.38075
CVE-2025-48237,0.00252,0.16785
CVE-2025-48238,0.00143,0.0398
CVE-2025-48239,0.00252,0.16783
CVE-2025-48240,0.00252,0.16781
CVE-2025-48241,0.00217,0.12275
CVE-2025-48242,0.00379,0.31417
CVE-2025-48243,0.00158,0.05335
CVE-2025-48244,0.00296,0.22228
CVE-2025-48245,0.00217,0.12274
CVE-2025-48246,0.00359,0.29341
CVE-2025-48247,0.00307,0.23425
CVE-2025-48248,0.00252,0.16785
CVE-2025-48249,0.00252,0.16785
CVE-2025-48250,0.00252,0.16781
CVE-2025-48251,0.00252,0.16819
CVE-2025-48252,0.00254,0.17017
CVE-2025-48253,0.00254,0.17017
CVE-2025-48254,0.00254,0.17017
CVE-2025-48255,0.0018,0.07827
CVE-2025-48256,0.00254,0.17018
CVE-2025-48257,0.00396,0.33223
CVE-2025-48258,0.00252,0.16783
CVE-2025-48259,0.00145,0.0407
CVE-2025-48260,0.00247,0.16118
CVE-2025-48261,0.00345,0.27748
CVE-2025-48262,0.00297,0.22358
CVE-2025-48263,0.00208,0.11154
CVE-2025-48264,0.00145,0.04071
CVE-2025-48265,0.00145,0.0407
CVE-2025-48266,0.00204,0.1061
CVE-2025-48267,0.00471,0.3949
CVE-2025-48268,0.00232,0.14233
CVE-2025-48269,0.00205,0.10636
CVE-2025-48270,0.00209,0.11181
CVE-2025-48271,0.00293,0.2187
CVE-2025-48272,0.00311,0.23828
CVE-2025-48273,0.00501,0.41477
CVE-2025-48274,0.00319,0.24739
CVE-2025-48275,0.00293,0.21871
CVE-2025-48276,0.00243,0.15612
CVE-2025-48277,0.00214,0.11903
CVE-2025-48278,0.00323,0.25255
CVE-2025-48279,0.00211,0.11471
CVE-2025-48280,0.00338,0.27012
CVE-2025-48281,0.01416,0.71323
CVE-2025-48282,0.00263,0.18236
CVE-2025-48283,0.00353,0.28683
CVE-2025-48284,0.0014,0.03742
CVE-2025-48285,0.00145,0.04084
CVE-2025-48286,0.00224,0.1309
CVE-2025-48287,0.00506,0.41785
CVE-2025-48288,0.00205,0.10636
CVE-2025-48289,0.00479,0.40046
CVE-2025-48290,0.00499,0.41343
CVE-2025-48291,0.00235,0.14589
CVE-2025-48292,0.00636,0.48652
CVE-2025-48293,0.00435,0.36859
CVE-2025-48294,0.00199,0.0986
CVE-2025-48295,0.00209,0.11187
CVE-2025-48296,0.00235,0.14621
CVE-2025-48297,0.00229,0.13749
CVE-2025-48298,0.00527,0.4317
CVE-2025-48299,0.00355,0.28944
CVE-2025-48300,0.00423,0.35854
CVE-2025-48301,0.00355,0.28943
CVE-2025-48302,0.00493,0.40968
CVE-2025-48303,0.00124,0.02471
CVE-2025-48304,0.00123,0.02398
CVE-2025-48305,0.00218,0.12413
CVE-2025-48306,0.00123,0.02399
CVE-2025-48307,0.00127,0.02675
CVE-2025-48308,0.00123,0.02398
CVE-2025-48309,0.00123,0.02399
CVE-2025-48310,0.0014,0.03708
CVE-2025-48311,0.00123,0.02398
CVE-2025-48312,0.00204,0.10538
CVE-2025-48313,0.00218,0.12412
CVE-2025-48314,0.00218,0.12413
CVE-2025-48315,0.00204,0.10539
CVE-2025-48316,0.00204,0.10538
CVE-2025-48317,0.00415,0.35057
CVE-2025-48318,0.0014,0.0371
CVE-2025-48319,0.00225,0.13254
CVE-2025-48320,0.00127,0.02676
CVE-2025-48321,0.00127,0.02676
CVE-2025-48322,0.0021,0.11354
CVE-2025-48323,0.00225,0.13257
CVE-2025-48324,0.00225,0.13253
CVE-2025-48325,0.00127,0.02677
CVE-2025-48326,0.0027,0.19263
CVE-2025-48327,0.0029,0.21527
CVE-2025-48328,0.0014,0.03735
CVE-2025-48329,0.00217,0.12275
CVE-2025-48330,0.00522,0.42845
CVE-2025-48331,0.00355,0.28971
CVE-2025-48332,0.0056,0.44956
CVE-2025-48333,0.00242,0.15509
CVE-2025-48334,0.00244,0.15713
CVE-2025-48335,0.00252,0.16758
CVE-2025-48336,0.00465,0.39079
CVE-2025-48337,0.00255,0.17241
CVE-2025-48338,0.0043,0.36393
CVE-2025-48339,0.00203,0.10409
CVE-2025-48340,0.00241,0.15345
CVE-2025-48341,0.00214,0.11903
CVE-2025-48342,0.0014,0.03742
CVE-2025-48343,0.00132,0.03092
CVE-2025-48344,0.0014,0.03743
CVE-2025-48345,0.00191,0.08915
CVE-2025-48346,0.00263,0.18235
CVE-2025-48347,0.0021,0.11364
CVE-2025-48348,0.00236,0.1467
CVE-2025-48349,0.0021,0.11364
CVE-2025-48350,0.00236,0.14671
CVE-2025-48351,0.00127,0.02677
CVE-2025-48352,0.00225,0.13252
CVE-2025-48353,0.00127,0.02678
CVE-2025-48354,0.0021,0.11364
CVE-2025-48355,0.00306,0.23249
CVE-2025-48356,0.0021,0.11354
CVE-2025-48357,0.00131,0.03039
CVE-2025-48358,0.00225,0.13252
CVE-2025-48359,0.00127,0.02678
CVE-2025-48360,0.00225,0.13252
CVE-2025-48361,0.00306,0.23249
CVE-2025-48362,0.00136,0.03381
CVE-2025-48363,0.0014,0.03709
CVE-2025-48364,0.00185,0.08271
CVE-2025-48365,0.00225,0.13253
CVE-2025-48366,0.00262,0.1814
CVE-2025-48367,0.008,0.54635
CVE-2025-48368,0.00256,0.174
CVE-2025-48369,0.00252,0.16715
CVE-2025-48370,0.00865,0.56699
CVE-2025-48371,0.00482,0.40232
CVE-2025-48372,0.00268,0.19029
CVE-2025-48373,0.00381,0.31653
CVE-2025-48374,0.00173,0.06998
CVE-2025-48375,0.00423,0.35841
CVE-2025-48376,0.00244,0.15664
CVE-2025-48377,0.00225,0.13335
CVE-2025-48378,0.00279,0.20339
CVE-2025-48379,0.0028,0.20469
CVE-2025-48381,0.00279,0.20315
CVE-2025-48382,0.00145,0.04117
CVE-2025-48383,0.00312,0.23973
CVE-2025-48384,0.04109,0.90215
CVE-2025-48385,0.00929,0.58692
CVE-2025-48386,0.00391,0.32673
CVE-2025-48387,0.00576,0.45784
CVE-2025-48388,0.00383,0.3185
CVE-2025-48389,0.00911,0.58114
CVE-2025-48390,0.00892,0.57521
CVE-2025-48391,0.00408,0.34435
CVE-2025-48392,0.00603,0.47087
CVE-2025-48393,0.00202,0.10242
CVE-2025-48394,0.00287,0.21229
CVE-2025-48395,0.00287,0.21228
CVE-2025-48396,0.00337,0.26848
CVE-2025-48397,0.00207,0.10961
CVE-2025-48413,0.00219,0.12512
CVE-2025-48414,0.00334,0.26474
CVE-2025-48415,0.00215,0.12013
CVE-2025-48416,0.00546,0.44223
CVE-2025-48417,0.00207,0.10974
CVE-2025-48418,0.0052,0.42698
CVE-2025-48428,0.00096,0.0079
CVE-2025-48429,0.00432,0.36568
CVE-2025-48430,0.00116,0.01834
CVE-2025-48431,0.01079,0.6325
CVE-2025-48432,0.00751,0.53075
CVE-2025-48443,0.00206,0.10816
CVE-2025-48444,0.00268,0.18984
CVE-2025-48445,0.00318,0.24594
CVE-2025-48446,0.00329,0.25914
CVE-2025-48447,0.00326,0.25606
CVE-2025-48448,0.00313,0.24153
CVE-2025-48459,0.00494,0.41043
CVE-2025-48461,0.00457,0.38528
CVE-2025-48462,0.00188,0.08576
CVE-2025-48463,0.00122,0.02297
CVE-2025-48464,0.00139,0.03616
CVE-2025-48466,0.00536,0.4367
CVE-2025-48467,0.00235,0.14546
CVE-2025-48468,0.00179,0.07625
CVE-2025-48469,0.00463,0.38956
CVE-2025-48470,0.00186,0.08428
CVE-2025-48471,0.0112,0.64387
CVE-2025-48472,0.004,0.33671
CVE-2025-48473,0.00366,0.30071
CVE-2025-48474,0.00462,0.38904
CVE-2025-48475,0.00393,0.32915
CVE-2025-48476,0.00525,0.43049
CVE-2025-48477,0.00481,0.40214
CVE-2025-48478,0.00449,0.37958
CVE-2025-48479,0.00317,0.24495
CVE-2025-48480,0.00317,0.24494
CVE-2025-48481,0.00531,0.43346
CVE-2025-48482,0.00336,0.26792
CVE-2025-48483,0.00151,0.04632
CVE-2025-48484,0.00254,0.17031
CVE-2025-48485,0.00252,0.16819
CVE-2025-48486,0.00254,0.1703
CVE-2025-48487,0.0026,0.17836
CVE-2025-48488,0.00254,0.17031
CVE-2025-48489,0.0022,0.12549
CVE-2025-48490,0.00611,0.47435
CVE-2025-48491,0.00568,0.45374
CVE-2025-48492,0.00911,0.58109
CVE-2025-48493,0.00323,0.25256
CVE-2025-48494,0.00166,0.06154
CVE-2025-48495,0.00133,0.03178
CVE-2025-48496,0.00176,0.07349
CVE-2025-48497,0.00131,0.03059
CVE-2025-48498,0.00583,0.46127
CVE-2025-48499,0.00311,0.23891
CVE-2025-48500,0.00115,0.01766
CVE-2025-48501,0.01354,0.70072
CVE-2025-48502,0.0011,0.01453
CVE-2025-48503,0.00137,0.0344
CVE-2025-48505,0.00113,0.01611
CVE-2025-48506,0.00148,0.0439
CVE-2025-48507,0.00183,0.08044
CVE-2025-48508,0.00155,0.04991
CVE-2025-48509,0.0012,0.02068
CVE-2025-48510,0.00125,0.02563
CVE-2025-48511,0.0011,0.01453
CVE-2025-48512,0.00106,0.0124
CVE-2025-48513,0.00104,0.01143
CVE-2025-48514,0.00141,0.03748
CVE-2025-48515,0.00131,0.03018
CVE-2025-48516,0.00091,0.00532
CVE-2025-48517,0.00141,0.03788
CVE-2025-48518,0.00139,0.03625
CVE-2025-48519,0.00099,0.00917
CVE-2025-48520,0.00099,0.00916
CVE-2025-48521,0.00101,0.01006
CVE-2025-48522,0.00096,0.00802
CVE-2025-48523,0.00088,0.00449
CVE-2025-48524,0.00081,0.00224
CVE-2025-48525,0.00102,0.01047
CVE-2025-48526,0.0009,0.00497
CVE-2025-48527,0.001,0.00944
CVE-2025-48528,0.0009,0.00496
CVE-2025-48529,0.00083,0.00276
CVE-2025-48530,0.00519,0.42682
CVE-2025-48531,0.00097,0.00832
CVE-2025-48532,0.00081,0.0023
CVE-2025-48533,0.00086,0.00364
CVE-2025-48534,0.00288,0.21274
CVE-2025-48535,0.00171,0.06718
CVE-2025-48536,0.00086,0.00381
CVE-2025-48537,0.0009,0.00486
CVE-2025-48538,0.00083,0.0027
CVE-2025-48539,0.00246,0.16003
CVE-2025-48540,0.00095,0.00723
CVE-2025-48541,0.00086,0.00364
CVE-2025-48542,0.00079,0.00175
CVE-2025-48543,0.00531,0.43386
CVE-2025-48544,0.00099,0.00908
CVE-2025-48545,0.00091,0.00547
CVE-2025-48546,0.0009,0.00496
CVE-2025-48547,0.00084,0.00305
CVE-2025-48548,0.00101,0.01012
CVE-2025-48549,0.00112,0.01543
CVE-2025-48550,0.00098,0.0086
CVE-2025-48551,0.00077,0.00129
CVE-2025-48552,0.001,0.00941
CVE-2025-48553,0.00091,0.00526
CVE-2025-48554,0.00082,0.00255
CVE-2025-48555,0.00086,0.00381
CVE-2025-48556,0.00087,0.00417
CVE-2025-48558,0.00079,0.00156
CVE-2025-48559,0.00088,0.00438
CVE-2025-48560,0.00073,0.0007
CVE-2025-48561,0.00122,0.02296
CVE-2025-48562,0.00086,0.00369
CVE-2025-48563,0.00086,0.00364
CVE-2025-48564,0.00071,0.00047
CVE-2025-48565,0.00099,0.00908
CVE-2025-48566,0.00095,0.00695
CVE-2025-48567,0.0011,0.01453
CVE-2025-48568,0.00076,0.00118
CVE-2025-48569,0.00073,0.00068
CVE-2025-48570,0.00072,0.00064
CVE-2025-48571,0.00191,0.08905
CVE-2025-48572,0.00259,0.17696
CVE-2025-48573,0.00088,0.00448
CVE-2025-48574,0.00097,0.00822
CVE-2025-48575,0.00068,0.00034
CVE-2025-48576,0.00087,0.00394
CVE-2025-48577,0.00076,0.00118
CVE-2025-48578,0.00099,0.00919
CVE-2025-48579,0.00101,0.00989
CVE-2025-48580,0.00126,0.02653
CVE-2025-48581,0.00187,0.0846
CVE-2025-48582,0.00108,0.01311
CVE-2025-48583,0.00095,0.00755
CVE-2025-48584,0.00093,0.00624
CVE-2025-48585,0.00094,0.00667
CVE-2025-48586,0.00088,0.00419
CVE-2025-48587,0.00094,0.00667
CVE-2025-48588,0.00093,0.00605
CVE-2025-48589,0.00098,0.00849
CVE-2025-48590,0.00098,0.00868
CVE-2025-48591,0.00091,0.00559
CVE-2025-48592,0.00347,0.28051
CVE-2025-48593,0.00894,0.57586
CVE-2025-48594,0.00091,0.00532
CVE-2025-48595,0.01714,0.76157
CVE-2025-48596,0.00094,0.00654
CVE-2025-48597,0.00081,0.00226
CVE-2025-48598,0.00113,0.01634
CVE-2025-48599,0.00082,0.00242
CVE-2025-48600,0.00175,0.07228
CVE-2025-48601,0.00082,0.00241
CVE-2025-48602,0.0011,0.01415
CVE-2025-48603,0.00087,0.00393
CVE-2025-48604,0.00084,0.00313
CVE-2025-48605,0.0011,0.01415
CVE-2025-48606,0.00091,0.00546
CVE-2025-48607,0.00082,0.00245
CVE-2025-48608,0.0007,0.00044
CVE-2025-48609,0.00263,0.18208
CVE-2025-48610,0.00092,0.00568
CVE-2025-48611,0.00193,0.09176
CVE-2025-48612,0.00109,0.01362
CVE-2025-48613,0.00088,0.00424
CVE-2025-48614,0.00106,0.01248
CVE-2025-48615,0.00109,0.01362
CVE-2025-48616,0.00114,0.01677
CVE-2025-48617,0.00077,0.00128
CVE-2025-48618,0.00153,0.04774
CVE-2025-48619,0.001,0.00928
CVE-2025-48620,0.00095,0.00747
CVE-2025-48621,0.00132,0.03116
CVE-2025-48622,0.00101,0.0099
CVE-2025-48623,0.00106,0.01223
CVE-2025-48624,0.00097,0.00815
CVE-2025-48625,0.00065,0.00018
CVE-2025-48626,0.00377,0.31205
CVE-2025-48627,0.00086,0.00377
CVE-2025-48628,0.00082,0.00235
CVE-2025-48629,0.00082,0.00254
CVE-2025-48630,0.00091,0.00529
CVE-2025-48631,0.00474,0.39697
CVE-2025-48632,0.00082,0.00257
CVE-2025-48633,0.00262,0.18099
CVE-2025-48634,0.00094,0.00678
CVE-2025-48635,0.00102,0.0102
CVE-2025-48636,0.00086,0.00365
CVE-2025-48637,0.00106,0.01222
CVE-2025-48638,0.00106,0.01223
CVE-2025-48639,0.00103,0.01064
CVE-2025-48640,0.00094,0.00655
CVE-2025-48641,0.00069,0.00036
CVE-2025-48642,0.00094,0.00673
CVE-2025-48643,0.00084,0.00313
CVE-2025-48644,0.00087,0.00401
CVE-2025-48645,0.00192,0.09054
CVE-2025-48646,0.00094,0.00659
CVE-2025-48647,0.00097,0.00815
CVE-2025-48648,0.00068,0.0003
CVE-2025-48649,0.00079,0.00168
CVE-2025-48650,0.00114,0.0166
CVE-2025-48651,0.00096,0.00801
CVE-2025-48652,0.00083,0.00274
CVE-2025-48653,0.00098,0.00867
CVE-2025-48654,0.00098,0.00867
CVE-2025-48695,0.00213,0.11697
CVE-2025-48700,0.0169,0.75821
CVE-2025-48701,0.00226,0.13415
CVE-2025-48703,0.99655,0.99949
CVE-2025-48704,0.00305,0.23149
CVE-2025-48705,0.00473,0.39668
CVE-2025-48706,0.00547,0.44256
CVE-2025-48707,0.00344,0.27641
CVE-2025-48708,0.00316,0.24442
CVE-2025-48709,0.00125,0.02507
CVE-2025-48710,0.00375,0.30974
CVE-2025-48721,0.00434,0.36785
CVE-2025-48722,0.00407,0.34286
CVE-2025-48723,0.00393,0.32894
CVE-2025-48724,0.00393,0.32894
CVE-2025-48725,0.00413,0.34916
CVE-2025-48726,0.00471,0.39443
CVE-2025-48727,0.00471,0.39444
CVE-2025-48728,0.00471,0.39444
CVE-2025-48729,0.00471,0.39443
CVE-2025-48730,0.00449,0.37991
CVE-2025-48731,0.00179,0.07682
CVE-2025-48732,0.01084,0.63418
CVE-2025-48733,0.00366,0.30029
CVE-2025-48734,0.01825,0.77635
CVE-2025-48735,0.00323,0.25235
CVE-2025-48738,0.00511,0.42096
CVE-2025-48739,0.00417,0.3526
CVE-2025-48740,0.00264,0.18389
CVE-2025-48741,0.00316,0.24476
CVE-2025-48742,0.00401,0.3377
CVE-2025-48743,0.00356,0.29048
CVE-2025-48744,0.00578,0.45877
CVE-2025-48746,0.0027,0.19152
CVE-2025-48747,0.0025,0.16431
CVE-2025-48748,0.00401,0.33778
CVE-2025-48749,0.00427,0.36178
CVE-2025-48751,0.00265,0.18464
CVE-2025-48752,0.00338,0.26984
CVE-2025-48753,0.00245,0.15819
CVE-2025-48754,0.00326,0.25568
CVE-2025-48755,0.00338,0.26985
CVE-2025-48756,0.00313,0.24067
CVE-2025-48757,0.00829,0.55572
CVE-2025-48768,0.0084,0.55929
CVE-2025-48769,0.0167,0.75526
CVE-2025-48780,0.0054,0.43891
CVE-2025-48781,0.00446,0.37733
CVE-2025-48782,0.00517,0.42527
CVE-2025-48783,0.00387,0.32322
CVE-2025-48784,0.00367,0.30176
CVE-2025-48795,0.00655,0.49487
CVE-2025-48796,0.00195,0.09369
CVE-2025-48797,0.00263,0.18176
CVE-2025-48798,0.00231,0.14076
CVE-2025-48799,0.0109,0.63554
CVE-2025-48800,0.00571,0.45551
CVE-2025-48802,0.0076,0.53377
CVE-2025-48803,0.00258,0.17563
CVE-2025-48804,0.00567,0.45364
CVE-2025-48805,0.00358,0.29223
CVE-2025-48806,0.00358,0.29223
CVE-2025-48807,0.00478,0.39965
CVE-2025-48808,0.00493,0.40982
CVE-2025-48809,0.00433,0.36715
CVE-2025-48810,0.00457,0.38524
CVE-2025-48811,0.00258,0.17562
CVE-2025-48812,0.00505,0.4173
CVE-2025-48813,0.00251,0.16639
CVE-2025-48814,0.01047,0.62345
CVE-2025-48815,0.00432,0.36559
CVE-2025-48816,0.00358,0.29223
CVE-2025-48817,0.00969,0.60003
CVE-2025-48818,0.00443,0.3753
CVE-2025-48819,0.00332,0.26258
CVE-2025-48820,0.00405,0.34191
CVE-2025-48821,0.00441,0.37362
CVE-2025-48822,0.00693,0.51034
CVE-2025-48823,0.00579,0.45949
CVE-2025-48824,0.00902,0.57841
CVE-2025-48825,0.0012,0.02064
CVE-2025-48826,0.06937,0.93748
CVE-2025-48827,0.75844,0.99496
CVE-2025-48828,0.5764,0.99029
CVE-2025-48839,0.00358,0.29268
CVE-2025-48840,0.00459,0.38678
CVE-2025-48860,0.00335,0.26604
CVE-2025-48861,0.00299,0.22544
CVE-2025-48862,0.00113,0.0162
CVE-2025-48865,0.00487,0.40611
CVE-2025-48866,0.00831,0.55626
CVE-2025-48867,0.0024,0.15154
CVE-2025-48868,0.02473,0.83653
CVE-2025-48869,0.00433,0.36681
CVE-2025-48875,0.00244,0.15703
CVE-2025-48877,0.00408,0.34446
CVE-2025-48878,0.00196,0.0958
CVE-2025-48879,0.00256,0.17359
CVE-2025-48880,0.00393,0.32944
CVE-2025-48881,0.00332,0.26259
CVE-2025-48882,0.00476,0.3983
CVE-2025-48883,0.00453,0.38254
CVE-2025-48884,0.00181,0.07904
CVE-2025-48885,0.00209,0.11251
CVE-2025-48886,0.00278,0.20224
CVE-2025-48887,0.00506,0.41777
CVE-2025-48888,0.00406,0.34204
CVE-2025-48889,0.0066,0.49687
CVE-2025-48890,0.02197,0.81541
CVE-2025-48891,0.00277,0.20118
CVE-2025-48902,0.00093,0.00644
CVE-2025-48903,0.00128,0.02768
CVE-2025-48904,0.00105,0.01203
CVE-2025-48905,0.00301,0.22735
CVE-2025-48906,0.00207,0.1104
CVE-2025-48907,0.00108,0.0133
CVE-2025-48908,0.00094,0.00668
CVE-2025-48909,0.00155,0.0499
CVE-2025-48910,0.00159,0.05424
CVE-2025-48911,0.00117,0.01853
CVE-2025-48912,0.0072,0.52009
CVE-2025-48913,0.00793,0.54406
CVE-2025-48914,0.00326,0.25636
CVE-2025-48915,0.00326,0.25636
CVE-2025-48916,0.00228,0.13714
CVE-2025-48917,0.00219,0.12473
CVE-2025-48918,0.00264,0.18398
CVE-2025-48919,0.00219,0.12473
CVE-2025-48920,0.00274,0.19786
CVE-2025-48921,0.00161,0.05602
CVE-2025-48922,0.00183,0.08097
CVE-2025-48923,0.00186,0.08438
CVE-2025-48924,0.0227,0.82121
CVE-2025-48925,0.00263,0.18297
CVE-2025-48926,0.00254,0.17019
CVE-2025-48927,0.11104,0.95684
CVE-2025-48928,0.00553,0.44594
CVE-2025-48929,0.00319,0.24769
CVE-2025-48930,0.0013,0.03015
CVE-2025-48931,0.00092,0.0059
CVE-2025-48934,0.00426,0.36073
CVE-2025-48935,0.00468,0.39263
CVE-2025-48936,0.00394,0.33001
CVE-2025-48937,0.00369,0.30314
CVE-2025-48938,0.00527,0.43167
CVE-2025-48939,0.00177,0.07485
CVE-2025-48940,0.00541,0.43925
CVE-2025-48941,0.00337,0.26856
CVE-2025-48942,0.00538,0.4377
CVE-2025-48943,0.00475,0.3979
CVE-2025-48944,0.00517,0.42509
CVE-2025-48945,0.00451,0.38128
CVE-2025-48946,0.00238,0.14935
CVE-2025-48947,0.00433,0.3672
CVE-2025-48948,0.00489,0.40697
CVE-2025-48949,0.00487,0.40598
CVE-2025-48950,0.00447,0.37837
CVE-2025-48951,0.00746,0.5291
CVE-2025-48952,0.00516,0.4248
CVE-2025-48953,0.00181,0.07875
CVE-2025-48954,0.00727,0.5227
CVE-2025-48955,0.00166,0.06143
CVE-2025-48956,0.0056,0.44995
CVE-2025-48957,0.00739,0.52678
CVE-2025-48958,0.00327,0.25712
CVE-2025-48959,0.00126,0.02615
CVE-2025-48960,0.00076,0.00105
CVE-2025-48961,0.00137,0.03472
CVE-2025-48962,0.00234,0.14458
CVE-2025-48963,0.00139,0.03639
CVE-2025-48964,0.0034,0.27257
CVE-2025-48965,0.00484,0.40361
CVE-2025-48976,0.62646,0.99146
CVE-2025-48977,0.00527,0.43132
CVE-2025-48978,0.00669,0.50078
CVE-2025-48979,0.00428,0.36216
CVE-2025-48980,0.00304,0.23085
CVE-2025-48981,0.00118,0.01936
CVE-2025-48982,0.00164,0.0591
CVE-2025-48983,0.00817,0.55191
CVE-2025-48984,0.01006,0.61155
CVE-2025-48985,0.00265,0.18474
CVE-2025-48986,0.00624,0.48102
CVE-2025-48987,0.00505,0.41719
CVE-2025-48988,0.5946,0.9907
CVE-2025-48989,0.03514,0.88569
CVE-2025-48990,0.0018,0.0771
CVE-2025-48991,0.00166,0.06157
CVE-2025-48992,0.00238,0.14958
CVE-2025-48993,0.00233,0.14324
CVE-2025-48994,0.00219,0.12481
CVE-2025-48995,0.00229,0.13834
CVE-2025-48996,0.00357,0.29129
CVE-2025-48997,0.00436,0.36984
CVE-2025-48998,0.005,0.41419
CVE-2025-48999,0.10007,0.95348
CVE-2025-49000,0.00334,0.26457
CVE-2025-49001,0.22237,0.97546
CVE-2025-49002,0.50266,0.98843
CVE-2025-49003,0.00808,0.54915
CVE-2025-49004,0.00592,0.46565
CVE-2025-49005,0.00423,0.35825
CVE-2025-49006,0.00443,0.37561
CVE-2025-49007,0.0056,0.44978
CVE-2025-49008,0.00589,0.46419
CVE-2025-49009,0.00166,0.06144
CVE-2025-49010,0.0013,0.02958
CVE-2025-49011,0.00315,0.24345
CVE-2025-49012,0.00345,0.27805
CVE-2025-49013,0.00767,0.53597
CVE-2025-49014,0.00343,0.27598
CVE-2025-49015,0.00212,0.1161
CVE-2025-49028,0.00106,0.01224
CVE-2025-49029,0.02197,0.81543
CVE-2025-49031,0.00191,0.08915
CVE-2025-49032,0.00159,0.05471
CVE-2025-49033,0.00267,0.18891
CVE-2025-49034,0.00288,0.21339
CVE-2025-49035,0.00182,0.0803
CVE-2025-49036,0.00434,0.36756
CVE-2025-49037,0.00258,0.17589
CVE-2025-49038,0.00235,0.14585
CVE-2025-49039,0.00182,0.08029
CVE-2025-49040,0.00128,0.02794
CVE-2025-49041,0.00403,0.33926
CVE-2025-49042,0.00165,0.06107
CVE-2025-49043,0.00251,0.16651
CVE-2025-49044,0.00127,0.02674
CVE-2025-49045,0.00251,0.16651
CVE-2025-49046,0.00244,0.15721
CVE-2025-49047,0.00225,0.1325
CVE-2025-49048,0.00225,0.13252
CVE-2025-49049,0.0041,0.34591
CVE-2025-49050,0.00393,0.32893
CVE-2025-49051,0.00215,0.11991
CVE-2025-49052,0.00241,0.15393
CVE-2025-49053,0.00225,0.13249
CVE-2025-49054,0.00235,0.14584
CVE-2025-49055,0.00395,0.33151
CVE-2025-49056,0.00228,0.13702
CVE-2025-49057,0.00235,0.14584
CVE-2025-49058,0.00235,0.14585
CVE-2025-49059,0.00301,0.22702
CVE-2025-49060,0.00425,0.3599
CVE-2025-49061,0.00209,0.11188
CVE-2025-49062,0.00228,0.13701
CVE-2025-49063,0.00228,0.13702
CVE-2025-49064,0.00228,0.13706
CVE-2025-49065,0.00228,0.13701
CVE-2025-49066,0.00244,0.1572
CVE-2025-49067,0.00204,0.10612
CVE-2025-49068,0.00204,0.10609
CVE-2025-49069,0.00136,0.03403
CVE-2025-49070,0.00575,0.45743
CVE-2025-49071,0.00488,0.4062
CVE-2025-49072,0.00465,0.39049
CVE-2025-49073,0.00479,0.40047
CVE-2025-49074,0.00199,0.09831
CVE-2025-49075,0.00199,0.09829
CVE-2025-49076,0.00199,0.0983
CVE-2025-49077,0.0014,0.03735
CVE-2025-49080,0.0037,0.3048
CVE-2025-49081,0.00481,0.40217
CVE-2025-49082,0.00221,0.12782
CVE-2025-49083,0.00369,0.30317
CVE-2025-49084,0.00308,0.23514
CVE-2025-49087,0.00395,0.33174
CVE-2025-49088,0.00308,0.23475
CVE-2025-49089,0.00314,0.24204
CVE-2025-49090,0.00441,0.37302
CVE-2025-49091,0.00667,0.49962
CVE-2025-49112,0.00247,0.16135
CVE-2025-49113,0.98897,0.99926
CVE-2025-49124,0.00373,0.30784
CVE-2025-49125,0.03535,0.88623
CVE-2025-49126,0.00259,0.17759
CVE-2025-49127,0.00573,0.45635
CVE-2025-49128,0.00393,0.32941
CVE-2025-49130,0.00417,0.35276
CVE-2025-49131,0.00451,0.38164
CVE-2025-49132,0.54677,0.98961
CVE-2025-49133,0.00161,0.05659
CVE-2025-49134,0.00299,0.22467
CVE-2025-49135,0.00277,0.20097
CVE-2025-49136,0.01542,0.73576
CVE-2025-49137,0.00268,0.19001
CVE-2025-49138,0.00511,0.42151
CVE-2025-49139,0.0037,0.30444
CVE-2025-49140,0.00493,0.40923
CVE-2025-49141,0.01452,0.71986
CVE-2025-49142,0.00363,0.29774
CVE-2025-49143,0.00438,0.37116
CVE-2025-49144,0.00629,0.48303
CVE-2025-49145,0.003,0.22647
CVE-2025-49146,0.00486,0.40493
CVE-2025-49147,0.00319,0.24743
CVE-2025-49148,0.00166,0.06244
CVE-2025-49149,0.00261,0.17981
CVE-2025-49150,0.00383,0.31851
CVE-2025-49151,0.00592,0.46569
CVE-2025-49152,0.00486,0.40533
CVE-2025-49153,0.0073,0.52356
CVE-2025-49154,0.00111,0.01509
CVE-2025-49155,0.00852,0.56304
CVE-2025-49156,0.00141,0.03777
CVE-2025-49157,0.0018,0.07706
CVE-2025-49158,0.0015,0.04543
CVE-2025-49162,0.00187,0.08479
CVE-2025-49163,0.00156,0.0509
CVE-2025-49164,0.00144,0.04051
CVE-2025-49175,0.00321,0.25056
CVE-2025-49176,0.00341,0.27392
CVE-2025-49177,0.0041,0.34612
CVE-2025-49178,0.0023,0.13884
CVE-2025-49179,0.00317,0.24546
CVE-2025-49180,0.0031,0.23729
CVE-2025-49181,0.00403,0.33926
CVE-2025-49182,0.00553,0.44601
CVE-2025-49183,0.0031,0.23708
CVE-2025-49184,0.00489,0.40686
CVE-2025-49185,0.0029,0.21576
CVE-2025-49186,0.00367,0.30135
CVE-2025-49187,0.00408,0.34386
CVE-2025-49188,0.00436,0.36952
CVE-2025-49189,0.00297,0.2228
CVE-2025-49190,0.00345,0.27798
CVE-2025-49191,0.00347,0.27953
CVE-2025-49192,0.00325,0.25473
CVE-2025-49193,0.00312,0.23971
CVE-2025-49194,0.00315,0.24284
CVE-2025-49195,0.00518,0.42605
CVE-2025-49196,0.00258,0.17627
CVE-2025-49197,0.00299,0.22533
CVE-2025-49198,0.00377,0.31232
CVE-2025-49199,0.00327,0.25731
CVE-2025-49200,0.00461,0.38775
CVE-2025-49201,0.0058,0.45958
CVE-2025-49211,0.00127,0.02702
CVE-2025-49212,0.10246,0.95422
CVE-2025-49213,0.10246,0.95422
CVE-2025-49214,0.00833,0.55705
CVE-2025-49215,0.00312,0.2394
CVE-2025-49216,0.00541,0.43953
CVE-2025-49217,0.01083,0.63387
CVE-2025-49218,0.00127,0.02701
CVE-2025-49219,0.01403,0.71089
CVE-2025-49220,0.02056,0.80253
CVE-2025-49221,0.00247,0.16056
CVE-2025-49222,0.00301,0.22746
CVE-2025-49223,0.0084,0.55933
CVE-2025-49234,0.00369,0.30304
CVE-2025-49235,0.00252,0.16779
CVE-2025-49236,0.0032,0.24861
CVE-2025-49237,0.00188,0.08595
CVE-2025-49238,0.00158,0.05328
CVE-2025-49239,0.00154,0.04828
CVE-2025-49240,0.00301,0.22687
CVE-2025-49241,0.0034,0.27234
CVE-2025-49242,0.00252,0.16784
CVE-2025-49243,0.00252,0.16781
CVE-2025-49244,0.00252,0.1678
CVE-2025-49245,0.00222,0.12797
CVE-2025-49246,0.00283,0.20791
CVE-2025-49247,0.00222,0.12798
CVE-2025-49248,0.00283,0.20793
CVE-2025-49249,0.00259,0.17721
CVE-2025-49250,0.00328,0.25794
CVE-2025-49251,0.00542,0.44021
CVE-2025-49252,0.00542,0.44022
CVE-2025-49253,0.00542,0.4402
CVE-2025-49254,0.00542,0.4402
CVE-2025-49255,0.00542,0.44021
CVE-2025-49256,0.00542,0.44021
CVE-2025-49257,0.00542,0.4402
CVE-2025-49258,0.00678,0.50424
CVE-2025-49259,0.00542,0.4402
CVE-2025-49260,0.00678,0.50423
CVE-2025-49261,0.00678,0.50423
CVE-2025-49262,0.00276,0.20021
CVE-2025-49263,0.00417,0.35218
CVE-2025-49264,0.00488,0.40661
CVE-2025-49265,0.00339,0.27131
CVE-2025-49266,0.00318,0.24666
CVE-2025-49267,0.00275,0.19906
CVE-2025-49268,0.0034,0.27235
CVE-2025-49269,0.00158,0.0533
CVE-2025-49270,0.0032,0.2486
CVE-2025-49271,0.00447,0.37864
CVE-2025-49272,0.00283,0.20793
CVE-2025-49273,0.00158,0.05331
CVE-2025-49274,0.00222,0.12797
CVE-2025-49275,0.00582,0.46089
CVE-2025-49276,0.00582,0.46089
CVE-2025-49277,0.00582,0.46088
CVE-2025-49278,0.00582,0.46088
CVE-2025-49279,0.00582,0.46089
CVE-2025-49280,0.00582,0.46089
CVE-2025-49281,0.00582,0.46088
CVE-2025-49282,0.00618,0.47801
CVE-2025-49283,0.00158,0.05332
CVE-2025-49284,0.00158,0.05333
CVE-2025-49285,0.00158,0.05333
CVE-2025-49286,0.00158,0.05332
CVE-2025-49287,0.00308,0.23457
CVE-2025-49288,0.00533,0.4349
CVE-2025-49289,0.00283,0.20791
CVE-2025-49290,0.00222,0.12797
CVE-2025-49291,0.0018,0.078
CVE-2025-49292,0.00306,0.23306
CVE-2025-49293,0.00283,0.2079
CVE-2025-49294,0.00359,0.29328
CVE-2025-49295,0.006,0.46953
CVE-2025-49296,0.006,0.46953
CVE-2025-49297,0.006,0.46953
CVE-2025-49298,0.00252,0.16787
CVE-2025-49299,0.00252,0.16783
CVE-2025-49300,0.00273,0.19697
CVE-2025-49301,0.00252,0.16786
CVE-2025-49302,0.00366,0.30023
CVE-2025-49303,0.0041,0.34582
CVE-2025-49304,0.00252,0.16782
CVE-2025-49305,0.00252,0.16782
CVE-2025-49306,0.00254,0.16981
CVE-2025-49307,0.00737,0.52601
CVE-2025-49308,0.00737,0.526
CVE-2025-49309,0.00252,0.16778
CVE-2025-49310,0.00252,0.16786
CVE-2025-49311,0.00252,0.1678
CVE-2025-49312,0.00309,0.23607
CVE-2025-49313,0.00737,0.52601
CVE-2025-49314,0.00252,0.16782
CVE-2025-49315,0.00417,0.35218
CVE-2025-49316,0.00318,0.24666
CVE-2025-49317,0.00158,0.05328
CVE-2025-49318,0.00264,0.18368
CVE-2025-49319,0.0025,0.16478
CVE-2025-49320,0.0032,0.24861
CVE-2025-49321,0.00223,0.12999
CVE-2025-49322,0.00264,0.18372
CVE-2025-49323,0.00323,0.25206
CVE-2025-49324,0.0032,0.24861
CVE-2025-49325,0.00309,0.23587
CVE-2025-49326,0.00338,0.26958
CVE-2025-49327,0.00338,0.26957
CVE-2025-49328,0.00351,0.28425
CVE-2025-49329,0.00268,0.18984
CVE-2025-49330,0.00556,0.44749
CVE-2025-49331,0.00482,0.40255
CVE-2025-49332,0.00145,0.04072
CVE-2025-49333,0.00214,0.1186
CVE-2025-49334,0.00236,0.14686
CVE-2025-49335,0.00139,0.03584
CVE-2025-49336,0.0024,0.15293
CVE-2025-49337,0.00166,0.06239
CVE-2025-49338,0.00204,0.10587
CVE-2025-49339,0.00264,0.18446
CVE-2025-49340,0.00307,0.2333
CVE-2025-49341,0.00147,0.04309
CVE-2025-49342,0.00112,0.01561
CVE-2025-49343,0.00112,0.01562
CVE-2025-49344,0.00112,0.01561
CVE-2025-49345,0.00112,0.01562
CVE-2025-49346,0.00112,0.0156
CVE-2025-49347,0.00147,0.04309
CVE-2025-49348,0.00359,0.29302
CVE-2025-49349,0.00249,0.16307
CVE-2025-49350,0.00378,0.31303
CVE-2025-49351,0.00147,0.04308
CVE-2025-49352,0.00249,0.16373
CVE-2025-49353,0.00112,0.01562
CVE-2025-49354,0.00112,0.01561
CVE-2025-49355,0.00174,0.0714
CVE-2025-49356,0.00229,0.13747
CVE-2025-49357,0.00151,0.04591
CVE-2025-49358,0.0019,0.08872
CVE-2025-49359,0.00623,0.48076
CVE-2025-49360,0.00623,0.48077
CVE-2025-49361,0.00623,0.48077
CVE-2025-49362,0.00697,0.51169
CVE-2025-49363,0.00697,0.51168
CVE-2025-49364,0.00499,0.41328
CVE-2025-49365,0.00499,0.41341
CVE-2025-49366,0.00535,0.4364
CVE-2025-49367,0.00535,0.43638
CVE-2025-49368,0.00499,0.4134
CVE-2025-49369,0.00499,0.41341
CVE-2025-49370,0.00535,0.43643
CVE-2025-49371,0.00535,0.4364
CVE-2025-49372,0.00446,0.3777
CVE-2025-49373,0.00131,0.0303
CVE-2025-49374,0.002,0.09961
CVE-2025-49375,0.00227,0.13559
CVE-2025-49376,0.00334,0.26575
CVE-2025-49377,0.00227,0.13511
CVE-2025-49378,0.00407,0.34296
CVE-2025-49379,0.00392,0.32766
CVE-2025-49380,0.00469,0.39352
CVE-2025-49381,0.00161,0.05602
CVE-2025-49382,0.00175,0.07252
CVE-2025-49383,0.00421,0.35675
CVE-2025-49384,0.00161,0.05681
CVE-2025-49385,0.00165,0.06117
CVE-2025-49386,0.00435,0.3683
CVE-2025-49387,0.00379,0.31459
CVE-2025-49388,0.05383,0.92224
CVE-2025-49389,0.00202,0.1035
CVE-2025-49390,0.00221,0.12754
CVE-2025-49391,0.00132,0.03125
CVE-2025-49392,0.00225,0.13249
CVE-2025-49393,0.00526,0.43081
CVE-2025-49394,0.0027,0.19284
CVE-2025-49395,0.00202,0.10351
CVE-2025-49396,0.00237,0.14881
CVE-2025-49397,0.00215,0.11991
CVE-2025-49398,0.00241,0.15376
CVE-2025-49399,0.0017,0.06704
CVE-2025-49400,0.00484,0.40382
CVE-2025-49401,0.00441,0.37356
CVE-2025-49402,0.00322,0.25121
CVE-2025-49403,0.00304,0.23007
CVE-2025-49404,0.00269,0.19073
CVE-2025-49405,0.00262,0.18109
CVE-2025-49406,0.00345,0.27801
CVE-2025-49407,0.00435,0.3691
CVE-2025-49408,0.00493,0.40954
CVE-2025-49409,0.00484,0.40382
CVE-2025-49410,0.00484,0.40382
CVE-2025-49411,0.00235,0.14588
CVE-2025-49412,0.00239,0.15089
CVE-2025-49413,0.0025,0.16454
CVE-2025-49414,0.00338,0.2699
CVE-2025-49415,0.0044,0.37252
CVE-2025-49416,0.00612,0.47505
CVE-2025-49417,0.00374,0.30943
CVE-2025-49418,0.00186,0.0836
CVE-2025-49419,0.00298,0.22428
CVE-2025-49420,0.00235,0.14589
CVE-2025-49421,0.00338,0.26958
CVE-2025-49422,0.00456,0.38471
CVE-2025-49423,0.00215,0.12031
CVE-2025-49424,0.00235,0.14587
CVE-2025-49425,0.00131,0.03051
CVE-2025-49426,0.00535,0.43607
CVE-2025-49427,0.00204,0.10611
CVE-2025-49428,0.0036,0.29455
CVE-2025-49429,0.00204,0.1061
CVE-2025-49430,0.00247,0.16097
CVE-2025-49431,0.00236,0.14642
CVE-2025-49432,0.00295,0.22037
CVE-2025-49433,0.00209,0.11188
CVE-2025-49434,0.00503,0.41597
CVE-2025-49435,0.00154,0.04826
CVE-2025-49436,0.00519,0.42676
CVE-2025-49437,0.00222,0.12805
CVE-2025-49438,0.00401,0.3375
CVE-2025-49439,0.00145,0.04069
CVE-2025-49440,0.00154,0.04827
CVE-2025-49441,0.00263,0.18194
CVE-2025-49442,0.00204,0.10609
CVE-2025-49443,0.00204,0.10611
CVE-2025-49444,0.00369,0.30364
CVE-2025-49445,0.00145,0.04069
CVE-2025-49446,0.00154,0.04827
CVE-2025-49447,0.00369,0.30364
CVE-2025-49448,0.00446,0.37728
CVE-2025-49449,0.00145,0.04071
CVE-2025-49450,0.00204,0.10612
CVE-2025-49451,0.00489,0.4069
CVE-2025-49452,0.00301,0.22682
CVE-2025-49453,0.00131,0.03052
CVE-2025-49454,0.00787,0.54237
CVE-2025-49455,0.00425,0.35987
CVE-2025-49456,0.00112,0.01554
CVE-2025-49457,0.00602,0.4704
CVE-2025-49458,0.00311,0.2382
CVE-2025-49459,0.00147,0.04304
CVE-2025-49460,0.00272,0.19586
CVE-2025-49461,0.00308,0.2344
CVE-2025-49462,0.00228,0.13697
CVE-2025-49463,0.00429,0.36354
CVE-2025-49464,0.00611,0.47471
CVE-2025-49466,0.00589,0.46409
CVE-2025-49467,0.00321,0.25013
CVE-2025-49468,0.00491,0.4085
CVE-2025-49480,0.00244,0.15698
CVE-2025-49481,0.00239,0.15119
CVE-2025-49482,0.00247,0.16095
CVE-2025-49483,0.00247,0.16094
CVE-2025-49484,0.03411,0.88223
CVE-2025-49485,0.00264,0.18347
CVE-2025-49486,0.00296,0.22193
CVE-2025-49487,0.00263,0.18212
CVE-2025-49488,0.00239,0.1512
CVE-2025-49489,0.00239,0.15119
CVE-2025-49490,0.00239,0.1512
CVE-2025-49491,0.00239,0.1512
CVE-2025-49492,0.00256,0.17343
CVE-2025-49493,0.03404,0.88201
CVE-2025-49494,0.00331,0.26116
CVE-2025-49495,0.00156,0.0518
CVE-2025-49506,0.00379,0.31454
CVE-2025-49507,0.00597,0.46814
CVE-2025-49508,0.00542,0.44021
CVE-2025-49509,0.00326,0.25557
CVE-2025-49510,0.0017,0.06615
CVE-2025-49511,0.00182,0.07932
CVE-2025-49520,0.00534,0.43579
CVE-2025-49521,0.00513,0.42254
CVE-2025-49524,0.00181,0.0791
CVE-2025-49525,0.00202,0.10274
CVE-2025-49526,0.00199,0.09832
CVE-2025-49527,0.00242,0.15491
CVE-2025-49528,0.00242,0.1549
CVE-2025-49529,0.0022,0.12573
CVE-2025-49530,0.00199,0.09831
CVE-2025-49531,0.0022,0.12574
CVE-2025-49532,0.0022,0.12573
CVE-2025-49533,0.52935,0.98913
CVE-2025-49534,0.00226,0.13377
CVE-2025-49535,0.0055,0.44428
CVE-2025-49536,0.00312,0.2402
CVE-2025-49537,0.02638,0.84744
CVE-2025-49538,0.0198,0.79435
CVE-2025-49539,0.00484,0.40343
CVE-2025-49540,0.00731,0.52401
CVE-2025-49541,0.00731,0.52402
CVE-2025-49542,0.01103,0.63941
CVE-2025-49543,0.00731,0.52402
CVE-2025-49544,0.00608,0.47335
CVE-2025-49545,0.00363,0.29735
CVE-2025-49546,0.00396,0.33233
CVE-2025-49547,0.00226,0.13377
CVE-2025-49549,0.00355,0.28922
CVE-2025-49550,0.00335,0.2658
CVE-2025-49551,0.00281,0.20613
CVE-2025-49552,0.00392,0.32731
CVE-2025-49553,0.00534,0.43591
CVE-2025-49554,0.0058,0.45973
CVE-2025-49555,0.00911,0.58107
CVE-2025-49556,0.00615,0.47634
CVE-2025-49557,0.00663,0.49812
CVE-2025-49558,0.00414,0.35029
CVE-2025-49559,0.00677,0.5041
CVE-2025-49560,0.00243,0.15558
CVE-2025-49561,0.0029,0.21534
CVE-2025-49562,0.00265,0.18455
CVE-2025-49563,0.00243,0.15593
CVE-2025-49564,0.00325,0.2546
CVE-2025-49567,0.00228,0.13621
CVE-2025-49568,0.00265,0.18455
CVE-2025-49569,0.00193,0.09125
CVE-2025-49570,0.00243,0.15593
CVE-2025-49571,0.00222,0.1281
CVE-2025-49572,0.00194,0.09265
CVE-2025-49573,0.00194,0.09265
CVE-2025-49574,0.00295,0.22117
CVE-2025-49575,0.00415,0.35094
CVE-2025-49576,0.00415,0.35094
CVE-2025-49577,0.00415,0.35094
CVE-2025-49578,0.00416,0.35155
CVE-2025-49579,0.00409,0.34499
CVE-2025-49580,0.00455,0.38437
CVE-2025-49581,0.0059,0.46471
CVE-2025-49582,0.00892,0.57521
CVE-2025-49583,0.00271,0.19339
CVE-2025-49584,0.00445,0.37659
CVE-2025-49585,0.00428,0.36205
CVE-2025-49586,0.00749,0.52985
CVE-2025-49587,0.00428,0.36205
CVE-2025-49588,0.00303,0.22968
CVE-2025-49589,0.00302,0.22825
CVE-2025-49590,0.00306,0.2329
CVE-2025-49591,0.005,0.41407
CVE-2025-49592,0.00206,0.10791
CVE-2025-49593,0.00386,0.32162
CVE-2025-49594,0.00442,0.37402
CVE-2025-49595,0.00414,0.35008
CVE-2025-49596,0.44453,0.98693
CVE-2025-49597,0.00247,0.1614
CVE-2025-49598,0.00178,0.07533
CVE-2025-49599,0.00112,0.01552
CVE-2025-49600,0.00132,0.03151
CVE-2025-49601,0.00274,0.19815
CVE-2025-49603,0.00335,0.26615
CVE-2025-49604,0.00332,0.26212
CVE-2025-49618,0.00349,0.28244
CVE-2025-49619,0.19972,0.97288
CVE-2025-49630,0.01205,0.66619
CVE-2025-49641,0.00292,0.21708
CVE-2025-49642,0.00118,0.01913
CVE-2025-49643,0.0034,0.27168
CVE-2025-49651,0.00338,0.26992
CVE-2025-49652,0.00427,0.36183
CVE-2025-49653,0.00348,0.28066
CVE-2025-49655,0.00699,0.5126
CVE-2025-49656,0.01451,0.71962
CVE-2025-49657,0.00921,0.58414
CVE-2025-49658,0.00456,0.38497
CVE-2025-49659,0.00375,0.31002
CVE-2025-49660,0.00358,0.29223
CVE-2025-49661,0.00358,0.29222
CVE-2025-49663,0.00775,0.53853
CVE-2025-49664,0.0054,0.4391
CVE-2025-49665,0.00282,0.20686
CVE-2025-49666,0.01195,0.6638
CVE-2025-49667,0.00497,0.412
CVE-2025-49668,0.00775,0.53853
CVE-2025-49669,0.00775,0.53853
CVE-2025-49670,0.00852,0.56294
CVE-2025-49671,0.0099,0.60644
CVE-2025-49672,0.00834,0.55719
CVE-2025-49673,0.00775,0.53854
CVE-2025-49674,0.00748,0.52975
CVE-2025-49675,0.00358,0.29224
CVE-2025-49676,0.00834,0.55719
CVE-2025-49677,0.00974,0.60187
CVE-2025-49678,0.0023,0.13966
CVE-2025-49679,0.00374,0.30964
CVE-2025-49680,0.00478,0.40015
CVE-2025-49681,0.0099,0.60644
CVE-2025-49682,0.0047,0.39411
CVE-2025-49683,0.01904,0.78601
CVE-2025-49684,0.00433,0.36714
CVE-2025-49685,0.00321,0.24997
CVE-2025-49686,0.00374,0.30964
CVE-2025-49687,0.00333,0.26439
CVE-2025-49688,0.00834,0.55719
CVE-2025-49689,0.00656,0.49527
CVE-2025-49690,0.00246,0.15993
CVE-2025-49691,0.00467,0.3923
CVE-2025-49692,0.00342,0.27397
CVE-2025-49693,0.00375,0.30987
CVE-2025-49694,0.00375,0.30987
CVE-2025-49695,0.00657,0.49585
CVE-2025-49696,0.0061,0.47388
CVE-2025-49697,0.0051,0.42025
CVE-2025-49698,0.00552,0.44569
CVE-2025-49699,0.00324,0.25312
CVE-2025-49700,0.00378,0.31338
CVE-2025-49701,0.01125,0.64508
CVE-2025-49702,0.00612,0.47521
CVE-2025-49703,0.00619,0.47862
CVE-2025-49704,0.99995,0.99988
CVE-2025-49705,0.00378,0.31339
CVE-2025-49706,0.99063,0.9993
CVE-2025-49707,0.00412,0.34788
CVE-2025-49708,0.01241,0.67546
CVE-2025-49709,0.00662,0.49792
CVE-2025-49710,0.00744,0.52832
CVE-2025-49711,0.00454,0.38318
CVE-2025-49712,0.19986,0.97289
CVE-2025-49713,0.00704,0.51447
CVE-2025-49714,0.00399,0.33521
CVE-2025-49715,0.00748,0.52952
CVE-2025-49716,0.014,0.71031
CVE-2025-49717,0.00971,0.60074
CVE-2025-49718,0.03346,0.8801
CVE-2025-49719,0.10732,0.95574
CVE-2025-49721,0.00474,0.39721
CVE-2025-49722,0.00519,0.4269
CVE-2025-49723,0.0031,0.23718
CVE-2025-49724,0.07994,0.94441
CVE-2025-49725,0.00278,0.2025
CVE-2025-49726,0.00333,0.26439
CVE-2025-49727,0.00354,0.28797
CVE-2025-49728,0.0024,0.15295
CVE-2025-49729,0.00595,0.46669
CVE-2025-49730,0.00596,0.46724
CVE-2025-49731,0.00398,0.33418
CVE-2025-49732,0.00278,0.2025
CVE-2025-49733,0.0028,0.20449
CVE-2025-49734,0.00323,0.25303
CVE-2025-49735,0.01099,0.63839
CVE-2025-49736,0.00493,0.40957
CVE-2025-49737,0.00185,0.08298
CVE-2025-49738,0.00332,0.26219
CVE-2025-49739,0.00799,0.54597
CVE-2025-49740,0.00781,0.54047
CVE-2025-49741,0.03495,0.8851
CVE-2025-49742,0.00278,0.2025
CVE-2025-49743,0.00471,0.39448
CVE-2025-49744,0.00728,0.52283
CVE-2025-49745,0.00508,0.4195
CVE-2025-49746,0.00733,0.52479
CVE-2025-49747,0.00683,0.50674
CVE-2025-49751,0.00467,0.39214
CVE-2025-49752,0.00909,0.58069
CVE-2025-49753,0.00775,0.53854
CVE-2025-49755,0.00464,0.39022
CVE-2025-49756,0.00186,0.08387
CVE-2025-49757,0.00955,0.59519
CVE-2025-49758,0.00948,0.59311
CVE-2025-49759,0.01129,0.6462
CVE-2025-49760,0.01285,0.68554
CVE-2025-49761,0.0044,0.37274
CVE-2025-49762,0.00276,0.20029
CVE-2025-49763,0.0069,0.50932
CVE-2025-49784,0.00445,0.37671
CVE-2025-49794,0.00776,0.53869
CVE-2025-49795,0.00551,0.44494
CVE-2025-49796,0.0149,0.72695
CVE-2025-49797,0.00166,0.06219
CVE-2025-49809,0.00151,0.04601
CVE-2025-49810,0.00203,0.10482
CVE-2025-49812,0.00557,0.44804
CVE-2025-49813,0.01094,0.6372
CVE-2025-49823,0.0015,0.04534
CVE-2025-49824,0.0027,0.19198
CVE-2025-49825,0.07974,0.94428
CVE-2025-49826,0.01095,0.6374
CVE-2025-49827,0.0138,0.7063
CVE-2025-49828,0.02022,0.79908
CVE-2025-49829,0.00396,0.3327
CVE-2025-49830,0.00539,0.43827
CVE-2025-49831,0.01137,0.64793
CVE-2025-49832,0.00456,0.38474
CVE-2025-49833,0.03344,0.88002
CVE-2025-49834,0.033,0.87849
CVE-2025-49835,0.03377,0.8811
CVE-2025-49836,0.033,0.87849
CVE-2025-49837,0.00688,0.5086
CVE-2025-49838,0.00688,0.5086
CVE-2025-49839,0.00688,0.5086
CVE-2025-49840,0.00665,0.49887
CVE-2025-49841,0.00665,0.49887
CVE-2025-49842,0.00167,0.06249
CVE-2025-49843,0.0058,0.45981
CVE-2025-49844,0.82294,0.99641
CVE-2025-49845,0.00374,0.30938
CVE-2025-49846,0.0015,0.04499
CVE-2025-49847,0.00479,0.40088
CVE-2025-49848,0.00173,0.06926
CVE-2025-49849,0.00152,0.04688
CVE-2025-49850,0.00154,0.04918
CVE-2025-49851,0.00553,0.44616
CVE-2025-49852,0.00404,0.34056
CVE-2025-49853,0.00476,0.39856
CVE-2025-49854,0.00296,0.22236
CVE-2025-49855,0.00174,0.07102
CVE-2025-49856,0.00132,0.03099
CVE-2025-49857,0.00204,0.10544
CVE-2025-49858,0.00174,0.07103
CVE-2025-49859,0.00174,0.07102
CVE-2025-49860,0.0029,0.21527
CVE-2025-49861,0.00174,0.07101
CVE-2025-49862,0.00188,0.08582
CVE-2025-49863,0.00174,0.07101
CVE-2025-49864,0.00231,0.13981
CVE-2025-49865,0.00132,0.03099
CVE-2025-49866,0.00175,0.07153
CVE-2025-49867,0.00325,0.25441
CVE-2025-49868,0.00216,0.12143
CVE-2025-49869,0.00383,0.31881
CVE-2025-49870,0.00234,0.14386
CVE-2025-49871,0.00188,0.08582
CVE-2025-49872,0.00231,0.13982
CVE-2025-49873,0.00242,0.15479
CVE-2025-49874,0.00217,0.12224
CVE-2025-49875,0.00174,0.07102
CVE-2025-49876,0.00339,0.2711
CVE-2025-49877,0.00155,0.05027
CVE-2025-49878,0.00174,0.071
CVE-2025-49879,0.00439,0.37151
CVE-2025-49880,0.00204,0.10544
CVE-2025-49881,0.00174,0.07102
CVE-2025-49882,0.00174,0.07101
CVE-2025-49883,0.00612,0.47503
CVE-2025-49884,0.0025,0.16479
CVE-2025-49885,0.00348,0.28144
CVE-2025-49886,0.00496,0.41188
CVE-2025-49887,0.00364,0.29908
CVE-2025-49888,0.00239,0.15033
CVE-2025-49889,0.00535,0.43607
CVE-2025-49890,0.00503,0.41598
CVE-2025-49891,0.00339,0.2711
CVE-2025-49892,0.00668,0.50034
CVE-2025-49893,0.00342,0.27476
CVE-2025-49894,0.00747,0.52941
CVE-2025-49895,0.00157,0.05256
CVE-2025-49896,0.0021,0.11422
CVE-2025-49897,0.00427,0.36165
CVE-2025-49898,0.00429,0.36301
CVE-2025-49899,0.0032,0.24919
CVE-2025-49900,0.0033,0.26017
CVE-2025-49901,0.00687,0.50838
CVE-2025-49902,0.0029,0.21521
CVE-2025-49903,0.00247,0.16104
CVE-2025-49904,0.00215,0.11981
CVE-2025-49905,0.00215,0.11981
CVE-2025-49906,0.0032,0.2492
CVE-2025-49907,0.00285,0.21015
CVE-2025-49908,0.0019,0.08862
CVE-2025-49909,0.00215,0.11982
CVE-2025-49910,0.0029,0.2155
CVE-2025-49911,0.00213,0.11736
CVE-2025-49912,0.00268,0.1897
CVE-2025-49913,0.00325,0.2545
CVE-2025-49914,0.00335,0.26667
CVE-2025-49915,0.00455,0.38426
CVE-2025-49916,0.00306,0.23205
CVE-2025-49917,0.00191,0.08932
CVE-2025-49918,0.00321,0.25044
CVE-2025-49919,0.00198,0.09828
CVE-2025-49920,0.00262,0.1815
CVE-2025-49921,0.00458,0.38595
CVE-2025-49922,0.0022,0.1258
CVE-2025-49923,0.0021,0.11333
CVE-2025-49924,0.00376,0.31121
CVE-2025-49925,0.00341,0.273
CVE-2025-49926,0.00254,0.17023
CVE-2025-49927,0.00208,0.11123
CVE-2025-49928,0.00208,0.11121
CVE-2025-49929,0.00208,0.11122
CVE-2025-49930,0.00233,0.14304
CVE-2025-49931,0.00396,0.33285
CVE-2025-49932,0.00208,0.11123
CVE-2025-49933,0.00208,0.11123
CVE-2025-49934,0.00208,0.11122
CVE-2025-49935,0.00445,0.3765
CVE-2025-49936,0.00202,0.10294
CVE-2025-49937,0.0022,0.1258
CVE-2025-49938,0.00208,0.11122
CVE-2025-49939,0.00208,0.11122
CVE-2025-49940,0.00202,0.10294
CVE-2025-49941,0.00499,0.41333
CVE-2025-49942,0.00499,0.41334
CVE-2025-49943,0.00499,0.4133
CVE-2025-49944,0.00276,0.20041
CVE-2025-49945,0.00276,0.20042
CVE-2025-49946,0.00276,0.20041
CVE-2025-49947,0.0026,0.1782
CVE-2025-49948,0.00276,0.20042
CVE-2025-49949,0.00236,0.14715
CVE-2025-49950,0.00446,0.37733
CVE-2025-49951,0.00276,0.20042
CVE-2025-49952,0.00399,0.33517
CVE-2025-49953,0.00219,0.12515
CVE-2025-49954,0.00219,0.12516
CVE-2025-49955,0.00233,0.14302
CVE-2025-49956,0.00233,0.14303
CVE-2025-49957,0.00233,0.14303
CVE-2025-49958,0.00219,0.1252
CVE-2025-49959,0.00233,0.14299
CVE-2025-49960,0.00196,0.09505
CVE-2025-49961,0.00287,0.21259
CVE-2025-49962,0.00233,0.14304
CVE-2025-49963,0.00233,0.14297
CVE-2025-49964,0.0014,0.03697
CVE-2025-49965,0.00144,0.04039
CVE-2025-49966,0.00144,0.04038
CVE-2025-49967,0.00144,0.04038
CVE-2025-49968,0.00144,0.04039
CVE-2025-49969,0.00322,0.25108
CVE-2025-49970,0.00241,0.15363
CVE-2025-49971,0.00256,0.17405
CVE-2025-49972,0.00144,0.04038
CVE-2025-49973,0.00241,0.15363
CVE-2025-49974,0.00248,0.16245
CVE-2025-49975,0.00144,0.04038
CVE-2025-49976,0.00248,0.16244
CVE-2025-49977,0.00144,0.04039
CVE-2025-49978,0.00358,0.29265
CVE-2025-49979,0.00264,0.18378
CVE-2025-49980,0.00264,0.18377
CVE-2025-49981,0.00264,0.18377
CVE-2025-49982,0.00248,0.16245
CVE-2025-49983,0.00189,0.08713
CVE-2025-49984,0.00189,0.08714
CVE-2025-49985,0.00189,0.08713
CVE-2025-49986,0.00272,0.19624
CVE-2025-49987,0.00272,0.19625
CVE-2025-49988,0.00384,0.31958
CVE-2025-49989,0.0029,0.21509
CVE-2025-49990,0.00272,0.19624
CVE-2025-49991,0.00356,0.29037
CVE-2025-49992,0.00233,0.143
CVE-2025-49993,0.00272,0.19624
CVE-2025-49994,0.00551,0.4451
CVE-2025-49995,0.0033,0.26014
CVE-2025-49996,0.00375,0.30996
CVE-2025-49997,0.00289,0.21459
CVE-2025-49998,0.0028,0.20532
CVE-2025-4000,0.00293,0.21894
CVE-2025-4001,0.0018,0.07786
CVE-2025-4002,0.00189,0.08769
CVE-2025-4003,0.00189,0.08769
CVE-2025-4004,0.00488,0.40675
CVE-2025-4005,0.00488,0.40675
CVE-2025-4006,0.00334,0.26539
CVE-2025-4007,0.00928,0.5865
CVE-2025-4008,0.93667,0.99837
CVE-2025-4009,0.7144,0.99381
CVE-2025-4010,0.00594,0.46661
CVE-2025-4011,0.00327,0.25705
CVE-2025-4012,0.00439,0.37225
CVE-2025-4013,0.00488,0.40675
CVE-2025-4014,0.00488,0.40676
CVE-2025-4015,0.00758,0.53289
CVE-2025-4016,0.00467,0.39171
CVE-2025-4017,0.00514,0.42309
CVE-2025-4018,0.00762,0.53429
CVE-2025-4019,0.00662,0.49802
CVE-2025-4020,0.00535,0.43632
CVE-2025-4021,0.00414,0.35003
CVE-2025-4022,0.00532,0.43421
CVE-2025-4023,0.00507,0.41847
CVE-2025-4024,0.00507,0.41847
CVE-2025-4025,0.00507,0.41846
CVE-2025-4026,0.00507,0.41842
CVE-2025-4027,0.00507,0.41843
CVE-2025-4028,0.00488,0.40677
CVE-2025-4029,0.00334,0.26532
CVE-2025-4030,0.00488,0.40673
CVE-2025-4031,0.00488,0.40673
CVE-2025-4032,0.03172,0.87334
CVE-2025-4033,0.00488,0.40674
CVE-2025-4034,0.00507,0.41842
CVE-2025-4035,0.0042,0.35562
CVE-2025-4036,0.00493,0.40958
CVE-2025-4037,0.0029,0.21553
CVE-2025-4038,0.00304,0.23049
CVE-2025-4039,0.00514,0.42294
CVE-2025-4040,0.00288,0.21387
CVE-2025-4041,0.00669,0.50055
CVE-2025-4043,0.00333,0.26397
CVE-2025-4044,0.00152,0.04694
CVE-2025-4046,0.00306,0.23239
CVE-2025-4047,0.00281,0.20602
CVE-2025-4049,0.0016,0.05578
CVE-2025-4050,0.00451,0.38121
CVE-2025-4051,0.00293,0.21892
CVE-2025-4052,0.00575,0.45725
CVE-2025-4053,0.00145,0.04148
CVE-2025-4054,0.00387,0.32326
CVE-2025-4055,0.00231,0.13984
CVE-2025-4056,0.00436,0.3695
CVE-2025-4057,0.00174,0.07083
CVE-2025-4058,0.00514,0.42297
CVE-2025-4059,0.00346,0.27939
CVE-2025-4060,0.00495,0.41075
CVE-2025-4061,0.00334,0.26471
CVE-2025-4062,0.00334,0.26471
CVE-2025-4063,0.00334,0.26471
CVE-2025-4064,0.00514,0.42368
CVE-2025-4065,0.00463,0.38913
CVE-2025-4066,0.00544,0.44098
CVE-2025-4067,0.00514,0.42368
CVE-2025-4068,0.00346,0.27938
CVE-2025-4069,0.00346,0.27938
CVE-2025-4070,0.00584,0.46185
CVE-2025-4071,0.00584,0.46189
CVE-2025-4072,0.00487,0.40595
CVE-2025-4073,0.00584,0.46188
CVE-2025-4074,0.00584,0.46187
CVE-2025-4075,0.004,0.33628
CVE-2025-4076,0.17301,0.96934
CVE-2025-4077,0.00346,0.27938
CVE-2025-4078,0.01071,0.63056
CVE-2025-4079,0.00707,0.51535
CVE-2025-4080,0.00429,0.36296
CVE-2025-4081,0.00146,0.04213
CVE-2025-4082,0.00433,0.36691
CVE-2025-4083,0.00432,0.3664
CVE-2025-4084,0.00408,0.34413
CVE-2025-4085,0.00288,0.21286
CVE-2025-4086,0.00278,0.20257
CVE-2025-4087,0.00304,0.23031
CVE-2025-4088,0.00168,0.06426
CVE-2025-4089,0.0018,0.07723
CVE-2025-4090,0.00313,0.24106
CVE-2025-4091,0.00478,0.39949
CVE-2025-4092,0.00292,0.21741
CVE-2025-4093,0.00463,0.38927
CVE-2025-4094,0.1578,0.96681
CVE-2025-4095,0.00145,0.04076
CVE-2025-4096,0.00469,0.39331
CVE-2025-4097,0.00302,0.22833
CVE-2025-4098,0.00288,0.21372
CVE-2025-4099,0.00261,0.17976
CVE-2025-4100,0.00231,0.13984
CVE-2025-4101,0.00293,0.21853
CVE-2025-4102,0.00573,0.45642
CVE-2025-4103,0.00418,0.35318
CVE-2025-4104,0.00569,0.45434
CVE-2025-4105,0.00274,0.19812
CVE-2025-4106,0.00299,0.22463
CVE-2025-4108,0.00507,0.41839
CVE-2025-4109,0.00429,0.36341
CVE-2025-4110,0.00433,0.36674
CVE-2025-4111,0.00429,0.36341
CVE-2025-4112,0.00507,0.41839
CVE-2025-4113,0.00429,0.3634
CVE-2025-4114,0.01033,0.61916
CVE-2025-4115,0.00943,0.59151
CVE-2025-4116,0.00943,0.5915
CVE-2025-4117,0.00574,0.45693
CVE-2025-4118,0.00613,0.47561
CVE-2025-4119,0.00597,0.46808
CVE-2025-4120,0.00955,0.59517
CVE-2025-4121,0.02814,0.85781
CVE-2025-4122,0.02667,0.84931
CVE-2025-4123,0.97007,0.99888
CVE-2025-4124,0.00348,0.2809
CVE-2025-4125,0.00348,0.2809
CVE-2025-4126,0.00275,0.1993
CVE-2025-4127,0.00269,0.19063
CVE-2025-4128,0.00222,0.12828
CVE-2025-4129,0.00383,0.3181
CVE-2025-4130,0.00361,0.29497
CVE-2025-4131,0.00231,0.13984
CVE-2025-4133,0.00275,0.19892
CVE-2025-4134,0.00205,0.10654
CVE-2025-4135,0.01935,0.78956
CVE-2025-4136,0.00346,0.27842
CVE-2025-4138,0.01385,0.70728
CVE-2025-4139,0.01096,0.6376
CVE-2025-4140,0.0113,0.64654
CVE-2025-4141,0.01091,0.63592
CVE-2025-4142,0.0113,0.64653
CVE-2025-4143,0.0031,0.23767
CVE-2025-4144,0.0055,0.44449
CVE-2025-4145,0.0113,0.6464
CVE-2025-4146,0.01406,0.71137
CVE-2025-4147,0.01091,0.63592
CVE-2025-4148,0.01594,0.74375
CVE-2025-4149,0.01594,0.74374
CVE-2025-4150,0.01538,0.73498
CVE-2025-4151,0.00514,0.42295
CVE-2025-4152,0.00325,0.25458
CVE-2025-4153,0.00514,0.42293
CVE-2025-4154,0.00429,0.36296
CVE-2025-4155,0.00429,0.36297
CVE-2025-4156,0.00429,0.36296
CVE-2025-4157,0.00429,0.36296
CVE-2025-4158,0.00707,0.51535
CVE-2025-4159,0.00707,0.51533
CVE-2025-4160,0.00707,0.51531
CVE-2025-4161,0.00707,0.51531
CVE-2025-4162,0.00707,0.51533
CVE-2025-4163,0.00449,0.3796
CVE-2025-4164,0.00514,0.42298
CVE-2025-4166,0.00431,0.36449
CVE-2025-4168,0.00231,0.14017
CVE-2025-4169,0.00225,0.13285
CVE-2025-4170,0.00231,0.14017
CVE-2025-4171,0.00237,0.14882
CVE-2025-4172,0.00231,0.14016
CVE-2025-4173,0.00487,0.40596
CVE-2025-4174,0.00584,0.46186
CVE-2025-4175,0.00544,0.44132
CVE-2025-4176,0.00584,0.46189
CVE-2025-4177,0.00349,0.28227
CVE-2025-4178,0.00649,0.49242
CVE-2025-4179,0.00352,0.28556
CVE-2025-4180,0.00707,0.51531
CVE-2025-4181,0.00707,0.5153
CVE-2025-4182,0.00707,0.51531
CVE-2025-4183,0.00707,0.51534
CVE-2025-4184,0.00707,0.51532
CVE-2025-4185,0.11391,0.95755
CVE-2025-4186,0.00444,0.37637
CVE-2025-4187,0.00628,0.48254
CVE-2025-4188,0.0017,0.06644
CVE-2025-4189,0.00137,0.03418
CVE-2025-4190,0.00557,0.44817
CVE-2025-4191,0.00584,0.46187
CVE-2025-4192,0.00551,0.44488
CVE-2025-4193,0.00551,0.44489
CVE-2025-4194,0.00137,0.03419
CVE-2025-4195,0.00551,0.44488
CVE-2025-4196,0.00487,0.40595
CVE-2025-4197,0.00487,0.40595
CVE-2025-4198,0.0017,0.06644
CVE-2025-4199,0.0017,0.06644
CVE-2025-4200,0.00838,0.55873
CVE-2025-4202,0.00237,0.14874
CVE-2025-4203,0.00344,0.27698
CVE-2025-4204,0.00396,0.33219
CVE-2025-4205,0.00282,0.20678
CVE-2025-4206,0.01532,0.73412
CVE-2025-4207,0.00726,0.52232
CVE-2025-4208,0.00335,0.26669
CVE-2025-4210,0.01841,0.77843
CVE-2025-4211,0.00197,0.09608
CVE-2025-4212,0.00226,0.13392
CVE-2025-4213,0.00325,0.25458
CVE-2025-4214,0.00514,0.4229
CVE-2025-4215,0.00742,0.52765
CVE-2025-4216,0.00212,0.11668
CVE-2025-4217,0.00234,0.14412
CVE-2025-4218,0.00311,0.23865
CVE-2025-4219,0.00232,0.14176
CVE-2025-4220,0.00237,0.14883
CVE-2025-4221,0.00232,0.1414
CVE-2025-4222,0.00449,0.37998
CVE-2025-4223,0.00376,0.31126
CVE-2025-4224,0.00239,0.15092
CVE-2025-4225,0.00371,0.30598
CVE-2025-4226,0.00577,0.45818
CVE-2025-4227,0.00164,0.0591
CVE-2025-4228,0.00188,0.08659
CVE-2025-4229,0.00505,0.41728
CVE-2025-4230,0.00623,0.48045
CVE-2025-4231,0.00975,0.60205
CVE-2025-4232,0.00443,0.37508
CVE-2025-4233,0.00185,0.08311
CVE-2025-4234,0.00136,0.03368
CVE-2025-4235,0.00176,0.07308
CVE-2025-4236,0.00698,0.51196
CVE-2025-4237,0.00698,0.51199
CVE-2025-4238,0.00698,0.51202
CVE-2025-4239,0.00698,0.51197
CVE-2025-4240,0.00698,0.51197
CVE-2025-4241,0.00577,0.45817
CVE-2025-4242,0.00362,0.29611
CVE-2025-4243,0.00488,0.40639
CVE-2025-4244,0.00488,0.40639
CVE-2025-4247,0.00488,0.40638
CVE-2025-4248,0.00504,0.41626
CVE-2025-4249,0.00507,0.41838
CVE-2025-4250,0.00577,0.45816
CVE-2025-4251,0.00698,0.51196
CVE-2025-4252,0.00698,0.51198
CVE-2025-4253,0.00698,0.51203
CVE-2025-4254,0.00698,0.51202
CVE-2025-4255,0.02017,0.79862
CVE-2025-4256,0.00304,0.2305
CVE-2025-4257,0.00309,0.23648
CVE-2025-4258,0.00412,0.34784
CVE-2025-4259,0.00488,0.40655
CVE-2025-4260,0.00675,0.50322
CVE-2025-4261,0.00221,0.12771
CVE-2025-4262,0.00488,0.40673
CVE-2025-4263,0.00488,0.40674
CVE-2025-4264,0.00488,0.40674
CVE-2025-4265,0.00488,0.40676
CVE-2025-4266,0.00488,0.40674
CVE-2025-4267,0.00465,0.39078
CVE-2025-4268,0.01055,0.62592
CVE-2025-4269,0.00558,0.44867
CVE-2025-4270,0.13125,0.96143
CVE-2025-4271,0.00625,0.48157
CVE-2025-4272,0.00192,0.09063
CVE-2025-4275,0.0044,0.37251
CVE-2025-4276,0.00142,0.03861
CVE-2025-4277,0.00142,0.03861
CVE-2025-4278,0.10633,0.95542
CVE-2025-4279,0.00734,0.52493
CVE-2025-4280,0.00175,0.07232
CVE-2025-4281,0.00318,0.24636
CVE-2025-4282,0.00322,0.25118
CVE-2025-4283,0.00597,0.46808
CVE-2025-4284,0.00192,0.09038
CVE-2025-4285,0.00334,0.26497
CVE-2025-4286,0.00505,0.41731
CVE-2025-4287,0.00182,0.07936
CVE-2025-4288,0.00698,0.51198
CVE-2025-4289,0.00698,0.51199
CVE-2025-4290,0.00698,0.51198
CVE-2025-4291,0.00407,0.34348
CVE-2025-4292,0.00312,0.24036
CVE-2025-4293,0.00312,0.24037
CVE-2025-4294,0.00184,0.08143
CVE-2025-4295,0.00105,0.01168
CVE-2025-4296,0.00201,0.10153
CVE-2025-4297,0.00584,0.46191
CVE-2025-4298,0.01089,0.6352
CVE-2025-4299,0.00849,0.56192
CVE-2025-4300,0.00514,0.4229
CVE-2025-4301,0.00514,0.42299
CVE-2025-4302,0.00888,0.57402
CVE-2025-4303,0.00584,0.46193
CVE-2025-4304,0.00584,0.46188
CVE-2025-4305,0.00315,0.24351
CVE-2025-4306,0.00584,0.4619
CVE-2025-4307,0.00584,0.46185
CVE-2025-4308,0.00584,0.46185
CVE-2025-4309,0.00584,0.46191
CVE-2025-4310,0.00344,0.27632
CVE-2025-4311,0.00514,0.42297
CVE-2025-4312,0.00584,0.46184
CVE-2025-4313,0.00584,0.46185
CVE-2025-4314,0.00584,0.46186
CVE-2025-4315,0.0053,0.43319
CVE-2025-4316,0.00358,0.29187
CVE-2025-4317,0.01118,0.6434
CVE-2025-4318,0.00943,0.59149
CVE-2025-4319,0.00384,0.31978
CVE-2025-4320,0.00479,0.40065
CVE-2025-4321,0.00176,0.07295
CVE-2025-4322,0.15524,0.96614
CVE-2025-4323,0.00312,0.24036
CVE-2025-4324,0.00312,0.24037
CVE-2025-4325,0.0037,0.30449
CVE-2025-4326,0.00312,0.24036
CVE-2025-4327,0.00274,0.19833
CVE-2025-4328,0.00306,0.23239
CVE-2025-4329,0.00676,0.50349
CVE-2025-4330,0.00939,0.59011
CVE-2025-4331,0.00584,0.4619
CVE-2025-4332,0.00663,0.49836
CVE-2025-4333,0.00315,0.2435
CVE-2025-4334,0.02138,0.81031
CVE-2025-4335,0.00361,0.29511
CVE-2025-4336,0.0133,0.69515
CVE-2025-4337,0.00146,0.04233
CVE-2025-4338,0.00229,0.13773
CVE-2025-4339,0.00423,0.35816
CVE-2025-4340,0.04886,0.91588
CVE-2025-4341,0.20716,0.97396
CVE-2025-4342,0.01194,0.66331
CVE-2025-4343,0.01194,0.66331
CVE-2025-4344,0.01428,0.71551
CVE-2025-4345,0.01428,0.71551
CVE-2025-4346,0.01428,0.71551
CVE-2025-4347,0.02151,0.8115
CVE-2025-4348,0.02227,0.81788
CVE-2025-4349,0.03851,0.89571
CVE-2025-4350,0.03851,0.89571
CVE-2025-4352,0.00491,0.40837
CVE-2025-4353,0.00491,0.40837
CVE-2025-4354,0.01158,0.65361
CVE-2025-4355,0.01158,0.65361
CVE-2025-4356,0.01473,0.72407
CVE-2025-4357,0.15021,0.96526
CVE-2025-4358,0.00514,0.42303
CVE-2025-4359,0.00514,0.42294
CVE-2025-4360,0.00514,0.42305
CVE-2025-4361,0.00584,0.46193
CVE-2025-4362,0.00514,0.42306
CVE-2025-4363,0.00514,0.42306
CVE-2025-4364,0.00428,0.36266
CVE-2025-4365,0.09209,0.95052
CVE-2025-4366,0.00499,0.41375
CVE-2025-4367,0.00231,0.14042
CVE-2025-4368,0.00849,0.56192
CVE-2025-4369,0.00251,0.16624
CVE-2025-4370,0.00265,0.18457
CVE-2025-4371,0.00191,0.09004
CVE-2025-4372,0.00474,0.39686
CVE-2025-4373,0.0053,0.43307
CVE-2025-4374,0.00322,0.25135
CVE-2025-4375,0.00311,0.23802
CVE-2025-4376,0.00624,0.48126
CVE-2025-4377,0.00728,0.52301
CVE-2025-4378,0.00312,0.23981
CVE-2025-4379,0.00481,0.40191
CVE-2025-4380,0.40352,0.98563
CVE-2025-4381,0.00327,0.25725
CVE-2025-4382,0.0037,0.30455
CVE-2025-4383,0.00367,0.30165
CVE-2025-4384,0.00127,0.02694
CVE-2025-4386,0.00157,0.05239
CVE-2025-4387,0.00545,0.44164
CVE-2025-4388,0.03794,0.89403
CVE-2025-4389,0.01006,0.61143
CVE-2025-4390,0.00329,0.25888
CVE-2025-4391,0.00738,0.52644
CVE-2025-4392,0.00362,0.29618
CVE-2025-4393,0.0017,0.06654
CVE-2025-4394,0.00188,0.08634
CVE-2025-4395,0.0027,0.19222
CVE-2025-4396,0.02667,0.8493
CVE-2025-4397,0.00131,0.03046
CVE-2025-4403,0.02123,0.809
CVE-2025-4404,0.01966,0.7928
CVE-2025-4405,0.00273,0.19692
CVE-2025-4406,0.00219,0.12443
CVE-2025-4407,0.00159,0.05408
CVE-2025-4410,0.00128,0.02807
CVE-2025-4411,0.00283,0.20772
CVE-2025-4412,0.00154,0.04871
CVE-2025-4413,0.00597,0.46801
CVE-2025-4414,0.00496,0.41187
CVE-2025-4415,0.00222,0.12843
CVE-2025-4416,0.00399,0.33578
CVE-2025-4417,0.00149,0.04429
CVE-2025-4418,0.00101,0.00995
CVE-2025-4419,0.00431,0.36492
CVE-2025-4420,0.00282,0.20679
CVE-2025-4421,0.00256,0.17437
CVE-2025-4422,0.00239,0.15132
CVE-2025-4423,0.00181,0.07842
CVE-2025-4424,0.00166,0.0614
CVE-2025-4425,0.00181,0.07842
CVE-2025-4426,0.00235,0.1458
CVE-2025-4427,0.99927,0.99968
CVE-2025-4428,0.86186,0.9972
CVE-2025-4429,0.00268,0.19005
CVE-2025-4430,0.0034,0.27167
CVE-2025-4431,0.00294,0.22022
CVE-2025-4432,0.00986,0.60528
CVE-2025-4433,0.00545,0.442
CVE-2025-4435,0.0059,0.46485
CVE-2025-4437,0.00246,0.15979
CVE-2025-4439,0.0025,0.16445
CVE-2025-4440,0.00541,0.43942
CVE-2025-4441,0.02562,0.84255
CVE-2025-4442,0.02562,0.84255
CVE-2025-4443,0.57624,0.99028
CVE-2025-4444,0.00475,0.39752
CVE-2025-4445,0.05703,0.92594
CVE-2025-4446,0.00541,0.43942
CVE-2025-4447,0.00217,0.12229
CVE-2025-4448,0.02862,0.86016
CVE-2025-4449,0.02862,0.86016
CVE-2025-4450,0.02862,0.86015
CVE-2025-4451,0.02862,0.86015
CVE-2025-4452,0.02862,0.86015
CVE-2025-4453,0.06682,0.93529
CVE-2025-4454,0.06682,0.93529
CVE-2025-4455,0.0027,0.19153
CVE-2025-4456,0.00917,0.58309
CVE-2025-4457,0.00917,0.58309
CVE-2025-4458,0.00837,0.55829
CVE-2025-4459,0.00837,0.55829
CVE-2025-4460,0.00614,0.47587
CVE-2025-4461,0.00601,0.46986
CVE-2025-4462,0.01872,0.78227
CVE-2025-4463,0.00917,0.5831
CVE-2025-4464,0.00917,0.5831
CVE-2025-4465,0.00917,0.58309
CVE-2025-4466,0.00917,0.5831
CVE-2025-4467,0.00987,0.60536
CVE-2025-4468,0.01151,0.6517
CVE-2025-4469,0.00601,0.46987
CVE-2025-4470,0.00601,0.46986
CVE-2025-4471,0.00372,0.30697
CVE-2025-4472,0.00489,0.40727
CVE-2025-4473,0.00454,0.38331
CVE-2025-4474,0.00426,0.3607
CVE-2025-4476,0.00385,0.32023
CVE-2025-4477,0.00471,0.39494
CVE-2025-4478,0.00518,0.42615
CVE-2025-4479,0.00231,0.14041
CVE-2025-4480,0.00366,0.30072
CVE-2025-4481,0.00535,0.43631
CVE-2025-4482,0.00535,0.4363
CVE-2025-4483,0.00535,0.43631
CVE-2025-4484,0.00535,0.43632
CVE-2025-4485,0.00542,0.44016
CVE-2025-4486,0.00535,0.43633
CVE-2025-4487,0.00535,0.43631
CVE-2025-4488,0.00535,0.43632
CVE-2025-4489,0.00668,0.50004
CVE-2025-4490,0.00668,0.50004
CVE-2025-4491,0.00668,0.50004
CVE-2025-4492,0.00554,0.44676
CVE-2025-4493,0.00365,0.30014
CVE-2025-4494,0.00712,0.51738
CVE-2025-4495,0.00354,0.28763
CVE-2025-4496,0.01159,0.65375
CVE-2025-4497,0.00366,0.30071
CVE-2025-4498,0.00347,0.27986
CVE-2025-4499,0.00347,0.27987
CVE-2025-4500,0.00347,0.27986
CVE-2025-4501,0.00347,0.27987
CVE-2025-4502,0.00507,0.4185
CVE-2025-4503,0.00525,0.43051
CVE-2025-4504,0.00507,0.41838
CVE-2025-4505,0.00507,0.41841
CVE-2025-4506,0.00507,0.4185
CVE-2025-4507,0.00507,0.41837
CVE-2025-4508,0.00507,0.41845
CVE-2025-4509,0.00507,0.41838
CVE-2025-4510,0.00309,0.23603
CVE-2025-4511,0.00545,0.44165
CVE-2025-4512,0.00408,0.34376
CVE-2025-4513,0.00446,0.3773
CVE-2025-4514,0.00403,0.3394
CVE-2025-4515,0.00331,0.26159
CVE-2025-4516,0.00216,0.12134
CVE-2025-4517,0.0143,0.71593
CVE-2025-4519,0.00339,0.27143
CVE-2025-4520,0.00279,0.20386
CVE-2025-4521,0.00281,0.20586
CVE-2025-4522,0.00254,0.17116
CVE-2025-4523,0.0031,0.23716
CVE-2025-4524,0.10373,0.95464
CVE-2025-4525,0.0032,0.24939
CVE-2025-4526,0.00287,0.21204
CVE-2025-4527,0.00593,0.46581
CVE-2025-4528,0.00396,0.33285
CVE-2025-4529,0.00549,0.44391
CVE-2025-4530,0.00469,0.393
CVE-2025-4531,0.00502,0.41548
CVE-2025-4532,0.00196,0.09483
CVE-2025-4533,0.00719,0.51977
CVE-2025-4534,0.00411,0.34668
CVE-2025-4535,0.0065,0.49285
CVE-2025-4536,0.0065,0.49284
CVE-2025-4537,0.00291,0.21646
CVE-2025-4538,0.00403,0.3402
CVE-2025-4539,0.0021,0.11297
CVE-2025-4540,0.00315,0.24272
CVE-2025-4541,0.00512,0.42168
CVE-2025-4542,0.00258,0.17621
CVE-2025-4543,0.00487,0.40568
CVE-2025-4544,0.10897,0.95623
CVE-2025-4545,0.00785,0.54146
CVE-2025-4546,0.0066,0.49689
CVE-2025-4547,0.00361,0.295
CVE-2025-4548,0.00525,0.43051
CVE-2025-4549,0.00525,0.4305
CVE-2025-4550,0.00525,0.4305
CVE-2025-4551,0.00368,0.30215
CVE-2025-4552,0.00529,0.43232
CVE-2025-4553,0.00507,0.41849
CVE-2025-4554,0.00507,0.4185
CVE-2025-4555,0.00574,0.45695
CVE-2025-4556,0.00735,0.52539
CVE-2025-4557,0.00517,0.42529
CVE-2025-4558,0.00509,0.41991
CVE-2025-4559,0.00521,0.42757
CVE-2025-4560,0.00339,0.2714
CVE-2025-4561,0.00677,0.504
CVE-2025-4563,0.0066,0.49734
CVE-2025-4564,0.0114,0.64872
CVE-2025-4565,0.00261,0.18034
CVE-2025-4566,0.0023,0.13967
CVE-2025-4567,0.00246,0.16024
CVE-2025-4568,0.00324,0.25386
CVE-2025-4569,0.00354,0.28864
CVE-2025-4570,0.00354,0.28864
CVE-2025-4571,0.00284,0.20893
CVE-2025-4573,0.00276,0.20052
CVE-2025-4574,0.0054,0.43922
CVE-2025-4575,0.00363,0.29786
CVE-2025-4576,0.00588,0.46363
CVE-2025-4577,0.00321,0.24972
CVE-2025-4578,0.00557,0.44802
CVE-2025-4579,0.00357,0.2918
CVE-2025-4580,0.00164,0.05982
CVE-2025-4581,0.00411,0.3469
CVE-2025-4582,0.00136,0.03376
CVE-2025-4583,0.00212,0.1167
CVE-2025-4584,0.0024,0.15276
CVE-2025-4585,0.0024,0.15275
CVE-2025-4586,0.0024,0.15275
CVE-2025-4587,0.00186,0.08439
CVE-2025-4588,0.00186,0.08406
CVE-2025-4589,0.00225,0.13321
CVE-2025-4590,0.00278,0.20224
CVE-2025-4591,0.00225,0.1332
CVE-2025-4592,0.00138,0.03537
CVE-2025-4593,0.00279,0.2039
CVE-2025-4594,0.00263,0.18173
CVE-2025-4595,0.00212,0.11667
CVE-2025-4596,0.00317,0.24519
CVE-2025-4597,0.00261,0.18036
CVE-2025-4598,0.00789,0.54303
CVE-2025-4599,0.00177,0.07454
CVE-2025-4600,0.00196,0.09463
CVE-2025-4601,0.06951,0.93756
CVE-2025-4602,0.00676,0.50363
CVE-2025-4603,0.01414,0.71281
CVE-2025-4604,0.00156,0.05073
CVE-2025-4605,0.00199,0.09926
CVE-2025-4606,0.00581,0.46047
CVE-2025-4607,0.00574,0.45705
CVE-2025-4608,0.00402,0.33808
CVE-2025-4609,0.0039,0.32604
CVE-2025-4610,0.00374,0.30938
CVE-2025-4611,0.005,0.41428
CVE-2025-4613,0.0059,0.46453
CVE-2025-4614,0.00241,0.15332
CVE-2025-4615,0.0079,0.54337
CVE-2025-4616,0.00107,0.01265
CVE-2025-4617,0.00131,0.03072
CVE-2025-4618,0.00086,0.00363
CVE-2025-4619,0.00563,0.45185
CVE-2025-4631,0.00733,0.52453
CVE-2025-4632,0.24295,0.97735
CVE-2025-4633,0.00259,0.17714
CVE-2025-4634,0.00279,0.20346
CVE-2025-4635,0.00413,0.34899
CVE-2025-4636,0.00158,0.05289
CVE-2025-4637,0.0046,0.38771
CVE-2025-4638,0.00529,0.43255
CVE-2025-4639,0.00412,0.34794
CVE-2025-4640,0.00402,0.33848
CVE-2025-4641,0.00555,0.44702
CVE-2025-4643,0.00399,0.33489
CVE-2025-4644,0.0041,0.34555
CVE-2025-4645,0.00148,0.0436
CVE-2025-4646,0.0043,0.36427
CVE-2025-4647,0.00272,0.19554
CVE-2025-4648,0.00256,0.17347
CVE-2025-4649,0.00354,0.2874
CVE-2025-4650,0.00405,0.3416
CVE-2025-4652,0.00514,0.42366
CVE-2025-4653,0.03347,0.88013
CVE-2025-4654,0.00226,0.13412
CVE-2025-4655,0.00215,0.12058
CVE-2025-4656,0.00247,0.16159
CVE-2025-4657,0.00164,0.05937
CVE-2025-4658,0.00339,0.27067
CVE-2025-4659,0.00311,0.23913
CVE-2025-4660,0.01143,0.64954
CVE-2025-4661,0.00191,0.08911
CVE-2025-4662,0.00136,0.03359
CVE-2025-4663,0.00302,0.22792
CVE-2025-4664,0.05625,0.92518
CVE-2025-4665,0.0031,0.23699
CVE-2025-4666,0.00302,0.22789
CVE-2025-4667,0.00285,0.20968
CVE-2025-4669,0.00337,0.26821
CVE-2025-4670,0.00337,0.26851
CVE-2025-4671,0.00282,0.20678
CVE-2025-4672,0.00432,0.36559
CVE-2025-4673,0.00666,0.49929
CVE-2025-4674,0.00272,0.19565
CVE-2025-4675,0.00201,0.10094
CVE-2025-4676,0.00271,0.19335
CVE-2025-4677,0.00203,0.10437
CVE-2025-4678,0.01485,0.72617
CVE-2025-4679,0.01086,0.6348
CVE-2025-4680,0.00208,0.11067
CVE-2025-4681,0.0019,0.08889
CVE-2025-4682,0.00344,0.27675
CVE-2025-4683,0.00294,0.22023
CVE-2025-4684,0.00251,0.16615
CVE-2025-4685,0.00226,0.13452
CVE-2025-4686,0.00304,0.23044
CVE-2025-4687,0.00453,0.38302
CVE-2025-4688,0.00441,0.37356
CVE-2025-4689,0.00531,0.43387
CVE-2025-4690,0.00204,0.10602
CVE-2025-4691,0.00331,0.26103
CVE-2025-4692,0.00339,0.27038
CVE-2025-4695,0.00418,0.35386
CVE-2025-4696,0.00449,0.37958
CVE-2025-4697,0.00514,0.42291
CVE-2025-4698,0.00514,0.42289
CVE-2025-4699,0.00514,0.42291
CVE-2025-4700,0.00235,0.14591
CVE-2025-4701,0.00193,0.09115
CVE-2025-4702,0.00514,0.42292
CVE-2025-4703,0.00514,0.42306
CVE-2025-4704,0.00444,0.37613
CVE-2025-4705,0.00514,0.4229
CVE-2025-4706,0.00514,0.42292
CVE-2025-4707,0.00514,0.42299
CVE-2025-4708,0.00514,0.42299
CVE-2025-4709,0.00514,0.42293
CVE-2025-4710,0.00514,0.42305
CVE-2025-4711,0.00514,0.4229
CVE-2025-4712,0.00641,0.4884
CVE-2025-4713,0.00641,0.4884
CVE-2025-4714,0.00641,0.4884
CVE-2025-4715,0.00514,0.42301
CVE-2025-4716,0.00514,0.42302
CVE-2025-4717,0.00514,0.42303
CVE-2025-4718,0.00514,0.42292
CVE-2025-4719,0.00514,0.42291
CVE-2025-4720,0.00592,0.46562
CVE-2025-4721,0.00514,0.42302
CVE-2025-4722,0.00514,0.423
CVE-2025-4723,0.00514,0.423
CVE-2025-4724,0.00514,0.423
CVE-2025-4725,0.00514,0.42304
CVE-2025-4726,0.00514,0.42298
CVE-2025-4727,0.00868,0.56805
CVE-2025-4728,0.00551,0.44487
CVE-2025-4729,0.0116,0.65401
CVE-2025-4730,0.00792,0.54379
CVE-2025-4731,0.00792,0.5438
CVE-2025-4732,0.00792,0.5438
CVE-2025-4733,0.00792,0.54379
CVE-2025-4734,0.00551,0.44488
CVE-2025-4735,0.00409,0.34495
CVE-2025-4736,0.00514,0.42303
CVE-2025-4737,0.0008,0.00184
CVE-2025-4738,0.00354,0.28851
CVE-2025-4739,0.00514,0.42303
CVE-2025-4740,0.00193,0.09115
CVE-2025-4741,0.00514,0.42301
CVE-2025-4742,0.00193,0.09115
CVE-2025-4743,0.00476,0.39821
CVE-2025-4744,0.00348,0.28061
CVE-2025-4745,0.00348,0.28061
CVE-2025-4746,0.00514,0.42304
CVE-2025-4747,0.01138,0.64835
CVE-2025-4748,0.00272,0.19554
CVE-2025-4749,0.01401,0.71046
CVE-2025-4750,0.01087,0.63483
CVE-2025-4751,0.01644,0.75145
CVE-2025-4752,0.01087,0.63483
CVE-2025-4753,0.01087,0.63483
CVE-2025-4754,0.00444,0.37572
CVE-2025-4755,0.07271,0.94009
CVE-2025-4756,0.01816,0.77523
CVE-2025-4757,0.00514,0.42304
CVE-2025-4758,0.00514,0.42305
CVE-2025-4759,0.00418,0.35323
CVE-2025-4760,0.00186,0.08397
CVE-2025-4761,0.00486,0.40506
CVE-2025-4762,0.00318,0.24695
CVE-2025-4763,0.00207,0.10962
CVE-2025-4764,0.00441,0.3733
CVE-2025-4765,0.00514,0.42294
CVE-2025-4766,0.00514,0.42297
CVE-2025-4767,0.00216,0.1211
CVE-2025-4768,0.00315,0.24351
CVE-2025-4769,0.00181,0.07863
CVE-2025-4770,0.00418,0.35387
CVE-2025-4771,0.00514,0.42301
CVE-2025-4772,0.00584,0.46192
CVE-2025-4773,0.00514,0.42302
CVE-2025-4774,0.00249,0.1635
CVE-2025-4775,0.00197,0.09708
CVE-2025-4776,0.00181,0.07894
CVE-2025-4777,0.00418,0.35387
CVE-2025-4778,0.00418,0.35387
CVE-2025-4779,0.00415,0.35087
CVE-2025-4780,0.0039,0.32584
CVE-2025-4781,0.00593,0.46613
CVE-2025-4782,0.00598,0.46876
CVE-2025-4783,0.00244,0.15695
CVE-2025-4784,0.00522,0.4287
CVE-2025-4785,0.00728,0.52303
CVE-2025-4786,0.00492,0.40918
CVE-2025-4787,0.00476,0.3982
CVE-2025-4788,0.00734,0.52492
CVE-2025-4789,0.00734,0.52491
CVE-2025-4790,0.00734,0.52492
CVE-2025-4791,0.00734,0.52491
CVE-2025-4792,0.00707,0.51532
CVE-2025-4793,0.00722,0.52082
CVE-2025-4794,0.00584,0.46187
CVE-2025-4795,0.00455,0.38422
CVE-2025-4796,0.00572,0.45603
CVE-2025-4797,0.00495,0.41115
CVE-2025-4798,0.00421,0.35646
CVE-2025-4799,0.00944,0.59162
CVE-2025-4800,0.01119,0.64372
CVE-2025-4802,0.00557,0.4483
CVE-2025-4803,0.00687,0.50801
CVE-2025-4804,0.00446,0.37723
CVE-2025-4805,0.00543,0.44053
CVE-2025-4806,0.00476,0.39821
CVE-2025-4807,0.01138,0.64828
CVE-2025-4808,0.00596,0.46721
CVE-2025-4809,0.01291,0.68672
CVE-2025-4810,0.01008,0.6118
CVE-2025-4811,0.00514,0.42299
CVE-2025-4812,0.00641,0.4884
CVE-2025-4813,0.00641,0.48839
CVE-2025-4814,0.00514,0.42301
CVE-2025-4815,0.00514,0.423
CVE-2025-4816,0.00514,0.42304
CVE-2025-4817,0.00514,0.42293
CVE-2025-4818,0.00514,0.42307
CVE-2025-4819,0.0045,0.38084
CVE-2025-4820,0.00804,0.54798
CVE-2025-4821,0.00871,0.56909
CVE-2025-4822,0.00665,0.49917
CVE-2025-4823,0.00792,0.54381
CVE-2025-4824,0.00792,0.54379
CVE-2025-4825,0.00792,0.54381
CVE-2025-4826,0.00792,0.54381
CVE-2025-4827,0.00792,0.5438
CVE-2025-4828,0.00832,0.55678
CVE-2025-4829,0.00792,0.54381
CVE-2025-4830,0.00792,0.54379
CVE-2025-4831,0.00793,0.54411
CVE-2025-4832,0.00793,0.54411
CVE-2025-4833,0.00793,0.54411
CVE-2025-4834,0.00793,0.54412
CVE-2025-4835,0.00793,0.54411
CVE-2025-4836,0.00507,0.41841
CVE-2025-4837,0.00544,0.44108
CVE-2025-4838,0.00408,0.3444
CVE-2025-4839,0.00288,0.21378
CVE-2025-4840,0.00554,0.44663
CVE-2025-4841,0.01224,0.67172
CVE-2025-4842,0.01224,0.67173
CVE-2025-4843,0.01224,0.67173
CVE-2025-4844,0.00698,0.512
CVE-2025-4845,0.00698,0.51201
CVE-2025-4846,0.00698,0.51195
CVE-2025-4847,0.00698,0.51201
CVE-2025-4848,0.00698,0.512
CVE-2025-4849,0.01446,0.7186
CVE-2025-4850,0.01161,0.65457
CVE-2025-4851,0.01446,0.7186
CVE-2025-4852,0.00402,0.33865
CVE-2025-4855,0.00338,0.26933
CVE-2025-4857,0.00766,0.53576
CVE-2025-4858,0.00806,0.54844
CVE-2025-4859,0.00935,0.58887
CVE-2025-4860,0.00806,0.54844
CVE-2025-4861,0.00577,0.45818
CVE-2025-4862,0.00476,0.39825
CVE-2025-4863,0.00386,0.32203
CVE-2025-4864,0.00544,0.44109
CVE-2025-4865,0.00544,0.44109
CVE-2025-4866,0.00601,0.47011
CVE-2025-4867,0.00749,0.5299
CVE-2025-4868,0.00443,0.37521
CVE-2025-4869,0.00507,0.41845
CVE-2025-4870,0.00548,0.44349
CVE-2025-4871,0.01617,0.74727
CVE-2025-4872,0.00698,0.51197
CVE-2025-4873,0.00581,0.4605
CVE-2025-4874,0.00577,0.45817
CVE-2025-4875,0.00544,0.4411
CVE-2025-4876,0.00102,0.01059
CVE-2025-4877,0.00197,0.09602
CVE-2025-4878,0.00186,0.08412
CVE-2025-4879,0.00121,0.0221
CVE-2025-4880,0.00577,0.45816
CVE-2025-4881,0.00544,0.44108
CVE-2025-4882,0.00544,0.4411
CVE-2025-4883,0.08158,0.9454
CVE-2025-4884,0.00507,0.41844
CVE-2025-4885,0.00507,0.41849
CVE-2025-4886,0.00507,0.41845
CVE-2025-4887,0.00322,0.25118
CVE-2025-4888,0.00339,0.27043
CVE-2025-4889,0.00339,0.27043
CVE-2025-4890,0.00339,0.27043
CVE-2025-4891,0.00339,0.27043
CVE-2025-4892,0.00341,0.27384
CVE-2025-4893,0.00443,0.37521
CVE-2025-4894,0.00257,0.1745
CVE-2025-4895,0.00544,0.4411
CVE-2025-4896,0.00818,0.55237
CVE-2025-4897,0.05916,0.92835
CVE-2025-4898,0.00563,0.45186
CVE-2025-4899,0.00544,0.44109
CVE-2025-4900,0.00544,0.44109
CVE-2025-4901,0.77288,0.99529
CVE-2025-4902,0.13518,0.96233
CVE-2025-4903,0.00805,0.54825
CVE-2025-4904,0.01453,0.72005
CVE-2025-4905,0.00476,0.3983
CVE-2025-4906,0.00584,0.46188
CVE-2025-4907,0.00584,0.46187
CVE-2025-4908,0.00584,0.46192
CVE-2025-4909,0.00513,0.42269
CVE-2025-4910,0.00584,0.46193
CVE-2025-4911,0.00514,0.42305
CVE-2025-4912,0.00812,0.55053
CVE-2025-4913,0.00584,0.46184
CVE-2025-4914,0.00584,0.46192
CVE-2025-4915,0.00584,0.46191
CVE-2025-4916,0.00584,0.46186
CVE-2025-4917,0.00584,0.46186
CVE-2025-4918,0.0946,0.95149
CVE-2025-4919,0.08627,0.948
CVE-2025-4922,0.0051,0.42019
CVE-2025-4923,0.00486,0.40538
CVE-2025-4924,0.0048,0.40112
CVE-2025-4925,0.00507,0.41846
CVE-2025-4926,0.00451,0.38105
CVE-2025-4927,0.00507,0.41846
CVE-2025-4928,0.00507,0.41848
CVE-2025-4929,0.00507,0.41849
CVE-2025-4930,0.00486,0.40506
CVE-2025-4931,0.00514,0.42296
CVE-2025-4932,0.00514,0.42307
CVE-2025-4933,0.00498,0.41275
CVE-2025-4934,0.00514,0.42295
CVE-2025-4935,0.00514,0.42295
CVE-2025-4936,0.00507,0.41846
CVE-2025-4937,0.00577,0.45818
CVE-2025-4938,0.00432,0.3665
CVE-2025-4939,0.00482,0.40266
CVE-2025-4940,0.00486,0.40535
CVE-2025-4941,0.00584,0.46191
CVE-2025-4943,0.00274,0.19755
CVE-2025-4944,0.00281,0.20547
CVE-2025-4945,0.0067,0.50107
CVE-2025-4946,0.00646,0.49099
CVE-2025-4947,0.00288,0.21264
CVE-2025-4948,0.00778,0.53939
CVE-2025-4949,0.00771,0.53738
CVE-2025-4951,0.00184,0.08221
CVE-2025-4952,0.00126,0.02584
CVE-2025-4953,0.00639,0.48752
CVE-2025-4954,0.00594,0.46649
CVE-2025-4955,0.00349,0.28284
CVE-2025-4956,0.00295,0.22032
CVE-2025-4957,0.0024,0.15239
CVE-2025-4960,0.00126,0.02643
CVE-2025-4962,0.0024,0.15299
CVE-2025-4963,0.0029,0.21541
CVE-2025-4964,0.00374,0.30883
CVE-2025-4965,0.00179,0.07677
CVE-2025-4966,0.0016,0.05558
CVE-2025-4967,0.00489,0.40709
CVE-2025-4968,0.00273,0.19726
CVE-2025-4969,0.00879,0.57137
CVE-2025-4970,0.003,0.22594
CVE-2025-4971,0.00579,0.45917
CVE-2025-4972,0.00332,0.26264
CVE-2025-4973,0.00478,0.40012
CVE-2025-4975,0.00145,0.04107
CVE-2025-4976,0.00421,0.35668
CVE-2025-4977,0.00625,0.48156
CVE-2025-4978,0.20955,0.97425
CVE-2025-4979,0.00439,0.37208
CVE-2025-4980,0.00625,0.48157
CVE-2025-4981,0.00815,0.55144
CVE-2025-4983,0.00312,0.2401
CVE-2025-4984,0.00312,0.24009
CVE-2025-4985,0.00312,0.24011
CVE-2025-4986,0.00312,0.24009
CVE-2025-4987,0.00382,0.3179
CVE-2025-4988,0.00312,0.24009
CVE-2025-4989,0.00312,0.2401
CVE-2025-4990,0.00312,0.24009
CVE-2025-4991,0.00312,0.24011
CVE-2025-4992,0.00312,0.2401
CVE-2025-4993,0.0037,0.30477
CVE-2025-4994,0.00331,0.26178
CVE-2025-4996,0.00306,0.23313
CVE-2025-4997,0.00528,0.43195
CVE-2025-4998,0.00528,0.43196
CVE-2025-4999,0.0778,0.94319
