#model_version:v2026.06.15,score_date:2026-09-23T12:00:20Z
cve,epss,percentile
CVE-2024-10000,0.00264,0.18643
CVE-2024-10001,0.00385,0.32498
CVE-2024-10002,0.00555,0.45176
CVE-2024-10003,0.00436,0.3737
CVE-2024-10004,0.00381,0.32017
CVE-2024-10005,0.00772,0.54212
CVE-2024-10006,0.00467,0.39657
CVE-2024-10007,0.00844,0.56481
CVE-2024-10008,0.00631,0.48905
CVE-2024-10009,0.00401,0.34127
CVE-2024-10010,0.00462,0.39347
CVE-2024-10011,0.01152,0.65572
CVE-2024-10012,0.00228,0.13888
CVE-2024-10013,0.00222,0.13081
CVE-2024-10014,0.00288,0.21623
CVE-2024-10015,0.00849,0.56644
CVE-2024-10016,0.00383,0.32258
CVE-2024-10017,0.00328,0.26211
CVE-2024-10018,0.00501,0.41937
CVE-2024-10019,0.00824,0.55857
CVE-2024-10020,0.00523,0.43381
CVE-2024-10021,0.00579,0.46381
CVE-2024-10022,0.00579,0.4638
CVE-2024-10023,0.00544,0.44614
CVE-2024-10024,0.00613,0.48034
CVE-2024-10025,0.00753,0.53591
CVE-2024-10026,0.00226,0.13544
CVE-2024-10027,0.00351,0.28843
CVE-2024-10028,0.00457,0.38963
CVE-2024-10029,0.00198,0.09862
CVE-2024-10031,0.00161,0.05746
CVE-2024-10032,0.00205,0.10844
CVE-2024-10033,0.00376,0.31476
CVE-2024-10034,0.00373,0.31264
CVE-2024-10035,0.00846,0.56537
CVE-2024-10037,0.00334,0.2684
CVE-2024-10038,0.00354,0.29248
CVE-2024-10040,0.00249,0.16498
CVE-2024-10041,0.00265,0.18698
CVE-2024-10043,0.00457,0.3896
CVE-2024-10044,0.00522,0.43292
CVE-2024-10045,0.00213,0.11909
CVE-2024-10046,0.00364,0.30326
CVE-2024-10047,0.01012,0.61744
CVE-2024-10048,0.00299,0.22781
CVE-2024-10049,0.00317,0.24855
CVE-2024-10050,0.00484,0.40832
CVE-2024-10051,0.00565,0.45741
CVE-2024-10054,0.00312,0.24315
CVE-2024-10055,0.00314,0.24554
CVE-2024-10056,0.00326,0.25978
CVE-2024-10057,0.00322,0.25474
CVE-2024-10068,0.00196,0.09613
CVE-2024-10069,0.00542,0.44462
CVE-2024-10070,0.00542,0.44462
CVE-2024-10071,0.00542,0.44462
CVE-2024-10072,0.00506,0.42272
CVE-2024-10073,0.00557,0.45271
CVE-2024-10074,0.00157,0.0531
CVE-2024-10075,0.00361,0.29948
CVE-2024-10076,0.00296,0.22531
CVE-2024-10078,0.00411,0.35043
CVE-2024-10079,0.00809,0.55389
CVE-2024-10080,0.00323,0.25607
CVE-2024-10081,0.3992,0.98564
CVE-2024-10082,0.00479,0.40501
CVE-2024-10083,0.00153,0.04825
CVE-2024-10084,0.00353,0.29039
CVE-2024-10085,0.00322,0.25472
CVE-2024-10086,0.00418,0.35809
CVE-2024-10087,0.00241,0.15594
CVE-2024-10088,0.0024,0.15436
CVE-2024-10089,0.00227,0.1371
CVE-2024-10090,0.0024,0.15436
CVE-2024-10091,0.00317,0.24923
CVE-2024-10092,0.00452,0.38643
CVE-2024-10093,0.0021,0.11472
CVE-2024-10094,0.0048,0.40574
CVE-2024-10095,0.00744,0.53305
CVE-2024-10097,0.00691,0.51433
CVE-2024-10098,0.00402,0.34232
CVE-2024-10099,0.00351,0.28879
CVE-2024-10100,0.0062,0.48396
CVE-2024-10101,0.00332,0.26568
CVE-2024-10102,0.00534,0.4404
CVE-2024-10103,0.00347,0.2838
CVE-2024-10104,0.00355,0.29346
CVE-2024-10105,0.00311,0.24162
CVE-2024-10106,0.00365,0.30389
CVE-2024-10107,0.00312,0.24319
CVE-2024-10108,0.00392,0.33241
CVE-2024-10109,0.00518,0.43041
CVE-2024-10110,0.00629,0.48814
CVE-2024-10111,0.00787,0.54704
CVE-2024-10112,0.00335,0.27048
CVE-2024-10113,0.00372,0.31126
CVE-2024-10114,0.00539,0.44339
CVE-2024-10116,0.00396,0.33631
CVE-2024-10117,0.0037,0.3086
CVE-2024-10118,0.00889,0.57838
CVE-2024-10119,0.00951,0.59799
CVE-2024-10120,0.00711,0.52175
CVE-2024-10121,0.00692,0.51486
CVE-2024-10122,0.00491,0.41298
CVE-2024-10123,0.01028,0.62187
CVE-2024-10124,0.32725,0.98272
CVE-2024-10125,0.00323,0.25643
CVE-2024-10126,0.00385,0.324
CVE-2024-10127,0.00609,0.4783
CVE-2024-10128,0.0037,0.30886
CVE-2024-10129,0.00456,0.38932
CVE-2024-10130,0.01028,0.62188
CVE-2024-10131,0.01144,0.65345
CVE-2024-10133,0.00542,0.44463
CVE-2024-10134,0.00572,0.46052
CVE-2024-10135,0.00572,0.46054
CVE-2024-10136,0.00544,0.44587
CVE-2024-10137,0.00544,0.44587
CVE-2024-10138,0.00544,0.44585
CVE-2024-10139,0.00544,0.44587
CVE-2024-10140,0.01378,0.70897
CVE-2024-10141,0.00814,0.55543
CVE-2024-10142,0.00436,0.37376
CVE-2024-10143,0.00312,0.24319
CVE-2024-10144,0.00312,0.24318
CVE-2024-10145,0.00312,0.24318
CVE-2024-10146,0.00585,0.46707
CVE-2024-10147,0.00341,0.27761
CVE-2024-10148,0.00242,0.15675
CVE-2024-10149,0.00312,0.24318
CVE-2024-10150,0.00278,0.20535
CVE-2024-10151,0.00297,0.22566
CVE-2024-10152,0.0063,0.48852
CVE-2024-10153,0.00664,0.50356
CVE-2024-10154,0.00644,0.49476
CVE-2024-10155,0.00404,0.3449
CVE-2024-10156,0.00683,0.51148
CVE-2024-10157,0.00683,0.51147
CVE-2024-10158,0.00645,0.49537
CVE-2024-10159,0.00622,0.48466
CVE-2024-10160,0.00545,0.44648
CVE-2024-10161,0.00619,0.48351
CVE-2024-10162,0.00528,0.43678
CVE-2024-10163,0.00553,0.4509
CVE-2024-10164,0.0055,0.44915
CVE-2024-10165,0.00698,0.51688
CVE-2024-10166,0.00682,0.51107
CVE-2024-10167,0.00646,0.49603
CVE-2024-10168,0.00303,0.23304
CVE-2024-10169,0.00592,0.47041
CVE-2024-10170,0.0042,0.35939
CVE-2024-10171,0.00492,0.41347
CVE-2024-10172,0.00506,0.4223
CVE-2024-10173,0.00712,0.52206
CVE-2024-10174,0.00664,0.5036
CVE-2024-10175,0.00267,0.19082
CVE-2024-10176,0.00342,0.27847
CVE-2024-10177,0.00579,0.46366
CVE-2024-10178,0.00333,0.26763
CVE-2024-10179,0.00326,0.25945
CVE-2024-10180,0.00312,0.2433
CVE-2024-10181,0.00376,0.31547
CVE-2024-10182,0.00368,0.30664
CVE-2024-10183,0.00143,0.03957
CVE-2024-10184,0.00376,0.31548
CVE-2024-10185,0.00376,0.31548
CVE-2024-10186,0.00303,0.23304
CVE-2024-10187,0.00322,0.25512
CVE-2024-10188,0.00558,0.45335
CVE-2024-10189,0.00303,0.23305
CVE-2024-10190,0.01124,0.64858
CVE-2024-10191,0.00386,0.32549
CVE-2024-10192,0.00389,0.32908
CVE-2024-10193,0.15455,0.96647
CVE-2024-10194,0.01166,0.65962
CVE-2024-10195,0.00402,0.34254
CVE-2024-10196,0.0052,0.43219
CVE-2024-10197,0.0039,0.33003
CVE-2024-10198,0.00413,0.35302
CVE-2024-10199,0.00413,0.35302
CVE-2024-10200,0.00719,0.52453
CVE-2024-10201,0.006,0.47454
CVE-2024-10202,0.01096,0.64137
CVE-2024-10203,0.00448,0.38351
CVE-2024-10204,0.00229,0.13923
CVE-2024-10205,0.00779,0.54431
CVE-2024-10206,0.00389,0.32912
CVE-2024-10207,0.00344,0.28042
CVE-2024-10208,0.00391,0.33133
CVE-2024-10209,0.00132,0.03132
CVE-2024-10210,0.00436,0.37362
CVE-2024-10214,0.00361,0.29959
CVE-2024-10215,0.00665,0.50368
CVE-2024-10216,0.0044,0.37719
CVE-2024-10217,0.00534,0.44023
CVE-2024-10218,0.00488,0.4112
CVE-2024-10219,0.00449,0.38401
CVE-2024-10220,0.03027,0.86905
CVE-2024-10222,0.00461,0.39238
CVE-2024-10223,0.00335,0.26958
CVE-2024-10224,0.08612,0.94855
CVE-2024-10225,0.00624,0.48602
CVE-2024-10226,0.00322,0.25474
CVE-2024-10227,0.00345,0.28091
CVE-2024-10228,0.00142,0.03925
CVE-2024-10229,0.00508,0.42443
CVE-2024-10230,0.00638,0.49222
CVE-2024-10231,0.00494,0.41526
CVE-2024-10232,0.00326,0.25977
CVE-2024-10233,0.00342,0.27791
CVE-2024-10234,0.00638,0.49207
CVE-2024-10237,0.00249,0.16506
CVE-2024-10238,0.0053,0.43776
CVE-2024-10239,0.0053,0.43776
CVE-2024-10240,0.00558,0.45321
CVE-2024-10241,0.00295,0.22429
CVE-2024-10242,0.0024,0.1533
CVE-2024-10244,0.00509,0.42483
CVE-2024-10245,0.01196,0.66749
CVE-2024-10247,0.00529,0.43706
CVE-2024-10250,0.00317,0.24896
CVE-2024-10251,0.00209,0.11393
CVE-2024-10252,0.00815,0.5559
CVE-2024-10253,0.00124,0.02484
CVE-2024-10254,0.00126,0.02654
CVE-2024-10256,0.00211,0.11673
CVE-2024-10260,0.00353,0.29022
CVE-2024-10261,0.0046,0.39157
CVE-2024-10262,0.00606,0.47704
CVE-2024-10263,0.00513,0.42705
CVE-2024-10264,0.00955,0.59904
CVE-2024-10265,0.00373,0.31179
CVE-2024-10266,0.00279,0.20675
CVE-2024-10267,0.00615,0.48144
CVE-2024-10268,0.00342,0.27843
CVE-2024-10269,0.00296,0.22535
CVE-2024-10270,0.01255,0.68224
CVE-2024-10272,0.00595,0.47177
CVE-2024-10273,0.00423,0.36312
CVE-2024-10274,0.00526,0.43559
CVE-2024-10275,0.00498,0.41762
CVE-2024-10276,0.00366,0.30421
CVE-2024-10277,0.00599,0.47413
CVE-2024-10278,0.00599,0.47413
CVE-2024-10279,0.00599,0.47414
CVE-2024-10280,0.00805,0.55265
CVE-2024-10281,0.00994,0.61177
CVE-2024-10282,0.01201,0.66876
CVE-2024-10283,0.009,0.5818
CVE-2024-10284,0.00411,0.35109
CVE-2024-10285,0.00617,0.48242
CVE-2024-10286,0.00285,0.21314
CVE-2024-10287,0.00285,0.21313
CVE-2024-10288,0.00285,0.21313
CVE-2024-10289,0.00285,0.21313
CVE-2024-10290,0.00587,0.46772
CVE-2024-10291,0.00482,0.40728
CVE-2024-10292,0.00497,0.41684
CVE-2024-10293,0.00517,0.42986
CVE-2024-10294,0.00283,0.21119
CVE-2024-10295,0.00393,0.33292
CVE-2024-10296,0.00425,0.36395
CVE-2024-10297,0.00477,0.4037
CVE-2024-10298,0.00411,0.35101
CVE-2024-10299,0.00382,0.32174
CVE-2024-10300,0.0044,0.37669
CVE-2024-10301,0.0044,0.37669
CVE-2024-10302,0.00174,0.07203
CVE-2024-10306,0.00328,0.26136
CVE-2024-10307,0.00255,0.17374
CVE-2024-10308,0.00314,0.24543
CVE-2024-10309,0.00262,0.18323
CVE-2024-10310,0.00248,0.16433
CVE-2024-10311,0.00446,0.38184
CVE-2024-10312,0.00438,0.37539
CVE-2024-10313,0.00472,0.40004
CVE-2024-10314,0.0049,0.41236
CVE-2024-10315,0.00337,0.27217
CVE-2024-10316,0.00523,0.43392
CVE-2024-10318,0.00348,0.28455
CVE-2024-10319,0.00344,0.28049
CVE-2024-10320,0.00318,0.24948
CVE-2024-10321,0.00306,0.2352
CVE-2024-10322,0.0036,0.29782
CVE-2024-10323,0.00303,0.23305
CVE-2024-10324,0.00268,0.19266
CVE-2024-10325,0.00296,0.22535
CVE-2024-10326,0.00353,0.29106
CVE-2024-10327,0.00561,0.45517
CVE-2024-10329,0.00414,0.35378
CVE-2024-10330,0.00517,0.4301
CVE-2024-10331,0.00545,0.44649
CVE-2024-10332,0.00241,0.15589
CVE-2024-10334,0.00142,0.03876
CVE-2024-10335,0.00746,0.53375
CVE-2024-10336,0.00633,0.48984
CVE-2024-10337,0.00454,0.3874
CVE-2024-10338,0.00454,0.38739
CVE-2024-10340,0.00346,0.28297
CVE-2024-10341,0.00439,0.37578
CVE-2024-10342,0.00305,0.2341
CVE-2024-10343,0.00324,0.25711
CVE-2024-10344,0.0049,0.41235
CVE-2024-10345,0.0049,0.41235
CVE-2024-10348,0.00436,0.37418
CVE-2024-10349,0.00573,0.46091
CVE-2024-10350,0.00573,0.46136
CVE-2024-10351,0.0087,0.57319
CVE-2024-10352,0.00344,0.28049
CVE-2024-10353,0.00489,0.41219
CVE-2024-10354,0.00721,0.52522
CVE-2024-10355,0.00988,0.61006
CVE-2024-10356,0.00429,0.3677
CVE-2024-10357,0.0043,0.36836
CVE-2024-10359,0.00378,0.31734
CVE-2024-10360,0.00375,0.31368
CVE-2024-10361,0.00993,0.61151
CVE-2024-10362,0.00341,0.27683
CVE-2024-10363,0.00354,0.29242
CVE-2024-10365,0.00345,0.281
CVE-2024-10366,0.00366,0.305
CVE-2024-10367,0.00355,0.29339
CVE-2024-10368,0.00698,0.51666
CVE-2024-10369,0.00807,0.55361
CVE-2024-10370,0.00746,0.53375
CVE-2024-10371,0.00764,0.53966
CVE-2024-10372,0.00277,0.20364
CVE-2024-10374,0.00425,0.36391
CVE-2024-10376,0.00757,0.53741
CVE-2024-10377,0.00708,0.52074
CVE-2024-10378,0.00524,0.43449
CVE-2024-10379,0.00693,0.51497
CVE-2024-10380,0.00377,0.31616
CVE-2024-10381,0.00866,0.57188
CVE-2024-10382,0.00154,0.04968
CVE-2024-10383,0.00285,0.2129
CVE-2024-10385,0.00637,0.49157
CVE-2024-10386,0.19322,0.97224
CVE-2024-10387,0.07977,0.945
CVE-2024-10388,0.00308,0.23812
CVE-2024-10389,0.00193,0.09242
CVE-2024-10390,0.00246,0.1624
CVE-2024-10392,0.14984,0.96565
CVE-2024-10393,0.00578,0.46355
CVE-2024-10394,0.00202,0.10411
CVE-2024-10395,0.00311,0.24173
CVE-2024-10396,0.00559,0.454
CVE-2024-10397,0.00405,0.34526
CVE-2024-10399,0.00406,0.34631
CVE-2024-10400,0.8312,0.9966
CVE-2024-10402,0.00509,0.42473
CVE-2024-10403,0.00653,0.49913
CVE-2024-10404,0.00109,0.01414
CVE-2024-10405,0.002,0.10098
CVE-2024-10406,0.00441,0.37749
CVE-2024-10407,0.00441,0.37748
CVE-2024-10408,0.00545,0.44649
CVE-2024-10409,0.00545,0.44649
CVE-2024-10410,0.01151,0.6557
CVE-2024-10411,0.00441,0.37749
CVE-2024-10412,0.00389,0.32859
CVE-2024-10413,0.00534,0.44042
CVE-2024-10414,0.00393,0.33356
CVE-2024-10415,0.00592,0.47041
CVE-2024-10416,0.00545,0.44647
CVE-2024-10417,0.00545,0.44649
CVE-2024-10418,0.00572,0.46039
CVE-2024-10419,0.00429,0.36789
CVE-2024-10420,0.00499,0.41831
CVE-2024-10421,0.00419,0.35875
CVE-2024-10422,0.00436,0.37341
CVE-2024-10423,0.00534,0.44073
CVE-2024-10424,0.00572,0.46043
CVE-2024-10425,0.00572,0.46039
CVE-2024-10426,0.00572,0.46043
CVE-2024-10427,0.00534,0.44072
CVE-2024-10428,0.14839,0.96541
CVE-2024-10429,0.182,0.97082
CVE-2024-10430,0.00698,0.51686
CVE-2024-10431,0.00698,0.51686
CVE-2024-10432,0.00643,0.49461
CVE-2024-10433,0.00404,0.3449
CVE-2024-10434,0.01297,0.69135
CVE-2024-10435,0.01232,0.67677
CVE-2024-10436,0.00746,0.53385
CVE-2024-10437,0.00363,0.3021
CVE-2024-10438,0.00526,0.43538
CVE-2024-10439,0.00397,0.33776
CVE-2024-10440,0.00547,0.44722
CVE-2024-10441,0.01241,0.6789
CVE-2024-10442,0.01448,0.72208
CVE-2024-10443,0.28006,0.98021
CVE-2024-10444,0.00252,0.16964
CVE-2024-10445,0.00371,0.30992
CVE-2024-10446,0.00541,0.44404
CVE-2024-10447,0.00479,0.40492
CVE-2024-10448,0.00404,0.34444
CVE-2024-10449,0.01441,0.72071
CVE-2024-10450,0.00572,0.46038
CVE-2024-10451,0.00917,0.5872
CVE-2024-10452,0.00486,0.40926
CVE-2024-10453,0.00327,0.26087
CVE-2024-10454,0.00226,0.13622
CVE-2024-10455,0.00448,0.38344
CVE-2024-10456,0.17589,0.9701
CVE-2024-10457,0.00557,0.45299
CVE-2024-10458,0.00603,0.47591
CVE-2024-10459,0.00598,0.47335
CVE-2024-10460,0.00324,0.25762
CVE-2024-10461,0.00565,0.45725
CVE-2024-10462,0.00533,0.43996
CVE-2024-10463,0.00692,0.51489
CVE-2024-10464,0.00601,0.47474
CVE-2024-10465,0.00533,0.43996
CVE-2024-10466,0.0081,0.55439
CVE-2024-10467,0.00596,0.47209
CVE-2024-10468,0.00393,0.33307
CVE-2024-10469,0.00183,0.08129
CVE-2024-10470,0.34795,0.98359
CVE-2024-10471,0.00379,0.31817
CVE-2024-10472,0.00311,0.24163
CVE-2024-10473,0.00381,0.31959
CVE-2024-10474,0.00305,0.2345
CVE-2024-10475,0.00312,0.24319
CVE-2024-10476,0.00236,0.14836
CVE-2024-10477,0.00288,0.21629
CVE-2024-10478,0.00288,0.21629
CVE-2024-10479,0.00288,0.21629
CVE-2024-10480,0.00199,0.09973
CVE-2024-10481,0.00221,0.12854
CVE-2024-10482,0.00373,0.31199
CVE-2024-10483,0.00392,0.3324
CVE-2024-10484,0.00296,0.22535
CVE-2024-10486,0.00944,0.59589
CVE-2024-10487,0.00814,0.55558
CVE-2024-10488,0.00571,0.46031
CVE-2024-10490,0.00488,0.41162
CVE-2024-10491,0.00441,0.3777
CVE-2024-10492,0.00712,0.5219
CVE-2024-10493,0.00359,0.29688
CVE-2024-10494,0.00193,0.09209
CVE-2024-10495,0.00193,0.09209
CVE-2024-10496,0.00193,0.09209
CVE-2024-10497,0.00559,0.45381
CVE-2024-10498,0.00436,0.37398
CVE-2024-10499,0.00613,0.48035
CVE-2024-10500,0.00571,0.46015
CVE-2024-10501,0.00571,0.46015
CVE-2024-10502,0.00571,0.46015
CVE-2024-10503,0.00316,0.24755
CVE-2024-10504,0.0033,0.26393
CVE-2024-10505,0.00713,0.52251
CVE-2024-10506,0.00609,0.47829
CVE-2024-10507,0.00797,0.5501
CVE-2024-10508,0.01518,0.7346
CVE-2024-10509,0.00797,0.55011
CVE-2024-10510,0.00379,0.31864
CVE-2024-10511,0.00972,0.60504
CVE-2024-10513,0.00876,0.57514
CVE-2024-10515,0.00312,0.24276
CVE-2024-10516,0.06436,0.93415
CVE-2024-10517,0.0035,0.28669
CVE-2024-10518,0.0035,0.28669
CVE-2024-10519,0.00505,0.42198
CVE-2024-10520,0.0032,0.25229
CVE-2024-10521,0.00218,0.12492
CVE-2024-10522,0.00599,0.47394
CVE-2024-10523,0.00129,0.0289
CVE-2024-10524,0.01071,0.63433
CVE-2024-10525,0.59489,0.99082
CVE-2024-10526,0.00166,0.06296
CVE-2024-10527,0.00342,0.2785
CVE-2024-10528,0.00579,0.46398
CVE-2024-10529,0.00542,0.44461
CVE-2024-10530,0.0045,0.38475
CVE-2024-10531,0.0054,0.44399
CVE-2024-10532,0.00545,0.44653
CVE-2024-10533,0.0046,0.39194
CVE-2024-10534,0.00372,0.31069
CVE-2024-10535,0.00401,0.34172
CVE-2024-10536,0.00267,0.19059
CVE-2024-10537,0.00376,0.31476
CVE-2024-10538,0.00242,0.15702
CVE-2024-10539,0.00218,0.12468
CVE-2024-10540,0.00583,0.46606
CVE-2024-10542,0.15364,0.96628
CVE-2024-10543,0.00308,0.23853
CVE-2024-10544,0.00518,0.43081
CVE-2024-10545,0.00346,0.2826
CVE-2024-10546,0.00324,0.25716
CVE-2024-10547,0.00853,0.56774
CVE-2024-10548,0.00392,0.33208
CVE-2024-10549,0.00624,0.48601
CVE-2024-10550,0.00624,0.48601
CVE-2024-10551,0.00311,0.24242
CVE-2024-10552,0.00318,0.24926
CVE-2024-10553,0.01587,0.74547
CVE-2024-10554,0.00313,0.24413
CVE-2024-10555,0.00327,0.26083
CVE-2024-10556,0.00746,0.53376
CVE-2024-10557,0.00575,0.46209
CVE-2024-10558,0.00257,0.17701
CVE-2024-10559,0.00388,0.32761
CVE-2024-10560,0.00313,0.24413
CVE-2024-10561,0.00881,0.57646
CVE-2024-10562,0.00416,0.35628
CVE-2024-10563,0.00359,0.29706
CVE-2024-10565,0.00327,0.26031
CVE-2024-10566,0.00327,0.26031
CVE-2024-10567,0.00381,0.32031
CVE-2024-10568,0.00424,0.36334
CVE-2024-10569,0.00648,0.49671
CVE-2024-10570,0.00551,0.44988
CVE-2024-10571,0.04809,0.91568
CVE-2024-10572,0.00675,0.50777
CVE-2024-10573,0.00346,0.28267
CVE-2024-10574,0.00468,0.39746
CVE-2024-10575,0.00647,0.49651
CVE-2024-10576,0.00166,0.06215
CVE-2024-10577,0.00493,0.41442
CVE-2024-10578,0.01394,0.71213
CVE-2024-10579,0.00428,0.3669
CVE-2024-10580,0.0039,0.32967
CVE-2024-10581,0.00167,0.06374
CVE-2024-10582,0.00333,0.2681
CVE-2024-10583,0.00306,0.23571
CVE-2024-10584,0.00293,0.22168
CVE-2024-10585,0.00652,0.49853
CVE-2024-10586,0.02145,0.813
CVE-2024-10587,0.00623,0.48534
CVE-2024-10588,0.00285,0.21253
CVE-2024-10589,0.00487,0.41027
CVE-2024-10590,0.00834,0.56172
CVE-2024-10591,0.00465,0.39497
CVE-2024-10592,0.00816,0.55612
CVE-2024-10593,0.00284,0.21152
CVE-2024-10594,0.00572,0.46053
CVE-2024-10595,0.0056,0.45465
CVE-2024-10596,0.00572,0.46054
CVE-2024-10597,0.00599,0.47413
CVE-2024-10598,0.00531,0.43848
CVE-2024-10599,0.01005,0.61519
CVE-2024-10600,0.06607,0.93554
CVE-2024-10601,0.00572,0.46042
CVE-2024-10602,0.00572,0.46041
CVE-2024-10603,0.00268,0.19195
CVE-2024-10604,0.00231,0.14231
CVE-2024-10605,0.00392,0.33209
CVE-2024-10606,0.00305,0.23447
CVE-2024-10607,0.00698,0.51689
CVE-2024-10608,0.00698,0.51689
CVE-2024-10609,0.00572,0.46042
CVE-2024-10610,0.00535,0.44082
CVE-2024-10611,0.00572,0.46053
CVE-2024-10612,0.00572,0.46053
CVE-2024-10613,0.00572,0.46053
CVE-2024-10614,0.0028,0.20709
CVE-2024-10615,0.00572,0.46042
CVE-2024-10616,0.00572,0.4604
CVE-2024-10617,0.00572,0.46041
CVE-2024-10618,0.00572,0.4604
CVE-2024-10619,0.00572,0.46038
CVE-2024-10620,0.00515,0.42851
CVE-2024-10621,0.00345,0.28105
CVE-2024-10623,0.00454,0.38793
CVE-2024-10624,0.01077,0.63602
CVE-2024-10625,0.01025,0.62125
CVE-2024-10626,0.00931,0.59172
CVE-2024-10627,0.00853,0.56774
CVE-2024-10628,0.00848,0.56611
CVE-2024-10629,0.01666,0.75731
CVE-2024-10630,0.00227,0.13672
CVE-2024-10631,0.00303,0.23302
CVE-2024-10632,0.00317,0.24908
CVE-2024-10633,0.00549,0.44857
CVE-2024-10634,0.00182,0.08049
CVE-2024-10635,0.00294,0.22302
CVE-2024-10636,0.00318,0.24997
CVE-2024-10637,0.00338,0.27366
CVE-2024-10638,0.00402,0.3421
CVE-2024-10639,0.00312,0.24324
CVE-2024-10640,0.0046,0.39157
CVE-2024-10644,0.02819,0.85972
CVE-2024-10645,0.00469,0.39773
CVE-2024-10646,0.00356,0.29424
CVE-2024-10647,0.00299,0.22779
CVE-2024-10648,0.00717,0.524
CVE-2024-10649,0.00291,0.21981
CVE-2024-10650,0.00711,0.52167
CVE-2024-10651,0.00613,0.48018
CVE-2024-10652,0.00314,0.24507
CVE-2024-10653,0.00579,0.4638
CVE-2024-10654,0.01554,0.74076
CVE-2024-10655,0.00572,0.46041
CVE-2024-10656,0.00722,0.52563
CVE-2024-10657,0.00722,0.52563
CVE-2024-10658,0.00722,0.52562
CVE-2024-10659,0.00579,0.46381
CVE-2024-10660,0.05267,0.92194
CVE-2024-10661,0.01163,0.65882
CVE-2024-10662,0.01303,0.69282
CVE-2024-10663,0.0025,0.16718
CVE-2024-10664,0.00274,0.20059
CVE-2024-10665,0.00283,0.21058
CVE-2024-10666,0.00447,0.38283
CVE-2024-10667,0.00308,0.23853
CVE-2024-10668,0.0039,0.33032
CVE-2024-10669,0.00308,0.23854
CVE-2024-10670,0.00365,0.30355
CVE-2024-10671,0.00513,0.42742
CVE-2024-10672,0.00498,0.41725
CVE-2024-10673,0.01179,0.6634
CVE-2024-10674,0.01732,0.7664
CVE-2024-10675,0.00454,0.38793
CVE-2024-10676,0.0027,0.19519
CVE-2024-10677,0.00182,0.08048
CVE-2024-10678,0.00295,0.22337
CVE-2024-10679,0.00327,0.26031
CVE-2024-10680,0.00267,0.19134
CVE-2024-10681,0.00373,0.31254
CVE-2024-10682,0.00599,0.47394
CVE-2024-10683,0.00378,0.3168
CVE-2024-10684,0.00386,0.32582
CVE-2024-10685,0.00299,0.22808
CVE-2024-10687,0.00631,0.48893
CVE-2024-10688,0.00302,0.23133
CVE-2024-10689,0.00336,0.27068
CVE-2024-10690,0.00302,0.23172
CVE-2024-10692,0.00302,0.23133
CVE-2024-10693,0.00308,0.23853
CVE-2024-10695,0.00309,0.23898
CVE-2024-10696,0.00497,0.41683
CVE-2024-10697,0.26166,0.97904
CVE-2024-10698,0.01283,0.68825
CVE-2024-10699,0.00698,0.51687
CVE-2024-10700,0.00572,0.4604
CVE-2024-10701,0.00429,0.36788
CVE-2024-10702,0.00614,0.48071
CVE-2024-10703,0.00269,0.19273
CVE-2024-10704,0.00379,0.31864
CVE-2024-10705,0.00342,0.27857
CVE-2024-10706,0.0032,0.25258
CVE-2024-10707,0.00727,0.52751
CVE-2024-10708,0.02058,0.80488
CVE-2024-10709,0.00692,0.51468
CVE-2024-10710,0.00394,0.33496
CVE-2024-10711,0.00289,0.21771
CVE-2024-10713,0.00519,0.43104
CVE-2024-10714,0.00624,0.48601
CVE-2024-10715,0.00263,0.18493
CVE-2024-10716,0.00215,0.12204
CVE-2024-10717,0.00409,0.34919
CVE-2024-10718,0.00331,0.2644
CVE-2024-10719,0.0034,0.27568
CVE-2024-10720,0.00386,0.32529
CVE-2024-10721,0.00343,0.27899
CVE-2024-10722,0.00343,0.27898
CVE-2024-10723,0.00343,0.27898
CVE-2024-10724,0.00343,0.27898
CVE-2024-10725,0.00343,0.27899
CVE-2024-10726,0.0028,0.20781
CVE-2024-10727,0.00346,0.28253
CVE-2024-10728,0.38164,0.98495
CVE-2024-10729,0.00531,0.43839
CVE-2024-10730,0.00517,0.4302
CVE-2024-10731,0.00549,0.44879
CVE-2024-10732,0.00517,0.4302
CVE-2024-10733,0.00652,0.49874
CVE-2024-10734,0.00534,0.44073
CVE-2024-10735,0.00534,0.44073
CVE-2024-10736,0.00604,0.4764
CVE-2024-10737,0.00646,0.49604
CVE-2024-10738,0.00534,0.44072
CVE-2024-10739,0.00652,0.49875
CVE-2024-10740,0.00553,0.45089
CVE-2024-10741,0.00661,0.50232
CVE-2024-10742,0.00423,0.36255
CVE-2024-10743,0.00377,0.31652
CVE-2024-10744,0.00377,0.31651
CVE-2024-10745,0.00377,0.3165
CVE-2024-10746,0.00377,0.31651
CVE-2024-10747,0.00377,0.31652
CVE-2024-10748,0.00263,0.18409
CVE-2024-10749,0.00532,0.43951
CVE-2024-10750,0.00879,0.57584
CVE-2024-10751,0.00551,0.44966
CVE-2024-10752,0.00612,0.47994
CVE-2024-10753,0.00389,0.32907
CVE-2024-10754,0.00404,0.34452
CVE-2024-10755,0.00404,0.34453
CVE-2024-10756,0.00404,0.34452
CVE-2024-10757,0.00429,0.3675
CVE-2024-10758,0.01426,0.71803
CVE-2024-10759,0.00544,0.44613
CVE-2024-10760,0.00452,0.38651
CVE-2024-10761,0.00574,0.46166
CVE-2024-10762,0.00539,0.4432
CVE-2024-10763,0.03655,0.89127
CVE-2024-10764,0.00534,0.44053
CVE-2024-10765,0.00534,0.44052
CVE-2024-10766,0.00543,0.44543
CVE-2024-10768,0.00389,0.32859
CVE-2024-10770,0.00308,0.23853
CVE-2024-10771,0.01105,0.64365
CVE-2024-10772,0.00344,0.28013
CVE-2024-10773,0.00592,0.47044
CVE-2024-10774,0.00457,0.38985
CVE-2024-10775,0.003,0.22923
CVE-2024-10776,0.00502,0.41997
CVE-2024-10777,0.00318,0.24999
CVE-2024-10778,0.00482,0.4073
CVE-2024-10779,0.00311,0.24237
CVE-2024-10780,0.00387,0.32696
CVE-2024-10781,0.03713,0.89286
CVE-2024-10782,0.00468,0.39739
CVE-2024-10783,0.02353,0.82986
CVE-2024-10784,0.00354,0.29238
CVE-2024-10785,0.00414,0.35387
CVE-2024-10786,0.00343,0.27888
CVE-2024-10787,0.00318,0.24998
CVE-2024-10788,0.00788,0.54735
CVE-2024-10789,0.00172,0.06922
CVE-2024-10790,0.00314,0.24588
CVE-2024-10791,0.00604,0.47639
CVE-2024-10792,0.00607,0.47758
CVE-2024-10793,0.01369,0.70711
CVE-2024-10794,0.00503,0.42076
CVE-2024-10795,0.00327,0.26065
CVE-2024-10796,0.00469,0.39772
CVE-2024-10797,0.003,0.22963
CVE-2024-10798,0.00387,0.32696
CVE-2024-10799,0.00741,0.53206
CVE-2024-10800,0.00818,0.55687
CVE-2024-10801,0.00853,0.56774
CVE-2024-10802,0.0063,0.48857
CVE-2024-10803,0.00943,0.59556
CVE-2024-10804,0.00772,0.54213
CVE-2024-10805,0.00545,0.44646
CVE-2024-10806,0.00413,0.35348
CVE-2024-10807,0.00413,0.35348
CVE-2024-10808,0.00502,0.42029
CVE-2024-10809,0.00502,0.42029
CVE-2024-10810,0.0047,0.39831
CVE-2024-10811,0.03593,0.88933
CVE-2024-10812,0.00578,0.46353
CVE-2024-10813,0.00577,0.46303
CVE-2024-10814,0.00318,0.24929
CVE-2024-10815,0.0028,0.20759
CVE-2024-10816,0.01121,0.64782
CVE-2024-10818,0.00305,0.23478
CVE-2024-10819,0.00236,0.1494
CVE-2024-10820,0.01207,0.67031
CVE-2024-10821,0.00629,0.48809
CVE-2024-10824,0.00344,0.27996
CVE-2024-10825,0.00348,0.28531
CVE-2024-10826,0.00551,0.44986
CVE-2024-10827,0.00644,0.49479
CVE-2024-10828,0.01459,0.7242
CVE-2024-10829,0.00717,0.52407
CVE-2024-10830,0.00717,0.524
CVE-2024-10831,0.00823,0.55823
CVE-2024-10832,0.0037,0.30903
CVE-2024-10833,0.00823,0.55823
CVE-2024-10834,0.00624,0.48601
CVE-2024-10835,0.01183,0.66445
CVE-2024-10836,0.0037,0.30903
CVE-2024-10837,0.00378,0.3168
CVE-2024-10838,0.0093,0.59122
CVE-2024-10839,0.02385,0.83197
CVE-2024-10840,0.00363,0.30182
CVE-2024-10841,0.00422,0.36173
CVE-2024-10842,0.00413,0.35302
CVE-2024-10844,0.00929,0.59092
CVE-2024-10845,0.00929,0.59091
CVE-2024-10846,0.00227,0.13704
CVE-2024-10847,0.00268,0.19181
CVE-2024-10848,0.00261,0.1825
CVE-2024-10849,0.00267,0.19043
CVE-2024-10850,0.00493,0.41442
CVE-2024-10851,0.00504,0.42149
CVE-2024-10852,0.00398,0.33856
CVE-2024-10853,0.00354,0.29155
CVE-2024-10854,0.00377,0.31638
CVE-2024-10855,0.00544,0.44582
CVE-2024-10856,0.00486,0.41004
CVE-2024-10857,0.0076,0.53847
CVE-2024-10858,0.00355,0.29341
CVE-2024-10860,0.00268,0.19192
CVE-2024-10861,0.00388,0.32813
CVE-2024-10862,0.00589,0.46915
CVE-2024-10863,0.00463,0.39413
CVE-2024-10864,0.00291,0.21942
CVE-2024-10865,0.00406,0.34646
CVE-2024-10866,0.0035,0.28751
CVE-2024-10867,0.00301,0.22983
CVE-2024-10868,0.00445,0.38111
CVE-2024-10869,0.00465,0.39474
CVE-2024-10871,0.00787,0.54681
CVE-2024-10872,0.00314,0.24588
CVE-2024-10873,0.01089,0.63934
CVE-2024-10874,0.00436,0.37346
CVE-2024-10875,0.00391,0.33055
CVE-2024-10876,0.0037,0.30853
CVE-2024-10877,0.00575,0.46223
CVE-2024-10878,0.00455,0.38841
CVE-2024-10879,0.00397,0.33766
CVE-2024-10880,0.00475,0.40244
CVE-2024-10881,0.00261,0.18249
CVE-2024-10882,0.00494,0.41483
CVE-2024-10883,0.00373,0.31199
CVE-2024-10884,0.00383,0.32182
CVE-2024-10885,0.00296,0.22534
CVE-2024-10886,0.00338,0.27303
CVE-2024-10887,0.00459,0.39084
CVE-2024-10890,0.00587,0.46822
CVE-2024-10891,0.00277,0.2043
CVE-2024-10892,0.00182,0.08053
CVE-2024-10893,0.00312,0.24276
CVE-2024-10894,0.00332,0.26675
CVE-2024-10895,0.00239,0.15211
CVE-2024-10896,0.00381,0.31958
CVE-2024-10897,0.00312,0.24365
CVE-2024-10898,0.01302,0.69255
CVE-2024-10899,0.00608,0.47804
CVE-2024-10900,0.00476,0.4033
CVE-2024-10901,0.01095,0.64115
CVE-2024-10902,0.01313,0.69469
CVE-2024-10903,0.00353,0.29109
CVE-2024-10904,0.0026,0.18109
CVE-2024-10905,0.0094,0.59449
CVE-2024-10906,0.00244,0.15862
CVE-2024-10907,0.00687,0.51283
CVE-2024-10908,0.00775,0.54327
CVE-2024-10909,0.00457,0.38997
CVE-2024-10910,0.00599,0.47385
CVE-2024-10912,0.00624,0.486
CVE-2024-10913,0.00659,0.50143
CVE-2024-10914,0.96284,0.99878
CVE-2024-10915,0.79619,0.99588
CVE-2024-10916,0.01504,0.7323
CVE-2024-10917,0.00414,0.35433
CVE-2024-10918,0.00557,0.45295
CVE-2024-10919,0.05135,0.92032
CVE-2024-10920,0.00453,0.38675
CVE-2024-10921,0.00553,0.45066
CVE-2024-10923,0.00274,0.20032
CVE-2024-10924,0.82025,0.99637
CVE-2024-10925,0.00332,0.26677
CVE-2024-10926,0.00325,0.25823
CVE-2024-10927,0.00418,0.35829
CVE-2024-10928,0.00394,0.3342
CVE-2024-10929,0.00168,0.06531
CVE-2024-10930,0.00367,0.30613
CVE-2024-10932,0.00804,0.55227
CVE-2024-10933,0.0027,0.19446
CVE-2024-10934,0.00436,0.37401
CVE-2024-10935,0.00819,0.55705
CVE-2024-10936,0.01107,0.64416
CVE-2024-10937,0.0036,0.29847
CVE-2024-10938,0.00307,0.23727
CVE-2024-10939,0.00332,0.26666
CVE-2024-10940,0.00388,0.32828
CVE-2024-10941,0.00405,0.34591
CVE-2024-10942,0.00569,0.45886
CVE-2024-10943,0.00484,0.4084
CVE-2024-10944,0.0051,0.42554
CVE-2024-10945,0.00177,0.07504
CVE-2024-10946,0.00566,0.45765
CVE-2024-10947,0.00566,0.45765
CVE-2024-10948,0.00839,0.56344
CVE-2024-10950,0.01508,0.73303
CVE-2024-10952,0.00577,0.46295
CVE-2024-10953,0.00307,0.23709
CVE-2024-10954,0.01508,0.73304
CVE-2024-10955,0.00735,0.53022
CVE-2024-10956,0.00346,0.28217
CVE-2024-10957,0.00718,0.5242
CVE-2024-10958,0.01644,0.75413
CVE-2024-10959,0.00577,0.46296
CVE-2024-10960,0.00909,0.58452
CVE-2024-10961,0.01204,0.66938
CVE-2024-10962,0.00654,0.49926
CVE-2024-10963,0.00781,0.54505
CVE-2024-10964,0.00656,0.50029
CVE-2024-10965,0.00477,0.40338
CVE-2024-10966,0.03235,0.87735
CVE-2024-10967,0.0075,0.53505
CVE-2024-10968,0.00698,0.5169
CVE-2024-10969,0.00652,0.49873
CVE-2024-10970,0.00328,0.26179
CVE-2024-10971,0.00524,0.43454
CVE-2024-10972,0.00163,0.05923
CVE-2024-10973,0.00266,0.19029
CVE-2024-10975,0.0045,0.38461
CVE-2024-10976,0.00769,0.54135
CVE-2024-10977,0.00372,0.31146
CVE-2024-10978,0.0069,0.51393
CVE-2024-10979,0.04393,0.90884
CVE-2024-10980,0.00359,0.29688
CVE-2024-10986,0.00817,0.55655
CVE-2024-10987,0.00435,0.37333
CVE-2024-10988,0.00633,0.48997
CVE-2024-10989,0.00435,0.37333
CVE-2024-10990,0.00545,0.44645
CVE-2024-10991,0.00698,0.5169
CVE-2024-10993,0.00741,0.53192
CVE-2024-10994,0.00681,0.51044
CVE-2024-10995,0.00698,0.51684
CVE-2024-10996,0.00698,0.51684
CVE-2024-10997,0.00572,0.46039
CVE-2024-10998,0.00698,0.51684
CVE-2024-10999,0.00581,0.465
CVE-2024-11000,0.00581,0.465
CVE-2024-11002,0.00594,0.47118
CVE-2024-11003,0.11468,0.95823
CVE-2024-11004,0.00853,0.56793
CVE-2024-11005,0.01641,0.75369
CVE-2024-11006,0.01641,0.7537
CVE-2024-11007,0.01641,0.75369
CVE-2024-11008,0.00376,0.31537
CVE-2024-11009,0.00439,0.37656
CVE-2024-11010,0.00854,0.56817
CVE-2024-11012,0.00485,0.40878
CVE-2024-11013,0.01101,0.64263
CVE-2024-11014,0.00182,0.08023
CVE-2024-11015,0.00807,0.55341
CVE-2024-11016,0.00558,0.45334
CVE-2024-11017,0.00767,0.5408
CVE-2024-11018,0.00833,0.56147
CVE-2024-11019,0.00333,0.26711
CVE-2024-11020,0.00468,0.39739
CVE-2024-11021,0.00286,0.21404
CVE-2024-11022,0.00411,0.35067
CVE-2024-11023,0.00127,0.02687
CVE-2024-11024,0.00698,0.51698
CVE-2024-11025,0.00243,0.15752
CVE-2024-11026,0.00639,0.49233
CVE-2024-11028,0.01301,0.69236
CVE-2024-11029,0.00231,0.1415
CVE-2024-11030,0.00654,0.49957
CVE-2024-11031,0.00654,0.49957
CVE-2024-11032,0.00461,0.39242
CVE-2024-11033,0.00729,0.52818
CVE-2024-11034,0.00757,0.5374
CVE-2024-11035,0.00156,0.05122
CVE-2024-11036,0.00733,0.52944
CVE-2024-11037,0.01053,0.62937
CVE-2024-11038,0.00595,0.47142
CVE-2024-11039,0.02106,0.80966
CVE-2024-11041,0.01555,0.7409
CVE-2024-11042,0.01534,0.7372
CVE-2024-11043,0.00705,0.51959
CVE-2024-11044,0.00821,0.55793
CVE-2024-11045,0.0041,0.34958
CVE-2024-11046,0.04371,0.90849
CVE-2024-11047,0.01209,0.67094
CVE-2024-11048,0.01209,0.67094
CVE-2024-11049,0.00435,0.37275
CVE-2024-11050,0.00389,0.32908
CVE-2024-11051,0.00542,0.44463
CVE-2024-11052,0.0032,0.25229
CVE-2024-11053,0.01348,0.70268
CVE-2024-11054,0.00527,0.43646
CVE-2024-11055,0.00646,0.49603
CVE-2024-11056,0.01082,0.63744
CVE-2024-11057,0.00646,0.49602
CVE-2024-11058,0.00522,0.43289
CVE-2024-11059,0.00509,0.42451
CVE-2024-11060,0.00324,0.25756
CVE-2024-11061,0.01237,0.67783
CVE-2024-11062,0.01363,0.70597
CVE-2024-11063,0.01363,0.70597
CVE-2024-11064,0.01363,0.70597
CVE-2024-11065,0.01363,0.70597
CVE-2024-11066,0.01787,0.77383
CVE-2024-11067,0.01274,0.68647
CVE-2024-11068,0.01166,0.65969
CVE-2024-11069,0.00445,0.38127
CVE-2024-11070,0.00378,0.31693
CVE-2024-11071,0.00196,0.09636
CVE-2024-11073,0.00566,0.45767
CVE-2024-11074,0.00572,0.46043
CVE-2024-11075,0.00208,0.1123
CVE-2024-11076,0.00572,0.4604
CVE-2024-11077,0.00652,0.49874
CVE-2024-11078,0.00413,0.35289
CVE-2024-11079,0.00499,0.41784
CVE-2024-11080,0.00441,0.3773
CVE-2024-11082,0.01197,0.66783
CVE-2024-11083,0.0041,0.34964
CVE-2024-11084,0.00456,0.38919
CVE-2024-11085,0.00324,0.25754
CVE-2024-11087,0.00458,0.39017
CVE-2024-11088,0.00627,0.48733
CVE-2024-11089,0.00567,0.45824
CVE-2024-11090,0.00455,0.38875
CVE-2024-11091,0.00402,0.34208
CVE-2024-11092,0.00333,0.26711
CVE-2024-11093,0.00259,0.1786
CVE-2024-11094,0.00385,0.32401
CVE-2024-11095,0.00301,0.2297
CVE-2024-11096,0.00464,0.39444
CVE-2024-11097,0.00277,0.20433
CVE-2024-11098,0.00362,0.30024
CVE-2024-11099,0.00604,0.4764
CVE-2024-11100,0.00604,0.47639
CVE-2024-11101,0.00525,0.43512
CVE-2024-11102,0.00426,0.36533
CVE-2024-11103,0.00768,0.5411
CVE-2024-11104,0.007,0.51754
CVE-2024-11106,0.00384,0.32357
CVE-2024-11107,0.00342,0.27782
CVE-2024-11108,0.00321,0.25381
CVE-2024-11109,0.00312,0.24314
CVE-2024-11110,0.00363,0.30133
CVE-2024-11111,0.00436,0.3735
CVE-2024-11112,0.00408,0.34864
CVE-2024-11113,0.00402,0.34286
CVE-2024-11114,0.00402,0.34247
CVE-2024-11115,0.00425,0.36455
CVE-2024-11116,0.00414,0.35379
CVE-2024-11117,0.00316,0.24748
CVE-2024-11118,0.00284,0.21211
CVE-2024-11119,0.00419,0.35909
CVE-2024-11120,0.28386,0.9804
CVE-2024-11121,0.00607,0.47754
CVE-2024-11122,0.00589,0.46871
CVE-2024-11123,0.01038,0.6248
CVE-2024-11124,0.00387,0.32652
CVE-2024-11125,0.00377,0.31656
CVE-2024-11126,0.00292,0.22034
CVE-2024-11127,0.00509,0.4248
CVE-2024-11128,0.00164,0.06041
CVE-2024-11129,0.00364,0.30214
CVE-2024-11130,0.00296,0.22507
CVE-2024-11131,0.00772,0.54216
CVE-2024-11132,0.00254,0.17316
CVE-2024-11133,0.00342,0.27887
CVE-2024-11134,0.00317,0.24906
CVE-2024-11135,0.00462,0.39347
CVE-2024-11136,0.0025,0.16633
CVE-2024-11137,0.00558,0.45327
CVE-2024-11138,0.02606,0.84724
CVE-2024-11139,0.00228,0.13841
CVE-2024-11140,0.00317,0.24907
CVE-2024-11141,0.00169,0.06598
CVE-2024-11142,0.00195,0.09519
CVE-2024-11143,0.00249,0.16578
CVE-2024-11144,0.00347,0.2837
CVE-2024-11145,0.01003,0.6149
CVE-2024-11146,0.00329,0.26306
CVE-2024-11147,0.00401,0.34186
CVE-2024-11148,0.00439,0.37627
CVE-2024-11149,0.00135,0.03322
CVE-2024-11150,0.01389,0.71129
CVE-2024-11153,0.00409,0.3492
CVE-2024-11154,0.00362,0.30095
CVE-2024-11155,0.00233,0.14431
CVE-2024-11156,0.00243,0.15809
CVE-2024-11157,0.00235,0.14689
CVE-2024-11158,0.00232,0.14314
CVE-2024-11159,0.00294,0.22263
CVE-2024-11165,0.00138,0.03581
CVE-2024-11166,0.0028,0.20794
CVE-2024-11167,0.00548,0.4481
CVE-2024-11168,0.00656,0.50027
CVE-2024-11169,0.00917,0.58715
CVE-2024-11170,0.01814,0.77753
CVE-2024-11171,0.00534,0.44066
CVE-2024-11172,0.00917,0.58715
CVE-2024-11173,0.00866,0.57174
CVE-2024-11175,0.00499,0.41823
CVE-2024-11176,0.00398,0.33837
CVE-2024-11178,0.00652,0.49859
CVE-2024-11179,0.00456,0.38937
CVE-2024-11180,0.00264,0.18652
CVE-2024-11181,0.00498,0.41743
CVE-2024-11182,0.17705,0.97024
CVE-2024-11183,0.00351,0.28843
CVE-2024-11184,0.00416,0.35612
CVE-2024-11185,0.00264,0.18575
CVE-2024-11186,0.00751,0.53549
CVE-2024-11187,0.16734,0.96896
CVE-2024-11188,0.00402,0.34246
CVE-2024-11189,0.00312,0.24322
CVE-2024-11190,0.0032,0.25214
CVE-2024-11192,0.00419,0.35909
CVE-2024-11193,0.00324,0.2574
CVE-2024-11194,0.00564,0.45696
CVE-2024-11195,0.0037,0.30853
CVE-2024-11196,0.0045,0.38498
CVE-2024-11197,0.00418,0.35773
CVE-2024-11198,0.0037,0.30854
CVE-2024-11199,0.01007,0.61574
CVE-2024-11200,0.0033,0.26359
CVE-2024-11201,0.00874,0.57439
CVE-2024-11202,0.00599,0.4741
CVE-2024-11203,0.00373,0.31227
CVE-2024-11204,0.00349,0.28649
CVE-2024-11205,0.00728,0.52776
CVE-2024-11206,0.00382,0.32135
CVE-2024-11207,0.00358,0.29671
CVE-2024-11208,0.00751,0.53548
CVE-2024-11209,0.0062,0.48375
CVE-2024-11210,0.00639,0.4923
CVE-2024-11211,0.00616,0.48175
CVE-2024-11212,0.00679,0.50974
CVE-2024-11213,0.00539,0.44338
CVE-2024-11214,0.00662,0.50291
CVE-2024-11215,0.00759,0.53812
CVE-2024-11216,0.00302,0.23188
CVE-2024-11217,0.00369,0.3074
CVE-2024-11218,0.00365,0.30353
CVE-2024-11219,0.00514,0.42787
CVE-2024-11220,0.00152,0.04692
CVE-2024-11221,0.00344,0.28038
CVE-2024-11222,0.00281,0.20871
CVE-2024-11223,0.00502,0.42002
CVE-2024-11224,0.0037,0.30853
CVE-2024-11225,0.0052,0.43216
CVE-2024-11226,0.00344,0.28065
CVE-2024-11227,0.00472,0.40004
CVE-2024-11228,0.00445,0.38098
CVE-2024-11229,0.00468,0.39733
CVE-2024-11230,0.00306,0.23598
CVE-2024-11231,0.00445,0.38098
CVE-2024-11233,0.01607,0.74852
CVE-2024-11234,0.01108,0.6446
CVE-2024-11235,0.01457,0.72371
CVE-2024-11236,0.02065,0.80558
CVE-2024-11237,0.05325,0.92252
CVE-2024-11238,0.05747,0.92733
CVE-2024-11239,0.01545,0.73909
CVE-2024-11240,0.00423,0.36252
CVE-2024-11241,0.00623,0.4855
CVE-2024-11242,0.00569,0.4588
CVE-2024-11243,0.00635,0.49074
CVE-2024-11244,0.00722,0.52563
CVE-2024-11245,0.00565,0.45743
CVE-2024-11246,0.00525,0.43493
CVE-2024-11247,0.00466,0.39567
CVE-2024-11248,0.0126,0.68354
CVE-2024-11250,0.00716,0.52346
CVE-2024-11251,0.00533,0.43955
CVE-2024-11252,0.00903,0.58266
CVE-2024-11253,0.0106,0.63105
CVE-2024-11254,0.00277,0.20439
CVE-2024-11256,0.00707,0.52016
CVE-2024-11257,0.00746,0.53375
CVE-2024-11258,0.00807,0.55362
CVE-2024-11259,0.00429,0.3675
CVE-2024-11260,0.00599,0.47375
CVE-2024-11261,0.00258,0.17742
CVE-2024-11262,0.00412,0.35185
CVE-2024-11263,0.00165,0.06136
CVE-2024-11265,0.00614,0.48111
CVE-2024-11266,0.00312,0.24313
CVE-2024-11267,0.00561,0.45529
CVE-2024-11268,0.0017,0.06701
CVE-2024-11269,0.00562,0.45551
CVE-2024-11270,0.0091,0.58496
CVE-2024-11271,0.00433,0.37127
CVE-2024-11272,0.00269,0.19272
CVE-2024-11273,0.00269,0.19272
CVE-2024-11274,0.00462,0.39306
CVE-2024-11275,0.00336,0.27098
CVE-2024-11276,0.00293,0.22134
CVE-2024-11277,0.00318,0.24938
CVE-2024-11278,0.00387,0.32696
CVE-2024-11279,0.00531,0.4388
CVE-2024-11280,0.00422,0.36145
CVE-2024-11281,0.01513,0.73387
CVE-2024-11282,0.00404,0.34517
CVE-2024-11283,0.00431,0.36943
CVE-2024-11284,0.00526,0.43583
CVE-2024-11285,0.00427,0.36583
CVE-2024-11286,0.0063,0.48828
CVE-2024-11287,0.00355,0.29295
CVE-2024-11289,0.00695,0.5157
CVE-2024-11290,0.00455,0.38862
CVE-2024-11291,0.00466,0.39575
CVE-2024-11292,0.00452,0.38659
CVE-2024-11293,0.00513,0.42742
CVE-2024-11294,0.00473,0.40133
CVE-2024-11295,0.00461,0.39239
CVE-2024-11297,0.00602,0.47516
CVE-2024-11299,0.00351,0.28832
CVE-2024-11300,0.00713,0.52224
CVE-2024-11301,0.00582,0.46523
CVE-2024-11302,0.00228,0.13849
CVE-2024-11303,0.01783,0.77334
CVE-2024-11304,0.00531,0.43852
CVE-2024-11305,0.0367,0.89171
CVE-2024-11306,0.00548,0.44798
CVE-2024-11308,0.00154,0.04918
CVE-2024-11309,0.00678,0.50942
CVE-2024-11310,0.00678,0.50943
CVE-2024-11311,0.01388,0.71118
CVE-2024-11312,0.01388,0.71119
CVE-2024-11313,0.01388,0.71118
CVE-2024-11314,0.01388,0.71118
CVE-2024-11315,0.01388,0.71118
CVE-2024-11316,0.00616,0.48161
CVE-2024-11317,0.00426,0.36538
CVE-2024-11318,0.00909,0.58465
CVE-2024-11319,0.0051,0.42576
CVE-2024-11320,0.91046,0.99804
CVE-2024-11321,0.00314,0.24565
CVE-2024-11322,0.00621,0.4843
CVE-2024-11323,0.00431,0.36939
CVE-2024-11324,0.00354,0.29138
CVE-2024-11325,0.00988,0.60988
CVE-2024-11326,0.00354,0.29138
CVE-2024-11327,0.00352,0.28975
CVE-2024-11328,0.00489,0.41171
CVE-2024-11329,0.00357,0.29512
CVE-2024-11330,0.00458,0.39069
CVE-2024-11331,0.00363,0.30149
CVE-2024-11332,0.00308,0.23861
CVE-2024-11333,0.00318,0.24995
CVE-2024-11334,0.00612,0.48009
CVE-2024-11335,0.0033,0.2633
CVE-2024-11336,0.00155,0.05023
CVE-2024-11337,0.00391,0.33081
CVE-2024-11338,0.00328,0.26186
CVE-2024-11339,0.00261,0.1825
CVE-2024-11341,0.00171,0.06826
CVE-2024-11342,0.00221,0.12931
CVE-2024-11343,0.00671,0.50618
CVE-2024-11344,0.00456,0.38882
CVE-2024-11345,0.00456,0.38882
CVE-2024-11346,0.00448,0.38331
CVE-2024-11347,0.00434,0.37224
CVE-2024-11348,0.00393,0.33319
CVE-2024-11349,0.01229,0.6762
CVE-2024-11350,0.00698,0.51691
CVE-2024-11351,0.00385,0.324
CVE-2024-11352,0.00298,0.22674
CVE-2024-11353,0.00313,0.24411
CVE-2024-11354,0.00555,0.45159
CVE-2024-11355,0.00472,0.40025
CVE-2024-11356,0.00355,0.29321
CVE-2024-11357,0.00317,0.24876
CVE-2024-11358,0.00122,0.02256
CVE-2024-11359,0.00393,0.33282
CVE-2024-11360,0.00755,0.53662
CVE-2024-11361,0.00432,0.37047
CVE-2024-11362,0.00449,0.38408
CVE-2024-11363,0.00354,0.2917
CVE-2024-11364,0.00347,0.28346
CVE-2024-11365,0.0059,0.46935
CVE-2024-11366,0.00445,0.3814
CVE-2024-11367,0.00362,0.30054
CVE-2024-11368,0.00391,0.33061
CVE-2024-11369,0.00368,0.30651
CVE-2024-11370,0.00602,0.4753
CVE-2024-11371,0.00598,0.47344
CVE-2024-11372,0.00592,0.47043
CVE-2024-11373,0.00182,0.08049
CVE-2024-11374,0.00282,0.21021
CVE-2024-11375,0.00347,0.2833
CVE-2024-11376,0.0043,0.36803
CVE-2024-11377,0.00477,0.4039
CVE-2024-11378,0.00347,0.2833
CVE-2024-11379,0.00327,0.26049
CVE-2024-11380,0.00238,0.15181
CVE-2024-11381,0.00777,0.54388
CVE-2024-11382,0.00309,0.23976
CVE-2024-11383,0.00309,0.23976
CVE-2024-11384,0.00257,0.17655
CVE-2024-11385,0.00405,0.34594
CVE-2024-11386,0.00318,0.24952
CVE-2024-11387,0.00733,0.52956
CVE-2024-11388,0.01143,0.65313
CVE-2024-11390,0.0033,0.26347
CVE-2024-11391,0.00701,0.51793
CVE-2024-11392,0.07262,0.94073
CVE-2024-11393,0.03074,0.87097
CVE-2024-11394,0.02566,0.84461
CVE-2024-11395,0.00419,0.35906
CVE-2024-11396,0.02015,0.80056
CVE-2024-11398,0.00645,0.49549
CVE-2024-11399,0.00112,0.01549
CVE-2024-11400,0.00323,0.25629
CVE-2024-11401,0.00337,0.27174
CVE-2024-11402,0.00334,0.2687
CVE-2024-11403,0.00631,0.48891
CVE-2024-11404,0.00357,0.29524
CVE-2024-11405,0.0022,0.12749
CVE-2024-11406,0.00469,0.39765
CVE-2024-11407,0.00577,0.46302
CVE-2024-11408,0.00345,0.28105
CVE-2024-11409,0.01094,0.64102
CVE-2024-11410,0.0036,0.29785
CVE-2024-11411,0.00345,0.28115
CVE-2024-11412,0.00959,0.60027
CVE-2024-11413,0.0045,0.38452
CVE-2024-11414,0.0043,0.36825
CVE-2024-11415,0.00312,0.2438
CVE-2024-11416,0.00269,0.19302
CVE-2024-11417,0.00223,0.13179
CVE-2024-11418,0.00353,0.29022
CVE-2024-11419,0.00218,0.12558
CVE-2024-11420,0.00256,0.17575
CVE-2024-11422,0.0037,0.30878
CVE-2024-11423,0.00782,0.54518
CVE-2024-11424,0.00519,0.43129
CVE-2024-11425,0.00628,0.48762
CVE-2024-11426,0.00427,0.36557
CVE-2024-11427,0.00451,0.38592
CVE-2024-11428,0.01134,0.65096
CVE-2024-11429,0.00695,0.5159
CVE-2024-11430,0.00538,0.44274
CVE-2024-11431,0.0042,0.35947
CVE-2024-11432,0.0123,0.67655
CVE-2024-11433,0.00384,0.32294
CVE-2024-11434,0.00354,0.29169
CVE-2024-11435,0.00546,0.44699
CVE-2024-11436,0.00293,0.22096
CVE-2024-11437,0.005,0.41901
CVE-2024-11438,0.00406,0.34611
CVE-2024-11439,0.00345,0.28114
CVE-2024-11440,0.00536,0.44178
CVE-2024-11441,0.00391,0.33084
CVE-2024-11442,0.0045,0.38452
CVE-2024-11443,0.00514,0.42843
CVE-2024-11444,0.00221,0.12884
CVE-2024-11445,0.00424,0.36319
CVE-2024-11446,0.00449,0.38407
CVE-2024-11447,0.00564,0.45703
CVE-2024-11449,0.00686,0.51254
CVE-2024-11450,0.00261,0.18204
CVE-2024-11451,0.00326,0.25945
CVE-2024-11452,0.00337,0.27206
CVE-2024-11453,0.0029,0.21845
CVE-2024-11454,0.00195,0.09462
CVE-2024-11455,0.00405,0.34571
CVE-2024-11456,0.00428,0.36644
CVE-2024-11457,0.00293,0.22097
CVE-2024-11458,0.00455,0.38821
CVE-2024-11459,0.00392,0.33229
CVE-2024-11460,0.00517,0.42991
CVE-2024-11461,0.00357,0.29511
CVE-2024-11462,0.00387,0.32642
CVE-2024-11463,0.00364,0.30251
CVE-2024-11464,0.00293,0.22097
CVE-2024-11465,0.00973,0.60584
CVE-2024-11466,0.00364,0.30325
CVE-2024-11467,0.00188,0.08678
CVE-2024-11468,0.00169,0.06621
CVE-2024-11477,0.22561,0.97612
CVE-2024-11479,0.0039,0.3298
CVE-2024-11481,0.00442,0.37841
CVE-2024-11482,0.02527,0.84207
CVE-2024-11483,0.00528,0.43677
CVE-2024-11484,0.00385,0.32483
CVE-2024-11485,0.0032,0.25186
CVE-2024-11486,0.00311,0.24116
CVE-2024-11487,0.00421,0.36135
CVE-2024-11488,0.00317,0.24895
CVE-2024-11489,0.00317,0.24853
CVE-2024-11490,0.00317,0.24895
CVE-2024-11491,0.00312,0.24358
CVE-2024-11492,0.00383,0.32237
CVE-2024-11493,0.00419,0.35875
CVE-2024-11494,0.00676,0.50856
CVE-2024-11495,0.00145,0.04138
CVE-2024-11496,0.00332,0.26635
CVE-2024-11497,0.00384,0.32322
CVE-2024-11498,0.00603,0.47594
CVE-2024-11499,0.0024,0.15408
CVE-2024-11501,0.00623,0.48534
CVE-2024-11502,0.0031,0.24111
CVE-2024-11503,0.00269,0.19272
CVE-2024-11504,0.00426,0.36478
CVE-2024-11506,0.00438,0.37553
CVE-2024-11507,0.00379,0.31814
CVE-2024-11508,0.00379,0.31814
CVE-2024-11509,0.00385,0.32482
CVE-2024-11510,0.00352,0.28945
CVE-2024-11511,0.00352,0.28945
CVE-2024-11512,0.00388,0.32821
CVE-2024-11513,0.00436,0.37372
CVE-2024-11514,0.00436,0.37371
CVE-2024-11515,0.00439,0.37585
CVE-2024-11516,0.00436,0.37372
CVE-2024-11517,0.00438,0.37553
CVE-2024-11518,0.00436,0.37372
CVE-2024-11519,0.00425,0.36404
CVE-2024-11520,0.00393,0.33286
CVE-2024-11521,0.00438,0.37525
CVE-2024-11522,0.00401,0.34142
CVE-2024-11523,0.00425,0.36405
CVE-2024-11524,0.00425,0.36404
CVE-2024-11525,0.00421,0.36117
CVE-2024-11526,0.00393,0.33285
CVE-2024-11527,0.00393,0.33286
CVE-2024-11528,0.00425,0.36404
CVE-2024-11529,0.00393,0.33287
CVE-2024-11530,0.00393,0.33287
CVE-2024-11531,0.00393,0.33287
CVE-2024-11532,0.00401,0.34143
CVE-2024-11533,0.00401,0.34142
CVE-2024-11534,0.00401,0.34143
CVE-2024-11535,0.00393,0.33287
CVE-2024-11536,0.00393,0.33285
CVE-2024-11537,0.00393,0.3334
CVE-2024-11538,0.00401,0.34143
CVE-2024-11539,0.00393,0.3334
CVE-2024-11540,0.00393,0.33284
CVE-2024-11541,0.00393,0.33289
CVE-2024-11542,0.00393,0.33291
CVE-2024-11543,0.00393,0.33291
CVE-2024-11544,0.00393,0.33291
CVE-2024-11545,0.00438,0.37525
CVE-2024-11546,0.00393,0.33286
CVE-2024-11547,0.00393,0.33286
CVE-2024-11548,0.00393,0.33284
CVE-2024-11549,0.00393,0.33285
CVE-2024-11550,0.00393,0.3329
CVE-2024-11551,0.00393,0.3329
CVE-2024-11552,0.00393,0.33289
CVE-2024-11553,0.00407,0.3472
CVE-2024-11554,0.00393,0.33291
CVE-2024-11555,0.00393,0.33289
CVE-2024-11556,0.00393,0.33288
CVE-2024-11557,0.00393,0.33288
CVE-2024-11558,0.00393,0.33288
CVE-2024-11559,0.00419,0.35935
CVE-2024-11560,0.00407,0.34719
CVE-2024-11561,0.00419,0.35934
CVE-2024-11562,0.00419,0.35934
CVE-2024-11563,0.00419,0.35935
CVE-2024-11564,0.00407,0.34719
CVE-2024-11565,0.00393,0.33289
CVE-2024-11566,0.00419,0.35934
CVE-2024-11567,0.00419,0.35934
CVE-2024-11568,0.00363,0.30152
CVE-2024-11569,0.00363,0.30152
CVE-2024-11570,0.00405,0.34555
CVE-2024-11571,0.00347,0.28347
CVE-2024-11572,0.00393,0.33288
CVE-2024-11573,0.00393,0.3329
CVE-2024-11574,0.00347,0.28347
CVE-2024-11575,0.00347,0.28348
CVE-2024-11576,0.00355,0.29369
CVE-2024-11577,0.00329,0.26226
CVE-2024-11578,0.00363,0.30156
CVE-2024-11579,0.00329,0.26226
CVE-2024-11580,0.00363,0.30156
CVE-2024-11581,0.00329,0.26226
CVE-2024-11582,0.00315,0.24659
CVE-2024-11583,0.00376,0.31543
CVE-2024-11584,0.00134,0.03256
CVE-2024-11585,0.0061,0.47876
CVE-2024-11586,0.00298,0.22665
CVE-2024-11587,0.0091,0.58482
CVE-2024-11588,0.00793,0.5488
CVE-2024-11589,0.00691,0.51431
CVE-2024-11590,0.00851,0.56694
CVE-2024-11591,0.00962,0.60155
CVE-2024-11592,0.00913,0.58565
CVE-2024-11595,0.00266,0.18812
CVE-2024-11596,0.00297,0.22566
CVE-2024-11597,0.00209,0.11393
CVE-2024-11598,0.00209,0.11393
CVE-2024-11599,0.00468,0.397
CVE-2024-11600,0.01299,0.69174
CVE-2024-11601,0.0033,0.26334
CVE-2024-11602,0.00303,0.23216
CVE-2024-11603,0.00686,0.51253
CVE-2024-11604,0.00109,0.01379
CVE-2024-11605,0.01263,0.68402
CVE-2024-11606,0.00491,0.41286
CVE-2024-11607,0.00179,0.07661
CVE-2024-11608,0.00195,0.09462
CVE-2024-11609,0.00307,0.23675
CVE-2024-11610,0.00278,0.20503
CVE-2024-11611,0.00278,0.20503
CVE-2024-11612,0.01775,0.77237
CVE-2024-11613,0.04465,0.9102
CVE-2024-11614,0.00566,0.45789
CVE-2024-11615,0.00401,0.34125
CVE-2024-11616,0.00298,0.22677
CVE-2024-11617,0.01335,0.69986
CVE-2024-11618,0.00601,0.47491
CVE-2024-11619,0.00733,0.52934
CVE-2024-11620,0.00692,0.51476
CVE-2024-11621,0.00233,0.14496
CVE-2024-11622,0.01515,0.73416
CVE-2024-11623,0.00297,0.22565
CVE-2024-11624,0.00076,0.00131
CVE-2024-11625,0.00296,0.22466
CVE-2024-11626,0.00357,0.29533
CVE-2024-11627,0.00325,0.25802
CVE-2024-11628,0.0069,0.51394
CVE-2024-11629,0.00384,0.32327
CVE-2024-11630,0.00639,0.49262
CVE-2024-11631,0.00679,0.50977
CVE-2024-11632,0.00807,0.55355
CVE-2024-11633,0.01694,0.76139
CVE-2024-11634,0.01835,0.78006
CVE-2024-11635,0.01474,0.72703
CVE-2024-11636,0.00324,0.25655
CVE-2024-11638,0.00544,0.44568
CVE-2024-11639,0.04869,0.91658
CVE-2024-11640,0.00329,0.26217
CVE-2024-11641,0.0034,0.27533
CVE-2024-11642,0.01059,0.63097
CVE-2024-11643,0.00715,0.52311
CVE-2024-11644,0.0034,0.27533
CVE-2024-11645,0.00347,0.28413
CVE-2024-11646,0.00787,0.54703
CVE-2024-11647,0.00851,0.56694
CVE-2024-11648,0.00851,0.56694
CVE-2024-11649,0.00851,0.56694
CVE-2024-11650,0.01274,0.68649
CVE-2024-11651,0.27428,0.97979
CVE-2024-11652,0.30206,0.98141
CVE-2024-11653,0.29105,0.98084
CVE-2024-11654,0.29105,0.98085
CVE-2024-11655,0.28766,0.98062
CVE-2024-11656,0.28766,0.98062
CVE-2024-11657,0.29105,0.98085
CVE-2024-11658,0.29105,0.98084
CVE-2024-11659,0.29105,0.98084
CVE-2024-11660,0.00571,0.45995
CVE-2024-11661,0.00832,0.56118
CVE-2024-11662,0.00559,0.45374
CVE-2024-11663,0.00887,0.57805
CVE-2024-11664,0.0201,0.8002
CVE-2024-11665,0.01252,0.6815
CVE-2024-11666,0.00433,0.37128
CVE-2024-11667,0.02929,0.86495
CVE-2024-11668,0.00319,0.25058
CVE-2024-11669,0.00511,0.42642
CVE-2024-11670,0.00666,0.50434
CVE-2024-11671,0.00527,0.43641
CVE-2024-11672,0.0055,0.44888
CVE-2024-11673,0.00356,0.29415
CVE-2024-11674,0.00614,0.48084
CVE-2024-11675,0.00485,0.40914
CVE-2024-11676,0.00467,0.39633
CVE-2024-11677,0.00467,0.39633
CVE-2024-11678,0.00485,0.40914
CVE-2024-11679,0.00162,0.05808
CVE-2024-11680,0.91697,0.99811
CVE-2024-11681,0.00468,0.39727
CVE-2024-11682,0.00359,0.29704
CVE-2024-11683,0.00391,0.33056
CVE-2024-11684,0.00406,0.34617
CVE-2024-11685,0.00346,0.2824
CVE-2024-11686,0.00354,0.29169
CVE-2024-11687,0.00293,0.22096
CVE-2024-11688,0.00434,0.37249
CVE-2024-11689,0.00388,0.32792
CVE-2024-11690,0.00354,0.2917
CVE-2024-11691,0.00699,0.51732
CVE-2024-11692,0.00463,0.39376
CVE-2024-11693,0.00827,0.5597
CVE-2024-11694,0.00489,0.41173
CVE-2024-11695,0.00435,0.3728
CVE-2024-11696,0.00343,0.27901
CVE-2024-11697,0.00763,0.53926
CVE-2024-11698,0.00688,0.51339
CVE-2024-11699,0.00682,0.51075
CVE-2024-11700,0.00478,0.40436
CVE-2024-11701,0.00393,0.33322
CVE-2024-11702,0.00526,0.43579
CVE-2024-11703,0.00211,0.11697
CVE-2024-11704,0.00913,0.58591
CVE-2024-11705,0.00655,0.49967
CVE-2024-11706,0.00467,0.39646
CVE-2024-11707,0.00364,0.30326
CVE-2024-11708,0.0033,0.26357
CVE-2024-11709,0.00363,0.3021
CVE-2024-11710,0.00466,0.39591
CVE-2024-11711,0.00517,0.42991
CVE-2024-11712,0.00471,0.39944
CVE-2024-11713,0.00466,0.39591
CVE-2024-11714,0.00466,0.39591
CVE-2024-11715,0.00466,0.39528
CVE-2024-11716,0.11659,0.95865
CVE-2024-11717,0.00653,0.49896
CVE-2024-11718,0.00305,0.23477
CVE-2024-11719,0.00169,0.06598
CVE-2024-11720,0.00362,0.30003
CVE-2024-11721,0.00556,0.45196
CVE-2024-11722,0.00616,0.4817
CVE-2024-11723,0.00348,0.28501
CVE-2024-11724,0.00328,0.26114
CVE-2024-11725,0.00513,0.42746
CVE-2024-11726,0.00494,0.41483
CVE-2024-11727,0.00317,0.24885
CVE-2024-11728,0.1363,0.96308
CVE-2024-11729,0.00579,0.46382
CVE-2024-11730,0.00415,0.35561
CVE-2024-11731,0.00278,0.20531
CVE-2024-11732,0.0043,0.36834
CVE-2024-11733,0.00503,0.4209
CVE-2024-11734,0.00951,0.59805
CVE-2024-11736,0.00771,0.54204
CVE-2024-11737,0.00637,0.49164
CVE-2024-11738,0.00731,0.52877
CVE-2024-11739,0.00376,0.31504
CVE-2024-11740,0.01888,0.78642
CVE-2024-11741,0.00411,0.35058
CVE-2024-11742,0.0053,0.43787
CVE-2024-11743,0.0034,0.27595
CVE-2024-11744,0.00745,0.53341
CVE-2024-11745,0.01316,0.69553
CVE-2024-11746,0.00378,0.317
CVE-2024-11747,0.00326,0.25946
CVE-2024-11748,0.00422,0.3619
CVE-2024-11749,0.0026,0.17977
CVE-2024-11750,0.00314,0.24498
CVE-2024-11751,0.00368,0.30676
CVE-2024-11752,0.00346,0.28297
CVE-2024-11753,0.00426,0.36483
CVE-2024-11754,0.00267,0.19081
CVE-2024-11755,0.00368,0.30619
CVE-2024-11756,0.00307,0.23719
CVE-2024-11757,0.00295,0.22437
CVE-2024-11758,0.00337,0.27256
CVE-2024-11759,0.00283,0.211
CVE-2024-11760,0.00283,0.21061
CVE-2024-11761,0.00318,0.24995
CVE-2024-11763,0.00377,0.31585
CVE-2024-11764,0.0027,0.19425
CVE-2024-11765,0.00361,0.29979
CVE-2024-11766,0.00361,0.29979
CVE-2024-11767,0.00354,0.29205
CVE-2024-11768,0.0034,0.27615
CVE-2024-11769,0.00267,0.19082
CVE-2024-11770,0.00376,0.31495
CVE-2024-11771,0.01182,0.66426
CVE-2024-11772,0.07653,0.94315
CVE-2024-11773,0.23454,0.97692
CVE-2024-11774,0.00276,0.20233
CVE-2024-11775,0.00337,0.27255
CVE-2024-11776,0.00292,0.22073
CVE-2024-11777,0.00337,0.27205
CVE-2024-11778,0.00426,0.36484
CVE-2024-11779,0.00327,0.26032
CVE-2024-11780,0.00246,0.16133
CVE-2024-11781,0.00295,0.22437
CVE-2024-11782,0.00296,0.22535
CVE-2024-11783,0.00276,0.20233
CVE-2024-11784,0.00345,0.28114
CVE-2024-11785,0.00295,0.22437
CVE-2024-11786,0.00402,0.34249
CVE-2024-11787,0.00267,0.19053
CVE-2024-11788,0.0041,0.35036
CVE-2024-11789,0.00267,0.19052
CVE-2024-11790,0.00286,0.21443
CVE-2024-11791,0.00267,0.19053
CVE-2024-11792,0.00267,0.19051
CVE-2024-11793,0.00263,0.18391
CVE-2024-11794,0.00263,0.18392
CVE-2024-11795,0.00267,0.19052
CVE-2024-11796,0.00263,0.18392
CVE-2024-11797,0.00263,0.18391
CVE-2024-11798,0.00263,0.18391
CVE-2024-11799,0.00267,0.19052
CVE-2024-11800,0.00267,0.19052
CVE-2024-11801,0.00263,0.18392
CVE-2024-11802,0.00267,0.19054
CVE-2024-11803,0.00263,0.18392
CVE-2024-11804,0.00301,0.23043
CVE-2024-11805,0.00267,0.19136
CVE-2024-11806,0.00355,0.29296
CVE-2024-11807,0.00293,0.22096
CVE-2024-11808,0.00351,0.28871
CVE-2024-11809,0.00299,0.22808
CVE-2024-11810,0.00452,0.38653
CVE-2024-11811,0.00359,0.29703
CVE-2024-11812,0.00159,0.05427
CVE-2024-11813,0.00202,0.10368
CVE-2024-11814,0.00284,0.21197
CVE-2024-11815,0.00443,0.3795
CVE-2024-11816,0.00753,0.53593
CVE-2024-11817,0.00569,0.45884
CVE-2024-11818,0.00646,0.49605
CVE-2024-11819,0.00646,0.49603
CVE-2024-11820,0.00386,0.326
CVE-2024-11821,0.00481,0.40624
CVE-2024-11822,0.00595,0.47156
CVE-2024-11823,0.00339,0.27512
CVE-2024-11824,0.0047,0.39833
CVE-2024-11825,0.00318,0.24926
CVE-2024-11826,0.00275,0.20192
CVE-2024-11827,0.00354,0.29151
CVE-2024-11828,0.00607,0.47754
CVE-2024-11829,0.00414,0.35439
CVE-2024-11830,0.00318,0.24951
CVE-2024-11831,0.01122,0.64803
CVE-2024-11832,0.00242,0.15702
CVE-2024-11833,0.00504,0.42166
CVE-2024-11834,0.00504,0.42166
CVE-2024-11835,0.00395,0.33517
CVE-2024-11836,0.00283,0.21027
CVE-2024-11837,0.00479,0.40498
CVE-2024-11838,0.00443,0.3793
CVE-2024-11839,0.00359,0.29689
CVE-2024-11840,0.00391,0.33128
CVE-2024-11841,0.00305,0.23455
CVE-2024-11842,0.00215,0.12203
CVE-2024-11843,0.00312,0.24314
CVE-2024-11844,0.00343,0.27935
CVE-2024-11846,0.00363,0.30204
CVE-2024-11847,0.00257,0.177
CVE-2024-11848,0.00671,0.50612
CVE-2024-11849,0.00317,0.24883
CVE-2024-11850,0.00433,0.37143
CVE-2024-11851,0.00281,0.20828
CVE-2024-11852,0.00352,0.28958
CVE-2024-11853,0.00334,0.26846
CVE-2024-11854,0.00308,0.23773
CVE-2024-11855,0.00376,0.31496
CVE-2024-11856,0.00279,0.20663
CVE-2024-11857,0.00195,0.09493
CVE-2024-11858,0.00792,0.54851
CVE-2024-11859,0.02056,0.8047
CVE-2024-11860,0.00863,0.57082
CVE-2024-11861,0.01406,0.71437
CVE-2024-11862,0.00141,0.03805
CVE-2024-11863,0.00389,0.3285
CVE-2024-11864,0.00524,0.43455
CVE-2024-11865,0.00294,0.223
CVE-2024-11866,0.00261,0.1825
CVE-2024-11867,0.00301,0.2297
CVE-2024-11868,0.01162,0.65863
CVE-2024-11869,0.00283,0.21101
CVE-2024-11870,0.00344,0.28065
CVE-2024-11871,0.00361,0.29979
CVE-2024-11872,0.00197,0.09797
CVE-2024-11873,0.00368,0.30619
CVE-2024-11874,0.00325,0.25808
CVE-2024-11875,0.00361,0.29978
CVE-2024-11876,0.00253,0.17145
CVE-2024-11877,0.00346,0.28296
CVE-2024-11878,0.00276,0.20233
CVE-2024-11880,0.00327,0.26032
CVE-2024-11881,0.00337,0.27255
CVE-2024-11882,0.00295,0.22438
CVE-2024-11883,0.00283,0.21102
CVE-2024-11884,0.00346,0.28296
CVE-2024-11885,0.00276,0.20233
CVE-2024-11886,0.00312,0.24345
CVE-2024-11887,0.00325,0.2577
CVE-2024-11888,0.00347,0.28365
CVE-2024-11889,0.00354,0.29205
CVE-2024-11891,0.00376,0.31475
CVE-2024-11892,0.00338,0.27345
CVE-2024-11893,0.00387,0.32627
CVE-2024-11894,0.00388,0.32843
CVE-2024-11895,0.00407,0.3478
CVE-2024-11896,0.00337,0.2719
CVE-2024-11897,0.00296,0.22542
CVE-2024-11898,0.00296,0.22534
CVE-2024-11899,0.00337,0.27271
CVE-2024-11900,0.00317,0.24887
CVE-2024-11901,0.00489,0.41212
CVE-2024-11902,0.00354,0.29151
CVE-2024-11903,0.00261,0.1825
CVE-2024-11904,0.00261,0.18204
CVE-2024-11905,0.00326,0.25946
CVE-2024-11906,0.00346,0.28251
CVE-2024-11907,0.00433,0.37134
CVE-2024-11910,0.00321,0.25412
CVE-2024-11911,0.0028,0.20741
CVE-2024-11912,0.00462,0.39306
CVE-2024-11913,0.0024,0.154
CVE-2024-11914,0.0046,0.39143
CVE-2024-11915,0.00303,0.23297
CVE-2024-11916,0.00211,0.1167
CVE-2024-11917,0.00514,0.42847
CVE-2024-11918,0.00315,0.24601
CVE-2024-11919,0.00203,0.10531
CVE-2024-11920,0.00227,0.13654
CVE-2024-11921,0.00803,0.55201
CVE-2024-11922,0.00218,0.12574
CVE-2024-11923,0.00205,0.10804
CVE-2024-11924,0.00267,0.19134
CVE-2024-11925,0.00652,0.49858
CVE-2024-11926,0.00302,0.23149
CVE-2024-11928,0.00354,0.29151
CVE-2024-11929,0.00268,0.19224
CVE-2024-11930,0.00313,0.24438
CVE-2024-11931,0.00321,0.25385
CVE-2024-11933,0.00267,0.19053
CVE-2024-11934,0.00311,0.24172
CVE-2024-11935,0.00334,0.26845
CVE-2024-11936,0.00373,0.31227
CVE-2024-11937,0.00169,0.06622
CVE-2024-11938,0.00345,0.28115
CVE-2024-11939,0.00462,0.39348
CVE-2024-11940,0.00354,0.29152
CVE-2024-11941,0.00476,0.4031
CVE-2024-11942,0.00385,0.32415
CVE-2024-11943,0.0037,0.30903
CVE-2024-11944,0.01599,0.74723
CVE-2024-11945,0.00354,0.29152
CVE-2024-11946,0.00292,0.21993
CVE-2024-11947,0.00793,0.54894
CVE-2024-11948,0.01435,0.71977
CVE-2024-11949,0.00793,0.54894
CVE-2024-11950,0.00492,0.41362
CVE-2024-11951,0.00426,0.36543
CVE-2024-11952,0.00898,0.58128
CVE-2024-11954,0.01089,0.63919
CVE-2024-11955,0.00503,0.42063
CVE-2024-11956,0.00863,0.57088
CVE-2024-11957,0.00111,0.0151
CVE-2024-11958,0.01444,0.72125
CVE-2024-11959,0.0176,0.77036
CVE-2024-11960,0.0176,0.77036
CVE-2024-11961,0.0087,0.57308
CVE-2024-11962,0.00908,0.58438
CVE-2024-11963,0.0068,0.5101
CVE-2024-11964,0.0087,0.57317
CVE-2024-11965,0.0087,0.57317
CVE-2024-11966,0.0087,0.57317
CVE-2024-11967,0.00745,0.5334
CVE-2024-11968,0.00551,0.44974
CVE-2024-11969,0.00163,0.0589
CVE-2024-11970,0.00797,0.55003
CVE-2024-11971,0.00531,0.43826
CVE-2024-11972,0.54475,0.98967
CVE-2024-11973,0.00362,0.30055
CVE-2024-11974,0.0037,0.30904
CVE-2024-11975,0.00444,0.38049
CVE-2024-11976,0.005,0.41857
CVE-2024-11977,0.00637,0.49152
CVE-2024-11978,0.00754,0.53634
CVE-2024-11979,0.00778,0.54423
CVE-2024-11980,0.0046,0.3921
CVE-2024-11981,0.00541,0.44452
CVE-2024-11982,0.00625,0.48649
CVE-2024-11983,0.01125,0.6488
CVE-2024-11984,0.0074,0.53178
CVE-2024-11985,0.00361,0.29892
CVE-2024-11986,0.0057,0.45972
CVE-2024-11990,0.00273,0.19879
CVE-2024-11991,0.00244,0.15892
CVE-2024-11992,0.00823,0.55839
CVE-2024-11993,0.00335,0.26971
CVE-2024-11994,0.00248,0.16392
CVE-2024-11995,0.00392,0.33146
CVE-2024-11996,0.00413,0.35324
CVE-2024-11997,0.00413,0.35324
CVE-2024-11998,0.00446,0.38206
CVE-2024-11999,0.00632,0.4893
CVE-2024-12000,0.00436,0.37376
CVE-2024-12001,0.00436,0.37377
CVE-2024-12002,0.00804,0.55246
CVE-2024-12003,0.00159,0.05517
CVE-2024-12004,0.00206,0.10959
CVE-2024-12005,0.00185,0.08303
CVE-2024-12006,0.00505,0.42218
CVE-2024-12007,0.00544,0.44586
CVE-2024-12008,0.02269,0.82309
CVE-2024-12009,0.0106,0.63105
CVE-2024-12010,0.0106,0.63105
CVE-2024-12011,0.00396,0.33668
CVE-2024-12012,0.00382,0.32096
CVE-2024-12013,0.00343,0.27903
CVE-2024-12014,0.00348,0.28445
CVE-2024-12015,0.0052,0.43217
CVE-2024-12016,0.00429,0.36732
CVE-2024-12018,0.00384,0.32356
CVE-2024-12019,0.00458,0.39024
CVE-2024-12020,0.00261,0.18125
CVE-2024-12021,0.00384,0.3237
CVE-2024-12023,0.0037,0.30915
CVE-2024-12024,0.00416,0.35594
CVE-2024-12025,0.02572,0.84498
CVE-2024-12026,0.00343,0.27888
CVE-2024-12027,0.00335,0.27051
CVE-2024-12028,0.00436,0.37414
CVE-2024-12029,0.05983,0.92986
CVE-2024-12030,0.00517,0.42981
CVE-2024-12031,0.00433,0.37129
CVE-2024-12032,0.00524,0.43442
CVE-2024-12033,0.00289,0.21736
CVE-2024-12034,0.0034,0.27568
CVE-2024-12035,0.00901,0.58201
CVE-2024-12036,0.0037,0.30866
CVE-2024-12037,0.00242,0.15696
CVE-2024-12038,0.00246,0.16191
CVE-2024-12039,0.00673,0.50688
CVE-2024-12040,0.00817,0.55654
CVE-2024-12041,0.00409,0.34884
CVE-2024-12042,0.00332,0.26673
CVE-2024-12043,0.00224,0.13258
CVE-2024-12044,0.01331,0.69875
CVE-2024-12045,0.00241,0.15535
CVE-2024-12046,0.00429,0.36765
CVE-2024-12047,0.00363,0.30149
CVE-2024-12048,0.00727,0.52742
CVE-2024-12049,0.00452,0.38653
CVE-2024-12053,0.00959,0.60032
CVE-2024-12054,0.00238,0.15092
CVE-2024-12055,0.00801,0.55122
CVE-2024-12056,0.00357,0.29493
CVE-2024-12057,0.00138,0.03581
CVE-2024-12058,0.01127,0.64928
CVE-2024-12059,0.00308,0.23852
CVE-2024-12060,0.00357,0.29512
CVE-2024-12061,0.00374,0.31361
CVE-2024-12062,0.00309,0.23897
CVE-2024-12063,0.00772,0.54227
CVE-2024-12065,0.00926,0.59001
CVE-2024-12066,0.00886,0.57775
CVE-2024-12067,0.00468,0.39699
CVE-2024-12068,0.00686,0.51254
CVE-2024-12069,0.00341,0.27695
CVE-2024-12070,0.0086,0.5701
CVE-2024-12071,0.00448,0.38358
CVE-2024-12072,0.00299,0.2278
CVE-2024-12073,0.0025,0.16698
CVE-2024-12074,0.00813,0.55517
CVE-2024-12076,0.0033,0.26333
CVE-2024-12077,0.00368,0.30652
CVE-2024-12078,0.00327,0.26052
CVE-2024-12079,0.00151,0.04601
CVE-2024-12082,0.00151,0.04662
CVE-2024-12083,0.00661,0.50257
CVE-2024-12084,0.72059,0.99404
CVE-2024-12085,0.08823,0.94957
CVE-2024-12086,0.01827,0.77919
CVE-2024-12087,0.02307,0.8263
CVE-2024-12088,0.04745,0.91472
CVE-2024-12089,0.00416,0.35599
CVE-2024-12090,0.00337,0.27195
CVE-2024-12091,0.00337,0.27195
CVE-2024-12092,0.00337,0.27195
CVE-2024-12093,0.00457,0.38975
CVE-2024-12094,0.00154,0.04962
CVE-2024-12096,0.00317,0.24883
CVE-2024-12097,0.00404,0.34474
CVE-2024-12098,0.00352,0.28974
CVE-2024-12099,0.00281,0.2083
CVE-2024-12100,0.00355,0.29295
CVE-2024-12102,0.0031,0.24092
CVE-2024-12103,0.00393,0.33359
CVE-2024-12104,0.00349,0.28653
CVE-2024-12105,0.42369,0.98643
CVE-2024-12106,0.09678,0.95285
CVE-2024-12107,0.00526,0.43582
CVE-2024-12108,0.06798,0.93712
CVE-2024-12109,0.0033,0.26369
CVE-2024-12110,0.00274,0.20059
CVE-2024-12111,0.00367,0.30517
CVE-2024-12112,0.00254,0.17273
CVE-2024-12113,0.00327,0.25997
CVE-2024-12114,0.00315,0.24634
CVE-2024-12115,0.00156,0.0515
CVE-2024-12116,0.00431,0.36958
CVE-2024-12117,0.00261,0.18198
CVE-2024-12118,0.00289,0.21777
CVE-2024-12119,0.00269,0.19307
CVE-2024-12120,0.00269,0.19298
CVE-2024-12121,0.00331,0.26426
CVE-2024-12122,0.00291,0.21901
CVE-2024-12123,0.00376,0.31542
CVE-2024-12125,0.00249,0.16566
CVE-2024-12126,0.00317,0.24821
CVE-2024-12127,0.00362,0.30054
CVE-2024-12128,0.00299,0.22781
CVE-2024-12129,0.00373,0.31228
CVE-2024-12130,0.00296,0.22533
CVE-2024-12131,0.00314,0.24573
CVE-2024-12132,0.00376,0.31531
CVE-2024-12133,0.0111,0.64503
CVE-2024-12136,0.00156,0.05126
CVE-2024-12137,0.00252,0.16956
CVE-2024-12138,0.00736,0.53053
CVE-2024-12140,0.0045,0.38527
CVE-2024-12142,0.00349,0.28659
CVE-2024-12143,0.00376,0.31504
CVE-2024-12144,0.00429,0.36775
CVE-2024-12145,0.00201,0.10278
CVE-2024-12146,0.00367,0.3058
CVE-2024-12147,0.00809,0.55392
CVE-2024-12148,0.00367,0.30555
CVE-2024-12149,0.00603,0.4758
CVE-2024-12150,0.00376,0.31504
CVE-2024-12151,0.00279,0.20676
CVE-2024-12152,0.01051,0.62874
CVE-2024-12153,0.00443,0.3795
CVE-2024-12155,0.01189,0.66589
CVE-2024-12156,0.00408,0.34829
CVE-2024-12157,0.00997,0.61244
CVE-2024-12158,0.00336,0.27113
CVE-2024-12159,0.00366,0.30501
CVE-2024-12160,0.00391,0.33061
CVE-2024-12162,0.00417,0.35648
CVE-2024-12163,0.00273,0.19941
CVE-2024-12164,0.00421,0.36136
CVE-2024-12165,0.00267,0.1911
CVE-2024-12166,0.00318,0.25025
CVE-2024-12167,0.00312,0.24286
CVE-2024-12168,0.00152,0.04732
CVE-2024-12169,0.0039,0.32984
CVE-2024-12170,0.00186,0.08463
CVE-2024-12171,0.00501,0.41961
CVE-2024-12172,0.0079,0.54801
CVE-2024-12173,0.0034,0.27535
CVE-2024-12174,0.00182,0.08037
CVE-2024-12175,0.00254,0.17316
CVE-2024-12176,0.00318,0.24954
CVE-2024-12177,0.004,0.34066
CVE-2024-12178,0.00326,0.25908
CVE-2024-12179,0.00329,0.26299
CVE-2024-12180,0.00452,0.38638
CVE-2024-12181,0.00413,0.35324
CVE-2024-12182,0.00413,0.35324
CVE-2024-12183,0.00436,0.37349
CVE-2024-12184,0.00391,0.33071
CVE-2024-12185,0.00346,0.28218
CVE-2024-12186,0.00346,0.28219
CVE-2024-12187,0.00604,0.4764
CVE-2024-12188,0.00698,0.51689
CVE-2024-12189,0.00248,0.16385
CVE-2024-12190,0.00443,0.37939
CVE-2024-12191,0.0026,0.18101
CVE-2024-12192,0.0026,0.181
CVE-2024-12193,0.0026,0.181
CVE-2024-12194,0.00251,0.16806
CVE-2024-12195,0.00435,0.37271
CVE-2024-12196,0.00462,0.3929
CVE-2024-12197,0.0026,0.18101
CVE-2024-12198,0.00469,0.39755
CVE-2024-12199,0.00251,0.16796
CVE-2024-12200,0.00316,0.24788
CVE-2024-12201,0.00379,0.31859
CVE-2024-12202,0.00533,0.43983
CVE-2024-12203,0.00337,0.27283
CVE-2024-12204,0.00247,0.16262
CVE-2024-12205,0.00312,0.24261
CVE-2024-12206,0.0017,0.06701
CVE-2024-12207,0.00264,0.18542
CVE-2024-12209,0.23222,0.97673
CVE-2024-12210,0.00273,0.19889
CVE-2024-12211,0.00317,0.24882
CVE-2024-12212,0.00204,0.10655
CVE-2024-12213,0.00663,0.50321
CVE-2024-12214,0.00285,0.21259
CVE-2024-12215,0.01077,0.63582
CVE-2024-12216,0.00306,0.23593
CVE-2024-12217,0.00685,0.51195
CVE-2024-12218,0.00192,0.09128
CVE-2024-12219,0.00233,0.14507
CVE-2024-12220,0.00227,0.13707
CVE-2024-12221,0.00355,0.29296
CVE-2024-12222,0.0036,0.29806
CVE-2024-12223,0.00334,0.26843
CVE-2024-12224,0.00221,0.12862
CVE-2024-12225,0.00406,0.34665
CVE-2024-12226,0.0035,0.28663
CVE-2024-12227,0.00189,0.08781
CVE-2024-12228,0.00698,0.51685
CVE-2024-12229,0.00698,0.51685
CVE-2024-12230,0.00698,0.51684
CVE-2024-12231,0.00698,0.51685
CVE-2024-12232,0.00404,0.3449
CVE-2024-12233,0.00829,0.56033
CVE-2024-12234,0.00807,0.55361
CVE-2024-12235,0.00602,0.4753
CVE-2024-12236,0.00081,0.00242
CVE-2024-12237,0.00383,0.32245
CVE-2024-12238,0.00474,0.40153
CVE-2024-12239,0.00372,0.31134
CVE-2024-12240,0.00331,0.26438
CVE-2024-12243,0.01292,0.69015
CVE-2024-12244,0.00306,0.23574
CVE-2024-12245,0.00371,0.30999
CVE-2024-12247,0.00173,0.07072
CVE-2024-12248,0.01288,0.68937
CVE-2024-12249,0.00333,0.26815
CVE-2024-12250,0.00374,0.31361
CVE-2024-12251,0.00526,0.4354
CVE-2024-12252,0.03171,0.8748
CVE-2024-12253,0.00262,0.18268
CVE-2024-12254,0.01868,0.78421
CVE-2024-12255,0.00516,0.42964
CVE-2024-12256,0.00351,0.2883
CVE-2024-12257,0.00284,0.21163
CVE-2024-12258,0.00432,0.37074
CVE-2024-12259,0.0051,0.42519
CVE-2024-12260,0.00391,0.33056
CVE-2024-12261,0.0036,0.29805
CVE-2024-12262,0.00439,0.37651
CVE-2024-12263,0.00349,0.28574
CVE-2024-12264,0.00735,0.53024
CVE-2024-12265,0.00439,0.37601
CVE-2024-12266,0.00344,0.28001
CVE-2024-12267,0.00327,0.26056
CVE-2024-12268,0.00281,0.20823
CVE-2024-12269,0.00585,0.46679
CVE-2024-12270,0.03714,0.89291
CVE-2024-12271,0.00368,0.30689
CVE-2024-12272,0.00752,0.53565
CVE-2024-12273,0.00256,0.17606
CVE-2024-12274,0.00639,0.49245
CVE-2024-12275,0.00329,0.26256
CVE-2024-12276,0.00361,0.29924
CVE-2024-12278,0.00327,0.26067
CVE-2024-12279,0.00193,0.09303
CVE-2024-12280,0.00203,0.10592
CVE-2024-12281,0.00426,0.36543
CVE-2024-12282,0.00171,0.06871
CVE-2024-12283,0.0037,0.30852
CVE-2024-12284,0.13301,0.96222
CVE-2024-12285,0.0036,0.29805
CVE-2024-12286,0.00445,0.38102
CVE-2024-12287,0.00564,0.4568
CVE-2024-12288,0.00196,0.09609
CVE-2024-12289,0.00394,0.33442
CVE-2024-12290,0.00368,0.30652
CVE-2024-12291,0.00192,0.09129
CVE-2024-12292,0.00218,0.12533
CVE-2024-12293,0.00329,0.2624
CVE-2024-12294,0.00414,0.35456
CVE-2024-12295,0.00365,0.30407
CVE-2024-12296,0.00519,0.43152
CVE-2024-12297,0.00849,0.56625
CVE-2024-12298,0.00226,0.1354
CVE-2024-12299,0.004,0.34066
CVE-2024-12300,0.00392,0.33156
CVE-2024-12301,0.00217,0.12357
CVE-2024-12302,0.00358,0.29587
CVE-2024-12303,0.00416,0.35571
CVE-2024-12304,0.00236,0.14828
CVE-2024-12305,0.00259,0.17907
CVE-2024-12306,0.00259,0.17906
CVE-2024-12307,0.00244,0.15854
CVE-2024-12308,0.00292,0.21992
CVE-2024-12309,0.00317,0.24909
CVE-2024-12310,0.00174,0.07133
CVE-2024-12311,0.0062,0.48384
CVE-2024-12312,0.01106,0.64394
CVE-2024-12313,0.00791,0.54822
CVE-2024-12314,0.00361,0.29891
CVE-2024-12315,0.00499,0.41815
CVE-2024-12316,0.00412,0.35196
CVE-2024-12320,0.00329,0.26255
CVE-2024-12321,0.00274,0.20007
CVE-2024-12322,0.00278,0.20562
CVE-2024-12323,0.00357,0.29512
CVE-2024-12324,0.0036,0.29805
CVE-2024-12325,0.00355,0.29352
CVE-2024-12326,0.00242,0.15622
CVE-2024-12327,0.00333,0.26815
CVE-2024-12328,0.00283,0.21041
CVE-2024-12329,0.0036,0.29785
CVE-2024-12330,0.0051,0.42573
CVE-2024-12331,0.00339,0.2751
CVE-2024-12332,0.00433,0.37138
CVE-2024-12333,0.0038,0.31955
CVE-2024-12334,0.00283,0.21049
CVE-2024-12335,0.00366,0.30434
CVE-2024-12336,0.00347,0.28345
CVE-2024-12337,0.00291,0.21939
CVE-2024-12338,0.00408,0.34829
CVE-2024-12339,0.00445,0.38093
CVE-2024-12340,0.00335,0.2702
CVE-2024-12341,0.00366,0.30446
CVE-2024-12342,0.09251,0.9513
CVE-2024-12343,0.04965,0.9181
CVE-2024-12344,0.01872,0.78471
CVE-2024-12345,0.00348,0.2851
CVE-2024-12346,0.00389,0.32877
CVE-2024-12347,0.00616,0.48191
CVE-2024-12348,0.00377,0.31651
CVE-2024-12349,0.00364,0.30293
CVE-2024-12350,0.03741,0.89375
CVE-2024-12351,0.00532,0.43911
CVE-2024-12352,0.00754,0.53616
CVE-2024-12353,0.00303,0.23261
CVE-2024-12354,0.0036,0.29814
CVE-2024-12355,0.0031,0.24041
CVE-2024-12356,0.87901,0.99756
CVE-2024-12357,0.00436,0.3738
CVE-2024-12358,0.05199,0.92114
CVE-2024-12359,0.00389,0.32857
CVE-2024-12360,0.00544,0.44614
CVE-2024-12362,0.00558,0.45338
CVE-2024-12363,0.00146,0.04215
CVE-2024-12364,0.00403,0.34426
CVE-2024-12365,0.01801,0.77561
CVE-2024-12366,0.01214,0.67235
CVE-2024-12367,0.00282,0.21012
CVE-2024-12368,0.00693,0.51518
CVE-2024-12369,0.00243,0.15771
CVE-2024-12370,0.00318,0.24972
CVE-2024-12371,0.0055,0.44894
CVE-2024-12372,0.00862,0.57058
CVE-2024-12373,0.00517,0.43015
CVE-2024-12374,0.00418,0.35794
CVE-2024-12375,0.0084,0.56351
CVE-2024-12376,0.00746,0.5337
CVE-2024-12378,0.00499,0.4178
CVE-2024-12379,0.00508,0.42392
CVE-2024-12380,0.00562,0.45539
CVE-2024-12381,0.04838,0.9161
CVE-2024-12382,0.04908,0.91719
CVE-2024-12383,0.00196,0.09639
CVE-2024-12384,0.00339,0.27481
CVE-2024-12385,0.002,0.10223
CVE-2024-12386,0.00221,0.12893
CVE-2024-12387,0.00729,0.52818
CVE-2024-12388,0.00729,0.52817
CVE-2024-12389,0.01653,0.75539
CVE-2024-12390,0.01653,0.75539
CVE-2024-12391,0.00947,0.59662
CVE-2024-12392,0.00596,0.47194
CVE-2024-12393,0.00336,0.27143
CVE-2024-12394,0.0036,0.29805
CVE-2024-12395,0.00485,0.40918
CVE-2024-12397,0.00824,0.55869
CVE-2024-12398,0.00536,0.44137
CVE-2024-12399,0.00172,0.06978
CVE-2024-12400,0.00274,0.20007
CVE-2024-12401,0.00673,0.50702
CVE-2024-12402,0.00614,0.48088
CVE-2024-12403,0.00328,0.26158
CVE-2024-12404,0.00807,0.55344
CVE-2024-12405,0.00291,0.21939
CVE-2024-12406,0.00416,0.35576
CVE-2024-12407,0.00355,0.29296
CVE-2024-12408,0.00291,0.21939
CVE-2024-12409,0.00349,0.28583
CVE-2024-12410,0.00442,0.37893
CVE-2024-12411,0.00299,0.22808
CVE-2024-12412,0.00355,0.29295
CVE-2024-12413,0.00387,0.32699
CVE-2024-12414,0.00213,0.11909
CVE-2024-12415,0.00471,0.39908
CVE-2024-12416,0.00462,0.39306
CVE-2024-12417,0.00478,0.40432
CVE-2024-12419,0.00457,0.38986
CVE-2024-12420,0.00381,0.31993
CVE-2024-12421,0.00494,0.41518
CVE-2024-12422,0.00373,0.3118
CVE-2024-12423,0.0036,0.29806
CVE-2024-12425,0.00323,0.25534
CVE-2024-12426,0.00548,0.44812
CVE-2024-12427,0.00399,0.34001
CVE-2024-12428,0.00479,0.40524
CVE-2024-12429,0.00353,0.2905
CVE-2024-12430,0.00335,0.27034
CVE-2024-12431,0.0043,0.36866
CVE-2024-12432,0.00546,0.44675
CVE-2024-12433,0.01692,0.76113
CVE-2024-12434,0.00553,0.45076
CVE-2024-12435,0.00368,0.30651
CVE-2024-12436,0.0022,0.12708
CVE-2024-12437,0.00404,0.34468
CVE-2024-12438,0.00384,0.32327
CVE-2024-12439,0.0033,0.2637
CVE-2024-12440,0.00289,0.21775
CVE-2024-12441,0.00417,0.35648
CVE-2024-12442,0.01093,0.64009
CVE-2024-12443,0.00346,0.28315
CVE-2024-12444,0.00274,0.20085
CVE-2024-12445,0.00337,0.27204
CVE-2024-12446,0.00283,0.21102
CVE-2024-12447,0.00309,0.23898
CVE-2024-12448,0.00301,0.2297
CVE-2024-12449,0.00276,0.20235
CVE-2024-12450,0.01323,0.69687
CVE-2024-12451,0.00274,0.20086
CVE-2024-12452,0.00295,0.22352
CVE-2024-12453,0.00344,0.28065
CVE-2024-12454,0.00202,0.10428
CVE-2024-12457,0.00311,0.24171
CVE-2024-12458,0.00368,0.30619
CVE-2024-12459,0.00434,0.37182
CVE-2024-12460,0.00296,0.22512
CVE-2024-12461,0.00489,0.41212
CVE-2024-12462,0.00339,0.2751
CVE-2024-12463,0.00314,0.24554
CVE-2024-12464,0.00317,0.24917
CVE-2024-12465,0.00311,0.24198
CVE-2024-12466,0.0044,0.37727
CVE-2024-12467,0.00357,0.29485
CVE-2024-12468,0.00466,0.39569
CVE-2024-12469,0.00452,0.38662
CVE-2024-12470,0.00641,0.49331
CVE-2024-12471,0.01516,0.73442
CVE-2024-12472,0.00309,0.23978
CVE-2024-12473,0.00511,0.42589
CVE-2024-12474,0.00353,0.2907
CVE-2024-12475,0.00314,0.24532
CVE-2024-12476,0.00278,0.20451
CVE-2024-12477,0.00224,0.13257
CVE-2024-12478,0.00571,0.46029
CVE-2024-12479,0.00602,0.47517
CVE-2024-12480,0.00563,0.45625
CVE-2024-12481,0.00602,0.47517
CVE-2024-12482,0.0098,0.60768
CVE-2024-12483,0.03556,0.88816
CVE-2024-12484,0.00999,0.61309
CVE-2024-12485,0.00574,0.46155
CVE-2024-12486,0.00574,0.46154
CVE-2024-12487,0.00574,0.46155
CVE-2024-12488,0.00574,0.46154
CVE-2024-12489,0.00574,0.46155
CVE-2024-12490,0.00761,0.53865
CVE-2024-12491,0.00337,0.27205
CVE-2024-12492,0.00716,0.52343
CVE-2024-12493,0.00317,0.24917
CVE-2024-12494,0.00299,0.22852
CVE-2024-12495,0.0032,0.25186
CVE-2024-12496,0.00344,0.28065
CVE-2024-12497,0.00869,0.57268
CVE-2024-12499,0.00246,0.16234
CVE-2024-12500,0.0043,0.36855
CVE-2024-12501,0.00354,0.29205
CVE-2024-12502,0.00368,0.30619
CVE-2024-12503,0.00523,0.43386
CVE-2024-12504,0.00224,0.13258
CVE-2024-12505,0.00318,0.24926
CVE-2024-12506,0.00358,0.29654
CVE-2024-12507,0.00345,0.28115
CVE-2024-12508,0.00275,0.20192
CVE-2024-12509,0.00276,0.20234
CVE-2024-12510,0.00967,0.60294
CVE-2024-12511,0.00622,0.48463
CVE-2024-12512,0.00246,0.16234
CVE-2024-12513,0.0034,0.27567
CVE-2024-12514,0.0026,0.17978
CVE-2024-12515,0.00337,0.27205
CVE-2024-12516,0.00232,0.14373
CVE-2024-12517,0.00363,0.30134
CVE-2024-12518,0.00276,0.20234
CVE-2024-12519,0.00337,0.27254
CVE-2024-12520,0.00318,0.24952
CVE-2024-12521,0.00275,0.20192
CVE-2024-12522,0.00416,0.35636
CVE-2024-12523,0.0045,0.38489
CVE-2024-12524,0.00302,0.23178
CVE-2024-12525,0.00299,0.22853
CVE-2024-12526,0.00181,0.07952
CVE-2024-12527,0.00337,0.27254
CVE-2024-12528,0.00337,0.27205
CVE-2024-12529,0.00246,0.16234
CVE-2024-12530,0.00186,0.08404
CVE-2024-12532,0.00348,0.28535
CVE-2024-12533,0.00145,0.04193
CVE-2024-12535,0.00588,0.46833
CVE-2024-12536,0.00416,0.35595
CVE-2024-12538,0.00328,0.26182
CVE-2024-12539,0.0046,0.39141
CVE-2024-12541,0.00161,0.05749
CVE-2024-12542,0.01337,0.70034
CVE-2024-12543,0.00335,0.26999
CVE-2024-12544,0.00768,0.54088
CVE-2024-12545,0.00206,0.10963
CVE-2024-12547,0.0085,0.56671
CVE-2024-12548,0.00349,0.28622
CVE-2024-12549,0.00355,0.29312
CVE-2024-12550,0.00348,0.28545
CVE-2024-12551,0.0041,0.34985
CVE-2024-12552,0.00216,0.12353
CVE-2024-12553,0.00598,0.47317
CVE-2024-12554,0.00209,0.11332
CVE-2024-12555,0.00202,0.10385
CVE-2024-12556,0.00544,0.44559
CVE-2024-12557,0.00196,0.09609
CVE-2024-12558,0.01218,0.67315
CVE-2024-12559,0.00399,0.34001
CVE-2024-12560,0.00362,0.30108
CVE-2024-12561,0.00342,0.27843
CVE-2024-12562,0.00949,0.59735
CVE-2024-12563,0.00625,0.48617
CVE-2024-12564,0.00674,0.5076
CVE-2024-12566,0.00303,0.23316
CVE-2024-12567,0.00303,0.23315
CVE-2024-12568,0.00303,0.23316
CVE-2024-12569,0.00148,0.04391
CVE-2024-12570,0.00446,0.38231
CVE-2024-12571,0.00901,0.58224
CVE-2024-12572,0.00163,0.05909
CVE-2024-12574,0.0028,0.20698
CVE-2024-12575,0.00273,0.19924
CVE-2024-12576,0.00146,0.04213
CVE-2024-12577,0.00172,0.06964
CVE-2024-12578,0.00503,0.42064
CVE-2024-12579,0.00349,0.28558
CVE-2024-12580,0.00498,0.41761
CVE-2024-12581,0.00473,0.40062
CVE-2024-12582,0.00493,0.41456
CVE-2024-12583,0.01393,0.71203
CVE-2024-12584,0.00362,0.30108
CVE-2024-12585,0.00616,0.48207
CVE-2024-12586,0.00311,0.24251
CVE-2024-12587,0.00357,0.29545
CVE-2024-12588,0.0025,0.16724
CVE-2024-12589,0.00255,0.17362
CVE-2024-12590,0.00275,0.20193
CVE-2024-12591,0.00337,0.27255
CVE-2024-12592,0.0027,0.19426
CVE-2024-12593,0.00404,0.34468
CVE-2024-12594,0.00719,0.52448
CVE-2024-12595,0.00319,0.25137
CVE-2024-12596,0.00334,0.26873
CVE-2024-12597,0.00319,0.25121
CVE-2024-12598,0.00339,0.2751
CVE-2024-12599,0.00338,0.27354
CVE-2024-12600,0.00719,0.52465
CVE-2024-12601,0.00578,0.46356
CVE-2024-12602,0.00246,0.16216
CVE-2024-12603,0.00552,0.45044
CVE-2024-12604,0.00201,0.10315
CVE-2024-12605,0.00206,0.10972
CVE-2024-12606,0.00304,0.23365
CVE-2024-12607,0.00341,0.27668
CVE-2024-12609,0.00381,0.31972
CVE-2024-12610,0.003,0.22906
CVE-2024-12611,0.00326,0.25971
CVE-2024-12612,0.00429,0.36758
CVE-2024-12613,0.00507,0.4235
CVE-2024-12614,0.0039,0.32949
CVE-2024-12615,0.0049,0.41252
CVE-2024-12616,0.00333,0.26815
CVE-2024-12617,0.00304,0.23379
CVE-2024-12618,0.00336,0.27059
CVE-2024-12619,0.00263,0.18426
CVE-2024-12620,0.00306,0.2358
CVE-2024-12621,0.00344,0.28066
CVE-2024-12622,0.00359,0.29694
CVE-2024-12623,0.00283,0.21036
CVE-2024-12624,0.0025,0.16698
CVE-2024-12626,0.00747,0.53416
CVE-2024-12627,0.0054,0.44343
CVE-2024-12628,0.00394,0.33456
CVE-2024-12629,0.0069,0.51394
CVE-2024-12633,0.00285,0.2129
CVE-2024-12634,0.00189,0.08784
CVE-2024-12635,0.00434,0.37177
CVE-2024-12636,0.0017,0.06719
CVE-2024-12637,0.00524,0.43467
CVE-2024-12638,0.00548,0.44794
CVE-2024-12641,0.01429,0.71862
CVE-2024-12642,0.0037,0.30956
CVE-2024-12643,0.00334,0.26828
CVE-2024-12644,0.003,0.22909
CVE-2024-12645,0.00304,0.23387
CVE-2024-12646,0.00327,0.26018
CVE-2024-12647,0.01202,0.66891
CVE-2024-12648,0.01177,0.66265
CVE-2024-12649,0.01202,0.66892
CVE-2024-12650,0.0029,0.21793
CVE-2024-12651,0.00374,0.31356
CVE-2024-12652,0.00757,0.53745
CVE-2024-12653,0.00379,0.31844
CVE-2024-12654,0.00321,0.2538
CVE-2024-12655,0.00464,0.39418
CVE-2024-12656,0.00314,0.24549
CVE-2024-12657,0.00379,0.31766
CVE-2024-12658,0.00464,0.39417
CVE-2024-12659,0.00464,0.39418
CVE-2024-12660,0.00464,0.39417
CVE-2024-12661,0.00382,0.32107
CVE-2024-12662,0.00319,0.25051
CVE-2024-12663,0.00441,0.37758
CVE-2024-12664,0.00458,0.39073
CVE-2024-12665,0.00434,0.3723
CVE-2024-12666,0.00523,0.4335
CVE-2024-12667,0.00528,0.43688
CVE-2024-12668,0.00211,0.11684
CVE-2024-12669,0.00301,0.23014
CVE-2024-12670,0.00329,0.26299
CVE-2024-12671,0.00338,0.27384
CVE-2024-12672,0.00226,0.13576
CVE-2024-12673,0.00181,0.07893
CVE-2024-12677,0.00333,0.26768
CVE-2024-12678,0.00541,0.44408
CVE-2024-12679,0.00312,0.24321
CVE-2024-12680,0.00312,0.24321
CVE-2024-12682,0.00269,0.19272
CVE-2024-12683,0.00276,0.20314
CVE-2024-12686,0.13788,0.96348
CVE-2024-12687,0.00666,0.50416
CVE-2024-12692,0.07194,0.94031
CVE-2024-12693,0.00451,0.38577
CVE-2024-12694,0.00368,0.30665
CVE-2024-12695,0.00427,0.36565
CVE-2024-12696,0.00413,0.3529
CVE-2024-12697,0.00276,0.20235
CVE-2024-12698,0.00477,0.40356
CVE-2024-12699,0.00337,0.27204
CVE-2024-12700,0.00575,0.46183
CVE-2024-12701,0.00363,0.30149
CVE-2024-12703,0.00305,0.23471
CVE-2024-12704,0.00815,0.55591
CVE-2024-12705,0.18367,0.97102
CVE-2024-12706,0.00213,0.11896
CVE-2024-12708,0.00266,0.18764
CVE-2024-12709,0.0017,0.06769
CVE-2024-12710,0.00359,0.29703
CVE-2024-12711,0.00337,0.27267
CVE-2024-12712,0.00346,0.28257
CVE-2024-12713,0.00343,0.27945
CVE-2024-12714,0.00384,0.32367
CVE-2024-12715,0.00384,0.32367
CVE-2024-12716,0.00312,0.2432
CVE-2024-12717,0.00368,0.30643
CVE-2024-12718,0.00768,0.54105
CVE-2024-12719,0.00352,0.28915
CVE-2024-12720,0.00733,0.52927
CVE-2024-12721,0.00678,0.50945
CVE-2024-12722,0.0031,0.2411
CVE-2024-12723,0.00279,0.20599
CVE-2024-12724,0.00573,0.46101
CVE-2024-12725,0.00332,0.26582
CVE-2024-12726,0.00326,0.2595
CVE-2024-12727,0.0141,0.71508
CVE-2024-12728,0.00948,0.59699
CVE-2024-12729,0.01314,0.69495
CVE-2024-12731,0.00363,0.30204
CVE-2024-12732,0.00573,0.461
CVE-2024-12733,0.00326,0.25951
CVE-2024-12734,0.00573,0.46101
CVE-2024-12735,0.00562,0.45551
CVE-2024-12736,0.00338,0.27376
CVE-2024-12737,0.00601,0.47484
CVE-2024-12738,0.0039,0.3303
CVE-2024-12739,0.00312,0.24315
CVE-2024-12740,0.0019,0.08981
CVE-2024-12741,0.0423,0.90582
CVE-2024-12742,0.05535,0.92477
CVE-2024-12743,0.00341,0.27685
CVE-2024-12744,0.00591,0.46996
CVE-2024-12745,0.0053,0.4378
CVE-2024-12746,0.00463,0.39371
CVE-2024-12747,0.00384,0.32364
CVE-2024-12749,0.00582,0.46563
CVE-2024-12750,0.00182,0.08048
CVE-2024-12751,0.00392,0.33241
CVE-2024-12752,0.00328,0.26185
CVE-2024-12753,0.00278,0.20545
CVE-2024-12754,0.01179,0.66335
CVE-2024-12755,0.00318,0.25034
CVE-2024-12756,0.00284,0.21198
CVE-2024-12757,0.00523,0.43392
CVE-2024-12761,0.00705,0.51958
CVE-2024-12766,0.00746,0.5337
CVE-2024-12767,0.00329,0.2624
CVE-2024-12768,0.00342,0.27886
CVE-2024-12769,0.00257,0.17671
CVE-2024-12770,0.00341,0.27683
CVE-2024-12771,0.00263,0.18428
CVE-2024-12772,0.00332,0.26621
CVE-2024-12773,0.00624,0.48608
CVE-2024-12774,0.00226,0.13604
CVE-2024-12775,0.00648,0.49673
CVE-2024-12776,0.00651,0.49826
CVE-2024-12777,0.00473,0.40114
CVE-2024-12778,0.00779,0.54429
CVE-2024-12779,0.00647,0.49625
CVE-2024-12781,0.00329,0.26229
CVE-2024-12782,0.00721,0.5253
CVE-2024-12783,0.00393,0.33338
CVE-2024-12784,0.0055,0.44902
CVE-2024-12785,0.00517,0.43017
CVE-2024-12786,0.00217,0.12452
CVE-2024-12787,0.00647,0.49632
CVE-2024-12788,0.00778,0.54413
CVE-2024-12789,0.00528,0.43686
CVE-2024-12790,0.0055,0.44892
CVE-2024-12791,0.00646,0.49566
CVE-2024-12792,0.00636,0.49138
CVE-2024-12793,0.0049,0.41279
CVE-2024-12794,0.00535,0.44132
CVE-2024-12796,0.00259,0.17907
CVE-2024-12797,0.02531,0.84234
CVE-2024-12798,0.00457,0.38973
CVE-2024-12799,0.0038,0.31878
CVE-2024-12800,0.00312,0.24323
CVE-2024-12801,0.00225,0.13503
CVE-2024-12802,0.00497,0.41717
CVE-2024-12803,0.00805,0.55292
CVE-2024-12805,0.00709,0.52093
CVE-2024-12806,0.00641,0.49323
CVE-2024-12807,0.00297,0.22593
CVE-2024-12808,0.00312,0.24321
CVE-2024-12809,0.00306,0.2359
CVE-2024-12810,0.00334,0.26861
CVE-2024-12811,0.00761,0.53869
CVE-2024-12812,0.00521,0.4324
CVE-2024-12813,0.00293,0.22178
CVE-2024-12814,0.00423,0.36284
CVE-2024-12815,0.00296,0.22546
CVE-2024-12816,0.00307,0.23719
CVE-2024-12817,0.00307,0.23719
CVE-2024-12818,0.00275,0.20192
CVE-2024-12819,0.0033,0.2637
CVE-2024-12820,0.00234,0.146
CVE-2024-12821,0.00362,0.30109
CVE-2024-12822,0.00578,0.46326
CVE-2024-12824,0.02342,0.82908
CVE-2024-12825,0.00264,0.18601
CVE-2024-12826,0.00337,0.27246
CVE-2024-12827,0.00374,0.3135
CVE-2024-12828,0.33467,0.98307
CVE-2024-12829,0.01255,0.68224
CVE-2024-12830,0.00994,0.61184
CVE-2024-12831,0.00163,0.05936
CVE-2024-12832,0.00482,0.40708
CVE-2024-12833,0.00862,0.57042
CVE-2024-12834,0.00351,0.28836
CVE-2024-12835,0.00342,0.27845
CVE-2024-12836,0.00345,0.28129
CVE-2024-12837,0.00164,0.06042
CVE-2024-12838,0.00741,0.53194
CVE-2024-12839,0.00701,0.51803
CVE-2024-12841,0.00376,0.31469
CVE-2024-12842,0.00395,0.33591
CVE-2024-12843,0.00361,0.29939
CVE-2024-12844,0.00399,0.33992
CVE-2024-12845,0.00369,0.30737
CVE-2024-12846,0.00406,0.34675
CVE-2024-12847,0.29939,0.98127
CVE-2024-12848,0.00959,0.60018
CVE-2024-12849,0.46858,0.98776
CVE-2024-12850,0.0084,0.56376
CVE-2024-12851,0.00294,0.22208
CVE-2024-12852,0.00294,0.22208
CVE-2024-12853,0.00863,0.57094
CVE-2024-12854,0.00817,0.55641
CVE-2024-12855,0.00273,0.19889
CVE-2024-12856,0.8422,0.99685
CVE-2024-12857,0.00746,0.53377
CVE-2024-12859,0.00604,0.47639
CVE-2024-12860,0.00492,0.41375
CVE-2024-12861,0.00353,0.29099
CVE-2024-12862,0.00293,0.22199
CVE-2024-12863,0.00385,0.32417
CVE-2024-12864,0.0086,0.57009
CVE-2024-12866,0.01518,0.73457
CVE-2024-12867,0.00486,0.40977
CVE-2024-12869,0.00539,0.44327
CVE-2024-12870,0.00509,0.42448
CVE-2024-12871,0.0039,0.33028
CVE-2024-12872,0.00267,0.19049
CVE-2024-12873,0.00583,0.46568
CVE-2024-12874,0.00317,0.24906
CVE-2024-12875,0.0098,0.60744
CVE-2024-12876,0.00443,0.37924
CVE-2024-12877,0.01257,0.68285
CVE-2024-12878,0.00617,0.48239
CVE-2024-12879,0.00267,0.19059
CVE-2024-12880,0.0068,0.51025
CVE-2024-12881,0.00419,0.35882
CVE-2024-12882,0.00752,0.53575
CVE-2024-12883,0.00799,0.5507
CVE-2024-12884,0.00786,0.54642
CVE-2024-12885,0.00571,0.46007
CVE-2024-12886,0.00719,0.52462
CVE-2024-12890,0.00518,0.4305
CVE-2024-12891,0.00518,0.43051
CVE-2024-12892,0.00378,0.31733
CVE-2024-12893,0.00481,0.40644
CVE-2024-12894,0.00525,0.43505
CVE-2024-12895,0.00525,0.43505
CVE-2024-12896,0.00472,0.40021
CVE-2024-12897,0.00472,0.40016
CVE-2024-12898,0.00529,0.43711
CVE-2024-12899,0.00608,0.4782
CVE-2024-12900,0.0071,0.52131
CVE-2024-12901,0.00612,0.47993
CVE-2024-12902,0.00169,0.06647
CVE-2024-12903,0.00199,0.10067
CVE-2024-12905,0.02216,0.81903
CVE-2024-12907,0.00393,0.33319
CVE-2024-12908,0.0073,0.52827
CVE-2024-12909,0.01444,0.72125
CVE-2024-12910,0.00685,0.51225
CVE-2024-12911,0.00512,0.42661
CVE-2024-12912,0.01238,0.67804
CVE-2024-12913,0.00174,0.07147
CVE-2024-12914,0.00191,0.09065
CVE-2024-12915,0.00186,0.08462
CVE-2024-12916,0.00421,0.36079
CVE-2024-12917,0.00438,0.37532
CVE-2024-12918,0.00421,0.36079
CVE-2024-12919,0.00559,0.45382
CVE-2024-12920,0.00404,0.34509
CVE-2024-12921,0.00242,0.15727
CVE-2024-12922,0.00508,0.42392
CVE-2024-12923,0.00237,0.14998
CVE-2024-12924,0.00187,0.08596
CVE-2024-12925,0.00153,0.04782
CVE-2024-12926,0.00518,0.4305
CVE-2024-12927,0.00571,0.46003
CVE-2024-12928,0.00395,0.33503
CVE-2024-12929,0.00395,0.33504
CVE-2024-12930,0.00397,0.33767
CVE-2024-12931,0.00538,0.44274
CVE-2024-12932,0.00397,0.33767
CVE-2024-12933,0.00397,0.33766
CVE-2024-12934,0.00395,0.33504
CVE-2024-12935,0.00564,0.45692
CVE-2024-12936,0.00564,0.45693
CVE-2024-12937,0.00538,0.44273
CVE-2024-12938,0.00531,0.43838
CVE-2024-12939,0.00447,0.38241
CVE-2024-12940,0.00663,0.50305
CVE-2024-12941,0.00455,0.38873
CVE-2024-12942,0.00649,0.49733
CVE-2024-12943,0.00649,0.49732
CVE-2024-12944,0.00649,0.49731
CVE-2024-12945,0.00649,0.49731
CVE-2024-12946,0.00583,0.46604
CVE-2024-12947,0.00543,0.44528
CVE-2024-12948,0.00578,0.46354
CVE-2024-12949,0.00424,0.36341
CVE-2024-12950,0.00382,0.32075
CVE-2024-12951,0.00687,0.51278
CVE-2024-12952,0.005,0.41909
CVE-2024-12953,0.00711,0.52185
CVE-2024-12954,0.00711,0.52185
CVE-2024-12955,0.00793,0.54895
CVE-2024-12956,0.00526,0.43574
CVE-2024-12957,0.0016,0.05605
CVE-2024-12958,0.00749,0.53486
CVE-2024-12959,0.00749,0.53485
CVE-2024-12960,0.00749,0.53486
CVE-2024-12961,0.00649,0.49732
CVE-2024-12962,0.00612,0.47976
CVE-2024-12963,0.00649,0.49732
CVE-2024-12964,0.00502,0.42035
CVE-2024-12965,0.00611,0.47953
CVE-2024-12966,0.00611,0.47953
CVE-2024-12967,0.00611,0.47953
CVE-2024-12968,0.00611,0.47953
CVE-2024-12969,0.00619,0.48325
CVE-2024-12970,0.0134,0.70087
CVE-2024-12971,0.61487,0.99128
CVE-2024-12972,0.00191,0.09064
CVE-2024-12973,0.00149,0.04436
CVE-2024-12974,0.00191,0.09064
CVE-2024-12975,0.00199,0.1004
CVE-2024-12976,0.00657,0.50088
CVE-2024-12977,0.0055,0.44903
CVE-2024-12978,0.00682,0.51095
CVE-2024-12979,0.00507,0.42306
CVE-2024-12980,0.00507,0.42307
CVE-2024-12981,0.0055,0.44902
CVE-2024-12982,0.00401,0.342
CVE-2024-12983,0.00535,0.44082
CVE-2024-12984,0.00593,0.47076
CVE-2024-12985,0.0183,0.77949
CVE-2024-12986,0.32771,0.98276
CVE-2024-12987,0.98084,0.9991
CVE-2024-12988,0.00831,0.56081
CVE-2024-12989,0.00434,0.37224
CVE-2024-12990,0.00335,0.27045
CVE-2024-12991,0.00316,0.24808
CVE-2024-12992,0.01182,0.66415
CVE-2024-12993,0.00247,0.16307
CVE-2024-12994,0.00542,0.44474
CVE-2024-12995,0.00421,0.3613
CVE-2024-12998,0.00474,0.40205
CVE-2024-12999,0.00488,0.41137
CVE-2024-13000,0.00488,0.41137
CVE-2024-13001,0.00414,0.35375
CVE-2024-13002,0.00649,0.49732
CVE-2024-13003,0.0068,0.51018
CVE-2024-13004,0.00749,0.53486
CVE-2024-13005,0.0068,0.51018
CVE-2024-13006,0.00705,0.51946
CVE-2024-13007,0.00713,0.5225
CVE-2024-13008,0.00684,0.51165
CVE-2024-13009,0.00525,0.43533
CVE-2024-13010,0.00303,0.23299
CVE-2024-13011,0.00866,0.57167
CVE-2024-13012,0.00526,0.43536
CVE-2024-13013,0.00351,0.28828
CVE-2024-13014,0.00543,0.44515
CVE-2024-13015,0.003,0.22908
CVE-2024-13016,0.00398,0.33826
CVE-2024-13017,0.00402,0.34243
CVE-2024-13018,0.003,0.22908
CVE-2024-13019,0.00297,0.22564
CVE-2024-13020,0.00395,0.33504
CVE-2024-13021,0.00471,0.3994
CVE-2024-13022,0.00426,0.36523
CVE-2024-13023,0.00358,0.29615
CVE-2024-13024,0.0059,0.4694
CVE-2024-13025,0.00668,0.50493
CVE-2024-13026,0.00127,0.02689
CVE-2024-13028,0.00747,0.53417
CVE-2024-13029,0.00521,0.43275
CVE-2024-13030,0.01927,0.79099
CVE-2024-13031,0.00379,0.31805
CVE-2024-13032,0.00533,0.43978
CVE-2024-13033,0.00305,0.2341
CVE-2024-13034,0.00467,0.39667
CVE-2024-13035,0.00408,0.34809
CVE-2024-13036,0.00324,0.25689
CVE-2024-13037,0.00435,0.37268
CVE-2024-13038,0.00758,0.53771
CVE-2024-13039,0.00563,0.45614
CVE-2024-13040,0.00472,0.40026
CVE-2024-13041,0.00282,0.20988
CVE-2024-13042,0.0037,0.30921
CVE-2024-13043,0.00283,0.21042
CVE-2024-13044,0.00229,0.13958
CVE-2024-13045,0.0034,0.27614
CVE-2024-13046,0.00296,0.22507
CVE-2024-13047,0.00296,0.22507
CVE-2024-13048,0.00296,0.22508
CVE-2024-13049,0.00229,0.13958
CVE-2024-13050,0.00294,0.22318
CVE-2024-13051,0.00294,0.22318
CVE-2024-13052,0.00325,0.25814
CVE-2024-13053,0.00312,0.24319
CVE-2024-13054,0.00636,0.49127
CVE-2024-13055,0.00537,0.44197
CVE-2024-13056,0.00325,0.25814
CVE-2024-13057,0.0016,0.05622
CVE-2024-13058,0.00425,0.36436
CVE-2024-13059,0.21298,0.97491
CVE-2024-13060,0.00481,0.40641
CVE-2024-13061,0.01284,0.68848
CVE-2024-13062,0.00983,0.60827
CVE-2024-13063,0.00216,0.12352
CVE-2024-13064,0.00191,0.09064
CVE-2024-13065,0.00198,0.09847
CVE-2024-13066,0.00179,0.07714
CVE-2024-13067,0.00824,0.55864
CVE-2024-13068,0.00154,0.04901
CVE-2024-13069,0.00433,0.3715
CVE-2024-13070,0.00518,0.43052
CVE-2024-13071,0.00236,0.14836
CVE-2024-13072,0.00649,0.49698
CVE-2024-13073,0.00301,0.23024
CVE-2024-13074,0.00297,0.22564
CVE-2024-13075,0.00379,0.31787
CVE-2024-13076,0.00354,0.292
CVE-2024-13077,0.00354,0.292
CVE-2024-13078,0.00484,0.40821
CVE-2024-13079,0.00517,0.43029
CVE-2024-13080,0.00297,0.22564
CVE-2024-13081,0.00321,0.25404
CVE-2024-13082,0.00326,0.25912
CVE-2024-13083,0.00321,0.25404
CVE-2024-13084,0.00408,0.34808
CVE-2024-13085,0.00506,0.42274
CVE-2024-13086,0.00413,0.35266
CVE-2024-13087,0.00624,0.48602
CVE-2024-13088,0.00265,0.18664
CVE-2024-13089,0.01018,0.61888
CVE-2024-13090,0.00134,0.03297
CVE-2024-13091,0.00829,0.56022
CVE-2024-13092,0.00564,0.45685
CVE-2024-13093,0.00564,0.45685
CVE-2024-13094,0.00571,0.46014
CVE-2024-13095,0.00305,0.23485
CVE-2024-13096,0.0017,0.06682
CVE-2024-13097,0.00693,0.51515
CVE-2024-13098,0.00708,0.5206
CVE-2024-13099,0.00693,0.51515
CVE-2024-13100,0.00306,0.23543
CVE-2024-13101,0.00316,0.24777
CVE-2024-13102,0.00801,0.55122
CVE-2024-13103,0.00827,0.55945
CVE-2024-13104,0.0074,0.53165
CVE-2024-13105,0.00801,0.55122
CVE-2024-13106,0.27198,0.97966
CVE-2024-13107,0.01088,0.63904
CVE-2024-13108,0.00989,0.61041
CVE-2024-13109,0.00569,0.45925
CVE-2024-13110,0.00617,0.48216
CVE-2024-13111,0.00766,0.54038
CVE-2024-13112,0.00594,0.47103
CVE-2024-13113,0.00336,0.27076
CVE-2024-13114,0.00584,0.46636
CVE-2024-13115,0.00179,0.07697
CVE-2024-13116,0.00343,0.27964
CVE-2024-13117,0.00488,0.41141
CVE-2024-13118,0.00186,0.08411
CVE-2024-13119,0.00357,0.29567
CVE-2024-13120,0.00314,0.24512
CVE-2024-13121,0.0032,0.25258
CVE-2024-13122,0.00257,0.17672
CVE-2024-13123,0.00257,0.17672
CVE-2024-13124,0.00257,0.17701
CVE-2024-13125,0.0034,0.27534
CVE-2024-13126,0.00473,0.40085
CVE-2024-13127,0.00312,0.24318
CVE-2024-13128,0.00341,0.27684
CVE-2024-13129,0.17797,0.97036
CVE-2024-13130,0.00578,0.46356
CVE-2024-13132,0.00392,0.33177
CVE-2024-13133,0.00362,0.30092
CVE-2024-13134,0.00376,0.31535
CVE-2024-13135,0.00301,0.23065
CVE-2024-13136,0.00601,0.47495
CVE-2024-13137,0.00337,0.27174
CVE-2024-13138,0.00437,0.37444
CVE-2024-13139,0.00556,0.45193
CVE-2024-13140,0.00327,0.26037
CVE-2024-13141,0.00393,0.33372
CVE-2024-13142,0.00425,0.36461
CVE-2024-13143,0.00294,0.22212
CVE-2024-13144,0.00426,0.36523
CVE-2024-13145,0.00426,0.36523
CVE-2024-13146,0.00231,0.14231
CVE-2024-13147,0.00404,0.34475
CVE-2024-13148,0.00412,0.352
CVE-2024-13149,0.00437,0.37459
CVE-2024-13150,0.00354,0.2924
CVE-2024-13151,0.00356,0.29397
CVE-2024-13152,0.00508,0.42424
CVE-2024-13153,0.00314,0.24532
CVE-2024-13155,0.00352,0.28932
CVE-2024-13156,0.00353,0.29059
CVE-2024-13157,0.00426,0.36483
CVE-2024-13158,0.03465,0.88546
CVE-2024-13159,0.99992,0.99987
CVE-2024-13160,0.91247,0.99805
CVE-2024-13161,0.90081,0.9979
CVE-2024-13162,0.64176,0.99192
CVE-2024-13163,0.09214,0.95114
CVE-2024-13164,0.00375,0.31402
CVE-2024-13165,0.02642,0.84945
CVE-2024-13166,0.02435,0.83582
CVE-2024-13167,0.02642,0.84945
CVE-2024-13168,0.02642,0.84945
CVE-2024-13169,0.00443,0.37964
CVE-2024-13170,0.02713,0.85377
CVE-2024-13171,0.17614,0.97014
CVE-2024-13172,0.00505,0.42212
CVE-2024-13173,0.00354,0.29159
CVE-2024-13174,0.00331,0.26525
CVE-2024-13175,0.0013,0.02984
CVE-2024-13176,0.00613,0.48029
CVE-2024-13177,0.0015,0.04538
CVE-2024-13178,0.00203,0.10553
CVE-2024-13179,0.6296,0.99162
CVE-2024-13180,0.27759,0.98006
CVE-2024-13181,0.32438,0.98259
CVE-2024-13182,0.00635,0.49072
CVE-2024-13183,0.00487,0.41028
CVE-2024-13184,0.00537,0.44203
CVE-2024-13185,0.00354,0.29214
CVE-2024-13186,0.00354,0.29214
CVE-2024-13187,0.00234,0.14612
CVE-2024-13188,0.00293,0.22184
CVE-2024-13189,0.0055,0.44924
CVE-2024-13190,0.00478,0.40407
CVE-2024-13191,0.00573,0.46116
CVE-2024-13192,0.00407,0.34789
CVE-2024-13193,0.00506,0.42255
CVE-2024-13194,0.00649,0.49708
CVE-2024-13195,0.00426,0.36523
CVE-2024-13196,0.00313,0.24483
CVE-2024-13197,0.00407,0.34789
CVE-2024-13198,0.00681,0.51062
CVE-2024-13199,0.00457,0.38965
CVE-2024-13200,0.0048,0.40584
CVE-2024-13201,0.0051,0.42545
CVE-2024-13202,0.00403,0.34434
CVE-2024-13203,0.00324,0.25705
CVE-2024-13204,0.0056,0.45461
CVE-2024-13205,0.00546,0.44697
CVE-2024-13206,0.00174,0.0711
CVE-2024-13207,0.00267,0.19133
CVE-2024-13208,0.00306,0.23535
CVE-2024-13209,0.0039,0.32953
CVE-2024-13210,0.00486,0.41009
CVE-2024-13211,0.00377,0.31571
CVE-2024-13212,0.00377,0.31571
CVE-2024-13213,0.00397,0.33767
CVE-2024-13215,0.00522,0.4332
CVE-2024-13216,0.00318,0.2497
CVE-2024-13217,0.00381,0.32009
CVE-2024-13218,0.00357,0.29546
CVE-2024-13219,0.00581,0.46509
CVE-2024-13220,0.00581,0.46509
CVE-2024-13221,0.00594,0.47104
CVE-2024-13222,0.00584,0.46636
CVE-2024-13223,0.00317,0.24841
CVE-2024-13224,0.00594,0.47103
CVE-2024-13225,0.00594,0.47103
CVE-2024-13226,0.00594,0.47104
CVE-2024-13227,0.00466,0.39546
CVE-2024-13228,0.0036,0.29854
CVE-2024-13229,0.00452,0.38615
CVE-2024-13230,0.00439,0.37605
CVE-2024-13231,0.00486,0.40993
CVE-2024-13232,0.00464,0.39454
CVE-2024-13234,0.00478,0.4047
CVE-2024-13235,0.00389,0.32863
CVE-2024-13236,0.0046,0.3914
CVE-2024-13237,0.00236,0.14911
CVE-2024-13238,0.00223,0.13129
CVE-2024-13239,0.0056,0.45414
CVE-2024-13240,0.00375,0.31462
CVE-2024-13241,0.00354,0.29157
CVE-2024-13242,0.00373,0.31258
CVE-2024-13243,0.00272,0.19829
CVE-2024-13244,0.00196,0.09655
CVE-2024-13245,0.00223,0.1313
CVE-2024-13246,0.00268,0.1921
CVE-2024-13247,0.00223,0.13118
CVE-2024-13248,0.00189,0.08824
CVE-2024-13249,0.00215,0.12168
CVE-2024-13250,0.00198,0.09892
CVE-2024-13251,0.00362,0.30025
CVE-2024-13252,0.00223,0.13129
CVE-2024-13253,0.0037,0.30945
CVE-2024-13254,0.00491,0.4131
CVE-2024-13255,0.00505,0.42206
CVE-2024-13256,0.00404,0.34517
CVE-2024-13257,0.00285,0.21299
CVE-2024-13258,0.00642,0.49374
CVE-2024-13259,0.00491,0.4131
CVE-2024-13260,0.00196,0.09656
CVE-2024-13261,0.00146,0.042
CVE-2024-13262,0.00271,0.19571
CVE-2024-13263,0.00259,0.17914
CVE-2024-13264,0.00461,0.39237
CVE-2024-13265,0.00558,0.45323
CVE-2024-13266,0.00347,0.28379
CVE-2024-13267,0.00558,0.45323
CVE-2024-13268,0.00468,0.39696
CVE-2024-13269,0.00366,0.30484
CVE-2024-13270,0.00307,0.23684
CVE-2024-13271,0.00307,0.23684
CVE-2024-13272,0.00242,0.15631
CVE-2024-13273,0.00218,0.12488
CVE-2024-13274,0.00362,0.30074
CVE-2024-13275,0.00362,0.30074
CVE-2024-13276,0.00373,0.31257
CVE-2024-13277,0.00354,0.29157
CVE-2024-13278,0.00354,0.29158
CVE-2024-13279,0.00459,0.39093
CVE-2024-13280,0.00409,0.34909
CVE-2024-13281,0.00354,0.29157
CVE-2024-13282,0.00338,0.27319
CVE-2024-13283,0.00233,0.14426
CVE-2024-13284,0.00196,0.09655
CVE-2024-13285,0.00442,0.37868
CVE-2024-13286,0.00218,0.12488
CVE-2024-13287,0.00218,0.12488
CVE-2024-13288,0.00346,0.2825
CVE-2024-13289,0.00281,0.20885
CVE-2024-13290,0.00303,0.23194
CVE-2024-13291,0.00322,0.25521
CVE-2024-13292,0.00236,0.14902
CVE-2024-13293,0.00137,0.03466
CVE-2024-13294,0.00231,0.14222
CVE-2024-13295,0.00407,0.34756
CVE-2024-13296,0.00407,0.34755
CVE-2024-13297,0.0041,0.35035
CVE-2024-13298,0.00236,0.14902
CVE-2024-13299,0.00369,0.30715
CVE-2024-13300,0.00369,0.30714
CVE-2024-13301,0.00247,0.16281
CVE-2024-13302,0.00303,0.23193
CVE-2024-13303,0.00303,0.23193
CVE-2024-13304,0.00173,0.07083
CVE-2024-13305,0.00236,0.14902
CVE-2024-13306,0.00323,0.2562
CVE-2024-13307,0.00286,0.21406
CVE-2024-13308,0.00256,0.17544
CVE-2024-13309,0.00256,0.17517
CVE-2024-13310,0.00379,0.3183
CVE-2024-13311,0.00346,0.28265
CVE-2024-13312,0.00303,0.23193
CVE-2024-13313,0.00312,0.24313
CVE-2024-13314,0.00391,0.33111
CVE-2024-13315,0.00246,0.16198
CVE-2024-13316,0.00393,0.33331
CVE-2024-13317,0.0017,0.06719
CVE-2024-13318,0.0034,0.27568
CVE-2024-13319,0.00291,0.21902
CVE-2024-13320,0.00396,0.33643
CVE-2024-13321,0.00462,0.3934
CVE-2024-13322,0.01735,0.76681
CVE-2024-13323,0.00388,0.32816
CVE-2024-13325,0.00584,0.46635
CVE-2024-13326,0.00584,0.46635
CVE-2024-13327,0.00584,0.46636
CVE-2024-13328,0.00584,0.46635
CVE-2024-13329,0.00306,0.23522
CVE-2024-13330,0.00573,0.46093
CVE-2024-13331,0.00584,0.46636
CVE-2024-13332,0.00332,0.2663
CVE-2024-13333,0.00895,0.58024
CVE-2024-13334,0.00291,0.21902
CVE-2024-13335,0.00244,0.15853
CVE-2024-13336,0.00167,0.06352
CVE-2024-13337,0.00193,0.09219
CVE-2024-13338,0.00153,0.04793
CVE-2024-13339,0.00153,0.04782
CVE-2024-13340,0.00306,0.23604
CVE-2024-13341,0.0048,0.40553
CVE-2024-13342,0.00735,0.53021
CVE-2024-13343,0.00421,0.36107
CVE-2024-13344,0.00396,0.3363
CVE-2024-13345,0.00547,0.44774
CVE-2024-13346,0.02297,0.82537
CVE-2024-13347,0.00595,0.47181
CVE-2024-13349,0.00308,0.23782
CVE-2024-13350,0.00236,0.14918
CVE-2024-13351,0.00363,0.30117
CVE-2024-13352,0.00561,0.45531
CVE-2024-13353,0.00742,0.53239
CVE-2024-13354,0.00224,0.13258
CVE-2024-13355,0.00363,0.30164
CVE-2024-13356,0.00233,0.1442
CVE-2024-13357,0.00312,0.2432
CVE-2024-13358,0.00263,0.18421
CVE-2024-13359,0.00918,0.58744
CVE-2024-13360,0.0024,0.15401
CVE-2024-13361,0.00318,0.24956
CVE-2024-13362,0.00276,0.20324
CVE-2024-13363,0.00362,0.30004
CVE-2024-13364,0.00466,0.39535
CVE-2024-13365,0.01584,0.74517
CVE-2024-13366,0.00282,0.2099
CVE-2024-13367,0.00372,0.3116
CVE-2024-13368,0.00341,0.27713
CVE-2024-13369,0.00487,0.41027
CVE-2024-13370,0.00398,0.3381
CVE-2024-13371,0.00525,0.43513
CVE-2024-13372,0.00427,0.36599
CVE-2024-13373,0.00409,0.34933
CVE-2024-13374,0.00308,0.23797
CVE-2024-13375,0.01442,0.721
CVE-2024-13376,0.00355,0.29347
CVE-2024-13377,0.0032,0.25263
CVE-2024-13378,0.00292,0.22041
CVE-2024-13379,0.00308,0.2378
CVE-2024-13380,0.00332,0.26569
CVE-2024-13381,0.00256,0.17606
CVE-2024-13382,0.00312,0.24313
CVE-2024-13383,0.00312,0.24316
CVE-2024-13384,0.00312,0.24316
CVE-2024-13385,0.00337,0.27254
CVE-2024-13386,0.00339,0.2751
CVE-2024-13387,0.00275,0.20191
CVE-2024-13388,0.00241,0.15545
CVE-2024-13389,0.00224,0.13259
CVE-2024-13390,0.00323,0.25554
CVE-2024-13391,0.00283,0.21041
CVE-2024-13392,0.00348,0.2853
CVE-2024-13393,0.0034,0.27567
CVE-2024-13394,0.00432,0.37074
CVE-2024-13395,0.00295,0.22352
CVE-2024-13396,0.0038,0.3189
CVE-2024-13397,0.0038,0.31889
CVE-2024-13398,0.00282,0.21005
CVE-2024-13399,0.00295,0.22355
CVE-2024-13400,0.0022,0.1279
CVE-2024-13401,0.00353,0.29059
CVE-2024-13402,0.00239,0.15207
CVE-2024-13403,0.00386,0.3257
CVE-2024-13404,0.00291,0.21902
CVE-2024-13405,0.00183,0.08102
CVE-2024-13406,0.00291,0.21902
CVE-2024-13407,0.0027,0.19492
CVE-2024-13408,0.00592,0.47022
CVE-2024-13409,0.00857,0.56913
CVE-2024-13410,0.00774,0.54287
CVE-2024-13411,0.00305,0.23463
CVE-2024-13412,0.00314,0.24578
CVE-2024-13413,0.00327,0.26034
CVE-2024-13415,0.00299,0.22803
CVE-2024-13416,0.00356,0.29419
CVE-2024-13417,0.0022,0.12843
CVE-2024-13418,0.00706,0.51996
CVE-2024-13419,0.00187,0.08604
CVE-2024-13420,0.00228,0.13831
CVE-2024-13421,0.00775,0.5432
CVE-2024-13422,0.0026,0.18048
CVE-2024-13423,0.00377,0.31594
CVE-2024-13424,0.00239,0.15321
CVE-2024-13425,0.00354,0.29258
CVE-2024-13426,0.00478,0.40473
CVE-2024-13427,0.00277,0.20329
CVE-2024-13428,0.00402,0.34222
CVE-2024-13429,0.00354,0.29258
CVE-2024-13430,0.00331,0.26426
CVE-2024-13431,0.00362,0.30002
CVE-2024-13432,0.00185,0.0834
CVE-2024-13433,0.00276,0.20234
CVE-2024-13434,0.00291,0.21901
CVE-2024-13435,0.00452,0.38596
CVE-2024-13436,0.00137,0.03444
CVE-2024-13437,0.00163,0.0597
CVE-2024-13438,0.00167,0.06375
CVE-2024-13439,0.00329,0.26231
CVE-2024-13440,0.00385,0.32456
CVE-2024-13441,0.00299,0.22851
CVE-2024-13442,0.00426,0.36544
CVE-2024-13443,0.00265,0.18706
CVE-2024-13444,0.00202,0.10428
CVE-2024-13445,0.00279,0.20646
CVE-2024-13446,0.00426,0.36544
CVE-2024-13447,0.0036,0.29799
CVE-2024-13448,0.00889,0.57848
CVE-2024-13449,0.00331,0.26457
CVE-2024-13450,0.00403,0.34428
CVE-2024-13451,0.00354,0.29153
CVE-2024-13452,0.00314,0.24575
CVE-2024-13453,0.00549,0.44857
CVE-2024-13454,0.00082,0.00277
CVE-2024-13455,0.00246,0.16191
CVE-2024-13456,0.00246,0.16133
CVE-2024-13457,0.00323,0.25581
CVE-2024-13458,0.00224,0.13259
CVE-2024-13459,0.00294,0.22314
CVE-2024-13460,0.0022,0.1279
CVE-2024-13461,0.00246,0.16191
CVE-2024-13462,0.00426,0.36483
CVE-2024-13463,0.00242,0.15696
CVE-2024-13464,0.00299,0.22853
CVE-2024-13465,0.00293,0.22178
CVE-2024-13466,0.00339,0.27468
CVE-2024-13467,0.00285,0.21259
CVE-2024-13468,0.00543,0.44545
CVE-2024-13469,0.00214,0.12002
CVE-2024-13470,0.00308,0.23781
CVE-2024-13471,0.00529,0.43718
CVE-2024-13472,0.00561,0.45481
CVE-2024-13473,0.00498,0.41765
CVE-2024-13474,0.00468,0.39731
CVE-2024-13475,0.00476,0.40306
CVE-2024-13476,0.00452,0.38631
CVE-2024-13477,0.00576,0.46256
CVE-2024-13478,0.01218,0.67325
CVE-2024-13479,0.00797,0.55007
CVE-2024-13480,0.00442,0.37871
CVE-2024-13481,0.00999,0.61322
CVE-2024-13482,0.00296,0.22461
CVE-2024-13483,0.00797,0.55007
CVE-2024-13484,0.00224,0.13369
CVE-2024-13485,0.01035,0.62413
CVE-2024-13486,0.00312,0.24314
CVE-2024-13487,0.00715,0.52325
CVE-2024-13488,0.01146,0.65389
CVE-2024-13489,0.00791,0.54802
CVE-2024-13490,0.00442,0.3787
CVE-2024-13491,0.00472,0.40021
CVE-2024-13492,0.00584,0.46672
CVE-2024-13493,0.00336,0.27118
CVE-2024-13494,0.00167,0.06375
CVE-2024-13495,0.00559,0.45365
CVE-2024-13496,0.02231,0.82024
CVE-2024-13497,0.00314,0.24548
CVE-2024-13498,0.00379,0.31782
CVE-2024-13499,0.00591,0.46978
CVE-2024-13500,0.00427,0.3658
CVE-2024-13501,0.00387,0.32655
CVE-2024-13502,0.00637,0.49159
CVE-2024-13503,0.00519,0.43124
CVE-2024-13504,0.00386,0.32612
CVE-2024-13505,0.00252,0.16915
CVE-2024-13506,0.00442,0.37836
CVE-2024-13507,0.00436,0.37419
CVE-2024-13508,0.00286,0.21376
CVE-2024-13509,0.00359,0.29702
CVE-2024-13510,0.00156,0.05133
CVE-2024-13511,0.00191,0.09068
CVE-2024-13512,0.00139,0.03686
CVE-2024-13513,0.00781,0.54508
CVE-2024-13514,0.00346,0.28316
CVE-2024-13515,0.00363,0.3015
CVE-2024-13516,0.00291,0.21939
CVE-2024-13517,0.0024,0.15342
CVE-2024-13518,0.002,0.10141
CVE-2024-13519,0.00264,0.18598
CVE-2024-13520,0.00313,0.24421
CVE-2024-13521,0.00139,0.03671
CVE-2024-13522,0.00171,0.06798
CVE-2024-13523,0.00197,0.09753
CVE-2024-13524,0.00202,0.1051
CVE-2024-13525,0.00446,0.38191
CVE-2024-13526,0.00288,0.21685
CVE-2024-13527,0.0022,0.12755
CVE-2024-13528,0.00485,0.40904
CVE-2024-13529,0.00387,0.32713
CVE-2024-13530,0.00309,0.23943
CVE-2024-13531,0.00442,0.3787
CVE-2024-13532,0.00452,0.38596
CVE-2024-13533,0.0052,0.43214
CVE-2024-13534,0.00472,0.40021
CVE-2024-13535,0.00529,0.43715
CVE-2024-13536,0.00386,0.3252
CVE-2024-13537,0.00348,0.28471
CVE-2024-13538,0.00622,0.48479
CVE-2024-13539,0.00417,0.35728
CVE-2024-13540,0.00418,0.35766
CVE-2024-13541,0.00328,0.26187
CVE-2024-13542,0.00245,0.16004
CVE-2024-13543,0.00587,0.46803
CVE-2024-13544,0.00333,0.267
CVE-2024-13545,0.01279,0.68742
CVE-2024-13546,0.00374,0.31313
CVE-2024-13547,0.00246,0.16132
CVE-2024-13548,0.00299,0.22851
CVE-2024-13549,0.00246,0.16193
CVE-2024-13550,0.00667,0.5048
CVE-2024-13551,0.00303,0.2321
CVE-2024-13552,0.00321,0.2538
CVE-2024-13553,0.00529,0.43747
CVE-2024-13554,0.00312,0.24379
CVE-2024-13555,0.00205,0.10858
CVE-2024-13556,0.00586,0.46731
CVE-2024-13557,0.00336,0.27096
CVE-2024-13558,0.00367,0.30551
CVE-2024-13559,0.00258,0.17795
CVE-2024-13560,0.00287,0.21547
CVE-2024-13561,0.00312,0.24345
CVE-2024-13562,0.00442,0.37824
CVE-2024-13563,0.00308,0.23781
CVE-2024-13564,0.00301,0.23016
CVE-2024-13565,0.00301,0.23017
CVE-2024-13566,0.00393,0.33274
CVE-2024-13567,0.00637,0.49171
CVE-2024-13568,0.00423,0.36286
CVE-2024-13569,0.00539,0.44331
CVE-2024-13570,0.00587,0.46804
CVE-2024-13571,0.00351,0.28823
CVE-2024-13572,0.00224,0.13257
CVE-2024-13573,0.00246,0.16192
CVE-2024-13574,0.00268,0.19196
CVE-2024-13575,0.00378,0.31749
CVE-2024-13576,0.00295,0.22351
CVE-2024-13577,0.00246,0.16194
CVE-2024-13578,0.00246,0.16191
CVE-2024-13579,0.00246,0.16193
CVE-2024-13580,0.00167,0.06352
CVE-2024-13581,0.00246,0.16193
CVE-2024-13582,0.00246,0.16194
CVE-2024-13583,0.00299,0.22851
CVE-2024-13584,0.00306,0.23548
CVE-2024-13585,0.00412,0.35214
CVE-2024-13586,0.00224,0.13257
CVE-2024-13587,0.00246,0.16192
CVE-2024-13588,0.00246,0.16193
CVE-2024-13589,0.0033,0.26329
CVE-2024-13590,0.00245,0.16004
CVE-2024-13591,0.00378,0.317
CVE-2024-13592,0.00914,0.58627
CVE-2024-13593,0.00718,0.52417
CVE-2024-13594,0.0041,0.34989
CVE-2024-13595,0.00389,0.32862
CVE-2024-13596,0.00348,0.28452
CVE-2024-13597,0.00406,0.3463
CVE-2024-13598,0.0024,0.15435
CVE-2024-13599,0.00306,0.23548
CVE-2024-13600,0.00499,0.41815
CVE-2024-13601,0.00334,0.26842
CVE-2024-13602,0.00262,0.18301
CVE-2024-13603,0.0038,0.31938
CVE-2024-13604,0.00466,0.3954
CVE-2024-13605,0.00362,0.30078
CVE-2024-13606,0.00431,0.36959
CVE-2024-13607,0.0042,0.35946
CVE-2024-13608,0.00359,0.29769
CVE-2024-13609,0.01639,0.75333
CVE-2024-13610,0.00267,0.19133
CVE-2024-13611,0.0049,0.4124
CVE-2024-13612,0.00308,0.23781
CVE-2024-13613,0.00469,0.3976
CVE-2024-13614,0.0013,0.03002
CVE-2024-13615,0.00261,0.18254
CVE-2024-13616,0.00312,0.24322
CVE-2024-13617,0.00463,0.39374
CVE-2024-13618,0.00311,0.24209
CVE-2024-13619,0.00573,0.46101
CVE-2024-13621,0.00312,0.24322
CVE-2024-13622,0.00511,0.42586
CVE-2024-13623,0.00468,0.39727
CVE-2024-13624,0.00681,0.51044
CVE-2024-13625,0.00573,0.46127
CVE-2024-13626,0.00338,0.27333
CVE-2024-13627,0.00838,0.56289
CVE-2024-13628,0.00653,0.49897
CVE-2024-13629,0.00375,0.3145
CVE-2024-13630,0.00601,0.47484
CVE-2024-13631,0.00351,0.28823
CVE-2024-13632,0.00381,0.31993
CVE-2024-13633,0.00381,0.31993
CVE-2024-13634,0.00621,0.48429
CVE-2024-13635,0.00328,0.26114
CVE-2024-13637,0.00356,0.2938
CVE-2024-13638,0.00474,0.40165
CVE-2024-13639,0.00335,0.27022
CVE-2024-13640,0.00419,0.35847
CVE-2024-13641,0.00473,0.40122
CVE-2024-13642,0.0022,0.1279
CVE-2024-13643,0.00641,0.49337
CVE-2024-13644,0.00246,0.16132
CVE-2024-13645,0.00716,0.52365
CVE-2024-13646,0.00374,0.31306
CVE-2024-13647,0.00173,0.07082
CVE-2024-13648,0.00301,0.23017
CVE-2024-13649,0.00269,0.19335
CVE-2024-13650,0.00248,0.16384
CVE-2024-13651,0.00291,0.21951
CVE-2024-13652,0.00299,0.22833
CVE-2024-13653,0.00519,0.43152
CVE-2024-13654,0.00416,0.35613
CVE-2024-13655,0.00331,0.26483
CVE-2024-13656,0.00461,0.39217
CVE-2024-13657,0.0033,0.2633
CVE-2024-13658,0.00299,0.22822
CVE-2024-13659,0.00279,0.20658
CVE-2024-13660,0.00416,0.35636
CVE-2024-13661,0.00274,0.20085
CVE-2024-13662,0.00331,0.26525
CVE-2024-13663,0.0033,0.26329
CVE-2024-13664,0.0022,0.1279
CVE-2024-13665,0.00293,0.22144
CVE-2024-13666,0.00284,0.21234
CVE-2024-13667,0.00246,0.1619
CVE-2024-13668,0.00285,0.21289
CVE-2024-13669,0.00375,0.31449
CVE-2024-13670,0.0022,0.12789
CVE-2024-13671,0.0054,0.44367
CVE-2024-13672,0.00301,0.23015
CVE-2024-13673,0.00309,0.23919
CVE-2024-13674,0.0033,0.2633
CVE-2024-13675,0.00216,0.12289
CVE-2024-13676,0.0048,0.40553
CVE-2024-13677,0.0052,0.43181
CVE-2024-13678,0.00383,0.32262
CVE-2024-13679,0.00299,0.22822
CVE-2024-13680,0.0045,0.38488
CVE-2024-13681,0.00628,0.48747
CVE-2024-13682,0.00146,0.04269
CVE-2024-13683,0.00189,0.0878
CVE-2024-13684,0.00225,0.13379
CVE-2024-13685,0.00359,0.29736
CVE-2024-13686,0.00286,0.21365
CVE-2024-13687,0.00262,0.18387
CVE-2024-13688,0.00372,0.31151
CVE-2024-13689,0.00461,0.39215
CVE-2024-13690,0.00351,0.28842
CVE-2024-13691,0.00395,0.33549
CVE-2024-13692,0.00311,0.24228
CVE-2024-13693,0.00332,0.26639
CVE-2024-13694,0.00592,0.47051
CVE-2024-13695,0.00256,0.17573
CVE-2024-13696,0.00395,0.33565
CVE-2024-13697,0.00278,0.20514
CVE-2024-13698,0.00325,0.25865
CVE-2024-13699,0.00372,0.31139
CVE-2024-13700,0.0022,0.12789
CVE-2024-13701,0.00246,0.16132
CVE-2024-13702,0.00206,0.10996
CVE-2024-13703,0.00293,0.22192
CVE-2024-13704,0.00348,0.28535
CVE-2024-13705,0.00349,0.28641
CVE-2024-13706,0.00286,0.21412
CVE-2024-13707,0.00237,0.15045
CVE-2024-13708,0.00276,0.20317
CVE-2024-13709,0.00236,0.14874
CVE-2024-13710,0.00144,0.04045
CVE-2024-13711,0.00341,0.27695
CVE-2024-13712,0.00523,0.43363
CVE-2024-13713,0.00427,0.36579
CVE-2024-13714,0.00954,0.59878
CVE-2024-13715,0.0024,0.15371
CVE-2024-13716,0.00321,0.25408
CVE-2024-13717,0.00262,0.18356
CVE-2024-13718,0.00167,0.06375
CVE-2024-13719,0.00477,0.40378
CVE-2024-13720,0.00525,0.43517
CVE-2024-13721,0.0027,0.19425
CVE-2024-13722,0.00578,0.46348
CVE-2024-13723,0.01282,0.68801
CVE-2024-13724,0.00242,0.1572
CVE-2024-13725,0.01369,0.70701
CVE-2024-13726,0.01987,0.79735
CVE-2024-13727,0.0062,0.48351
CVE-2024-13728,0.00321,0.25337
CVE-2024-13729,0.00312,0.24315
CVE-2024-13730,0.00312,0.24316
CVE-2024-13731,0.00283,0.21037
CVE-2024-13732,0.00379,0.31812
CVE-2024-13733,0.00306,0.23577
CVE-2024-13734,0.00292,0.22084
CVE-2024-13735,0.00307,0.23741
CVE-2024-13736,0.00469,0.39805
CVE-2024-13737,0.00303,0.23296
CVE-2024-13738,0.00486,0.41019
CVE-2024-13739,0.00251,0.16833
CVE-2024-13740,0.00285,0.21289
CVE-2024-13741,0.00362,0.30078
CVE-2024-13742,0.00879,0.57577
CVE-2024-13743,0.00271,0.19591
CVE-2024-13744,0.00687,0.51295
CVE-2024-13746,0.00341,0.2775
CVE-2024-13747,0.00235,0.14751
CVE-2024-13748,0.00228,0.13809
CVE-2024-13749,0.00272,0.19873
CVE-2024-13750,0.00398,0.33846
CVE-2024-13751,0.00246,0.16194
CVE-2024-13752,0.00516,0.42934
CVE-2024-13753,0.00262,0.18373
CVE-2024-13757,0.00289,0.21738
CVE-2024-13758,0.00265,0.18704
CVE-2024-13759,0.00215,0.12238
CVE-2024-13767,0.01025,0.62129
CVE-2024-13768,0.00147,0.04283
CVE-2024-13769,0.00299,0.22843
CVE-2024-13770,0.00818,0.55678
CVE-2024-13771,0.0043,0.36856
CVE-2024-13772,0.00277,0.20432
CVE-2024-13773,0.00269,0.19289
CVE-2024-13774,0.00178,0.07604
CVE-2024-13775,0.00236,0.14844
CVE-2024-13776,0.00346,0.28202
CVE-2024-13777,0.00641,0.49335
CVE-2024-13778,0.00347,0.28336
CVE-2024-13779,0.00255,0.17442
CVE-2024-13780,0.00338,0.27317
CVE-2024-13781,0.00341,0.27669
CVE-2024-13783,0.00414,0.35376
CVE-2024-13784,0.00519,0.43139
CVE-2024-13785,0.00268,0.19237
CVE-2024-13786,0.00559,0.45358
CVE-2024-13787,0.00669,0.50569
CVE-2024-13789,0.00813,0.55531
CVE-2024-13790,0.00775,0.54329
CVE-2024-13791,0.00665,0.50384
CVE-2024-13792,0.00548,0.44801
CVE-2024-13793,0.00395,0.33535
CVE-2024-13794,0.00463,0.39379
CVE-2024-13795,0.00183,0.08124
CVE-2024-13796,0.00442,0.37891
CVE-2024-13797,0.00548,0.44801
CVE-2024-13798,0.00334,0.26897
CVE-2024-13799,0.00331,0.26524
CVE-2024-13800,0.0047,0.39862
CVE-2024-13801,0.00316,0.24774
CVE-2024-13802,0.00295,0.22352
CVE-2024-13803,0.00482,0.40744
CVE-2024-13804,0.00478,0.40441
CVE-2024-13805,0.00269,0.19307
CVE-2024-13806,0.00376,0.31485
CVE-2024-13807,0.00376,0.31495
CVE-2024-13808,0.0079,0.548
CVE-2024-13809,0.00341,0.27707
CVE-2024-13810,0.00235,0.14751
CVE-2024-13811,0.00235,0.14751
CVE-2024-13812,0.00356,0.29443
CVE-2024-13813,0.00212,0.11839
CVE-2024-13814,0.00527,0.43633
CVE-2024-13815,0.00376,0.31485
CVE-2024-13816,0.00233,0.14481
CVE-2024-13818,0.00507,0.42289
CVE-2024-13820,0.00403,0.34336
CVE-2024-13821,0.00408,0.348
CVE-2024-13822,0.00341,0.27721
CVE-2024-13823,0.00353,0.29014
CVE-2024-13824,0.00681,0.51055
CVE-2024-13825,0.00295,0.22375
CVE-2024-13826,0.00161,0.05737
CVE-2024-13827,0.00322,0.25518
CVE-2024-13828,0.00326,0.2595
CVE-2024-13829,0.00417,0.35728
CVE-2024-13830,0.00745,0.53345
CVE-2024-13831,0.00584,0.4663
CVE-2024-13832,0.00327,0.26069
CVE-2024-13833,0.00635,0.49093
CVE-2024-13834,0.00264,0.18604
CVE-2024-13835,0.00395,0.3357
CVE-2024-13836,0.00268,0.19196
CVE-2024-13838,0.00296,0.22462
CVE-2024-13839,0.00342,0.27839
CVE-2024-13841,0.00346,0.28317
CVE-2024-13842,0.00318,0.24933
CVE-2024-13843,0.00358,0.29656
CVE-2024-13844,0.00391,0.33103
CVE-2024-13845,0.00243,0.15771
CVE-2024-13846,0.00397,0.33769
CVE-2024-13848,0.00252,0.16916
CVE-2024-13849,0.00308,0.23767
CVE-2024-13850,0.00308,0.23767
CVE-2024-13851,0.00246,0.16229
CVE-2024-13852,0.00284,0.21192
CVE-2024-13853,0.00611,0.47915
CVE-2024-13854,0.00346,0.28316
CVE-2024-13855,0.00334,0.26903
CVE-2024-13856,0.00298,0.22752
CVE-2024-13857,0.00324,0.25676
CVE-2024-13858,0.00288,0.21611
CVE-2024-13859,0.00265,0.18721
CVE-2024-13860,0.00265,0.18721
CVE-2024-13861,0.00201,0.10306
CVE-2024-13862,0.00268,0.19197
CVE-2024-13863,0.00263,0.18523
CVE-2024-13864,0.00319,0.2514
CVE-2024-13865,0.00353,0.29015
CVE-2024-13866,0.00238,0.1509
CVE-2024-13867,0.0028,0.20735
CVE-2024-13868,0.00317,0.24866
CVE-2024-13869,0.02266,0.82287
CVE-2024-13870,0.00163,0.05904
CVE-2024-13871,0.00766,0.54043
CVE-2024-13872,0.00232,0.14383
CVE-2024-13873,0.00327,0.26038
CVE-2024-13874,0.00275,0.20095
CVE-2024-13875,0.00279,0.20644
CVE-2024-13876,0.00271,0.19579
CVE-2024-13877,0.00271,0.19578
CVE-2024-13878,0.00279,0.20644
CVE-2024-13879,0.00349,0.28638
CVE-2024-13880,0.00271,0.19579
CVE-2024-13881,0.00271,0.19579
CVE-2024-13882,0.00759,0.53782
CVE-2024-13883,0.00223,0.13178
CVE-2024-13884,0.00268,0.19243
CVE-2024-13885,0.00268,0.19242
CVE-2024-13887,0.00266,0.1903
CVE-2024-13888,0.0076,0.53825
CVE-2024-13889,0.00764,0.53948
CVE-2024-13890,0.00462,0.39308
CVE-2024-13891,0.00268,0.19196
CVE-2024-13892,0.00652,0.49879
CVE-2024-13893,0.00159,0.05482
CVE-2024-13894,0.00218,0.12551
CVE-2024-13895,0.00288,0.21653
CVE-2024-13896,0.00461,0.39267
CVE-2024-13897,0.0096,0.60077
CVE-2024-13898,0.00233,0.14418
CVE-2024-13899,0.00677,0.50896
CVE-2024-13900,0.00415,0.3548
CVE-2024-13901,0.00282,0.20933
CVE-2024-13902,0.00291,0.21979
CVE-2024-13903,0.00702,0.51839
CVE-2024-13904,0.00411,0.35086
CVE-2024-13905,0.00371,0.30997
CVE-2024-13906,0.00711,0.52172
CVE-2024-13907,0.00469,0.398
CVE-2024-13908,0.00844,0.56479
CVE-2024-13909,0.00268,0.19269
CVE-2024-13910,0.0102,0.61943
CVE-2024-13911,0.00577,0.46301
CVE-2024-13913,0.02672,0.8514
CVE-2024-13914,0.00833,0.56154
CVE-2024-13915,0.00192,0.09187
CVE-2024-13916,0.00181,0.07944
CVE-2024-13917,0.00198,0.09896
CVE-2024-13918,0.00588,0.4687
CVE-2024-13919,0.00521,0.43253
CVE-2024-13920,0.00745,0.53342
CVE-2024-13921,0.00708,0.52076
CVE-2024-13922,0.00393,0.33375
CVE-2024-13923,0.00385,0.325
CVE-2024-13924,0.00422,0.36144
CVE-2024-13925,0.00503,0.42058
CVE-2024-13926,0.00493,0.41469
CVE-2024-13928,0.00372,0.31106
CVE-2024-13929,0.00694,0.51557
CVE-2024-13930,0.00376,0.31474
CVE-2024-13931,0.00415,0.35478
CVE-2024-13933,0.00219,0.12626
CVE-2024-13939,0.00363,0.30187
CVE-2024-13940,0.00243,0.1577
CVE-2024-13941,0.00255,0.17386
CVE-2024-13942,0.00163,0.05893
CVE-2024-13943,0.00173,0.07042
CVE-2024-13944,0.00161,0.05762
CVE-2024-13945,0.00413,0.35303
CVE-2024-13946,0.01021,0.6197
CVE-2024-13947,0.00373,0.31228
CVE-2024-13948,0.0015,0.04561
CVE-2024-13949,0.0037,0.30946
CVE-2024-13950,0.004,0.34097
CVE-2024-13951,0.00196,0.0961
CVE-2024-13952,0.00411,0.35142
CVE-2024-13953,0.0035,0.28736
CVE-2024-13954,0.00217,0.12432
CVE-2024-13955,0.00365,0.30395
CVE-2024-13956,0.00434,0.37191
CVE-2024-13957,0.00283,0.2107
CVE-2024-13958,0.00218,0.12563
CVE-2024-13959,0.00217,0.1245
CVE-2024-13960,0.00168,0.0647
CVE-2024-13961,0.00168,0.0647
CVE-2024-13962,0.00217,0.1245
CVE-2024-13966,0.00387,0.32657
CVE-2024-13967,0.00496,0.41636
CVE-2024-13971,0.0047,0.39855
CVE-2024-13972,0.00129,0.02959
CVE-2024-13973,0.09992,0.95397
CVE-2024-13974,0.07376,0.94148
CVE-2024-13975,0.00122,0.0226
CVE-2024-13976,0.00185,0.08334
CVE-2024-13978,0.00189,0.08829
CVE-2024-13979,0.03106,0.87214
CVE-2024-13980,0.00961,0.60141
CVE-2024-13981,0.00904,0.5832
CVE-2024-13982,0.01056,0.62993
CVE-2024-13983,0.0014,0.03711
CVE-2024-13984,0.0082,0.55741
CVE-2024-13985,0.14607,0.96497
CVE-2024-13986,0.01736,0.76691
CVE-2024-13987,0.0028,0.20801
CVE-2024-13990,0.00616,0.4819
CVE-2024-13991,0.00458,0.39065
CVE-2024-13992,0.00547,0.4477
CVE-2024-13993,0.00742,0.53236
CVE-2024-13994,0.00856,0.56893
CVE-2024-13995,0.01215,0.67257
CVE-2024-13996,0.00987,0.60945
CVE-2024-13997,0.01129,0.6497
CVE-2024-13998,0.0097,0.6046
CVE-2024-13999,0.01771,0.77189
CVE-2024-14000,0.00547,0.4477
CVE-2024-14001,0.00547,0.44769
CVE-2024-14002,0.012,0.66855
CVE-2024-14003,0.02143,0.81289
CVE-2024-14004,0.01035,0.62412
CVE-2024-14005,0.04132,0.90387
CVE-2024-14006,0.00443,0.37979
CVE-2024-14007,0.00859,0.56974
CVE-2024-14008,0.02244,0.8214
CVE-2024-14009,0.01129,0.6497
CVE-2024-14010,0.01153,0.65621
CVE-2024-14012,0.00125,0.02583
CVE-2024-14015,0.00403,0.34412
CVE-2024-14020,0.0031,0.24052
CVE-2024-14021,0.00329,0.26313
CVE-2024-14024,0.00077,0.00138
CVE-2024-14025,0.00136,0.03404
CVE-2024-14026,0.00624,0.48586
CVE-2024-14027,0.0021,0.1149
CVE-2024-14028,0.0021,0.11571
CVE-2024-14029,0.00351,0.28862
CVE-2024-14030,0.00355,0.29289
CVE-2024-14031,0.00355,0.29288
CVE-2024-14032,0.00177,0.07497
CVE-2024-14033,0.0043,0.36843
CVE-2024-14034,0.00456,0.38897
CVE-2024-14036,0.00284,0.21214
CVE-2024-14037,0.01281,0.68777
CVE-2024-14040,0.00114,0.01711
CVE-2024-14041,0.00345,0.28124
CVE-2024-14042,0.0038,0.31888
CVE-2024-14043,0.00295,0.22327
CVE-2024-14044,0.00295,0.22326
CVE-2024-14045,0.00245,0.15973
CVE-2024-14046,0.00245,0.15973
CVE-2024-14047,0.00107,0.01299
CVE-2024-1000,0.0125,0.68104
CVE-2024-1001,0.014,0.71334
CVE-2024-1002,0.0125,0.68104
CVE-2024-1003,0.0125,0.68104
CVE-2024-1004,0.01276,0.68688
CVE-2024-1005,0.00914,0.58636
CVE-2024-1006,0.00717,0.52382
CVE-2024-1007,0.00589,0.46881
CVE-2024-1008,0.00751,0.53521
CVE-2024-1009,0.0076,0.53844
CVE-2024-1010,0.00575,0.46195
CVE-2024-1011,0.00638,0.49221
CVE-2024-1012,0.00916,0.58707
CVE-2024-1013,0.00284,0.21178
CVE-2024-1014,0.00715,0.5232
CVE-2024-1015,0.01751,0.76894
CVE-2024-1016,0.01353,0.70386
CVE-2024-1017,0.01399,0.71307
CVE-2024-1018,0.00505,0.42208
CVE-2024-1019,0.00688,0.51337
CVE-2024-1020,0.00578,0.46329
CVE-2024-1021,0.34713,0.98355
CVE-2024-1022,0.00539,0.44312
CVE-2024-1023,0.01653,0.75533
CVE-2024-1024,0.00312,0.2426
CVE-2024-1026,0.00312,0.2426
CVE-2024-1027,0.00466,0.39539
CVE-2024-1028,0.00355,0.29361
CVE-2024-1029,0.00355,0.29361
CVE-2024-1030,0.00368,0.30703
CVE-2024-1031,0.00435,0.37336
CVE-2024-1032,0.00765,0.54013
CVE-2024-1033,0.00593,0.47062
CVE-2024-1034,0.00764,0.53952
CVE-2024-1035,0.00797,0.54998
CVE-2024-1036,0.00912,0.5854
CVE-2024-1037,0.0055,0.44913
CVE-2024-1038,0.00592,0.47029
CVE-2024-1039,0.00719,0.52471
CVE-2024-1040,0.00115,0.0177
CVE-2024-1041,0.00379,0.3182
CVE-2024-1042,0.00362,0.30077
CVE-2024-1043,0.00654,0.49937
CVE-2024-1044,0.00409,0.3492
CVE-2024-1046,0.00371,0.30987
CVE-2024-1047,0.00555,0.45171
CVE-2024-1048,0.00269,0.19383
CVE-2024-1049,0.0032,0.25278
CVE-2024-1050,0.00431,0.3695
CVE-2024-1051,0.00446,0.38236
CVE-2024-1052,0.00294,0.2227
CVE-2024-1053,0.00392,0.3324
CVE-2024-1054,0.0034,0.27551
CVE-2024-1055,0.00419,0.35896
CVE-2024-1056,0.00263,0.18443
CVE-2024-1057,0.0032,0.25232
CVE-2024-1058,0.00439,0.37607
CVE-2024-1059,0.00952,0.59842
CVE-2024-1060,0.00888,0.57826
CVE-2024-1061,0.11215,0.95767
CVE-2024-1062,0.00307,0.23657
CVE-2024-1063,0.00445,0.38128
CVE-2024-1064,0.00808,0.5537
CVE-2024-1065,0.00212,0.11787
CVE-2024-1066,0.00631,0.48885
CVE-2024-1067,0.00158,0.05348
CVE-2024-1068,0.00756,0.53695
CVE-2024-1069,0.01219,0.67361
CVE-2024-1070,0.00531,0.43889
CVE-2024-1071,0.89431,0.99778
CVE-2024-1072,0.0068,0.51022
CVE-2024-1073,0.00449,0.38394
CVE-2024-1074,0.00532,0.43891
CVE-2024-1075,0.00684,0.51188
CVE-2024-1076,0.00413,0.35355
CVE-2024-1077,0.00939,0.59418
CVE-2024-1078,0.00356,0.29402
CVE-2024-1079,0.00549,0.44848
CVE-2024-1080,0.00406,0.34626
CVE-2024-1081,0.0032,0.25279
CVE-2024-1082,0.0077,0.54157
CVE-2024-1083,0.00538,0.44233
CVE-2024-1084,0.00469,0.3981
CVE-2024-1085,0.00284,0.21195
CVE-2024-1086,0.28058,0.98023
CVE-2024-1088,0.00572,0.46076
CVE-2024-1089,0.00428,0.36633
CVE-2024-1090,0.00347,0.28372
CVE-2024-1091,0.00347,0.28372
CVE-2024-1092,0.0045,0.38505
CVE-2024-1093,0.00427,0.36614
CVE-2024-1094,0.00542,0.4447
CVE-2024-1095,0.00471,0.39906
CVE-2024-1096,0.00196,0.09591
CVE-2024-1097,0.00327,0.2603
CVE-2024-1098,0.01148,0.65436
CVE-2024-1099,0.00608,0.47814
CVE-2024-1100,0.00424,0.36346
CVE-2024-1102,0.00788,0.54706
CVE-2024-1103,0.00571,0.46002
CVE-2024-1104,0.00745,0.53333
CVE-2024-1106,0.00417,0.35672
CVE-2024-1107,0.00472,0.40031
CVE-2024-1108,0.00487,0.41087
CVE-2024-1109,0.00549,0.44824
CVE-2024-1110,0.0052,0.43192
CVE-2024-1111,0.00415,0.35559
CVE-2024-1112,0.01592,0.74639
CVE-2024-1113,0.00634,0.49014
CVE-2024-1114,0.00856,0.56875
CVE-2024-1115,0.0187,0.78442
CVE-2024-1116,0.00769,0.5414
CVE-2024-1117,0.00743,0.53257
CVE-2024-1118,0.00652,0.49838
CVE-2024-1119,0.00517,0.43004
CVE-2024-1120,0.00533,0.43962
CVE-2024-1121,0.00562,0.45559
CVE-2024-1122,0.00471,0.39963
CVE-2024-1123,0.0041,0.35031
CVE-2024-1124,0.00321,0.25364
CVE-2024-1125,0.00324,0.25749
CVE-2024-1126,0.00441,0.37752
CVE-2024-1127,0.0053,0.43803
CVE-2024-1128,0.00502,0.41991
CVE-2024-1129,0.00593,0.47059
CVE-2024-1130,0.00593,0.47058
CVE-2024-1132,0.01552,0.74041
CVE-2024-1133,0.00375,0.31434
CVE-2024-1134,0.00257,0.17661
CVE-2024-1135,0.02996,0.86774
CVE-2024-1136,0.00465,0.39477
CVE-2024-1137,0.00316,0.24717
CVE-2024-1138,0.00459,0.39134
CVE-2024-1139,0.00885,0.57729
CVE-2024-1140,0.00164,0.0601
CVE-2024-1141,0.00226,0.13616
CVE-2024-1142,0.00788,0.54709
CVE-2024-1143,0.00491,0.41291
CVE-2024-1144,0.00333,0.26721
CVE-2024-1145,0.00487,0.41026
CVE-2024-1146,0.00327,0.26102
CVE-2024-1147,0.00697,0.51652
CVE-2024-1148,0.00697,0.51652
CVE-2024-1149,0.00116,0.01833
CVE-2024-1150,0.00116,0.01833
CVE-2024-1151,0.0027,0.19445
CVE-2024-1153,0.0029,0.21849
CVE-2024-1155,0.00274,0.20001
CVE-2024-1156,0.00352,0.28904
CVE-2024-1157,0.0039,0.32967
CVE-2024-1158,0.00503,0.42042
CVE-2024-1159,0.00381,0.32007
CVE-2024-1160,0.00381,0.32007
CVE-2024-1161,0.00252,0.1692
CVE-2024-1162,0.00232,0.14375
CVE-2024-1163,0.00408,0.34805
CVE-2024-1164,0.00252,0.16919
CVE-2024-1165,0.00817,0.55664
CVE-2024-1166,0.00325,0.25798
CVE-2024-1167,0.00541,0.44458
CVE-2024-1168,0.00367,0.3057
CVE-2024-1169,0.0058,0.46438
CVE-2024-1170,0.00725,0.52675
CVE-2024-1171,0.00423,0.363
CVE-2024-1172,0.00456,0.38912
CVE-2024-1173,0.00781,0.54486
CVE-2024-1174,0.00181,0.07928
CVE-2024-1175,0.00393,0.33367
CVE-2024-1176,0.00606,0.47707
CVE-2024-1177,0.0051,0.42535
CVE-2024-1178,0.00427,0.36613
CVE-2024-1179,0.00912,0.58534
CVE-2024-1180,0.00973,0.60526
CVE-2024-1181,0.00586,0.46742
CVE-2024-1182,0.0026,0.17997
CVE-2024-1183,0.01799,0.77539
CVE-2024-1184,0.00389,0.32933
CVE-2024-1185,0.00361,0.29947
CVE-2024-1186,0.00362,0.30051
CVE-2024-1187,0.00325,0.25789
CVE-2024-1188,0.00205,0.10858
CVE-2024-1189,0.00696,0.51624
CVE-2024-1190,0.00303,0.232
CVE-2024-1191,0.00419,0.35894
CVE-2024-1192,0.00366,0.30456
CVE-2024-1193,0.00348,0.28476
CVE-2024-1194,0.00396,0.33673
CVE-2024-1195,0.00255,0.17371
CVE-2024-1196,0.00481,0.40627
CVE-2024-1197,0.00594,0.47139
CVE-2024-1198,0.00731,0.52863
CVE-2024-1199,0.00689,0.51373
CVE-2024-1200,0.00928,0.59072
CVE-2024-1201,0.00194,0.09403
CVE-2024-1202,0.00901,0.58218
CVE-2024-1203,0.00821,0.55778
CVE-2024-1204,0.00501,0.41929
CVE-2024-1205,0.01283,0.68832
CVE-2024-1206,0.00734,0.5299
CVE-2024-1207,0.03151,0.87399
CVE-2024-1208,0.05285,0.92214
CVE-2024-1209,0.02399,0.83304
CVE-2024-1210,0.02027,0.80181
CVE-2024-1211,0.00302,0.23125
CVE-2024-1212,0.95388,0.99866
CVE-2024-1213,0.00239,0.15205
CVE-2024-1214,0.00239,0.15205
CVE-2024-1215,0.00566,0.45769
CVE-2024-1217,0.00306,0.23588
CVE-2024-1218,0.00308,0.23856
CVE-2024-1219,0.00303,0.23303
CVE-2024-1220,0.00661,0.50229
CVE-2024-1221,0.00546,0.44712
CVE-2024-1222,0.63984,0.99186
CVE-2024-1223,0.00445,0.3811
CVE-2024-1224,0.0012,0.02104
CVE-2024-1225,0.00871,0.57335
CVE-2024-1226,0.00449,0.38416
CVE-2024-1227,0.00491,0.41326
CVE-2024-1228,0.00409,0.34868
CVE-2024-1229,0.00618,0.48264
CVE-2024-1230,0.00582,0.46529
CVE-2024-1231,0.00225,0.13412
CVE-2024-1232,0.00244,0.1595
CVE-2024-1233,0.00778,0.544
CVE-2024-1234,0.01593,0.74651
CVE-2024-1235,0.00429,0.36778
CVE-2024-1236,0.00469,0.39773
CVE-2024-1237,0.00509,0.42489
CVE-2024-1238,0.0035,0.28698
CVE-2024-1239,0.00375,0.31412
CVE-2024-1240,0.00328,0.26114
CVE-2024-1241,0.00165,0.06182
CVE-2024-1242,0.00406,0.3468
CVE-2024-1243,0.00637,0.49159
CVE-2024-1244,0.00344,0.28
CVE-2024-1245,0.004,0.34059
CVE-2024-1246,0.00453,0.38668
CVE-2024-1247,0.01244,0.67974
CVE-2024-1248,0.00303,0.23226
CVE-2024-1249,0.00448,0.38325
CVE-2024-1250,0.00549,0.44834
CVE-2024-1251,0.00617,0.48235
CVE-2024-1252,0.00651,0.49823
CVE-2024-1253,0.01696,0.76166
CVE-2024-1254,0.04612,0.91277
CVE-2024-1255,0.00562,0.45545
CVE-2024-1256,0.00551,0.44984
CVE-2024-1257,0.00454,0.38771
CVE-2024-1258,0.00608,0.4782
CVE-2024-1259,0.00676,0.50831
CVE-2024-1260,0.00592,0.4705
CVE-2024-1261,0.00637,0.49152
CVE-2024-1262,0.00592,0.4705
CVE-2024-1263,0.00592,0.47049
CVE-2024-1264,0.00592,0.47049
CVE-2024-1265,0.00485,0.40871
CVE-2024-1266,0.00542,0.44508
CVE-2024-1267,0.00401,0.34132
CVE-2024-1268,0.00592,0.47049
CVE-2024-1269,0.00654,0.49943
CVE-2024-1272,0.00386,0.3256
CVE-2024-1273,0.00442,0.37894
CVE-2024-1274,0.00425,0.36389
CVE-2024-1275,0.00392,0.33146
CVE-2024-1276,0.00446,0.38187
CVE-2024-1277,0.00463,0.3936
CVE-2024-1278,0.00399,0.33965
CVE-2024-1279,0.00548,0.44781
CVE-2024-1282,0.00443,0.37908
CVE-2024-1283,0.18724,0.97148
CVE-2024-1284,0.01115,0.64646
CVE-2024-1285,0.00427,0.36613
CVE-2024-1286,0.00565,0.45745
CVE-2024-1287,0.00523,0.43361
CVE-2024-1288,0.00431,0.36893
CVE-2024-1289,0.00388,0.32804
CVE-2024-1290,0.00554,0.4513
CVE-2024-1291,0.00389,0.32917
CVE-2024-1292,0.00499,0.41812
CVE-2024-1293,0.00399,0.33964
CVE-2024-1294,0.00678,0.50947
CVE-2024-1295,0.00464,0.39417
CVE-2024-1296,0.00512,0.42677
CVE-2024-1297,0.02733,0.85484
CVE-2024-1298,0.00219,0.12609
CVE-2024-1299,0.00659,0.50166
CVE-2024-1300,0.01064,0.63235
CVE-2024-1301,0.02165,0.81466
CVE-2024-1302,0.00488,0.41152
CVE-2024-1303,0.01041,0.62564
CVE-2024-1304,0.00669,0.50556
CVE-2024-1305,0.15379,0.96629
CVE-2024-1306,0.00226,0.1352
CVE-2024-1307,0.00534,0.44014
CVE-2024-1308,0.00742,0.53227
CVE-2024-1309,0.00988,0.61011
CVE-2024-1310,0.00686,0.51245
CVE-2024-1311,0.01485,0.72901
CVE-2024-1312,0.00228,0.13861
CVE-2024-1313,0.00646,0.4958
CVE-2024-1315,0.00452,0.38656
CVE-2024-1316,0.00604,0.47618
CVE-2024-1317,0.00708,0.52081
CVE-2024-1318,0.00514,0.42764
CVE-2024-1319,0.00456,0.38946
CVE-2024-1320,0.00374,0.31352
CVE-2024-1321,0.00258,0.17743
CVE-2024-1322,0.00519,0.43159
CVE-2024-1323,0.00486,0.41011
CVE-2024-1324,0.00349,0.28623
CVE-2024-1325,0.00253,0.17136
CVE-2024-1326,0.00501,0.41938
CVE-2024-1327,0.0032,0.25234
CVE-2024-1328,0.00304,0.23367
CVE-2024-1329,0.00617,0.48214
CVE-2024-1330,0.00423,0.36252
CVE-2024-1331,0.00443,0.37945
CVE-2024-1332,0.00257,0.17659
CVE-2024-1333,0.00401,0.34122
CVE-2024-1334,0.00246,0.1612
CVE-2024-1335,0.00208,0.11276
CVE-2024-1336,0.00208,0.11275
CVE-2024-1337,0.0034,0.27656
CVE-2024-1338,0.00208,0.11276
CVE-2024-1339,0.00208,0.11276
CVE-2024-1340,0.0039,0.32953
CVE-2024-1341,0.00279,0.20667
CVE-2024-1343,0.00131,0.03082
CVE-2024-1344,0.00305,0.23424
CVE-2024-1345,0.00151,0.04677
CVE-2024-1346,0.00392,0.3316
CVE-2024-1347,0.00473,0.40075
CVE-2024-1348,0.00404,0.34518
CVE-2024-1349,0.00441,0.37807
CVE-2024-1350,0.00359,0.29744
CVE-2024-1351,0.005,0.41858
CVE-2024-1352,0.00547,0.44759
CVE-2024-1353,0.00741,0.5321
CVE-2024-1354,0.0172,0.76493
CVE-2024-1355,0.02363,0.83053
CVE-2024-1356,0.0124,0.67848
CVE-2024-1357,0.00404,0.34519
CVE-2024-1358,0.01235,0.67742
CVE-2024-1359,0.02275,0.82357
CVE-2024-1360,0.00212,0.11843
CVE-2024-1361,0.00212,0.11844
CVE-2024-1362,0.00212,0.11844
CVE-2024-1363,0.00399,0.33964
CVE-2024-1364,0.0032,0.25239
CVE-2024-1365,0.00466,0.39567
CVE-2024-1366,0.00375,0.31374
CVE-2024-1367,0.01558,0.74133
CVE-2024-1368,0.00422,0.36145
CVE-2024-1369,0.02275,0.82357
CVE-2024-1370,0.00445,0.38112
CVE-2024-1371,0.00587,0.46795
CVE-2024-1372,0.02275,0.82358
CVE-2024-1374,0.02632,0.8489
CVE-2024-1375,0.00191,0.08988
CVE-2024-1376,0.0028,0.2074
CVE-2024-1377,0.00355,0.29283
CVE-2024-1378,0.02339,0.82874
CVE-2024-1379,0.00522,0.43346
CVE-2024-1380,0.50192,0.98855
CVE-2024-1381,0.00487,0.4106
CVE-2024-1382,0.0088,0.57612
CVE-2024-1383,0.0061,0.47884
CVE-2024-1384,0.00376,0.31536
CVE-2024-1385,0.00406,0.34625
CVE-2024-1386,0.0042,0.36
CVE-2024-1387,0.00597,0.47291
CVE-2024-1388,0.0034,0.27657
CVE-2024-1389,0.00519,0.43159
CVE-2024-1390,0.00533,0.43991
CVE-2024-1391,0.00501,0.41939
CVE-2024-1392,0.00509,0.42489
CVE-2024-1393,0.00501,0.41939
CVE-2024-1394,0.01533,0.73713
CVE-2024-1395,0.00155,0.05062
CVE-2024-1396,0.00414,0.35359
CVE-2024-1397,0.00478,0.40414
CVE-2024-1398,0.00506,0.42245
CVE-2024-1399,0.00274,0.19993
CVE-2024-1400,0.00341,0.277
CVE-2024-1401,0.00416,0.35583
CVE-2024-1402,0.00524,0.43453
CVE-2024-1403,0.033,0.87992
CVE-2024-1404,0.00771,0.54196
CVE-2024-1405,0.00359,0.29693
CVE-2024-1406,0.00478,0.40419
CVE-2024-1407,0.00224,0.13286
CVE-2024-1408,0.00598,0.4732
CVE-2024-1409,0.00443,0.37933
CVE-2024-1410,0.00662,0.50286
CVE-2024-1411,0.00423,0.36299
CVE-2024-1412,0.00495,0.41546
CVE-2024-1413,0.00423,0.36303
CVE-2024-1414,0.00423,0.36303
CVE-2024-1415,0.00267,0.19066
CVE-2024-1416,0.00272,0.19878
CVE-2024-1417,0.00721,0.52541
CVE-2024-1418,0.00425,0.36415
CVE-2024-1419,0.00343,0.27954
CVE-2024-1421,0.0032,0.25238
CVE-2024-1422,0.005,0.41855
CVE-2024-1424,0.00423,0.36298
CVE-2024-1425,0.0054,0.44398
CVE-2024-1426,0.0032,0.25237
CVE-2024-1427,0.00341,0.27755
CVE-2024-1428,0.00434,0.3722
CVE-2024-1429,0.0032,0.25237
CVE-2024-1430,0.0063,0.48866
CVE-2024-1431,0.00525,0.43501
CVE-2024-1432,0.00646,0.49574
CVE-2024-1433,0.00788,0.54742
CVE-2024-1434,0.00336,0.2708
CVE-2024-1435,0.00515,0.42853
CVE-2024-1436,0.00443,0.37973
CVE-2024-1437,0.00351,0.28825
CVE-2024-1438,0.00333,0.26718
CVE-2024-1439,0.00294,0.22218
CVE-2024-1440,0.00229,0.13933
CVE-2024-1441,0.00398,0.33846
CVE-2024-1442,0.00802,0.55167
CVE-2024-1443,0.00227,0.13641
CVE-2024-1445,0.00439,0.37607
CVE-2024-1446,0.00179,0.07724
CVE-2024-1447,0.00428,0.36683
CVE-2024-1448,0.0047,0.3986
CVE-2024-1449,0.0043,0.36812
CVE-2024-1450,0.00501,0.41938
CVE-2024-1451,0.51467,0.98893
CVE-2024-1452,0.00575,0.46221
CVE-2024-1453,0.00251,0.16904
CVE-2024-1454,0.00422,0.36161
CVE-2024-1455,0.0077,0.54172
CVE-2024-1456,0.00243,0.15801
CVE-2024-1458,0.00423,0.36299
CVE-2024-1459,0.01714,0.76415
CVE-2024-1460,0.00239,0.15186
CVE-2024-1461,0.00423,0.363
CVE-2024-1462,0.0053,0.43762
CVE-2024-1463,0.00422,0.36207
CVE-2024-1464,0.00423,0.36299
CVE-2024-1465,0.00423,0.36297
CVE-2024-1466,0.00423,0.36298
CVE-2024-1467,0.00574,0.46138
CVE-2024-1468,0.01151,0.65569
CVE-2024-1470,0.0019,0.08889
CVE-2024-1471,0.00406,0.34625
CVE-2024-1472,0.00461,0.39252
CVE-2024-1473,0.00529,0.43711
CVE-2024-1474,0.0045,0.385
CVE-2024-1475,0.00461,0.39252
CVE-2024-1476,0.00475,0.40254
CVE-2024-1477,0.00432,0.37039
CVE-2024-1478,0.00528,0.43685
CVE-2024-1479,0.00653,0.49883
CVE-2024-1480,0.00503,0.42069
CVE-2024-1481,0.0111,0.64495
CVE-2024-1482,0.00422,0.36184
CVE-2024-1483,0.02718,0.85406
CVE-2024-1484,0.0048,0.406
CVE-2024-1485,0.00942,0.59527
CVE-2024-1486,0.00201,0.10275
CVE-2024-1487,0.00398,0.33847
CVE-2024-1488,0.00321,0.25298
CVE-2024-1489,0.00239,0.15204
CVE-2024-1490,0.00729,0.52794
CVE-2024-1491,0.00553,0.45088
CVE-2024-1492,0.00451,0.38552
CVE-2024-1493,0.0049,0.41246
CVE-2024-1495,0.00575,0.46215
CVE-2024-1496,0.00429,0.36778
CVE-2024-1497,0.00532,0.43891
CVE-2024-1498,0.00531,0.43888
CVE-2024-1499,0.00532,0.43892
CVE-2024-1500,0.00443,0.37979
CVE-2024-1501,0.00268,0.1916
CVE-2024-1502,0.00424,0.36364
CVE-2024-1503,0.00218,0.12556
CVE-2024-1504,0.00259,0.17881
CVE-2024-1505,0.00756,0.53699
CVE-2024-1506,0.00343,0.27955
CVE-2024-1507,0.00434,0.37174
CVE-2024-1508,0.00335,0.26976
CVE-2024-1509,0.00369,0.3076
CVE-2024-1510,0.00469,0.39806
CVE-2024-1511,0.00981,0.60795
CVE-2024-1512,0.77579,0.9954
CVE-2024-1514,0.00718,0.5244
CVE-2024-1516,0.00422,0.36145
CVE-2024-1519,0.00572,0.46081
CVE-2024-1520,0.48214,0.98808
CVE-2024-1521,0.0032,0.25236
CVE-2024-1522,0.00445,0.38079
CVE-2024-1523,0.00803,0.55193
CVE-2024-1524,0.00266,0.18736
CVE-2024-1525,0.00453,0.38668
CVE-2024-1526,0.00516,0.42958
CVE-2024-1527,0.00921,0.58828
CVE-2024-1528,0.00436,0.37387
CVE-2024-1529,0.00436,0.37387
CVE-2024-1530,0.00594,0.47107
CVE-2024-1531,0.00448,0.38365
CVE-2024-1532,0.00568,0.45852
CVE-2024-1533,0.00404,0.34518
CVE-2024-1534,0.0032,0.25235
CVE-2024-1535,0.00573,0.46092
CVE-2024-1536,0.00549,0.44878
CVE-2024-1537,0.00421,0.36135
CVE-2024-1538,0.10651,0.956
CVE-2024-1539,0.00348,0.28471
CVE-2024-1540,0.01976,0.79622
CVE-2024-1541,0.00532,0.43892
CVE-2024-1543,0.00185,0.08383
CVE-2024-1544,0.00349,0.28657
CVE-2024-1545,0.00576,0.46262
CVE-2024-1546,0.00718,0.52438
CVE-2024-1547,0.00679,0.50947
CVE-2024-1548,0.00945,0.59592
CVE-2024-1549,0.00529,0.43737
CVE-2024-1550,0.00575,0.46213
CVE-2024-1551,0.00743,0.53268
CVE-2024-1552,0.00672,0.50667
CVE-2024-1553,0.00866,0.57174
CVE-2024-1554,0.00382,0.32072
CVE-2024-1555,0.00478,0.40405
CVE-2024-1556,0.00474,0.40206
CVE-2024-1557,0.00558,0.45337
CVE-2024-1558,0.00859,0.56975
CVE-2024-1559,0.00415,0.35493
CVE-2024-1560,0.00856,0.56898
CVE-2024-1561,0.09314,0.95154
CVE-2024-1562,0.00428,0.36653
CVE-2024-1563,0.00387,0.32679
CVE-2024-1564,0.00453,0.3872
CVE-2024-1565,0.00341,0.27754
CVE-2024-1566,0.00526,0.43556
CVE-2024-1567,0.01137,0.65165
CVE-2024-1568,0.00335,0.27034
CVE-2024-1569,0.00782,0.5452
CVE-2024-1570,0.00483,0.40758
CVE-2024-1571,0.00422,0.36207
CVE-2024-1572,0.00419,0.35864
CVE-2024-1573,0.00593,0.47059
CVE-2024-1574,0.0019,0.0898
CVE-2024-1575,0.00323,0.25599
CVE-2024-1576,0.00571,0.46007
CVE-2024-1577,0.01126,0.64914
CVE-2024-1578,0.00204,0.10691
CVE-2024-1579,0.0052,0.43214
CVE-2024-1580,0.01835,0.78004
CVE-2024-1582,0.0032,0.25238
CVE-2024-1584,0.00435,0.37299
CVE-2024-1585,0.00501,0.41938
CVE-2024-1586,0.00372,0.31076
CVE-2024-1587,0.00579,0.46394
CVE-2024-1588,0.0071,0.52136
CVE-2024-1589,0.00405,0.34547
CVE-2024-1590,0.00371,0.31056
CVE-2024-1591,0.00156,0.05142
CVE-2024-1592,0.00202,0.10509
CVE-2024-1593,0.00695,0.51588
CVE-2024-1594,0.00712,0.52209
CVE-2024-1595,0.0039,0.3298
CVE-2024-1596,0.00428,0.36647
CVE-2024-1597,0.0481,0.91569
CVE-2024-1598,0.0024,0.15465
CVE-2024-1600,0.32506,0.98262
CVE-2024-1601,0.40416,0.98583
CVE-2024-1602,0.00724,0.5263
CVE-2024-1603,0.00564,0.45703
CVE-2024-1604,0.00491,0.41336
CVE-2024-1605,0.00204,0.10696
CVE-2024-1606,0.00432,0.37043
CVE-2024-1608,0.00462,0.39334
CVE-2024-1609,0.00475,0.40246
CVE-2024-1610,0.00683,0.51153
CVE-2024-1618,0.00245,0.16032
CVE-2024-1619,0.00379,0.31866
CVE-2024-1621,0.00363,0.30133
CVE-2024-1622,0.01004,0.6151
CVE-2024-1623,0.00179,0.07711
CVE-2024-1624,0.02127,0.81147
CVE-2024-1625,0.00436,0.3741
CVE-2024-1626,0.00479,0.40534
CVE-2024-1628,0.00836,0.56229
CVE-2024-1629,0.00283,0.21126
CVE-2024-1630,0.00283,0.21126
CVE-2024-1631,0.00882,0.57651
CVE-2024-1632,0.005,0.41894
CVE-2024-1633,0.00144,0.04052
CVE-2024-1634,0.00359,0.29735
CVE-2024-1635,0.04572,0.91211
CVE-2024-1636,0.00402,0.34293
CVE-2024-1637,0.00497,0.4169
CVE-2024-1638,0.0035,0.28704
CVE-2024-1639,0.00394,0.33446
CVE-2024-1640,0.00481,0.40637
CVE-2024-1641,0.00477,0.4037
CVE-2024-1642,0.00303,0.23309
CVE-2024-1643,0.0068,0.51007
CVE-2024-1644,0.00856,0.56896
CVE-2024-1645,0.00455,0.38833
CVE-2024-1646,0.00701,0.51801
CVE-2024-1647,0.00695,0.51577
CVE-2024-1648,0.00695,0.51577
CVE-2024-1649,0.0034,0.27658
CVE-2024-1650,0.0034,0.27659
CVE-2024-1651,0.34235,0.98336
CVE-2024-1652,0.0034,0.27658
CVE-2024-1653,0.0034,0.27658
CVE-2024-1654,0.01308,0.69373
CVE-2024-1655,0.02025,0.80161
CVE-2024-1656,0.00247,0.1625
CVE-2024-1657,0.00378,0.31708
CVE-2024-1658,0.00379,0.3181
CVE-2024-1659,0.00689,0.5137
CVE-2024-1660,0.00441,0.37792
CVE-2024-1661,0.00316,0.24784
CVE-2024-1662,0.0041,0.35023
CVE-2024-1663,0.00312,0.24311
CVE-2024-1664,0.00492,0.4135
CVE-2024-1666,0.00457,0.38954
CVE-2024-1668,0.00658,0.50095
CVE-2024-1669,0.00961,0.6013
CVE-2024-1670,0.09144,0.95092
CVE-2024-1671,0.00753,0.53614
CVE-2024-1672,0.00889,0.57844
CVE-2024-1673,0.00801,0.55143
CVE-2024-1674,0.00793,0.54866
CVE-2024-1675,0.10596,0.95584
CVE-2024-1676,0.18849,0.97163
CVE-2024-1677,0.00514,0.42793
CVE-2024-1678,0.00448,0.38335
CVE-2024-1679,0.00412,0.35209
CVE-2024-1680,0.00423,0.36303
CVE-2024-1681,0.00579,0.46366
CVE-2024-1682,0.00385,0.32404
CVE-2024-1683,0.0031,0.24033
CVE-2024-1684,0.00399,0.33963
CVE-2024-1685,0.00769,0.54122
CVE-2024-1686,0.00406,0.34697
CVE-2024-1687,0.00367,0.30605
CVE-2024-1688,0.00457,0.39003
CVE-2024-1689,0.00335,0.2705
CVE-2024-1690,0.00441,0.37752
CVE-2024-1691,0.00466,0.39568
CVE-2024-1692,0.00333,0.26728
CVE-2024-1693,0.0042,0.35938
CVE-2024-1694,0.00151,0.04657
CVE-2024-1695,0.00153,0.0483
CVE-2024-1696,0.00341,0.27698
CVE-2024-1697,0.0043,0.36809
CVE-2024-1698,0.77585,0.9954
CVE-2024-1700,0.00584,0.46643
CVE-2024-1701,0.00808,0.55384
CVE-2024-1702,0.00662,0.50294
CVE-2024-1703,0.00707,0.52035
CVE-2024-1704,0.00649,0.49739
CVE-2024-1705,0.00594,0.47121
CVE-2024-1706,0.00433,0.37145
CVE-2024-1707,0.00658,0.50112
CVE-2024-1708,0.9549,0.99869
CVE-2024-1709,0.9998,0.9998
CVE-2024-1710,0.00684,0.51177
CVE-2024-1711,0.00724,0.52619
CVE-2024-1712,0.00484,0.40822
CVE-2024-1713,0.00553,0.45058
CVE-2024-1714,0.00344,0.27997
CVE-2024-1716,0.00431,0.36913
CVE-2024-1717,0.00383,0.32286
CVE-2024-1718,0.002,0.10079
CVE-2024-1719,0.00297,0.22584
CVE-2024-1720,0.00547,0.44743
CVE-2024-1721,0.00107,0.0127
CVE-2024-1722,0.00771,0.54193
CVE-2024-1723,0.00501,0.41939
CVE-2024-1724,0.00306,0.23516
CVE-2024-1725,0.00631,0.48904
CVE-2024-1726,0.00721,0.52529
CVE-2024-1727,0.00352,0.28933
CVE-2024-1728,0.85393,0.99708
CVE-2024-1729,0.00501,0.41945
CVE-2024-1730,0.0034,0.27606
CVE-2024-1731,0.00851,0.567
CVE-2024-1732,0.00397,0.33774
CVE-2024-1733,0.00444,0.3807
CVE-2024-1735,0.00834,0.56166
CVE-2024-1736,0.00575,0.46216
CVE-2024-1737,0.02114,0.81034
CVE-2024-1738,0.0055,0.44919
CVE-2024-1739,0.00561,0.45526
CVE-2024-1740,0.00637,0.49189
CVE-2024-1741,0.00586,0.46753
CVE-2024-1742,0.00247,0.16344
CVE-2024-1743,0.00315,0.2468
CVE-2024-1744,0.00388,0.32821
CVE-2024-1745,0.00381,0.32007
CVE-2024-1746,0.00442,0.37897
CVE-2024-1747,0.00191,0.08999
CVE-2024-1748,0.00684,0.51163
CVE-2024-1749,0.00485,0.40865
CVE-2024-1750,0.0078,0.5446
CVE-2024-1751,0.03109,0.87227
CVE-2024-1752,0.00443,0.37945
CVE-2024-1753,0.0049,0.41262
CVE-2024-1754,0.0051,0.42518
CVE-2024-1755,0.00365,0.30347
CVE-2024-1756,0.00319,0.25075
CVE-2024-1758,0.00536,0.44138
CVE-2024-1759,0.0034,0.27555
CVE-2024-1760,0.00268,0.19159
CVE-2024-1761,0.00371,0.31006
CVE-2024-1762,0.00389,0.3286
CVE-2024-1763,0.0044,0.37723
CVE-2024-1764,0.00362,0.30114
CVE-2024-1765,0.01175,0.66203
CVE-2024-1766,0.00334,0.26837
CVE-2024-1767,0.0032,0.25278
CVE-2024-1768,0.00257,0.17634
CVE-2024-1769,0.00611,0.47952
CVE-2024-1770,0.00813,0.55528
CVE-2024-1771,0.00406,0.34685
CVE-2024-1772,0.0099,0.61046
CVE-2024-1773,0.00967,0.60285
CVE-2024-1774,0.00479,0.40507
CVE-2024-1775,0.0037,0.30932
CVE-2024-1776,0.00557,0.45314
CVE-2024-1777,0.00196,0.09671
CVE-2024-1778,0.00371,0.31057
CVE-2024-1779,0.00386,0.32564
CVE-2024-1780,0.00585,0.46711
CVE-2024-1781,0.14809,0.96533
CVE-2024-1782,0.00374,0.31311
CVE-2024-1783,0.02029,0.80199
CVE-2024-1784,0.00686,0.51251
CVE-2024-1785,0.00306,0.23579
CVE-2024-1786,0.02745,0.85551
CVE-2024-1787,0.00574,0.46181
CVE-2024-1789,0.00452,0.38637
CVE-2024-1790,0.00826,0.55914
CVE-2024-1791,0.00444,0.38058
CVE-2024-1792,0.00822,0.55801
CVE-2024-1793,0.0089,0.5786
CVE-2024-1794,0.00528,0.43684
CVE-2024-1795,0.00561,0.45476
CVE-2024-1796,0.00344,0.2799
CVE-2024-1797,0.0056,0.45439
CVE-2024-1798,0.00411,0.35051
CVE-2024-1799,0.00956,0.5994
CVE-2024-1800,0.40375,0.98582
CVE-2024-1801,0.00422,0.36198
CVE-2024-1802,0.0032,0.25277
CVE-2024-1803,0.0028,0.20742
CVE-2024-1804,0.00323,0.25555
CVE-2024-1805,0.0032,0.25234
CVE-2024-1806,0.00563,0.45639
CVE-2024-1807,0.00561,0.45519
CVE-2024-1808,0.0034,0.27555
CVE-2024-1809,0.00291,0.21874
CVE-2024-1810,0.00374,0.31352
CVE-2024-1811,0.00562,0.45541
CVE-2024-1812,0.00536,0.44168
CVE-2024-1813,0.01219,0.67356
CVE-2024-1814,0.00257,0.17659
CVE-2024-1815,0.00263,0.18497
CVE-2024-1816,0.00287,0.215
CVE-2024-1817,0.00777,0.54382
CVE-2024-1818,0.00672,0.50677
CVE-2024-1819,0.00672,0.50677
CVE-2024-1820,0.00579,0.46398
CVE-2024-1821,0.00537,0.44211
CVE-2024-1822,0.00424,0.36324
CVE-2024-1823,0.0068,0.51003
CVE-2024-1824,0.00579,0.46398
CVE-2024-1825,0.00484,0.40821
CVE-2024-1826,0.00579,0.46397
CVE-2024-1827,0.00701,0.51808
CVE-2024-1828,0.00731,0.5288
CVE-2024-1829,0.0076,0.53844
CVE-2024-1830,0.00813,0.55531
CVE-2024-1831,0.00731,0.5288
CVE-2024-1832,0.00881,0.57624
CVE-2024-1833,0.00908,0.58438
CVE-2024-1834,0.00571,0.46032
CVE-2024-1839,0.0054,0.44344
CVE-2024-1840,0.0032,0.25236
CVE-2024-1841,0.0032,0.25235
CVE-2024-1842,0.0032,0.2524
CVE-2024-1843,0.00533,0.43995
CVE-2024-1844,0.00415,0.35555
CVE-2024-1845,0.00286,0.21366
CVE-2024-1846,0.00501,0.41961
CVE-2024-1847,0.00338,0.27377
CVE-2024-1848,0.00269,0.19273
CVE-2024-1849,0.00495,0.41576
CVE-2024-1850,0.00515,0.42918
CVE-2024-1851,0.00289,0.21715
CVE-2024-1852,0.00675,0.50775
CVE-2024-1853,0.00198,0.09937
CVE-2024-1854,0.00423,0.36303
CVE-2024-1855,0.00436,0.37414
CVE-2024-1856,0.01129,0.64973
CVE-2024-1857,0.00275,0.20109
CVE-2024-1858,0.00531,0.43877
CVE-2024-1859,0.00816,0.55615
CVE-2024-1860,0.00375,0.31412
CVE-2024-1861,0.00361,0.2995
CVE-2024-1862,0.00673,0.50717
CVE-2024-1863,0.01134,0.65098
CVE-2024-1867,0.00399,0.33993
CVE-2024-1868,0.00399,0.33993
CVE-2024-1869,0.02328,0.82792
CVE-2024-1870,0.00406,0.34686
CVE-2024-1871,0.00505,0.42181
CVE-2024-1872,0.00893,0.57981
CVE-2024-1873,0.13389,0.96249
CVE-2024-1874,0.32568,0.98265
CVE-2024-1875,0.00854,0.56812
CVE-2024-1876,0.00729,0.52818
CVE-2024-1877,0.00628,0.48771
CVE-2024-1878,0.00628,0.4877
CVE-2024-1879,0.0052,0.43191
CVE-2024-1880,0.01017,0.61869
CVE-2024-1881,0.01427,0.71823
CVE-2024-1882,0.01411,0.71522
CVE-2024-1883,0.61472,0.99127
CVE-2024-1884,0.37934,0.98485
CVE-2024-1885,0.00924,0.5893
CVE-2024-1886,0.00797,0.54991
CVE-2024-1887,0.00331,0.26523
CVE-2024-1888,0.00331,0.26523
CVE-2024-1889,0.00305,0.23486
CVE-2024-1890,0.00476,0.40305
CVE-2024-1891,0.00302,0.23135
CVE-2024-1892,0.00557,0.45291
CVE-2024-1893,0.00773,0.54277
CVE-2024-1894,0.00512,0.42677
CVE-2024-1895,0.0085,0.56685
CVE-2024-1896,0.00912,0.58556
CVE-2024-1897,0.00868,0.5726
CVE-2024-1898,0.00204,0.10682
CVE-2024-1899,0.00806,0.55312
CVE-2024-1900,0.00228,0.1384
CVE-2024-1901,0.00339,0.27463
CVE-2024-1902,0.00387,0.32688
CVE-2024-1904,0.00468,0.3969
CVE-2024-1905,0.0047,0.39864
CVE-2024-1906,0.00202,0.10471
CVE-2024-1907,0.00202,0.10471
CVE-2024-1908,0.00606,0.4771
CVE-2024-1909,0.00202,0.1047
CVE-2024-1910,0.00202,0.1047
CVE-2024-1912,0.00202,0.10472
CVE-2024-1913,0.00691,0.51421
CVE-2024-1914,0.00711,0.52165
CVE-2024-1915,0.01044,0.62679
CVE-2024-1916,0.01066,0.63326
CVE-2024-1917,0.01066,0.63327
CVE-2024-1918,0.02333,0.8283
CVE-2024-1919,0.00546,0.44714
CVE-2024-1920,0.00748,0.53438
CVE-2024-1921,0.00607,0.47754
CVE-2024-1922,0.00515,0.42851
CVE-2024-1923,0.00829,0.56029
CVE-2024-1924,0.00475,0.40214
CVE-2024-1925,0.00597,0.47286
CVE-2024-1926,0.00634,0.49036
CVE-2024-1927,0.00755,0.53675
CVE-2024-1928,0.00714,0.52283
CVE-2024-1929,0.00286,0.21422
CVE-2024-1930,0.00297,0.2256
CVE-2024-1931,0.02516,0.84135
CVE-2024-1932,0.00383,0.32195
CVE-2024-1933,0.00209,0.11401
CVE-2024-1934,0.00718,0.52441
CVE-2024-1935,0.00685,0.51232
CVE-2024-1936,0.00682,0.511
CVE-2024-1937,0.00365,0.30414
CVE-2024-1938,0.00833,0.5614
CVE-2024-1939,0.02578,0.84539
CVE-2024-1940,0.00267,0.19139
CVE-2024-1941,0.00739,0.5313
CVE-2024-1942,0.0036,0.29782
CVE-2024-1943,0.0021,0.11572
CVE-2024-1945,0.00428,0.36662
CVE-2024-1946,0.00333,0.26694
CVE-2024-1947,0.00476,0.40309
CVE-2024-1948,0.00399,0.33963
CVE-2024-1949,0.00266,0.18773
CVE-2024-1950,0.01154,0.65622
CVE-2024-1951,0.01021,0.61969
CVE-2024-1952,0.00367,0.30561
CVE-2024-1953,0.00508,0.42418
CVE-2024-1954,0.00213,0.11938
CVE-2024-1955,0.00343,0.27933
CVE-2024-1956,0.00499,0.41782
CVE-2024-1957,0.00371,0.31057
CVE-2024-1958,0.00458,0.39075
CVE-2024-1959,0.0042,0.36001
CVE-2024-1960,0.00521,0.4323
CVE-2024-1961,0.01034,0.62398
CVE-2024-1962,0.0047,0.39837
CVE-2024-1963,0.00575,0.46216
CVE-2024-1965,0.0035,0.28675
CVE-2024-1968,0.00688,0.51328
CVE-2024-1969,0.00456,0.38896
CVE-2024-1970,0.00714,0.52263
CVE-2024-1971,0.00792,0.54857
CVE-2024-1972,0.00484,0.40823
CVE-2024-1973,0.00377,0.31573
CVE-2024-1974,0.01214,0.67244
CVE-2024-1975,0.02114,0.81033
CVE-2024-1976,0.00202,0.10509
CVE-2024-1977,0.0042,0.3596
CVE-2024-1978,0.00459,0.39098
CVE-2024-1979,0.00595,0.47155
CVE-2024-1981,0.01075,0.63553
CVE-2024-1982,0.00825,0.55892
CVE-2024-1983,0.00452,0.3866
CVE-2024-1984,0.00523,0.43364
CVE-2024-1985,0.00867,0.5721
CVE-2024-1986,0.01281,0.68788
CVE-2024-1987,0.00355,0.29341
CVE-2024-1988,0.00263,0.18446
CVE-2024-1989,0.00505,0.42212
CVE-2024-1990,0.00821,0.55777
CVE-2024-1991,0.00891,0.57924
CVE-2024-1993,0.0042,0.36
CVE-2024-1994,0.00341,0.27701
CVE-2024-1995,0.00576,0.46235
CVE-2024-1996,0.00399,0.33964
CVE-2024-1997,0.00413,0.35299
CVE-2024-1999,0.00531,0.43889
